$MeshFormat
4.1 0 8
$EndMeshFormat
$PhysicalNames
7
1 2 "2"
1 3 "3"
2 1 "1"
2 4 "4"
2 5 "5"
2 6 "6"
3 7 "10"
$EndPhysicalNames
$Entities
18 32 22 5
0 0 0 0 0 
1 0.115 0 0 0 
2 0 0.115 0 0 
3 -0.115 0 0 0 
4 0 -0.115 0 0 
5 0.215 0 0 0 
6 0 0.215 0 0 
7 -0.215 0 0 0 
8 0 -0.215 0 0 
9 0 0.115 0.5 0 
10 0 0 0.5 0 
11 0.115 0 0.5 0 
15 0.215 0 0.5 0 
20 0 0.215 0.5 0 
21 -0.115 0 0.5 0 
32 -0.215 0 0.5 0 
33 0 -0.115 0.5 0 
44 0 -0.215 0.5 0 
1 0 0 0 0.115 0.115 0 1 2 2 1 -2 
2 -0.115 0 0 0 0.115 0 1 2 2 2 -3 
3 -0.115 -0.115 0 0 0 0 1 2 2 3 -4 
4 0 -0.115 0 0.115 0 0 1 2 2 4 -1 
5 0 0 0 0.215 0.215 0 0 2 5 -6 
6 -0.215 0 0 0 0.215 0 0 2 6 -7 
7 -0.215 -0.215 0 0 0 0 0 2 7 -8 
8 0 -0.215 0 0.215 0 0 0 2 8 -5 
9 0.115 0 0 0.215 0 0 0 2 1 -5 
10 0 0.115 0 0 0.215 0 0 2 2 -6 
11 -0.215 0 0 -0.115 0 0 0 2 3 -7 
12 0 -0.215 0 0 -0.115 0 0 2 4 -8 
14 0 0 0.5 0.115 0.115 0.5 1 3 2 9 -11 
15 0.115 0 0.5 0.215 0 0.5 0 2 11 -15 
16 0 0 0.5 0.215 0.215 0.5 0 2 15 -20 
17 0 0.115 0.5 0 0.215 0.5 0 2 20 -9 
19 0 0.115 0 0 0.115 0.5 0 2 2 -9 
20 0.115 0 0 0.115 0 0.5 0 2 1 -11 
24 0.215 0 0 0.215 0 0.5 0 2 5 -15 
28 0 0.215 0 0 0.215 0.5 0 2 6 -20 
36 -0.115 0 0.5 0 0.115 0.5 1 3 2 21 -9 
38 -0.215 0 0.5 0 0.215 0.5 0 2 20 -32 
39 -0.215 0 0.5 -0.115 0 0.5 0 2 32 -21 
41 -0.115 0 0 -0.115 0 0.5 0 2 3 -21 
50 -0.215 0 0 -0.215 0 0.5 0 2 7 -32 
58 -0.115 -0.115 0.5 0 0 0.5 1 3 2 33 -21 
60 -0.215 -0.215 0.5 0 0 0.5 0 2 32 -44 
61 0 -0.215 0.5 0 -0.115 0.5 0 2 44 -33 
63 0 -0.115 0 0 -0.115 0.5 0 2 4 -33 
72 0 -0.215 0 0 -0.215 0.5 0 2 8 -44 
80 0 -0.115 0.5 0.115 0 0.5 1 3 2 11 -33 
82 0 -0.215 0.5 0.215 0 0.5 0 2 44 -15 
1 0 0 0 0.215 0.215 0 0 4 -1 9 5 -10 
2 -0.215 0 0 0 0.215 0 0 4 -2 10 6 -11 
3 -0.215 -0.215 0 0 0 0 0 4 -3 11 7 -12 
4 0 -0.215 0 0.215 0 0 0 4 -4 12 8 -9 
5 -0.115 -0.115 0 0.115 0.115 0 1 4 4 1 2 3 4 
21 0 0 0 0.115 0.115 0.5 1 6 4 -1 20 -14 -19 
25 0.115 0 0 0.215 0 0.5 0 4 9 24 -15 -20 
29 0 0 0 0.215 0.215 0.5 0 4 5 28 -16 -24 
33 0 0.115 0 0 0.215 0.5 0 4 -10 19 -17 -28 
34 0 0 0.5 0.215 0.215 0.5 0 4 14 15 16 17 
43 -0.115 0 0 0 0.115 0.5 1 6 4 -2 19 -36 -41 
51 -0.215 0 0 0 0.215 0.5 0 4 6 50 -38 -28 
55 -0.215 0 0 -0.115 0 0.5 0 4 -11 41 -39 -50 
56 -0.215 0 0.5 0 0.215 0.5 0 4 36 -17 38 39 
65 -0.115 -0.115 0 0 0 0.5 1 6 4 -3 41 -58 -63 
73 -0.215 -0.215 0 0 0 0.5 0 4 7 72 -60 -50 
77 0 -0.215 0 0 -0.115 0.5 0 4 -12 63 -61 -72 
78 -0.215 -0.215 0.5 0 0 0.5 0 4 58 -39 60 61 
87 0 -0.115 0 0.115 0 0.5 1 6 4 -4 63 -80 -20 
95 0 -0.215 0 0.215 0 0.5 0 4 8 24 -82 -72 
100 0 -0.215 0.5 0.215 0 0.5 0 4 80 -61 82 -15 
122 -0.115 -0.115 0.5 0.115 0.115 0.5 1 5 4 -14 -36 -58 -80 
1 0 0 0 0.215 0.215 0.5 0 6 -1 34 -21 25 29 -33 
2 -0.215 0 0 0 0.215 0.5 0 6 -2 56 -43 33 51 -55 
3 -0.215 -0.215 0 0 0 0.5 0 6 -3 78 -65 55 73 -77 
4 0 -0.215 0 0.215 0 0.5 0 6 -4 100 -87 77 95 -25 
5 -0.115 -0.115 0 0.115 0.115 0.5 1 7 6 -5 122 21 43 65 87 
$EndEntities
$Nodes
27 3587 1 3587
0 1 0 1
1
0.115 0 0
0 2 0 1
2
0 0.115 0
0 3 0 1
3
-0.115 0 0
0 4 0 1
4
0 -0.115 0
0 9 0 1
5
0 0.115 0.5
0 11 0 1
6
0.115 0 0.5
0 21 0 1
7
-0.115 0 0.5
0 33 0 1
8
0 -0.115 0.5
1 1 0 10
9
10
11
12
13
14
15
16
17
18
0.1138294658112476 0.01636620643661831 0
0.1103416919421265 0.03239924411693677 0
0.1046076794082827 0.04777272662109579 0
0.09674415617850401 0.06217369415845599 0
0.08691120089901572 0.07530898457880662 0
0.07530898422447818 0.08691120120604304 0
0.06217369384510332 0.09674415637988354 0
0.04777272635082112 0.104607679531713 0
0.0323992439282339 0.1103416919975346 0
0.01636620634603942 0.1138294658242709 0
1 2 0 10
19
20
21
22
23
24
25
26
27
28
-0.01636620643661831 0.1138294658112476 0
-0.03239924411693677 0.1103416919421265 0
-0.04777272662109579 0.1046076794082827 0
-0.06217369415845599 0.09674415617850401 0
-0.07530898457880662 0.08691120089901572 0
-0.08691120120604304 0.07530898422447818 0
-0.09674415637988354 0.06217369384510332 0
-0.104607679531713 0.04777272635082112 0
-0.1103416919975346 0.0323992439282339 0
-0.1138294658242709 0.01636620634603942 0
1 3 0 10
29
30
31
32
33
34
35
36
37
38
-0.1138294658112476 -0.01636620643661831 0
-0.1103416919421265 -0.03239924411693677 0
-0.1046076794082827 -0.04777272662109579 0
-0.09674415617850401 -0.06217369415845599 0
-0.08691120089901572 -0.07530898457880662 0
-0.07530898422447818 -0.08691120120604304 0
-0.06217369384510332 -0.09674415637988354 0
-0.04777272635082112 -0.104607679531713 0
-0.0323992439282339 -0.1103416919975346 0
-0.01636620634603942 -0.1138294658242709 0
1 4 0 10
39
40
41
42
43
44
45
46
47
48
0.01636620643661831 -0.1138294658112476 0
0.03239924411693677 -0.1103416919421265 0
0.04777272662109579 -0.1046076794082827 0
0.06217369415845599 -0.09674415617850401 0
0.07530898457880662 -0.08691120089901572 0
0.08691120120604304 -0.07530898422447818 0
0.09674415637988354 -0.06217369384510332 0
0.104607679531713 -0.04777272635082112 0
0.1103416919975346 -0.0323992439282339 0
0.1138294658242709 -0.01636620634603942 0
1 14 0 10
49
50
51
52
53
54
55
56
57
58
0.01636620634603942 0.1138294658242709 0.5
0.0323992439282339 0.1103416919975346 0.5
0.04777272635082112 0.104607679531713 0.5
0.06217369384510332 0.09674415637988354 0.5
0.07530898422447818 0.08691120120604304 0.5
0.08691120089901572 0.07530898457880662 0.5
0.09674415617850401 0.06217369415845599 0.5
0.1046076794082827 0.04777272662109579 0.5
0.1103416919421265 0.03239924411693677 0.5
0.1138294658112476 0.01636620643661831 0.5
1 19 0 15
59
60
61
62
63
64
65
66
67
68
69
70
71
72
73
0 0.115 0.03125
0 0.115 0.0625
0 0.115 0.09375
0 0.115 0.125
0 0.115 0.15625
0 0.115 0.1875
0 0.115 0.21875
0 0.115 0.25
0 0.115 0.28125
0 0.115 0.3125
0 0.115 0.34375
0 0.115 0.375
0 0.115 0.40625
0 0.115 0.4375
0 0.115 0.46875
1 20 0 15
74
75
76
77
78
79
80
81
82
83
84
85
86
87
88
0.115 0 0.03125
0.115 0 0.0625
0.115 0 0.09375
0.115 0 0.125
0.115 0 0.15625
0.115 0 0.1875
0.115 0 0.21875
0.115 0 0.25
0.115 0 0.28125
0.115 0 0.3125
0.115 0 0.34375
0.115 0 0.375
0.115 0 0.40625
0.115 0 0.4375
0.115 0 0.46875
1 36 0 10
89
90
91
92
93
94
95
96
97
98
-0.1138294658242709 0.01636620634603942 0.5
-0.1103416919975346 0.0323992439282339 0.5
-0.104607679531713 0.04777272635082112 0.5
-0.09674415637988354 0.06217369384510332 0.5
-0.08691120120604304 0.07530898422447818 0.5
-0.07530898457880662 0.08691120089901572 0.5
-0.06217369415845599 0.09674415617850401 0.5
-0.04777272662109579 0.1046076794082827 0.5
-0.03239924411693677 0.1103416919421265 0.5
-0.01636620643661831 0.1138294658112476 0.5
1 41 0 15
99
100
101
102
103
104
105
106
107
108
109
110
111
112
113
-0.115 0 0.03125
-0.115 0 0.0625
-0.115 0 0.09375
-0.115 0 0.125
-0.115 0 0.15625
-0.115 0 0.1875
-0.115 0 0.21875
-0.115 0 0.25
-0.115 0 0.28125
-0.115 0 0.3125
-0.115 0 0.34375
-0.115 0 0.375
-0.115 0 0.40625
-0.115 0 0.4375
-0.115 0 0.46875
1 58 0 10
114
115
116
117
118
119
120
121
122
123
-0.01636620634603942 -0.1138294658242709 0.5
-0.0323992439282339 -0.1103416919975346 0.5
-0.04777272635082112 -0.104607679531713 0.5
-0.06217369384510332 -0.09674415637988354 0.5
-0.07530898422447818 -0.08691120120604304 0.5
-0.08691120089901572 -0.07530898457880662 0.5
-0.09674415617850401 -0.06217369415845599 0.5
-0.1046076794082827 -0.04777272662109579 0.5
-0.1103416919421265 -0.03239924411693677 0.5
-0.1138294658112476 -0.01636620643661831 0.5
1 63 0 15
124
125
126
127
128
129
130
131
132
133
134
135
136
137
138
0 -0.115 0.03125
0 -0.115 0.0625
0 -0.115 0.09375
0 -0.115 0.125
0 -0.115 0.15625
0 -0.115 0.1875
0 -0.115 0.21875
0 -0.115 0.25
0 -0.115 0.28125
0 -0.115 0.3125
0 -0.115 0.34375
0 -0.115 0.375
0 -0.115 0.40625
0 -0.115 0.4375
0 -0.115 0.46875
1 80 0 10
139
140
141
142
143
144
145
146
147
148
0.1138294658242709 -0.01636620634603942 0.5
0.1103416919975346 -0.0323992439282339 0.5
0.104607679531713 -0.04777272635082112 0.5
0.09674415637988354 -0.06217369384510332 0.5
0.08691120120604304 -0.07530898422447818 0.5
0.07530898457880662 -0.08691120089901572 0.5
0.06217369415845599 -0.09674415617850401 0.5
0.04777272662109579 -0.1046076794082827 0.5
0.03239924411693677 -0.1103416919421265 0.5
0.01636620643661831 -0.1138294658112476 0.5
2 5 0 167
149
150
151
152
153
154
155
156
157
158
159
160
161
162
163
164
165
166
167
168
169
170
171
172
173
174
175
176
177
178
179
180
181
182
183
184
185
186
187
188
189
190
191
192
193
194
195
196
197
198
199
200
201
202
203
204
205
206
207
208
209
210
211
212
213
214
215
216
217
218
219
220
221
222
223
224
225
226
227
228
229
230
231
232
233
234
235
236
237
238
239
240
241
242
243
244
245
246
247
248
249
250
251
252
253
254
255
256
257
258
259
260
261
262
263
264
265
266
267
268
269
270
271
272
273
274
275
276
277
278
279
280
281
282
283
284
285
286
287
288
289
290
291
292
293
294
295
296
297
298
299
300
301
302
303
304
305
306
307
308
309
310
311
312
313
314
315
0.09966090783144217 -0.02412365403805637 0
-0.09731580162976222 0.02118232896898211 0
0.02117877644621752 0.09944347493353772 0
-0.02058853060210403 -0.09693864053404931 0
-0.04816319950953851 0.08820431406696436 0
-0.08839687015822963 -0.04844685711366383 0
0.04757631074702142 -0.08827507053811638 0
0.08892520271854393 0.04745558849389312 0
0.06234123263803194 0.08091164060327961 0
-0.08040649216096347 0.06021404689455515 0
-0.05954059430429211 -0.08298200259806042 0
0.08109693348096494 -0.05972815124205844 0
-0.008802127919094139 0.1013810644282718 0
-0.1002411824073554 -0.007169390877671025 0
0.006197135006744276 -0.102335516435314 0
0.1016161259533348 0.007791956021506057 0
-0.06210276852088954 0.08069685667407596 0
-0.04914721270709853 0.07227585092613682 0
-0.03452988276805437 0.07937067246456532 0
-0.03550688784035795 0.06320603241869187 0
-0.02069080991391348 0.0705539452559993 0
-0.02159122081504991 0.05419905423119092 0
-0.03643645587329182 0.04687229154152864 0
-0.02251365781270222 0.03782917307054752 0
-0.007830448912463149 0.0452098359052125 0
-0.008750542778007006 0.02882814134645345 0
-0.02339986224974813 0.02143978375860969 0
-0.009666655132230976 0.01244460481835477 0
0.004982619018703819 0.01983319910372094 0
0.004057546203953943 0.003451116000449153 0
-0.01059259002238735 -0.003937344116110557 0
0.003131283620122965 -0.01293077281244475 0
0.01778170101094423 -0.005542359124479657 0
-0.0115190509066156 -0.02031920053472454 0
0.002204735068294934 -0.02931261381305125 0
-0.02524279616152393 -0.01132579423143128 0
-0.01244564711654502 -0.03670103356519965 0
0.001278116300209099 -0.04569444294296643 0
0.01592851532720169 -0.03830602604688259 0
0.01500187979643191 -0.05468785232993867 0
0.02965227648134522 -0.04729943503206541 0
-0.01337227758617858 -0.05308286071333568 0
-0.02709603272984193 -0.04408945275408985 0
-0.02802267266426989 -0.06047127827991575 0
-0.0417464280081977 -0.05147787029202125 0
0.03057891826476421 -0.030917609815295 0
0.04430267491967108 -0.03991101803293575 0
0.04522931699423051 -0.02352919286899655 0
0.05895307294640232 -0.03252260096522348 0
0.0598797149549013 -0.01614077579132301 0
-0.04081978598032954 -0.03509604511752575 0
0.04615595917203503 -0.007147367716831502 0
0.06080635698214474 0.00024104938305884 0
0.04708260118961503 0.009234457458671236 0
0.06173299894678192 0.01662287457378331 0
0.04800924315431351 0.02561628265220545 0
-0.0554701831584747 -0.04248446233527142 0
-0.05454354124394132 -0.02610263713794268 0
0.04337603310590765 -0.05629284324338321 0
-0.01452390445604351 -0.06901856074992993 0
0.06250528179622915 0.03276915092933667 0
0.04891015859745652 0.04195884970059296 0
0.03428119961514449 0.0346031477097729 0
0.03520712694784276 0.05098388238435669 0
0.07598175259421688 0.02406167357522246 0
0.0630119608880146 0.04901707615415708 0
0.02056018241374257 0.04360073929138897 0
0.02148728229376785 0.05998325950019606 0
0.03585813109408121 0.06694509005023616 0
0.07374406896089547 -0.00870789592796079 0
-0.06879707523449526 -0.03288544846913656 0
-0.06820115299432274 -0.01700829478381326 0
-0.05360587519911134 -0.009703989583685181 0
-0.06732779363747078 -0.0007077777877471087 0
-0.05268922095077239 0.006662594518528899 0
-0.06667599225004479 0.01593834524490672 0
-0.05182051326871052 0.02311707859083091 0
-0.066511888320358 0.03304560052548512 0
-0.08291769466976862 -0.02449764620888567 0
-0.02880647241803517 -0.07971256297821211 0
-0.05586712154973682 -0.05805797068971407 0
-0.08125398744650038 0.008781300965213193 0
0.02281074659893987 0.07541729950176662 0
0.007827533008217872 0.06882325424705889 0
0.03672491089753775 0.08225602461764521 0
0.009515343972014791 0.08553155370346964 0
-0.01833405811841672 0.08778117598614205 0
-0.06382518089527942 0.06550191762674519 0
-0.05102717783365211 0.05599313610894901 0
-0.06619964512440388 0.04976382643405239 0
-0.08054215460164402 0.04259997793402023 0
-0.08155994565152488 0.02628055231956315 0
-0.005176901093499846 0.07726958670127149 0
-0.05151816405112944 0.03987057155924795 0
-0.006770644648066629 0.06144203156297757 0
-0.03711330388636037 0.03043149615464166 0
-0.03805091757385434 0.01406243007246685 0
0.005905813202450384 0.03621495038865171 0
0.01870800078289774 0.0108395225887974 0
-0.08512927760385647 -0.007937396327181892 0
0.0003139819930298477 -0.06200191481275108 0
0.01418226209059451 -0.07088443087852696 0
0.0493686357605234 0.0577107575102018 0
-0.04203127518642995 -0.06739323579829853 0
-0.0451923715565713 -0.08168612018176517 0
-0.001569679729961058 -0.07739545931071365 0
0.01685514747336389 -0.02192419920336092 0
0.07486187309406357 0.007968637084596712 0
0.02874347274824346 -0.06365038592609533 0
0.02863507883459267 -0.07983007003869115 0
0.0434877915670303 -0.0726245495334313 0
0.05709978914842504 -0.06528625135387391 0
0.07293519465410533 -0.02509638266439544 0
0.07372133009118181 -0.04388720156982522 0
0.08674958320205133 -0.03280029763835141 0
0.05802643110089753 -0.04890442616235403 0
0.03335805630155339 0.01822678740313964 0
-0.07205494988934052 -0.04944421309410812 0
-0.06959587398719913 -0.06911954225291164 0
0.03150554105804502 -0.0145357813945958 0
-0.02616940937812323 -0.02770762437341949 0
-0.0243198870935394 0.005058547574752968 0
-0.0389665014214917 -0.002332394853371654 0
-0.03989131823075351 -0.01871141421622934 0
0.0324319765858484 0.001845876535783555 0
0.0196326452224154 0.02721972441424526 0
0.006856055829713078 0.05256020264102421 0
0.06233600770514985 0.06509725404085241 0
0.03377959020777447 -0.09464321210583895 0
-0.03379381568291557 0.09519011639929721 0
0.0136767294190987 -0.08837909726511796 0
-0.006643174316502933 -0.09288371412766634 0
0.08776733307595661 -0.0004793201490619588 0
0.0762661682821935 0.03990556717301656 0
0.0924253880002571 0.03293974441513348 0
0.0782972276782372 0.05897772313952087 0
-0.09652187754195525 0.006418657624893088 0
0.08904824888951421 0.01573207858278977 0
0.05969758879719195 -0.08039669847049785 0
-0.09809614126140781 -0.02070331186286574 0
-0.09430387200540216 -0.03517760374994022 0
0.005961139793558394 0.1007533056660235 0
0.07129795613789426 -0.07088308448297027 0
-0.09444351637379651 0.03677184508188252 0
0.09033871357043873 -0.04722152643121286 0
0.1004840147208024 -0.008456774470476392 0
-0.03762134222506766 -0.09443815266954715 0
0.04945438364662606 0.09056894188441904 0
-0.0219390904547963 0.101704702913417 0
0.0204837810374345 -0.101905796711929 0
-0.01442635230452934 -0.08318978754011426 0
0.04923172530777591 0.0730757344058456 0
0.08689018374087554 -0.01661072081471706 0
0.03558796945486369 0.09578326748460897 0
-0.08274061022245781 -0.06089865823958924 0
0.101542716282542 0.02156695675610463 0
0.07303893062898258 0.07344136071370048 0
0.06767323961593401 -0.05766722070789769 0
-0.07406778902466898 0.07406778872270191 0
-0.0814631545925978 -0.03724583657619353 0
-0.09181166920764107 0.05014635172008373 0
-0.007501805274159047 -0.1046905918700353 0
0.09833971522663597 -0.03686348967733512 0
-0.002938278751817161 0.08995114357110374 0
-0.0542984095917973 -0.07113778450001329 0
-0.05046014565637109 -0.09209162227219385 0
0.02599777545974578 0.08748179194280434 0
2 21 0 150
316
317
318
319
320
321
322
323
324
325
326
327
328
329
330
331
332
333
334
335
336
337
338
339
340
341
342
343
344
345
346
347
348
349
350
351
352
353
354
355
356
357
358
359
360
361
362
363
364
365
366
367
368
369
370
371
372
373
374
375
376
377
378
379
380
381
382
383
384
385
386
387
388
389
390
391
392
393
394
395
396
397
398
399
400
401
402
403
404
405
406
407
408
409
410
411
412
413
414
415
416
417
418
419
420
421
422
423
424
425
426
427
428
429
430
431
432
433
434
435
436
437
438
439
440
441
442
443
444
445
446
447
448
449
450
451
452
453
454
455
456
457
458
459
460
461
462
463
464
465
0.1138294658112476 0.01636620643661831 0.03125
0.1138294658112476 0.01636620643661831 0.0625
0.1138294658112476 0.01636620643661831 0.09375
0.1138294658112476 0.01636620643661831 0.125
0.1138294658112476 0.01636620643661831 0.15625
0.1138294658112476 0.01636620643661831 0.1875
0.1138294658112476 0.01636620643661831 0.21875
0.1138294658112476 0.01636620643661831 0.25
0.1138294658112476 0.01636620643661831 0.28125
0.1138294658112476 0.01636620643661831 0.3125
0.1138294658112476 0.01636620643661831 0.34375
0.1138294658112476 0.01636620643661831 0.375
0.1138294658112476 0.01636620643661831 0.40625
0.1138294658112476 0.01636620643661831 0.4375
0.1138294658112476 0.01636620643661831 0.46875
0.1103416919421265 0.03239924411693677 0.03125
0.1103416919421265 0.03239924411693677 0.0625
0.1103416919421265 0.03239924411693677 0.09375
0.1103416919421265 0.03239924411693677 0.125
0.1103416919421265 0.03239924411693677 0.15625
0.1103416919421265 0.03239924411693677 0.1875
0.1103416919421265 0.03239924411693677 0.21875
0.1103416919421265 0.03239924411693677 0.25
0.1103416919421265 0.03239924411693677 0.28125
0.1103416919421265 0.03239924411693677 0.3125
0.1103416919421265 0.03239924411693677 0.34375
0.1103416919421265 0.03239924411693677 0.375
0.1103416919421265 0.03239924411693677 0.40625
0.1103416919421265 0.03239924411693677 0.4375
0.1103416919421265 0.03239924411693677 0.46875
0.1046076794082827 0.04777272662109579 0.03125
0.1046076794082827 0.04777272662109579 0.0625
0.1046076794082827 0.04777272662109579 0.09375
0.1046076794082827 0.04777272662109579 0.125
0.1046076794082827 0.04777272662109579 0.15625
0.1046076794082827 0.04777272662109579 0.1875
0.1046076794082827 0.04777272662109579 0.21875
0.1046076794082827 0.04777272662109579 0.25
0.1046076794082827 0.04777272662109579 0.28125
0.1046076794082827 0.04777272662109579 0.3125
0.1046076794082827 0.04777272662109579 0.34375
0.1046076794082827 0.04777272662109579 0.375
0.1046076794082827 0.04777272662109579 0.40625
0.1046076794082827 0.04777272662109579 0.4375
0.1046076794082827 0.04777272662109579 0.46875
0.09674415617850401 0.06217369415845599 0.03125
0.09674415617850401 0.06217369415845599 0.0625
0.09674415617850401 0.06217369415845599 0.09375
0.09674415617850401 0.06217369415845599 0.125
0.09674415617850401 0.06217369415845599 0.15625
0.09674415617850401 0.06217369415845599 0.1875
0.09674415617850401 0.06217369415845599 0.21875
0.09674415617850401 0.06217369415845599 0.25
0.09674415617850401 0.06217369415845599 0.28125
0.09674415617850401 0.06217369415845599 0.3125
0.09674415617850401 0.06217369415845599 0.34375
0.09674415617850401 0.06217369415845599 0.375
0.09674415617850401 0.06217369415845599 0.40625
0.09674415617850401 0.06217369415845599 0.4375
0.09674415617850401 0.06217369415845599 0.46875
0.08691120089901572 0.07530898457880662 0.03125
0.08691120089901572 0.07530898457880662 0.0625
0.08691120089901572 0.07530898457880662 0.09375
0.08691120089901572 0.07530898457880662 0.125
0.08691120089901572 0.07530898457880662 0.15625
0.08691120089901572 0.07530898457880662 0.1875
0.08691120089901572 0.07530898457880662 0.21875
0.08691120089901572 0.07530898457880662 0.25
0.08691120089901572 0.07530898457880662 0.28125
0.08691120089901572 0.07530898457880662 0.3125
0.08691120089901572 0.07530898457880662 0.34375
0.08691120089901572 0.07530898457880662 0.375
0.08691120089901572 0.07530898457880662 0.40625
0.08691120089901572 0.07530898457880662 0.4375
0.08691120089901572 0.07530898457880662 0.46875
0.07530898422447818 0.08691120120604304 0.03125
0.07530898422447818 0.08691120120604304 0.0625
0.07530898422447818 0.08691120120604304 0.09375
0.07530898422447818 0.08691120120604304 0.125
0.07530898422447818 0.08691120120604304 0.15625
0.07530898422447818 0.08691120120604304 0.1875
0.07530898422447818 0.08691120120604304 0.21875
0.07530898422447818 0.08691120120604304 0.25
0.07530898422447818 0.08691120120604304 0.28125
0.07530898422447818 0.08691120120604304 0.3125
0.07530898422447818 0.08691120120604304 0.34375
0.07530898422447818 0.08691120120604304 0.375
0.07530898422447818 0.08691120120604304 0.40625
0.07530898422447818 0.08691120120604304 0.4375
0.07530898422447818 0.08691120120604304 0.46875
0.06217369384510332 0.09674415637988354 0.03125
0.06217369384510332 0.09674415637988354 0.0625
0.06217369384510332 0.09674415637988354 0.09375
0.06217369384510332 0.09674415637988354 0.125
0.06217369384510332 0.09674415637988354 0.15625
0.06217369384510332 0.09674415637988354 0.1875
0.06217369384510332 0.09674415637988354 0.21875
0.06217369384510332 0.09674415637988354 0.25
0.06217369384510332 0.09674415637988354 0.28125
0.06217369384510332 0.09674415637988354 0.3125
0.06217369384510332 0.09674415637988354 0.34375
0.06217369384510332 0.09674415637988354 0.375
0.06217369384510332 0.09674415637988354 0.40625
0.06217369384510332 0.09674415637988354 0.4375
0.06217369384510332 0.09674415637988354 0.46875
0.04777272635082112 0.104607679531713 0.03125
0.04777272635082112 0.104607679531713 0.0625
0.04777272635082112 0.104607679531713 0.09375
0.04777272635082112 0.104607679531713 0.125
0.04777272635082112 0.104607679531713 0.15625
0.04777272635082112 0.104607679531713 0.1875
0.04777272635082112 0.104607679531713 0.21875
0.04777272635082112 0.104607679531713 0.25
0.04777272635082112 0.104607679531713 0.28125
0.04777272635082112 0.104607679531713 0.3125
0.04777272635082112 0.104607679531713 0.34375
0.04777272635082112 0.104607679531713 0.375
0.04777272635082112 0.104607679531713 0.40625
0.04777272635082112 0.104607679531713 0.4375
0.04777272635082112 0.104607679531713 0.46875
0.0323992439282339 0.1103416919975346 0.03125
0.0323992439282339 0.1103416919975346 0.0625
0.0323992439282339 0.1103416919975346 0.09375
0.0323992439282339 0.1103416919975346 0.125
0.0323992439282339 0.1103416919975346 0.15625
0.0323992439282339 0.1103416919975346 0.1875
0.0323992439282339 0.1103416919975346 0.21875
0.0323992439282339 0.1103416919975346 0.25
0.0323992439282339 0.1103416919975346 0.28125
0.0323992439282339 0.1103416919975346 0.3125
0.0323992439282339 0.1103416919975346 0.34375
0.0323992439282339 0.1103416919975346 0.375
0.0323992439282339 0.1103416919975346 0.40625
0.0323992439282339 0.1103416919975346 0.4375
0.0323992439282339 0.1103416919975346 0.46875
0.01636620634603942 0.1138294658242709 0.03125
0.01636620634603942 0.1138294658242709 0.0625
0.01636620634603942 0.1138294658242709 0.09375
0.01636620634603942 0.1138294658242709 0.125
0.01636620634603942 0.1138294658242709 0.15625
0.01636620634603942 0.1138294658242709 0.1875
0.01636620634603942 0.1138294658242709 0.21875
0.01636620634603942 0.1138294658242709 0.25
0.01636620634603942 0.1138294658242709 0.28125
0.01636620634603942 0.1138294658242709 0.3125
0.01636620634603942 0.1138294658242709 0.34375
0.01636620634603942 0.1138294658242709 0.375
0.01636620634603942 0.1138294658242709 0.40625
0.01636620634603942 0.1138294658242709 0.4375
0.01636620634603942 0.1138294658242709 0.46875
2 43 0 150
466
467
468
469
470
471
472
473
474
475
476
477
478
479
480
481
482
483
484
485
486
487
488
489
490
491
492
493
494
495
496
497
498
499
500
501
502
503
504
505
506
507
508
509
510
511
512
513
514
515
516
517
518
519
520
521
522
523
524
525
526
527
528
529
530
531
532
533
534
535
536
537
538
539
540
541
542
543
544
545
546
547
548
549
550
551
552
553
554
555
556
557
558
559
560
561
562
563
564
565
566
567
568
569
570
571
572
573
574
575
576
577
578
579
580
581
582
583
584
585
586
587
588
589
590
591
592
593
594
595
596
597
598
599
600
601
602
603
604
605
606
607
608
609
610
611
612
613
614
615
-0.01636620643661831 0.1138294658112476 0.03125
-0.01636620643661831 0.1138294658112476 0.0625
-0.01636620643661831 0.1138294658112476 0.09375
-0.01636620643661831 0.1138294658112476 0.125
-0.01636620643661831 0.1138294658112476 0.15625
-0.01636620643661831 0.1138294658112476 0.1875
-0.01636620643661831 0.1138294658112476 0.21875
-0.01636620643661831 0.1138294658112476 0.25
-0.01636620643661831 0.1138294658112476 0.28125
-0.01636620643661831 0.1138294658112476 0.3125
-0.01636620643661831 0.1138294658112476 0.34375
-0.01636620643661831 0.1138294658112476 0.375
-0.01636620643661831 0.1138294658112476 0.40625
-0.01636620643661831 0.1138294658112476 0.4375
-0.01636620643661831 0.1138294658112476 0.46875
-0.03239924411693677 0.1103416919421265 0.03125
-0.03239924411693677 0.1103416919421265 0.0625
-0.03239924411693677 0.1103416919421265 0.09375
-0.03239924411693677 0.1103416919421265 0.125
-0.03239924411693677 0.1103416919421265 0.15625
-0.03239924411693677 0.1103416919421265 0.1875
-0.03239924411693677 0.1103416919421265 0.21875
-0.03239924411693677 0.1103416919421265 0.25
-0.03239924411693677 0.1103416919421265 0.28125
-0.03239924411693677 0.1103416919421265 0.3125
-0.03239924411693677 0.1103416919421265 0.34375
-0.03239924411693677 0.1103416919421265 0.375
-0.03239924411693677 0.1103416919421265 0.40625
-0.03239924411693677 0.1103416919421265 0.4375
-0.03239924411693677 0.1103416919421265 0.46875
-0.04777272662109579 0.1046076794082827 0.03125
-0.04777272662109579 0.1046076794082827 0.0625
-0.04777272662109579 0.1046076794082827 0.09375
-0.04777272662109579 0.1046076794082827 0.125
-0.04777272662109579 0.1046076794082827 0.15625
-0.04777272662109579 0.1046076794082827 0.1875
-0.04777272662109579 0.1046076794082827 0.21875
-0.04777272662109579 0.1046076794082827 0.25
-0.04777272662109579 0.1046076794082827 0.28125
-0.04777272662109579 0.1046076794082827 0.3125
-0.04777272662109579 0.1046076794082827 0.34375
-0.04777272662109579 0.1046076794082827 0.375
-0.04777272662109579 0.1046076794082827 0.40625
-0.04777272662109579 0.1046076794082827 0.4375
-0.04777272662109579 0.1046076794082827 0.46875
-0.06217369415845599 0.09674415617850401 0.03125
-0.06217369415845599 0.09674415617850401 0.0625
-0.06217369415845599 0.09674415617850401 0.09375
-0.06217369415845599 0.09674415617850401 0.125
-0.06217369415845599 0.09674415617850401 0.15625
-0.06217369415845599 0.09674415617850401 0.1875
-0.06217369415845599 0.09674415617850401 0.21875
-0.06217369415845599 0.09674415617850401 0.25
-0.06217369415845599 0.09674415617850401 0.28125
-0.06217369415845599 0.09674415617850401 0.3125
-0.06217369415845599 0.09674415617850401 0.34375
-0.06217369415845599 0.09674415617850401 0.375
-0.06217369415845599 0.09674415617850401 0.40625
-0.06217369415845599 0.09674415617850401 0.4375
-0.06217369415845599 0.09674415617850401 0.46875
-0.07530898457880662 0.08691120089901572 0.03125
-0.07530898457880662 0.08691120089901572 0.0625
-0.07530898457880662 0.08691120089901572 0.09375
-0.07530898457880662 0.08691120089901572 0.125
-0.07530898457880662 0.08691120089901572 0.15625
-0.07530898457880662 0.08691120089901572 0.1875
-0.07530898457880662 0.08691120089901572 0.21875
-0.07530898457880662 0.08691120089901572 0.25
-0.07530898457880662 0.08691120089901572 0.28125
-0.07530898457880662 0.08691120089901572 0.3125
-0.07530898457880662 0.08691120089901572 0.34375
-0.07530898457880662 0.08691120089901572 0.375
-0.07530898457880662 0.08691120089901572 0.40625
-0.07530898457880662 0.08691120089901572 0.4375
-0.07530898457880662 0.08691120089901572 0.46875
-0.08691120120604304 0.07530898422447818 0.03125
-0.08691120120604304 0.07530898422447818 0.0625
-0.08691120120604304 0.07530898422447818 0.09375
-0.08691120120604304 0.07530898422447818 0.125
-0.08691120120604304 0.07530898422447818 0.15625
-0.08691120120604304 0.07530898422447818 0.1875
-0.08691120120604304 0.07530898422447818 0.21875
-0.08691120120604304 0.07530898422447818 0.25
-0.08691120120604304 0.07530898422447818 0.28125
-0.08691120120604304 0.07530898422447818 0.3125
-0.08691120120604304 0.07530898422447818 0.34375
-0.08691120120604304 0.07530898422447818 0.375
-0.08691120120604304 0.07530898422447818 0.40625
-0.08691120120604304 0.07530898422447818 0.4375
-0.08691120120604304 0.07530898422447818 0.46875
-0.09674415637988354 0.06217369384510332 0.03125
-0.09674415637988354 0.06217369384510332 0.0625
-0.09674415637988354 0.06217369384510332 0.09375
-0.09674415637988354 0.06217369384510332 0.125
-0.09674415637988354 0.06217369384510332 0.15625
-0.09674415637988354 0.06217369384510332 0.1875
-0.09674415637988354 0.06217369384510332 0.21875
-0.09674415637988354 0.06217369384510332 0.25
-0.09674415637988354 0.06217369384510332 0.28125
-0.09674415637988354 0.06217369384510332 0.3125
-0.09674415637988354 0.06217369384510332 0.34375
-0.09674415637988354 0.06217369384510332 0.375
-0.09674415637988354 0.06217369384510332 0.40625
-0.09674415637988354 0.06217369384510332 0.4375
-0.09674415637988354 0.06217369384510332 0.46875
-0.104607679531713 0.04777272635082112 0.03125
-0.104607679531713 0.04777272635082112 0.0625
-0.104607679531713 0.04777272635082112 0.09375
-0.104607679531713 0.04777272635082112 0.125
-0.104607679531713 0.04777272635082112 0.15625
-0.104607679531713 0.04777272635082112 0.1875
-0.104607679531713 0.04777272635082112 0.21875
-0.104607679531713 0.04777272635082112 0.25
-0.104607679531713 0.04777272635082112 0.28125
-0.104607679531713 0.04777272635082112 0.3125
-0.104607679531713 0.04777272635082112 0.34375
-0.104607679531713 0.04777272635082112 0.375
-0.104607679531713 0.04777272635082112 0.40625
-0.104607679531713 0.04777272635082112 0.4375
-0.104607679531713 0.04777272635082112 0.46875
-0.1103416919975346 0.0323992439282339 0.03125
-0.1103416919975346 0.0323992439282339 0.0625
-0.1103416919975346 0.0323992439282339 0.09375
-0.1103416919975346 0.0323992439282339 0.125
-0.1103416919975346 0.0323992439282339 0.15625
-0.1103416919975346 0.0323992439282339 0.1875
-0.1103416919975346 0.0323992439282339 0.21875
-0.1103416919975346 0.0323992439282339 0.25
-0.1103416919975346 0.0323992439282339 0.28125
-0.1103416919975346 0.0323992439282339 0.3125
-0.1103416919975346 0.0323992439282339 0.34375
-0.1103416919975346 0.0323992439282339 0.375
-0.1103416919975346 0.0323992439282339 0.40625
-0.1103416919975346 0.0323992439282339 0.4375
-0.1103416919975346 0.0323992439282339 0.46875
-0.1138294658242709 0.01636620634603942 0.03125
-0.1138294658242709 0.01636620634603942 0.0625
-0.1138294658242709 0.01636620634603942 0.09375
-0.1138294658242709 0.01636620634603942 0.125
-0.1138294658242709 0.01636620634603942 0.15625
-0.1138294658242709 0.01636620634603942 0.1875
-0.1138294658242709 0.01636620634603942 0.21875
-0.1138294658242709 0.01636620634603942 0.25
-0.1138294658242709 0.01636620634603942 0.28125
-0.1138294658242709 0.01636620634603942 0.3125
-0.1138294658242709 0.01636620634603942 0.34375
-0.1138294658242709 0.01636620634603942 0.375
-0.1138294658242709 0.01636620634603942 0.40625
-0.1138294658242709 0.01636620634603942 0.4375
-0.1138294658242709 0.01636620634603942 0.46875
2 65 0 150
616
617
618
619
620
621
622
623
624
625
626
627
628
629
630
631
632
633
634
635
636
637
638
639
640
641
642
643
644
645
646
647
648
649
650
651
652
653
654
655
656
657
658
659
660
661
662
663
664
665
666
667
668
669
670
671
672
673
674
675
676
677
678
679
680
681
682
683
684
685
686
687
688
689
690
691
692
693
694
695
696
697
698
699
700
701
702
703
704
705
706
707
708
709
710
711
712
713
714
715
716
717
718
719
720
721
722
723
724
725
726
727
728
729
730
731
732
733
734
735
736
737
738
739
740
741
742
743
744
745
746
747
748
749
750
751
752
753
754
755
756
757
758
759
760
761
762
763
764
765
-0.1138294658112476 -0.01636620643661831 0.03125
-0.1138294658112476 -0.01636620643661831 0.0625
-0.1138294658112476 -0.01636620643661831 0.09375
-0.1138294658112476 -0.01636620643661831 0.125
-0.1138294658112476 -0.01636620643661831 0.15625
-0.1138294658112476 -0.01636620643661831 0.1875
-0.1138294658112476 -0.01636620643661831 0.21875
-0.1138294658112476 -0.01636620643661831 0.25
-0.1138294658112476 -0.01636620643661831 0.28125
-0.1138294658112476 -0.01636620643661831 0.3125
-0.1138294658112476 -0.01636620643661831 0.34375
-0.1138294658112476 -0.01636620643661831 0.375
-0.1138294658112476 -0.01636620643661831 0.40625
-0.1138294658112476 -0.01636620643661831 0.4375
-0.1138294658112476 -0.01636620643661831 0.46875
-0.1103416919421265 -0.03239924411693677 0.03125
-0.1103416919421265 -0.03239924411693677 0.0625
-0.1103416919421265 -0.03239924411693677 0.09375
-0.1103416919421265 -0.03239924411693677 0.125
-0.1103416919421265 -0.03239924411693677 0.15625
-0.1103416919421265 -0.03239924411693677 0.1875
-0.1103416919421265 -0.03239924411693677 0.21875
-0.1103416919421265 -0.03239924411693677 0.25
-0.1103416919421265 -0.03239924411693677 0.28125
-0.1103416919421265 -0.03239924411693677 0.3125
-0.1103416919421265 -0.03239924411693677 0.34375
-0.1103416919421265 -0.03239924411693677 0.375
-0.1103416919421265 -0.03239924411693677 0.40625
-0.1103416919421265 -0.03239924411693677 0.4375
-0.1103416919421265 -0.03239924411693677 0.46875
-0.1046076794082827 -0.04777272662109579 0.03125
-0.1046076794082827 -0.04777272662109579 0.0625
-0.1046076794082827 -0.04777272662109579 0.09375
-0.1046076794082827 -0.04777272662109579 0.125
-0.1046076794082827 -0.04777272662109579 0.15625
-0.1046076794082827 -0.04777272662109579 0.1875
-0.1046076794082827 -0.04777272662109579 0.21875
-0.1046076794082827 -0.04777272662109579 0.25
-0.1046076794082827 -0.04777272662109579 0.28125
-0.1046076794082827 -0.04777272662109579 0.3125
-0.1046076794082827 -0.04777272662109579 0.34375
-0.1046076794082827 -0.04777272662109579 0.375
-0.1046076794082827 -0.04777272662109579 0.40625
-0.1046076794082827 -0.04777272662109579 0.4375
-0.1046076794082827 -0.04777272662109579 0.46875
-0.09674415617850401 -0.06217369415845599 0.03125
-0.09674415617850401 -0.06217369415845599 0.0625
-0.09674415617850401 -0.06217369415845599 0.09375
-0.09674415617850401 -0.06217369415845599 0.125
-0.09674415617850401 -0.06217369415845599 0.15625
-0.09674415617850401 -0.06217369415845599 0.1875
-0.09674415617850401 -0.06217369415845599 0.21875
-0.09674415617850401 -0.06217369415845599 0.25
-0.09674415617850401 -0.06217369415845599 0.28125
-0.09674415617850401 -0.06217369415845599 0.3125
-0.09674415617850401 -0.06217369415845599 0.34375
-0.09674415617850401 -0.06217369415845599 0.375
-0.09674415617850401 -0.06217369415845599 0.40625
-0.09674415617850401 -0.06217369415845599 0.4375
-0.09674415617850401 -0.06217369415845599 0.46875
-0.08691120089901572 -0.07530898457880662 0.03125
-0.08691120089901572 -0.07530898457880662 0.0625
-0.08691120089901572 -0.07530898457880662 0.09375
-0.08691120089901572 -0.07530898457880662 0.125
-0.08691120089901572 -0.07530898457880662 0.15625
-0.08691120089901572 -0.07530898457880662 0.1875
-0.08691120089901572 -0.07530898457880662 0.21875
-0.08691120089901572 -0.07530898457880662 0.25
-0.08691120089901572 -0.07530898457880662 0.28125
-0.08691120089901572 -0.07530898457880662 0.3125
-0.08691120089901572 -0.07530898457880662 0.34375
-0.08691120089901572 -0.07530898457880662 0.375
-0.08691120089901572 -0.07530898457880662 0.40625
-0.08691120089901572 -0.07530898457880662 0.4375
-0.08691120089901572 -0.07530898457880662 0.46875
-0.07530898422447818 -0.08691120120604304 0.03125
-0.07530898422447818 -0.08691120120604304 0.0625
-0.07530898422447818 -0.08691120120604304 0.09375
-0.07530898422447818 -0.08691120120604304 0.125
-0.07530898422447818 -0.08691120120604304 0.15625
-0.07530898422447818 -0.08691120120604304 0.1875
-0.07530898422447818 -0.08691120120604304 0.21875
-0.07530898422447818 -0.08691120120604304 0.25
-0.07530898422447818 -0.08691120120604304 0.28125
-0.07530898422447818 -0.08691120120604304 0.3125
-0.07530898422447818 -0.08691120120604304 0.34375
-0.07530898422447818 -0.08691120120604304 0.375
-0.07530898422447818 -0.08691120120604304 0.40625
-0.07530898422447818 -0.08691120120604304 0.4375
-0.07530898422447818 -0.08691120120604304 0.46875
-0.06217369384510332 -0.09674415637988354 0.03125
-0.06217369384510332 -0.09674415637988354 0.0625
-0.06217369384510332 -0.09674415637988354 0.09375
-0.06217369384510332 -0.09674415637988354 0.125
-0.06217369384510332 -0.09674415637988354 0.15625
-0.06217369384510332 -0.09674415637988354 0.1875
-0.06217369384510332 -0.09674415637988354 0.21875
-0.06217369384510332 -0.09674415637988354 0.25
-0.06217369384510332 -0.09674415637988354 0.28125
-0.06217369384510332 -0.09674415637988354 0.3125
-0.06217369384510332 -0.09674415637988354 0.34375
-0.06217369384510332 -0.09674415637988354 0.375
-0.06217369384510332 -0.09674415637988354 0.40625
-0.06217369384510332 -0.09674415637988354 0.4375
-0.06217369384510332 -0.09674415637988354 0.46875
-0.04777272635082112 -0.104607679531713 0.03125
-0.04777272635082112 -0.104607679531713 0.0625
-0.04777272635082112 -0.104607679531713 0.09375
-0.04777272635082112 -0.104607679531713 0.125
-0.04777272635082112 -0.104607679531713 0.15625
-0.04777272635082112 -0.104607679531713 0.1875
-0.04777272635082112 -0.104607679531713 0.21875
-0.04777272635082112 -0.104607679531713 0.25
-0.04777272635082112 -0.104607679531713 0.28125
-0.04777272635082112 -0.104607679531713 0.3125
-0.04777272635082112 -0.104607679531713 0.34375
-0.04777272635082112 -0.104607679531713 0.375
-0.04777272635082112 -0.104607679531713 0.40625
-0.04777272635082112 -0.104607679531713 0.4375
-0.04777272635082112 -0.104607679531713 0.46875
-0.0323992439282339 -0.1103416919975346 0.03125
-0.0323992439282339 -0.1103416919975346 0.0625
-0.0323992439282339 -0.1103416919975346 0.09375
-0.0323992439282339 -0.1103416919975346 0.125
-0.0323992439282339 -0.1103416919975346 0.15625
-0.0323992439282339 -0.1103416919975346 0.1875
-0.0323992439282339 -0.1103416919975346 0.21875
-0.0323992439282339 -0.1103416919975346 0.25
-0.0323992439282339 -0.1103416919975346 0.28125
-0.0323992439282339 -0.1103416919975346 0.3125
-0.0323992439282339 -0.1103416919975346 0.34375
-0.0323992439282339 -0.1103416919975346 0.375
-0.0323992439282339 -0.1103416919975346 0.40625
-0.0323992439282339 -0.1103416919975346 0.4375
-0.0323992439282339 -0.1103416919975346 0.46875
-0.01636620634603942 -0.1138294658242709 0.03125
-0.01636620634603942 -0.1138294658242709 0.0625
-0.01636620634603942 -0.1138294658242709 0.09375
-0.01636620634603942 -0.1138294658242709 0.125
-0.01636620634603942 -0.1138294658242709 0.15625
-0.01636620634603942 -0.1138294658242709 0.1875
-0.01636620634603942 -0.1138294658242709 0.21875
-0.01636620634603942 -0.1138294658242709 0.25
-0.01636620634603942 -0.1138294658242709 0.28125
-0.01636620634603942 -0.1138294658242709 0.3125
-0.01636620634603942 -0.1138294658242709 0.34375
-0.01636620634603942 -0.1138294658242709 0.375
-0.01636620634603942 -0.1138294658242709 0.40625
-0.01636620634603942 -0.1138294658242709 0.4375
-0.01636620634603942 -0.1138294658242709 0.46875
2 87 0 150
766
767
768
769
770
771
772
773
774
775
776
777
778
779
780
781
782
783
784
785
786
787
788
789
790
791
792
793
794
795
796
797
798
799
800
801
802
803
804
805
806
807
808
809
810
811
812
813
814
815
816
817
818
819
820
821
822
823
824
825
826
827
828
829
830
831
832
833
834
835
836
837
838
839
840
841
842
843
844
845
846
847
848
849
850
851
852
853
854
855
856
857
858
859
860
861
862
863
864
865
866
867
868
869
870
871
872
873
874
875
876
877
878
879
880
881
882
883
884
885
886
887
888
889
890
891
892
893
894
895
896
897
898
899
900
901
902
903
904
905
906
907
908
909
910
911
912
913
914
915
0.01636620643661831 -0.1138294658112476 0.03125
0.01636620643661831 -0.1138294658112476 0.0625
0.01636620643661831 -0.1138294658112476 0.09375
0.01636620643661831 -0.1138294658112476 0.125
0.01636620643661831 -0.1138294658112476 0.15625
0.01636620643661831 -0.1138294658112476 0.1875
0.01636620643661831 -0.1138294658112476 0.21875
0.01636620643661831 -0.1138294658112476 0.25
0.01636620643661831 -0.1138294658112476 0.28125
0.01636620643661831 -0.1138294658112476 0.3125
0.01636620643661831 -0.1138294658112476 0.34375
0.01636620643661831 -0.1138294658112476 0.375
0.01636620643661831 -0.1138294658112476 0.40625
0.01636620643661831 -0.1138294658112476 0.4375
0.01636620643661831 -0.1138294658112476 0.46875
0.03239924411693677 -0.1103416919421265 0.03125
0.03239924411693677 -0.1103416919421265 0.0625
0.03239924411693677 -0.1103416919421265 0.09375
0.03239924411693677 -0.1103416919421265 0.125
0.03239924411693677 -0.1103416919421265 0.15625
0.03239924411693677 -0.1103416919421265 0.1875
0.03239924411693677 -0.1103416919421265 0.21875
0.03239924411693677 -0.1103416919421265 0.25
0.03239924411693677 -0.1103416919421265 0.28125
0.03239924411693677 -0.1103416919421265 0.3125
0.03239924411693677 -0.1103416919421265 0.34375
0.03239924411693677 -0.1103416919421265 0.375
0.03239924411693677 -0.1103416919421265 0.40625
0.03239924411693677 -0.1103416919421265 0.4375
0.03239924411693677 -0.1103416919421265 0.46875
0.04777272662109579 -0.1046076794082827 0.03125
0.04777272662109579 -0.1046076794082827 0.0625
0.04777272662109579 -0.1046076794082827 0.09375
0.04777272662109579 -0.1046076794082827 0.125
0.04777272662109579 -0.1046076794082827 0.15625
0.04777272662109579 -0.1046076794082827 0.1875
0.04777272662109579 -0.1046076794082827 0.21875
0.04777272662109579 -0.1046076794082827 0.25
0.04777272662109579 -0.1046076794082827 0.28125
0.04777272662109579 -0.1046076794082827 0.3125
0.04777272662109579 -0.1046076794082827 0.34375
0.04777272662109579 -0.1046076794082827 0.375
0.04777272662109579 -0.1046076794082827 0.40625
0.04777272662109579 -0.1046076794082827 0.4375
0.04777272662109579 -0.1046076794082827 0.46875
0.06217369415845599 -0.09674415617850401 0.03125
0.06217369415845599 -0.09674415617850401 0.0625
0.06217369415845599 -0.09674415617850401 0.09375
0.06217369415845599 -0.09674415617850401 0.125
0.06217369415845599 -0.09674415617850401 0.15625
0.06217369415845599 -0.09674415617850401 0.1875
0.06217369415845599 -0.09674415617850401 0.21875
0.06217369415845599 -0.09674415617850401 0.25
0.06217369415845599 -0.09674415617850401 0.28125
0.06217369415845599 -0.09674415617850401 0.3125
0.06217369415845599 -0.09674415617850401 0.34375
0.06217369415845599 -0.09674415617850401 0.375
0.06217369415845599 -0.09674415617850401 0.40625
0.06217369415845599 -0.09674415617850401 0.4375
0.06217369415845599 -0.09674415617850401 0.46875
0.07530898457880662 -0.08691120089901572 0.03125
0.07530898457880662 -0.08691120089901572 0.0625
0.07530898457880662 -0.08691120089901572 0.09375
0.07530898457880662 -0.08691120089901572 0.125
0.07530898457880662 -0.08691120089901572 0.15625
0.07530898457880662 -0.08691120089901572 0.1875
0.07530898457880662 -0.08691120089901572 0.21875
0.07530898457880662 -0.08691120089901572 0.25
0.07530898457880662 -0.08691120089901572 0.28125
0.07530898457880662 -0.08691120089901572 0.3125
0.07530898457880662 -0.08691120089901572 0.34375
0.07530898457880662 -0.08691120089901572 0.375
0.07530898457880662 -0.08691120089901572 0.40625
0.07530898457880662 -0.08691120089901572 0.4375
0.07530898457880662 -0.08691120089901572 0.46875
0.08691120120604304 -0.07530898422447818 0.03125
0.08691120120604304 -0.07530898422447818 0.0625
0.08691120120604304 -0.07530898422447818 0.09375
0.08691120120604304 -0.07530898422447818 0.125
0.08691120120604304 -0.07530898422447818 0.15625
0.08691120120604304 -0.07530898422447818 0.1875
0.08691120120604304 -0.07530898422447818 0.21875
0.08691120120604304 -0.07530898422447818 0.25
0.08691120120604304 -0.07530898422447818 0.28125
0.08691120120604304 -0.07530898422447818 0.3125
0.08691120120604304 -0.07530898422447818 0.34375
0.08691120120604304 -0.07530898422447818 0.375
0.08691120120604304 -0.07530898422447818 0.40625
0.08691120120604304 -0.07530898422447818 0.4375
0.08691120120604304 -0.07530898422447818 0.46875
0.09674415637988354 -0.06217369384510332 0.03125
0.09674415637988354 -0.06217369384510332 0.0625
0.09674415637988354 -0.06217369384510332 0.09375
0.09674415637988354 -0.06217369384510332 0.125
0.09674415637988354 -0.06217369384510332 0.15625
0.09674415637988354 -0.06217369384510332 0.1875
0.09674415637988354 -0.06217369384510332 0.21875
0.09674415637988354 -0.06217369384510332 0.25
0.09674415637988354 -0.06217369384510332 0.28125
0.09674415637988354 -0.06217369384510332 0.3125
0.09674415637988354 -0.06217369384510332 0.34375
0.09674415637988354 -0.06217369384510332 0.375
0.09674415637988354 -0.06217369384510332 0.40625
0.09674415637988354 -0.06217369384510332 0.4375
0.09674415637988354 -0.06217369384510332 0.46875
0.104607679531713 -0.04777272635082112 0.03125
0.104607679531713 -0.04777272635082112 0.0625
0.104607679531713 -0.04777272635082112 0.09375
0.104607679531713 -0.04777272635082112 0.125
0.104607679531713 -0.04777272635082112 0.15625
0.104607679531713 -0.04777272635082112 0.1875
0.104607679531713 -0.04777272635082112 0.21875
0.104607679531713 -0.04777272635082112 0.25
0.104607679531713 -0.04777272635082112 0.28125
0.104607679531713 -0.04777272635082112 0.3125
0.104607679531713 -0.04777272635082112 0.34375
0.104607679531713 -0.04777272635082112 0.375
0.104607679531713 -0.04777272635082112 0.40625
0.104607679531713 -0.04777272635082112 0.4375
0.104607679531713 -0.04777272635082112 0.46875
0.1103416919975346 -0.0323992439282339 0.03125
0.1103416919975346 -0.0323992439282339 0.0625
0.1103416919975346 -0.0323992439282339 0.09375
0.1103416919975346 -0.0323992439282339 0.125
0.1103416919975346 -0.0323992439282339 0.15625
0.1103416919975346 -0.0323992439282339 0.1875
0.1103416919975346 -0.0323992439282339 0.21875
0.1103416919975346 -0.0323992439282339 0.25
0.1103416919975346 -0.0323992439282339 0.28125
0.1103416919975346 -0.0323992439282339 0.3125
0.1103416919975346 -0.0323992439282339 0.34375
0.1103416919975346 -0.0323992439282339 0.375
0.1103416919975346 -0.0323992439282339 0.40625
0.1103416919975346 -0.0323992439282339 0.4375
0.1103416919975346 -0.0323992439282339 0.46875
0.1138294658242709 -0.01636620634603942 0.03125
0.1138294658242709 -0.01636620634603942 0.0625
0.1138294658242709 -0.01636620634603942 0.09375
0.1138294658242709 -0.01636620634603942 0.125
0.1138294658242709 -0.01636620634603942 0.15625
0.1138294658242709 -0.01636620634603942 0.1875
0.1138294658242709 -0.01636620634603942 0.21875
0.1138294658242709 -0.01636620634603942 0.25
0.1138294658242709 -0.01636620634603942 0.28125
0.1138294658242709 -0.01636620634603942 0.3125
0.1138294658242709 -0.01636620634603942 0.34375
0.1138294658242709 -0.01636620634603942 0.375
0.1138294658242709 -0.01636620634603942 0.40625
0.1138294658242709 -0.01636620634603942 0.4375
0.1138294658242709 -0.01636620634603942 0.46875
2 122 0 167
916
917
918
919
920
921
922
923
924
925
926
927
928
929
930
931
932
933
934
935
936
937
938
939
940
941
942
943
944
945
946
947
948
949
950
951
952
953
954
955
956
957
958
959
960
961
962
963
964
965
966
967
968
969
970
971
972
973
974
975
976
977
978
979
980
981
982
983
984
985
986
987
988
989
990
991
992
993
994
995
996
997
998
999
1000
1001
1002
1003
1004
1005
1006
1007
1008
1009
1010
1011
1012
1013
1014
1015
1016
1017
1018
1019
1020
1021
1022
1023
1024
1025
1026
1027
1028
1029
1030
1031
1032
1033
1034
1035
1036
1037
1038
1039
1040
1041
1042
1043
1044
1045
1046
1047
1048
1049
1050
1051
1052
1053
1054
1055
1056
1057
1058
1059
1060
1061
1062
1063
1064
1065
1066
1067
1068
1069
1070
1071
1072
1073
1074
1075
1076
1077
1078
1079
1080
1081
1082
0.09966090783144217 -0.02412365403805637 0.5
-0.09731580162976222 0.02118232896898211 0.5
0.02117877644621752 0.09944347493353772 0.5
-0.02058853060210403 -0.09693864053404931 0.5
-0.04816319950953851 0.08820431406696436 0.5
-0.08839687015822963 -0.04844685711366383 0.5
0.04757631074702142 -0.08827507053811638 0.5
0.08892520271854393 0.04745558849389312 0.5
0.06234123263803194 0.08091164060327961 0.5
-0.08040649216096347 0.06021404689455515 0.5
-0.05954059430429211 -0.08298200259806042 0.5
0.08109693348096494 -0.05972815124205844 0.5
-0.008802127919094139 0.1013810644282718 0.5
-0.1002411824073554 -0.007169390877671025 0.5
0.006197135006744276 -0.102335516435314 0.5
0.1016161259533348 0.007791956021506057 0.5
-0.06210276852088954 0.08069685667407596 0.5
-0.04914721270709853 0.07227585092613682 0.5
-0.03452988276805437 0.07937067246456532 0.5
-0.03550688784035795 0.06320603241869187 0.5
-0.02069080991391348 0.0705539452559993 0.5
-0.02159122081504991 0.05419905423119092 0.5
-0.03643645587329182 0.04687229154152864 0.5
-0.02251365781270222 0.03782917307054752 0.5
-0.007830448912463149 0.0452098359052125 0.5
-0.008750542778007006 0.02882814134645345 0.5
-0.02339986224974813 0.02143978375860969 0.5
-0.009666655132230976 0.01244460481835477 0.5
0.004982619018703819 0.01983319910372094 0.5
0.004057546203953943 0.003451116000449153 0.5
-0.01059259002238735 -0.003937344116110557 0.5
0.003131283620122965 -0.01293077281244475 0.5
0.01778170101094423 -0.005542359124479657 0.5
-0.0115190509066156 -0.02031920053472454 0.5
0.002204735068294934 -0.02931261381305125 0.5
-0.02524279616152393 -0.01132579423143128 0.5
-0.01244564711654502 -0.03670103356519965 0.5
0.001278116300209099 -0.04569444294296643 0.5
0.01592851532720169 -0.03830602604688259 0.5
0.01500187979643191 -0.05468785232993867 0.5
0.02965227648134522 -0.04729943503206541 0.5
-0.01337227758617858 -0.05308286071333568 0.5
-0.02709603272984193 -0.04408945275408985 0.5
-0.02802267266426989 -0.06047127827991575 0.5
-0.0417464280081977 -0.05147787029202125 0.5
0.03057891826476421 -0.030917609815295 0.5
0.04430267491967108 -0.03991101803293575 0.5
0.04522931699423051 -0.02352919286899655 0.5
0.05895307294640232 -0.03252260096522348 0.5
0.0598797149549013 -0.01614077579132301 0.5
-0.04081978598032954 -0.03509604511752575 0.5
0.04615595917203503 -0.007147367716831502 0.5
0.06080635698214474 0.00024104938305884 0.5
0.04708260118961503 0.009234457458671236 0.5
0.06173299894678192 0.01662287457378331 0.5
0.04800924315431351 0.02561628265220545 0.5
-0.0554701831584747 -0.04248446233527142 0.5
-0.05454354124394132 -0.02610263713794268 0.5
0.04337603310590765 -0.05629284324338321 0.5
-0.01452390445604351 -0.06901856074992993 0.5
0.06250528179622915 0.03276915092933667 0.5
0.04891015859745652 0.04195884970059296 0.5
0.03428119961514449 0.0346031477097729 0.5
0.03520712694784276 0.05098388238435669 0.5
0.07598175259421688 0.02406167357522246 0.5
0.0630119608880146 0.04901707615415708 0.5
0.02056018241374257 0.04360073929138897 0.5
0.02148728229376785 0.05998325950019606 0.5
0.03585813109408121 0.06694509005023616 0.5
0.07374406896089547 -0.00870789592796079 0.5
-0.06879707523449526 -0.03288544846913656 0.5
-0.06820115299432274 -0.01700829478381326 0.5
-0.05360587519911134 -0.009703989583685181 0.5
-0.06732779363747078 -0.0007077777877471087 0.5
-0.05268922095077239 0.006662594518528899 0.5
-0.06667599225004479 0.01593834524490672 0.5
-0.05182051326871052 0.02311707859083091 0.5
-0.066511888320358 0.03304560052548512 0.5
-0.08291769466976862 -0.02449764620888567 0.5
-0.02880647241803517 -0.07971256297821211 0.5
-0.05586712154973682 -0.05805797068971407 0.5
-0.08125398744650038 0.008781300965213193 0.5
0.02281074659893987 0.07541729950176662 0.5
0.007827533008217872 0.06882325424705889 0.5
0.03672491089753775 0.08225602461764521 0.5
0.009515343972014791 0.08553155370346964 0.5
-0.01833405811841672 0.08778117598614205 0.5
-0.06382518089527942 0.06550191762674519 0.5
-0.05102717783365211 0.05599313610894901 0.5
-0.06619964512440388 0.04976382643405239 0.5
-0.08054215460164402 0.04259997793402023 0.5
-0.08155994565152488 0.02628055231956315 0.5
-0.005176901093499846 0.07726958670127149 0.5
-0.05151816405112944 0.03987057155924795 0.5
-0.006770644648066629 0.06144203156297757 0.5
-0.03711330388636037 0.03043149615464166 0.5
-0.03805091757385434 0.01406243007246685 0.5
0.005905813202450384 0.03621495038865171 0.5
0.01870800078289774 0.0108395225887974 0.5
-0.08512927760385647 -0.007937396327181892 0.5
0.0003139819930298477 -0.06200191481275108 0.5
0.01418226209059451 -0.07088443087852696 0.5
0.0493686357605234 0.0577107575102018 0.5
-0.04203127518642995 -0.06739323579829853 0.5
-0.0451923715565713 -0.08168612018176517 0.5
-0.001569679729961058 -0.07739545931071365 0.5
0.01685514747336389 -0.02192419920336092 0.5
0.07486187309406357 0.007968637084596712 0.5
0.02874347274824346 -0.06365038592609533 0.5
0.02863507883459267 -0.07983007003869115 0.5
0.0434877915670303 -0.0726245495334313 0.5
0.05709978914842504 -0.06528625135387391 0.5
0.07293519465410533 -0.02509638266439544 0.5
0.07372133009118181 -0.04388720156982522 0.5
0.08674958320205133 -0.03280029763835141 0.5
0.05802643110089753 -0.04890442616235403 0.5
0.03335805630155339 0.01822678740313964 0.5
-0.07205494988934052 -0.04944421309410812 0.5
-0.06959587398719913 -0.06911954225291164 0.5
0.03150554105804502 -0.0145357813945958 0.5
-0.02616940937812323 -0.02770762437341949 0.5
-0.0243198870935394 0.005058547574752968 0.5
-0.0389665014214917 -0.002332394853371654 0.5
-0.03989131823075351 -0.01871141421622934 0.5
0.0324319765858484 0.001845876535783555 0.5
0.0196326452224154 0.02721972441424526 0.5
0.006856055829713078 0.05256020264102421 0.5
0.06233600770514985 0.06509725404085241 0.5
0.03377959020777447 -0.09464321210583895 0.5
-0.03379381568291557 0.09519011639929721 0.5
0.0136767294190987 -0.08837909726511796 0.5
-0.006643174316502933 -0.09288371412766634 0.5
0.08776733307595661 -0.0004793201490619588 0.5
0.0762661682821935 0.03990556717301656 0.5
0.0924253880002571 0.03293974441513348 0.5
0.0782972276782372 0.05897772313952087 0.5
-0.09652187754195525 0.006418657624893088 0.5
0.08904824888951421 0.01573207858278977 0.5
0.05969758879719195 -0.08039669847049785 0.5
-0.09809614126140781 -0.02070331186286574 0.5
-0.09430387200540216 -0.03517760374994022 0.5
0.005961139793558394 0.1007533056660235 0.5
0.07129795613789426 -0.07088308448297027 0.5
-0.09444351637379651 0.03677184508188252 0.5
0.09033871357043873 -0.04722152643121286 0.5
0.1004840147208024 -0.008456774470476392 0.5
-0.03762134222506766 -0.09443815266954715 0.5
0.04945438364662606 0.09056894188441904 0.5
-0.0219390904547963 0.101704702913417 0.5
0.0204837810374345 -0.101905796711929 0.5
-0.01442635230452934 -0.08318978754011426 0.5
0.04923172530777591 0.0730757344058456 0.5
0.08689018374087554 -0.01661072081471706 0.5
0.03558796945486369 0.09578326748460897 0.5
-0.08274061022245781 -0.06089865823958924 0.5
0.101542716282542 0.02156695675610463 0.5
0.07303893062898258 0.07344136071370048 0.5
0.06767323961593401 -0.05766722070789769 0.5
-0.07406778902466898 0.07406778872270191 0.5
-0.0814631545925978 -0.03724583657619353 0.5
-0.09181166920764107 0.05014635172008373 0.5
-0.007501805274159047 -0.1046905918700353 0.5
0.09833971522663597 -0.03686348967733512 0.5
-0.002938278751817161 0.08995114357110374 0.5
-0.0542984095917973 -0.07113778450001329 0.5
-0.05046014565637109 -0.09209162227219385 0.5
0.02599777545974578 0.08748179194280434 0.5
3 5 0 2505
1083
1084
1085
1086
1087
1088
1089
1090
1091
1092
1093
1094
1095
1096
1097
1098
1099
1100
1101
1102
1103
1104
1105
1106
1107
1108
1109
1110
1111
1112
1113
1114
1115
1116
1117
1118
1119
1120
1121
1122
1123
1124
1125
1126
1127
1128
1129
1130
1131
1132
1133
1134
1135
1136
1137
1138
1139
1140
1141
1142
1143
1144
1145
1146
1147
1148
1149
1150
1151
1152
1153
1154
1155
1156
1157
1158
1159
1160
1161
1162
1163
1164
1165
1166
1167
1168
1169
1170
1171
1172
1173
1174
1175
1176
1177
1178
1179
1180
1181
1182
1183
1184
1185
1186
1187
1188
1189
1190
1191
1192
1193
1194
1195
1196
1197
1198
1199
1200
1201
1202
1203
1204
1205
1206
1207
1208
1209
1210
1211
1212
1213
1214
1215
1216
1217
1218
1219
1220
1221
1222
1223
1224
1225
1226
1227
1228
1229
1230
1231
1232
1233
1234
1235
1236
1237
1238
1239
1240
1241
1242
1243
1244
1245
1246
1247
1248
1249
1250
1251
1252
1253
1254
1255
1256
1257
1258
1259
1260
1261
1262
1263
1264
1265
1266
1267
1268
1269
1270
1271
1272
1273
1274
1275
1276
1277
1278
1279
1280
1281
1282
1283
1284
1285
1286
1287
1288
1289
1290
1291
1292
1293
1294
1295
1296
1297
1298
1299
1300
1301
1302
1303
1304
1305
1306
1307
1308
1309
1310
1311
1312
1313
1314
1315
1316
1317
1318
1319
1320
1321
1322
1323
1324
1325
1326
1327
1328
1329
1330
1331
1332
1333
1334
1335
1336
1337
1338
1339
1340
1341
1342
1343
1344
1345
1346
1347
1348
1349
1350
1351
1352
1353
1354
1355
1356
1357
1358
1359
1360
1361
1362
1363
1364
1365
1366
1367
1368
1369
1370
1371
1372
1373
1374
1375
1376
1377
1378
1379
1380
1381
1382
1383
1384
1385
1386
1387
1388
1389
1390
1391
1392
1393
1394
1395
1396
1397
1398
1399
1400
1401
1402
1403
1404
1405
1406
1407
1408
1409
1410
1411
1412
1413
1414
1415
1416
1417
1418
1419
1420
1421
1422
1423
1424
1425
1426
1427
1428
1429
1430
1431
1432
1433
1434
1435
1436
1437
1438
1439
1440
1441
1442
1443
1444
1445
1446
1447
1448
1449
1450
1451
1452
1453
1454
1455
1456
1457
1458
1459
1460
1461
1462
1463
1464
1465
1466
1467
1468
1469
1470
1471
1472
1473
1474
1475
1476
1477
1478
1479
1480
1481
1482
1483
1484
1485
1486
1487
1488
1489
1490
1491
1492
1493
1494
1495
1496
1497
1498
1499
1500
1501
1502
1503
1504
1505
1506
1507
1508
1509
1510
1511
1512
1513
1514
1515
1516
1517
1518
1519
1520
1521
1522
1523
1524
1525
1526
1527
1528
1529
1530
1531
1532
1533
1534
1535
1536
1537
1538
1539
1540
1541
1542
1543
1544
1545
1546
1547
1548
1549
1550
1551
1552
1553
1554
1555
1556
1557
1558
1559
1560
1561
1562
1563
1564
1565
1566
1567
1568
1569
1570
1571
1572
1573
1574
1575
1576
1577
1578
1579
1580
1581
1582
1583
1584
1585
1586
1587
1588
1589
1590
1591
1592
1593
1594
1595
1596
1597
1598
1599
1600
1601
1602
1603
1604
1605
1606
1607
1608
1609
1610
1611
1612
1613
1614
1615
1616
1617
1618
1619
1620
1621
1622
1623
1624
1625
1626
1627
1628
1629
1630
1631
1632
1633
1634
1635
1636
1637
1638
1639
1640
1641
1642
1643
1644
1645
1646
1647
1648
1649
1650
1651
1652
1653
1654
1655
1656
1657
1658
1659
1660
1661
1662
1663
1664
1665
1666
1667
1668
1669
1670
1671
1672
1673
1674
1675
1676
1677
1678
1679
1680
1681
1682
1683
1684
1685
1686
1687
1688
1689
1690
1691
1692
1693
1694
1695
1696
1697
1698
1699
1700
1701
1702
1703
1704
1705
1706
1707
1708
1709
1710
1711
1712
1713
1714
1715
1716
1717
1718
1719
1720
1721
1722
1723
1724
1725
1726
1727
1728
1729
1730
1731
1732
1733
1734
1735
1736
1737
1738
1739
1740
1741
1742
1743
1744
1745
1746
1747
1748
1749
1750
1751
1752
1753
1754
1755
1756
1757
1758
1759
1760
1761
1762
1763
1764
1765
1766
1767
1768
1769
1770
1771
1772
1773
1774
1775
1776
1777
1778
1779
1780
1781
1782
1783
1784
1785
1786
1787
1788
1789
1790
1791
1792
1793
1794
1795
1796
1797
1798
1799
1800
1801
1802
1803
1804
1805
1806
1807
1808
1809
1810
1811
1812
1813
1814
1815
1816
1817
1818
1819
1820
1821
1822
1823
1824
1825
1826
1827
1828
1829
1830
1831
1832
1833
1834
1835
1836
1837
1838
1839
1840
1841
1842
1843
1844
1845
1846
1847
1848
1849
1850
1851
1852
1853
1854
1855
1856
1857
1858
1859
1860
1861
1862
1863
1864
1865
1866
1867
1868
1869
1870
1871
1872
1873
1874
1875
1876
1877
1878
1879
1880
1881
1882
1883
1884
1885
1886
1887
1888
1889
1890
1891
1892
1893
1894
1895
1896
1897
1898
1899
1900
1901
1902
1903
1904
1905
1906
1907
1908
1909
1910
1911
1912
1913
1914
1915
1916
1917
1918
1919
1920
1921
1922
1923
1924
1925
1926
1927
1928
1929
1930
1931
1932
1933
1934
1935
1936
1937
1938
1939
1940
1941
1942
1943
1944
1945
1946
1947
1948
1949
1950
1951
1952
1953
1954
1955
1956
1957
1958
1959
1960
1961
1962
1963
1964
1965
1966
1967
1968
1969
1970
1971
1972
1973
1974
1975
1976
1977
1978
1979
1980
1981
1982
1983
1984
1985
1986
1987
1988
1989
1990
1991
1992
1993
1994
1995
1996
1997
1998
1999
2000
2001
2002
2003
2004
2005
2006
2007
2008
2009
2010
2011
2012
2013
2014
2015
2016
2017
2018
2019
2020
2021
2022
2023
2024
2025
2026
2027
2028
2029
2030
2031
2032
2033
2034
2035
2036
2037
2038
2039
2040
2041
2042
2043
2044
2045
2046
2047
2048
2049
2050
2051
2052
2053
2054
2055
2056
2057
2058
2059
2060
2061
2062
2063
2064
2065
2066
2067
2068
2069
2070
2071
2072
2073
2074
2075
2076
2077
2078
2079
2080
2081
2082
2083
2084
2085
2086
2087
2088
2089
2090
2091
2092
2093
2094
2095
2096
2097
2098
2099
2100
2101
2102
2103
2104
2105
2106
2107
2108
2109
2110
2111
2112
2113
2114
2115
2116
2117
2118
2119
2120
2121
2122
2123
2124
2125
2126
2127
2128
2129
2130
2131
2132
2133
2134
2135
2136
2137
2138
2139
2140
2141
2142
2143
2144
2145
2146
2147
2148
2149
2150
2151
2152
2153
2154
2155
2156
2157
2158
2159
2160
2161
2162
2163
2164
2165
2166
2167
2168
2169
2170
2171
2172
2173
2174
2175
2176
2177
2178
2179
2180
2181
2182
2183
2184
2185
2186
2187
2188
2189
2190
2191
2192
2193
2194
2195
2196
2197
2198
2199
2200
2201
2202
2203
2204
2205
2206
2207
2208
2209
2210
2211
2212
2213
2214
2215
2216
2217
2218
2219
2220
2221
2222
2223
2224
2225
2226
2227
2228
2229
2230
2231
2232
2233
2234
2235
2236
2237
2238
2239
2240
2241
2242
2243
2244
2245
2246
2247
2248
2249
2250
2251
2252
2253
2254
2255
2256
2257
2258
2259
2260
2261
2262
2263
2264
2265
2266
2267
2268
2269
2270
2271
2272
2273
2274
2275
2276
2277
2278
2279
2280
2281
2282
2283
2284
2285
2286
2287
2288
2289
2290
2291
2292
2293
2294
2295
2296
2297
2298
2299
2300
2301
2302
2303
2304
2305
2306
2307
2308
2309
2310
2311
2312
2313
2314
2315
2316
2317
2318
2319
2320
2321
2322
2323
2324
2325
2326
2327
2328
2329
2330
2331
2332
2333
2334
2335
2336
2337
2338
2339
2340
2341
2342
2343
2344
2345
2346
2347
2348
2349
2350
2351
2352
2353
2354
2355
2356
2357
2358
2359
2360
2361
2362
2363
2364
2365
2366
2367
2368
2369
2370
2371
2372
2373
2374
2375
2376
2377
2378
2379
2380
2381
2382
2383
2384
2385
2386
2387
2388
2389
2390
2391
2392
2393
2394
2395
2396
2397
2398
2399
2400
2401
2402
2403
2404
2405
2406
2407
2408
2409
2410
2411
2412
2413
2414
2415
2416
2417
2418
2419
2420
2421
2422
2423
2424
2425
2426
2427
2428
2429
2430
2431
2432
2433
2434
2435
2436
2437
2438
2439
2440
2441
2442
2443
2444
2445
2446
2447
2448
2449
2450
2451
2452
2453
2454
2455
2456
2457
2458
2459
2460
2461
2462
2463
2464
2465
2466
2467
2468
2469
2470
2471
2472
2473
2474
2475
2476
2477
2478
2479
2480
2481
2482
2483
2484
2485
2486
2487
2488
2489
2490
2491
2492
2493
2494
2495
2496
2497
2498
2499
2500
2501
2502
2503
2504
2505
2506
2507
2508
2509
2510
2511
2512
2513
2514
2515
2516
2517
2518
2519
2520
2521
2522
2523
2524
2525
2526
2527
2528
2529
2530
2531
2532
2533
2534
2535
2536
2537
2538
2539
2540
2541
2542
2543
2544
2545
2546
2547
2548
2549
2550
2551
2552
2553
2554
2555
2556
2557
2558
2559
2560
2561
2562
2563
2564
2565
2566
2567
2568
2569
2570
2571
2572
2573
2574
2575
2576
2577
2578
2579
2580
2581
2582
2583
2584
2585
2586
2587
2588
2589
2590
2591
2592
2593
2594
2595
2596
2597
2598
2599
2600
2601
2602
2603
2604
2605
2606
2607
2608
2609
2610
2611
2612
2613
2614
2615
2616
2617
2618
2619
2620
2621
2622
2623
2624
2625
2626
2627
2628
2629
2630
2631
2632
2633
2634
2635
2636
2637
2638
2639
2640
2641
2642
2643
2644
2645
2646
2647
2648
2649
2650
2651
2652
2653
2654
2655
2656
2657
2658
2659
2660
2661
2662
2663
2664
2665
2666
2667
2668
2669
2670
2671
2672
2673
2674
2675
2676
2677
2678
2679
2680
2681
2682
2683
2684
2685
2686
2687
2688
2689
2690
2691
2692
2693
2694
2695
2696
2697
2698
2699
2700
2701
2702
2703
2704
2705
2706
2707
2708
2709
2710
2711
2712
2713
2714
2715
2716
2717
2718
2719
2720
2721
2722
2723
2724
2725
2726
2727
2728
2729
2730
2731
2732
2733
2734
2735
2736
2737
2738
2739
2740
2741
2742
2743
2744
2745
2746
2747
2748
2749
2750
2751
2752
2753
2754
2755
2756
2757
2758
2759
2760
2761
2762
2763
2764
2765
2766
2767
2768
2769
2770
2771
2772
2773
2774
2775
2776
2777
2778
2779
2780
2781
2782
2783
2784
2785
2786
2787
2788
2789
2790
2791
2792
2793
2794
2795
2796
2797
2798
2799
2800
2801
2802
2803
2804
2805
2806
2807
2808
2809
2810
2811
2812
2813
2814
2815
2816
2817
2818
2819
2820
2821
2822
2823
2824
2825
2826
2827
2828
2829
2830
2831
2832
2833
2834
2835
2836
2837
2838
2839
2840
2841
2842
2843
2844
2845
2846
2847
2848
2849
2850
2851
2852
2853
2854
2855
2856
2857
2858
2859
2860
2861
2862
2863
2864
2865
2866
2867
2868
2869
2870
2871
2872
2873
2874
2875
2876
2877
2878
2879
2880
2881
2882
2883
2884
2885
2886
2887
2888
2889
2890
2891
2892
2893
2894
2895
2896
2897
2898
2899
2900
2901
2902
2903
2904
2905
2906
2907
2908
2909
2910
2911
2912
2913
2914
2915
2916
2917
2918
2919
2920
2921
2922
2923
2924
2925
2926
2927
2928
2929
2930
2931
2932
2933
2934
2935
2936
2937
2938
2939
2940
2941
2942
2943
2944
2945
2946
2947
2948
2949
2950
2951
2952
2953
2954
2955
2956
2957
2958
2959
2960
2961
2962
2963
2964
2965
2966
2967
2968
2969
2970
2971
2972
2973
2974
2975
2976
2977
2978
2979
2980
2981
2982
2983
2984
2985
2986
2987
2988
2989
2990
2991
2992
2993
2994
2995
2996
2997
2998
2999
3000
3001
3002
3003
3004
3005
3006
3007
3008
3009
3010
3011
3012
3013
3014
3015
3016
3017
3018
3019
3020
3021
3022
3023
3024
3025
3026
3027
3028
3029
3030
3031
3032
3033
3034
3035
3036
3037
3038
3039
3040
3041
3042
3043
3044
3045
3046
3047
3048
3049
3050
3051
3052
3053
3054
3055
3056
3057
3058
3059
3060
3061
3062
3063
3064
3065
3066
3067
3068
3069
3070
3071
3072
3073
3074
3075
3076
3077
3078
3079
3080
3081
3082
3083
3084
3085
3086
3087
3088
3089
3090
3091
3092
3093
3094
3095
3096
3097
3098
3099
3100
3101
3102
3103
3104
3105
3106
3107
3108
3109
3110
3111
3112
3113
3114
3115
3116
3117
3118
3119
3120
3121
3122
3123
3124
3125
3126
3127
3128
3129
3130
3131
3132
3133
3134
3135
3136
3137
3138
3139
3140
3141
3142
3143
3144
3145
3146
3147
3148
3149
3150
3151
3152
3153
3154
3155
3156
3157
3158
3159
3160
3161
3162
3163
3164
3165
3166
3167
3168
3169
3170
3171
3172
3173
3174
3175
3176
3177
3178
3179
3180
3181
3182
3183
3184
3185
3186
3187
3188
3189
3190
3191
3192
3193
3194
3195
3196
3197
3198
3199
3200
3201
3202
3203
3204
3205
3206
3207
3208
3209
3210
3211
3212
3213
3214
3215
3216
3217
3218
3219
3220
3221
3222
3223
3224
3225
3226
3227
3228
3229
3230
3231
3232
3233
3234
3235
3236
3237
3238
3239
3240
3241
3242
3243
3244
3245
3246
3247
3248
3249
3250
3251
3252
3253
3254
3255
3256
3257
3258
3259
3260
3261
3262
3263
3264
3265
3266
3267
3268
3269
3270
3271
3272
3273
3274
3275
3276
3277
3278
3279
3280
3281
3282
3283
3284
3285
3286
3287
3288
3289
3290
3291
3292
3293
3294
3295
3296
3297
3298
3299
3300
3301
3302
3303
3304
3305
3306
3307
3308
3309
3310
3311
3312
3313
3314
3315
3316
3317
3318
3319
3320
3321
3322
3323
3324
3325
3326
3327
3328
3329
3330
3331
3332
3333
3334
3335
3336
3337
3338
3339
3340
3341
3342
3343
3344
3345
3346
3347
3348
3349
3350
3351
3352
3353
3354
3355
3356
3357
3358
3359
3360
3361
3362
3363
3364
3365
3366
3367
3368
3369
3370
3371
3372
3373
3374
3375
3376
3377
3378
3379
3380
3381
3382
3383
3384
3385
3386
3387
3388
3389
3390
3391
3392
3393
3394
3395
3396
3397
3398
3399
3400
3401
3402
3403
3404
3405
3406
3407
3408
3409
3410
3411
3412
3413
3414
3415
3416
3417
3418
3419
3420
3421
3422
3423
3424
3425
3426
3427
3428
3429
3430
3431
3432
3433
3434
3435
3436
3437
3438
3439
3440
3441
3442
3443
3444
3445
3446
3447
3448
3449
3450
3451
3452
3453
3454
3455
3456
3457
3458
3459
3460
3461
3462
3463
3464
3465
3466
3467
3468
3469
3470
3471
3472
3473
3474
3475
3476
3477
3478
3479
3480
3481
3482
3483
3484
3485
3486
3487
3488
3489
3490
3491
3492
3493
3494
3495
3496
3497
3498
3499
3500
3501
3502
3503
3504
3505
3506
3507
3508
3509
3510
3511
3512
3513
3514
3515
3516
3517
3518
3519
3520
3521
3522
3523
3524
3525
3526
3527
3528
3529
3530
3531
3532
3533
3534
3535
3536
3537
3538
3539
3540
3541
3542
3543
3544
3545
3546
3547
3548
3549
3550
3551
3552
3553
3554
3555
3556
3557
3558
3559
3560
3561
3562
3563
3564
3565
3566
3567
3568
3569
3570
3571
3572
3573
3574
3575
3576
3577
3578
3579
3580
3581
3582
3583
3584
3585
3586
3587
0.09966090783144217 -0.02412365403805637 0.03125
0.09966090783144217 -0.02412365403805637 0.0625
0.09966090783144217 -0.02412365403805637 0.09375
0.09966090783144217 -0.02412365403805637 0.125
0.09966090783144217 -0.02412365403805637 0.15625
0.09966090783144217 -0.02412365403805637 0.1875
0.09966090783144217 -0.02412365403805637 0.21875
0.09966090783144217 -0.02412365403805637 0.25
0.09966090783144217 -0.02412365403805637 0.28125
0.09966090783144217 -0.02412365403805637 0.3125
0.09966090783144217 -0.02412365403805637 0.34375
0.09966090783144217 -0.02412365403805637 0.375
0.09966090783144217 -0.02412365403805637 0.40625
0.09966090783144217 -0.02412365403805637 0.4375
0.09966090783144217 -0.02412365403805637 0.46875
-0.09731580162976222 0.02118232896898211 0.03125
-0.09731580162976222 0.02118232896898211 0.0625
-0.09731580162976222 0.02118232896898211 0.09375
-0.09731580162976222 0.02118232896898211 0.125
-0.09731580162976222 0.02118232896898211 0.15625
-0.09731580162976222 0.02118232896898211 0.1875
-0.09731580162976222 0.02118232896898211 0.21875
-0.09731580162976222 0.02118232896898211 0.25
-0.09731580162976222 0.02118232896898211 0.28125
-0.09731580162976222 0.02118232896898211 0.3125
-0.09731580162976222 0.02118232896898211 0.34375
-0.09731580162976222 0.02118232896898211 0.375
-0.09731580162976222 0.02118232896898211 0.40625
-0.09731580162976222 0.02118232896898211 0.4375
-0.09731580162976222 0.02118232896898211 0.46875
0.02117877644621752 0.09944347493353772 0.03125
0.02117877644621752 0.09944347493353772 0.0625
0.02117877644621752 0.09944347493353772 0.09375
0.02117877644621752 0.09944347493353772 0.125
0.02117877644621752 0.09944347493353772 0.15625
0.02117877644621752 0.09944347493353772 0.1875
0.02117877644621752 0.09944347493353772 0.21875
0.02117877644621752 0.09944347493353772 0.25
0.02117877644621752 0.09944347493353772 0.28125
0.02117877644621752 0.09944347493353772 0.3125
0.02117877644621752 0.09944347493353772 0.34375
0.02117877644621752 0.09944347493353772 0.375
0.02117877644621752 0.09944347493353772 0.40625
0.02117877644621752 0.09944347493353772 0.4375
0.02117877644621752 0.09944347493353772 0.46875
-0.02058853060210403 -0.09693864053404931 0.03125
-0.02058853060210403 -0.09693864053404931 0.0625
-0.02058853060210403 -0.09693864053404931 0.09375
-0.02058853060210403 -0.09693864053404931 0.125
-0.02058853060210403 -0.09693864053404931 0.15625
-0.02058853060210403 -0.09693864053404931 0.1875
-0.02058853060210403 -0.09693864053404931 0.21875
-0.02058853060210403 -0.09693864053404931 0.25
-0.02058853060210403 -0.09693864053404931 0.28125
-0.02058853060210403 -0.09693864053404931 0.3125
-0.02058853060210403 -0.09693864053404931 0.34375
-0.02058853060210403 -0.09693864053404931 0.375
-0.02058853060210403 -0.09693864053404931 0.40625
-0.02058853060210403 -0.09693864053404931 0.4375
-0.02058853060210403 -0.09693864053404931 0.46875
-0.04816319950953851 0.08820431406696436 0.03125
-0.04816319950953851 0.08820431406696436 0.0625
-0.04816319950953851 0.08820431406696436 0.09375
-0.04816319950953851 0.08820431406696436 0.125
-0.04816319950953851 0.08820431406696436 0.15625
-0.04816319950953851 0.08820431406696436 0.1875
-0.04816319950953851 0.08820431406696436 0.21875
-0.04816319950953851 0.08820431406696436 0.25
-0.04816319950953851 0.08820431406696436 0.28125
-0.04816319950953851 0.08820431406696436 0.3125
-0.04816319950953851 0.08820431406696436 0.34375
-0.04816319950953851 0.08820431406696436 0.375
-0.04816319950953851 0.08820431406696436 0.40625
-0.04816319950953851 0.08820431406696436 0.4375
-0.04816319950953851 0.08820431406696436 0.46875
-0.08839687015822963 -0.04844685711366383 0.03125
-0.08839687015822963 -0.04844685711366383 0.0625
-0.08839687015822963 -0.04844685711366383 0.09375
-0.08839687015822963 -0.04844685711366383 0.125
-0.08839687015822963 -0.04844685711366383 0.15625
-0.08839687015822963 -0.04844685711366383 0.1875
-0.08839687015822963 -0.04844685711366383 0.21875
-0.08839687015822963 -0.04844685711366383 0.25
-0.08839687015822963 -0.04844685711366383 0.28125
-0.08839687015822963 -0.04844685711366383 0.3125
-0.08839687015822963 -0.04844685711366383 0.34375
-0.08839687015822963 -0.04844685711366383 0.375
-0.08839687015822963 -0.04844685711366383 0.40625
-0.08839687015822963 -0.04844685711366383 0.4375
-0.08839687015822963 -0.04844685711366383 0.46875
0.04757631074702142 -0.08827507053811638 0.03125
0.04757631074702142 -0.08827507053811638 0.0625
0.04757631074702142 -0.08827507053811638 0.09375
0.04757631074702142 -0.08827507053811638 0.125
0.04757631074702142 -0.08827507053811638 0.15625
0.04757631074702142 -0.08827507053811638 0.1875
0.04757631074702142 -0.08827507053811638 0.21875
0.04757631074702142 -0.08827507053811638 0.25
0.04757631074702142 -0.08827507053811638 0.28125
0.04757631074702142 -0.08827507053811638 0.3125
0.04757631074702142 -0.08827507053811638 0.34375
0.04757631074702142 -0.08827507053811638 0.375
0.04757631074702142 -0.08827507053811638 0.40625
0.04757631074702142 -0.08827507053811638 0.4375
0.04757631074702142 -0.08827507053811638 0.46875
0.08892520271854393 0.04745558849389312 0.03125
0.08892520271854393 0.04745558849389312 0.0625
0.08892520271854393 0.04745558849389312 0.09375
0.08892520271854393 0.04745558849389312 0.125
0.08892520271854393 0.04745558849389312 0.15625
0.08892520271854393 0.04745558849389312 0.1875
0.08892520271854393 0.04745558849389312 0.21875
0.08892520271854393 0.04745558849389312 0.25
0.08892520271854393 0.04745558849389312 0.28125
0.08892520271854393 0.04745558849389312 0.3125
0.08892520271854393 0.04745558849389312 0.34375
0.08892520271854393 0.04745558849389312 0.375
0.08892520271854393 0.04745558849389312 0.40625
0.08892520271854393 0.04745558849389312 0.4375
0.08892520271854393 0.04745558849389312 0.46875
0.06234123263803194 0.08091164060327961 0.03125
0.06234123263803194 0.08091164060327961 0.0625
0.06234123263803194 0.08091164060327961 0.09375
0.06234123263803194 0.08091164060327961 0.125
0.06234123263803194 0.08091164060327961 0.15625
0.06234123263803194 0.08091164060327961 0.1875
0.06234123263803194 0.08091164060327961 0.21875
0.06234123263803194 0.08091164060327961 0.25
0.06234123263803194 0.08091164060327961 0.28125
0.06234123263803194 0.08091164060327961 0.3125
0.06234123263803194 0.08091164060327961 0.34375
0.06234123263803194 0.08091164060327961 0.375
0.06234123263803194 0.08091164060327961 0.40625
0.06234123263803194 0.08091164060327961 0.4375
0.06234123263803194 0.08091164060327961 0.46875
-0.08040649216096347 0.06021404689455515 0.03125
-0.08040649216096347 0.06021404689455515 0.0625
-0.08040649216096347 0.06021404689455515 0.09375
-0.08040649216096347 0.06021404689455515 0.125
-0.08040649216096347 0.06021404689455515 0.15625
-0.08040649216096347 0.06021404689455515 0.1875
-0.08040649216096347 0.06021404689455515 0.21875
-0.08040649216096347 0.06021404689455515 0.25
-0.08040649216096347 0.06021404689455515 0.28125
-0.08040649216096347 0.06021404689455515 0.3125
-0.08040649216096347 0.06021404689455515 0.34375
-0.08040649216096347 0.06021404689455515 0.375
-0.08040649216096347 0.06021404689455515 0.40625
-0.08040649216096347 0.06021404689455515 0.4375
-0.08040649216096347 0.06021404689455515 0.46875
-0.05954059430429211 -0.08298200259806042 0.03125
-0.05954059430429211 -0.08298200259806042 0.0625
-0.05954059430429211 -0.08298200259806042 0.09375
-0.05954059430429211 -0.08298200259806042 0.125
-0.05954059430429211 -0.08298200259806042 0.15625
-0.05954059430429211 -0.08298200259806042 0.1875
-0.05954059430429211 -0.08298200259806042 0.21875
-0.05954059430429211 -0.08298200259806042 0.25
-0.05954059430429211 -0.08298200259806042 0.28125
-0.05954059430429211 -0.08298200259806042 0.3125
-0.05954059430429211 -0.08298200259806042 0.34375
-0.05954059430429211 -0.08298200259806042 0.375
-0.05954059430429211 -0.08298200259806042 0.40625
-0.05954059430429211 -0.08298200259806042 0.4375
-0.05954059430429211 -0.08298200259806042 0.46875
0.08109693348096494 -0.05972815124205844 0.03125
0.08109693348096494 -0.05972815124205844 0.0625
0.08109693348096494 -0.05972815124205844 0.09375
0.08109693348096494 -0.05972815124205844 0.125
0.08109693348096494 -0.05972815124205844 0.15625
0.08109693348096494 -0.05972815124205844 0.1875
0.08109693348096494 -0.05972815124205844 0.21875
0.08109693348096494 -0.05972815124205844 0.25
0.08109693348096494 -0.05972815124205844 0.28125
0.08109693348096494 -0.05972815124205844 0.3125
0.08109693348096494 -0.05972815124205844 0.34375
0.08109693348096494 -0.05972815124205844 0.375
0.08109693348096494 -0.05972815124205844 0.40625
0.08109693348096494 -0.05972815124205844 0.4375
0.08109693348096494 -0.05972815124205844 0.46875
-0.008802127919094139 0.1013810644282718 0.03125
-0.008802127919094139 0.1013810644282718 0.0625
-0.008802127919094139 0.1013810644282718 0.09375
-0.008802127919094139 0.1013810644282718 0.125
-0.008802127919094139 0.1013810644282718 0.15625
-0.008802127919094139 0.1013810644282718 0.1875
-0.008802127919094139 0.1013810644282718 0.21875
-0.008802127919094139 0.1013810644282718 0.25
-0.008802127919094139 0.1013810644282718 0.28125
-0.008802127919094139 0.1013810644282718 0.3125
-0.008802127919094139 0.1013810644282718 0.34375
-0.008802127919094139 0.1013810644282718 0.375
-0.008802127919094139 0.1013810644282718 0.40625
-0.008802127919094139 0.1013810644282718 0.4375
-0.008802127919094139 0.1013810644282718 0.46875
-0.1002411824073554 -0.007169390877671025 0.03125
-0.1002411824073554 -0.007169390877671025 0.0625
-0.1002411824073554 -0.007169390877671025 0.09375
-0.1002411824073554 -0.007169390877671025 0.125
-0.1002411824073554 -0.007169390877671025 0.15625
-0.1002411824073554 -0.007169390877671025 0.1875
-0.1002411824073554 -0.007169390877671025 0.21875
-0.1002411824073554 -0.007169390877671025 0.25
-0.1002411824073554 -0.007169390877671025 0.28125
-0.1002411824073554 -0.007169390877671025 0.3125
-0.1002411824073554 -0.007169390877671025 0.34375
-0.1002411824073554 -0.007169390877671025 0.375
-0.1002411824073554 -0.007169390877671025 0.40625
-0.1002411824073554 -0.007169390877671025 0.4375
-0.1002411824073554 -0.007169390877671025 0.46875
0.006197135006744276 -0.102335516435314 0.03125
0.006197135006744276 -0.102335516435314 0.0625
0.006197135006744276 -0.102335516435314 0.09375
0.006197135006744276 -0.102335516435314 0.125
0.006197135006744276 -0.102335516435314 0.15625
0.006197135006744276 -0.102335516435314 0.1875
0.006197135006744276 -0.102335516435314 0.21875
0.006197135006744276 -0.102335516435314 0.25
0.006197135006744276 -0.102335516435314 0.28125
0.006197135006744276 -0.102335516435314 0.3125
0.006197135006744276 -0.102335516435314 0.34375
0.006197135006744276 -0.102335516435314 0.375
0.006197135006744276 -0.102335516435314 0.40625
0.006197135006744276 -0.102335516435314 0.4375
0.006197135006744276 -0.102335516435314 0.46875
0.1016161259533348 0.007791956021506057 0.03125
0.1016161259533348 0.007791956021506057 0.0625
0.1016161259533348 0.007791956021506057 0.09375
0.1016161259533348 0.007791956021506057 0.125
0.1016161259533348 0.007791956021506057 0.15625
0.1016161259533348 0.007791956021506057 0.1875
0.1016161259533348 0.007791956021506057 0.21875
0.1016161259533348 0.007791956021506057 0.25
0.1016161259533348 0.007791956021506057 0.28125
0.1016161259533348 0.007791956021506057 0.3125
0.1016161259533348 0.007791956021506057 0.34375
0.1016161259533348 0.007791956021506057 0.375
0.1016161259533348 0.007791956021506057 0.40625
0.1016161259533348 0.007791956021506057 0.4375
0.1016161259533348 0.007791956021506057 0.46875
-0.06210276852088954 0.08069685667407596 0.03125
-0.06210276852088954 0.08069685667407596 0.0625
-0.06210276852088954 0.08069685667407596 0.09375
-0.06210276852088954 0.08069685667407596 0.125
-0.06210276852088954 0.08069685667407596 0.15625
-0.06210276852088954 0.08069685667407596 0.1875
-0.06210276852088954 0.08069685667407596 0.21875
-0.06210276852088954 0.08069685667407596 0.25
-0.06210276852088954 0.08069685667407596 0.28125
-0.06210276852088954 0.08069685667407596 0.3125
-0.06210276852088954 0.08069685667407596 0.34375
-0.06210276852088954 0.08069685667407596 0.375
-0.06210276852088954 0.08069685667407596 0.40625
-0.06210276852088954 0.08069685667407596 0.4375
-0.06210276852088954 0.08069685667407596 0.46875
-0.04914721270709853 0.07227585092613682 0.03125
-0.04914721270709853 0.07227585092613682 0.0625
-0.04914721270709853 0.07227585092613682 0.09375
-0.04914721270709853 0.07227585092613682 0.125
-0.04914721270709853 0.07227585092613682 0.15625
-0.04914721270709853 0.07227585092613682 0.1875
-0.04914721270709853 0.07227585092613682 0.21875
-0.04914721270709853 0.07227585092613682 0.25
-0.04914721270709853 0.07227585092613682 0.28125
-0.04914721270709853 0.07227585092613682 0.3125
-0.04914721270709853 0.07227585092613682 0.34375
-0.04914721270709853 0.07227585092613682 0.375
-0.04914721270709853 0.07227585092613682 0.40625
-0.04914721270709853 0.07227585092613682 0.4375
-0.04914721270709853 0.07227585092613682 0.46875
-0.03452988276805437 0.07937067246456532 0.03125
-0.03452988276805437 0.07937067246456532 0.0625
-0.03452988276805437 0.07937067246456532 0.09375
-0.03452988276805437 0.07937067246456532 0.125
-0.03452988276805437 0.07937067246456532 0.15625
-0.03452988276805437 0.07937067246456532 0.1875
-0.03452988276805437 0.07937067246456532 0.21875
-0.03452988276805437 0.07937067246456532 0.25
-0.03452988276805437 0.07937067246456532 0.28125
-0.03452988276805437 0.07937067246456532 0.3125
-0.03452988276805437 0.07937067246456532 0.34375
-0.03452988276805437 0.07937067246456532 0.375
-0.03452988276805437 0.07937067246456532 0.40625
-0.03452988276805437 0.07937067246456532 0.4375
-0.03452988276805437 0.07937067246456532 0.46875
-0.03550688784035795 0.06320603241869187 0.03125
-0.03550688784035795 0.06320603241869187 0.0625
-0.03550688784035795 0.06320603241869187 0.09375
-0.03550688784035795 0.06320603241869187 0.125
-0.03550688784035795 0.06320603241869187 0.15625
-0.03550688784035795 0.06320603241869187 0.1875
-0.03550688784035795 0.06320603241869187 0.21875
-0.03550688784035795 0.06320603241869187 0.25
-0.03550688784035795 0.06320603241869187 0.28125
-0.03550688784035795 0.06320603241869187 0.3125
-0.03550688784035795 0.06320603241869187 0.34375
-0.03550688784035795 0.06320603241869187 0.375
-0.03550688784035795 0.06320603241869187 0.40625
-0.03550688784035795 0.06320603241869187 0.4375
-0.03550688784035795 0.06320603241869187 0.46875
-0.02069080991391348 0.0705539452559993 0.03125
-0.02069080991391348 0.0705539452559993 0.0625
-0.02069080991391348 0.0705539452559993 0.09375
-0.02069080991391348 0.0705539452559993 0.125
-0.02069080991391348 0.0705539452559993 0.15625
-0.02069080991391348 0.0705539452559993 0.1875
-0.02069080991391348 0.0705539452559993 0.21875
-0.02069080991391348 0.0705539452559993 0.25
-0.02069080991391348 0.0705539452559993 0.28125
-0.02069080991391348 0.0705539452559993 0.3125
-0.02069080991391348 0.0705539452559993 0.34375
-0.02069080991391348 0.0705539452559993 0.375
-0.02069080991391348 0.0705539452559993 0.40625
-0.02069080991391348 0.0705539452559993 0.4375
-0.02069080991391348 0.0705539452559993 0.46875
-0.02159122081504991 0.05419905423119092 0.03125
-0.02159122081504991 0.05419905423119092 0.0625
-0.02159122081504991 0.05419905423119092 0.09375
-0.02159122081504991 0.05419905423119092 0.125
-0.02159122081504991 0.05419905423119092 0.15625
-0.02159122081504991 0.05419905423119092 0.1875
-0.02159122081504991 0.05419905423119092 0.21875
-0.02159122081504991 0.05419905423119092 0.25
-0.02159122081504991 0.05419905423119092 0.28125
-0.02159122081504991 0.05419905423119092 0.3125
-0.02159122081504991 0.05419905423119092 0.34375
-0.02159122081504991 0.05419905423119092 0.375
-0.02159122081504991 0.05419905423119092 0.40625
-0.02159122081504991 0.05419905423119092 0.4375
-0.02159122081504991 0.05419905423119092 0.46875
-0.03643645587329182 0.04687229154152864 0.03125
-0.03643645587329182 0.04687229154152864 0.0625
-0.03643645587329182 0.04687229154152864 0.09375
-0.03643645587329182 0.04687229154152864 0.125
-0.03643645587329182 0.04687229154152864 0.15625
-0.03643645587329182 0.04687229154152864 0.1875
-0.03643645587329182 0.04687229154152864 0.21875
-0.03643645587329182 0.04687229154152864 0.25
-0.03643645587329182 0.04687229154152864 0.28125
-0.03643645587329182 0.04687229154152864 0.3125
-0.03643645587329182 0.04687229154152864 0.34375
-0.03643645587329182 0.04687229154152864 0.375
-0.03643645587329182 0.04687229154152864 0.40625
-0.03643645587329182 0.04687229154152864 0.4375
-0.03643645587329182 0.04687229154152864 0.46875
-0.02251365781270222 0.03782917307054752 0.03125
-0.02251365781270222 0.03782917307054752 0.0625
-0.02251365781270222 0.03782917307054752 0.09375
-0.02251365781270222 0.03782917307054752 0.125
-0.02251365781270222 0.03782917307054752 0.15625
-0.02251365781270222 0.03782917307054752 0.1875
-0.02251365781270222 0.03782917307054752 0.21875
-0.02251365781270222 0.03782917307054752 0.25
-0.02251365781270222 0.03782917307054752 0.28125
-0.02251365781270222 0.03782917307054752 0.3125
-0.02251365781270222 0.03782917307054752 0.34375
-0.02251365781270222 0.03782917307054752 0.375
-0.02251365781270222 0.03782917307054752 0.40625
-0.02251365781270222 0.03782917307054752 0.4375
-0.02251365781270222 0.03782917307054752 0.46875
-0.007830448912463149 0.0452098359052125 0.03125
-0.007830448912463149 0.0452098359052125 0.0625
-0.007830448912463149 0.0452098359052125 0.09375
-0.007830448912463149 0.0452098359052125 0.125
-0.007830448912463149 0.0452098359052125 0.15625
-0.007830448912463149 0.0452098359052125 0.1875
-0.007830448912463149 0.0452098359052125 0.21875
-0.007830448912463149 0.0452098359052125 0.25
-0.007830448912463149 0.0452098359052125 0.28125
-0.007830448912463149 0.0452098359052125 0.3125
-0.007830448912463149 0.0452098359052125 0.34375
-0.007830448912463149 0.0452098359052125 0.375
-0.007830448912463149 0.0452098359052125 0.40625
-0.007830448912463149 0.0452098359052125 0.4375
-0.007830448912463149 0.0452098359052125 0.46875
-0.008750542778007006 0.02882814134645345 0.03125
-0.008750542778007006 0.02882814134645345 0.0625
-0.008750542778007006 0.02882814134645345 0.09375
-0.008750542778007006 0.02882814134645345 0.125
-0.008750542778007006 0.02882814134645345 0.15625
-0.008750542778007006 0.02882814134645345 0.1875
-0.008750542778007006 0.02882814134645345 0.21875
-0.008750542778007006 0.02882814134645345 0.25
-0.008750542778007006 0.02882814134645345 0.28125
-0.008750542778007006 0.02882814134645345 0.3125
-0.008750542778007006 0.02882814134645345 0.34375
-0.008750542778007006 0.02882814134645345 0.375
-0.008750542778007006 0.02882814134645345 0.40625
-0.008750542778007006 0.02882814134645345 0.4375
-0.008750542778007006 0.02882814134645345 0.46875
-0.02339986224974813 0.02143978375860969 0.03125
-0.02339986224974813 0.02143978375860969 0.0625
-0.02339986224974813 0.02143978375860969 0.09375
-0.02339986224974813 0.02143978375860969 0.125
-0.02339986224974813 0.02143978375860969 0.15625
-0.02339986224974813 0.02143978375860969 0.1875
-0.02339986224974813 0.02143978375860969 0.21875
-0.02339986224974813 0.02143978375860969 0.25
-0.02339986224974813 0.02143978375860969 0.28125
-0.02339986224974813 0.02143978375860969 0.3125
-0.02339986224974813 0.02143978375860969 0.34375
-0.02339986224974813 0.02143978375860969 0.375
-0.02339986224974813 0.02143978375860969 0.40625
-0.02339986224974813 0.02143978375860969 0.4375
-0.02339986224974813 0.02143978375860969 0.46875
-0.009666655132230976 0.01244460481835477 0.03125
-0.009666655132230976 0.01244460481835477 0.0625
-0.009666655132230976 0.01244460481835477 0.09375
-0.009666655132230976 0.01244460481835477 0.125
-0.009666655132230976 0.01244460481835477 0.15625
-0.009666655132230976 0.01244460481835477 0.1875
-0.009666655132230976 0.01244460481835477 0.21875
-0.009666655132230976 0.01244460481835477 0.25
-0.009666655132230976 0.01244460481835477 0.28125
-0.009666655132230976 0.01244460481835477 0.3125
-0.009666655132230976 0.01244460481835477 0.34375
-0.009666655132230976 0.01244460481835477 0.375
-0.009666655132230976 0.01244460481835477 0.40625
-0.009666655132230976 0.01244460481835477 0.4375
-0.009666655132230976 0.01244460481835477 0.46875
0.004982619018703819 0.01983319910372094 0.03125
0.004982619018703819 0.01983319910372094 0.0625
0.004982619018703819 0.01983319910372094 0.09375
0.004982619018703819 0.01983319910372094 0.125
0.004982619018703819 0.01983319910372094 0.15625
0.004982619018703819 0.01983319910372094 0.1875
0.004982619018703819 0.01983319910372094 0.21875
0.004982619018703819 0.01983319910372094 0.25
0.004982619018703819 0.01983319910372094 0.28125
0.004982619018703819 0.01983319910372094 0.3125
0.004982619018703819 0.01983319910372094 0.34375
0.004982619018703819 0.01983319910372094 0.375
0.004982619018703819 0.01983319910372094 0.40625
0.004982619018703819 0.01983319910372094 0.4375
0.004982619018703819 0.01983319910372094 0.46875
0.004057546203953943 0.003451116000449153 0.03125
0.004057546203953943 0.003451116000449153 0.0625
0.004057546203953943 0.003451116000449153 0.09375
0.004057546203953943 0.003451116000449153 0.125
0.004057546203953943 0.003451116000449153 0.15625
0.004057546203953943 0.003451116000449153 0.1875
0.004057546203953943 0.003451116000449153 0.21875
0.004057546203953943 0.003451116000449153 0.25
0.004057546203953943 0.003451116000449153 0.28125
0.004057546203953943 0.003451116000449153 0.3125
0.004057546203953943 0.003451116000449153 0.34375
0.004057546203953943 0.003451116000449153 0.375
0.004057546203953943 0.003451116000449153 0.40625
0.004057546203953943 0.003451116000449153 0.4375
0.004057546203953943 0.003451116000449153 0.46875
-0.01059259002238735 -0.003937344116110557 0.03125
-0.01059259002238735 -0.003937344116110557 0.0625
-0.01059259002238735 -0.003937344116110557 0.09375
-0.01059259002238735 -0.003937344116110557 0.125
-0.01059259002238735 -0.003937344116110557 0.15625
-0.01059259002238735 -0.003937344116110557 0.1875
-0.01059259002238735 -0.003937344116110557 0.21875
-0.01059259002238735 -0.003937344116110557 0.25
-0.01059259002238735 -0.003937344116110557 0.28125
-0.01059259002238735 -0.003937344116110557 0.3125
-0.01059259002238735 -0.003937344116110557 0.34375
-0.01059259002238735 -0.003937344116110557 0.375
-0.01059259002238735 -0.003937344116110557 0.40625
-0.01059259002238735 -0.003937344116110557 0.4375
-0.01059259002238735 -0.003937344116110557 0.46875
0.003131283620122965 -0.01293077281244475 0.03125
0.003131283620122965 -0.01293077281244475 0.0625
0.003131283620122965 -0.01293077281244475 0.09375
0.003131283620122965 -0.01293077281244475 0.125
0.003131283620122965 -0.01293077281244475 0.15625
0.003131283620122965 -0.01293077281244475 0.1875
0.003131283620122965 -0.01293077281244475 0.21875
0.003131283620122965 -0.01293077281244475 0.25
0.003131283620122965 -0.01293077281244475 0.28125
0.003131283620122965 -0.01293077281244475 0.3125
0.003131283620122965 -0.01293077281244475 0.34375
0.003131283620122965 -0.01293077281244475 0.375
0.003131283620122965 -0.01293077281244475 0.40625
0.003131283620122965 -0.01293077281244475 0.4375
0.003131283620122965 -0.01293077281244475 0.46875
0.01778170101094423 -0.005542359124479657 0.03125
0.01778170101094423 -0.005542359124479657 0.0625
0.01778170101094423 -0.005542359124479657 0.09375
0.01778170101094423 -0.005542359124479657 0.125
0.01778170101094423 -0.005542359124479657 0.15625
0.01778170101094423 -0.005542359124479657 0.1875
0.01778170101094423 -0.005542359124479657 0.21875
0.01778170101094423 -0.005542359124479657 0.25
0.01778170101094423 -0.005542359124479657 0.28125
0.01778170101094423 -0.005542359124479657 0.3125
0.01778170101094423 -0.005542359124479657 0.34375
0.01778170101094423 -0.005542359124479657 0.375
0.01778170101094423 -0.005542359124479657 0.40625
0.01778170101094423 -0.005542359124479657 0.4375
0.01778170101094423 -0.005542359124479657 0.46875
-0.0115190509066156 -0.02031920053472454 0.03125
-0.0115190509066156 -0.02031920053472454 0.0625
-0.0115190509066156 -0.02031920053472454 0.09375
-0.0115190509066156 -0.02031920053472454 0.125
-0.0115190509066156 -0.02031920053472454 0.15625
-0.0115190509066156 -0.02031920053472454 0.1875
-0.0115190509066156 -0.02031920053472454 0.21875
-0.0115190509066156 -0.02031920053472454 0.25
-0.0115190509066156 -0.02031920053472454 0.28125
-0.0115190509066156 -0.02031920053472454 0.3125
-0.0115190509066156 -0.02031920053472454 0.34375
-0.0115190509066156 -0.02031920053472454 0.375
-0.0115190509066156 -0.02031920053472454 0.40625
-0.0115190509066156 -0.02031920053472454 0.4375
-0.0115190509066156 -0.02031920053472454 0.46875
0.002204735068294934 -0.02931261381305125 0.03125
0.002204735068294934 -0.02931261381305125 0.0625
0.002204735068294934 -0.02931261381305125 0.09375
0.002204735068294934 -0.02931261381305125 0.125
0.002204735068294934 -0.02931261381305125 0.15625
0.002204735068294934 -0.02931261381305125 0.1875
0.002204735068294934 -0.02931261381305125 0.21875
0.002204735068294934 -0.02931261381305125 0.25
0.002204735068294934 -0.02931261381305125 0.28125
0.002204735068294934 -0.02931261381305125 0.3125
0.002204735068294934 -0.02931261381305125 0.34375
0.002204735068294934 -0.02931261381305125 0.375
0.002204735068294934 -0.02931261381305125 0.40625
0.002204735068294934 -0.02931261381305125 0.4375
0.002204735068294934 -0.02931261381305125 0.46875
-0.02524279616152393 -0.01132579423143128 0.03125
-0.02524279616152393 -0.01132579423143128 0.0625
-0.02524279616152393 -0.01132579423143128 0.09375
-0.02524279616152393 -0.01132579423143128 0.125
-0.02524279616152393 -0.01132579423143128 0.15625
-0.02524279616152393 -0.01132579423143128 0.1875
-0.02524279616152393 -0.01132579423143128 0.21875
-0.02524279616152393 -0.01132579423143128 0.25
-0.02524279616152393 -0.01132579423143128 0.28125
-0.02524279616152393 -0.01132579423143128 0.3125
-0.02524279616152393 -0.01132579423143128 0.34375
-0.02524279616152393 -0.01132579423143128 0.375
-0.02524279616152393 -0.01132579423143128 0.40625
-0.02524279616152393 -0.01132579423143128 0.4375
-0.02524279616152393 -0.01132579423143128 0.46875
-0.01244564711654502 -0.03670103356519965 0.03125
-0.01244564711654502 -0.03670103356519965 0.0625
-0.01244564711654502 -0.03670103356519965 0.09375
-0.01244564711654502 -0.03670103356519965 0.125
-0.01244564711654502 -0.03670103356519965 0.15625
-0.01244564711654502 -0.03670103356519965 0.1875
-0.01244564711654502 -0.03670103356519965 0.21875
-0.01244564711654502 -0.03670103356519965 0.25
-0.01244564711654502 -0.03670103356519965 0.28125
-0.01244564711654502 -0.03670103356519965 0.3125
-0.01244564711654502 -0.03670103356519965 0.34375
-0.01244564711654502 -0.03670103356519965 0.375
-0.01244564711654502 -0.03670103356519965 0.40625
-0.01244564711654502 -0.03670103356519965 0.4375
-0.01244564711654502 -0.03670103356519965 0.46875
0.001278116300209099 -0.04569444294296643 0.03125
0.001278116300209099 -0.04569444294296643 0.0625
0.001278116300209099 -0.04569444294296643 0.09375
0.001278116300209099 -0.04569444294296643 0.125
0.001278116300209099 -0.04569444294296643 0.15625
0.001278116300209099 -0.04569444294296643 0.1875
0.001278116300209099 -0.04569444294296643 0.21875
0.001278116300209099 -0.04569444294296643 0.25
0.001278116300209099 -0.04569444294296643 0.28125
0.001278116300209099 -0.04569444294296643 0.3125
0.001278116300209099 -0.04569444294296643 0.34375
0.001278116300209099 -0.04569444294296643 0.375
0.001278116300209099 -0.04569444294296643 0.40625
0.001278116300209099 -0.04569444294296643 0.4375
0.001278116300209099 -0.04569444294296643 0.46875
0.01592851532720169 -0.03830602604688259 0.03125
0.01592851532720169 -0.03830602604688259 0.0625
0.01592851532720169 -0.03830602604688259 0.09375
0.01592851532720169 -0.03830602604688259 0.125
0.01592851532720169 -0.03830602604688259 0.15625
0.01592851532720169 -0.03830602604688259 0.1875
0.01592851532720169 -0.03830602604688259 0.21875
0.01592851532720169 -0.03830602604688259 0.25
0.01592851532720169 -0.03830602604688259 0.28125
0.01592851532720169 -0.03830602604688259 0.3125
0.01592851532720169 -0.03830602604688259 0.34375
0.01592851532720169 -0.03830602604688259 0.375
0.01592851532720169 -0.03830602604688259 0.40625
0.01592851532720169 -0.03830602604688259 0.4375
0.01592851532720169 -0.03830602604688259 0.46875
0.01500187979643191 -0.05468785232993867 0.03125
0.01500187979643191 -0.05468785232993867 0.0625
0.01500187979643191 -0.05468785232993867 0.09375
0.01500187979643191 -0.05468785232993867 0.125
0.01500187979643191 -0.05468785232993867 0.15625
0.01500187979643191 -0.05468785232993867 0.1875
0.01500187979643191 -0.05468785232993867 0.21875
0.01500187979643191 -0.05468785232993867 0.25
0.01500187979643191 -0.05468785232993867 0.28125
0.01500187979643191 -0.05468785232993867 0.3125
0.01500187979643191 -0.05468785232993867 0.34375
0.01500187979643191 -0.05468785232993867 0.375
0.01500187979643191 -0.05468785232993867 0.40625
0.01500187979643191 -0.05468785232993867 0.4375
0.01500187979643191 -0.05468785232993867 0.46875
0.02965227648134522 -0.04729943503206541 0.03125
0.02965227648134522 -0.04729943503206541 0.0625
0.02965227648134522 -0.04729943503206541 0.09375
0.02965227648134522 -0.04729943503206541 0.125
0.02965227648134522 -0.04729943503206541 0.15625
0.02965227648134522 -0.04729943503206541 0.1875
0.02965227648134522 -0.04729943503206541 0.21875
0.02965227648134522 -0.04729943503206541 0.25
0.02965227648134522 -0.04729943503206541 0.28125
0.02965227648134522 -0.04729943503206541 0.3125
0.02965227648134522 -0.04729943503206541 0.34375
0.02965227648134522 -0.04729943503206541 0.375
0.02965227648134522 -0.04729943503206541 0.40625
0.02965227648134522 -0.04729943503206541 0.4375
0.02965227648134522 -0.04729943503206541 0.46875
-0.01337227758617858 -0.05308286071333568 0.03125
-0.01337227758617858 -0.05308286071333568 0.0625
-0.01337227758617858 -0.05308286071333568 0.09375
-0.01337227758617858 -0.05308286071333568 0.125
-0.01337227758617858 -0.05308286071333568 0.15625
-0.01337227758617858 -0.05308286071333568 0.1875
-0.01337227758617858 -0.05308286071333568 0.21875
-0.01337227758617858 -0.05308286071333568 0.25
-0.01337227758617858 -0.05308286071333568 0.28125
-0.01337227758617858 -0.05308286071333568 0.3125
-0.01337227758617858 -0.05308286071333568 0.34375
-0.01337227758617858 -0.05308286071333568 0.375
-0.01337227758617858 -0.05308286071333568 0.40625
-0.01337227758617858 -0.05308286071333568 0.4375
-0.01337227758617858 -0.05308286071333568 0.46875
-0.02709603272984193 -0.04408945275408985 0.03125
-0.02709603272984193 -0.04408945275408985 0.0625
-0.02709603272984193 -0.04408945275408985 0.09375
-0.02709603272984193 -0.04408945275408985 0.125
-0.02709603272984193 -0.04408945275408985 0.15625
-0.02709603272984193 -0.04408945275408985 0.1875
-0.02709603272984193 -0.04408945275408985 0.21875
-0.02709603272984193 -0.04408945275408985 0.25
-0.02709603272984193 -0.04408945275408985 0.28125
-0.02709603272984193 -0.04408945275408985 0.3125
-0.02709603272984193 -0.04408945275408985 0.34375
-0.02709603272984193 -0.04408945275408985 0.375
-0.02709603272984193 -0.04408945275408985 0.40625
-0.02709603272984193 -0.04408945275408985 0.4375
-0.02709603272984193 -0.04408945275408985 0.46875
-0.02802267266426989 -0.06047127827991575 0.03125
-0.02802267266426989 -0.06047127827991575 0.0625
-0.02802267266426989 -0.06047127827991575 0.09375
-0.02802267266426989 -0.06047127827991575 0.125
-0.02802267266426989 -0.06047127827991575 0.15625
-0.02802267266426989 -0.06047127827991575 0.1875
-0.02802267266426989 -0.06047127827991575 0.21875
-0.02802267266426989 -0.06047127827991575 0.25
-0.02802267266426989 -0.06047127827991575 0.28125
-0.02802267266426989 -0.06047127827991575 0.3125
-0.02802267266426989 -0.06047127827991575 0.34375
-0.02802267266426989 -0.06047127827991575 0.375
-0.02802267266426989 -0.06047127827991575 0.40625
-0.02802267266426989 -0.06047127827991575 0.4375
-0.02802267266426989 -0.06047127827991575 0.46875
-0.0417464280081977 -0.05147787029202125 0.03125
-0.0417464280081977 -0.05147787029202125 0.0625
-0.0417464280081977 -0.05147787029202125 0.09375
-0.0417464280081977 -0.05147787029202125 0.125
-0.0417464280081977 -0.05147787029202125 0.15625
-0.0417464280081977 -0.05147787029202125 0.1875
-0.0417464280081977 -0.05147787029202125 0.21875
-0.0417464280081977 -0.05147787029202125 0.25
-0.0417464280081977 -0.05147787029202125 0.28125
-0.0417464280081977 -0.05147787029202125 0.3125
-0.0417464280081977 -0.05147787029202125 0.34375
-0.0417464280081977 -0.05147787029202125 0.375
-0.0417464280081977 -0.05147787029202125 0.40625
-0.0417464280081977 -0.05147787029202125 0.4375
-0.0417464280081977 -0.05147787029202125 0.46875
0.03057891826476421 -0.030917609815295 0.03125
0.03057891826476421 -0.030917609815295 0.0625
0.03057891826476421 -0.030917609815295 0.09375
0.03057891826476421 -0.030917609815295 0.125
0.03057891826476421 -0.030917609815295 0.15625
0.03057891826476421 -0.030917609815295 0.1875
0.03057891826476421 -0.030917609815295 0.21875
0.03057891826476421 -0.030917609815295 0.25
0.03057891826476421 -0.030917609815295 0.28125
0.03057891826476421 -0.030917609815295 0.3125
0.03057891826476421 -0.030917609815295 0.34375
0.03057891826476421 -0.030917609815295 0.375
0.03057891826476421 -0.030917609815295 0.40625
0.03057891826476421 -0.030917609815295 0.4375
0.03057891826476421 -0.030917609815295 0.46875
0.04430267491967108 -0.03991101803293575 0.03125
0.04430267491967108 -0.03991101803293575 0.0625
0.04430267491967108 -0.03991101803293575 0.09375
0.04430267491967108 -0.03991101803293575 0.125
0.04430267491967108 -0.03991101803293575 0.15625
0.04430267491967108 -0.03991101803293575 0.1875
0.04430267491967108 -0.03991101803293575 0.21875
0.04430267491967108 -0.03991101803293575 0.25
0.04430267491967108 -0.03991101803293575 0.28125
0.04430267491967108 -0.03991101803293575 0.3125
0.04430267491967108 -0.03991101803293575 0.34375
0.04430267491967108 -0.03991101803293575 0.375
0.04430267491967108 -0.03991101803293575 0.40625
0.04430267491967108 -0.03991101803293575 0.4375
0.04430267491967108 -0.03991101803293575 0.46875
0.04522931699423051 -0.02352919286899655 0.03125
0.04522931699423051 -0.02352919286899655 0.0625
0.04522931699423051 -0.02352919286899655 0.09375
0.04522931699423051 -0.02352919286899655 0.125
0.04522931699423051 -0.02352919286899655 0.15625
0.04522931699423051 -0.02352919286899655 0.1875
0.04522931699423051 -0.02352919286899655 0.21875
0.04522931699423051 -0.02352919286899655 0.25
0.04522931699423051 -0.02352919286899655 0.28125
0.04522931699423051 -0.02352919286899655 0.3125
0.04522931699423051 -0.02352919286899655 0.34375
0.04522931699423051 -0.02352919286899655 0.375
0.04522931699423051 -0.02352919286899655 0.40625
0.04522931699423051 -0.02352919286899655 0.4375
0.04522931699423051 -0.02352919286899655 0.46875
0.05895307294640232 -0.03252260096522348 0.03125
0.05895307294640232 -0.03252260096522348 0.0625
0.05895307294640232 -0.03252260096522348 0.09375
0.05895307294640232 -0.03252260096522348 0.125
0.05895307294640232 -0.03252260096522348 0.15625
0.05895307294640232 -0.03252260096522348 0.1875
0.05895307294640232 -0.03252260096522348 0.21875
0.05895307294640232 -0.03252260096522348 0.25
0.05895307294640232 -0.03252260096522348 0.28125
0.05895307294640232 -0.03252260096522348 0.3125
0.05895307294640232 -0.03252260096522348 0.34375
0.05895307294640232 -0.03252260096522348 0.375
0.05895307294640232 -0.03252260096522348 0.40625
0.05895307294640232 -0.03252260096522348 0.4375
0.05895307294640232 -0.03252260096522348 0.46875
0.0598797149549013 -0.01614077579132301 0.03125
0.0598797149549013 -0.01614077579132301 0.0625
0.0598797149549013 -0.01614077579132301 0.09375
0.0598797149549013 -0.01614077579132301 0.125
0.0598797149549013 -0.01614077579132301 0.15625
0.0598797149549013 -0.01614077579132301 0.1875
0.0598797149549013 -0.01614077579132301 0.21875
0.0598797149549013 -0.01614077579132301 0.25
0.0598797149549013 -0.01614077579132301 0.28125
0.0598797149549013 -0.01614077579132301 0.3125
0.0598797149549013 -0.01614077579132301 0.34375
0.0598797149549013 -0.01614077579132301 0.375
0.0598797149549013 -0.01614077579132301 0.40625
0.0598797149549013 -0.01614077579132301 0.4375
0.0598797149549013 -0.01614077579132301 0.46875
-0.04081978598032954 -0.03509604511752575 0.03125
-0.04081978598032954 -0.03509604511752575 0.0625
-0.04081978598032954 -0.03509604511752575 0.09375
-0.04081978598032954 -0.03509604511752575 0.125
-0.04081978598032954 -0.03509604511752575 0.15625
-0.04081978598032954 -0.03509604511752575 0.1875
-0.04081978598032954 -0.03509604511752575 0.21875
-0.04081978598032954 -0.03509604511752575 0.25
-0.04081978598032954 -0.03509604511752575 0.28125
-0.04081978598032954 -0.03509604511752575 0.3125
-0.04081978598032954 -0.03509604511752575 0.34375
-0.04081978598032954 -0.03509604511752575 0.375
-0.04081978598032954 -0.03509604511752575 0.40625
-0.04081978598032954 -0.03509604511752575 0.4375
-0.04081978598032954 -0.03509604511752575 0.46875
0.04615595917203503 -0.007147367716831502 0.03125
0.04615595917203503 -0.007147367716831502 0.0625
0.04615595917203503 -0.007147367716831502 0.09375
0.04615595917203503 -0.007147367716831502 0.125
0.04615595917203503 -0.007147367716831502 0.15625
0.04615595917203503 -0.007147367716831502 0.1875
0.04615595917203503 -0.007147367716831502 0.21875
0.04615595917203503 -0.007147367716831502 0.25
0.04615595917203503 -0.007147367716831502 0.28125
0.04615595917203503 -0.007147367716831502 0.3125
0.04615595917203503 -0.007147367716831502 0.34375
0.04615595917203503 -0.007147367716831502 0.375
0.04615595917203503 -0.007147367716831502 0.40625
0.04615595917203503 -0.007147367716831502 0.4375
0.04615595917203503 -0.007147367716831502 0.46875
0.06080635698214474 0.00024104938305884 0.03125
0.06080635698214474 0.00024104938305884 0.0625
0.06080635698214474 0.00024104938305884 0.09375
0.06080635698214474 0.00024104938305884 0.125
0.06080635698214474 0.00024104938305884 0.15625
0.06080635698214474 0.00024104938305884 0.1875
0.06080635698214474 0.00024104938305884 0.21875
0.06080635698214474 0.00024104938305884 0.25
0.06080635698214474 0.00024104938305884 0.28125
0.06080635698214474 0.00024104938305884 0.3125
0.06080635698214474 0.00024104938305884 0.34375
0.06080635698214474 0.00024104938305884 0.375
0.06080635698214474 0.00024104938305884 0.40625
0.06080635698214474 0.00024104938305884 0.4375
0.06080635698214474 0.00024104938305884 0.46875
0.04708260118961503 0.009234457458671236 0.03125
0.04708260118961503 0.009234457458671236 0.0625
0.04708260118961503 0.009234457458671236 0.09375
0.04708260118961503 0.009234457458671236 0.125
0.04708260118961503 0.009234457458671236 0.15625
0.04708260118961503 0.009234457458671236 0.1875
0.04708260118961503 0.009234457458671236 0.21875
0.04708260118961503 0.009234457458671236 0.25
0.04708260118961503 0.009234457458671236 0.28125
0.04708260118961503 0.009234457458671236 0.3125
0.04708260118961503 0.009234457458671236 0.34375
0.04708260118961503 0.009234457458671236 0.375
0.04708260118961503 0.009234457458671236 0.40625
0.04708260118961503 0.009234457458671236 0.4375
0.04708260118961503 0.009234457458671236 0.46875
0.06173299894678192 0.01662287457378331 0.03125
0.06173299894678192 0.01662287457378331 0.0625
0.06173299894678192 0.01662287457378331 0.09375
0.06173299894678192 0.01662287457378331 0.125
0.06173299894678192 0.01662287457378331 0.15625
0.06173299894678192 0.01662287457378331 0.1875
0.06173299894678192 0.01662287457378331 0.21875
0.06173299894678192 0.01662287457378331 0.25
0.06173299894678192 0.01662287457378331 0.28125
0.06173299894678192 0.01662287457378331 0.3125
0.06173299894678192 0.01662287457378331 0.34375
0.06173299894678192 0.01662287457378331 0.375
0.06173299894678192 0.01662287457378331 0.40625
0.06173299894678192 0.01662287457378331 0.4375
0.06173299894678192 0.01662287457378331 0.46875
0.04800924315431351 0.02561628265220545 0.03125
0.04800924315431351 0.02561628265220545 0.0625
0.04800924315431351 0.02561628265220545 0.09375
0.04800924315431351 0.02561628265220545 0.125
0.04800924315431351 0.02561628265220545 0.15625
0.04800924315431351 0.02561628265220545 0.1875
0.04800924315431351 0.02561628265220545 0.21875
0.04800924315431351 0.02561628265220545 0.25
0.04800924315431351 0.02561628265220545 0.28125
0.04800924315431351 0.02561628265220545 0.3125
0.04800924315431351 0.02561628265220545 0.34375
0.04800924315431351 0.02561628265220545 0.375
0.04800924315431351 0.02561628265220545 0.40625
0.04800924315431351 0.02561628265220545 0.4375
0.04800924315431351 0.02561628265220545 0.46875
-0.0554701831584747 -0.04248446233527142 0.03125
-0.0554701831584747 -0.04248446233527142 0.0625
-0.0554701831584747 -0.04248446233527142 0.09375
-0.0554701831584747 -0.04248446233527142 0.125
-0.0554701831584747 -0.04248446233527142 0.15625
-0.0554701831584747 -0.04248446233527142 0.1875
-0.0554701831584747 -0.04248446233527142 0.21875
-0.0554701831584747 -0.04248446233527142 0.25
-0.0554701831584747 -0.04248446233527142 0.28125
-0.0554701831584747 -0.04248446233527142 0.3125
-0.0554701831584747 -0.04248446233527142 0.34375
-0.0554701831584747 -0.04248446233527142 0.375
-0.0554701831584747 -0.04248446233527142 0.40625
-0.0554701831584747 -0.04248446233527142 0.4375
-0.0554701831584747 -0.04248446233527142 0.46875
-0.05454354124394132 -0.02610263713794268 0.03125
-0.05454354124394132 -0.02610263713794268 0.0625
-0.05454354124394132 -0.02610263713794268 0.09375
-0.05454354124394132 -0.02610263713794268 0.125
-0.05454354124394132 -0.02610263713794268 0.15625
-0.05454354124394132 -0.02610263713794268 0.1875
-0.05454354124394132 -0.02610263713794268 0.21875
-0.05454354124394132 -0.02610263713794268 0.25
-0.05454354124394132 -0.02610263713794268 0.28125
-0.05454354124394132 -0.02610263713794268 0.3125
-0.05454354124394132 -0.02610263713794268 0.34375
-0.05454354124394132 -0.02610263713794268 0.375
-0.05454354124394132 -0.02610263713794268 0.40625
-0.05454354124394132 -0.02610263713794268 0.4375
-0.05454354124394132 -0.02610263713794268 0.46875
0.04337603310590765 -0.05629284324338321 0.03125
0.04337603310590765 -0.05629284324338321 0.0625
0.04337603310590765 -0.05629284324338321 0.09375
0.04337603310590765 -0.05629284324338321 0.125
0.04337603310590765 -0.05629284324338321 0.15625
0.04337603310590765 -0.05629284324338321 0.1875
0.04337603310590765 -0.05629284324338321 0.21875
0.04337603310590765 -0.05629284324338321 0.25
0.04337603310590765 -0.05629284324338321 0.28125
0.04337603310590765 -0.05629284324338321 0.3125
0.04337603310590765 -0.05629284324338321 0.34375
0.04337603310590765 -0.05629284324338321 0.375
0.04337603310590765 -0.05629284324338321 0.40625
0.04337603310590765 -0.05629284324338321 0.4375
0.04337603310590765 -0.05629284324338321 0.46875
-0.01452390445604351 -0.06901856074992993 0.03125
-0.01452390445604351 -0.06901856074992993 0.0625
-0.01452390445604351 -0.06901856074992993 0.09375
-0.01452390445604351 -0.06901856074992993 0.125
-0.01452390445604351 -0.06901856074992993 0.15625
-0.01452390445604351 -0.06901856074992993 0.1875
-0.01452390445604351 -0.06901856074992993 0.21875
-0.01452390445604351 -0.06901856074992993 0.25
-0.01452390445604351 -0.06901856074992993 0.28125
-0.01452390445604351 -0.06901856074992993 0.3125
-0.01452390445604351 -0.06901856074992993 0.34375
-0.01452390445604351 -0.06901856074992993 0.375
-0.01452390445604351 -0.06901856074992993 0.40625
-0.01452390445604351 -0.06901856074992993 0.4375
-0.01452390445604351 -0.06901856074992993 0.46875
0.06250528179622915 0.03276915092933667 0.03125
0.06250528179622915 0.03276915092933667 0.0625
0.06250528179622915 0.03276915092933667 0.09375
0.06250528179622915 0.03276915092933667 0.125
0.06250528179622915 0.03276915092933667 0.15625
0.06250528179622915 0.03276915092933667 0.1875
0.06250528179622915 0.03276915092933667 0.21875
0.06250528179622915 0.03276915092933667 0.25
0.06250528179622915 0.03276915092933667 0.28125
0.06250528179622915 0.03276915092933667 0.3125
0.06250528179622915 0.03276915092933667 0.34375
0.06250528179622915 0.03276915092933667 0.375
0.06250528179622915 0.03276915092933667 0.40625
0.06250528179622915 0.03276915092933667 0.4375
0.06250528179622915 0.03276915092933667 0.46875
0.04891015859745652 0.04195884970059296 0.03125
0.04891015859745652 0.04195884970059296 0.0625
0.04891015859745652 0.04195884970059296 0.09375
0.04891015859745652 0.04195884970059296 0.125
0.04891015859745652 0.04195884970059296 0.15625
0.04891015859745652 0.04195884970059296 0.1875
0.04891015859745652 0.04195884970059296 0.21875
0.04891015859745652 0.04195884970059296 0.25
0.04891015859745652 0.04195884970059296 0.28125
0.04891015859745652 0.04195884970059296 0.3125
0.04891015859745652 0.04195884970059296 0.34375
0.04891015859745652 0.04195884970059296 0.375
0.04891015859745652 0.04195884970059296 0.40625
0.04891015859745652 0.04195884970059296 0.4375
0.04891015859745652 0.04195884970059296 0.46875
0.03428119961514449 0.0346031477097729 0.03125
0.03428119961514449 0.0346031477097729 0.0625
0.03428119961514449 0.0346031477097729 0.09375
0.03428119961514449 0.0346031477097729 0.125
0.03428119961514449 0.0346031477097729 0.15625
0.03428119961514449 0.0346031477097729 0.1875
0.03428119961514449 0.0346031477097729 0.21875
0.03428119961514449 0.0346031477097729 0.25
0.03428119961514449 0.0346031477097729 0.28125
0.03428119961514449 0.0346031477097729 0.3125
0.03428119961514449 0.0346031477097729 0.34375
0.03428119961514449 0.0346031477097729 0.375
0.03428119961514449 0.0346031477097729 0.40625
0.03428119961514449 0.0346031477097729 0.4375
0.03428119961514449 0.0346031477097729 0.46875
0.03520712694784276 0.05098388238435669 0.03125
0.03520712694784276 0.05098388238435669 0.0625
0.03520712694784276 0.05098388238435669 0.09375
0.03520712694784276 0.05098388238435669 0.125
0.03520712694784276 0.05098388238435669 0.15625
0.03520712694784276 0.05098388238435669 0.1875
0.03520712694784276 0.05098388238435669 0.21875
0.03520712694784276 0.05098388238435669 0.25
0.03520712694784276 0.05098388238435669 0.28125
0.03520712694784276 0.05098388238435669 0.3125
0.03520712694784276 0.05098388238435669 0.34375
0.03520712694784276 0.05098388238435669 0.375
0.03520712694784276 0.05098388238435669 0.40625
0.03520712694784276 0.05098388238435669 0.4375
0.03520712694784276 0.05098388238435669 0.46875
0.07598175259421688 0.02406167357522246 0.03125
0.07598175259421688 0.02406167357522246 0.0625
0.07598175259421688 0.02406167357522246 0.09375
0.07598175259421688 0.02406167357522246 0.125
0.07598175259421688 0.02406167357522246 0.15625
0.07598175259421688 0.02406167357522246 0.1875
0.07598175259421688 0.02406167357522246 0.21875
0.07598175259421688 0.02406167357522246 0.25
0.07598175259421688 0.02406167357522246 0.28125
0.07598175259421688 0.02406167357522246 0.3125
0.07598175259421688 0.02406167357522246 0.34375
0.07598175259421688 0.02406167357522246 0.375
0.07598175259421688 0.02406167357522246 0.40625
0.07598175259421688 0.02406167357522246 0.4375
0.07598175259421688 0.02406167357522246 0.46875
0.0630119608880146 0.04901707615415708 0.03125
0.0630119608880146 0.04901707615415708 0.0625
0.0630119608880146 0.04901707615415708 0.09375
0.0630119608880146 0.04901707615415708 0.125
0.0630119608880146 0.04901707615415708 0.15625
0.0630119608880146 0.04901707615415708 0.1875
0.0630119608880146 0.04901707615415708 0.21875
0.0630119608880146 0.04901707615415708 0.25
0.0630119608880146 0.04901707615415708 0.28125
0.0630119608880146 0.04901707615415708 0.3125
0.0630119608880146 0.04901707615415708 0.34375
0.0630119608880146 0.04901707615415708 0.375
0.0630119608880146 0.04901707615415708 0.40625
0.0630119608880146 0.04901707615415708 0.4375
0.0630119608880146 0.04901707615415708 0.46875
0.02056018241374257 0.04360073929138897 0.03125
0.02056018241374257 0.04360073929138897 0.0625
0.02056018241374257 0.04360073929138897 0.09375
0.02056018241374257 0.04360073929138897 0.125
0.02056018241374257 0.04360073929138897 0.15625
0.02056018241374257 0.04360073929138897 0.1875
0.02056018241374257 0.04360073929138897 0.21875
0.02056018241374257 0.04360073929138897 0.25
0.02056018241374257 0.04360073929138897 0.28125
0.02056018241374257 0.04360073929138897 0.3125
0.02056018241374257 0.04360073929138897 0.34375
0.02056018241374257 0.04360073929138897 0.375
0.02056018241374257 0.04360073929138897 0.40625
0.02056018241374257 0.04360073929138897 0.4375
0.02056018241374257 0.04360073929138897 0.46875
0.02148728229376785 0.05998325950019606 0.03125
0.02148728229376785 0.05998325950019606 0.0625
0.02148728229376785 0.05998325950019606 0.09375
0.02148728229376785 0.05998325950019606 0.125
0.02148728229376785 0.05998325950019606 0.15625
0.02148728229376785 0.05998325950019606 0.1875
0.02148728229376785 0.05998325950019606 0.21875
0.02148728229376785 0.05998325950019606 0.25
0.02148728229376785 0.05998325950019606 0.28125
0.02148728229376785 0.05998325950019606 0.3125
0.02148728229376785 0.05998325950019606 0.34375
0.02148728229376785 0.05998325950019606 0.375
0.02148728229376785 0.05998325950019606 0.40625
0.02148728229376785 0.05998325950019606 0.4375
0.02148728229376785 0.05998325950019606 0.46875
0.03585813109408121 0.06694509005023616 0.03125
0.03585813109408121 0.06694509005023616 0.0625
0.03585813109408121 0.06694509005023616 0.09375
0.03585813109408121 0.06694509005023616 0.125
0.03585813109408121 0.06694509005023616 0.15625
0.03585813109408121 0.06694509005023616 0.1875
0.03585813109408121 0.06694509005023616 0.21875
0.03585813109408121 0.06694509005023616 0.25
0.03585813109408121 0.06694509005023616 0.28125
0.03585813109408121 0.06694509005023616 0.3125
0.03585813109408121 0.06694509005023616 0.34375
0.03585813109408121 0.06694509005023616 0.375
0.03585813109408121 0.06694509005023616 0.40625
0.03585813109408121 0.06694509005023616 0.4375
0.03585813109408121 0.06694509005023616 0.46875
0.07374406896089547 -0.00870789592796079 0.03125
0.07374406896089547 -0.00870789592796079 0.0625
0.07374406896089547 -0.00870789592796079 0.09375
0.07374406896089547 -0.00870789592796079 0.125
0.07374406896089547 -0.00870789592796079 0.15625
0.07374406896089547 -0.00870789592796079 0.1875
0.07374406896089547 -0.00870789592796079 0.21875
0.07374406896089547 -0.00870789592796079 0.25
0.07374406896089547 -0.00870789592796079 0.28125
0.07374406896089547 -0.00870789592796079 0.3125
0.07374406896089547 -0.00870789592796079 0.34375
0.07374406896089547 -0.00870789592796079 0.375
0.07374406896089547 -0.00870789592796079 0.40625
0.07374406896089547 -0.00870789592796079 0.4375
0.07374406896089547 -0.00870789592796079 0.46875
-0.06879707523449526 -0.03288544846913656 0.03125
-0.06879707523449526 -0.03288544846913656 0.0625
-0.06879707523449526 -0.03288544846913656 0.09375
-0.06879707523449526 -0.03288544846913656 0.125
-0.06879707523449526 -0.03288544846913656 0.15625
-0.06879707523449526 -0.03288544846913656 0.1875
-0.06879707523449526 -0.03288544846913656 0.21875
-0.06879707523449526 -0.03288544846913656 0.25
-0.06879707523449526 -0.03288544846913656 0.28125
-0.06879707523449526 -0.03288544846913656 0.3125
-0.06879707523449526 -0.03288544846913656 0.34375
-0.06879707523449526 -0.03288544846913656 0.375
-0.06879707523449526 -0.03288544846913656 0.40625
-0.06879707523449526 -0.03288544846913656 0.4375
-0.06879707523449526 -0.03288544846913656 0.46875
-0.06820115299432274 -0.01700829478381326 0.03125
-0.06820115299432274 -0.01700829478381326 0.0625
-0.06820115299432274 -0.01700829478381326 0.09375
-0.06820115299432274 -0.01700829478381326 0.125
-0.06820115299432274 -0.01700829478381326 0.15625
-0.06820115299432274 -0.01700829478381326 0.1875
-0.06820115299432274 -0.01700829478381326 0.21875
-0.06820115299432274 -0.01700829478381326 0.25
-0.06820115299432274 -0.01700829478381326 0.28125
-0.06820115299432274 -0.01700829478381326 0.3125
-0.06820115299432274 -0.01700829478381326 0.34375
-0.06820115299432274 -0.01700829478381326 0.375
-0.06820115299432274 -0.01700829478381326 0.40625
-0.06820115299432274 -0.01700829478381326 0.4375
-0.06820115299432274 -0.01700829478381326 0.46875
-0.05360587519911134 -0.009703989583685181 0.03125
-0.05360587519911134 -0.009703989583685181 0.0625
-0.05360587519911134 -0.009703989583685181 0.09375
-0.05360587519911134 -0.009703989583685181 0.125
-0.05360587519911134 -0.009703989583685181 0.15625
-0.05360587519911134 -0.009703989583685181 0.1875
-0.05360587519911134 -0.009703989583685181 0.21875
-0.05360587519911134 -0.009703989583685181 0.25
-0.05360587519911134 -0.009703989583685181 0.28125
-0.05360587519911134 -0.009703989583685181 0.3125
-0.05360587519911134 -0.009703989583685181 0.34375
-0.05360587519911134 -0.009703989583685181 0.375
-0.05360587519911134 -0.009703989583685181 0.40625
-0.05360587519911134 -0.009703989583685181 0.4375
-0.05360587519911134 -0.009703989583685181 0.46875
-0.06732779363747078 -0.0007077777877471087 0.03125
-0.06732779363747078 -0.0007077777877471087 0.0625
-0.06732779363747078 -0.0007077777877471087 0.09375
-0.06732779363747078 -0.0007077777877471087 0.125
-0.06732779363747078 -0.0007077777877471087 0.15625
-0.06732779363747078 -0.0007077777877471087 0.1875
-0.06732779363747078 -0.0007077777877471087 0.21875
-0.06732779363747078 -0.0007077777877471087 0.25
-0.06732779363747078 -0.0007077777877471087 0.28125
-0.06732779363747078 -0.0007077777877471087 0.3125
-0.06732779363747078 -0.0007077777877471087 0.34375
-0.06732779363747078 -0.0007077777877471087 0.375
-0.06732779363747078 -0.0007077777877471087 0.40625
-0.06732779363747078 -0.0007077777877471087 0.4375
-0.06732779363747078 -0.0007077777877471087 0.46875
-0.05268922095077239 0.006662594518528899 0.03125
-0.05268922095077239 0.006662594518528899 0.0625
-0.05268922095077239 0.006662594518528899 0.09375
-0.05268922095077239 0.006662594518528899 0.125
-0.05268922095077239 0.006662594518528899 0.15625
-0.05268922095077239 0.006662594518528899 0.1875
-0.05268922095077239 0.006662594518528899 0.21875
-0.05268922095077239 0.006662594518528899 0.25
-0.05268922095077239 0.006662594518528899 0.28125
-0.05268922095077239 0.006662594518528899 0.3125
-0.05268922095077239 0.006662594518528899 0.34375
-0.05268922095077239 0.006662594518528899 0.375
-0.05268922095077239 0.006662594518528899 0.40625
-0.05268922095077239 0.006662594518528899 0.4375
-0.05268922095077239 0.006662594518528899 0.46875
-0.06667599225004479 0.01593834524490672 0.03125
-0.06667599225004479 0.01593834524490672 0.0625
-0.06667599225004479 0.01593834524490672 0.09375
-0.06667599225004479 0.01593834524490672 0.125
-0.06667599225004479 0.01593834524490672 0.15625
-0.06667599225004479 0.01593834524490672 0.1875
-0.06667599225004479 0.01593834524490672 0.21875
-0.06667599225004479 0.01593834524490672 0.25
-0.06667599225004479 0.01593834524490672 0.28125
-0.06667599225004479 0.01593834524490672 0.3125
-0.06667599225004479 0.01593834524490672 0.34375
-0.06667599225004479 0.01593834524490672 0.375
-0.06667599225004479 0.01593834524490672 0.40625
-0.06667599225004479 0.01593834524490672 0.4375
-0.06667599225004479 0.01593834524490672 0.46875
-0.05182051326871052 0.02311707859083091 0.03125
-0.05182051326871052 0.02311707859083091 0.0625
-0.05182051326871052 0.02311707859083091 0.09375
-0.05182051326871052 0.02311707859083091 0.125
-0.05182051326871052 0.02311707859083091 0.15625
-0.05182051326871052 0.02311707859083091 0.1875
-0.05182051326871052 0.02311707859083091 0.21875
-0.05182051326871052 0.02311707859083091 0.25
-0.05182051326871052 0.02311707859083091 0.28125
-0.05182051326871052 0.02311707859083091 0.3125
-0.05182051326871052 0.02311707859083091 0.34375
-0.05182051326871052 0.02311707859083091 0.375
-0.05182051326871052 0.02311707859083091 0.40625
-0.05182051326871052 0.02311707859083091 0.4375
-0.05182051326871052 0.02311707859083091 0.46875
-0.066511888320358 0.03304560052548512 0.03125
-0.066511888320358 0.03304560052548512 0.0625
-0.066511888320358 0.03304560052548512 0.09375
-0.066511888320358 0.03304560052548512 0.125
-0.066511888320358 0.03304560052548512 0.15625
-0.066511888320358 0.03304560052548512 0.1875
-0.066511888320358 0.03304560052548512 0.21875
-0.066511888320358 0.03304560052548512 0.25
-0.066511888320358 0.03304560052548512 0.28125
-0.066511888320358 0.03304560052548512 0.3125
-0.066511888320358 0.03304560052548512 0.34375
-0.066511888320358 0.03304560052548512 0.375
-0.066511888320358 0.03304560052548512 0.40625
-0.066511888320358 0.03304560052548512 0.4375
-0.066511888320358 0.03304560052548512 0.46875
-0.08291769466976862 -0.02449764620888567 0.03125
-0.08291769466976862 -0.02449764620888567 0.0625
-0.08291769466976862 -0.02449764620888567 0.09375
-0.08291769466976862 -0.02449764620888567 0.125
-0.08291769466976862 -0.02449764620888567 0.15625
-0.08291769466976862 -0.02449764620888567 0.1875
-0.08291769466976862 -0.02449764620888567 0.21875
-0.08291769466976862 -0.02449764620888567 0.25
-0.08291769466976862 -0.02449764620888567 0.28125
-0.08291769466976862 -0.02449764620888567 0.3125
-0.08291769466976862 -0.02449764620888567 0.34375
-0.08291769466976862 -0.02449764620888567 0.375
-0.08291769466976862 -0.02449764620888567 0.40625
-0.08291769466976862 -0.02449764620888567 0.4375
-0.08291769466976862 -0.02449764620888567 0.46875
-0.02880647241803517 -0.07971256297821211 0.03125
-0.02880647241803517 -0.07971256297821211 0.0625
-0.02880647241803517 -0.07971256297821211 0.09375
-0.02880647241803517 -0.07971256297821211 0.125
-0.02880647241803517 -0.07971256297821211 0.15625
-0.02880647241803517 -0.07971256297821211 0.1875
-0.02880647241803517 -0.07971256297821211 0.21875
-0.02880647241803517 -0.07971256297821211 0.25
-0.02880647241803517 -0.07971256297821211 0.28125
-0.02880647241803517 -0.07971256297821211 0.3125
-0.02880647241803517 -0.07971256297821211 0.34375
-0.02880647241803517 -0.07971256297821211 0.375
-0.02880647241803517 -0.07971256297821211 0.40625
-0.02880647241803517 -0.07971256297821211 0.4375
-0.02880647241803517 -0.07971256297821211 0.46875
-0.05586712154973682 -0.05805797068971407 0.03125
-0.05586712154973682 -0.05805797068971407 0.0625
-0.05586712154973682 -0.05805797068971407 0.09375
-0.05586712154973682 -0.05805797068971407 0.125
-0.05586712154973682 -0.05805797068971407 0.15625
-0.05586712154973682 -0.05805797068971407 0.1875
-0.05586712154973682 -0.05805797068971407 0.21875
-0.05586712154973682 -0.05805797068971407 0.25
-0.05586712154973682 -0.05805797068971407 0.28125
-0.05586712154973682 -0.05805797068971407 0.3125
-0.05586712154973682 -0.05805797068971407 0.34375
-0.05586712154973682 -0.05805797068971407 0.375
-0.05586712154973682 -0.05805797068971407 0.40625
-0.05586712154973682 -0.05805797068971407 0.4375
-0.05586712154973682 -0.05805797068971407 0.46875
-0.08125398744650038 0.008781300965213193 0.03125
-0.08125398744650038 0.008781300965213193 0.0625
-0.08125398744650038 0.008781300965213193 0.09375
-0.08125398744650038 0.008781300965213193 0.125
-0.08125398744650038 0.008781300965213193 0.15625
-0.08125398744650038 0.008781300965213193 0.1875
-0.08125398744650038 0.008781300965213193 0.21875
-0.08125398744650038 0.008781300965213193 0.25
-0.08125398744650038 0.008781300965213193 0.28125
-0.08125398744650038 0.008781300965213193 0.3125
-0.08125398744650038 0.008781300965213193 0.34375
-0.08125398744650038 0.008781300965213193 0.375
-0.08125398744650038 0.008781300965213193 0.40625
-0.08125398744650038 0.008781300965213193 0.4375
-0.08125398744650038 0.008781300965213193 0.46875
0.02281074659893987 0.07541729950176662 0.03125
0.02281074659893987 0.07541729950176662 0.0625
0.02281074659893987 0.07541729950176662 0.09375
0.02281074659893987 0.07541729950176662 0.125
0.02281074659893987 0.07541729950176662 0.15625
0.02281074659893987 0.07541729950176662 0.1875
0.02281074659893987 0.07541729950176662 0.21875
0.02281074659893987 0.07541729950176662 0.25
0.02281074659893987 0.07541729950176662 0.28125
0.02281074659893987 0.07541729950176662 0.3125
0.02281074659893987 0.07541729950176662 0.34375
0.02281074659893987 0.07541729950176662 0.375
0.02281074659893987 0.07541729950176662 0.40625
0.02281074659893987 0.07541729950176662 0.4375
0.02281074659893987 0.07541729950176662 0.46875
0.007827533008217872 0.06882325424705889 0.03125
0.007827533008217872 0.06882325424705889 0.0625
0.007827533008217872 0.06882325424705889 0.09375
0.007827533008217872 0.06882325424705889 0.125
0.007827533008217872 0.06882325424705889 0.15625
0.007827533008217872 0.06882325424705889 0.1875
0.007827533008217872 0.06882325424705889 0.21875
0.007827533008217872 0.06882325424705889 0.25
0.007827533008217872 0.06882325424705889 0.28125
0.007827533008217872 0.06882325424705889 0.3125
0.007827533008217872 0.06882325424705889 0.34375
0.007827533008217872 0.06882325424705889 0.375
0.007827533008217872 0.06882325424705889 0.40625
0.007827533008217872 0.06882325424705889 0.4375
0.007827533008217872 0.06882325424705889 0.46875
0.03672491089753775 0.08225602461764521 0.03125
0.03672491089753775 0.08225602461764521 0.0625
0.03672491089753775 0.08225602461764521 0.09375
0.03672491089753775 0.08225602461764521 0.125
0.03672491089753775 0.08225602461764521 0.15625
0.03672491089753775 0.08225602461764521 0.1875
0.03672491089753775 0.08225602461764521 0.21875
0.03672491089753775 0.08225602461764521 0.25
0.03672491089753775 0.08225602461764521 0.28125
0.03672491089753775 0.08225602461764521 0.3125
0.03672491089753775 0.08225602461764521 0.34375
0.03672491089753775 0.08225602461764521 0.375
0.03672491089753775 0.08225602461764521 0.40625
0.03672491089753775 0.08225602461764521 0.4375
0.03672491089753775 0.08225602461764521 0.46875
0.009515343972014791 0.08553155370346964 0.03125
0.009515343972014791 0.08553155370346964 0.0625
0.009515343972014791 0.08553155370346964 0.09375
0.009515343972014791 0.08553155370346964 0.125
0.009515343972014791 0.08553155370346964 0.15625
0.009515343972014791 0.08553155370346964 0.1875
0.009515343972014791 0.08553155370346964 0.21875
0.009515343972014791 0.08553155370346964 0.25
0.009515343972014791 0.08553155370346964 0.28125
0.009515343972014791 0.08553155370346964 0.3125
0.009515343972014791 0.08553155370346964 0.34375
0.009515343972014791 0.08553155370346964 0.375
0.009515343972014791 0.08553155370346964 0.40625
0.009515343972014791 0.08553155370346964 0.4375
0.009515343972014791 0.08553155370346964 0.46875
-0.01833405811841672 0.08778117598614205 0.03125
-0.01833405811841672 0.08778117598614205 0.0625
-0.01833405811841672 0.08778117598614205 0.09375
-0.01833405811841672 0.08778117598614205 0.125
-0.01833405811841672 0.08778117598614205 0.15625
-0.01833405811841672 0.08778117598614205 0.1875
-0.01833405811841672 0.08778117598614205 0.21875
-0.01833405811841672 0.08778117598614205 0.25
-0.01833405811841672 0.08778117598614205 0.28125
-0.01833405811841672 0.08778117598614205 0.3125
-0.01833405811841672 0.08778117598614205 0.34375
-0.01833405811841672 0.08778117598614205 0.375
-0.01833405811841672 0.08778117598614205 0.40625
-0.01833405811841672 0.08778117598614205 0.4375
-0.01833405811841672 0.08778117598614205 0.46875
-0.06382518089527942 0.06550191762674519 0.03125
-0.06382518089527942 0.06550191762674519 0.0625
-0.06382518089527942 0.06550191762674519 0.09375
-0.06382518089527942 0.06550191762674519 0.125
-0.06382518089527942 0.06550191762674519 0.15625
-0.06382518089527942 0.06550191762674519 0.1875
-0.06382518089527942 0.06550191762674519 0.21875
-0.06382518089527942 0.06550191762674519 0.25
-0.06382518089527942 0.06550191762674519 0.28125
-0.06382518089527942 0.06550191762674519 0.3125
-0.06382518089527942 0.06550191762674519 0.34375
-0.06382518089527942 0.06550191762674519 0.375
-0.06382518089527942 0.06550191762674519 0.40625
-0.06382518089527942 0.06550191762674519 0.4375
-0.06382518089527942 0.06550191762674519 0.46875
-0.05102717783365211 0.05599313610894901 0.03125
-0.05102717783365211 0.05599313610894901 0.0625
-0.05102717783365211 0.05599313610894901 0.09375
-0.05102717783365211 0.05599313610894901 0.125
-0.05102717783365211 0.05599313610894901 0.15625
-0.05102717783365211 0.05599313610894901 0.1875
-0.05102717783365211 0.05599313610894901 0.21875
-0.05102717783365211 0.05599313610894901 0.25
-0.05102717783365211 0.05599313610894901 0.28125
-0.05102717783365211 0.05599313610894901 0.3125
-0.05102717783365211 0.05599313610894901 0.34375
-0.05102717783365211 0.05599313610894901 0.375
-0.05102717783365211 0.05599313610894901 0.40625
-0.05102717783365211 0.05599313610894901 0.4375
-0.05102717783365211 0.05599313610894901 0.46875
-0.06619964512440388 0.04976382643405239 0.03125
-0.06619964512440388 0.04976382643405239 0.0625
-0.06619964512440388 0.04976382643405239 0.09375
-0.06619964512440388 0.04976382643405239 0.125
-0.06619964512440388 0.04976382643405239 0.15625
-0.06619964512440388 0.04976382643405239 0.1875
-0.06619964512440388 0.04976382643405239 0.21875
-0.06619964512440388 0.04976382643405239 0.25
-0.06619964512440388 0.04976382643405239 0.28125
-0.06619964512440388 0.04976382643405239 0.3125
-0.06619964512440388 0.04976382643405239 0.34375
-0.06619964512440388 0.04976382643405239 0.375
-0.06619964512440388 0.04976382643405239 0.40625
-0.06619964512440388 0.04976382643405239 0.4375
-0.06619964512440388 0.04976382643405239 0.46875
-0.08054215460164402 0.04259997793402023 0.03125
-0.08054215460164402 0.04259997793402023 0.0625
-0.08054215460164402 0.04259997793402023 0.09375
-0.08054215460164402 0.04259997793402023 0.125
-0.08054215460164402 0.04259997793402023 0.15625
-0.08054215460164402 0.04259997793402023 0.1875
-0.08054215460164402 0.04259997793402023 0.21875
-0.08054215460164402 0.04259997793402023 0.25
-0.08054215460164402 0.04259997793402023 0.28125
-0.08054215460164402 0.04259997793402023 0.3125
-0.08054215460164402 0.04259997793402023 0.34375
-0.08054215460164402 0.04259997793402023 0.375
-0.08054215460164402 0.04259997793402023 0.40625
-0.08054215460164402 0.04259997793402023 0.4375
-0.08054215460164402 0.04259997793402023 0.46875
-0.08155994565152488 0.02628055231956315 0.03125
-0.08155994565152488 0.02628055231956315 0.0625
-0.08155994565152488 0.02628055231956315 0.09375
-0.08155994565152488 0.02628055231956315 0.125
-0.08155994565152488 0.02628055231956315 0.15625
-0.08155994565152488 0.02628055231956315 0.1875
-0.08155994565152488 0.02628055231956315 0.21875
-0.08155994565152488 0.02628055231956315 0.25
-0.08155994565152488 0.02628055231956315 0.28125
-0.08155994565152488 0.02628055231956315 0.3125
-0.08155994565152488 0.02628055231956315 0.34375
-0.08155994565152488 0.02628055231956315 0.375
-0.08155994565152488 0.02628055231956315 0.40625
-0.08155994565152488 0.02628055231956315 0.4375
-0.08155994565152488 0.02628055231956315 0.46875
-0.005176901093499846 0.07726958670127149 0.03125
-0.005176901093499846 0.07726958670127149 0.0625
-0.005176901093499846 0.07726958670127149 0.09375
-0.005176901093499846 0.07726958670127149 0.125
-0.005176901093499846 0.07726958670127149 0.15625
-0.005176901093499846 0.07726958670127149 0.1875
-0.005176901093499846 0.07726958670127149 0.21875
-0.005176901093499846 0.07726958670127149 0.25
-0.005176901093499846 0.07726958670127149 0.28125
-0.005176901093499846 0.07726958670127149 0.3125
-0.005176901093499846 0.07726958670127149 0.34375
-0.005176901093499846 0.07726958670127149 0.375
-0.005176901093499846 0.07726958670127149 0.40625
-0.005176901093499846 0.07726958670127149 0.4375
-0.005176901093499846 0.07726958670127149 0.46875
-0.05151816405112944 0.03987057155924795 0.03125
-0.05151816405112944 0.03987057155924795 0.0625
-0.05151816405112944 0.03987057155924795 0.09375
-0.05151816405112944 0.03987057155924795 0.125
-0.05151816405112944 0.03987057155924795 0.15625
-0.05151816405112944 0.03987057155924795 0.1875
-0.05151816405112944 0.03987057155924795 0.21875
-0.05151816405112944 0.03987057155924795 0.25
-0.05151816405112944 0.03987057155924795 0.28125
-0.05151816405112944 0.03987057155924795 0.3125
-0.05151816405112944 0.03987057155924795 0.34375
-0.05151816405112944 0.03987057155924795 0.375
-0.05151816405112944 0.03987057155924795 0.40625
-0.05151816405112944 0.03987057155924795 0.4375
-0.05151816405112944 0.03987057155924795 0.46875
-0.006770644648066629 0.06144203156297757 0.03125
-0.006770644648066629 0.06144203156297757 0.0625
-0.006770644648066629 0.06144203156297757 0.09375
-0.006770644648066629 0.06144203156297757 0.125
-0.006770644648066629 0.06144203156297757 0.15625
-0.006770644648066629 0.06144203156297757 0.1875
-0.006770644648066629 0.06144203156297757 0.21875
-0.006770644648066629 0.06144203156297757 0.25
-0.006770644648066629 0.06144203156297757 0.28125
-0.006770644648066629 0.06144203156297757 0.3125
-0.006770644648066629 0.06144203156297757 0.34375
-0.006770644648066629 0.06144203156297757 0.375
-0.006770644648066629 0.06144203156297757 0.40625
-0.006770644648066629 0.06144203156297757 0.4375
-0.006770644648066629 0.06144203156297757 0.46875
-0.03711330388636037 0.03043149615464166 0.03125
-0.03711330388636037 0.03043149615464166 0.0625
-0.03711330388636037 0.03043149615464166 0.09375
-0.03711330388636037 0.03043149615464166 0.125
-0.03711330388636037 0.03043149615464166 0.15625
-0.03711330388636037 0.03043149615464166 0.1875
-0.03711330388636037 0.03043149615464166 0.21875
-0.03711330388636037 0.03043149615464166 0.25
-0.03711330388636037 0.03043149615464166 0.28125
-0.03711330388636037 0.03043149615464166 0.3125
-0.03711330388636037 0.03043149615464166 0.34375
-0.03711330388636037 0.03043149615464166 0.375
-0.03711330388636037 0.03043149615464166 0.40625
-0.03711330388636037 0.03043149615464166 0.4375
-0.03711330388636037 0.03043149615464166 0.46875
-0.03805091757385434 0.01406243007246685 0.03125
-0.03805091757385434 0.01406243007246685 0.0625
-0.03805091757385434 0.01406243007246685 0.09375
-0.03805091757385434 0.01406243007246685 0.125
-0.03805091757385434 0.01406243007246685 0.15625
-0.03805091757385434 0.01406243007246685 0.1875
-0.03805091757385434 0.01406243007246685 0.21875
-0.03805091757385434 0.01406243007246685 0.25
-0.03805091757385434 0.01406243007246685 0.28125
-0.03805091757385434 0.01406243007246685 0.3125
-0.03805091757385434 0.01406243007246685 0.34375
-0.03805091757385434 0.01406243007246685 0.375
-0.03805091757385434 0.01406243007246685 0.40625
-0.03805091757385434 0.01406243007246685 0.4375
-0.03805091757385434 0.01406243007246685 0.46875
0.005905813202450384 0.03621495038865171 0.03125
0.005905813202450384 0.03621495038865171 0.0625
0.005905813202450384 0.03621495038865171 0.09375
0.005905813202450384 0.03621495038865171 0.125
0.005905813202450384 0.03621495038865171 0.15625
0.005905813202450384 0.03621495038865171 0.1875
0.005905813202450384 0.03621495038865171 0.21875
0.005905813202450384 0.03621495038865171 0.25
0.005905813202450384 0.03621495038865171 0.28125
0.005905813202450384 0.03621495038865171 0.3125
0.005905813202450384 0.03621495038865171 0.34375
0.005905813202450384 0.03621495038865171 0.375
0.005905813202450384 0.03621495038865171 0.40625
0.005905813202450384 0.03621495038865171 0.4375
0.005905813202450384 0.03621495038865171 0.46875
0.01870800078289774 0.0108395225887974 0.03125
0.01870800078289774 0.0108395225887974 0.0625
0.01870800078289774 0.0108395225887974 0.09375
0.01870800078289774 0.0108395225887974 0.125
0.01870800078289774 0.0108395225887974 0.15625
0.01870800078289774 0.0108395225887974 0.1875
0.01870800078289774 0.0108395225887974 0.21875
0.01870800078289774 0.0108395225887974 0.25
0.01870800078289774 0.0108395225887974 0.28125
0.01870800078289774 0.0108395225887974 0.3125
0.01870800078289774 0.0108395225887974 0.34375
0.01870800078289774 0.0108395225887974 0.375
0.01870800078289774 0.0108395225887974 0.40625
0.01870800078289774 0.0108395225887974 0.4375
0.01870800078289774 0.0108395225887974 0.46875
-0.08512927760385647 -0.007937396327181892 0.03125
-0.08512927760385647 -0.007937396327181892 0.0625
-0.08512927760385647 -0.007937396327181892 0.09375
-0.08512927760385647 -0.007937396327181892 0.125
-0.08512927760385647 -0.007937396327181892 0.15625
-0.08512927760385647 -0.007937396327181892 0.1875
-0.08512927760385647 -0.007937396327181892 0.21875
-0.08512927760385647 -0.007937396327181892 0.25
-0.08512927760385647 -0.007937396327181892 0.28125
-0.08512927760385647 -0.007937396327181892 0.3125
-0.08512927760385647 -0.007937396327181892 0.34375
-0.08512927760385647 -0.007937396327181892 0.375
-0.08512927760385647 -0.007937396327181892 0.40625
-0.08512927760385647 -0.007937396327181892 0.4375
-0.08512927760385647 -0.007937396327181892 0.46875
0.0003139819930298477 -0.06200191481275108 0.03125
0.0003139819930298477 -0.06200191481275108 0.0625
0.0003139819930298477 -0.06200191481275108 0.09375
0.0003139819930298477 -0.06200191481275108 0.125
0.0003139819930298477 -0.06200191481275108 0.15625
0.0003139819930298477 -0.06200191481275108 0.1875
0.0003139819930298477 -0.06200191481275108 0.21875
0.0003139819930298477 -0.06200191481275108 0.25
0.0003139819930298477 -0.06200191481275108 0.28125
0.0003139819930298477 -0.06200191481275108 0.3125
0.0003139819930298477 -0.06200191481275108 0.34375
0.0003139819930298477 -0.06200191481275108 0.375
0.0003139819930298477 -0.06200191481275108 0.40625
0.0003139819930298477 -0.06200191481275108 0.4375
0.0003139819930298477 -0.06200191481275108 0.46875
0.01418226209059451 -0.07088443087852696 0.03125
0.01418226209059451 -0.07088443087852696 0.0625
0.01418226209059451 -0.07088443087852696 0.09375
0.01418226209059451 -0.07088443087852696 0.125
0.01418226209059451 -0.07088443087852696 0.15625
0.01418226209059451 -0.07088443087852696 0.1875
0.01418226209059451 -0.07088443087852696 0.21875
0.01418226209059451 -0.07088443087852696 0.25
0.01418226209059451 -0.07088443087852696 0.28125
0.01418226209059451 -0.07088443087852696 0.3125
0.01418226209059451 -0.07088443087852696 0.34375
0.01418226209059451 -0.07088443087852696 0.375
0.01418226209059451 -0.07088443087852696 0.40625
0.01418226209059451 -0.07088443087852696 0.4375
0.01418226209059451 -0.07088443087852696 0.46875
0.0493686357605234 0.0577107575102018 0.03125
0.0493686357605234 0.0577107575102018 0.0625
0.0493686357605234 0.0577107575102018 0.09375
0.0493686357605234 0.0577107575102018 0.125
0.0493686357605234 0.0577107575102018 0.15625
0.0493686357605234 0.0577107575102018 0.1875
0.0493686357605234 0.0577107575102018 0.21875
0.0493686357605234 0.0577107575102018 0.25
0.0493686357605234 0.0577107575102018 0.28125
0.0493686357605234 0.0577107575102018 0.3125
0.0493686357605234 0.0577107575102018 0.34375
0.0493686357605234 0.0577107575102018 0.375
0.0493686357605234 0.0577107575102018 0.40625
0.0493686357605234 0.0577107575102018 0.4375
0.0493686357605234 0.0577107575102018 0.46875
-0.04203127518642995 -0.06739323579829853 0.03125
-0.04203127518642995 -0.06739323579829853 0.0625
-0.04203127518642995 -0.06739323579829853 0.09375
-0.04203127518642995 -0.06739323579829853 0.125
-0.04203127518642995 -0.06739323579829853 0.15625
-0.04203127518642995 -0.06739323579829853 0.1875
-0.04203127518642995 -0.06739323579829853 0.21875
-0.04203127518642995 -0.06739323579829853 0.25
-0.04203127518642995 -0.06739323579829853 0.28125
-0.04203127518642995 -0.06739323579829853 0.3125
-0.04203127518642995 -0.06739323579829853 0.34375
-0.04203127518642995 -0.06739323579829853 0.375
-0.04203127518642995 -0.06739323579829853 0.40625
-0.04203127518642995 -0.06739323579829853 0.4375
-0.04203127518642995 -0.06739323579829853 0.46875
-0.0451923715565713 -0.08168612018176517 0.03125
-0.0451923715565713 -0.08168612018176517 0.0625
-0.0451923715565713 -0.08168612018176517 0.09375
-0.0451923715565713 -0.08168612018176517 0.125
-0.0451923715565713 -0.08168612018176517 0.15625
-0.0451923715565713 -0.08168612018176517 0.1875
-0.0451923715565713 -0.08168612018176517 0.21875
-0.0451923715565713 -0.08168612018176517 0.25
-0.0451923715565713 -0.08168612018176517 0.28125
-0.0451923715565713 -0.08168612018176517 0.3125
-0.0451923715565713 -0.08168612018176517 0.34375
-0.0451923715565713 -0.08168612018176517 0.375
-0.0451923715565713 -0.08168612018176517 0.40625
-0.0451923715565713 -0.08168612018176517 0.4375
-0.0451923715565713 -0.08168612018176517 0.46875
-0.001569679729961058 -0.07739545931071365 0.03125
-0.001569679729961058 -0.07739545931071365 0.0625
-0.001569679729961058 -0.07739545931071365 0.09375
-0.001569679729961058 -0.07739545931071365 0.125
-0.001569679729961058 -0.07739545931071365 0.15625
-0.001569679729961058 -0.07739545931071365 0.1875
-0.001569679729961058 -0.07739545931071365 0.21875
-0.001569679729961058 -0.07739545931071365 0.25
-0.001569679729961058 -0.07739545931071365 0.28125
-0.001569679729961058 -0.07739545931071365 0.3125
-0.001569679729961058 -0.07739545931071365 0.34375
-0.001569679729961058 -0.07739545931071365 0.375
-0.001569679729961058 -0.07739545931071365 0.40625
-0.001569679729961058 -0.07739545931071365 0.4375
-0.001569679729961058 -0.07739545931071365 0.46875
0.01685514747336389 -0.02192419920336092 0.03125
0.01685514747336389 -0.02192419920336092 0.0625
0.01685514747336389 -0.02192419920336092 0.09375
0.01685514747336389 -0.02192419920336092 0.125
0.01685514747336389 -0.02192419920336092 0.15625
0.01685514747336389 -0.02192419920336092 0.1875
0.01685514747336389 -0.02192419920336092 0.21875
0.01685514747336389 -0.02192419920336092 0.25
0.01685514747336389 -0.02192419920336092 0.28125
0.01685514747336389 -0.02192419920336092 0.3125
0.01685514747336389 -0.02192419920336092 0.34375
0.01685514747336389 -0.02192419920336092 0.375
0.01685514747336389 -0.02192419920336092 0.40625
0.01685514747336389 -0.02192419920336092 0.4375
0.01685514747336389 -0.02192419920336092 0.46875
0.07486187309406357 0.007968637084596712 0.03125
0.07486187309406357 0.007968637084596712 0.0625
0.07486187309406357 0.007968637084596712 0.09375
0.07486187309406357 0.007968637084596712 0.125
0.07486187309406357 0.007968637084596712 0.15625
0.07486187309406357 0.007968637084596712 0.1875
0.07486187309406357 0.007968637084596712 0.21875
0.07486187309406357 0.007968637084596712 0.25
0.07486187309406357 0.007968637084596712 0.28125
0.07486187309406357 0.007968637084596712 0.3125
0.07486187309406357 0.007968637084596712 0.34375
0.07486187309406357 0.007968637084596712 0.375
0.07486187309406357 0.007968637084596712 0.40625
0.07486187309406357 0.007968637084596712 0.4375
0.07486187309406357 0.007968637084596712 0.46875
0.02874347274824346 -0.06365038592609533 0.03125
0.02874347274824346 -0.06365038592609533 0.0625
0.02874347274824346 -0.06365038592609533 0.09375
0.02874347274824346 -0.06365038592609533 0.125
0.02874347274824346 -0.06365038592609533 0.15625
0.02874347274824346 -0.06365038592609533 0.1875
0.02874347274824346 -0.06365038592609533 0.21875
0.02874347274824346 -0.06365038592609533 0.25
0.02874347274824346 -0.06365038592609533 0.28125
0.02874347274824346 -0.06365038592609533 0.3125
0.02874347274824346 -0.06365038592609533 0.34375
0.02874347274824346 -0.06365038592609533 0.375
0.02874347274824346 -0.06365038592609533 0.40625
0.02874347274824346 -0.06365038592609533 0.4375
0.02874347274824346 -0.06365038592609533 0.46875
0.02863507883459267 -0.07983007003869115 0.03125
0.02863507883459267 -0.07983007003869115 0.0625
0.02863507883459267 -0.07983007003869115 0.09375
0.02863507883459267 -0.07983007003869115 0.125
0.02863507883459267 -0.07983007003869115 0.15625
0.02863507883459267 -0.07983007003869115 0.1875
0.02863507883459267 -0.07983007003869115 0.21875
0.02863507883459267 -0.07983007003869115 0.25
0.02863507883459267 -0.07983007003869115 0.28125
0.02863507883459267 -0.07983007003869115 0.3125
0.02863507883459267 -0.07983007003869115 0.34375
0.02863507883459267 -0.07983007003869115 0.375
0.02863507883459267 -0.07983007003869115 0.40625
0.02863507883459267 -0.07983007003869115 0.4375
0.02863507883459267 -0.07983007003869115 0.46875
0.0434877915670303 -0.0726245495334313 0.03125
0.0434877915670303 -0.0726245495334313 0.0625
0.0434877915670303 -0.0726245495334313 0.09375
0.0434877915670303 -0.0726245495334313 0.125
0.0434877915670303 -0.0726245495334313 0.15625
0.0434877915670303 -0.0726245495334313 0.1875
0.0434877915670303 -0.0726245495334313 0.21875
0.0434877915670303 -0.0726245495334313 0.25
0.0434877915670303 -0.0726245495334313 0.28125
0.0434877915670303 -0.0726245495334313 0.3125
0.0434877915670303 -0.0726245495334313 0.34375
0.0434877915670303 -0.0726245495334313 0.375
0.0434877915670303 -0.0726245495334313 0.40625
0.0434877915670303 -0.0726245495334313 0.4375
0.0434877915670303 -0.0726245495334313 0.46875
0.05709978914842504 -0.06528625135387391 0.03125
0.05709978914842504 -0.06528625135387391 0.0625
0.05709978914842504 -0.06528625135387391 0.09375
0.05709978914842504 -0.06528625135387391 0.125
0.05709978914842504 -0.06528625135387391 0.15625
0.05709978914842504 -0.06528625135387391 0.1875
0.05709978914842504 -0.06528625135387391 0.21875
0.05709978914842504 -0.06528625135387391 0.25
0.05709978914842504 -0.06528625135387391 0.28125
0.05709978914842504 -0.06528625135387391 0.3125
0.05709978914842504 -0.06528625135387391 0.34375
0.05709978914842504 -0.06528625135387391 0.375
0.05709978914842504 -0.06528625135387391 0.40625
0.05709978914842504 -0.06528625135387391 0.4375
0.05709978914842504 -0.06528625135387391 0.46875
0.07293519465410533 -0.02509638266439544 0.03125
0.07293519465410533 -0.02509638266439544 0.0625
0.07293519465410533 -0.02509638266439544 0.09375
0.07293519465410533 -0.02509638266439544 0.125
0.07293519465410533 -0.02509638266439544 0.15625
0.07293519465410533 -0.02509638266439544 0.1875
0.07293519465410533 -0.02509638266439544 0.21875
0.07293519465410533 -0.02509638266439544 0.25
0.07293519465410533 -0.02509638266439544 0.28125
0.07293519465410533 -0.02509638266439544 0.3125
0.07293519465410533 -0.02509638266439544 0.34375
0.07293519465410533 -0.02509638266439544 0.375
0.07293519465410533 -0.02509638266439544 0.40625
0.07293519465410533 -0.02509638266439544 0.4375
0.07293519465410533 -0.02509638266439544 0.46875
0.07372133009118181 -0.04388720156982522 0.03125
0.07372133009118181 -0.04388720156982522 0.0625
0.07372133009118181 -0.04388720156982522 0.09375
0.07372133009118181 -0.04388720156982522 0.125
0.07372133009118181 -0.04388720156982522 0.15625
0.07372133009118181 -0.04388720156982522 0.1875
0.07372133009118181 -0.04388720156982522 0.21875
0.07372133009118181 -0.04388720156982522 0.25
0.07372133009118181 -0.04388720156982522 0.28125
0.07372133009118181 -0.04388720156982522 0.3125
0.07372133009118181 -0.04388720156982522 0.34375
0.07372133009118181 -0.04388720156982522 0.375
0.07372133009118181 -0.04388720156982522 0.40625
0.07372133009118181 -0.04388720156982522 0.4375
0.07372133009118181 -0.04388720156982522 0.46875
0.08674958320205133 -0.03280029763835141 0.03125
0.08674958320205133 -0.03280029763835141 0.0625
0.08674958320205133 -0.03280029763835141 0.09375
0.08674958320205133 -0.03280029763835141 0.125
0.08674958320205133 -0.03280029763835141 0.15625
0.08674958320205133 -0.03280029763835141 0.1875
0.08674958320205133 -0.03280029763835141 0.21875
0.08674958320205133 -0.03280029763835141 0.25
0.08674958320205133 -0.03280029763835141 0.28125
0.08674958320205133 -0.03280029763835141 0.3125
0.08674958320205133 -0.03280029763835141 0.34375
0.08674958320205133 -0.03280029763835141 0.375
0.08674958320205133 -0.03280029763835141 0.40625
0.08674958320205133 -0.03280029763835141 0.4375
0.08674958320205133 -0.03280029763835141 0.46875
0.05802643110089753 -0.04890442616235403 0.03125
0.05802643110089753 -0.04890442616235403 0.0625
0.05802643110089753 -0.04890442616235403 0.09375
0.05802643110089753 -0.04890442616235403 0.125
0.05802643110089753 -0.04890442616235403 0.15625
0.05802643110089753 -0.04890442616235403 0.1875
0.05802643110089753 -0.04890442616235403 0.21875
0.05802643110089753 -0.04890442616235403 0.25
0.05802643110089753 -0.04890442616235403 0.28125
0.05802643110089753 -0.04890442616235403 0.3125
0.05802643110089753 -0.04890442616235403 0.34375
0.05802643110089753 -0.04890442616235403 0.375
0.05802643110089753 -0.04890442616235403 0.40625
0.05802643110089753 -0.04890442616235403 0.4375
0.05802643110089753 -0.04890442616235403 0.46875
0.03335805630155339 0.01822678740313964 0.03125
0.03335805630155339 0.01822678740313964 0.0625
0.03335805630155339 0.01822678740313964 0.09375
0.03335805630155339 0.01822678740313964 0.125
0.03335805630155339 0.01822678740313964 0.15625
0.03335805630155339 0.01822678740313964 0.1875
0.03335805630155339 0.01822678740313964 0.21875
0.03335805630155339 0.01822678740313964 0.25
0.03335805630155339 0.01822678740313964 0.28125
0.03335805630155339 0.01822678740313964 0.3125
0.03335805630155339 0.01822678740313964 0.34375
0.03335805630155339 0.01822678740313964 0.375
0.03335805630155339 0.01822678740313964 0.40625
0.03335805630155339 0.01822678740313964 0.4375
0.03335805630155339 0.01822678740313964 0.46875
-0.07205494988934052 -0.04944421309410812 0.03125
-0.07205494988934052 -0.04944421309410812 0.0625
-0.07205494988934052 -0.04944421309410812 0.09375
-0.07205494988934052 -0.04944421309410812 0.125
-0.07205494988934052 -0.04944421309410812 0.15625
-0.07205494988934052 -0.04944421309410812 0.1875
-0.07205494988934052 -0.04944421309410812 0.21875
-0.07205494988934052 -0.04944421309410812 0.25
-0.07205494988934052 -0.04944421309410812 0.28125
-0.07205494988934052 -0.04944421309410812 0.3125
-0.07205494988934052 -0.04944421309410812 0.34375
-0.07205494988934052 -0.04944421309410812 0.375
-0.07205494988934052 -0.04944421309410812 0.40625
-0.07205494988934052 -0.04944421309410812 0.4375
-0.07205494988934052 -0.04944421309410812 0.46875
-0.06959587398719913 -0.06911954225291164 0.03125
-0.06959587398719913 -0.06911954225291164 0.0625
-0.06959587398719913 -0.06911954225291164 0.09375
-0.06959587398719913 -0.06911954225291164 0.125
-0.06959587398719913 -0.06911954225291164 0.15625
-0.06959587398719913 -0.06911954225291164 0.1875
-0.06959587398719913 -0.06911954225291164 0.21875
-0.06959587398719913 -0.06911954225291164 0.25
-0.06959587398719913 -0.06911954225291164 0.28125
-0.06959587398719913 -0.06911954225291164 0.3125
-0.06959587398719913 -0.06911954225291164 0.34375
-0.06959587398719913 -0.06911954225291164 0.375
-0.06959587398719913 -0.06911954225291164 0.40625
-0.06959587398719913 -0.06911954225291164 0.4375
-0.06959587398719913 -0.06911954225291164 0.46875
0.03150554105804502 -0.0145357813945958 0.03125
0.03150554105804502 -0.0145357813945958 0.0625
0.03150554105804502 -0.0145357813945958 0.09375
0.03150554105804502 -0.0145357813945958 0.125
0.03150554105804502 -0.0145357813945958 0.15625
0.03150554105804502 -0.0145357813945958 0.1875
0.03150554105804502 -0.0145357813945958 0.21875
0.03150554105804502 -0.0145357813945958 0.25
0.03150554105804502 -0.0145357813945958 0.28125
0.03150554105804502 -0.0145357813945958 0.3125
0.03150554105804502 -0.0145357813945958 0.34375
0.03150554105804502 -0.0145357813945958 0.375
0.03150554105804502 -0.0145357813945958 0.40625
0.03150554105804502 -0.0145357813945958 0.4375
0.03150554105804502 -0.0145357813945958 0.46875
-0.02616940937812323 -0.02770762437341949 0.03125
-0.02616940937812323 -0.02770762437341949 0.0625
-0.02616940937812323 -0.02770762437341949 0.09375
-0.02616940937812323 -0.02770762437341949 0.125
-0.02616940937812323 -0.02770762437341949 0.15625
-0.02616940937812323 -0.02770762437341949 0.1875
-0.02616940937812323 -0.02770762437341949 0.21875
-0.02616940937812323 -0.02770762437341949 0.25
-0.02616940937812323 -0.02770762437341949 0.28125
-0.02616940937812323 -0.02770762437341949 0.3125
-0.02616940937812323 -0.02770762437341949 0.34375
-0.02616940937812323 -0.02770762437341949 0.375
-0.02616940937812323 -0.02770762437341949 0.40625
-0.02616940937812323 -0.02770762437341949 0.4375
-0.02616940937812323 -0.02770762437341949 0.46875
-0.0243198870935394 0.005058547574752968 0.03125
-0.0243198870935394 0.005058547574752968 0.0625
-0.0243198870935394 0.005058547574752968 0.09375
-0.0243198870935394 0.005058547574752968 0.125
-0.0243198870935394 0.005058547574752968 0.15625
-0.0243198870935394 0.005058547574752968 0.1875
-0.0243198870935394 0.005058547574752968 0.21875
-0.0243198870935394 0.005058547574752968 0.25
-0.0243198870935394 0.005058547574752968 0.28125
-0.0243198870935394 0.005058547574752968 0.3125
-0.0243198870935394 0.005058547574752968 0.34375
-0.0243198870935394 0.005058547574752968 0.375
-0.0243198870935394 0.005058547574752968 0.40625
-0.0243198870935394 0.005058547574752968 0.4375
-0.0243198870935394 0.005058547574752968 0.46875
-0.0389665014214917 -0.002332394853371654 0.03125
-0.0389665014214917 -0.002332394853371654 0.0625
-0.0389665014214917 -0.002332394853371654 0.09375
-0.0389665014214917 -0.002332394853371654 0.125
-0.0389665014214917 -0.002332394853371654 0.15625
-0.0389665014214917 -0.002332394853371654 0.1875
-0.0389665014214917 -0.002332394853371654 0.21875
-0.0389665014214917 -0.002332394853371654 0.25
-0.0389665014214917 -0.002332394853371654 0.28125
-0.0389665014214917 -0.002332394853371654 0.3125
-0.0389665014214917 -0.002332394853371654 0.34375
-0.0389665014214917 -0.002332394853371654 0.375
-0.0389665014214917 -0.002332394853371654 0.40625
-0.0389665014214917 -0.002332394853371654 0.4375
-0.0389665014214917 -0.002332394853371654 0.46875
-0.03989131823075351 -0.01871141421622934 0.03125
-0.03989131823075351 -0.01871141421622934 0.0625
-0.03989131823075351 -0.01871141421622934 0.09375
-0.03989131823075351 -0.01871141421622934 0.125
-0.03989131823075351 -0.01871141421622934 0.15625
-0.03989131823075351 -0.01871141421622934 0.1875
-0.03989131823075351 -0.01871141421622934 0.21875
-0.03989131823075351 -0.01871141421622934 0.25
-0.03989131823075351 -0.01871141421622934 0.28125
-0.03989131823075351 -0.01871141421622934 0.3125
-0.03989131823075351 -0.01871141421622934 0.34375
-0.03989131823075351 -0.01871141421622934 0.375
-0.03989131823075351 -0.01871141421622934 0.40625
-0.03989131823075351 -0.01871141421622934 0.4375
-0.03989131823075351 -0.01871141421622934 0.46875
0.0324319765858484 0.001845876535783555 0.03125
0.0324319765858484 0.001845876535783555 0.0625
0.0324319765858484 0.001845876535783555 0.09375
0.0324319765858484 0.001845876535783555 0.125
0.0324319765858484 0.001845876535783555 0.15625
0.0324319765858484 0.001845876535783555 0.1875
0.0324319765858484 0.001845876535783555 0.21875
0.0324319765858484 0.001845876535783555 0.25
0.0324319765858484 0.001845876535783555 0.28125
0.0324319765858484 0.001845876535783555 0.3125
0.0324319765858484 0.001845876535783555 0.34375
0.0324319765858484 0.001845876535783555 0.375
0.0324319765858484 0.001845876535783555 0.40625
0.0324319765858484 0.001845876535783555 0.4375
0.0324319765858484 0.001845876535783555 0.46875
0.0196326452224154 0.02721972441424526 0.03125
0.0196326452224154 0.02721972441424526 0.0625
0.0196326452224154 0.02721972441424526 0.09375
0.0196326452224154 0.02721972441424526 0.125
0.0196326452224154 0.02721972441424526 0.15625
0.0196326452224154 0.02721972441424526 0.1875
0.0196326452224154 0.02721972441424526 0.21875
0.0196326452224154 0.02721972441424526 0.25
0.0196326452224154 0.02721972441424526 0.28125
0.0196326452224154 0.02721972441424526 0.3125
0.0196326452224154 0.02721972441424526 0.34375
0.0196326452224154 0.02721972441424526 0.375
0.0196326452224154 0.02721972441424526 0.40625
0.0196326452224154 0.02721972441424526 0.4375
0.0196326452224154 0.02721972441424526 0.46875
0.006856055829713078 0.05256020264102421 0.03125
0.006856055829713078 0.05256020264102421 0.0625
0.006856055829713078 0.05256020264102421 0.09375
0.006856055829713078 0.05256020264102421 0.125
0.006856055829713078 0.05256020264102421 0.15625
0.006856055829713078 0.05256020264102421 0.1875
0.006856055829713078 0.05256020264102421 0.21875
0.006856055829713078 0.05256020264102421 0.25
0.006856055829713078 0.05256020264102421 0.28125
0.006856055829713078 0.05256020264102421 0.3125
0.006856055829713078 0.05256020264102421 0.34375
0.006856055829713078 0.05256020264102421 0.375
0.006856055829713078 0.05256020264102421 0.40625
0.006856055829713078 0.05256020264102421 0.4375
0.006856055829713078 0.05256020264102421 0.46875
0.06233600770514985 0.06509725404085241 0.03125
0.06233600770514985 0.06509725404085241 0.0625
0.06233600770514985 0.06509725404085241 0.09375
0.06233600770514985 0.06509725404085241 0.125
0.06233600770514985 0.06509725404085241 0.15625
0.06233600770514985 0.06509725404085241 0.1875
0.06233600770514985 0.06509725404085241 0.21875
0.06233600770514985 0.06509725404085241 0.25
0.06233600770514985 0.06509725404085241 0.28125
0.06233600770514985 0.06509725404085241 0.3125
0.06233600770514985 0.06509725404085241 0.34375
0.06233600770514985 0.06509725404085241 0.375
0.06233600770514985 0.06509725404085241 0.40625
0.06233600770514985 0.06509725404085241 0.4375
0.06233600770514985 0.06509725404085241 0.46875
0.03377959020777447 -0.09464321210583895 0.03125
0.03377959020777447 -0.09464321210583895 0.0625
0.03377959020777447 -0.09464321210583895 0.09375
0.03377959020777447 -0.09464321210583895 0.125
0.03377959020777447 -0.09464321210583895 0.15625
0.03377959020777447 -0.09464321210583895 0.1875
0.03377959020777447 -0.09464321210583895 0.21875
0.03377959020777447 -0.09464321210583895 0.25
0.03377959020777447 -0.09464321210583895 0.28125
0.03377959020777447 -0.09464321210583895 0.3125
0.03377959020777447 -0.09464321210583895 0.34375
0.03377959020777447 -0.09464321210583895 0.375
0.03377959020777447 -0.09464321210583895 0.40625
0.03377959020777447 -0.09464321210583895 0.4375
0.03377959020777447 -0.09464321210583895 0.46875
-0.03379381568291557 0.09519011639929721 0.03125
-0.03379381568291557 0.09519011639929721 0.0625
-0.03379381568291557 0.09519011639929721 0.09375
-0.03379381568291557 0.09519011639929721 0.125
-0.03379381568291557 0.09519011639929721 0.15625
-0.03379381568291557 0.09519011639929721 0.1875
-0.03379381568291557 0.09519011639929721 0.21875
-0.03379381568291557 0.09519011639929721 0.25
-0.03379381568291557 0.09519011639929721 0.28125
-0.03379381568291557 0.09519011639929721 0.3125
-0.03379381568291557 0.09519011639929721 0.34375
-0.03379381568291557 0.09519011639929721 0.375
-0.03379381568291557 0.09519011639929721 0.40625
-0.03379381568291557 0.09519011639929721 0.4375
-0.03379381568291557 0.09519011639929721 0.46875
0.0136767294190987 -0.08837909726511796 0.03125
0.0136767294190987 -0.08837909726511796 0.0625
0.0136767294190987 -0.08837909726511796 0.09375
0.0136767294190987 -0.08837909726511796 0.125
0.0136767294190987 -0.08837909726511796 0.15625
0.0136767294190987 -0.08837909726511796 0.1875
0.0136767294190987 -0.08837909726511796 0.21875
0.0136767294190987 -0.08837909726511796 0.25
0.0136767294190987 -0.08837909726511796 0.28125
0.0136767294190987 -0.08837909726511796 0.3125
0.0136767294190987 -0.08837909726511796 0.34375
0.0136767294190987 -0.08837909726511796 0.375
0.0136767294190987 -0.08837909726511796 0.40625
0.0136767294190987 -0.08837909726511796 0.4375
0.0136767294190987 -0.08837909726511796 0.46875
-0.006643174316502933 -0.09288371412766634 0.03125
-0.006643174316502933 -0.09288371412766634 0.0625
-0.006643174316502933 -0.09288371412766634 0.09375
-0.006643174316502933 -0.09288371412766634 0.125
-0.006643174316502933 -0.09288371412766634 0.15625
-0.006643174316502933 -0.09288371412766634 0.1875
-0.006643174316502933 -0.09288371412766634 0.21875
-0.006643174316502933 -0.09288371412766634 0.25
-0.006643174316502933 -0.09288371412766634 0.28125
-0.006643174316502933 -0.09288371412766634 0.3125
-0.006643174316502933 -0.09288371412766634 0.34375
-0.006643174316502933 -0.09288371412766634 0.375
-0.006643174316502933 -0.09288371412766634 0.40625
-0.006643174316502933 -0.09288371412766634 0.4375
-0.006643174316502933 -0.09288371412766634 0.46875
0.08776733307595661 -0.0004793201490619588 0.03125
0.08776733307595661 -0.0004793201490619588 0.0625
0.08776733307595661 -0.0004793201490619588 0.09375
0.08776733307595661 -0.0004793201490619588 0.125
0.08776733307595661 -0.0004793201490619588 0.15625
0.08776733307595661 -0.0004793201490619588 0.1875
0.08776733307595661 -0.0004793201490619588 0.21875
0.08776733307595661 -0.0004793201490619588 0.25
0.08776733307595661 -0.0004793201490619588 0.28125
0.08776733307595661 -0.0004793201490619588 0.3125
0.08776733307595661 -0.0004793201490619588 0.34375
0.08776733307595661 -0.0004793201490619588 0.375
0.08776733307595661 -0.0004793201490619588 0.40625
0.08776733307595661 -0.0004793201490619588 0.4375
0.08776733307595661 -0.0004793201490619588 0.46875
0.0762661682821935 0.03990556717301656 0.03125
0.0762661682821935 0.03990556717301656 0.0625
0.0762661682821935 0.03990556717301656 0.09375
0.0762661682821935 0.03990556717301656 0.125
0.0762661682821935 0.03990556717301656 0.15625
0.0762661682821935 0.03990556717301656 0.1875
0.0762661682821935 0.03990556717301656 0.21875
0.0762661682821935 0.03990556717301656 0.25
0.0762661682821935 0.03990556717301656 0.28125
0.0762661682821935 0.03990556717301656 0.3125
0.0762661682821935 0.03990556717301656 0.34375
0.0762661682821935 0.03990556717301656 0.375
0.0762661682821935 0.03990556717301656 0.40625
0.0762661682821935 0.03990556717301656 0.4375
0.0762661682821935 0.03990556717301656 0.46875
0.0924253880002571 0.03293974441513348 0.03125
0.0924253880002571 0.03293974441513348 0.0625
0.0924253880002571 0.03293974441513348 0.09375
0.0924253880002571 0.03293974441513348 0.125
0.0924253880002571 0.03293974441513348 0.15625
0.0924253880002571 0.03293974441513348 0.1875
0.0924253880002571 0.03293974441513348 0.21875
0.0924253880002571 0.03293974441513348 0.25
0.0924253880002571 0.03293974441513348 0.28125
0.0924253880002571 0.03293974441513348 0.3125
0.0924253880002571 0.03293974441513348 0.34375
0.0924253880002571 0.03293974441513348 0.375
0.0924253880002571 0.03293974441513348 0.40625
0.0924253880002571 0.03293974441513348 0.4375
0.0924253880002571 0.03293974441513348 0.46875
0.0782972276782372 0.05897772313952087 0.03125
0.0782972276782372 0.05897772313952087 0.0625
0.0782972276782372 0.05897772313952087 0.09375
0.0782972276782372 0.05897772313952087 0.125
0.0782972276782372 0.05897772313952087 0.15625
0.0782972276782372 0.05897772313952087 0.1875
0.0782972276782372 0.05897772313952087 0.21875
0.0782972276782372 0.05897772313952087 0.25
0.0782972276782372 0.05897772313952087 0.28125
0.0782972276782372 0.05897772313952087 0.3125
0.0782972276782372 0.05897772313952087 0.34375
0.0782972276782372 0.05897772313952087 0.375
0.0782972276782372 0.05897772313952087 0.40625
0.0782972276782372 0.05897772313952087 0.4375
0.0782972276782372 0.05897772313952087 0.46875
-0.09652187754195525 0.006418657624893088 0.03125
-0.09652187754195525 0.006418657624893088 0.0625
-0.09652187754195525 0.006418657624893088 0.09375
-0.09652187754195525 0.006418657624893088 0.125
-0.09652187754195525 0.006418657624893088 0.15625
-0.09652187754195525 0.006418657624893088 0.1875
-0.09652187754195525 0.006418657624893088 0.21875
-0.09652187754195525 0.006418657624893088 0.25
-0.09652187754195525 0.006418657624893088 0.28125
-0.09652187754195525 0.006418657624893088 0.3125
-0.09652187754195525 0.006418657624893088 0.34375
-0.09652187754195525 0.006418657624893088 0.375
-0.09652187754195525 0.006418657624893088 0.40625
-0.09652187754195525 0.006418657624893088 0.4375
-0.09652187754195525 0.006418657624893088 0.46875
0.08904824888951421 0.01573207858278977 0.03125
0.08904824888951421 0.01573207858278977 0.0625
0.08904824888951421 0.01573207858278977 0.09375
0.08904824888951421 0.01573207858278977 0.125
0.08904824888951421 0.01573207858278977 0.15625
0.08904824888951421 0.01573207858278977 0.1875
0.08904824888951421 0.01573207858278977 0.21875
0.08904824888951421 0.01573207858278977 0.25
0.08904824888951421 0.01573207858278977 0.28125
0.08904824888951421 0.01573207858278977 0.3125
0.08904824888951421 0.01573207858278977 0.34375
0.08904824888951421 0.01573207858278977 0.375
0.08904824888951421 0.01573207858278977 0.40625
0.08904824888951421 0.01573207858278977 0.4375
0.08904824888951421 0.01573207858278977 0.46875
0.05969758879719195 -0.08039669847049785 0.03125
0.05969758879719195 -0.08039669847049785 0.0625
0.05969758879719195 -0.08039669847049785 0.09375
0.05969758879719195 -0.08039669847049785 0.125
0.05969758879719195 -0.08039669847049785 0.15625
0.05969758879719195 -0.08039669847049785 0.1875
0.05969758879719195 -0.08039669847049785 0.21875
0.05969758879719195 -0.08039669847049785 0.25
0.05969758879719195 -0.08039669847049785 0.28125
0.05969758879719195 -0.08039669847049785 0.3125
0.05969758879719195 -0.08039669847049785 0.34375
0.05969758879719195 -0.08039669847049785 0.375
0.05969758879719195 -0.08039669847049785 0.40625
0.05969758879719195 -0.08039669847049785 0.4375
0.05969758879719195 -0.08039669847049785 0.46875
-0.09809614126140781 -0.02070331186286574 0.03125
-0.09809614126140781 -0.02070331186286574 0.0625
-0.09809614126140781 -0.02070331186286574 0.09375
-0.09809614126140781 -0.02070331186286574 0.125
-0.09809614126140781 -0.02070331186286574 0.15625
-0.09809614126140781 -0.02070331186286574 0.1875
-0.09809614126140781 -0.02070331186286574 0.21875
-0.09809614126140781 -0.02070331186286574 0.25
-0.09809614126140781 -0.02070331186286574 0.28125
-0.09809614126140781 -0.02070331186286574 0.3125
-0.09809614126140781 -0.02070331186286574 0.34375
-0.09809614126140781 -0.02070331186286574 0.375
-0.09809614126140781 -0.02070331186286574 0.40625
-0.09809614126140781 -0.02070331186286574 0.4375
-0.09809614126140781 -0.02070331186286574 0.46875
-0.09430387200540216 -0.03517760374994022 0.03125
-0.09430387200540216 -0.03517760374994022 0.0625
-0.09430387200540216 -0.03517760374994022 0.09375
-0.09430387200540216 -0.03517760374994022 0.125
-0.09430387200540216 -0.03517760374994022 0.15625
-0.09430387200540216 -0.03517760374994022 0.1875
-0.09430387200540216 -0.03517760374994022 0.21875
-0.09430387200540216 -0.03517760374994022 0.25
-0.09430387200540216 -0.03517760374994022 0.28125
-0.09430387200540216 -0.03517760374994022 0.3125
-0.09430387200540216 -0.03517760374994022 0.34375
-0.09430387200540216 -0.03517760374994022 0.375
-0.09430387200540216 -0.03517760374994022 0.40625
-0.09430387200540216 -0.03517760374994022 0.4375
-0.09430387200540216 -0.03517760374994022 0.46875
0.005961139793558394 0.1007533056660235 0.03125
0.005961139793558394 0.1007533056660235 0.0625
0.005961139793558394 0.1007533056660235 0.09375
0.005961139793558394 0.1007533056660235 0.125
0.005961139793558394 0.1007533056660235 0.15625
0.005961139793558394 0.1007533056660235 0.1875
0.005961139793558394 0.1007533056660235 0.21875
0.005961139793558394 0.1007533056660235 0.25
0.005961139793558394 0.1007533056660235 0.28125
0.005961139793558394 0.1007533056660235 0.3125
0.005961139793558394 0.1007533056660235 0.34375
0.005961139793558394 0.1007533056660235 0.375
0.005961139793558394 0.1007533056660235 0.40625
0.005961139793558394 0.1007533056660235 0.4375
0.005961139793558394 0.1007533056660235 0.46875
0.07129795613789426 -0.07088308448297027 0.03125
0.07129795613789426 -0.07088308448297027 0.0625
0.07129795613789426 -0.07088308448297027 0.09375
0.07129795613789426 -0.07088308448297027 0.125
0.07129795613789426 -0.07088308448297027 0.15625
0.07129795613789426 -0.07088308448297027 0.1875
0.07129795613789426 -0.07088308448297027 0.21875
0.07129795613789426 -0.07088308448297027 0.25
0.07129795613789426 -0.07088308448297027 0.28125
0.07129795613789426 -0.07088308448297027 0.3125
0.07129795613789426 -0.07088308448297027 0.34375
0.07129795613789426 -0.07088308448297027 0.375
0.07129795613789426 -0.07088308448297027 0.40625
0.07129795613789426 -0.07088308448297027 0.4375
0.07129795613789426 -0.07088308448297027 0.46875
-0.09444351637379651 0.03677184508188252 0.03125
-0.09444351637379651 0.03677184508188252 0.0625
-0.09444351637379651 0.03677184508188252 0.09375
-0.09444351637379651 0.03677184508188252 0.125
-0.09444351637379651 0.03677184508188252 0.15625
-0.09444351637379651 0.03677184508188252 0.1875
-0.09444351637379651 0.03677184508188252 0.21875
-0.09444351637379651 0.03677184508188252 0.25
-0.09444351637379651 0.03677184508188252 0.28125
-0.09444351637379651 0.03677184508188252 0.3125
-0.09444351637379651 0.03677184508188252 0.34375
-0.09444351637379651 0.03677184508188252 0.375
-0.09444351637379651 0.03677184508188252 0.40625
-0.09444351637379651 0.03677184508188252 0.4375
-0.09444351637379651 0.03677184508188252 0.46875
0.09033871357043873 -0.04722152643121286 0.03125
0.09033871357043873 -0.04722152643121286 0.0625
0.09033871357043873 -0.04722152643121286 0.09375
0.09033871357043873 -0.04722152643121286 0.125
0.09033871357043873 -0.04722152643121286 0.15625
0.09033871357043873 -0.04722152643121286 0.1875
0.09033871357043873 -0.04722152643121286 0.21875
0.09033871357043873 -0.04722152643121286 0.25
0.09033871357043873 -0.04722152643121286 0.28125
0.09033871357043873 -0.04722152643121286 0.3125
0.09033871357043873 -0.04722152643121286 0.34375
0.09033871357043873 -0.04722152643121286 0.375
0.09033871357043873 -0.04722152643121286 0.40625
0.09033871357043873 -0.04722152643121286 0.4375
0.09033871357043873 -0.04722152643121286 0.46875
0.1004840147208024 -0.008456774470476392 0.03125
0.1004840147208024 -0.008456774470476392 0.0625
0.1004840147208024 -0.008456774470476392 0.09375
0.1004840147208024 -0.008456774470476392 0.125
0.1004840147208024 -0.008456774470476392 0.15625
0.1004840147208024 -0.008456774470476392 0.1875
0.1004840147208024 -0.008456774470476392 0.21875
0.1004840147208024 -0.008456774470476392 0.25
0.1004840147208024 -0.008456774470476392 0.28125
0.1004840147208024 -0.008456774470476392 0.3125
0.1004840147208024 -0.008456774470476392 0.34375
0.1004840147208024 -0.008456774470476392 0.375
0.1004840147208024 -0.008456774470476392 0.40625
0.1004840147208024 -0.008456774470476392 0.4375
0.1004840147208024 -0.008456774470476392 0.46875
-0.03762134222506766 -0.09443815266954715 0.03125
-0.03762134222506766 -0.09443815266954715 0.0625
-0.03762134222506766 -0.09443815266954715 0.09375
-0.03762134222506766 -0.09443815266954715 0.125
-0.03762134222506766 -0.09443815266954715 0.15625
-0.03762134222506766 -0.09443815266954715 0.1875
-0.03762134222506766 -0.09443815266954715 0.21875
-0.03762134222506766 -0.09443815266954715 0.25
-0.03762134222506766 -0.09443815266954715 0.28125
-0.03762134222506766 -0.09443815266954715 0.3125
-0.03762134222506766 -0.09443815266954715 0.34375
-0.03762134222506766 -0.09443815266954715 0.375
-0.03762134222506766 -0.09443815266954715 0.40625
-0.03762134222506766 -0.09443815266954715 0.4375
-0.03762134222506766 -0.09443815266954715 0.46875
0.04945438364662606 0.09056894188441904 0.03125
0.04945438364662606 0.09056894188441904 0.0625
0.04945438364662606 0.09056894188441904 0.09375
0.04945438364662606 0.09056894188441904 0.125
0.04945438364662606 0.09056894188441904 0.15625
0.04945438364662606 0.09056894188441904 0.1875
0.04945438364662606 0.09056894188441904 0.21875
0.04945438364662606 0.09056894188441904 0.25
0.04945438364662606 0.09056894188441904 0.28125
0.04945438364662606 0.09056894188441904 0.3125
0.04945438364662606 0.09056894188441904 0.34375
0.04945438364662606 0.09056894188441904 0.375
0.04945438364662606 0.09056894188441904 0.40625
0.04945438364662606 0.09056894188441904 0.4375
0.04945438364662606 0.09056894188441904 0.46875
-0.0219390904547963 0.101704702913417 0.03125
-0.0219390904547963 0.101704702913417 0.0625
-0.0219390904547963 0.101704702913417 0.09375
-0.0219390904547963 0.101704702913417 0.125
-0.0219390904547963 0.101704702913417 0.15625
-0.0219390904547963 0.101704702913417 0.1875
-0.0219390904547963 0.101704702913417 0.21875
-0.0219390904547963 0.101704702913417 0.25
-0.0219390904547963 0.101704702913417 0.28125
-0.0219390904547963 0.101704702913417 0.3125
-0.0219390904547963 0.101704702913417 0.34375
-0.0219390904547963 0.101704702913417 0.375
-0.0219390904547963 0.101704702913417 0.40625
-0.0219390904547963 0.101704702913417 0.4375
-0.0219390904547963 0.101704702913417 0.46875
0.0204837810374345 -0.101905796711929 0.03125
0.0204837810374345 -0.101905796711929 0.0625
0.0204837810374345 -0.101905796711929 0.09375
0.0204837810374345 -0.101905796711929 0.125
0.0204837810374345 -0.101905796711929 0.15625
0.0204837810374345 -0.101905796711929 0.1875
0.0204837810374345 -0.101905796711929 0.21875
0.0204837810374345 -0.101905796711929 0.25
0.0204837810374345 -0.101905796711929 0.28125
0.0204837810374345 -0.101905796711929 0.3125
0.0204837810374345 -0.101905796711929 0.34375
0.0204837810374345 -0.101905796711929 0.375
0.0204837810374345 -0.101905796711929 0.40625
0.0204837810374345 -0.101905796711929 0.4375
0.0204837810374345 -0.101905796711929 0.46875
-0.01442635230452934 -0.08318978754011426 0.03125
-0.01442635230452934 -0.08318978754011426 0.0625
-0.01442635230452934 -0.08318978754011426 0.09375
-0.01442635230452934 -0.08318978754011426 0.125
-0.01442635230452934 -0.08318978754011426 0.15625
-0.01442635230452934 -0.08318978754011426 0.1875
-0.01442635230452934 -0.08318978754011426 0.21875
-0.01442635230452934 -0.08318978754011426 0.25
-0.01442635230452934 -0.08318978754011426 0.28125
-0.01442635230452934 -0.08318978754011426 0.3125
-0.01442635230452934 -0.08318978754011426 0.34375
-0.01442635230452934 -0.08318978754011426 0.375
-0.01442635230452934 -0.08318978754011426 0.40625
-0.01442635230452934 -0.08318978754011426 0.4375
-0.01442635230452934 -0.08318978754011426 0.46875
0.04923172530777591 0.0730757344058456 0.03125
0.04923172530777591 0.0730757344058456 0.0625
0.04923172530777591 0.0730757344058456 0.09375
0.04923172530777591 0.0730757344058456 0.125
0.04923172530777591 0.0730757344058456 0.15625
0.04923172530777591 0.0730757344058456 0.1875
0.04923172530777591 0.0730757344058456 0.21875
0.04923172530777591 0.0730757344058456 0.25
0.04923172530777591 0.0730757344058456 0.28125
0.04923172530777591 0.0730757344058456 0.3125
0.04923172530777591 0.0730757344058456 0.34375
0.04923172530777591 0.0730757344058456 0.375
0.04923172530777591 0.0730757344058456 0.40625
0.04923172530777591 0.0730757344058456 0.4375
0.04923172530777591 0.0730757344058456 0.46875
0.08689018374087554 -0.01661072081471706 0.03125
0.08689018374087554 -0.01661072081471706 0.0625
0.08689018374087554 -0.01661072081471706 0.09375
0.08689018374087554 -0.01661072081471706 0.125
0.08689018374087554 -0.01661072081471706 0.15625
0.08689018374087554 -0.01661072081471706 0.1875
0.08689018374087554 -0.01661072081471706 0.21875
0.08689018374087554 -0.01661072081471706 0.25
0.08689018374087554 -0.01661072081471706 0.28125
0.08689018374087554 -0.01661072081471706 0.3125
0.08689018374087554 -0.01661072081471706 0.34375
0.08689018374087554 -0.01661072081471706 0.375
0.08689018374087554 -0.01661072081471706 0.40625
0.08689018374087554 -0.01661072081471706 0.4375
0.08689018374087554 -0.01661072081471706 0.46875
0.03558796945486369 0.09578326748460897 0.03125
0.03558796945486369 0.09578326748460897 0.0625
0.03558796945486369 0.09578326748460897 0.09375
0.03558796945486369 0.09578326748460897 0.125
0.03558796945486369 0.09578326748460897 0.15625
0.03558796945486369 0.09578326748460897 0.1875
0.03558796945486369 0.09578326748460897 0.21875
0.03558796945486369 0.09578326748460897 0.25
0.03558796945486369 0.09578326748460897 0.28125
0.03558796945486369 0.09578326748460897 0.3125
0.03558796945486369 0.09578326748460897 0.34375
0.03558796945486369 0.09578326748460897 0.375
0.03558796945486369 0.09578326748460897 0.40625
0.03558796945486369 0.09578326748460897 0.4375
0.03558796945486369 0.09578326748460897 0.46875
-0.08274061022245781 -0.06089865823958924 0.03125
-0.08274061022245781 -0.06089865823958924 0.0625
-0.08274061022245781 -0.06089865823958924 0.09375
-0.08274061022245781 -0.06089865823958924 0.125
-0.08274061022245781 -0.06089865823958924 0.15625
-0.08274061022245781 -0.06089865823958924 0.1875
-0.08274061022245781 -0.06089865823958924 0.21875
-0.08274061022245781 -0.06089865823958924 0.25
-0.08274061022245781 -0.06089865823958924 0.28125
-0.08274061022245781 -0.06089865823958924 0.3125
-0.08274061022245781 -0.06089865823958924 0.34375
-0.08274061022245781 -0.06089865823958924 0.375
-0.08274061022245781 -0.06089865823958924 0.40625
-0.08274061022245781 -0.06089865823958924 0.4375
-0.08274061022245781 -0.06089865823958924 0.46875
0.101542716282542 0.02156695675610463 0.03125
0.101542716282542 0.02156695675610463 0.0625
0.101542716282542 0.02156695675610463 0.09375
0.101542716282542 0.02156695675610463 0.125
0.101542716282542 0.02156695675610463 0.15625
0.101542716282542 0.02156695675610463 0.1875
0.101542716282542 0.02156695675610463 0.21875
0.101542716282542 0.02156695675610463 0.25
0.101542716282542 0.02156695675610463 0.28125
0.101542716282542 0.02156695675610463 0.3125
0.101542716282542 0.02156695675610463 0.34375
0.101542716282542 0.02156695675610463 0.375
0.101542716282542 0.02156695675610463 0.40625
0.101542716282542 0.02156695675610463 0.4375
0.101542716282542 0.02156695675610463 0.46875
0.07303893062898258 0.07344136071370048 0.03125
0.07303893062898258 0.07344136071370048 0.0625
0.07303893062898258 0.07344136071370048 0.09375
0.07303893062898258 0.07344136071370048 0.125
0.07303893062898258 0.07344136071370048 0.15625
0.07303893062898258 0.07344136071370048 0.1875
0.07303893062898258 0.07344136071370048 0.21875
0.07303893062898258 0.07344136071370048 0.25
0.07303893062898258 0.07344136071370048 0.28125
0.07303893062898258 0.07344136071370048 0.3125
0.07303893062898258 0.07344136071370048 0.34375
0.07303893062898258 0.07344136071370048 0.375
0.07303893062898258 0.07344136071370048 0.40625
0.07303893062898258 0.07344136071370048 0.4375
0.07303893062898258 0.07344136071370048 0.46875
0.06767323961593401 -0.05766722070789769 0.03125
0.06767323961593401 -0.05766722070789769 0.0625
0.06767323961593401 -0.05766722070789769 0.09375
0.06767323961593401 -0.05766722070789769 0.125
0.06767323961593401 -0.05766722070789769 0.15625
0.06767323961593401 -0.05766722070789769 0.1875
0.06767323961593401 -0.05766722070789769 0.21875
0.06767323961593401 -0.05766722070789769 0.25
0.06767323961593401 -0.05766722070789769 0.28125
0.06767323961593401 -0.05766722070789769 0.3125
0.06767323961593401 -0.05766722070789769 0.34375
0.06767323961593401 -0.05766722070789769 0.375
0.06767323961593401 -0.05766722070789769 0.40625
0.06767323961593401 -0.05766722070789769 0.4375
0.06767323961593401 -0.05766722070789769 0.46875
-0.07406778902466898 0.07406778872270191 0.03125
-0.07406778902466898 0.07406778872270191 0.0625
-0.07406778902466898 0.07406778872270191 0.09375
-0.07406778902466898 0.07406778872270191 0.125
-0.07406778902466898 0.07406778872270191 0.15625
-0.07406778902466898 0.07406778872270191 0.1875
-0.07406778902466898 0.07406778872270191 0.21875
-0.07406778902466898 0.07406778872270191 0.25
-0.07406778902466898 0.07406778872270191 0.28125
-0.07406778902466898 0.07406778872270191 0.3125
-0.07406778902466898 0.07406778872270191 0.34375
-0.07406778902466898 0.07406778872270191 0.375
-0.07406778902466898 0.07406778872270191 0.40625
-0.07406778902466898 0.07406778872270191 0.4375
-0.07406778902466898 0.07406778872270191 0.46875
-0.0814631545925978 -0.03724583657619353 0.03125
-0.0814631545925978 -0.03724583657619353 0.0625
-0.0814631545925978 -0.03724583657619353 0.09375
-0.0814631545925978 -0.03724583657619353 0.125
-0.0814631545925978 -0.03724583657619353 0.15625
-0.0814631545925978 -0.03724583657619353 0.1875
-0.0814631545925978 -0.03724583657619353 0.21875
-0.0814631545925978 -0.03724583657619353 0.25
-0.0814631545925978 -0.03724583657619353 0.28125
-0.0814631545925978 -0.03724583657619353 0.3125
-0.0814631545925978 -0.03724583657619353 0.34375
-0.0814631545925978 -0.03724583657619353 0.375
-0.0814631545925978 -0.03724583657619353 0.40625
-0.0814631545925978 -0.03724583657619353 0.4375
-0.0814631545925978 -0.03724583657619353 0.46875
-0.09181166920764107 0.05014635172008373 0.03125
-0.09181166920764107 0.05014635172008373 0.0625
-0.09181166920764107 0.05014635172008373 0.09375
-0.09181166920764107 0.05014635172008373 0.125
-0.09181166920764107 0.05014635172008373 0.15625
-0.09181166920764107 0.05014635172008373 0.1875
-0.09181166920764107 0.05014635172008373 0.21875
-0.09181166920764107 0.05014635172008373 0.25
-0.09181166920764107 0.05014635172008373 0.28125
-0.09181166920764107 0.05014635172008373 0.3125
-0.09181166920764107 0.05014635172008373 0.34375
-0.09181166920764107 0.05014635172008373 0.375
-0.09181166920764107 0.05014635172008373 0.40625
-0.09181166920764107 0.05014635172008373 0.4375
-0.09181166920764107 0.05014635172008373 0.46875
-0.007501805274159047 -0.1046905918700353 0.03125
-0.007501805274159047 -0.1046905918700353 0.0625
-0.007501805274159047 -0.1046905918700353 0.09375
-0.007501805274159047 -0.1046905918700353 0.125
-0.007501805274159047 -0.1046905918700353 0.15625
-0.007501805274159047 -0.1046905918700353 0.1875
-0.007501805274159047 -0.1046905918700353 0.21875
-0.007501805274159047 -0.1046905918700353 0.25
-0.007501805274159047 -0.1046905918700353 0.28125
-0.007501805274159047 -0.1046905918700353 0.3125
-0.007501805274159047 -0.1046905918700353 0.34375
-0.007501805274159047 -0.1046905918700353 0.375
-0.007501805274159047 -0.1046905918700353 0.40625
-0.007501805274159047 -0.1046905918700353 0.4375
-0.007501805274159047 -0.1046905918700353 0.46875
0.09833971522663597 -0.03686348967733512 0.03125
0.09833971522663597 -0.03686348967733512 0.0625
0.09833971522663597 -0.03686348967733512 0.09375
0.09833971522663597 -0.03686348967733512 0.125
0.09833971522663597 -0.03686348967733512 0.15625
0.09833971522663597 -0.03686348967733512 0.1875
0.09833971522663597 -0.03686348967733512 0.21875
0.09833971522663597 -0.03686348967733512 0.25
0.09833971522663597 -0.03686348967733512 0.28125
0.09833971522663597 -0.03686348967733512 0.3125
0.09833971522663597 -0.03686348967733512 0.34375
0.09833971522663597 -0.03686348967733512 0.375
0.09833971522663597 -0.03686348967733512 0.40625
0.09833971522663597 -0.03686348967733512 0.4375
0.09833971522663597 -0.03686348967733512 0.46875
-0.002938278751817161 0.08995114357110374 0.03125
-0.002938278751817161 0.08995114357110374 0.0625
-0.002938278751817161 0.08995114357110374 0.09375
-0.002938278751817161 0.08995114357110374 0.125
-0.002938278751817161 0.08995114357110374 0.15625
-0.002938278751817161 0.08995114357110374 0.1875
-0.002938278751817161 0.08995114357110374 0.21875
-0.002938278751817161 0.08995114357110374 0.25
-0.002938278751817161 0.08995114357110374 0.28125
-0.002938278751817161 0.08995114357110374 0.3125
-0.002938278751817161 0.08995114357110374 0.34375
-0.002938278751817161 0.08995114357110374 0.375
-0.002938278751817161 0.08995114357110374 0.40625
-0.002938278751817161 0.08995114357110374 0.4375
-0.002938278751817161 0.08995114357110374 0.46875
-0.0542984095917973 -0.07113778450001329 0.03125
-0.0542984095917973 -0.07113778450001329 0.0625
-0.0542984095917973 -0.07113778450001329 0.09375
-0.0542984095917973 -0.07113778450001329 0.125
-0.0542984095917973 -0.07113778450001329 0.15625
-0.0542984095917973 -0.07113778450001329 0.1875
-0.0542984095917973 -0.07113778450001329 0.21875
-0.0542984095917973 -0.07113778450001329 0.25
-0.0542984095917973 -0.07113778450001329 0.28125
-0.0542984095917973 -0.07113778450001329 0.3125
-0.0542984095917973 -0.07113778450001329 0.34375
-0.0542984095917973 -0.07113778450001329 0.375
-0.0542984095917973 -0.07113778450001329 0.40625
-0.0542984095917973 -0.07113778450001329 0.4375
-0.0542984095917973 -0.07113778450001329 0.46875
-0.05046014565637109 -0.09209162227219385 0.03125
-0.05046014565637109 -0.09209162227219385 0.0625
-0.05046014565637109 -0.09209162227219385 0.09375
-0.05046014565637109 -0.09209162227219385 0.125
-0.05046014565637109 -0.09209162227219385 0.15625
-0.05046014565637109 -0.09209162227219385 0.1875
-0.05046014565637109 -0.09209162227219385 0.21875
-0.05046014565637109 -0.09209162227219385 0.25
-0.05046014565637109 -0.09209162227219385 0.28125
-0.05046014565637109 -0.09209162227219385 0.3125
-0.05046014565637109 -0.09209162227219385 0.34375
-0.05046014565637109 -0.09209162227219385 0.375
-0.05046014565637109 -0.09209162227219385 0.40625
-0.05046014565637109 -0.09209162227219385 0.4375
-0.05046014565637109 -0.09209162227219385 0.46875
0.02599777545974578 0.08748179194280434 0.03125
0.02599777545974578 0.08748179194280434 0.0625
0.02599777545974578 0.08748179194280434 0.09375
0.02599777545974578 0.08748179194280434 0.125
0.02599777545974578 0.08748179194280434 0.15625
0.02599777545974578 0.08748179194280434 0.1875
0.02599777545974578 0.08748179194280434 0.21875
0.02599777545974578 0.08748179194280434 0.25
0.02599777545974578 0.08748179194280434 0.28125
0.02599777545974578 0.08748179194280434 0.3125
0.02599777545974578 0.08748179194280434 0.34375
0.02599777545974578 0.08748179194280434 0.375
0.02599777545974578 0.08748179194280434 0.40625
0.02599777545974578 0.08748179194280434 0.4375
0.02599777545974578 0.08748179194280434 0.46875
$EndNodes
$Elements
15 20296 1 20296
1 1 1 11
1 1 9 
2 9 10 
3 10 11 
4 11 12 
5 12 13 
6 13 14 
7 14 15 
8 15 16 
9 16 17 
10 17 18 
11 18 2 
1 2 1 11
12 2 19 
13 19 20 
14 20 21 
15 21 22 
16 22 23 
17 23 24 
18 24 25 
19 25 26 
20 26 27 
21 27 28 
22 28 3 
1 3 1 11
23 3 29 
24 29 30 
25 30 31 
26 31 32 
27 32 33 
28 33 34 
29 34 35 
30 35 36 
31 36 37 
32 37 38 
33 38 4 
1 4 1 11
34 4 39 
35 39 40 
36 40 41 
37 41 42 
38 42 43 
39 43 44 
40 44 45 
41 45 46 
42 46 47 
43 47 48 
44 48 1 
1 14 1 11
45 5 49 
46 49 50 
47 50 51 
48 51 52 
49 52 53 
50 53 54 
51 54 55 
52 55 56 
53 56 57 
54 57 58 
55 58 6 
1 36 1 11
56 7 89 
57 89 90 
58 90 91 
59 91 92 
60 92 93 
61 93 94 
62 94 95 
63 95 96 
64 96 97 
65 97 98 
66 98 5 
1 58 1 11
67 8 114 
68 114 115 
69 115 116 
70 116 117 
71 117 118 
72 118 119 
73 119 120 
74 120 121 
75 121 122 
76 122 123 
77 123 7 
1 80 1 11
78 6 139 
79 139 140 
80 140 141 
81 141 142 
82 142 143 
83 143 144 
84 144 145 
85 145 146 
86 146 147 
87 147 148 
88 148 8 
2 5 2 376
89 152 228 295 
90 12 13 284 
91 228 152 299 
92 227 248 288 
93 248 162 288 
94 10 11 283 
95 28 3 285 
96 150 230 240 
97 258 155 259 
98 155 258 277 
99 33 34 267 
100 11 156 283 
101 34 159 267 
102 260 259 287 
103 230 150 285 
104 277 258 279 
105 279 254 280 
106 277 279 298 
107 163 279 280 
108 259 155 287 
109 284 13 305 
110 262 160 293 
111 156 12 284 
112 226 238 239 
113 226 239 240 
114 162 248 285 
115 228 253 295 
116 150 28 285 
117 3 162 285 
118 294 281 301 
119 248 230 285 
120 230 224 240 
121 160 262 306 
122 238 226 242 
123 224 226 240 
124 149 294 301 
125 236 158 238 
126 237 238 242 
127 263 262 293 
128 10 283 304 
129 171 168 237 
130 238 158 239 
131 240 239 292 
132 256 281 286 
133 171 237 242 
134 234 151 290 
135 168 166 237 
136 296 233 300 
137 227 288 289 
138 266 154 303 
139 214 282 284 
140 242 225 244 
141 150 240 292 
142 260 287 291 
143 41 155 277 
144 40 41 277 
145 226 225 242 
146 171 242 244 
147 232 241 243 
148 232 234 241 
149 241 169 243 
150 243 173 275 
151 232 243 275 
152 170 173 243 
153 175 244 245 
154 244 225 245 
155 175 172 244 
156 246 177 274 
157 173 246 275 
158 215 246 274 
159 174 177 246 
160 175 245 270 
161 176 175 270 
162 247 181 273 
163 177 247 274 
164 2 19 161 
165 3 29 162 
166 4 39 163 
167 1 9 164 
168 265 247 273 
169 178 181 247 
170 21 22 153 
171 31 32 154 
172 41 42 155 
173 11 12 156 
174 249 208 254 
175 190 208 249 
176 222 230 248 
177 181 180 255 
178 210 214 251 
179 218 198 261 
180 201 218 256 
181 268 200 273 
182 222 224 230 
183 181 268 273 
184 181 255 268 
185 261 262 263 
186 186 185 190 
187 216 217 231 
188 207 260 264 
189 193 229 252 
190 190 192 208 
191 220 221 222 
192 208 192 228 
193 261 197 262 
194 222 223 224 
195 216 212 217 
196 231 217 233 
197 183 182 185 
198 204 209 210 
199 215 212 216 
200 211 210 212 
201 198 197 261 
202 201 198 218 
203 194 189 195 
204 220 222 248 
205 220 206 221 
206 187 189 194 
207 222 221 223 
208 186 190 249 
209 204 210 211 
210 202 204 265 
211 190 191 192 
212 190 185 191 
213 219 206 220 
214 180 183 255 
215 228 252 253 
216 179 176 270 
217 196 195 197 
218 195 207 264 
219 182 179 184 
220 250 249 254 
221 224 225 226 
222 212 210 251 
223 183 185 186 
224 227 220 248 
225 210 209 214 
226 187 188 189 
227 202 203 204 
228 180 179 182 
229 211 212 215 
230 194 195 196 
231 193 205 229 
232 200 202 273 
233 178 180 181 
234 203 201 256 
235 216 231 232 
236 213 203 256 
237 207 259 260 
238 224 223 225 
239 228 192 252 
240 232 231 234 
241 197 195 264 
242 180 182 183 
243 17 18 151 
244 183 187 255 
245 27 28 150 
246 37 38 152 
247 199 269 272 
248 187 194 255 
249 204 203 209 
250 206 199 272 
251 189 188 257 
252 183 186 187 
253 182 184 269 
254 191 185 269 
255 269 184 272 
256 187 186 188 
257 196 197 198 
258 195 189 207 
259 217 212 251 
260 204 211 265 
261 188 250 257 
262 219 220 227 
263 209 203 213 
264 192 193 252 
265 257 250 258 
266 185 182 269 
267 192 191 193 
268 200 201 202 
269 229 266 267 
270 229 205 266 
271 47 48 149 
272 262 197 264 
273 205 199 206 
274 205 206 219 
275 200 198 201 
276 199 191 269 
277 202 201 203 
278 188 186 249 
279 194 196 268 
280 196 198 200 
281 188 249 250 
282 24 25 158 
283 34 35 159 
284 178 179 180 
285 14 15 157 
286 257 258 259 
287 207 189 257 
288 202 265 273 
289 196 200 268 
290 184 270 271 
291 255 194 268 
292 270 245 271 
293 44 45 160 
294 225 223 245 
295 184 179 270 
296 193 199 205 
297 221 206 272 
298 193 191 199 
299 207 257 259 
300 205 219 266 
301 223 221 271 
302 184 271 272 
303 245 223 271 
304 271 221 272 
305 177 178 247 
306 178 176 179 
307 265 211 274 
308 247 265 274 
309 211 215 274 
310 177 176 178 
311 174 176 177 
312 174 175 176 
313 246 215 275 
314 215 216 275 
315 173 174 246 
316 174 172 175 
317 216 232 275 
318 173 172 174 
319 172 171 244 
320 170 172 173 
321 170 171 172 
322 235 169 241 
323 169 170 243 
324 170 168 171 
325 167 169 235 
326 169 168 170 
327 161 235 312 
328 154 266 308 
329 237 236 238 
330 167 168 169 
331 166 236 237 
332 167 166 168 
333 281 164 286 
334 151 234 315 
335 267 159 313 
336 166 165 236 
337 153 166 167 
338 167 235 278 
339 157 296 300 
340 21 153 278 
341 20 21 278 
342 282 156 284 
343 250 254 279 
344 33 267 303 
345 235 161 297 
346 156 282 283 
347 214 209 282 
348 251 214 276 
349 213 256 286 
350 263 149 301 
351 159 253 313 
352 267 266 303 
353 254 208 299 
354 233 217 300 
355 261 263 301 
356 153 167 278 
357 258 250 279 
358 282 213 283 
359 262 264 306 
360 266 219 308 
361 235 241 312 
362 234 231 315 
363 229 267 313 
364 253 252 313 
365 256 218 281 
366 153 165 166 
367 158 236 307 
368 280 254 299 
369 276 157 300 
370 251 276 300 
371 260 291 306 
372 209 213 282 
373 234 290 312 
374 227 289 308 
375 276 284 305 
376 253 159 314 
377 22 23 165 
378 42 43 287 
379 43 44 291 
380 153 22 165 
381 155 42 287 
382 31 154 289 
383 2 161 290 
384 44 160 291 
385 1 164 294 
386 18 2 290 
387 151 18 290 
388 30 31 289 
389 48 1 294 
390 149 48 294 
391 45 46 293 
392 29 30 288 
393 162 29 288 
394 26 27 292 
395 27 150 292 
396 160 45 293 
397 36 37 295 
398 281 218 301 
399 164 281 294 
400 157 15 296 
401 279 163 298 
402 283 213 286 
403 37 152 295 
404 39 40 298 
405 239 158 309 
406 149 263 311 
407 152 280 299 
408 17 151 302 
409 276 214 284 
410 32 33 303 
411 164 9 304 
412 278 235 297 
413 19 20 297 
414 14 157 305 
415 161 19 297 
416 24 158 307 
417 15 16 296 
418 158 25 309 
419 4 163 310 
420 152 38 310 
421 159 35 314 
422 47 149 311 
423 163 39 298 
424 40 277 298 
425 236 165 307 
426 208 228 299 
427 217 251 300 
428 292 239 309 
429 218 261 301 
430 157 276 305 
431 16 17 302 
432 154 32 303 
433 9 10 304 
434 163 280 310 
435 280 152 310 
436 20 278 297 
437 287 43 291 
438 288 30 289 
439 290 161 312 
440 291 160 306 
441 13 14 305 
442 264 260 306 
443 23 24 307 
444 219 227 308 
445 286 164 304 
446 263 293 311 
447 25 26 309 
448 38 4 310 
449 46 47 311 
450 36 295 314 
451 283 286 304 
452 165 23 307 
453 241 234 312 
454 252 229 313 
455 35 36 314 
456 231 233 315 
457 296 16 302 
458 233 296 302 
459 26 292 309 
460 295 253 314 
461 293 46 311 
462 289 154 308 
463 302 151 315 
464 233 302 315 
2 21 2 352
465 74 316 1 
466 1 316 9 
467 75 317 74 
468 74 317 316 
469 76 318 75 
470 75 318 317 
471 77 319 76 
472 76 319 318 
473 78 320 77 
474 77 320 319 
475 79 321 78 
476 78 321 320 
477 80 322 79 
478 79 322 321 
479 81 323 80 
480 80 323 322 
481 82 324 81 
482 81 324 323 
483 83 325 82 
484 82 325 324 
485 84 326 83 
486 83 326 325 
487 85 327 84 
488 84 327 326 
489 86 328 85 
490 85 328 327 
491 87 329 86 
492 86 329 328 
493 88 330 87 
494 87 330 329 
495 6 58 88 
496 88 58 330 
497 316 331 9 
498 9 331 10 
499 317 332 316 
500 316 332 331 
501 318 333 317 
502 317 333 332 
503 319 334 318 
504 318 334 333 
505 320 335 319 
506 319 335 334 
507 321 336 320 
508 320 336 335 
509 322 337 321 
510 321 337 336 
511 323 338 322 
512 322 338 337 
513 324 339 323 
514 323 339 338 
515 325 340 324 
516 324 340 339 
517 326 341 325 
518 325 341 340 
519 327 342 326 
520 326 342 341 
521 328 343 327 
522 327 343 342 
523 329 344 328 
524 328 344 343 
525 330 345 329 
526 329 345 344 
527 58 57 330 
528 330 57 345 
529 331 346 10 
530 10 346 11 
531 332 347 331 
532 331 347 346 
533 333 348 332 
534 332 348 347 
535 334 349 333 
536 333 349 348 
537 335 350 334 
538 334 350 349 
539 336 351 335 
540 335 351 350 
541 337 352 336 
542 336 352 351 
543 338 353 337 
544 337 353 352 
545 339 354 338 
546 338 354 353 
547 340 355 339 
548 339 355 354 
549 341 356 340 
550 340 356 355 
551 342 357 341 
552 341 357 356 
553 343 358 342 
554 342 358 357 
555 344 359 343 
556 343 359 358 
557 345 360 344 
558 344 360 359 
559 57 56 345 
560 345 56 360 
561 346 12 11 
562 346 361 12 
563 347 361 346 
564 347 362 361 
565 348 362 347 
566 348 363 362 
567 349 363 348 
568 349 364 363 
569 350 364 349 
570 350 365 364 
571 351 365 350 
572 351 366 365 
573 352 366 351 
574 352 367 366 
575 353 367 352 
576 353 368 367 
577 354 368 353 
578 354 369 368 
579 355 369 354 
580 355 370 369 
581 356 370 355 
582 356 371 370 
583 357 371 356 
584 357 372 371 
585 358 372 357 
586 358 373 372 
587 359 373 358 
588 359 374 373 
589 360 374 359 
590 360 375 374 
591 56 375 360 
592 56 55 375 
593 361 376 12 
594 12 376 13 
595 362 377 361 
596 361 377 376 
597 363 378 362 
598 362 378 377 
599 364 379 363 
600 363 379 378 
601 365 380 364 
602 364 380 379 
603 366 381 365 
604 365 381 380 
605 367 382 366 
606 366 382 381 
607 368 383 367 
608 367 383 382 
609 369 384 368 
610 368 384 383 
611 370 385 369 
612 369 385 384 
613 371 386 370 
614 370 386 385 
615 372 387 371 
616 371 387 386 
617 373 388 372 
618 372 388 387 
619 374 389 373 
620 373 389 388 
621 375 390 374 
622 374 390 389 
623 55 54 375 
624 375 54 390 
625 376 391 13 
626 13 391 14 
627 377 392 376 
628 376 392 391 
629 378 393 377 
630 377 393 392 
631 379 394 378 
632 378 394 393 
633 380 395 379 
634 379 395 394 
635 381 396 380 
636 380 396 395 
637 382 397 381 
638 381 397 396 
639 383 398 382 
640 382 398 397 
641 384 399 383 
642 383 399 398 
643 385 400 384 
644 384 400 399 
645 386 401 385 
646 385 401 400 
647 387 402 386 
648 386 402 401 
649 388 403 387 
650 387 403 402 
651 389 404 388 
652 388 404 403 
653 390 405 389 
654 389 405 404 
655 54 53 390 
656 390 53 405 
657 391 406 14 
658 14 406 15 
659 392 407 391 
660 391 407 406 
661 393 408 392 
662 392 408 407 
663 394 409 393 
664 393 409 408 
665 395 410 394 
666 394 410 409 
667 396 411 395 
668 395 411 410 
669 397 412 396 
670 396 412 411 
671 398 413 397 
672 397 413 412 
673 399 414 398 
674 398 414 413 
675 400 415 399 
676 399 415 414 
677 401 416 400 
678 400 416 415 
679 402 417 401 
680 401 417 416 
681 403 418 402 
682 402 418 417 
683 404 419 403 
684 403 419 418 
685 405 420 404 
686 404 420 419 
687 53 52 405 
688 405 52 420 
689 406 421 15 
690 15 421 16 
691 407 422 406 
692 406 422 421 
693 408 423 407 
694 407 423 422 
695 409 424 408 
696 408 424 423 
697 410 425 409 
698 409 425 424 
699 411 426 410 
700 410 426 425 
701 412 427 411 
702 411 427 426 
703 413 428 412 
704 412 428 427 
705 414 429 413 
706 413 429 428 
707 415 430 414 
708 414 430 429 
709 416 431 415 
710 415 431 430 
711 417 432 416 
712 416 432 431 
713 418 433 417 
714 417 433 432 
715 419 434 418 
716 418 434 433 
717 420 435 419 
718 419 435 434 
719 52 51 420 
720 420 51 435 
721 421 436 16 
722 16 436 17 
723 422 437 421 
724 421 437 436 
725 423 438 422 
726 422 438 437 
727 424 439 423 
728 423 439 438 
729 425 440 424 
730 424 440 439 
731 426 441 425 
732 425 441 440 
733 427 442 426 
734 426 442 441 
735 428 443 427 
736 427 443 442 
737 429 444 428 
738 428 444 443 
739 430 445 429 
740 429 445 444 
741 431 446 430 
742 430 446 445 
743 432 447 431 
744 431 447 446 
745 433 448 432 
746 432 448 447 
747 434 449 433 
748 433 449 448 
749 435 450 434 
750 434 450 449 
751 51 50 435 
752 435 50 450 
753 436 451 17 
754 17 451 18 
755 437 452 436 
756 436 452 451 
757 438 453 437 
758 437 453 452 
759 439 454 438 
760 438 454 453 
761 440 455 439 
762 439 455 454 
763 441 456 440 
764 440 456 455 
765 442 457 441 
766 441 457 456 
767 443 458 442 
768 442 458 457 
769 444 459 443 
770 443 459 458 
771 445 460 444 
772 444 460 459 
773 446 461 445 
774 445 461 460 
775 447 462 446 
776 446 462 461 
777 448 463 447 
778 447 463 462 
779 449 464 448 
780 448 464 463 
781 450 465 449 
782 449 465 464 
783 50 49 450 
784 450 49 465 
785 451 59 18 
786 18 59 2 
787 452 60 451 
788 451 60 59 
789 453 61 452 
790 452 61 60 
791 454 62 453 
792 453 62 61 
793 455 63 454 
794 454 63 62 
795 456 64 455 
796 455 64 63 
797 457 65 456 
798 456 65 64 
799 458 66 457 
800 457 66 65 
801 459 67 458 
802 458 67 66 
803 460 68 459 
804 459 68 67 
805 461 69 460 
806 460 69 68 
807 462 70 461 
808 461 70 69 
809 463 71 462 
810 462 71 70 
811 464 72 463 
812 463 72 71 
813 465 73 464 
814 464 73 72 
815 49 5 465 
816 465 5 73 
2 43 2 352
817 59 466 2 
818 2 466 19 
819 60 467 59 
820 59 467 466 
821 61 468 60 
822 60 468 467 
823 62 469 61 
824 61 469 468 
825 63 470 62 
826 62 470 469 
827 64 471 63 
828 63 471 470 
829 65 472 64 
830 64 472 471 
831 66 473 65 
832 65 473 472 
833 67 474 66 
834 66 474 473 
835 68 475 67 
836 67 475 474 
837 69 476 68 
838 68 476 475 
839 70 477 69 
840 69 477 476 
841 71 478 70 
842 70 478 477 
843 72 479 71 
844 71 479 478 
845 73 480 72 
846 72 480 479 
847 5 98 73 
848 73 98 480 
849 466 481 19 
850 19 481 20 
851 467 482 466 
852 466 482 481 
853 468 483 467 
854 467 483 482 
855 469 484 468 
856 468 484 483 
857 470 485 469 
858 469 485 484 
859 471 486 470 
860 470 486 485 
861 472 487 471 
862 471 487 486 
863 473 488 472 
864 472 488 487 
865 474 489 473 
866 473 489 488 
867 475 490 474 
868 474 490 489 
869 476 491 475 
870 475 491 490 
871 477 492 476 
872 476 492 491 
873 478 493 477 
874 477 493 492 
875 479 494 478 
876 478 494 493 
877 480 495 479 
878 479 495 494 
879 98 97 480 
880 480 97 495 
881 481 496 20 
882 20 496 21 
883 482 497 481 
884 481 497 496 
885 483 498 482 
886 482 498 497 
887 484 499 483 
888 483 499 498 
889 485 500 484 
890 484 500 499 
891 486 501 485 
892 485 501 500 
893 487 502 486 
894 486 502 501 
895 488 503 487 
896 487 503 502 
897 489 504 488 
898 488 504 503 
899 490 505 489 
900 489 505 504 
901 491 506 490 
902 490 506 505 
903 492 507 491 
904 491 507 506 
905 493 508 492 
906 492 508 507 
907 494 509 493 
908 493 509 508 
909 495 510 494 
910 494 510 509 
911 97 96 495 
912 495 96 510 
913 496 511 21 
914 21 511 22 
915 497 512 496 
916 496 512 511 
917 498 513 497 
918 497 513 512 
919 499 514 498 
920 498 514 513 
921 500 515 499 
922 499 515 514 
923 501 516 500 
924 500 516 515 
925 502 517 501 
926 501 517 516 
927 503 518 502 
928 502 518 517 
929 504 519 503 
930 503 519 518 
931 505 520 504 
932 504 520 519 
933 506 521 505 
934 505 521 520 
935 507 522 506 
936 506 522 521 
937 508 523 507 
938 507 523 522 
939 509 524 508 
940 508 524 523 
941 510 525 509 
942 509 525 524 
943 96 95 510 
944 510 95 525 
945 511 526 22 
946 22 526 23 
947 512 527 511 
948 511 527 526 
949 513 528 512 
950 512 528 527 
951 514 529 513 
952 513 529 528 
953 515 530 514 
954 514 530 529 
955 516 531 515 
956 515 531 530 
957 517 532 516 
958 516 532 531 
959 518 533 517 
960 517 533 532 
961 519 534 518 
962 518 534 533 
963 520 535 519 
964 519 535 534 
965 521 536 520 
966 520 536 535 
967 522 537 521 
968 521 537 536 
969 523 538 522 
970 522 538 537 
971 524 539 523 
972 523 539 538 
973 525 540 524 
974 524 540 539 
975 95 94 525 
976 525 94 540 
977 526 541 23 
978 23 541 24 
979 527 542 526 
980 526 542 541 
981 528 543 527 
982 527 543 542 
983 529 544 528 
984 528 544 543 
985 530 545 529 
986 529 545 544 
987 531 546 530 
988 530 546 545 
989 532 547 531 
990 531 547 546 
991 533 548 532 
992 532 548 547 
993 534 549 533 
994 533 549 548 
995 535 550 534 
996 534 550 549 
997 536 551 535 
998 535 551 550 
999 537 552 536 
1000 536 552 551 
1001 538 553 537 
1002 537 553 552 
1003 539 554 538 
1004 538 554 553 
1005 540 555 539 
1006 539 555 554 
1007 94 93 540 
1008 540 93 555 
1009 541 556 24 
1010 24 556 25 
1011 542 557 541 
1012 541 557 556 
1013 543 558 542 
1014 542 558 557 
1015 544 559 543 
1016 543 559 558 
1017 545 560 544 
1018 544 560 559 
1019 546 561 545 
1020 545 561 560 
1021 547 562 546 
1022 546 562 561 
1023 548 563 547 
1024 547 563 562 
1025 549 564 548 
1026 548 564 563 
1027 550 565 549 
1028 549 565 564 
1029 551 566 550 
1030 550 566 565 
1031 552 567 551 
1032 551 567 566 
1033 553 568 552 
1034 552 568 567 
1035 554 569 553 
1036 553 569 568 
1037 555 570 554 
1038 554 570 569 
1039 93 92 555 
1040 555 92 570 
1041 556 571 25 
1042 25 571 26 
1043 557 572 556 
1044 556 572 571 
1045 558 573 557 
1046 557 573 572 
1047 559 574 558 
1048 558 574 573 
1049 560 575 559 
1050 559 575 574 
1051 561 576 560 
1052 560 576 575 
1053 562 577 561 
1054 561 577 576 
1055 563 578 562 
1056 562 578 577 
1057 564 579 563 
1058 563 579 578 
1059 565 580 564 
1060 564 580 579 
1061 566 581 565 
1062 565 581 580 
1063 567 582 566 
1064 566 582 581 
1065 568 583 567 
1066 567 583 582 
1067 569 584 568 
1068 568 584 583 
1069 570 585 569 
1070 569 585 584 
1071 92 91 570 
1072 570 91 585 
1073 571 586 26 
1074 26 586 27 
1075 572 587 571 
1076 571 587 586 
1077 573 588 572 
1078 572 588 587 
1079 574 589 573 
1080 573 589 588 
1081 575 590 574 
1082 574 590 589 
1083 576 591 575 
1084 575 591 590 
1085 577 592 576 
1086 576 592 591 
1087 578 593 577 
1088 577 593 592 
1089 579 594 578 
1090 578 594 593 
1091 580 595 579 
1092 579 595 594 
1093 581 596 580 
1094 580 596 595 
1095 582 597 581 
1096 581 597 596 
1097 583 598 582 
1098 582 598 597 
1099 584 599 583 
1100 583 599 598 
1101 585 600 584 
1102 584 600 599 
1103 91 90 585 
1104 585 90 600 
1105 586 601 27 
1106 27 601 28 
1107 587 602 586 
1108 586 602 601 
1109 588 603 587 
1110 587 603 602 
1111 589 604 588 
1112 588 604 603 
1113 590 605 589 
1114 589 605 604 
1115 591 606 590 
1116 590 606 605 
1117 592 607 591 
1118 591 607 606 
1119 593 608 592 
1120 592 608 607 
1121 594 609 593 
1122 593 609 608 
1123 595 610 594 
1124 594 610 609 
1125 596 611 595 
1126 595 611 610 
1127 597 612 596 
1128 596 612 611 
1129 598 613 597 
1130 597 613 612 
1131 599 614 598 
1132 598 614 613 
1133 600 615 599 
1134 599 615 614 
1135 90 89 600 
1136 600 89 615 
1137 601 99 28 
1138 28 99 3 
1139 602 100 601 
1140 601 100 99 
1141 603 101 602 
1142 602 101 100 
1143 604 102 603 
1144 603 102 101 
1145 605 103 604 
1146 604 103 102 
1147 606 104 605 
1148 605 104 103 
1149 607 105 606 
1150 606 105 104 
1151 608 106 607 
1152 607 106 105 
1153 609 107 608 
1154 608 107 106 
1155 610 108 609 
1156 609 108 107 
1157 611 109 610 
1158 610 109 108 
1159 612 110 611 
1160 611 110 109 
1161 613 111 612 
1162 612 111 110 
1163 614 112 613 
1164 613 112 111 
1165 615 113 614 
1166 614 113 112 
1167 89 7 615 
1168 615 7 113 
2 65 2 352
1169 99 29 3 
1170 99 616 29 
1171 100 616 99 
1172 100 617 616 
1173 101 617 100 
1174 101 618 617 
1175 102 618 101 
1176 102 619 618 
1177 103 619 102 
1178 103 620 619 
1179 104 620 103 
1180 104 621 620 
1181 105 621 104 
1182 105 622 621 
1183 106 622 105 
1184 106 623 622 
1185 107 623 106 
1186 107 624 623 
1187 108 624 107 
1188 108 625 624 
1189 109 625 108 
1190 109 626 625 
1191 110 626 109 
1192 110 627 626 
1193 111 627 110 
1194 111 628 627 
1195 112 628 111 
1196 112 629 628 
1197 113 629 112 
1198 113 630 629 
1199 7 630 113 
1200 7 123 630 
1201 616 631 29 
1202 29 631 30 
1203 617 632 616 
1204 616 632 631 
1205 618 633 617 
1206 617 633 632 
1207 619 634 618 
1208 618 634 633 
1209 620 635 619 
1210 619 635 634 
1211 621 636 620 
1212 620 636 635 
1213 622 637 621 
1214 621 637 636 
1215 623 638 622 
1216 622 638 637 
1217 624 639 623 
1218 623 639 638 
1219 625 640 624 
1220 624 640 639 
1221 626 641 625 
1222 625 641 640 
1223 627 642 626 
1224 626 642 641 
1225 628 643 627 
1226 627 643 642 
1227 629 644 628 
1228 628 644 643 
1229 630 645 629 
1230 629 645 644 
1231 123 122 630 
1232 630 122 645 
1233 631 646 30 
1234 30 646 31 
1235 632 647 631 
1236 631 647 646 
1237 633 648 632 
1238 632 648 647 
1239 634 649 633 
1240 633 649 648 
1241 635 650 634 
1242 634 650 649 
1243 636 651 635 
1244 635 651 650 
1245 637 652 636 
1246 636 652 651 
1247 638 653 637 
1248 637 653 652 
1249 639 654 638 
1250 638 654 653 
1251 640 655 639 
1252 639 655 654 
1253 641 656 640 
1254 640 656 655 
1255 642 657 641 
1256 641 657 656 
1257 643 658 642 
1258 642 658 657 
1259 644 659 643 
1260 643 659 658 
1261 645 660 644 
1262 644 660 659 
1263 122 121 645 
1264 645 121 660 
1265 646 661 31 
1266 31 661 32 
1267 647 662 646 
1268 646 662 661 
1269 648 663 647 
1270 647 663 662 
1271 649 664 648 
1272 648 664 663 
1273 650 665 649 
1274 649 665 664 
1275 651 666 650 
1276 650 666 665 
1277 652 667 651 
1278 651 667 666 
1279 653 668 652 
1280 652 668 667 
1281 654 669 653 
1282 653 669 668 
1283 655 670 654 
1284 654 670 669 
1285 656 671 655 
1286 655 671 670 
1287 657 672 656 
1288 656 672 671 
1289 658 673 657 
1290 657 673 672 
1291 659 674 658 
1292 658 674 673 
1293 660 675 659 
1294 659 675 674 
1295 121 120 660 
1296 660 120 675 
1297 661 676 32 
1298 32 676 33 
1299 662 677 661 
1300 661 677 676 
1301 663 678 662 
1302 662 678 677 
1303 664 679 663 
1304 663 679 678 
1305 665 680 664 
1306 664 680 679 
1307 666 681 665 
1308 665 681 680 
1309 667 682 666 
1310 666 682 681 
1311 668 683 667 
1312 667 683 682 
1313 669 684 668 
1314 668 684 683 
1315 670 685 669 
1316 669 685 684 
1317 671 686 670 
1318 670 686 685 
1319 672 687 671 
1320 671 687 686 
1321 673 688 672 
1322 672 688 687 
1323 674 689 673 
1324 673 689 688 
1325 675 690 674 
1326 674 690 689 
1327 120 119 675 
1328 675 119 690 
1329 676 691 33 
1330 33 691 34 
1331 677 692 676 
1332 676 692 691 
1333 678 693 677 
1334 677 693 692 
1335 679 694 678 
1336 678 694 693 
1337 680 695 679 
1338 679 695 694 
1339 681 696 680 
1340 680 696 695 
1341 682 697 681 
1342 681 697 696 
1343 683 698 682 
1344 682 698 697 
1345 684 699 683 
1346 683 699 698 
1347 685 700 684 
1348 684 700 699 
1349 686 701 685 
1350 685 701 700 
1351 687 702 686 
1352 686 702 701 
1353 688 703 687 
1354 687 703 702 
1355 689 704 688 
1356 688 704 703 
1357 690 705 689 
1358 689 705 704 
1359 119 118 690 
1360 690 118 705 
1361 691 35 34 
1362 691 706 35 
1363 692 706 691 
1364 692 707 706 
1365 693 707 692 
1366 693 708 707 
1367 694 708 693 
1368 694 709 708 
1369 695 709 694 
1370 695 710 709 
1371 696 710 695 
1372 696 711 710 
1373 697 711 696 
1374 697 712 711 
1375 698 712 697 
1376 698 713 712 
1377 699 713 698 
1378 699 714 713 
1379 700 714 699 
1380 700 715 714 
1381 701 715 700 
1382 701 716 715 
1383 702 716 701 
1384 702 717 716 
1385 703 717 702 
1386 703 718 717 
1387 704 718 703 
1388 704 719 718 
1389 705 719 704 
1390 705 720 719 
1391 118 720 705 
1392 118 117 720 
1393 706 721 35 
1394 35 721 36 
1395 707 722 706 
1396 706 722 721 
1397 708 723 707 
1398 707 723 722 
1399 709 724 708 
1400 708 724 723 
1401 710 725 709 
1402 709 725 724 
1403 711 726 710 
1404 710 726 725 
1405 712 727 711 
1406 711 727 726 
1407 713 728 712 
1408 712 728 727 
1409 714 729 713 
1410 713 729 728 
1411 715 730 714 
1412 714 730 729 
1413 716 731 715 
1414 715 731 730 
1415 717 732 716 
1416 716 732 731 
1417 718 733 717 
1418 717 733 732 
1419 719 734 718 
1420 718 734 733 
1421 720 735 719 
1422 719 735 734 
1423 117 116 720 
1424 720 116 735 
1425 721 736 36 
1426 36 736 37 
1427 722 737 721 
1428 721 737 736 
1429 723 738 722 
1430 722 738 737 
1431 724 739 723 
1432 723 739 738 
1433 725 740 724 
1434 724 740 739 
1435 726 741 725 
1436 725 741 740 
1437 727 742 726 
1438 726 742 741 
1439 728 743 727 
1440 727 743 742 
1441 729 744 728 
1442 728 744 743 
1443 730 745 729 
1444 729 745 744 
1445 731 746 730 
1446 730 746 745 
1447 732 747 731 
1448 731 747 746 
1449 733 748 732 
1450 732 748 747 
1451 734 749 733 
1452 733 749 748 
1453 735 750 734 
1454 734 750 749 
1455 116 115 735 
1456 735 115 750 
1457 736 751 37 
1458 37 751 38 
1459 737 752 736 
1460 736 752 751 
1461 738 753 737 
1462 737 753 752 
1463 739 754 738 
1464 738 754 753 
1465 740 755 739 
1466 739 755 754 
1467 741 756 740 
1468 740 756 755 
1469 742 757 741 
1470 741 757 756 
1471 743 758 742 
1472 742 758 757 
1473 744 759 743 
1474 743 759 758 
1475 745 760 744 
1476 744 760 759 
1477 746 761 745 
1478 745 761 760 
1479 747 762 746 
1480 746 762 761 
1481 748 763 747 
1482 747 763 762 
1483 749 764 748 
1484 748 764 763 
1485 750 765 749 
1486 749 765 764 
1487 115 114 750 
1488 750 114 765 
1489 751 124 38 
1490 38 124 4 
1491 752 125 751 
1492 751 125 124 
1493 753 126 752 
1494 752 126 125 
1495 754 127 753 
1496 753 127 126 
1497 755 128 754 
1498 754 128 127 
1499 756 129 755 
1500 755 129 128 
1501 757 130 756 
1502 756 130 129 
1503 758 131 757 
1504 757 131 130 
1505 759 132 758 
1506 758 132 131 
1507 760 133 759 
1508 759 133 132 
1509 761 134 760 
1510 760 134 133 
1511 762 135 761 
1512 761 135 134 
1513 763 136 762 
1514 762 136 135 
1515 764 137 763 
1516 763 137 136 
1517 765 138 764 
1518 764 138 137 
1519 114 8 765 
1520 765 8 138 
2 87 2 352
1521 124 766 4 
1522 4 766 39 
1523 125 767 124 
1524 124 767 766 
1525 126 768 125 
1526 125 768 767 
1527 127 769 126 
1528 126 769 768 
1529 128 770 127 
1530 127 770 769 
1531 129 771 128 
1532 128 771 770 
1533 130 772 129 
1534 129 772 771 
1535 131 773 130 
1536 130 773 772 
1537 132 774 131 
1538 131 774 773 
1539 133 775 132 
1540 132 775 774 
1541 134 776 133 
1542 133 776 775 
1543 135 777 134 
1544 134 777 776 
1545 136 778 135 
1546 135 778 777 
1547 137 779 136 
1548 136 779 778 
1549 138 780 137 
1550 137 780 779 
1551 8 148 138 
1552 138 148 780 
1553 766 781 39 
1554 39 781 40 
1555 767 782 766 
1556 766 782 781 
1557 768 783 767 
1558 767 783 782 
1559 769 784 768 
1560 768 784 783 
1561 770 785 769 
1562 769 785 784 
1563 771 786 770 
1564 770 786 785 
1565 772 787 771 
1566 771 787 786 
1567 773 788 772 
1568 772 788 787 
1569 774 789 773 
1570 773 789 788 
1571 775 790 774 
1572 774 790 789 
1573 776 791 775 
1574 775 791 790 
1575 777 792 776 
1576 776 792 791 
1577 778 793 777 
1578 777 793 792 
1579 779 794 778 
1580 778 794 793 
1581 780 795 779 
1582 779 795 794 
1583 148 147 780 
1584 780 147 795 
1585 781 796 40 
1586 40 796 41 
1587 782 797 781 
1588 781 797 796 
1589 783 798 782 
1590 782 798 797 
1591 784 799 783 
1592 783 799 798 
1593 785 800 784 
1594 784 800 799 
1595 786 801 785 
1596 785 801 800 
1597 787 802 786 
1598 786 802 801 
1599 788 803 787 
1600 787 803 802 
1601 789 804 788 
1602 788 804 803 
1603 790 805 789 
1604 789 805 804 
1605 791 806 790 
1606 790 806 805 
1607 792 807 791 
1608 791 807 806 
1609 793 808 792 
1610 792 808 807 
1611 794 809 793 
1612 793 809 808 
1613 795 810 794 
1614 794 810 809 
1615 147 146 795 
1616 795 146 810 
1617 796 42 41 
1618 796 811 42 
1619 797 811 796 
1620 797 812 811 
1621 798 812 797 
1622 798 813 812 
1623 799 813 798 
1624 799 814 813 
1625 800 814 799 
1626 800 815 814 
1627 801 815 800 
1628 801 816 815 
1629 802 816 801 
1630 802 817 816 
1631 803 817 802 
1632 803 818 817 
1633 804 818 803 
1634 804 819 818 
1635 805 819 804 
1636 805 820 819 
1637 806 820 805 
1638 806 821 820 
1639 807 821 806 
1640 807 822 821 
1641 808 822 807 
1642 808 823 822 
1643 809 823 808 
1644 809 824 823 
1645 810 824 809 
1646 810 825 824 
1647 146 825 810 
1648 146 145 825 
1649 811 826 42 
1650 42 826 43 
1651 812 827 811 
1652 811 827 826 
1653 813 828 812 
1654 812 828 827 
1655 814 829 813 
1656 813 829 828 
1657 815 830 814 
1658 814 830 829 
1659 816 831 815 
1660 815 831 830 
1661 817 832 816 
1662 816 832 831 
1663 818 833 817 
1664 817 833 832 
1665 819 834 818 
1666 818 834 833 
1667 820 835 819 
1668 819 835 834 
1669 821 836 820 
1670 820 836 835 
1671 822 837 821 
1672 821 837 836 
1673 823 838 822 
1674 822 838 837 
1675 824 839 823 
1676 823 839 838 
1677 825 840 824 
1678 824 840 839 
1679 145 144 825 
1680 825 144 840 
1681 826 841 43 
1682 43 841 44 
1683 827 842 826 
1684 826 842 841 
1685 828 843 827 
1686 827 843 842 
1687 829 844 828 
1688 828 844 843 
1689 830 845 829 
1690 829 845 844 
1691 831 846 830 
1692 830 846 845 
1693 832 847 831 
1694 831 847 846 
1695 833 848 832 
1696 832 848 847 
1697 834 849 833 
1698 833 849 848 
1699 835 850 834 
1700 834 850 849 
1701 836 851 835 
1702 835 851 850 
1703 837 852 836 
1704 836 852 851 
1705 838 853 837 
1706 837 853 852 
1707 839 854 838 
1708 838 854 853 
1709 840 855 839 
1710 839 855 854 
1711 144 143 840 
1712 840 143 855 
1713 841 856 44 
1714 44 856 45 
1715 842 857 841 
1716 841 857 856 
1717 843 858 842 
1718 842 858 857 
1719 844 859 843 
1720 843 859 858 
1721 845 860 844 
1722 844 860 859 
1723 846 861 845 
1724 845 861 860 
1725 847 862 846 
1726 846 862 861 
1727 848 863 847 
1728 847 863 862 
1729 849 864 848 
1730 848 864 863 
1731 850 865 849 
1732 849 865 864 
1733 851 866 850 
1734 850 866 865 
1735 852 867 851 
1736 851 867 866 
1737 853 868 852 
1738 852 868 867 
1739 854 869 853 
1740 853 869 868 
1741 855 870 854 
1742 854 870 869 
1743 143 142 855 
1744 855 142 870 
1745 856 871 45 
1746 45 871 46 
1747 857 872 856 
1748 856 872 871 
1749 858 873 857 
1750 857 873 872 
1751 859 874 858 
1752 858 874 873 
1753 860 875 859 
1754 859 875 874 
1755 861 876 860 
1756 860 876 875 
1757 862 877 861 
1758 861 877 876 
1759 863 878 862 
1760 862 878 877 
1761 864 879 863 
1762 863 879 878 
1763 865 880 864 
1764 864 880 879 
1765 866 881 865 
1766 865 881 880 
1767 867 882 866 
1768 866 882 881 
1769 868 883 867 
1770 867 883 882 
1771 869 884 868 
1772 868 884 883 
1773 870 885 869 
1774 869 885 884 
1775 142 141 870 
1776 870 141 885 
1777 871 886 46 
1778 46 886 47 
1779 872 887 871 
1780 871 887 886 
1781 873 888 872 
1782 872 888 887 
1783 874 889 873 
1784 873 889 888 
1785 875 890 874 
1786 874 890 889 
1787 876 891 875 
1788 875 891 890 
1789 877 892 876 
1790 876 892 891 
1791 878 893 877 
1792 877 893 892 
1793 879 894 878 
1794 878 894 893 
1795 880 895 879 
1796 879 895 894 
1797 881 896 880 
1798 880 896 895 
1799 882 897 881 
1800 881 897 896 
1801 883 898 882 
1802 882 898 897 
1803 884 899 883 
1804 883 899 898 
1805 885 900 884 
1806 884 900 899 
1807 141 140 885 
1808 885 140 900 
1809 886 901 47 
1810 47 901 48 
1811 887 902 886 
1812 886 902 901 
1813 888 903 887 
1814 887 903 902 
1815 889 904 888 
1816 888 904 903 
1817 890 905 889 
1818 889 905 904 
1819 891 906 890 
1820 890 906 905 
1821 892 907 891 
1822 891 907 906 
1823 893 908 892 
1824 892 908 907 
1825 894 909 893 
1826 893 909 908 
1827 895 910 894 
1828 894 910 909 
1829 896 911 895 
1830 895 911 910 
1831 897 912 896 
1832 896 912 911 
1833 898 913 897 
1834 897 913 912 
1835 899 914 898 
1836 898 914 913 
1837 900 915 899 
1838 899 915 914 
1839 140 139 900 
1840 900 139 915 
1841 901 74 48 
1842 48 74 1 
1843 902 75 901 
1844 901 75 74 
1845 903 76 902 
1846 902 76 75 
1847 904 77 903 
1848 903 77 76 
1849 905 78 904 
1850 904 78 77 
1851 906 79 905 
1852 905 79 78 
1853 907 80 906 
1854 906 80 79 
1855 908 81 907 
1856 907 81 80 
1857 909 82 908 
1858 908 82 81 
1859 910 83 909 
1860 909 83 82 
1861 911 84 910 
1862 910 84 83 
1863 912 85 911 
1864 911 85 84 
1865 913 86 912 
1866 912 86 85 
1867 914 87 913 
1868 913 87 86 
1869 915 88 914 
1870 914 88 87 
1871 139 6 915 
1872 915 6 88 
2 122 2 376
1873 919 995 1062 
1874 55 54 1051 
1875 995 919 1066 
1876 994 1015 1055 
1877 1015 929 1055 
1878 57 56 1050 
1879 89 7 1052 
1880 917 997 1007 
1881 1025 922 1026 
1882 922 1025 1044 
1883 119 118 1034 
1884 56 923 1050 
1885 118 926 1034 
1886 1027 1026 1054 
1887 997 917 1052 
1888 1044 1025 1046 
1889 1046 1021 1047 
1890 1044 1046 1065 
1891 930 1046 1047 
1892 1026 922 1054 
1893 1051 54 1072 
1894 1029 927 1060 
1895 923 55 1051 
1896 993 1005 1006 
1897 993 1006 1007 
1898 929 1015 1052 
1899 995 1020 1062 
1900 917 89 1052 
1901 7 929 1052 
1902 1061 1048 1068 
1903 1015 997 1052 
1904 997 991 1007 
1905 927 1029 1073 
1906 1005 993 1009 
1907 991 993 1007 
1908 916 1061 1068 
1909 1003 925 1005 
1910 1004 1005 1009 
1911 1030 1029 1060 
1912 57 1050 1071 
1913 938 935 1004 
1914 1005 925 1006 
1915 1007 1006 1059 
1916 1023 1048 1053 
1917 938 1004 1009 
1918 1001 918 1057 
1919 935 933 1004 
1920 1063 1000 1067 
1921 994 1055 1056 
1922 1033 921 1070 
1923 981 1049 1051 
1924 1009 992 1011 
1925 917 1007 1059 
1926 1027 1054 1058 
1927 146 922 1044 
1928 147 146 1044 
1929 993 992 1009 
1930 938 1009 1011 
1931 999 1008 1010 
1932 999 1001 1008 
1933 1008 936 1010 
1934 1010 940 1042 
1935 999 1010 1042 
1936 937 940 1010 
1937 942 1011 1012 
1938 1011 992 1012 
1939 942 939 1011 
1940 1013 944 1041 
1941 940 1013 1042 
1942 982 1013 1041 
1943 941 944 1013 
1944 942 1012 1037 
1945 943 942 1037 
1946 1014 948 1040 
1947 944 1014 1041 
1948 5 98 928 
1949 7 123 929 
1950 8 148 930 
1951 6 58 931 
1952 1032 1014 1040 
1953 945 948 1014 
1954 96 95 920 
1955 121 120 921 
1956 146 145 922 
1957 56 55 923 
1958 1016 975 1021 
1959 957 975 1016 
1960 989 997 1015 
1961 948 947 1022 
1962 977 981 1018 
1963 985 965 1028 
1964 968 985 1023 
1965 1035 967 1040 
1966 989 991 997 
1967 948 1035 1040 
1968 948 1022 1035 
1969 1028 1029 1030 
1970 953 952 957 
1971 983 984 998 
1972 974 1027 1031 
1973 960 996 1019 
1974 957 959 975 
1975 987 988 989 
1976 975 959 995 
1977 1028 964 1029 
1978 989 990 991 
1979 983 979 984 
1980 998 984 1000 
1981 950 949 952 
1982 971 976 977 
1983 982 979 983 
1984 978 977 979 
1985 965 964 1028 
1986 968 965 985 
1987 961 956 962 
1988 987 989 1015 
1989 987 973 988 
1990 954 956 961 
1991 989 988 990 
1992 953 957 1016 
1993 971 977 978 
1994 969 971 1032 
1995 957 958 959 
1996 957 952 958 
1997 986 973 987 
1998 947 950 1022 
1999 995 1019 1020 
2000 946 943 1037 
2001 963 962 964 
2002 962 974 1031 
2003 949 946 951 
2004 1017 1016 1021 
2005 991 992 993 
2006 979 977 1018 
2007 950 952 953 
2008 994 987 1015 
2009 977 976 981 
2010 954 955 956 
2011 969 970 971 
2012 947 946 949 
2013 978 979 982 
2014 961 962 963 
2015 960 972 996 
2016 967 969 1040 
2017 945 947 948 
2018 970 968 1023 
2019 983 998 999 
2020 980 970 1023 
2021 974 1026 1027 
2022 991 990 992 
2023 995 959 1019 
2024 999 998 1001 
2025 964 962 1031 
2026 947 949 950 
2027 50 49 918 
2028 950 954 1022 
2029 90 89 917 
2030 115 114 919 
2031 966 1036 1039 
2032 954 961 1022 
2033 971 970 976 
2034 973 966 1039 
2035 956 955 1024 
2036 950 953 954 
2037 949 951 1036 
2038 958 952 1036 
2039 1036 951 1039 
2040 954 953 955 
2041 963 964 965 
2042 962 956 974 
2043 984 979 1018 
2044 971 978 1032 
2045 955 1017 1024 
2046 986 987 994 
2047 976 970 980 
2048 959 960 1019 
2049 1024 1017 1025 
2050 952 949 1036 
2051 959 958 960 
2052 967 968 969 
2053 996 1033 1034 
2054 996 972 1033 
2055 140 139 916 
2056 1029 964 1031 
2057 972 966 973 
2058 972 973 986 
2059 967 965 968 
2060 966 958 1036 
2061 969 968 970 
2062 955 953 1016 
2063 961 963 1035 
2064 963 965 967 
2065 955 1016 1017 
2066 93 92 925 
2067 118 117 926 
2068 945 946 947 
2069 53 52 924 
2070 1024 1025 1026 
2071 974 956 1024 
2072 969 1032 1040 
2073 963 967 1035 
2074 951 1037 1038 
2075 1022 961 1035 
2076 1037 1012 1038 
2077 143 142 927 
2078 992 990 1012 
2079 951 946 1037 
2080 960 966 972 
2081 988 973 1039 
2082 960 958 966 
2083 974 1024 1026 
2084 972 986 1033 
2085 990 988 1038 
2086 951 1038 1039 
2087 1012 990 1038 
2088 1038 988 1039 
2089 944 945 1014 
2090 945 943 946 
2091 1032 978 1041 
2092 1014 1032 1041 
2093 978 982 1041 
2094 944 943 945 
2095 941 943 944 
2096 941 942 943 
2097 1013 982 1042 
2098 982 983 1042 
2099 940 941 1013 
2100 941 939 942 
2101 983 999 1042 
2102 940 939 941 
2103 939 938 1011 
2104 937 939 940 
2105 937 938 939 
2106 1002 936 1008 
2107 936 937 1010 
2108 937 935 938 
2109 934 936 1002 
2110 936 935 937 
2111 928 1002 1079 
2112 921 1033 1075 
2113 1004 1003 1005 
2114 934 935 936 
2115 933 1003 1004 
2116 934 933 935 
2117 1048 931 1053 
2118 918 1001 1082 
2119 1034 926 1080 
2120 933 932 1003 
2121 920 933 934 
2122 934 1002 1045 
2123 924 1063 1067 
2124 96 920 1045 
2125 97 96 1045 
2126 1049 923 1051 
2127 1017 1021 1046 
2128 119 1034 1070 
2129 1002 928 1064 
2130 923 1049 1050 
2131 981 976 1049 
2132 1018 981 1043 
2133 980 1023 1053 
2134 1030 916 1068 
2135 926 1020 1080 
2136 1034 1033 1070 
2137 1021 975 1066 
2138 1000 984 1067 
2139 1028 1030 1068 
2140 920 934 1045 
2141 1025 1017 1046 
2142 1049 980 1050 
2143 1029 1031 1073 
2144 1033 986 1075 
2145 1002 1008 1079 
2146 1001 998 1082 
2147 996 1034 1080 
2148 1020 1019 1080 
2149 1023 985 1048 
2150 920 932 933 
2151 925 1003 1074 
2152 1047 1021 1066 
2153 1043 924 1067 
2154 1018 1043 1067 
2155 1027 1058 1073 
2156 976 980 1049 
2157 1001 1057 1079 
2158 994 1056 1075 
2159 1043 1051 1072 
2160 1020 926 1081 
2161 95 94 932 
2162 145 144 1054 
2163 144 143 1058 
2164 920 95 932 
2165 922 145 1054 
2166 121 921 1056 
2167 5 928 1057 
2168 143 927 1058 
2169 6 931 1061 
2170 49 5 1057 
2171 918 49 1057 
2172 122 121 1056 
2173 139 6 1061 
2174 916 139 1061 
2175 142 141 1060 
2176 123 122 1055 
2177 929 123 1055 
2178 91 90 1059 
2179 90 917 1059 
2180 927 142 1060 
2181 116 115 1062 
2182 1048 985 1068 
2183 931 1048 1061 
2184 924 52 1063 
2185 1046 930 1065 
2186 1050 980 1053 
2187 115 919 1062 
2188 148 147 1065 
2189 1006 925 1076 
2190 916 1030 1078 
2191 919 1047 1066 
2192 50 918 1069 
2193 1043 981 1051 
2194 120 119 1070 
2195 931 58 1071 
2196 1045 1002 1064 
2197 98 97 1064 
2198 53 924 1072 
2199 928 98 1064 
2200 93 925 1074 
2201 52 51 1063 
2202 925 92 1076 
2203 8 930 1077 
2204 919 114 1077 
2205 926 117 1081 
2206 140 916 1078 
2207 930 148 1065 
2208 147 1044 1065 
2209 1003 932 1074 
2210 975 995 1066 
2211 984 1018 1067 
2212 1059 1006 1076 
2213 985 1028 1068 
2214 924 1043 1072 
2215 51 50 1069 
2216 921 120 1070 
2217 58 57 1071 
2218 930 1047 1077 
2219 1047 919 1077 
2220 97 1045 1064 
2221 1054 144 1058 
2222 1055 122 1056 
2223 1057 928 1079 
2224 1058 927 1073 
2225 54 53 1072 
2226 1031 1027 1073 
2227 94 93 1074 
2228 986 994 1075 
2229 1053 931 1071 
2230 1030 1060 1078 
2231 92 91 1076 
2232 114 8 1077 
2233 141 140 1078 
2234 116 1062 1081 
2235 1050 1053 1071 
2236 932 94 1074 
2237 1008 1001 1079 
2238 1019 996 1080 
2239 117 116 1081 
2240 998 1000 1082 
2241 1063 51 1069 
2242 1000 1063 1069 
2243 91 1059 1076 
2244 1062 1020 1081 
2245 1060 141 1078 
2246 1056 921 1075 
2247 1069 918 1082 
2248 1000 1069 1082 
3 5 4 18048
2249 152 228 295 3273 
2250 2268 1128 3273 228 
2251 228 1128 3273 152 
2252 1128 2268 3273 3274 
2253 2269 1129 3274 2268 
2254 2268 1129 3274 1128 
2255 1129 2269 3274 3275 
2256 2270 1130 3275 2269 
2257 2269 1130 3275 1129 
2258 1130 2270 3275 3276 
2259 2271 1131 3276 2270 
2260 2270 1131 3276 1130 
2261 1131 2271 3276 3277 
2262 2272 1132 3277 2271 
2263 2271 1132 3277 1131 
2264 1132 2272 3277 3278 
2265 2273 1133 3278 2272 
2266 2272 1133 3278 1132 
2267 1133 2273 3278 3279 
2268 2274 1134 3279 2273 
2269 2273 1134 3279 1133 
2270 1134 2274 3279 3280 
2271 2275 1135 3280 2274 
2272 2274 1135 3280 1134 
2273 1135 2275 3280 3281 
2274 2276 1136 3281 2275 
2275 2275 1136 3281 1135 
2276 1136 2276 3281 3282 
2277 2277 1137 3282 2276 
2278 2276 1137 3282 1136 
2279 1137 2277 3282 3283 
2280 2278 1138 3283 2277 
2281 2277 1138 3283 1137 
2282 1138 2278 3283 3284 
2283 2279 1139 3284 2278 
2284 2278 1139 3284 1138 
2285 1139 2279 3284 3285 
2286 2280 1140 3285 2279 
2287 2279 1140 3285 1139 
2288 1140 2280 3285 3286 
2289 2281 1141 3286 2280 
2290 2280 1141 3286 1140 
2291 1141 2281 3286 3287 
2292 2282 1142 3287 2281 
2293 2281 1142 3287 1141 
2294 1142 2282 3287 1062 
2295 995 919 1062 2282 
2296 2282 919 1062 1142 
2297 12 13 284 3108 
2298 376 361 3108 12 
2299 13 12 376 3108 
2300 361 376 3108 3109 
2301 377 362 3109 361 
2302 376 361 377 3109 
2303 362 377 3109 3110 
2304 378 363 3110 362 
2305 377 362 378 3110 
2306 363 378 3110 3111 
2307 379 364 3111 363 
2308 378 363 379 3111 
2309 364 379 3111 3112 
2310 380 365 3112 364 
2311 379 364 380 3112 
2312 365 380 3112 3113 
2313 381 366 3113 365 
2314 380 365 381 3113 
2315 366 381 3113 3114 
2316 382 367 3114 366 
2317 381 366 382 3114 
2318 367 382 3114 3115 
2319 383 368 3115 367 
2320 382 367 383 3115 
2321 368 383 3115 3116 
2322 384 369 3116 368 
2323 383 368 384 3116 
2324 369 384 3116 3117 
2325 385 370 3117 369 
2326 384 369 385 3117 
2327 370 385 3117 3118 
2328 386 371 3118 370 
2329 385 370 386 3118 
2330 371 386 3118 3119 
2331 387 372 3119 371 
2332 386 371 387 3119 
2333 372 387 3119 3120 
2334 388 373 3120 372 
2335 387 372 388 3120 
2336 373 388 3120 3121 
2337 389 374 3121 373 
2338 388 373 389 3121 
2339 374 389 3121 3122 
2340 390 375 3122 374 
2341 389 374 390 3122 
2342 375 390 3122 1051 
2343 54 55 1051 375 
2344 390 375 54 1051 
2345 228 152 299 3333 
2346 1128 2268 3333 228 
2347 152 228 1128 3333 
2348 2268 1128 3333 3334 
2349 1129 2269 3334 2268 
2350 1128 2268 1129 3334 
2351 2269 1129 3334 3335 
2352 1130 2270 3335 2269 
2353 1129 2269 1130 3335 
2354 2270 1130 3335 3336 
2355 1131 2271 3336 2270 
2356 1130 2270 1131 3336 
2357 2271 1131 3336 3337 
2358 1132 2272 3337 2271 
2359 1131 2271 1132 3337 
2360 2272 1132 3337 3338 
2361 1133 2273 3338 2272 
2362 1132 2272 1133 3338 
2363 2273 1133 3338 3339 
2364 1134 2274 3339 2273 
2365 1133 2273 1134 3339 
2366 2274 1134 3339 3340 
2367 1135 2275 3340 2274 
2368 1134 2274 1135 3340 
2369 2275 1135 3340 3341 
2370 1136 2276 3341 2275 
2371 1135 2275 1136 3341 
2372 2276 1136 3341 3342 
2373 1137 2277 3342 2276 
2374 1136 2276 1137 3342 
2375 2277 1137 3342 3343 
2376 1138 2278 3343 2277 
2377 1137 2277 1138 3343 
2378 2278 1138 3343 3344 
2379 1139 2279 3344 2278 
2380 1138 2278 1139 3344 
2381 2279 1139 3344 3345 
2382 1140 2280 3345 2279 
2383 1139 2279 1140 3345 
2384 2280 1140 3345 3346 
2385 1141 2281 3346 2280 
2386 1140 2280 1141 3346 
2387 2281 1141 3346 3347 
2388 1142 2282 3347 2281 
2389 1141 2281 1142 3347 
2390 2282 1142 3347 1066 
2391 919 995 1066 2282 
2392 1142 2282 919 1066 
2393 227 248 288 3168 
2394 2568 2253 3168 248 
2395 248 2253 3168 227 
2396 2253 2568 3168 3169 
2397 2569 2254 3169 2568 
2398 2568 2254 3169 2253 
2399 2254 2569 3169 3170 
2400 2570 2255 3170 2569 
2401 2569 2255 3170 2254 
2402 2255 2570 3170 3171 
2403 2571 2256 3171 2570 
2404 2570 2256 3171 2255 
2405 2256 2571 3171 3172 
2406 2572 2257 3172 2571 
2407 2571 2257 3172 2256 
2408 2257 2572 3172 3173 
2409 2573 2258 3173 2572 
2410 2572 2258 3173 2257 
2411 2258 2573 3173 3174 
2412 2574 2259 3174 2573 
2413 2573 2259 3174 2258 
2414 2259 2574 3174 3175 
2415 2575 2260 3175 2574 
2416 2574 2260 3175 2259 
2417 2260 2575 3175 3176 
2418 2576 2261 3176 2575 
2419 2575 2261 3176 2260 
2420 2261 2576 3176 3177 
2421 2577 2262 3177 2576 
2422 2576 2262 3177 2261 
2423 2262 2577 3177 3178 
2424 2578 2263 3178 2577 
2425 2577 2263 3178 2262 
2426 2263 2578 3178 3179 
2427 2579 2264 3179 2578 
2428 2578 2264 3179 2263 
2429 2264 2579 3179 3180 
2430 2580 2265 3180 2579 
2431 2579 2265 3180 2264 
2432 2265 2580 3180 3181 
2433 2581 2266 3181 2580 
2434 2580 2266 3181 2265 
2435 2266 2581 3181 3182 
2436 2582 2267 3182 2581 
2437 2581 2267 3182 2266 
2438 2267 2582 3182 1055 
2439 1015 994 1055 2582 
2440 2582 994 1055 2267 
2441 248 162 288 3168 
2442 1278 2568 3168 162 
2443 162 2568 3168 248 
2444 2568 1278 3168 3169 
2445 1279 2569 3169 1278 
2446 1278 2569 3169 2568 
2447 2569 1279 3169 3170 
2448 1280 2570 3170 1279 
2449 1279 2570 3170 2569 
2450 2570 1280 3170 3171 
2451 1281 2571 3171 1280 
2452 1280 2571 3171 2570 
2453 2571 1281 3171 3172 
2454 1282 2572 3172 1281 
2455 1281 2572 3172 2571 
2456 2572 1282 3172 3173 
2457 1283 2573 3173 1282 
2458 1282 2573 3173 2572 
2459 2573 1283 3173 3174 
2460 1284 2574 3174 1283 
2461 1283 2574 3174 2573 
2462 2574 1284 3174 3175 
2463 1285 2575 3175 1284 
2464 1284 2575 3175 2574 
2465 2575 1285 3175 3176 
2466 1286 2576 3176 1285 
2467 1285 2576 3176 2575 
2468 2576 1286 3176 3177 
2469 1287 2577 3177 1286 
2470 1286 2577 3177 2576 
2471 2577 1287 3177 3178 
2472 1288 2578 3178 1287 
2473 1287 2578 3178 2577 
2474 2578 1288 3178 3179 
2475 1289 2579 3179 1288 
2476 1288 2579 3179 2578 
2477 2579 1289 3179 3180 
2478 1290 2580 3180 1289 
2479 1289 2580 3180 2579 
2480 2580 1290 3180 3181 
2481 1291 2581 3181 1290 
2482 1290 2581 3181 2580 
2483 2581 1291 3181 3182 
2484 1292 2582 3182 1291 
2485 1291 2582 3182 2581 
2486 2582 1292 3182 1055 
2487 929 1015 1055 1292 
2488 1292 1015 1055 2582 
2489 10 11 283 3093 
2490 346 331 3093 10 
2491 11 10 346 3093 
2492 331 346 3093 3094 
2493 347 332 3094 331 
2494 346 331 347 3094 
2495 332 347 3094 3095 
2496 348 333 3095 332 
2497 347 332 348 3095 
2498 333 348 3095 3096 
2499 349 334 3096 333 
2500 348 333 349 3096 
2501 334 349 3096 3097 
2502 350 335 3097 334 
2503 349 334 350 3097 
2504 335 350 3097 3098 
2505 351 336 3098 335 
2506 350 335 351 3098 
2507 336 351 3098 3099 
2508 352 337 3099 336 
2509 351 336 352 3099 
2510 337 352 3099 3100 
2511 353 338 3100 337 
2512 352 337 353 3100 
2513 338 353 3100 3101 
2514 354 339 3101 338 
2515 353 338 354 3101 
2516 339 354 3101 3102 
2517 355 340 3102 339 
2518 354 339 355 3102 
2519 340 355 3102 3103 
2520 356 341 3103 340 
2521 355 340 356 3103 
2522 341 356 3103 3104 
2523 357 342 3104 341 
2524 356 341 357 3104 
2525 342 357 3104 3105 
2526 358 343 3105 342 
2527 357 342 358 3105 
2528 343 358 3105 3106 
2529 359 344 3106 343 
2530 358 343 359 3106 
2531 344 359 3106 3107 
2532 360 345 3107 344 
2533 359 344 360 3107 
2534 345 360 3107 1050 
2535 56 57 1050 345 
2536 360 345 56 1050 
2537 28 3 285 3123 
2538 99 601 3123 28 
2539 3 28 99 3123 
2540 601 99 3123 3124 
2541 100 602 3124 601 
2542 99 601 100 3124 
2543 602 100 3124 3125 
2544 101 603 3125 602 
2545 100 602 101 3125 
2546 603 101 3125 3126 
2547 102 604 3126 603 
2548 101 603 102 3126 
2549 604 102 3126 3127 
2550 103 605 3127 604 
2551 102 604 103 3127 
2552 605 103 3127 3128 
2553 104 606 3128 605 
2554 103 605 104 3128 
2555 606 104 3128 3129 
2556 105 607 3129 606 
2557 104 606 105 3129 
2558 607 105 3129 3130 
2559 106 608 3130 607 
2560 105 607 106 3130 
2561 608 106 3130 3131 
2562 107 609 3131 608 
2563 106 608 107 3131 
2564 609 107 3131 3132 
2565 108 610 3132 609 
2566 107 609 108 3132 
2567 610 108 3132 3133 
2568 109 611 3133 610 
2569 108 610 109 3133 
2570 611 109 3133 3134 
2571 110 612 3134 611 
2572 109 611 110 3134 
2573 612 110 3134 3135 
2574 111 613 3135 612 
2575 110 612 111 3135 
2576 613 111 3135 3136 
2577 112 614 3136 613 
2578 111 613 112 3136 
2579 614 112 3136 3137 
2580 113 615 3137 614 
2581 112 614 113 3137 
2582 615 113 3137 1052 
2583 7 89 1052 615 
2584 113 615 7 1052 
2585 150 230 240 2448 
2586 2298 1098 2448 230 
2587 230 1098 2448 150 
2588 1098 2298 2448 2449 
2589 2299 1099 2449 2298 
2590 2298 1099 2449 1098 
2591 1099 2299 2449 2450 
2592 2300 1100 2450 2299 
2593 2299 1100 2450 1099 
2594 1100 2300 2450 2451 
2595 2301 1101 2451 2300 
2596 2300 1101 2451 1100 
2597 1101 2301 2451 2452 
2598 2302 1102 2452 2301 
2599 2301 1102 2452 1101 
2600 1102 2302 2452 2453 
2601 2303 1103 2453 2302 
2602 2302 1103 2453 1102 
2603 1103 2303 2453 2454 
2604 2304 1104 2454 2303 
2605 2303 1104 2454 1103 
2606 1104 2304 2454 2455 
2607 2305 1105 2455 2304 
2608 2304 1105 2455 1104 
2609 1105 2305 2455 2456 
2610 2306 1106 2456 2305 
2611 2305 1106 2456 1105 
2612 1106 2306 2456 2457 
2613 2307 1107 2457 2306 
2614 2306 1107 2457 1106 
2615 1107 2307 2457 2458 
2616 2308 1108 2458 2307 
2617 2307 1108 2458 1107 
2618 1108 2308 2458 2459 
2619 2309 1109 2459 2308 
2620 2308 1109 2459 1108 
2621 1109 2309 2459 2460 
2622 2310 1110 2460 2309 
2623 2309 1110 2460 1109 
2624 1110 2310 2460 2461 
2625 2311 1111 2461 2310 
2626 2310 1111 2461 1110 
2627 1111 2311 2461 2462 
2628 2312 1112 2462 2311 
2629 2311 1112 2462 1111 
2630 1112 2312 2462 1007 
2631 997 917 1007 2312 
2632 2312 917 1007 1112 
2633 258 155 259 2733 
2634 1173 2718 2733 155 
2635 155 2718 2733 258 
2636 2718 1173 2733 2734 
2637 1174 2719 2734 1173 
2638 1173 2719 2734 2718 
2639 2719 1174 2734 2735 
2640 1175 2720 2735 1174 
2641 1174 2720 2735 2719 
2642 2720 1175 2735 2736 
2643 1176 2721 2736 1175 
2644 1175 2721 2736 2720 
2645 2721 1176 2736 2737 
2646 1177 2722 2737 1176 
2647 1176 2722 2737 2721 
2648 2722 1177 2737 2738 
2649 1178 2723 2738 1177 
2650 1177 2723 2738 2722 
2651 2723 1178 2738 2739 
2652 1179 2724 2739 1178 
2653 1178 2724 2739 2723 
2654 2724 1179 2739 2740 
2655 1180 2725 2740 1179 
2656 1179 2725 2740 2724 
2657 2725 1180 2740 2741 
2658 1181 2726 2741 1180 
2659 1180 2726 2741 2725 
2660 2726 1181 2741 2742 
2661 1182 2727 2742 1181 
2662 1181 2727 2742 2726 
2663 2727 1182 2742 2743 
2664 1183 2728 2743 1182 
2665 1182 2728 2743 2727 
2666 2728 1183 2743 2744 
2667 1184 2729 2744 1183 
2668 1183 2729 2744 2728 
2669 2729 1184 2744 2745 
2670 1185 2730 2745 1184 
2671 1184 2730 2745 2729 
2672 2730 1185 2745 2746 
2673 1186 2731 2746 1185 
2674 1185 2731 2746 2730 
2675 2731 1186 2746 2747 
2676 1187 2732 2747 1186 
2677 1186 2732 2747 2731 
2678 2732 1187 2747 1026 
2679 922 1025 1026 1187 
2680 1187 1025 1026 2732 
2681 155 258 277 3003 
2682 2718 1173 3003 155 
2683 258 155 2718 3003 
2684 1173 2718 3003 3004 
2685 2719 1174 3004 1173 
2686 2718 1173 2719 3004 
2687 1174 2719 3004 3005 
2688 2720 1175 3005 1174 
2689 2719 1174 2720 3005 
2690 1175 2720 3005 3006 
2691 2721 1176 3006 1175 
2692 2720 1175 2721 3006 
2693 1176 2721 3006 3007 
2694 2722 1177 3007 1176 
2695 2721 1176 2722 3007 
2696 1177 2722 3007 3008 
2697 2723 1178 3008 1177 
2698 2722 1177 2723 3008 
2699 1178 2723 3008 3009 
2700 2724 1179 3009 1178 
2701 2723 1178 2724 3009 
2702 1179 2724 3009 3010 
2703 2725 1180 3010 1179 
2704 2724 1179 2725 3010 
2705 1180 2725 3010 3011 
2706 2726 1181 3011 1180 
2707 2725 1180 2726 3011 
2708 1181 2726 3011 3012 
2709 2727 1182 3012 1181 
2710 2726 1181 2727 3012 
2711 1182 2727 3012 3013 
2712 2728 1183 3013 1182 
2713 2727 1182 2728 3013 
2714 1183 2728 3013 3014 
2715 2729 1184 3014 1183 
2716 2728 1183 2729 3014 
2717 1184 2729 3014 3015 
2718 2730 1185 3015 1184 
2719 2729 1184 2730 3015 
2720 1185 2730 3015 3016 
2721 2731 1186 3016 1185 
2722 2730 1185 2731 3016 
2723 1186 2731 3016 3017 
2724 2732 1187 3017 1186 
2725 2731 1186 2732 3017 
2726 1187 2732 3017 1044 
2727 1025 922 1044 1187 
2728 2732 1187 1025 1044 
2729 33 34 267 2853 
2730 691 676 2853 33 
2731 34 33 691 2853 
2732 676 691 2853 2854 
2733 692 677 2854 676 
2734 691 676 692 2854 
2735 677 692 2854 2855 
2736 693 678 2855 677 
2737 692 677 693 2855 
2738 678 693 2855 2856 
2739 694 679 2856 678 
2740 693 678 694 2856 
2741 679 694 2856 2857 
2742 695 680 2857 679 
2743 694 679 695 2857 
2744 680 695 2857 2858 
2745 696 681 2858 680 
2746 695 680 696 2858 
2747 681 696 2858 2859 
2748 697 682 2859 681 
2749 696 681 697 2859 
2750 682 697 2859 2860 
2751 698 683 2860 682 
2752 697 682 698 2860 
2753 683 698 2860 2861 
2754 699 684 2861 683 
2755 698 683 699 2861 
2756 684 699 2861 2862 
2757 700 685 2862 684 
2758 699 684 700 2862 
2759 685 700 2862 2863 
2760 701 686 2863 685 
2761 700 685 701 2863 
2762 686 701 2863 2864 
2763 702 687 2864 686 
2764 701 686 702 2864 
2765 687 702 2864 2865 
2766 703 688 2865 687 
2767 702 687 703 2865 
2768 688 703 2865 2866 
2769 704 689 2866 688 
2770 703 688 704 2866 
2771 689 704 2866 2867 
2772 705 690 2867 689 
2773 704 689 705 2867 
2774 690 705 2867 1034 
2775 118 119 1034 690 
2776 705 690 118 1034 
2777 11 156 283 3093 
2778 1188 346 3093 156 
2779 156 346 3093 11 
2780 346 1188 3093 3094 
2781 1189 347 3094 1188 
2782 1188 347 3094 346 
2783 347 1189 3094 3095 
2784 1190 348 3095 1189 
2785 1189 348 3095 347 
2786 348 1190 3095 3096 
2787 1191 349 3096 1190 
2788 1190 349 3096 348 
2789 349 1191 3096 3097 
2790 1192 350 3097 1191 
2791 1191 350 3097 349 
2792 350 1192 3097 3098 
2793 1193 351 3098 1192 
2794 1192 351 3098 350 
2795 351 1193 3098 3099 
2796 1194 352 3099 1193 
2797 1193 352 3099 351 
2798 352 1194 3099 3100 
2799 1195 353 3100 1194 
2800 1194 353 3100 352 
2801 353 1195 3100 3101 
2802 1196 354 3101 1195 
2803 1195 354 3101 353 
2804 354 1196 3101 3102 
2805 1197 355 3102 1196 
2806 1196 355 3102 354 
2807 355 1197 3102 3103 
2808 1198 356 3103 1197 
2809 1197 356 3103 355 
2810 356 1198 3103 3104 
2811 1199 357 3104 1198 
2812 1198 357 3104 356 
2813 357 1199 3104 3105 
2814 1200 358 3105 1199 
2815 1199 358 3105 357 
2816 358 1200 3105 3106 
2817 1201 359 3106 1200 
2818 1200 359 3106 358 
2819 359 1201 3106 3107 
2820 1202 360 3107 1201 
2821 1201 360 3107 359 
2822 360 1202 3107 1050 
2823 923 56 1050 1202 
2824 1202 56 1050 360 
2825 34 159 267 2853 
2826 1233 691 2853 159 
2827 159 691 2853 34 
2828 691 1233 2853 2854 
2829 1234 692 2854 1233 
2830 1233 692 2854 691 
2831 692 1234 2854 2855 
2832 1235 693 2855 1234 
2833 1234 693 2855 692 
2834 693 1235 2855 2856 
2835 1236 694 2856 1235 
2836 1235 694 2856 693 
2837 694 1236 2856 2857 
2838 1237 695 2857 1236 
2839 1236 695 2857 694 
2840 695 1237 2857 2858 
2841 1238 696 2858 1237 
2842 1237 696 2858 695 
2843 696 1238 2858 2859 
2844 1239 697 2859 1238 
2845 1238 697 2859 696 
2846 697 1239 2859 2860 
2847 1240 698 2860 1239 
2848 1239 698 2860 697 
2849 698 1240 2860 2861 
2850 1241 699 2861 1240 
2851 1240 699 2861 698 
2852 699 1241 2861 2862 
2853 1242 700 2862 1241 
2854 1241 700 2862 699 
2855 700 1242 2862 2863 
2856 1243 701 2863 1242 
2857 1242 701 2863 700 
2858 701 1243 2863 2864 
2859 1244 702 2864 1243 
2860 1243 702 2864 701 
2861 702 1244 2864 2865 
2862 1245 703 2865 1244 
2863 1244 703 2865 702 
2864 703 1245 2865 2866 
2865 1246 704 2866 1245 
2866 1245 704 2866 703 
2867 704 1246 2866 2867 
2868 1247 705 2867 1246 
2869 1246 705 2867 704 
2870 705 1247 2867 1034 
2871 926 118 1034 1247 
2872 1247 118 1034 705 
2873 260 259 287 3153 
2874 2733 2748 3153 259 
2875 259 2748 3153 260 
2876 2748 2733 3153 3154 
2877 2734 2749 3154 2733 
2878 2733 2749 3154 2748 
2879 2749 2734 3154 3155 
2880 2735 2750 3155 2734 
2881 2734 2750 3155 2749 
2882 2750 2735 3155 3156 
2883 2736 2751 3156 2735 
2884 2735 2751 3156 2750 
2885 2751 2736 3156 3157 
2886 2737 2752 3157 2736 
2887 2736 2752 3157 2751 
2888 2752 2737 3157 3158 
2889 2738 2753 3158 2737 
2890 2737 2753 3158 2752 
2891 2753 2738 3158 3159 
2892 2739 2754 3159 2738 
2893 2738 2754 3159 2753 
2894 2754 2739 3159 3160 
2895 2740 2755 3160 2739 
2896 2739 2755 3160 2754 
2897 2755 2740 3160 3161 
2898 2741 2756 3161 2740 
2899 2740 2756 3161 2755 
2900 2756 2741 3161 3162 
2901 2742 2757 3162 2741 
2902 2741 2757 3162 2756 
2903 2757 2742 3162 3163 
2904 2743 2758 3163 2742 
2905 2742 2758 3163 2757 
2906 2758 2743 3163 3164 
2907 2744 2759 3164 2743 
2908 2743 2759 3164 2758 
2909 2759 2744 3164 3165 
2910 2745 2760 3165 2744 
2911 2744 2760 3165 2759 
2912 2760 2745 3165 3166 
2913 2746 2761 3166 2745 
2914 2745 2761 3166 2760 
2915 2761 2746 3166 3167 
2916 2747 2762 3167 2746 
2917 2746 2762 3167 2761 
2918 2762 2747 3167 1054 
2919 1026 1027 1054 2747 
2920 2747 1027 1054 2762 
2921 230 150 285 3123 
2922 1098 2298 3123 230 
2923 150 230 1098 3123 
2924 2298 1098 3123 3124 
2925 1099 2299 3124 2298 
2926 1098 2298 1099 3124 
2927 2299 1099 3124 3125 
2928 1100 2300 3125 2299 
2929 1099 2299 1100 3125 
2930 2300 1100 3125 3126 
2931 1101 2301 3126 2300 
2932 1100 2300 1101 3126 
2933 2301 1101 3126 3127 
2934 1102 2302 3127 2301 
2935 1101 2301 1102 3127 
2936 2302 1102 3127 3128 
2937 1103 2303 3128 2302 
2938 1102 2302 1103 3128 
2939 2303 1103 3128 3129 
2940 1104 2304 3129 2303 
2941 1103 2303 1104 3129 
2942 2304 1104 3129 3130 
2943 1105 2305 3130 2304 
2944 1104 2304 1105 3130 
2945 2305 1105 3130 3131 
2946 1106 2306 3131 2305 
2947 1105 2305 1106 3131 
2948 2306 1106 3131 3132 
2949 1107 2307 3132 2306 
2950 1106 2306 1107 3132 
2951 2307 1107 3132 3133 
2952 1108 2308 3133 2307 
2953 1107 2307 1108 3133 
2954 2308 1108 3133 3134 
2955 1109 2309 3134 2308 
2956 1108 2308 1109 3134 
2957 2309 1109 3134 3135 
2958 1110 2310 3135 2309 
2959 1109 2309 1110 3135 
2960 2310 1110 3135 3136 
2961 1111 2311 3136 2310 
2962 1110 2310 1111 3136 
2963 2311 1111 3136 3137 
2964 1112 2312 3137 2311 
2965 1111 2311 1112 3137 
2966 2312 1112 3137 1052 
2967 917 997 1052 2312 
2968 1112 2312 917 1052 
2969 277 258 279 3033 
2970 2718 3003 3033 258 
2971 258 3003 3033 277 
2972 3003 2718 3033 3034 
2973 2719 3004 3034 2718 
2974 2718 3004 3034 3003 
2975 3004 2719 3034 3035 
2976 2720 3005 3035 2719 
2977 2719 3005 3035 3004 
2978 3005 2720 3035 3036 
2979 2721 3006 3036 2720 
2980 2720 3006 3036 3005 
2981 3006 2721 3036 3037 
2982 2722 3007 3037 2721 
2983 2721 3007 3037 3006 
2984 3007 2722 3037 3038 
2985 2723 3008 3038 2722 
2986 2722 3008 3038 3007 
2987 3008 2723 3038 3039 
2988 2724 3009 3039 2723 
2989 2723 3009 3039 3008 
2990 3009 2724 3039 3040 
2991 2725 3010 3040 2724 
2992 2724 3010 3040 3009 
2993 3010 2725 3040 3041 
2994 2726 3011 3041 2725 
2995 2725 3011 3041 3010 
2996 3011 2726 3041 3042 
2997 2727 3012 3042 2726 
2998 2726 3012 3042 3011 
2999 3012 2727 3042 3043 
3000 2728 3013 3043 2727 
3001 2727 3013 3043 3012 
3002 3013 2728 3043 3044 
3003 2729 3014 3044 2728 
3004 2728 3014 3044 3013 
3005 3014 2729 3044 3045 
3006 2730 3015 3045 2729 
3007 2729 3015 3045 3014 
3008 3015 2730 3045 3046 
3009 2731 3016 3046 2730 
3010 2730 3016 3046 3015 
3011 3016 2731 3046 3047 
3012 2732 3017 3047 2731 
3013 2731 3017 3047 3016 
3014 3017 2732 3047 1046 
3015 1025 1044 1046 2732 
3016 2732 1044 1046 3017 
3017 279 254 280 3048 
3018 2658 3033 3048 254 
3019 254 3033 3048 279 
3020 3033 2658 3048 3049 
3021 2659 3034 3049 2658 
3022 2658 3034 3049 3033 
3023 3034 2659 3049 3050 
3024 2660 3035 3050 2659 
3025 2659 3035 3050 3034 
3026 3035 2660 3050 3051 
3027 2661 3036 3051 2660 
3028 2660 3036 3051 3035 
3029 3036 2661 3051 3052 
3030 2662 3037 3052 2661 
3031 2661 3037 3052 3036 
3032 3037 2662 3052 3053 
3033 2663 3038 3053 2662 
3034 2662 3038 3053 3037 
3035 3038 2663 3053 3054 
3036 2664 3039 3054 2663 
3037 2663 3039 3054 3038 
3038 3039 2664 3054 3055 
3039 2665 3040 3055 2664 
3040 2664 3040 3055 3039 
3041 3040 2665 3055 3056 
3042 2666 3041 3056 2665 
3043 2665 3041 3056 3040 
3044 3041 2666 3056 3057 
3045 2667 3042 3057 2666 
3046 2666 3042 3057 3041 
3047 3042 2667 3057 3058 
3048 2668 3043 3058 2667 
3049 2667 3043 3058 3042 
3050 3043 2668 3058 3059 
3051 2669 3044 3059 2668 
3052 2668 3044 3059 3043 
3053 3044 2669 3059 3060 
3054 2670 3045 3060 2669 
3055 2669 3045 3060 3044 
3056 3045 2670 3060 3061 
3057 2671 3046 3061 2670 
3058 2670 3046 3061 3045 
3059 3046 2671 3061 3062 
3060 2672 3047 3062 2671 
3061 2671 3047 3062 3046 
3062 3047 2672 3062 1047 
3063 1021 1046 1047 2672 
3064 2672 1046 1047 3047 
3065 277 279 298 3318 
3066 3033 3003 3318 277 
3067 279 277 3033 3318 
3068 3003 3033 3318 3319 
3069 3034 3004 3319 3003 
3070 3033 3003 3034 3319 
3071 3004 3034 3319 3320 
3072 3035 3005 3320 3004 
3073 3034 3004 3035 3320 
3074 3005 3035 3320 3321 
3075 3036 3006 3321 3005 
3076 3035 3005 3036 3321 
3077 3006 3036 3321 3322 
3078 3037 3007 3322 3006 
3079 3036 3006 3037 3322 
3080 3007 3037 3322 3323 
3081 3038 3008 3323 3007 
3082 3037 3007 3038 3323 
3083 3008 3038 3323 3324 
3084 3039 3009 3324 3008 
3085 3038 3008 3039 3324 
3086 3009 3039 3324 3325 
3087 3040 3010 3325 3009 
3088 3039 3009 3040 3325 
3089 3010 3040 3325 3326 
3090 3041 3011 3326 3010 
3091 3040 3010 3041 3326 
3092 3011 3041 3326 3327 
3093 3042 3012 3327 3011 
3094 3041 3011 3042 3327 
3095 3012 3042 3327 3328 
3096 3043 3013 3328 3012 
3097 3042 3012 3043 3328 
3098 3013 3043 3328 3329 
3099 3044 3014 3329 3013 
3100 3043 3013 3044 3329 
3101 3014 3044 3329 3330 
3102 3045 3015 3330 3014 
3103 3044 3014 3045 3330 
3104 3015 3045 3330 3331 
3105 3046 3016 3331 3015 
3106 3045 3015 3046 3331 
3107 3016 3046 3331 3332 
3108 3047 3017 3332 3016 
3109 3046 3016 3047 3332 
3110 3017 3047 3332 1065 
3111 1046 1044 1065 3017 
3112 3047 3017 1046 1065 
3113 163 279 280 3048 
3114 3033 1293 3048 279 
3115 279 1293 3048 163 
3116 1293 3033 3048 3049 
3117 3034 1294 3049 3033 
3118 3033 1294 3049 1293 
3119 1294 3034 3049 3050 
3120 3035 1295 3050 3034 
3121 3034 1295 3050 1294 
3122 1295 3035 3050 3051 
3123 3036 1296 3051 3035 
3124 3035 1296 3051 1295 
3125 1296 3036 3051 3052 
3126 3037 1297 3052 3036 
3127 3036 1297 3052 1296 
3128 1297 3037 3052 3053 
3129 3038 1298 3053 3037 
3130 3037 1298 3053 1297 
3131 1298 3038 3053 3054 
3132 3039 1299 3054 3038 
3133 3038 1299 3054 1298 
3134 1299 3039 3054 3055 
3135 3040 1300 3055 3039 
3136 3039 1300 3055 1299 
3137 1300 3040 3055 3056 
3138 3041 1301 3056 3040 
3139 3040 1301 3056 1300 
3140 1301 3041 3056 3057 
3141 3042 1302 3057 3041 
3142 3041 1302 3057 1301 
3143 1302 3042 3057 3058 
3144 3043 1303 3058 3042 
3145 3042 1303 3058 1302 
3146 1303 3043 3058 3059 
3147 3044 1304 3059 3043 
3148 3043 1304 3059 1303 
3149 1304 3044 3059 3060 
3150 3045 1305 3060 3044 
3151 3044 1305 3060 1304 
3152 1305 3045 3060 3061 
3153 3046 1306 3061 3045 
3154 3045 1306 3061 1305 
3155 1306 3046 3061 3062 
3156 3047 1307 3062 3046 
3157 3046 1307 3062 1306 
3158 1307 3047 3062 1047 
3159 1046 930 1047 3047 
3160 3047 930 1047 1307 
3161 259 155 287 3153 
3162 1173 2733 3153 155 
3163 155 2733 3153 259 
3164 2733 1173 3153 3154 
3165 1174 2734 3154 1173 
3166 1173 2734 3154 2733 
3167 2734 1174 3154 3155 
3168 1175 2735 3155 1174 
3169 1174 2735 3155 2734 
3170 2735 1175 3155 3156 
3171 1176 2736 3156 1175 
3172 1175 2736 3156 2735 
3173 2736 1176 3156 3157 
3174 1177 2737 3157 1176 
3175 1176 2737 3157 2736 
3176 2737 1177 3157 3158 
3177 1178 2738 3158 1177 
3178 1177 2738 3158 2737 
3179 2738 1178 3158 3159 
3180 1179 2739 3159 1178 
3181 1178 2739 3159 2738 
3182 2739 1179 3159 3160 
3183 1180 2740 3160 1179 
3184 1179 2740 3160 2739 
3185 2740 1180 3160 3161 
3186 1181 2741 3161 1180 
3187 1180 2741 3161 2740 
3188 2741 1181 3161 3162 
3189 1182 2742 3162 1181 
3190 1181 2742 3162 2741 
3191 2742 1182 3162 3163 
3192 1183 2743 3163 1182 
3193 1182 2743 3163 2742 
3194 2743 1183 3163 3164 
3195 1184 2744 3164 1183 
3196 1183 2744 3164 2743 
3197 2744 1184 3164 3165 
3198 1185 2745 3165 1184 
3199 1184 2745 3165 2744 
3200 2745 1185 3165 3166 
3201 1186 2746 3166 1185 
3202 1185 2746 3166 2745 
3203 2746 1186 3166 3167 
3204 1187 2747 3167 1186 
3205 1186 2747 3167 2746 
3206 2747 1187 3167 1054 
3207 922 1026 1054 1187 
3208 1187 1026 1054 2747 
3209 284 13 305 3423 
3210 376 3108 3423 13 
3211 13 3108 3423 284 
3212 3108 376 3423 3424 
3213 377 3109 3424 376 
3214 376 3109 3424 3108 
3215 3109 377 3424 3425 
3216 378 3110 3425 377 
3217 377 3110 3425 3109 
3218 3110 378 3425 3426 
3219 379 3111 3426 378 
3220 378 3111 3426 3110 
3221 3111 379 3426 3427 
3222 380 3112 3427 379 
3223 379 3112 3427 3111 
3224 3112 380 3427 3428 
3225 381 3113 3428 380 
3226 380 3113 3428 3112 
3227 3113 381 3428 3429 
3228 382 3114 3429 381 
3229 381 3114 3429 3113 
3230 3114 382 3429 3430 
3231 383 3115 3430 382 
3232 382 3115 3430 3114 
3233 3115 383 3430 3431 
3234 384 3116 3431 383 
3235 383 3116 3431 3115 
3236 3116 384 3431 3432 
3237 385 3117 3432 384 
3238 384 3117 3432 3116 
3239 3117 385 3432 3433 
3240 386 3118 3433 385 
3241 385 3118 3433 3117 
3242 3118 386 3433 3434 
3243 387 3119 3434 386 
3244 386 3119 3434 3118 
3245 3119 387 3434 3435 
3246 388 3120 3435 387 
3247 387 3120 3435 3119 
3248 3120 388 3435 3436 
3249 389 3121 3436 388 
3250 388 3121 3436 3120 
3251 3121 389 3436 3437 
3252 390 3122 3437 389 
3253 389 3122 3437 3121 
3254 3122 390 3437 1072 
3255 54 1051 1072 390 
3256 390 1051 1072 3122 
3257 262 160 293 3243 
3258 1248 2778 3243 160 
3259 160 2778 3243 262 
3260 2778 1248 3243 3244 
3261 1249 2779 3244 1248 
3262 1248 2779 3244 2778 
3263 2779 1249 3244 3245 
3264 1250 2780 3245 1249 
3265 1249 2780 3245 2779 
3266 2780 1250 3245 3246 
3267 1251 2781 3246 1250 
3268 1250 2781 3246 2780 
3269 2781 1251 3246 3247 
3270 1252 2782 3247 1251 
3271 1251 2782 3247 2781 
3272 2782 1252 3247 3248 
3273 1253 2783 3248 1252 
3274 1252 2783 3248 2782 
3275 2783 1253 3248 3249 
3276 1254 2784 3249 1253 
3277 1253 2784 3249 2783 
3278 2784 1254 3249 3250 
3279 1255 2785 3250 1254 
3280 1254 2785 3250 2784 
3281 2785 1255 3250 3251 
3282 1256 2786 3251 1255 
3283 1255 2786 3251 2785 
3284 2786 1256 3251 3252 
3285 1257 2787 3252 1256 
3286 1256 2787 3252 2786 
3287 2787 1257 3252 3253 
3288 1258 2788 3253 1257 
3289 1257 2788 3253 2787 
3290 2788 1258 3253 3254 
3291 1259 2789 3254 1258 
3292 1258 2789 3254 2788 
3293 2789 1259 3254 3255 
3294 1260 2790 3255 1259 
3295 1259 2790 3255 2789 
3296 2790 1260 3255 3256 
3297 1261 2791 3256 1260 
3298 1260 2791 3256 2790 
3299 2791 1261 3256 3257 
3300 1262 2792 3257 1261 
3301 1261 2792 3257 2791 
3302 2792 1262 3257 1060 
3303 927 1029 1060 1262 
3304 1262 1029 1060 2792 
3305 156 12 284 3108 
3306 361 1188 3108 12 
3307 12 1188 3108 156 
3308 1188 361 3108 3109 
3309 362 1189 3109 361 
3310 361 1189 3109 1188 
3311 1189 362 3109 3110 
3312 363 1190 3110 362 
3313 362 1190 3110 1189 
3314 1190 363 3110 3111 
3315 364 1191 3111 363 
3316 363 1191 3111 1190 
3317 1191 364 3111 3112 
3318 365 1192 3112 364 
3319 364 1192 3112 1191 
3320 1192 365 3112 3113 
3321 366 1193 3113 365 
3322 365 1193 3113 1192 
3323 1193 366 3113 3114 
3324 367 1194 3114 366 
3325 366 1194 3114 1193 
3326 1194 367 3114 3115 
3327 368 1195 3115 367 
3328 367 1195 3115 1194 
3329 1195 368 3115 3116 
3330 369 1196 3116 368 
3331 368 1196 3116 1195 
3332 1196 369 3116 3117 
3333 370 1197 3117 369 
3334 369 1197 3117 1196 
3335 1197 370 3117 3118 
3336 371 1198 3118 370 
3337 370 1198 3118 1197 
3338 1198 371 3118 3119 
3339 372 1199 3119 371 
3340 371 1199 3119 1198 
3341 1199 372 3119 3120 
3342 373 1200 3120 372 
3343 372 1200 3120 1199 
3344 1200 373 3120 3121 
3345 374 1201 3121 373 
3346 373 1201 3121 1200 
3347 1201 374 3121 3122 
3348 375 1202 3122 374 
3349 374 1202 3122 1201 
3350 1202 375 3122 1051 
3351 55 923 1051 375 
3352 375 923 1051 1202 
3353 226 238 239 2433 
3354 2418 2238 2433 238 
3355 238 2238 2433 226 
3356 2238 2418 2433 2434 
3357 2419 2239 2434 2418 
3358 2418 2239 2434 2238 
3359 2239 2419 2434 2435 
3360 2420 2240 2435 2419 
3361 2419 2240 2435 2239 
3362 2240 2420 2435 2436 
3363 2421 2241 2436 2420 
3364 2420 2241 2436 2240 
3365 2241 2421 2436 2437 
3366 2422 2242 2437 2421 
3367 2421 2242 2437 2241 
3368 2242 2422 2437 2438 
3369 2423 2243 2438 2422 
3370 2422 2243 2438 2242 
3371 2243 2423 2438 2439 
3372 2424 2244 2439 2423 
3373 2423 2244 2439 2243 
3374 2244 2424 2439 2440 
3375 2425 2245 2440 2424 
3376 2424 2245 2440 2244 
3377 2245 2425 2440 2441 
3378 2426 2246 2441 2425 
3379 2425 2246 2441 2245 
3380 2246 2426 2441 2442 
3381 2427 2247 2442 2426 
3382 2426 2247 2442 2246 
3383 2247 2427 2442 2443 
3384 2428 2248 2443 2427 
3385 2427 2248 2443 2247 
3386 2248 2428 2443 2444 
3387 2429 2249 2444 2428 
3388 2428 2249 2444 2248 
3389 2249 2429 2444 2445 
3390 2430 2250 2445 2429 
3391 2429 2250 2445 2249 
3392 2250 2430 2445 2446 
3393 2431 2251 2446 2430 
3394 2430 2251 2446 2250 
3395 2251 2431 2446 2447 
3396 2432 2252 2447 2431 
3397 2431 2252 2447 2251 
3398 2252 2432 2447 1006 
3399 1005 993 1006 2432 
3400 2432 993 1006 2252 
3401 226 239 240 2448 
3402 2433 2238 2448 226 
3403 239 226 2433 2448 
3404 2238 2433 2448 2449 
3405 2434 2239 2449 2238 
3406 2433 2238 2434 2449 
3407 2239 2434 2449 2450 
3408 2435 2240 2450 2239 
3409 2434 2239 2435 2450 
3410 2240 2435 2450 2451 
3411 2436 2241 2451 2240 
3412 2435 2240 2436 2451 
3413 2241 2436 2451 2452 
3414 2437 2242 2452 2241 
3415 2436 2241 2437 2452 
3416 2242 2437 2452 2453 
3417 2438 2243 2453 2242 
3418 2437 2242 2438 2453 
3419 2243 2438 2453 2454 
3420 2439 2244 2454 2243 
3421 2438 2243 2439 2454 
3422 2244 2439 2454 2455 
3423 2440 2245 2455 2244 
3424 2439 2244 2440 2455 
3425 2245 2440 2455 2456 
3426 2441 2246 2456 2245 
3427 2440 2245 2441 2456 
3428 2246 2441 2456 2457 
3429 2442 2247 2457 2246 
3430 2441 2246 2442 2457 
3431 2247 2442 2457 2458 
3432 2443 2248 2458 2247 
3433 2442 2247 2443 2458 
3434 2248 2443 2458 2459 
3435 2444 2249 2459 2248 
3436 2443 2248 2444 2459 
3437 2249 2444 2459 2460 
3438 2445 2250 2460 2249 
3439 2444 2249 2445 2460 
3440 2250 2445 2460 2461 
3441 2446 2251 2461 2250 
3442 2445 2250 2446 2461 
3443 2251 2446 2461 2462 
3444 2447 2252 2462 2251 
3445 2446 2251 2447 2462 
3446 2252 2447 2462 1007 
3447 1006 993 1007 2252 
3448 2447 2252 1006 1007 
3449 162 248 285 3123 
3450 2568 1278 3123 162 
3451 248 162 2568 3123 
3452 1278 2568 3123 3124 
3453 2569 1279 3124 1278 
3454 2568 1278 2569 3124 
3455 1279 2569 3124 3125 
3456 2570 1280 3125 1279 
3457 2569 1279 2570 3125 
3458 1280 2570 3125 3126 
3459 2571 1281 3126 1280 
3460 2570 1280 2571 3126 
3461 1281 2571 3126 3127 
3462 2572 1282 3127 1281 
3463 2571 1281 2572 3127 
3464 1282 2572 3127 3128 
3465 2573 1283 3128 1282 
3466 2572 1282 2573 3128 
3467 1283 2573 3128 3129 
3468 2574 1284 3129 1283 
3469 2573 1283 2574 3129 
3470 1284 2574 3129 3130 
3471 2575 1285 3130 1284 
3472 2574 1284 2575 3130 
3473 1285 2575 3130 3131 
3474 2576 1286 3131 1285 
3475 2575 1285 2576 3131 
3476 1286 2576 3131 3132 
3477 2577 1287 3132 1286 
3478 2576 1286 2577 3132 
3479 1287 2577 3132 3133 
3480 2578 1288 3133 1287 
3481 2577 1287 2578 3133 
3482 1288 2578 3133 3134 
3483 2579 1289 3134 1288 
3484 2578 1288 2579 3134 
3485 1289 2579 3134 3135 
3486 2580 1290 3135 1289 
3487 2579 1289 2580 3135 
3488 1290 2580 3135 3136 
3489 2581 1291 3136 1290 
3490 2580 1290 2581 3136 
3491 1291 2581 3136 3137 
3492 2582 1292 3137 1291 
3493 2581 1291 2582 3137 
3494 1292 2582 3137 1052 
3495 1015 929 1052 1292 
3496 2582 1292 1015 1052 
3497 228 253 295 3273 
3498 2643 2268 3273 253 
3499 253 2268 3273 228 
3500 2268 2643 3273 3274 
3501 2644 2269 3274 2643 
3502 2643 2269 3274 2268 
3503 2269 2644 3274 3275 
3504 2645 2270 3275 2644 
3505 2644 2270 3275 2269 
3506 2270 2645 3275 3276 
3507 2646 2271 3276 2645 
3508 2645 2271 3276 2270 
3509 2271 2646 3276 3277 
3510 2647 2272 3277 2646 
3511 2646 2272 3277 2271 
3512 2272 2647 3277 3278 
3513 2648 2273 3278 2647 
3514 2647 2273 3278 2272 
3515 2273 2648 3278 3279 
3516 2649 2274 3279 2648 
3517 2648 2274 3279 2273 
3518 2274 2649 3279 3280 
3519 2650 2275 3280 2649 
3520 2649 2275 3280 2274 
3521 2275 2650 3280 3281 
3522 2651 2276 3281 2650 
3523 2650 2276 3281 2275 
3524 2276 2651 3281 3282 
3525 2652 2277 3282 2651 
3526 2651 2277 3282 2276 
3527 2277 2652 3282 3283 
3528 2653 2278 3283 2652 
3529 2652 2278 3283 2277 
3530 2278 2653 3283 3284 
3531 2654 2279 3284 2653 
3532 2653 2279 3284 2278 
3533 2279 2654 3284 3285 
3534 2655 2280 3285 2654 
3535 2654 2280 3285 2279 
3536 2280 2655 3285 3286 
3537 2656 2281 3286 2655 
3538 2655 2281 3286 2280 
3539 2281 2656 3286 3287 
3540 2657 2282 3287 2656 
3541 2656 2282 3287 2281 
3542 2282 2657 3287 1062 
3543 1020 995 1062 2657 
3544 2657 995 1062 2282 
3545 150 28 285 3123 
3546 601 1098 3123 28 
3547 28 1098 3123 150 
3548 1098 601 3123 3124 
3549 602 1099 3124 601 
3550 601 1099 3124 1098 
3551 1099 602 3124 3125 
3552 603 1100 3125 602 
3553 602 1100 3125 1099 
3554 1100 603 3125 3126 
3555 604 1101 3126 603 
3556 603 1101 3126 1100 
3557 1101 604 3126 3127 
3558 605 1102 3127 604 
3559 604 1102 3127 1101 
3560 1102 605 3127 3128 
3561 606 1103 3128 605 
3562 605 1103 3128 1102 
3563 1103 606 3128 3129 
3564 607 1104 3129 606 
3565 606 1104 3129 1103 
3566 1104 607 3129 3130 
3567 608 1105 3130 607 
3568 607 1105 3130 1104 
3569 1105 608 3130 3131 
3570 609 1106 3131 608 
3571 608 1106 3131 1105 
3572 1106 609 3131 3132 
3573 610 1107 3132 609 
3574 609 1107 3132 1106 
3575 1107 610 3132 3133 
3576 611 1108 3133 610 
3577 610 1108 3133 1107 
3578 1108 611 3133 3134 
3579 612 1109 3134 611 
3580 611 1109 3134 1108 
3581 1109 612 3134 3135 
3582 613 1110 3135 612 
3583 612 1110 3135 1109 
3584 1110 613 3135 3136 
3585 614 1111 3136 613 
3586 613 1111 3136 1110 
3587 1111 614 3136 3137 
3588 615 1112 3137 614 
3589 614 1112 3137 1111 
3590 1112 615 3137 1052 
3591 89 917 1052 615 
3592 615 917 1052 1112 
3593 3 162 285 3123 
3594 1278 99 3123 162 
3595 162 99 3123 3 
3596 99 1278 3123 3124 
3597 1279 100 3124 1278 
3598 1278 100 3124 99 
3599 100 1279 3124 3125 
3600 1280 101 3125 1279 
3601 1279 101 3125 100 
3602 101 1280 3125 3126 
3603 1281 102 3126 1280 
3604 1280 102 3126 101 
3605 102 1281 3126 3127 
3606 1282 103 3127 1281 
3607 1281 103 3127 102 
3608 103 1282 3127 3128 
3609 1283 104 3128 1282 
3610 1282 104 3128 103 
3611 104 1283 3128 3129 
3612 1284 105 3129 1283 
3613 1283 105 3129 104 
3614 105 1284 3129 3130 
3615 1285 106 3130 1284 
3616 1284 106 3130 105 
3617 106 1285 3130 3131 
3618 1286 107 3131 1285 
3619 1285 107 3131 106 
3620 107 1286 3131 3132 
3621 1287 108 3132 1286 
3622 1286 108 3132 107 
3623 108 1287 3132 3133 
3624 1288 109 3133 1287 
3625 1287 109 3133 108 
3626 109 1288 3133 3134 
3627 1289 110 3134 1288 
3628 1288 110 3134 109 
3629 110 1289 3134 3135 
3630 1290 111 3135 1289 
3631 1289 111 3135 110 
3632 111 1290 3135 3136 
3633 1291 112 3136 1290 
3634 1290 112 3136 111 
3635 112 1291 3136 3137 
3636 1292 113 3137 1291 
3637 1291 113 3137 112 
3638 113 1292 3137 1052 
3639 929 7 1052 1292 
3640 1292 7 1052 113 
3641 294 281 301 3363 
3642 3063 3258 3363 281 
3643 281 3258 3363 294 
3644 3258 3063 3363 3364 
3645 3064 3259 3364 3063 
3646 3063 3259 3364 3258 
3647 3259 3064 3364 3365 
3648 3065 3260 3365 3064 
3649 3064 3260 3365 3259 
3650 3260 3065 3365 3366 
3651 3066 3261 3366 3065 
3652 3065 3261 3366 3260 
3653 3261 3066 3366 3367 
3654 3067 3262 3367 3066 
3655 3066 3262 3367 3261 
3656 3262 3067 3367 3368 
3657 3068 3263 3368 3067 
3658 3067 3263 3368 3262 
3659 3263 3068 3368 3369 
3660 3069 3264 3369 3068 
3661 3068 3264 3369 3263 
3662 3264 3069 3369 3370 
3663 3070 3265 3370 3069 
3664 3069 3265 3370 3264 
3665 3265 3070 3370 3371 
3666 3071 3266 3371 3070 
3667 3070 3266 3371 3265 
3668 3266 3071 3371 3372 
3669 3072 3267 3372 3071 
3670 3071 3267 3372 3266 
3671 3267 3072 3372 3373 
3672 3073 3268 3373 3072 
3673 3072 3268 3373 3267 
3674 3268 3073 3373 3374 
3675 3074 3269 3374 3073 
3676 3073 3269 3374 3268 
3677 3269 3074 3374 3375 
3678 3075 3270 3375 3074 
3679 3074 3270 3375 3269 
3680 3270 3075 3375 3376 
3681 3076 3271 3376 3075 
3682 3075 3271 3376 3270 
3683 3271 3076 3376 3377 
3684 3077 3272 3377 3076 
3685 3076 3272 3377 3271 
3686 3272 3077 3377 1068 
3687 1048 1061 1068 3077 
3688 3077 1061 1068 3272 
3689 248 230 285 3123 
3690 2298 2568 3123 230 
3691 230 2568 3123 248 
3692 2568 2298 3123 3124 
3693 2299 2569 3124 2298 
3694 2298 2569 3124 2568 
3695 2569 2299 3124 3125 
3696 2300 2570 3125 2299 
3697 2299 2570 3125 2569 
3698 2570 2300 3125 3126 
3699 2301 2571 3126 2300 
3700 2300 2571 3126 2570 
3701 2571 2301 3126 3127 
3702 2302 2572 3127 2301 
3703 2301 2572 3127 2571 
3704 2572 2302 3127 3128 
3705 2303 2573 3128 2302 
3706 2302 2573 3128 2572 
3707 2573 2303 3128 3129 
3708 2304 2574 3129 2303 
3709 2303 2574 3129 2573 
3710 2574 2304 3129 3130 
3711 2305 2575 3130 2304 
3712 2304 2575 3130 2574 
3713 2575 2305 3130 3131 
3714 2306 2576 3131 2305 
3715 2305 2576 3131 2575 
3716 2576 2306 3131 3132 
3717 2307 2577 3132 2306 
3718 2306 2577 3132 2576 
3719 2577 2307 3132 3133 
3720 2308 2578 3133 2307 
3721 2307 2578 3133 2577 
3722 2578 2308 3133 3134 
3723 2309 2579 3134 2308 
3724 2308 2579 3134 2578 
3725 2579 2309 3134 3135 
3726 2310 2580 3135 2309 
3727 2309 2580 3135 2579 
3728 2580 2310 3135 3136 
3729 2311 2581 3136 2310 
3730 2310 2581 3136 2580 
3731 2581 2311 3136 3137 
3732 2312 2582 3137 2311 
3733 2311 2582 3137 2581 
3734 2582 2312 3137 1052 
3735 997 1015 1052 2312 
3736 2312 1015 1052 2582 
3737 230 224 240 2448 
3738 2208 2298 2448 224 
3739 224 2298 2448 230 
3740 2298 2208 2448 2449 
3741 2209 2299 2449 2208 
3742 2208 2299 2449 2298 
3743 2299 2209 2449 2450 
3744 2210 2300 2450 2209 
3745 2209 2300 2450 2299 
3746 2300 2210 2450 2451 
3747 2211 2301 2451 2210 
3748 2210 2301 2451 2300 
3749 2301 2211 2451 2452 
3750 2212 2302 2452 2211 
3751 2211 2302 2452 2301 
3752 2302 2212 2452 2453 
3753 2213 2303 2453 2212 
3754 2212 2303 2453 2302 
3755 2303 2213 2453 2454 
3756 2214 2304 2454 2213 
3757 2213 2304 2454 2303 
3758 2304 2214 2454 2455 
3759 2215 2305 2455 2214 
3760 2214 2305 2455 2304 
3761 2305 2215 2455 2456 
3762 2216 2306 2456 2215 
3763 2215 2306 2456 2305 
3764 2306 2216 2456 2457 
3765 2217 2307 2457 2216 
3766 2216 2307 2457 2306 
3767 2307 2217 2457 2458 
3768 2218 2308 2458 2217 
3769 2217 2308 2458 2307 
3770 2308 2218 2458 2459 
3771 2219 2309 2459 2218 
3772 2218 2309 2459 2308 
3773 2309 2219 2459 2460 
3774 2220 2310 2460 2219 
3775 2219 2310 2460 2309 
3776 2310 2220 2460 2461 
3777 2221 2311 2461 2220 
3778 2220 2311 2461 2310 
3779 2311 2221 2461 2462 
3780 2222 2312 2462 2221 
3781 2221 2312 2462 2311 
3782 2312 2222 2462 1007 
3783 991 997 1007 2222 
3784 2222 997 1007 2312 
3785 160 262 306 3438 
3786 2778 1248 3438 160 
3787 262 160 2778 3438 
3788 1248 2778 3438 3439 
3789 2779 1249 3439 1248 
3790 2778 1248 2779 3439 
3791 1249 2779 3439 3440 
3792 2780 1250 3440 1249 
3793 2779 1249 2780 3440 
3794 1250 2780 3440 3441 
3795 2781 1251 3441 1250 
3796 2780 1250 2781 3441 
3797 1251 2781 3441 3442 
3798 2782 1252 3442 1251 
3799 2781 1251 2782 3442 
3800 1252 2782 3442 3443 
3801 2783 1253 3443 1252 
3802 2782 1252 2783 3443 
3803 1253 2783 3443 3444 
3804 2784 1254 3444 1253 
3805 2783 1253 2784 3444 
3806 1254 2784 3444 3445 
3807 2785 1255 3445 1254 
3808 2784 1254 2785 3445 
3809 1255 2785 3445 3446 
3810 2786 1256 3446 1255 
3811 2785 1255 2786 3446 
3812 1256 2786 3446 3447 
3813 2787 1257 3447 1256 
3814 2786 1256 2787 3447 
3815 1257 2787 3447 3448 
3816 2788 1258 3448 1257 
3817 2787 1257 2788 3448 
3818 1258 2788 3448 3449 
3819 2789 1259 3449 1258 
3820 2788 1258 2789 3449 
3821 1259 2789 3449 3450 
3822 2790 1260 3450 1259 
3823 2789 1259 2790 3450 
3824 1260 2790 3450 3451 
3825 2791 1261 3451 1260 
3826 2790 1260 2791 3451 
3827 1261 2791 3451 3452 
3828 2792 1262 3452 1261 
3829 2791 1261 2792 3452 
3830 1262 2792 3452 1073 
3831 1029 927 1073 1262 
3832 2792 1262 1029 1073 
3833 238 226 242 2478 
3834 2238 2418 2478 238 
3835 226 238 2238 2478 
3836 2418 2238 2478 2479 
3837 2239 2419 2479 2418 
3838 2238 2418 2239 2479 
3839 2419 2239 2479 2480 
3840 2240 2420 2480 2419 
3841 2239 2419 2240 2480 
3842 2420 2240 2480 2481 
3843 2241 2421 2481 2420 
3844 2240 2420 2241 2481 
3845 2421 2241 2481 2482 
3846 2242 2422 2482 2421 
3847 2241 2421 2242 2482 
3848 2422 2242 2482 2483 
3849 2243 2423 2483 2422 
3850 2242 2422 2243 2483 
3851 2423 2243 2483 2484 
3852 2244 2424 2484 2423 
3853 2243 2423 2244 2484 
3854 2424 2244 2484 2485 
3855 2245 2425 2485 2424 
3856 2244 2424 2245 2485 
3857 2425 2245 2485 2486 
3858 2246 2426 2486 2425 
3859 2245 2425 2246 2486 
3860 2426 2246 2486 2487 
3861 2247 2427 2487 2426 
3862 2246 2426 2247 2487 
3863 2427 2247 2487 2488 
3864 2248 2428 2488 2427 
3865 2247 2427 2248 2488 
3866 2428 2248 2488 2489 
3867 2249 2429 2489 2428 
3868 2248 2428 2249 2489 
3869 2429 2249 2489 2490 
3870 2250 2430 2490 2429 
3871 2249 2429 2250 2490 
3872 2430 2250 2490 2491 
3873 2251 2431 2491 2430 
3874 2250 2430 2251 2491 
3875 2431 2251 2491 2492 
3876 2252 2432 2492 2431 
3877 2251 2431 2252 2492 
3878 2432 2252 2492 1009 
3879 993 1005 1009 2432 
3880 2252 2432 993 1009 
3881 224 226 240 2448 
3882 2238 2208 2448 226 
3883 226 2208 2448 224 
3884 2208 2238 2448 2449 
3885 2239 2209 2449 2238 
3886 2238 2209 2449 2208 
3887 2209 2239 2449 2450 
3888 2240 2210 2450 2239 
3889 2239 2210 2450 2209 
3890 2210 2240 2450 2451 
3891 2241 2211 2451 2240 
3892 2240 2211 2451 2210 
3893 2211 2241 2451 2452 
3894 2242 2212 2452 2241 
3895 2241 2212 2452 2211 
3896 2212 2242 2452 2453 
3897 2243 2213 2453 2242 
3898 2242 2213 2453 2212 
3899 2213 2243 2453 2454 
3900 2244 2214 2454 2243 
3901 2243 2214 2454 2213 
3902 2214 2244 2454 2455 
3903 2245 2215 2455 2244 
3904 2244 2215 2455 2214 
3905 2215 2245 2455 2456 
3906 2246 2216 2456 2245 
3907 2245 2216 2456 2215 
3908 2216 2246 2456 2457 
3909 2247 2217 2457 2246 
3910 2246 2217 2457 2216 
3911 2217 2247 2457 2458 
3912 2248 2218 2458 2247 
3913 2247 2218 2458 2217 
3914 2218 2248 2458 2459 
3915 2249 2219 2459 2248 
3916 2248 2219 2459 2218 
3917 2219 2249 2459 2460 
3918 2250 2220 2460 2249 
3919 2249 2220 2460 2219 
3920 2220 2250 2460 2461 
3921 2251 2221 2461 2250 
3922 2250 2221 2461 2220 
3923 2221 2251 2461 2462 
3924 2252 2222 2462 2251 
3925 2251 2222 2462 2221 
3926 2222 2252 2462 1007 
3927 993 991 1007 2252 
3928 2252 991 1007 2222 
3929 149 294 301 3363 
3930 3258 1083 3363 294 
3931 294 1083 3363 149 
3932 1083 3258 3363 3364 
3933 3259 1084 3364 3258 
3934 3258 1084 3364 1083 
3935 1084 3259 3364 3365 
3936 3260 1085 3365 3259 
3937 3259 1085 3365 1084 
3938 1085 3260 3365 3366 
3939 3261 1086 3366 3260 
3940 3260 1086 3366 1085 
3941 1086 3261 3366 3367 
3942 3262 1087 3367 3261 
3943 3261 1087 3367 1086 
3944 1087 3262 3367 3368 
3945 3263 1088 3368 3262 
3946 3262 1088 3368 1087 
3947 1088 3263 3368 3369 
3948 3264 1089 3369 3263 
3949 3263 1089 3369 1088 
3950 1089 3264 3369 3370 
3951 3265 1090 3370 3264 
3952 3264 1090 3370 1089 
3953 1090 3265 3370 3371 
3954 3266 1091 3371 3265 
3955 3265 1091 3371 1090 
3956 1091 3266 3371 3372 
3957 3267 1092 3372 3266 
3958 3266 1092 3372 1091 
3959 1092 3267 3372 3373 
3960 3268 1093 3373 3267 
3961 3267 1093 3373 1092 
3962 1093 3268 3373 3374 
3963 3269 1094 3374 3268 
3964 3268 1094 3374 1093 
3965 1094 3269 3374 3375 
3966 3270 1095 3375 3269 
3967 3269 1095 3375 1094 
3968 1095 3270 3375 3376 
3969 3271 1096 3376 3270 
3970 3270 1096 3376 1095 
3971 1096 3271 3376 3377 
3972 3272 1097 3377 3271 
3973 3271 1097 3377 1096 
3974 1097 3272 3377 1068 
3975 1061 916 1068 3272 
3976 3272 916 1068 1097 
3977 236 158 238 2418 
3978 1218 2388 2418 158 
3979 158 2388 2418 236 
3980 2388 1218 2418 2419 
3981 1219 2389 2419 1218 
3982 1218 2389 2419 2388 
3983 2389 1219 2419 2420 
3984 1220 2390 2420 1219 
3985 1219 2390 2420 2389 
3986 2390 1220 2420 2421 
3987 1221 2391 2421 1220 
3988 1220 2391 2421 2390 
3989 2391 1221 2421 2422 
3990 1222 2392 2422 1221 
3991 1221 2392 2422 2391 
3992 2392 1222 2422 2423 
3993 1223 2393 2423 1222 
3994 1222 2393 2423 2392 
3995 2393 1223 2423 2424 
3996 1224 2394 2424 1223 
3997 1223 2394 2424 2393 
3998 2394 1224 2424 2425 
3999 1225 2395 2425 1224 
4000 1224 2395 2425 2394 
4001 2395 1225 2425 2426 
4002 1226 2396 2426 1225 
4003 1225 2396 2426 2395 
4004 2396 1226 2426 2427 
4005 1227 2397 2427 1226 
4006 1226 2397 2427 2396 
4007 2397 1227 2427 2428 
4008 1228 2398 2428 1227 
4009 1227 2398 2428 2397 
4010 2398 1228 2428 2429 
4011 1229 2399 2429 1228 
4012 1228 2399 2429 2398 
4013 2399 1229 2429 2430 
4014 1230 2400 2430 1229 
4015 1229 2400 2430 2399 
4016 2400 1230 2430 2431 
4017 1231 2401 2431 1230 
4018 1230 2401 2431 2400 
4019 2401 1231 2431 2432 
4020 1232 2402 2432 1231 
4021 1231 2402 2432 2401 
4022 2402 1232 2432 1005 
4023 925 1003 1005 1232 
4024 1232 1003 1005 2402 
4025 237 238 242 2478 
4026 2418 2403 2478 238 
4027 238 2403 2478 237 
4028 2403 2418 2478 2479 
4029 2419 2404 2479 2418 
4030 2418 2404 2479 2403 
4031 2404 2419 2479 2480 
4032 2420 2405 2480 2419 
4033 2419 2405 2480 2404 
4034 2405 2420 2480 2481 
4035 2421 2406 2481 2420 
4036 2420 2406 2481 2405 
4037 2406 2421 2481 2482 
4038 2422 2407 2482 2421 
4039 2421 2407 2482 2406 
4040 2407 2422 2482 2483 
4041 2423 2408 2483 2422 
4042 2422 2408 2483 2407 
4043 2408 2423 2483 2484 
4044 2424 2409 2484 2423 
4045 2423 2409 2484 2408 
4046 2409 2424 2484 2485 
4047 2425 2410 2485 2424 
4048 2424 2410 2485 2409 
4049 2410 2425 2485 2486 
4050 2426 2411 2486 2425 
4051 2425 2411 2486 2410 
4052 2411 2426 2486 2487 
4053 2427 2412 2487 2426 
4054 2426 2412 2487 2411 
4055 2412 2427 2487 2488 
4056 2428 2413 2488 2427 
4057 2427 2413 2488 2412 
4058 2413 2428 2488 2489 
4059 2429 2414 2489 2428 
4060 2428 2414 2489 2413 
4061 2414 2429 2489 2490 
4062 2430 2415 2490 2429 
4063 2429 2415 2490 2414 
4064 2415 2430 2490 2491 
4065 2431 2416 2491 2430 
4066 2430 2416 2491 2415 
4067 2416 2431 2491 2492 
4068 2432 2417 2492 2431 
4069 2431 2417 2492 2416 
4070 2417 2432 2492 1009 
4071 1005 1004 1009 2432 
4072 2432 1004 1009 2417 
4073 263 262 293 3243 
4074 2778 2793 3243 262 
4075 262 2793 3243 263 
4076 2793 2778 3243 3244 
4077 2779 2794 3244 2778 
4078 2778 2794 3244 2793 
4079 2794 2779 3244 3245 
4080 2780 2795 3245 2779 
4081 2779 2795 3245 2794 
4082 2795 2780 3245 3246 
4083 2781 2796 3246 2780 
4084 2780 2796 3246 2795 
4085 2796 2781 3246 3247 
4086 2782 2797 3247 2781 
4087 2781 2797 3247 2796 
4088 2797 2782 3247 3248 
4089 2783 2798 3248 2782 
4090 2782 2798 3248 2797 
4091 2798 2783 3248 3249 
4092 2784 2799 3249 2783 
4093 2783 2799 3249 2798 
4094 2799 2784 3249 3250 
4095 2785 2800 3250 2784 
4096 2784 2800 3250 2799 
4097 2800 2785 3250 3251 
4098 2786 2801 3251 2785 
4099 2785 2801 3251 2800 
4100 2801 2786 3251 3252 
4101 2787 2802 3252 2786 
4102 2786 2802 3252 2801 
4103 2802 2787 3252 3253 
4104 2788 2803 3253 2787 
4105 2787 2803 3253 2802 
4106 2803 2788 3253 3254 
4107 2789 2804 3254 2788 
4108 2788 2804 3254 2803 
4109 2804 2789 3254 3255 
4110 2790 2805 3255 2789 
4111 2789 2805 3255 2804 
4112 2805 2790 3255 3256 
4113 2791 2806 3256 2790 
4114 2790 2806 3256 2805 
4115 2806 2791 3256 3257 
4116 2792 2807 3257 2791 
4117 2791 2807 3257 2806 
4118 2807 2792 3257 1060 
4119 1029 1030 1060 2792 
4120 2792 1030 1060 2807 
4121 10 283 304 3408 
4122 3093 331 3408 10 
4123 283 10 3093 3408 
4124 331 3093 3408 3409 
4125 3094 332 3409 331 
4126 3093 331 3094 3409 
4127 332 3094 3409 3410 
4128 3095 333 3410 332 
4129 3094 332 3095 3410 
4130 333 3095 3410 3411 
4131 3096 334 3411 333 
4132 3095 333 3096 3411 
4133 334 3096 3411 3412 
4134 3097 335 3412 334 
4135 3096 334 3097 3412 
4136 335 3097 3412 3413 
4137 3098 336 3413 335 
4138 3097 335 3098 3413 
4139 336 3098 3413 3414 
4140 3099 337 3414 336 
4141 3098 336 3099 3414 
4142 337 3099 3414 3415 
4143 3100 338 3415 337 
4144 3099 337 3100 3415 
4145 338 3100 3415 3416 
4146 3101 339 3416 338 
4147 3100 338 3101 3416 
4148 339 3101 3416 3417 
4149 3102 340 3417 339 
4150 3101 339 3102 3417 
4151 340 3102 3417 3418 
4152 3103 341 3418 340 
4153 3102 340 3103 3418 
4154 341 3103 3418 3419 
4155 3104 342 3419 341 
4156 3103 341 3104 3419 
4157 342 3104 3419 3420 
4158 3105 343 3420 342 
4159 3104 342 3105 3420 
4160 343 3105 3420 3421 
4161 3106 344 3421 343 
4162 3105 343 3106 3421 
4163 344 3106 3421 3422 
4164 3107 345 3422 344 
4165 3106 344 3107 3422 
4166 345 3107 3422 1071 
4167 1050 57 1071 345 
4168 3107 345 1050 1071 
4169 171 168 237 2403 
4170 1368 1413 2403 168 
4171 168 1413 2403 171 
4172 1413 1368 2403 2404 
4173 1369 1414 2404 1368 
4174 1368 1414 2404 1413 
4175 1414 1369 2404 2405 
4176 1370 1415 2405 1369 
4177 1369 1415 2405 1414 
4178 1415 1370 2405 2406 
4179 1371 1416 2406 1370 
4180 1370 1416 2406 1415 
4181 1416 1371 2406 2407 
4182 1372 1417 2407 1371 
4183 1371 1417 2407 1416 
4184 1417 1372 2407 2408 
4185 1373 1418 2408 1372 
4186 1372 1418 2408 1417 
4187 1418 1373 2408 2409 
4188 1374 1419 2409 1373 
4189 1373 1419 2409 1418 
4190 1419 1374 2409 2410 
4191 1375 1420 2410 1374 
4192 1374 1420 2410 1419 
4193 1420 1375 2410 2411 
4194 1376 1421 2411 1375 
4195 1375 1421 2411 1420 
4196 1421 1376 2411 2412 
4197 1377 1422 2412 1376 
4198 1376 1422 2412 1421 
4199 1422 1377 2412 2413 
4200 1378 1423 2413 1377 
4201 1377 1423 2413 1422 
4202 1423 1378 2413 2414 
4203 1379 1424 2414 1378 
4204 1378 1424 2414 1423 
4205 1424 1379 2414 2415 
4206 1380 1425 2415 1379 
4207 1379 1425 2415 1424 
4208 1425 1380 2415 2416 
4209 1381 1426 2416 1380 
4210 1380 1426 2416 1425 
4211 1426 1381 2416 2417 
4212 1382 1427 2417 1381 
4213 1381 1427 2417 1426 
4214 1427 1382 2417 1004 
4215 935 938 1004 1382 
4216 1382 938 1004 1427 
4217 238 158 239 2433 
4218 1218 2418 2433 158 
4219 158 2418 2433 238 
4220 2418 1218 2433 2434 
4221 1219 2419 2434 1218 
4222 1218 2419 2434 2418 
4223 2419 1219 2434 2435 
4224 1220 2420 2435 1219 
4225 1219 2420 2435 2419 
4226 2420 1220 2435 2436 
4227 1221 2421 2436 1220 
4228 1220 2421 2436 2420 
4229 2421 1221 2436 2437 
4230 1222 2422 2437 1221 
4231 1221 2422 2437 2421 
4232 2422 1222 2437 2438 
4233 1223 2423 2438 1222 
4234 1222 2423 2438 2422 
4235 2423 1223 2438 2439 
4236 1224 2424 2439 1223 
4237 1223 2424 2439 2423 
4238 2424 1224 2439 2440 
4239 1225 2425 2440 1224 
4240 1224 2425 2440 2424 
4241 2425 1225 2440 2441 
4242 1226 2426 2441 1225 
4243 1225 2426 2441 2425 
4244 2426 1226 2441 2442 
4245 1227 2427 2442 1226 
4246 1226 2427 2442 2426 
4247 2427 1227 2442 2443 
4248 1228 2428 2443 1227 
4249 1227 2428 2443 2427 
4250 2428 1228 2443 2444 
4251 1229 2429 2444 1228 
4252 1228 2429 2444 2428 
4253 2429 1229 2444 2445 
4254 1230 2430 2445 1229 
4255 1229 2430 2445 2429 
4256 2430 1230 2445 2446 
4257 1231 2431 2446 1230 
4258 1230 2431 2446 2430 
4259 2431 1231 2446 2447 
4260 1232 2432 2447 1231 
4261 1231 2432 2447 2431 
4262 2432 1232 2447 1006 
4263 925 1005 1006 1232 
4264 1232 1005 1006 2432 
4265 240 239 292 3228 
4266 2433 2448 3228 239 
4267 239 2448 3228 240 
4268 2448 2433 3228 3229 
4269 2434 2449 3229 2433 
4270 2433 2449 3229 2448 
4271 2449 2434 3229 3230 
4272 2435 2450 3230 2434 
4273 2434 2450 3230 2449 
4274 2450 2435 3230 3231 
4275 2436 2451 3231 2435 
4276 2435 2451 3231 2450 
4277 2451 2436 3231 3232 
4278 2437 2452 3232 2436 
4279 2436 2452 3232 2451 
4280 2452 2437 3232 3233 
4281 2438 2453 3233 2437 
4282 2437 2453 3233 2452 
4283 2453 2438 3233 3234 
4284 2439 2454 3234 2438 
4285 2438 2454 3234 2453 
4286 2454 2439 3234 3235 
4287 2440 2455 3235 2439 
4288 2439 2455 3235 2454 
4289 2455 2440 3235 3236 
4290 2441 2456 3236 2440 
4291 2440 2456 3236 2455 
4292 2456 2441 3236 3237 
4293 2442 2457 3237 2441 
4294 2441 2457 3237 2456 
4295 2457 2442 3237 3238 
4296 2443 2458 3238 2442 
4297 2442 2458 3238 2457 
4298 2458 2443 3238 3239 
4299 2444 2459 3239 2443 
4300 2443 2459 3239 2458 
4301 2459 2444 3239 3240 
4302 2445 2460 3240 2444 
4303 2444 2460 3240 2459 
4304 2460 2445 3240 3241 
4305 2446 2461 3241 2445 
4306 2445 2461 3241 2460 
4307 2461 2446 3241 3242 
4308 2447 2462 3242 2446 
4309 2446 2462 3242 2461 
4310 2462 2447 3242 1059 
4311 1006 1007 1059 2447 
4312 2447 1007 1059 2462 
4313 256 281 286 3138 
4314 3063 2688 3138 281 
4315 281 2688 3138 256 
4316 2688 3063 3138 3139 
4317 3064 2689 3139 3063 
4318 3063 2689 3139 2688 
4319 2689 3064 3139 3140 
4320 3065 2690 3140 3064 
4321 3064 2690 3140 2689 
4322 2690 3065 3140 3141 
4323 3066 2691 3141 3065 
4324 3065 2691 3141 2690 
4325 2691 3066 3141 3142 
4326 3067 2692 3142 3066 
4327 3066 2692 3142 2691 
4328 2692 3067 3142 3143 
4329 3068 2693 3143 3067 
4330 3067 2693 3143 2692 
4331 2693 3068 3143 3144 
4332 3069 2694 3144 3068 
4333 3068 2694 3144 2693 
4334 2694 3069 3144 3145 
4335 3070 2695 3145 3069 
4336 3069 2695 3145 2694 
4337 2695 3070 3145 3146 
4338 3071 2696 3146 3070 
4339 3070 2696 3146 2695 
4340 2696 3071 3146 3147 
4341 3072 2697 3147 3071 
4342 3071 2697 3147 2696 
4343 2697 3072 3147 3148 
4344 3073 2698 3148 3072 
4345 3072 2698 3148 2697 
4346 2698 3073 3148 3149 
4347 3074 2699 3149 3073 
4348 3073 2699 3149 2698 
4349 2699 3074 3149 3150 
4350 3075 2700 3150 3074 
4351 3074 2700 3150 2699 
4352 2700 3075 3150 3151 
4353 3076 2701 3151 3075 
4354 3075 2701 3151 2700 
4355 2701 3076 3151 3152 
4356 3077 2702 3152 3076 
4357 3076 2702 3152 2701 
4358 2702 3077 3152 1053 
4359 1048 1023 1053 3077 
4360 3077 1023 1053 2702 
4361 171 237 242 2478 
4362 2403 1413 2478 171 
4363 237 171 2403 2478 
4364 1413 2403 2478 2479 
4365 2404 1414 2479 1413 
4366 2403 1413 2404 2479 
4367 1414 2404 2479 2480 
4368 2405 1415 2480 1414 
4369 2404 1414 2405 2480 
4370 1415 2405 2480 2481 
4371 2406 1416 2481 1415 
4372 2405 1415 2406 2481 
4373 1416 2406 2481 2482 
4374 2407 1417 2482 1416 
4375 2406 1416 2407 2482 
4376 1417 2407 2482 2483 
4377 2408 1418 2483 1417 
4378 2407 1417 2408 2483 
4379 1418 2408 2483 2484 
4380 2409 1419 2484 1418 
4381 2408 1418 2409 2484 
4382 1419 2409 2484 2485 
4383 2410 1420 2485 1419 
4384 2409 1419 2410 2485 
4385 1420 2410 2485 2486 
4386 2411 1421 2486 1420 
4387 2410 1420 2411 2486 
4388 1421 2411 2486 2487 
4389 2412 1422 2487 1421 
4390 2411 1421 2412 2487 
4391 1422 2412 2487 2488 
4392 2413 1423 2488 1422 
4393 2412 1422 2413 2488 
4394 1423 2413 2488 2489 
4395 2414 1424 2489 1423 
4396 2413 1423 2414 2489 
4397 1424 2414 2489 2490 
4398 2415 1425 2490 1424 
4399 2414 1424 2415 2490 
4400 1425 2415 2490 2491 
4401 2416 1426 2491 1425 
4402 2415 1425 2416 2491 
4403 1426 2416 2491 2492 
4404 2417 1427 2492 1426 
4405 2416 1426 2417 2492 
4406 1427 2417 2492 1009 
4407 1004 938 1009 1427 
4408 2417 1427 1004 1009 
4409 234 151 290 3198 
4410 1113 2358 3198 151 
4411 151 2358 3198 234 
4412 2358 1113 3198 3199 
4413 1114 2359 3199 1113 
4414 1113 2359 3199 2358 
4415 2359 1114 3199 3200 
4416 1115 2360 3200 1114 
4417 1114 2360 3200 2359 
4418 2360 1115 3200 3201 
4419 1116 2361 3201 1115 
4420 1115 2361 3201 2360 
4421 2361 1116 3201 3202 
4422 1117 2362 3202 1116 
4423 1116 2362 3202 2361 
4424 2362 1117 3202 3203 
4425 1118 2363 3203 1117 
4426 1117 2363 3203 2362 
4427 2363 1118 3203 3204 
4428 1119 2364 3204 1118 
4429 1118 2364 3204 2363 
4430 2364 1119 3204 3205 
4431 1120 2365 3205 1119 
4432 1119 2365 3205 2364 
4433 2365 1120 3205 3206 
4434 1121 2366 3206 1120 
4435 1120 2366 3206 2365 
4436 2366 1121 3206 3207 
4437 1122 2367 3207 1121 
4438 1121 2367 3207 2366 
4439 2367 1122 3207 3208 
4440 1123 2368 3208 1122 
4441 1122 2368 3208 2367 
4442 2368 1123 3208 3209 
4443 1124 2369 3209 1123 
4444 1123 2369 3209 2368 
4445 2369 1124 3209 3210 
4446 1125 2370 3210 1124 
4447 1124 2370 3210 2369 
4448 2370 1125 3210 3211 
4449 1126 2371 3211 1125 
4450 1125 2371 3211 2370 
4451 2371 1126 3211 3212 
4452 1127 2372 3212 1126 
4453 1126 2372 3212 2371 
4454 2372 1127 3212 1057 
4455 918 1001 1057 1127 
4456 1127 1001 1057 2372 
4457 168 166 237 2403 
4458 1338 1368 2403 166 
4459 166 1368 2403 168 
4460 1368 1338 2403 2404 
4461 1339 1369 2404 1338 
4462 1338 1369 2404 1368 
4463 1369 1339 2404 2405 
4464 1340 1370 2405 1339 
4465 1339 1370 2405 1369 
4466 1370 1340 2405 2406 
4467 1341 1371 2406 1340 
4468 1340 1371 2406 1370 
4469 1371 1341 2406 2407 
4470 1342 1372 2407 1341 
4471 1341 1372 2407 1371 
4472 1372 1342 2407 2408 
4473 1343 1373 2408 1342 
4474 1342 1373 2408 1372 
4475 1373 1343 2408 2409 
4476 1344 1374 2409 1343 
4477 1343 1374 2409 1373 
4478 1374 1344 2409 2410 
4479 1345 1375 2410 1344 
4480 1344 1375 2410 1374 
4481 1375 1345 2410 2411 
4482 1346 1376 2411 1345 
4483 1345 1376 2411 1375 
4484 1376 1346 2411 2412 
4485 1347 1377 2412 1346 
4486 1346 1377 2412 1376 
4487 1377 1347 2412 2413 
4488 1348 1378 2413 1347 
4489 1347 1378 2413 1377 
4490 1378 1348 2413 2414 
4491 1349 1379 2414 1348 
4492 1348 1379 2414 1378 
4493 1379 1349 2414 2415 
4494 1350 1380 2415 1349 
4495 1349 1380 2415 1379 
4496 1380 1350 2415 2416 
4497 1351 1381 2416 1350 
4498 1350 1381 2416 1380 
4499 1381 1351 2416 2417 
4500 1352 1382 2417 1351 
4501 1351 1382 2417 1381 
4502 1382 1352 2417 1004 
4503 933 935 1004 1352 
4504 1352 935 1004 1382 
4505 296 233 300 3348 
4506 2343 3288 3348 233 
4507 233 3288 3348 296 
4508 3288 2343 3348 3349 
4509 2344 3289 3349 2343 
4510 2343 3289 3349 3288 
4511 3289 2344 3349 3350 
4512 2345 3290 3350 2344 
4513 2344 3290 3350 3289 
4514 3290 2345 3350 3351 
4515 2346 3291 3351 2345 
4516 2345 3291 3351 3290 
4517 3291 2346 3351 3352 
4518 2347 3292 3352 2346 
4519 2346 3292 3352 3291 
4520 3292 2347 3352 3353 
4521 2348 3293 3353 2347 
4522 2347 3293 3353 3292 
4523 3293 2348 3353 3354 
4524 2349 3294 3354 2348 
4525 2348 3294 3354 3293 
4526 3294 2349 3354 3355 
4527 2350 3295 3355 2349 
4528 2349 3295 3355 3294 
4529 3295 2350 3355 3356 
4530 2351 3296 3356 2350 
4531 2350 3296 3356 3295 
4532 3296 2351 3356 3357 
4533 2352 3297 3357 2351 
4534 2351 3297 3357 3296 
4535 3297 2352 3357 3358 
4536 2353 3298 3358 2352 
4537 2352 3298 3358 3297 
4538 3298 2353 3358 3359 
4539 2354 3299 3359 2353 
4540 2353 3299 3359 3298 
4541 3299 2354 3359 3360 
4542 2355 3300 3360 2354 
4543 2354 3300 3360 3299 
4544 3300 2355 3360 3361 
4545 2356 3301 3361 2355 
4546 2355 3301 3361 3300 
4547 3301 2356 3361 3362 
4548 2357 3302 3362 2356 
4549 2356 3302 3362 3301 
4550 3302 2357 3362 1067 
4551 1000 1063 1067 2357 
4552 2357 1063 1067 3302 
4553 227 288 289 3183 
4554 3168 2253 3183 227 
4555 288 227 3168 3183 
4556 2253 3168 3183 3184 
4557 3169 2254 3184 2253 
4558 3168 2253 3169 3184 
4559 2254 3169 3184 3185 
4560 3170 2255 3185 2254 
4561 3169 2254 3170 3185 
4562 2255 3170 3185 3186 
4563 3171 2256 3186 2255 
4564 3170 2255 3171 3186 
4565 2256 3171 3186 3187 
4566 3172 2257 3187 2256 
4567 3171 2256 3172 3187 
4568 2257 3172 3187 3188 
4569 3173 2258 3188 2257 
4570 3172 2257 3173 3188 
4571 2258 3173 3188 3189 
4572 3174 2259 3189 2258 
4573 3173 2258 3174 3189 
4574 2259 3174 3189 3190 
4575 3175 2260 3190 2259 
4576 3174 2259 3175 3190 
4577 2260 3175 3190 3191 
4578 3176 2261 3191 2260 
4579 3175 2260 3176 3191 
4580 2261 3176 3191 3192 
4581 3177 2262 3192 2261 
4582 3176 2261 3177 3192 
4583 2262 3177 3192 3193 
4584 3178 2263 3193 2262 
4585 3177 2262 3178 3193 
4586 2263 3178 3193 3194 
4587 3179 2264 3194 2263 
4588 3178 2263 3179 3194 
4589 2264 3179 3194 3195 
4590 3180 2265 3195 2264 
4591 3179 2264 3180 3195 
4592 2265 3180 3195 3196 
4593 3181 2266 3196 2265 
4594 3180 2265 3181 3196 
4595 2266 3181 3196 3197 
4596 3182 2267 3197 2266 
4597 3181 2266 3182 3197 
4598 2267 3182 3197 1056 
4599 1055 994 1056 2267 
4600 3182 2267 1055 1056 
4601 266 154 303 3393 
4602 1158 2838 3393 154 
4603 154 2838 3393 266 
4604 2838 1158 3393 3394 
4605 1159 2839 3394 1158 
4606 1158 2839 3394 2838 
4607 2839 1159 3394 3395 
4608 1160 2840 3395 1159 
4609 1159 2840 3395 2839 
4610 2840 1160 3395 3396 
4611 1161 2841 3396 1160 
4612 1160 2841 3396 2840 
4613 2841 1161 3396 3397 
4614 1162 2842 3397 1161 
4615 1161 2842 3397 2841 
4616 2842 1162 3397 3398 
4617 1163 2843 3398 1162 
4618 1162 2843 3398 2842 
4619 2843 1163 3398 3399 
4620 1164 2844 3399 1163 
4621 1163 2844 3399 2843 
4622 2844 1164 3399 3400 
4623 1165 2845 3400 1164 
4624 1164 2845 3400 2844 
4625 2845 1165 3400 3401 
4626 1166 2846 3401 1165 
4627 1165 2846 3401 2845 
4628 2846 1166 3401 3402 
4629 1167 2847 3402 1166 
4630 1166 2847 3402 2846 
4631 2847 1167 3402 3403 
4632 1168 2848 3403 1167 
4633 1167 2848 3403 2847 
4634 2848 1168 3403 3404 
4635 1169 2849 3404 1168 
4636 1168 2849 3404 2848 
4637 2849 1169 3404 3405 
4638 1170 2850 3405 1169 
4639 1169 2850 3405 2849 
4640 2850 1170 3405 3406 
4641 1171 2851 3406 1170 
4642 1170 2851 3406 2850 
4643 2851 1171 3406 3407 
4644 1172 2852 3407 1171 
4645 1171 2852 3407 2851 
4646 2852 1172 3407 1070 
4647 921 1033 1070 1172 
4648 1172 1033 1070 2852 
4649 214 282 284 3108 
4650 3078 2058 3108 282 
4651 282 2058 3108 214 
4652 2058 3078 3108 3109 
4653 3079 2059 3109 3078 
4654 3078 2059 3109 2058 
4655 2059 3079 3109 3110 
4656 3080 2060 3110 3079 
4657 3079 2060 3110 2059 
4658 2060 3080 3110 3111 
4659 3081 2061 3111 3080 
4660 3080 2061 3111 2060 
4661 2061 3081 3111 3112 
4662 3082 2062 3112 3081 
4663 3081 2062 3112 2061 
4664 2062 3082 3112 3113 
4665 3083 2063 3113 3082 
4666 3082 2063 3113 2062 
4667 2063 3083 3113 3114 
4668 3084 2064 3114 3083 
4669 3083 2064 3114 2063 
4670 2064 3084 3114 3115 
4671 3085 2065 3115 3084 
4672 3084 2065 3115 2064 
4673 2065 3085 3115 3116 
4674 3086 2066 3116 3085 
4675 3085 2066 3116 2065 
4676 2066 3086 3116 3117 
4677 3087 2067 3117 3086 
4678 3086 2067 3117 2066 
4679 2067 3087 3117 3118 
4680 3088 2068 3118 3087 
4681 3087 2068 3118 2067 
4682 2068 3088 3118 3119 
4683 3089 2069 3119 3088 
4684 3088 2069 3119 2068 
4685 2069 3089 3119 3120 
4686 3090 2070 3120 3089 
4687 3089 2070 3120 2069 
4688 2070 3090 3120 3121 
4689 3091 2071 3121 3090 
4690 3090 2071 3121 2070 
4691 2071 3091 3121 3122 
4692 3092 2072 3122 3091 
4693 3091 2072 3122 2071 
4694 2072 3092 3122 1051 
4695 1049 981 1051 3092 
4696 3092 981 1051 2072 
4697 242 225 244 2508 
4698 2223 2478 2508 225 
4699 225 2478 2508 242 
4700 2478 2223 2508 2509 
4701 2224 2479 2509 2223 
4702 2223 2479 2509 2478 
4703 2479 2224 2509 2510 
4704 2225 2480 2510 2224 
4705 2224 2480 2510 2479 
4706 2480 2225 2510 2511 
4707 2226 2481 2511 2225 
4708 2225 2481 2511 2480 
4709 2481 2226 2511 2512 
4710 2227 2482 2512 2226 
4711 2226 2482 2512 2481 
4712 2482 2227 2512 2513 
4713 2228 2483 2513 2227 
4714 2227 2483 2513 2482 
4715 2483 2228 2513 2514 
4716 2229 2484 2514 2228 
4717 2228 2484 2514 2483 
4718 2484 2229 2514 2515 
4719 2230 2485 2515 2229 
4720 2229 2485 2515 2484 
4721 2485 2230 2515 2516 
4722 2231 2486 2516 2230 
4723 2230 2486 2516 2485 
4724 2486 2231 2516 2517 
4725 2232 2487 2517 2231 
4726 2231 2487 2517 2486 
4727 2487 2232 2517 2518 
4728 2233 2488 2518 2232 
4729 2232 2488 2518 2487 
4730 2488 2233 2518 2519 
4731 2234 2489 2519 2233 
4732 2233 2489 2519 2488 
4733 2489 2234 2519 2520 
4734 2235 2490 2520 2234 
4735 2234 2490 2520 2489 
4736 2490 2235 2520 2521 
4737 2236 2491 2521 2235 
4738 2235 2491 2521 2490 
4739 2491 2236 2521 2522 
4740 2237 2492 2522 2236 
4741 2236 2492 2522 2491 
4742 2492 2237 2522 1011 
4743 992 1009 1011 2237 
4744 2237 1009 1011 2492 
4745 150 240 292 3228 
4746 2448 1098 3228 150 
4747 240 150 2448 3228 
4748 1098 2448 3228 3229 
4749 2449 1099 3229 1098 
4750 2448 1098 2449 3229 
4751 1099 2449 3229 3230 
4752 2450 1100 3230 1099 
4753 2449 1099 2450 3230 
4754 1100 2450 3230 3231 
4755 2451 1101 3231 1100 
4756 2450 1100 2451 3231 
4757 1101 2451 3231 3232 
4758 2452 1102 3232 1101 
4759 2451 1101 2452 3232 
4760 1102 2452 3232 3233 
4761 2453 1103 3233 1102 
4762 2452 1102 2453 3233 
4763 1103 2453 3233 3234 
4764 2454 1104 3234 1103 
4765 2453 1103 2454 3234 
4766 1104 2454 3234 3235 
4767 2455 1105 3235 1104 
4768 2454 1104 2455 3235 
4769 1105 2455 3235 3236 
4770 2456 1106 3236 1105 
4771 2455 1105 2456 3236 
4772 1106 2456 3236 3237 
4773 2457 1107 3237 1106 
4774 2456 1106 2457 3237 
4775 1107 2457 3237 3238 
4776 2458 1108 3238 1107 
4777 2457 1107 2458 3238 
4778 1108 2458 3238 3239 
4779 2459 1109 3239 1108 
4780 2458 1108 2459 3239 
4781 1109 2459 3239 3240 
4782 2460 1110 3240 1109 
4783 2459 1109 2460 3240 
4784 1110 2460 3240 3241 
4785 2461 1111 3241 1110 
4786 2460 1110 2461 3241 
4787 1111 2461 3241 3242 
4788 2462 1112 3242 1111 
4789 2461 1111 2462 3242 
4790 1112 2462 3242 1059 
4791 1007 917 1059 1112 
4792 2462 1112 1007 1059 
4793 260 287 291 3213 
4794 3153 2748 3213 260 
4795 287 260 3153 3213 
4796 2748 3153 3213 3214 
4797 3154 2749 3214 2748 
4798 3153 2748 3154 3214 
4799 2749 3154 3214 3215 
4800 3155 2750 3215 2749 
4801 3154 2749 3155 3215 
4802 2750 3155 3215 3216 
4803 3156 2751 3216 2750 
4804 3155 2750 3156 3216 
4805 2751 3156 3216 3217 
4806 3157 2752 3217 2751 
4807 3156 2751 3157 3217 
4808 2752 3157 3217 3218 
4809 3158 2753 3218 2752 
4810 3157 2752 3158 3218 
4811 2753 3158 3218 3219 
4812 3159 2754 3219 2753 
4813 3158 2753 3159 3219 
4814 2754 3159 3219 3220 
4815 3160 2755 3220 2754 
4816 3159 2754 3160 3220 
4817 2755 3160 3220 3221 
4818 3161 2756 3221 2755 
4819 3160 2755 3161 3221 
4820 2756 3161 3221 3222 
4821 3162 2757 3222 2756 
4822 3161 2756 3162 3222 
4823 2757 3162 3222 3223 
4824 3163 2758 3223 2757 
4825 3162 2757 3163 3223 
4826 2758 3163 3223 3224 
4827 3164 2759 3224 2758 
4828 3163 2758 3164 3224 
4829 2759 3164 3224 3225 
4830 3165 2760 3225 2759 
4831 3164 2759 3165 3225 
4832 2760 3165 3225 3226 
4833 3166 2761 3226 2760 
4834 3165 2760 3166 3226 
4835 2761 3166 3226 3227 
4836 3167 2762 3227 2761 
4837 3166 2761 3167 3227 
4838 2762 3167 3227 1058 
4839 1054 1027 1058 2762 
4840 3167 2762 1054 1058 
4841 41 155 277 3003 
4842 1173 796 3003 155 
4843 155 796 3003 41 
4844 796 1173 3003 3004 
4845 1174 797 3004 1173 
4846 1173 797 3004 796 
4847 797 1174 3004 3005 
4848 1175 798 3005 1174 
4849 1174 798 3005 797 
4850 798 1175 3005 3006 
4851 1176 799 3006 1175 
4852 1175 799 3006 798 
4853 799 1176 3006 3007 
4854 1177 800 3007 1176 
4855 1176 800 3007 799 
4856 800 1177 3007 3008 
4857 1178 801 3008 1177 
4858 1177 801 3008 800 
4859 801 1178 3008 3009 
4860 1179 802 3009 1178 
4861 1178 802 3009 801 
4862 802 1179 3009 3010 
4863 1180 803 3010 1179 
4864 1179 803 3010 802 
4865 803 1180 3010 3011 
4866 1181 804 3011 1180 
4867 1180 804 3011 803 
4868 804 1181 3011 3012 
4869 1182 805 3012 1181 
4870 1181 805 3012 804 
4871 805 1182 3012 3013 
4872 1183 806 3013 1182 
4873 1182 806 3013 805 
4874 806 1183 3013 3014 
4875 1184 807 3014 1183 
4876 1183 807 3014 806 
4877 807 1184 3014 3015 
4878 1185 808 3015 1184 
4879 1184 808 3015 807 
4880 808 1185 3015 3016 
4881 1186 809 3016 1185 
4882 1185 809 3016 808 
4883 809 1186 3016 3017 
4884 1187 810 3017 1186 
4885 1186 810 3017 809 
4886 810 1187 3017 1044 
4887 922 146 1044 1187 
4888 1187 146 1044 810 
4889 40 41 277 3003 
4890 796 781 3003 40 
4891 41 40 796 3003 
4892 781 796 3003 3004 
4893 797 782 3004 781 
4894 796 781 797 3004 
4895 782 797 3004 3005 
4896 798 783 3005 782 
4897 797 782 798 3005 
4898 783 798 3005 3006 
4899 799 784 3006 783 
4900 798 783 799 3006 
4901 784 799 3006 3007 
4902 800 785 3007 784 
4903 799 784 800 3007 
4904 785 800 3007 3008 
4905 801 786 3008 785 
4906 800 785 801 3008 
4907 786 801 3008 3009 
4908 802 787 3009 786 
4909 801 786 802 3009 
4910 787 802 3009 3010 
4911 803 788 3010 787 
4912 802 787 803 3010 
4913 788 803 3010 3011 
4914 804 789 3011 788 
4915 803 788 804 3011 
4916 789 804 3011 3012 
4917 805 790 3012 789 
4918 804 789 805 3012 
4919 790 805 3012 3013 
4920 806 791 3013 790 
4921 805 790 806 3013 
4922 791 806 3013 3014 
4923 807 792 3014 791 
4924 806 791 807 3014 
4925 792 807 3014 3015 
4926 808 793 3015 792 
4927 807 792 808 3015 
4928 793 808 3015 3016 
4929 809 794 3016 793 
4930 808 793 809 3016 
4931 794 809 3016 3017 
4932 810 795 3017 794 
4933 809 794 810 3017 
4934 795 810 3017 1044 
4935 146 147 1044 795 
4936 810 795 146 1044 
4937 226 225 242 2478 
4938 2223 2238 2478 225 
4939 225 2238 2478 226 
4940 2238 2223 2478 2479 
4941 2224 2239 2479 2223 
4942 2223 2239 2479 2238 
4943 2239 2224 2479 2480 
4944 2225 2240 2480 2224 
4945 2224 2240 2480 2239 
4946 2240 2225 2480 2481 
4947 2226 2241 2481 2225 
4948 2225 2241 2481 2240 
4949 2241 2226 2481 2482 
4950 2227 2242 2482 2226 
4951 2226 2242 2482 2241 
4952 2242 2227 2482 2483 
4953 2228 2243 2483 2227 
4954 2227 2243 2483 2242 
4955 2243 2228 2483 2484 
4956 2229 2244 2484 2228 
4957 2228 2244 2484 2243 
4958 2244 2229 2484 2485 
4959 2230 2245 2485 2229 
4960 2229 2245 2485 2244 
4961 2245 2230 2485 2486 
4962 2231 2246 2486 2230 
4963 2230 2246 2486 2245 
4964 2246 2231 2486 2487 
4965 2232 2247 2487 2231 
4966 2231 2247 2487 2246 
4967 2247 2232 2487 2488 
4968 2233 2248 2488 2232 
4969 2232 2248 2488 2247 
4970 2248 2233 2488 2489 
4971 2234 2249 2489 2233 
4972 2233 2249 2489 2248 
4973 2249 2234 2489 2490 
4974 2235 2250 2490 2234 
4975 2234 2250 2490 2249 
4976 2250 2235 2490 2491 
4977 2236 2251 2491 2235 
4978 2235 2251 2491 2250 
4979 2251 2236 2491 2492 
4980 2237 2252 2492 2236 
4981 2236 2252 2492 2251 
4982 2252 2237 2492 1009 
4983 992 993 1009 2237 
4984 2237 993 1009 2252 
4985 171 242 244 2508 
4986 2478 1413 2508 171 
4987 242 171 2478 2508 
4988 1413 2478 2508 2509 
4989 2479 1414 2509 1413 
4990 2478 1413 2479 2509 
4991 1414 2479 2509 2510 
4992 2480 1415 2510 1414 
4993 2479 1414 2480 2510 
4994 1415 2480 2510 2511 
4995 2481 1416 2511 1415 
4996 2480 1415 2481 2511 
4997 1416 2481 2511 2512 
4998 2482 1417 2512 1416 
4999 2481 1416 2482 2512 
5000 1417 2482 2512 2513 
5001 2483 1418 2513 1417 
5002 2482 1417 2483 2513 
5003 1418 2483 2513 2514 
5004 2484 1419 2514 1418 
5005 2483 1418 2484 2514 
5006 1419 2484 2514 2515 
5007 2485 1420 2515 1419 
5008 2484 1419 2485 2515 
5009 1420 2485 2515 2516 
5010 2486 1421 2516 1420 
5011 2485 1420 2486 2516 
5012 1421 2486 2516 2517 
5013 2487 1422 2517 1421 
5014 2486 1421 2487 2517 
5015 1422 2487 2517 2518 
5016 2488 1423 2518 1422 
5017 2487 1422 2488 2518 
5018 1423 2488 2518 2519 
5019 2489 1424 2519 1423 
5020 2488 1423 2489 2519 
5021 1424 2489 2519 2520 
5022 2490 1425 2520 1424 
5023 2489 1424 2490 2520 
5024 1425 2490 2520 2521 
5025 2491 1426 2521 1425 
5026 2490 1425 2491 2521 
5027 1426 2491 2521 2522 
5028 2492 1427 2522 1426 
5029 2491 1426 2492 2522 
5030 1427 2492 2522 1011 
5031 1009 938 1011 1427 
5032 2492 1427 1009 1011 
5033 232 241 243 2493 
5034 2463 2328 2493 241 
5035 241 2328 2493 232 
5036 2328 2463 2493 2494 
5037 2464 2329 2494 2463 
5038 2463 2329 2494 2328 
5039 2329 2464 2494 2495 
5040 2465 2330 2495 2464 
5041 2464 2330 2495 2329 
5042 2330 2465 2495 2496 
5043 2466 2331 2496 2465 
5044 2465 2331 2496 2330 
5045 2331 2466 2496 2497 
5046 2467 2332 2497 2466 
5047 2466 2332 2497 2331 
5048 2332 2467 2497 2498 
5049 2468 2333 2498 2467 
5050 2467 2333 2498 2332 
5051 2333 2468 2498 2499 
5052 2469 2334 2499 2468 
5053 2468 2334 2499 2333 
5054 2334 2469 2499 2500 
5055 2470 2335 2500 2469 
5056 2469 2335 2500 2334 
5057 2335 2470 2500 2501 
5058 2471 2336 2501 2470 
5059 2470 2336 2501 2335 
5060 2336 2471 2501 2502 
5061 2472 2337 2502 2471 
5062 2471 2337 2502 2336 
5063 2337 2472 2502 2503 
5064 2473 2338 2503 2472 
5065 2472 2338 2503 2337 
5066 2338 2473 2503 2504 
5067 2474 2339 2504 2473 
5068 2473 2339 2504 2338 
5069 2339 2474 2504 2505 
5070 2475 2340 2505 2474 
5071 2474 2340 2505 2339 
5072 2340 2475 2505 2506 
5073 2476 2341 2506 2475 
5074 2475 2341 2506 2340 
5075 2341 2476 2506 2507 
5076 2477 2342 2507 2476 
5077 2476 2342 2507 2341 
5078 2342 2477 2507 1010 
5079 1008 999 1010 2477 
5080 2477 999 1010 2342 
5081 232 234 241 2328 
5082 2358 2328 2463 234 
5083 234 2328 2463 241 
5084 2328 2358 2463 2329 
5085 2359 2329 2464 2358 
5086 2358 2329 2464 2463 
5087 2329 2359 2464 2330 
5088 2360 2330 2465 2359 
5089 2359 2330 2465 2464 
5090 2330 2360 2465 2331 
5091 2361 2331 2466 2360 
5092 2360 2331 2466 2465 
5093 2331 2361 2466 2332 
5094 2362 2332 2467 2361 
5095 2361 2332 2467 2466 
5096 2332 2362 2467 2333 
5097 2363 2333 2468 2362 
5098 2362 2333 2468 2467 
5099 2333 2363 2468 2334 
5100 2364 2334 2469 2363 
5101 2363 2334 2469 2468 
5102 2334 2364 2469 2335 
5103 2365 2335 2470 2364 
5104 2364 2335 2470 2469 
5105 2335 2365 2470 2336 
5106 2366 2336 2471 2365 
5107 2365 2336 2471 2470 
5108 2336 2366 2471 2337 
5109 2367 2337 2472 2366 
5110 2366 2337 2472 2471 
5111 2337 2367 2472 2338 
5112 2368 2338 2473 2367 
5113 2367 2338 2473 2472 
5114 2338 2368 2473 2339 
5115 2369 2339 2474 2368 
5116 2368 2339 2474 2473 
5117 2339 2369 2474 2340 
5118 2370 2340 2475 2369 
5119 2369 2340 2475 2474 
5120 2340 2370 2475 2341 
5121 2371 2341 2476 2370 
5122 2370 2341 2476 2475 
5123 2341 2371 2476 2342 
5124 2372 2342 2477 2371 
5125 2371 2342 2477 2476 
5126 2342 2372 2477 999 
5127 1001 999 1008 2372 
5128 2372 999 1008 2477 
5129 241 169 243 2493 
5130 1383 2463 2493 169 
5131 169 2463 2493 241 
5132 2463 1383 2493 2494 
5133 1384 2464 2494 1383 
5134 1383 2464 2494 2463 
5135 2464 1384 2494 2495 
5136 1385 2465 2495 1384 
5137 1384 2465 2495 2464 
5138 2465 1385 2495 2496 
5139 1386 2466 2496 1385 
5140 1385 2466 2496 2465 
5141 2466 1386 2496 2497 
5142 1387 2467 2497 1386 
5143 1386 2467 2497 2466 
5144 2467 1387 2497 2498 
5145 1388 2468 2498 1387 
5146 1387 2468 2498 2467 
5147 2468 1388 2498 2499 
5148 1389 2469 2499 1388 
5149 1388 2469 2499 2468 
5150 2469 1389 2499 2500 
5151 1390 2470 2500 1389 
5152 1389 2470 2500 2469 
5153 2470 1390 2500 2501 
5154 1391 2471 2501 1390 
5155 1390 2471 2501 2470 
5156 2471 1391 2501 2502 
5157 1392 2472 2502 1391 
5158 1391 2472 2502 2471 
5159 2472 1392 2502 2503 
5160 1393 2473 2503 1392 
5161 1392 2473 2503 2472 
5162 2473 1393 2503 2504 
5163 1394 2474 2504 1393 
5164 1393 2474 2504 2473 
5165 2474 1394 2504 2505 
5166 1395 2475 2505 1394 
5167 1394 2475 2505 2474 
5168 2475 1395 2505 2506 
5169 1396 2476 2506 1395 
5170 1395 2476 2506 2475 
5171 2476 1396 2506 2507 
5172 1397 2477 2507 1396 
5173 1396 2477 2507 2476 
5174 2477 1397 2507 1010 
5175 936 1008 1010 1397 
5176 1397 1008 1010 2477 
5177 243 173 275 2973 
5178 1443 2493 2973 173 
5179 173 2493 2973 243 
5180 2493 1443 2973 2974 
5181 1444 2494 2974 1443 
5182 1443 2494 2974 2493 
5183 2494 1444 2974 2975 
5184 1445 2495 2975 1444 
5185 1444 2495 2975 2494 
5186 2495 1445 2975 2976 
5187 1446 2496 2976 1445 
5188 1445 2496 2976 2495 
5189 2496 1446 2976 2977 
5190 1447 2497 2977 1446 
5191 1446 2497 2977 2496 
5192 2497 1447 2977 2978 
5193 1448 2498 2978 1447 
5194 1447 2498 2978 2497 
5195 2498 1448 2978 2979 
5196 1449 2499 2979 1448 
5197 1448 2499 2979 2498 
5198 2499 1449 2979 2980 
5199 1450 2500 2980 1449 
5200 1449 2500 2980 2499 
5201 2500 1450 2980 2981 
5202 1451 2501 2981 1450 
5203 1450 2501 2981 2500 
5204 2501 1451 2981 2982 
5205 1452 2502 2982 1451 
5206 1451 2502 2982 2501 
5207 2502 1452 2982 2983 
5208 1453 2503 2983 1452 
5209 1452 2503 2983 2502 
5210 2503 1453 2983 2984 
5211 1454 2504 2984 1453 
5212 1453 2504 2984 2503 
5213 2504 1454 2984 2985 
5214 1455 2505 2985 1454 
5215 1454 2505 2985 2504 
5216 2505 1455 2985 2986 
5217 1456 2506 2986 1455 
5218 1455 2506 2986 2505 
5219 2506 1456 2986 2987 
5220 1457 2507 2987 1456 
5221 1456 2507 2987 2506 
5222 2507 1457 2987 1042 
5223 940 1010 1042 1457 
5224 1457 1010 1042 2507 
5225 232 243 275 2973 
5226 2493 2328 2973 232 
5227 243 232 2493 2973 
5228 2328 2493 2973 2974 
5229 2494 2329 2974 2328 
5230 2493 2328 2494 2974 
5231 2329 2494 2974 2975 
5232 2495 2330 2975 2329 
5233 2494 2329 2495 2975 
5234 2330 2495 2975 2976 
5235 2496 2331 2976 2330 
5236 2495 2330 2496 2976 
5237 2331 2496 2976 2977 
5238 2497 2332 2977 2331 
5239 2496 2331 2497 2977 
5240 2332 2497 2977 2978 
5241 2498 2333 2978 2332 
5242 2497 2332 2498 2978 
5243 2333 2498 2978 2979 
5244 2499 2334 2979 2333 
5245 2498 2333 2499 2979 
5246 2334 2499 2979 2980 
5247 2500 2335 2980 2334 
5248 2499 2334 2500 2980 
5249 2335 2500 2980 2981 
5250 2501 2336 2981 2335 
5251 2500 2335 2501 2981 
5252 2336 2501 2981 2982 
5253 2502 2337 2982 2336 
5254 2501 2336 2502 2982 
5255 2337 2502 2982 2983 
5256 2503 2338 2983 2337 
5257 2502 2337 2503 2983 
5258 2338 2503 2983 2984 
5259 2504 2339 2984 2338 
5260 2503 2338 2504 2984 
5261 2339 2504 2984 2985 
5262 2505 2340 2985 2339 
5263 2504 2339 2505 2985 
5264 2340 2505 2985 2986 
5265 2506 2341 2986 2340 
5266 2505 2340 2506 2986 
5267 2341 2506 2986 2987 
5268 2507 2342 2987 2341 
5269 2506 2341 2507 2987 
5270 2342 2507 2987 1042 
5271 1010 999 1042 2342 
5272 2507 2342 1010 1042 
5273 170 173 243 2493 
5274 1443 1398 2493 173 
5275 173 1398 2493 170 
5276 1398 1443 2493 2494 
5277 1444 1399 2494 1443 
5278 1443 1399 2494 1398 
5279 1399 1444 2494 2495 
5280 1445 1400 2495 1444 
5281 1444 1400 2495 1399 
5282 1400 1445 2495 2496 
5283 1446 1401 2496 1445 
5284 1445 1401 2496 1400 
5285 1401 1446 2496 2497 
5286 1447 1402 2497 1446 
5287 1446 1402 2497 1401 
5288 1402 1447 2497 2498 
5289 1448 1403 2498 1447 
5290 1447 1403 2498 1402 
5291 1403 1448 2498 2499 
5292 1449 1404 2499 1448 
5293 1448 1404 2499 1403 
5294 1404 1449 2499 2500 
5295 1450 1405 2500 1449 
5296 1449 1405 2500 1404 
5297 1405 1450 2500 2501 
5298 1451 1406 2501 1450 
5299 1450 1406 2501 1405 
5300 1406 1451 2501 2502 
5301 1452 1407 2502 1451 
5302 1451 1407 2502 1406 
5303 1407 1452 2502 2503 
5304 1453 1408 2503 1452 
5305 1452 1408 2503 1407 
5306 1408 1453 2503 2504 
5307 1454 1409 2504 1453 
5308 1453 1409 2504 1408 
5309 1409 1454 2504 2505 
5310 1455 1410 2505 1454 
5311 1454 1410 2505 1409 
5312 1410 1455 2505 2506 
5313 1456 1411 2506 1455 
5314 1455 1411 2506 1410 
5315 1411 1456 2506 2507 
5316 1457 1412 2507 1456 
5317 1456 1412 2507 1411 
5318 1412 1457 2507 1010 
5319 940 937 1010 1457 
5320 1457 937 1010 1412 
5321 175 244 245 2523 
5322 2508 1473 2523 244 
5323 244 1473 2523 175 
5324 1473 2508 2523 2524 
5325 2509 1474 2524 2508 
5326 2508 1474 2524 1473 
5327 1474 2509 2524 2525 
5328 2510 1475 2525 2509 
5329 2509 1475 2525 1474 
5330 1475 2510 2525 2526 
5331 2511 1476 2526 2510 
5332 2510 1476 2526 1475 
5333 1476 2511 2526 2527 
5334 2512 1477 2527 2511 
5335 2511 1477 2527 1476 
5336 1477 2512 2527 2528 
5337 2513 1478 2528 2512 
5338 2512 1478 2528 1477 
5339 1478 2513 2528 2529 
5340 2514 1479 2529 2513 
5341 2513 1479 2529 1478 
5342 1479 2514 2529 2530 
5343 2515 1480 2530 2514 
5344 2514 1480 2530 1479 
5345 1480 2515 2530 2531 
5346 2516 1481 2531 2515 
5347 2515 1481 2531 1480 
5348 1481 2516 2531 2532 
5349 2517 1482 2532 2516 
5350 2516 1482 2532 1481 
5351 1482 2517 2532 2533 
5352 2518 1483 2533 2517 
5353 2517 1483 2533 1482 
5354 1483 2518 2533 2534 
5355 2519 1484 2534 2518 
5356 2518 1484 2534 1483 
5357 1484 2519 2534 2535 
5358 2520 1485 2535 2519 
5359 2519 1485 2535 1484 
5360 1485 2520 2535 2536 
5361 2521 1486 2536 2520 
5362 2520 1486 2536 1485 
5363 1486 2521 2536 2537 
5364 2522 1487 2537 2521 
5365 2521 1487 2537 1486 
5366 1487 2522 2537 1012 
5367 1011 942 1012 2522 
5368 2522 942 1012 1487 
5369 244 225 245 2523 
5370 2223 2508 2523 225 
5371 225 2508 2523 244 
5372 2508 2223 2523 2524 
5373 2224 2509 2524 2223 
5374 2223 2509 2524 2508 
5375 2509 2224 2524 2525 
5376 2225 2510 2525 2224 
5377 2224 2510 2525 2509 
5378 2510 2225 2525 2526 
5379 2226 2511 2526 2225 
5380 2225 2511 2526 2510 
5381 2511 2226 2526 2527 
5382 2227 2512 2527 2226 
5383 2226 2512 2527 2511 
5384 2512 2227 2527 2528 
5385 2228 2513 2528 2227 
5386 2227 2513 2528 2512 
5387 2513 2228 2528 2529 
5388 2229 2514 2529 2228 
5389 2228 2514 2529 2513 
5390 2514 2229 2529 2530 
5391 2230 2515 2530 2229 
5392 2229 2515 2530 2514 
5393 2515 2230 2530 2531 
5394 2231 2516 2531 2230 
5395 2230 2516 2531 2515 
5396 2516 2231 2531 2532 
5397 2232 2517 2532 2231 
5398 2231 2517 2532 2516 
5399 2517 2232 2532 2533 
5400 2233 2518 2533 2232 
5401 2232 2518 2533 2517 
5402 2518 2233 2533 2534 
5403 2234 2519 2534 2233 
5404 2233 2519 2534 2518 
5405 2519 2234 2534 2535 
5406 2235 2520 2535 2234 
5407 2234 2520 2535 2519 
5408 2520 2235 2535 2536 
5409 2236 2521 2536 2235 
5410 2235 2521 2536 2520 
5411 2521 2236 2536 2537 
5412 2237 2522 2537 2236 
5413 2236 2522 2537 2521 
5414 2522 2237 2537 1012 
5415 992 1011 1012 2237 
5416 2237 1011 1012 2522 
5417 175 172 244 1473 
5418 1428 1473 2508 172 
5419 172 1473 2508 244 
5420 1473 1428 2508 1474 
5421 1429 1474 2509 1428 
5422 1428 1474 2509 2508 
5423 1474 1429 2509 1475 
5424 1430 1475 2510 1429 
5425 1429 1475 2510 2509 
5426 1475 1430 2510 1476 
5427 1431 1476 2511 1430 
5428 1430 1476 2511 2510 
5429 1476 1431 2511 1477 
5430 1432 1477 2512 1431 
5431 1431 1477 2512 2511 
5432 1477 1432 2512 1478 
5433 1433 1478 2513 1432 
5434 1432 1478 2513 2512 
5435 1478 1433 2513 1479 
5436 1434 1479 2514 1433 
5437 1433 1479 2514 2513 
5438 1479 1434 2514 1480 
5439 1435 1480 2515 1434 
5440 1434 1480 2515 2514 
5441 1480 1435 2515 1481 
5442 1436 1481 2516 1435 
5443 1435 1481 2516 2515 
5444 1481 1436 2516 1482 
5445 1437 1482 2517 1436 
5446 1436 1482 2517 2516 
5447 1482 1437 2517 1483 
5448 1438 1483 2518 1437 
5449 1437 1483 2518 2517 
5450 1483 1438 2518 1484 
5451 1439 1484 2519 1438 
5452 1438 1484 2519 2518 
5453 1484 1439 2519 1485 
5454 1440 1485 2520 1439 
5455 1439 1485 2520 2519 
5456 1485 1440 2520 1486 
5457 1441 1486 2521 1440 
5458 1440 1486 2521 2520 
5459 1486 1441 2521 1487 
5460 1442 1487 2522 1441 
5461 1441 1487 2522 2521 
5462 1487 1442 2522 942 
5463 939 942 1011 1442 
5464 1442 942 1011 2522 
5465 246 177 274 2958 
5466 1503 2538 2958 177 
5467 177 2538 2958 246 
5468 2538 1503 2958 2959 
5469 1504 2539 2959 1503 
5470 1503 2539 2959 2538 
5471 2539 1504 2959 2960 
5472 1505 2540 2960 1504 
5473 1504 2540 2960 2539 
5474 2540 1505 2960 2961 
5475 1506 2541 2961 1505 
5476 1505 2541 2961 2540 
5477 2541 1506 2961 2962 
5478 1507 2542 2962 1506 
5479 1506 2542 2962 2541 
5480 2542 1507 2962 2963 
5481 1508 2543 2963 1507 
5482 1507 2543 2963 2542 
5483 2543 1508 2963 2964 
5484 1509 2544 2964 1508 
5485 1508 2544 2964 2543 
5486 2544 1509 2964 2965 
5487 1510 2545 2965 1509 
5488 1509 2545 2965 2544 
5489 2545 1510 2965 2966 
5490 1511 2546 2966 1510 
5491 1510 2546 2966 2545 
5492 2546 1511 2966 2967 
5493 1512 2547 2967 1511 
5494 1511 2547 2967 2546 
5495 2547 1512 2967 2968 
5496 1513 2548 2968 1512 
5497 1512 2548 2968 2547 
5498 2548 1513 2968 2969 
5499 1514 2549 2969 1513 
5500 1513 2549 2969 2548 
5501 2549 1514 2969 2970 
5502 1515 2550 2970 1514 
5503 1514 2550 2970 2549 
5504 2550 1515 2970 2971 
5505 1516 2551 2971 1515 
5506 1515 2551 2971 2550 
5507 2551 1516 2971 2972 
5508 1517 2552 2972 1516 
5509 1516 2552 2972 2551 
5510 2552 1517 2972 1041 
5511 944 1013 1041 1517 
5512 1517 1013 1041 2552 
5513 173 246 275 2973 
5514 2538 1443 2973 246 
5515 246 1443 2973 173 
5516 1443 2538 2973 2974 
5517 2539 1444 2974 2538 
5518 2538 1444 2974 1443 
5519 1444 2539 2974 2975 
5520 2540 1445 2975 2539 
5521 2539 1445 2975 1444 
5522 1445 2540 2975 2976 
5523 2541 1446 2976 2540 
5524 2540 1446 2976 1445 
5525 1446 2541 2976 2977 
5526 2542 1447 2977 2541 
5527 2541 1447 2977 1446 
5528 1447 2542 2977 2978 
5529 2543 1448 2978 2542 
5530 2542 1448 2978 1447 
5531 1448 2543 2978 2979 
5532 2544 1449 2979 2543 
5533 2543 1449 2979 1448 
5534 1449 2544 2979 2980 
5535 2545 1450 2980 2544 
5536 2544 1450 2980 1449 
5537 1450 2545 2980 2981 
5538 2546 1451 2981 2545 
5539 2545 1451 2981 1450 
5540 1451 2546 2981 2982 
5541 2547 1452 2982 2546 
5542 2546 1452 2982 1451 
5543 1452 2547 2982 2983 
5544 2548 1453 2983 2547 
5545 2547 1453 2983 1452 
5546 1453 2548 2983 2984 
5547 2549 1454 2984 2548 
5548 2548 1454 2984 1453 
5549 1454 2549 2984 2985 
5550 2550 1455 2985 2549 
5551 2549 1455 2985 1454 
5552 1455 2550 2985 2986 
5553 2551 1456 2986 2550 
5554 2550 1456 2986 1455 
5555 1456 2551 2986 2987 
5556 2552 1457 2987 2551 
5557 2551 1457 2987 1456 
5558 1457 2552 2987 1042 
5559 1013 940 1042 2552 
5560 2552 940 1042 1457 
5561 215 246 274 2958 
5562 2538 2073 2958 246 
5563 246 2073 2958 215 
5564 2073 2538 2958 2959 
5565 2539 2074 2959 2538 
5566 2538 2074 2959 2073 
5567 2074 2539 2959 2960 
5568 2540 2075 2960 2539 
5569 2539 2075 2960 2074 
5570 2075 2540 2960 2961 
5571 2541 2076 2961 2540 
5572 2540 2076 2961 2075 
5573 2076 2541 2961 2962 
5574 2542 2077 2962 2541 
5575 2541 2077 2962 2076 
5576 2077 2542 2962 2963 
5577 2543 2078 2963 2542 
5578 2542 2078 2963 2077 
5579 2078 2543 2963 2964 
5580 2544 2079 2964 2543 
5581 2543 2079 2964 2078 
5582 2079 2544 2964 2965 
5583 2545 2080 2965 2544 
5584 2544 2080 2965 2079 
5585 2080 2545 2965 2966 
5586 2546 2081 2966 2545 
5587 2545 2081 2966 2080 
5588 2081 2546 2966 2967 
5589 2547 2082 2967 2546 
5590 2546 2082 2967 2081 
5591 2082 2547 2967 2968 
5592 2548 2083 2968 2547 
5593 2547 2083 2968 2082 
5594 2083 2548 2968 2969 
5595 2549 2084 2969 2548 
5596 2548 2084 2969 2083 
5597 2084 2549 2969 2970 
5598 2550 2085 2970 2549 
5599 2549 2085 2970 2084 
5600 2085 2550 2970 2971 
5601 2551 2086 2971 2550 
5602 2550 2086 2971 2085 
5603 2086 2551 2971 2972 
5604 2552 2087 2972 2551 
5605 2551 2087 2972 2086 
5606 2087 2552 2972 1041 
5607 1013 982 1041 2552 
5608 2552 982 1041 2087 
5609 174 177 246 2538 
5610 1503 1458 2538 177 
5611 177 1458 2538 174 
5612 1458 1503 2538 2539 
5613 1504 1459 2539 1503 
5614 1503 1459 2539 1458 
5615 1459 1504 2539 2540 
5616 1505 1460 2540 1504 
5617 1504 1460 2540 1459 
5618 1460 1505 2540 2541 
5619 1506 1461 2541 1505 
5620 1505 1461 2541 1460 
5621 1461 1506 2541 2542 
5622 1507 1462 2542 1506 
5623 1506 1462 2542 1461 
5624 1462 1507 2542 2543 
5625 1508 1463 2543 1507 
5626 1507 1463 2543 1462 
5627 1463 1508 2543 2544 
5628 1509 1464 2544 1508 
5629 1508 1464 2544 1463 
5630 1464 1509 2544 2545 
5631 1510 1465 2545 1509 
5632 1509 1465 2545 1464 
5633 1465 1510 2545 2546 
5634 1511 1466 2546 1510 
5635 1510 1466 2546 1465 
5636 1466 1511 2546 2547 
5637 1512 1467 2547 1511 
5638 1511 1467 2547 1466 
5639 1467 1512 2547 2548 
5640 1513 1468 2548 1512 
5641 1512 1468 2548 1467 
5642 1468 1513 2548 2549 
5643 1514 1469 2549 1513 
5644 1513 1469 2549 1468 
5645 1469 1514 2549 2550 
5646 1515 1470 2550 1514 
5647 1514 1470 2550 1469 
5648 1470 1515 2550 2551 
5649 1516 1471 2551 1515 
5650 1515 1471 2551 1470 
5651 1471 1516 2551 2552 
5652 1517 1472 2552 1516 
5653 1516 1472 2552 1471 
5654 1472 1517 2552 1013 
5655 944 941 1013 1517 
5656 1517 941 1013 1472 
5657 175 245 270 2898 
5658 2523 1473 2898 175 
5659 245 175 2523 2898 
5660 1473 2523 2898 2899 
5661 2524 1474 2899 1473 
5662 2523 1473 2524 2899 
5663 1474 2524 2899 2900 
5664 2525 1475 2900 1474 
5665 2524 1474 2525 2900 
5666 1475 2525 2900 2901 
5667 2526 1476 2901 1475 
5668 2525 1475 2526 2901 
5669 1476 2526 2901 2902 
5670 2527 1477 2902 1476 
5671 2526 1476 2527 2902 
5672 1477 2527 2902 2903 
5673 2528 1478 2903 1477 
5674 2527 1477 2528 2903 
5675 1478 2528 2903 2904 
5676 2529 1479 2904 1478 
5677 2528 1478 2529 2904 
5678 1479 2529 2904 2905 
5679 2530 1480 2905 1479 
5680 2529 1479 2530 2905 
5681 1480 2530 2905 2906 
5682 2531 1481 2906 1480 
5683 2530 1480 2531 2906 
5684 1481 2531 2906 2907 
5685 2532 1482 2907 1481 
5686 2531 1481 2532 2907 
5687 1482 2532 2907 2908 
5688 2533 1483 2908 1482 
5689 2532 1482 2533 2908 
5690 1483 2533 2908 2909 
5691 2534 1484 2909 1483 
5692 2533 1483 2534 2909 
5693 1484 2534 2909 2910 
5694 2535 1485 2910 1484 
5695 2534 1484 2535 2910 
5696 1485 2535 2910 2911 
5697 2536 1486 2911 1485 
5698 2535 1485 2536 2911 
5699 1486 2536 2911 2912 
5700 2537 1487 2912 1486 
5701 2536 1486 2537 2912 
5702 1487 2537 2912 1037 
5703 1012 942 1037 1487 
5704 2537 1487 1012 1037 
5705 176 175 270 2898 
5706 1473 1488 2898 175 
5707 175 1488 2898 176 
5708 1488 1473 2898 2899 
5709 1474 1489 2899 1473 
5710 1473 1489 2899 1488 
5711 1489 1474 2899 2900 
5712 1475 1490 2900 1474 
5713 1474 1490 2900 1489 
5714 1490 1475 2900 2901 
5715 1476 1491 2901 1475 
5716 1475 1491 2901 1490 
5717 1491 1476 2901 2902 
5718 1477 1492 2902 1476 
5719 1476 1492 2902 1491 
5720 1492 1477 2902 2903 
5721 1478 1493 2903 1477 
5722 1477 1493 2903 1492 
5723 1493 1478 2903 2904 
5724 1479 1494 2904 1478 
5725 1478 1494 2904 1493 
5726 1494 1479 2904 2905 
5727 1480 1495 2905 1479 
5728 1479 1495 2905 1494 
5729 1495 1480 2905 2906 
5730 1481 1496 2906 1480 
5731 1480 1496 2906 1495 
5732 1496 1481 2906 2907 
5733 1482 1497 2907 1481 
5734 1481 1497 2907 1496 
5735 1497 1482 2907 2908 
5736 1483 1498 2908 1482 
5737 1482 1498 2908 1497 
5738 1498 1483 2908 2909 
5739 1484 1499 2909 1483 
5740 1483 1499 2909 1498 
5741 1499 1484 2909 2910 
5742 1485 1500 2910 1484 
5743 1484 1500 2910 1499 
5744 1500 1485 2910 2911 
5745 1486 1501 2911 1485 
5746 1485 1501 2911 1500 
5747 1501 1486 2911 2912 
5748 1487 1502 2912 1486 
5749 1486 1502 2912 1501 
5750 1502 1487 2912 1037 
5751 942 943 1037 1487 
5752 1487 943 1037 1502 
5753 247 181 273 2943 
5754 1563 2553 2943 181 
5755 181 2553 2943 247 
5756 2553 1563 2943 2944 
5757 1564 2554 2944 1563 
5758 1563 2554 2944 2553 
5759 2554 1564 2944 2945 
5760 1565 2555 2945 1564 
5761 1564 2555 2945 2554 
5762 2555 1565 2945 2946 
5763 1566 2556 2946 1565 
5764 1565 2556 2946 2555 
5765 2556 1566 2946 2947 
5766 1567 2557 2947 1566 
5767 1566 2557 2947 2556 
5768 2557 1567 2947 2948 
5769 1568 2558 2948 1567 
5770 1567 2558 2948 2557 
5771 2558 1568 2948 2949 
5772 1569 2559 2949 1568 
5773 1568 2559 2949 2558 
5774 2559 1569 2949 2950 
5775 1570 2560 2950 1569 
5776 1569 2560 2950 2559 
5777 2560 1570 2950 2951 
5778 1571 2561 2951 1570 
5779 1570 2561 2951 2560 
5780 2561 1571 2951 2952 
5781 1572 2562 2952 1571 
5782 1571 2562 2952 2561 
5783 2562 1572 2952 2953 
5784 1573 2563 2953 1572 
5785 1572 2563 2953 2562 
5786 2563 1573 2953 2954 
5787 1574 2564 2954 1573 
5788 1573 2564 2954 2563 
5789 2564 1574 2954 2955 
5790 1575 2565 2955 1574 
5791 1574 2565 2955 2564 
5792 2565 1575 2955 2956 
5793 1576 2566 2956 1575 
5794 1575 2566 2956 2565 
5795 2566 1576 2956 2957 
5796 1577 2567 2957 1576 
5797 1576 2567 2957 2566 
5798 2567 1577 2957 1040 
5799 948 1014 1040 1577 
5800 1577 1014 1040 2567 
5801 177 247 274 2958 
5802 2553 1503 2958 247 
5803 247 1503 2958 177 
5804 1503 2553 2958 2959 
5805 2554 1504 2959 2553 
5806 2553 1504 2959 1503 
5807 1504 2554 2959 2960 
5808 2555 1505 2960 2554 
5809 2554 1505 2960 1504 
5810 1505 2555 2960 2961 
5811 2556 1506 2961 2555 
5812 2555 1506 2961 1505 
5813 1506 2556 2961 2962 
5814 2557 1507 2962 2556 
5815 2556 1507 2962 1506 
5816 1507 2557 2962 2963 
5817 2558 1508 2963 2557 
5818 2557 1508 2963 1507 
5819 1508 2558 2963 2964 
5820 2559 1509 2964 2558 
5821 2558 1509 2964 1508 
5822 1509 2559 2964 2965 
5823 2560 1510 2965 2559 
5824 2559 1510 2965 1509 
5825 1510 2560 2965 2966 
5826 2561 1511 2966 2560 
5827 2560 1511 2966 1510 
5828 1511 2561 2966 2967 
5829 2562 1512 2967 2561 
5830 2561 1512 2967 1511 
5831 1512 2562 2967 2968 
5832 2563 1513 2968 2562 
5833 2562 1513 2968 1512 
5834 1513 2563 2968 2969 
5835 2564 1514 2969 2563 
5836 2563 1514 2969 1513 
5837 1514 2564 2969 2970 
5838 2565 1515 2970 2564 
5839 2564 1515 2970 1514 
5840 1515 2565 2970 2971 
5841 2566 1516 2971 2565 
5842 2565 1516 2971 1515 
5843 1516 2566 2971 2972 
5844 2567 1517 2972 2566 
5845 2566 1517 2972 1516 
5846 1517 2567 2972 1041 
5847 1014 944 1041 2567 
5848 2567 944 1041 1517 
5849 2 19 161 1263 
5850 466 59 1263 2 
5851 19 2 466 1263 
5852 59 466 1263 1264 
5853 467 60 1264 59 
5854 466 59 467 1264 
5855 60 467 1264 1265 
5856 468 61 1265 60 
5857 467 60 468 1265 
5858 61 468 1265 1266 
5859 469 62 1266 61 
5860 468 61 469 1266 
5861 62 469 1266 1267 
5862 470 63 1267 62 
5863 469 62 470 1267 
5864 63 470 1267 1268 
5865 471 64 1268 63 
5866 470 63 471 1268 
5867 64 471 1268 1269 
5868 472 65 1269 64 
5869 471 64 472 1269 
5870 65 472 1269 1270 
5871 473 66 1270 65 
5872 472 65 473 1270 
5873 66 473 1270 1271 
5874 474 67 1271 66 
5875 473 66 474 1271 
5876 67 474 1271 1272 
5877 475 68 1272 67 
5878 474 67 475 1272 
5879 68 475 1272 1273 
5880 476 69 1273 68 
5881 475 68 476 1273 
5882 69 476 1273 1274 
5883 477 70 1274 69 
5884 476 69 477 1274 
5885 70 477 1274 1275 
5886 478 71 1275 70 
5887 477 70 478 1275 
5888 71 478 1275 1276 
5889 479 72 1276 71 
5890 478 71 479 1276 
5891 72 479 1276 1277 
5892 480 73 1277 72 
5893 479 72 480 1277 
5894 73 480 1277 928 
5895 98 5 928 73 
5896 480 73 98 928 
5897 3 29 162 99 
5898 616 99 1278 29 
5899 29 99 1278 162 
5900 99 616 1278 100 
5901 617 100 1279 616 
5902 616 100 1279 1278 
5903 100 617 1279 101 
5904 618 101 1280 617 
5905 617 101 1280 1279 
5906 101 618 1280 102 
5907 619 102 1281 618 
5908 618 102 1281 1280 
5909 102 619 1281 103 
5910 620 103 1282 619 
5911 619 103 1282 1281 
5912 103 620 1282 104 
5913 621 104 1283 620 
5914 620 104 1283 1282 
5915 104 621 1283 105 
5916 622 105 1284 621 
5917 621 105 1284 1283 
5918 105 622 1284 106 
5919 623 106 1285 622 
5920 622 106 1285 1284 
5921 106 623 1285 107 
5922 624 107 1286 623 
5923 623 107 1286 1285 
5924 107 624 1286 108 
5925 625 108 1287 624 
5926 624 108 1287 1286 
5927 108 625 1287 109 
5928 626 109 1288 625 
5929 625 109 1288 1287 
5930 109 626 1288 110 
5931 627 110 1289 626 
5932 626 110 1289 1288 
5933 110 627 1289 111 
5934 628 111 1290 627 
5935 627 111 1290 1289 
5936 111 628 1290 112 
5937 629 112 1291 628 
5938 628 112 1291 1290 
5939 112 629 1291 113 
5940 630 113 1292 629 
5941 629 113 1292 1291 
5942 113 630 1292 7 
5943 123 7 929 630 
5944 630 7 929 1292 
5945 4 39 163 1293 
5946 766 124 1293 4 
5947 39 4 766 1293 
5948 124 766 1293 1294 
5949 767 125 1294 124 
5950 766 124 767 1294 
5951 125 767 1294 1295 
5952 768 126 1295 125 
5953 767 125 768 1295 
5954 126 768 1295 1296 
5955 769 127 1296 126 
5956 768 126 769 1296 
5957 127 769 1296 1297 
5958 770 128 1297 127 
5959 769 127 770 1297 
5960 128 770 1297 1298 
5961 771 129 1298 128 
5962 770 128 771 1298 
5963 129 771 1298 1299 
5964 772 130 1299 129 
5965 771 129 772 1299 
5966 130 772 1299 1300 
5967 773 131 1300 130 
5968 772 130 773 1300 
5969 131 773 1300 1301 
5970 774 132 1301 131 
5971 773 131 774 1301 
5972 132 774 1301 1302 
5973 775 133 1302 132 
5974 774 132 775 1302 
5975 133 775 1302 1303 
5976 776 134 1303 133 
5977 775 133 776 1303 
5978 134 776 1303 1304 
5979 777 135 1304 134 
5980 776 134 777 1304 
5981 135 777 1304 1305 
5982 778 136 1305 135 
5983 777 135 778 1305 
5984 136 778 1305 1306 
5985 779 137 1306 136 
5986 778 136 779 1306 
5987 137 779 1306 1307 
5988 780 138 1307 137 
5989 779 137 780 1307 
5990 138 780 1307 930 
5991 148 8 930 138 
5992 780 138 148 930 
5993 1 9 164 1308 
5994 316 74 1308 1 
5995 9 1 316 1308 
5996 74 316 1308 1309 
5997 317 75 1309 74 
5998 316 74 317 1309 
5999 75 317 1309 1310 
6000 318 76 1310 75 
6001 317 75 318 1310 
6002 76 318 1310 1311 
6003 319 77 1311 76 
6004 318 76 319 1311 
6005 77 319 1311 1312 
6006 320 78 1312 77 
6007 319 77 320 1312 
6008 78 320 1312 1313 
6009 321 79 1313 78 
6010 320 78 321 1313 
6011 79 321 1313 1314 
6012 322 80 1314 79 
6013 321 79 322 1314 
6014 80 322 1314 1315 
6015 323 81 1315 80 
6016 322 80 323 1315 
6017 81 323 1315 1316 
6018 324 82 1316 81 
6019 323 81 324 1316 
6020 82 324 1316 1317 
6021 325 83 1317 82 
6022 324 82 325 1317 
6023 83 325 1317 1318 
6024 326 84 1318 83 
6025 325 83 326 1318 
6026 84 326 1318 1319 
6027 327 85 1319 84 
6028 326 84 327 1319 
6029 85 327 1319 1320 
6030 328 86 1320 85 
6031 327 85 328 1320 
6032 86 328 1320 1321 
6033 329 87 1321 86 
6034 328 86 329 1321 
6035 87 329 1321 1322 
6036 330 88 1322 87 
6037 329 87 330 1322 
6038 88 330 1322 931 
6039 58 6 931 88 
6040 330 88 58 931 
6041 265 247 273 2943 
6042 2553 2823 2943 247 
6043 247 2823 2943 265 
6044 2823 2553 2943 2944 
6045 2554 2824 2944 2553 
6046 2553 2824 2944 2823 
6047 2824 2554 2944 2945 
6048 2555 2825 2945 2554 
6049 2554 2825 2945 2824 
6050 2825 2555 2945 2946 
6051 2556 2826 2946 2555 
6052 2555 2826 2946 2825 
6053 2826 2556 2946 2947 
6054 2557 2827 2947 2556 
6055 2556 2827 2947 2826 
6056 2827 2557 2947 2948 
6057 2558 2828 2948 2557 
6058 2557 2828 2948 2827 
6059 2828 2558 2948 2949 
6060 2559 2829 2949 2558 
6061 2558 2829 2949 2828 
6062 2829 2559 2949 2950 
6063 2560 2830 2950 2559 
6064 2559 2830 2950 2829 
6065 2830 2560 2950 2951 
6066 2561 2831 2951 2560 
6067 2560 2831 2951 2830 
6068 2831 2561 2951 2952 
6069 2562 2832 2952 2561 
6070 2561 2832 2952 2831 
6071 2832 2562 2952 2953 
6072 2563 2833 2953 2562 
6073 2562 2833 2953 2832 
6074 2833 2563 2953 2954 
6075 2564 2834 2954 2563 
6076 2563 2834 2954 2833 
6077 2834 2564 2954 2955 
6078 2565 2835 2955 2564 
6079 2564 2835 2955 2834 
6080 2835 2565 2955 2956 
6081 2566 2836 2956 2565 
6082 2565 2836 2956 2835 
6083 2836 2566 2956 2957 
6084 2567 2837 2957 2566 
6085 2566 2837 2957 2836 
6086 2837 2567 2957 1040 
6087 1014 1032 1040 2567 
6088 2567 1032 1040 2837 
6089 178 181 247 2553 
6090 1563 1518 2553 181 
6091 181 1518 2553 178 
6092 1518 1563 2553 2554 
6093 1564 1519 2554 1563 
6094 1563 1519 2554 1518 
6095 1519 1564 2554 2555 
6096 1565 1520 2555 1564 
6097 1564 1520 2555 1519 
6098 1520 1565 2555 2556 
6099 1566 1521 2556 1565 
6100 1565 1521 2556 1520 
6101 1521 1566 2556 2557 
6102 1567 1522 2557 1566 
6103 1566 1522 2557 1521 
6104 1522 1567 2557 2558 
6105 1568 1523 2558 1567 
6106 1567 1523 2558 1522 
6107 1523 1568 2558 2559 
6108 1569 1524 2559 1568 
6109 1568 1524 2559 1523 
6110 1524 1569 2559 2560 
6111 1570 1525 2560 1569 
6112 1569 1525 2560 1524 
6113 1525 1570 2560 2561 
6114 1571 1526 2561 1570 
6115 1570 1526 2561 1525 
6116 1526 1571 2561 2562 
6117 1572 1527 2562 1571 
6118 1571 1527 2562 1526 
6119 1527 1572 2562 2563 
6120 1573 1528 2563 1572 
6121 1572 1528 2563 1527 
6122 1528 1573 2563 2564 
6123 1574 1529 2564 1573 
6124 1573 1529 2564 1528 
6125 1529 1574 2564 2565 
6126 1575 1530 2565 1574 
6127 1574 1530 2565 1529 
6128 1530 1575 2565 2566 
6129 1576 1531 2566 1575 
6130 1575 1531 2566 1530 
6131 1531 1576 2566 2567 
6132 1577 1532 2567 1576 
6133 1576 1532 2567 1531 
6134 1532 1577 2567 1014 
6135 948 945 1014 1577 
6136 1577 945 1014 1532 
6137 21 22 153 1143 
6138 511 496 1143 21 
6139 22 21 511 1143 
6140 496 511 1143 1144 
6141 512 497 1144 496 
6142 511 496 512 1144 
6143 497 512 1144 1145 
6144 513 498 1145 497 
6145 512 497 513 1145 
6146 498 513 1145 1146 
6147 514 499 1146 498 
6148 513 498 514 1146 
6149 499 514 1146 1147 
6150 515 500 1147 499 
6151 514 499 515 1147 
6152 500 515 1147 1148 
6153 516 501 1148 500 
6154 515 500 516 1148 
6155 501 516 1148 1149 
6156 517 502 1149 501 
6157 516 501 517 1149 
6158 502 517 1149 1150 
6159 518 503 1150 502 
6160 517 502 518 1150 
6161 503 518 1150 1151 
6162 519 504 1151 503 
6163 518 503 519 1151 
6164 504 519 1151 1152 
6165 520 505 1152 504 
6166 519 504 520 1152 
6167 505 520 1152 1153 
6168 521 506 1153 505 
6169 520 505 521 1153 
6170 506 521 1153 1154 
6171 522 507 1154 506 
6172 521 506 522 1154 
6173 507 522 1154 1155 
6174 523 508 1155 507 
6175 522 507 523 1155 
6176 508 523 1155 1156 
6177 524 509 1156 508 
6178 523 508 524 1156 
6179 509 524 1156 1157 
6180 525 510 1157 509 
6181 524 509 525 1157 
6182 510 525 1157 920 
6183 95 96 920 510 
6184 525 510 95 920 
6185 31 32 154 1158 
6186 661 646 1158 31 
6187 32 31 661 1158 
6188 646 661 1158 1159 
6189 662 647 1159 646 
6190 661 646 662 1159 
6191 647 662 1159 1160 
6192 663 648 1160 647 
6193 662 647 663 1160 
6194 648 663 1160 1161 
6195 664 649 1161 648 
6196 663 648 664 1161 
6197 649 664 1161 1162 
6198 665 650 1162 649 
6199 664 649 665 1162 
6200 650 665 1162 1163 
6201 666 651 1163 650 
6202 665 650 666 1163 
6203 651 666 1163 1164 
6204 667 652 1164 651 
6205 666 651 667 1164 
6206 652 667 1164 1165 
6207 668 653 1165 652 
6208 667 652 668 1165 
6209 653 668 1165 1166 
6210 669 654 1166 653 
6211 668 653 669 1166 
6212 654 669 1166 1167 
6213 670 655 1167 654 
6214 669 654 670 1167 
6215 655 670 1167 1168 
6216 671 656 1168 655 
6217 670 655 671 1168 
6218 656 671 1168 1169 
6219 672 657 1169 656 
6220 671 656 672 1169 
6221 657 672 1169 1170 
6222 673 658 1170 657 
6223 672 657 673 1170 
6224 658 673 1170 1171 
6225 674 659 1171 658 
6226 673 658 674 1171 
6227 659 674 1171 1172 
6228 675 660 1172 659 
6229 674 659 675 1172 
6230 660 675 1172 921 
6231 120 121 921 660 
6232 675 660 120 921 
6233 41 42 155 796 
6234 811 796 1173 42 
6235 42 796 1173 155 
6236 796 811 1173 797 
6237 812 797 1174 811 
6238 811 797 1174 1173 
6239 797 812 1174 798 
6240 813 798 1175 812 
6241 812 798 1175 1174 
6242 798 813 1175 799 
6243 814 799 1176 813 
6244 813 799 1176 1175 
6245 799 814 1176 800 
6246 815 800 1177 814 
6247 814 800 1177 1176 
6248 800 815 1177 801 
6249 816 801 1178 815 
6250 815 801 1178 1177 
6251 801 816 1178 802 
6252 817 802 1179 816 
6253 816 802 1179 1178 
6254 802 817 1179 803 
6255 818 803 1180 817 
6256 817 803 1180 1179 
6257 803 818 1180 804 
6258 819 804 1181 818 
6259 818 804 1181 1180 
6260 804 819 1181 805 
6261 820 805 1182 819 
6262 819 805 1182 1181 
6263 805 820 1182 806 
6264 821 806 1183 820 
6265 820 806 1183 1182 
6266 806 821 1183 807 
6267 822 807 1184 821 
6268 821 807 1184 1183 
6269 807 822 1184 808 
6270 823 808 1185 822 
6271 822 808 1185 1184 
6272 808 823 1185 809 
6273 824 809 1186 823 
6274 823 809 1186 1185 
6275 809 824 1186 810 
6276 825 810 1187 824 
6277 824 810 1187 1186 
6278 810 825 1187 146 
6279 145 146 922 825 
6280 825 146 922 1187 
6281 11 12 156 346 
6282 361 346 1188 12 
6283 12 346 1188 156 
6284 346 361 1188 347 
6285 362 347 1189 361 
6286 361 347 1189 1188 
6287 347 362 1189 348 
6288 363 348 1190 362 
6289 362 348 1190 1189 
6290 348 363 1190 349 
6291 364 349 1191 363 
6292 363 349 1191 1190 
6293 349 364 1191 350 
6294 365 350 1192 364 
6295 364 350 1192 1191 
6296 350 365 1192 351 
6297 366 351 1193 365 
6298 365 351 1193 1192 
6299 351 366 1193 352 
6300 367 352 1194 366 
6301 366 352 1194 1193 
6302 352 367 1194 353 
6303 368 353 1195 367 
6304 367 353 1195 1194 
6305 353 368 1195 354 
6306 369 354 1196 368 
6307 368 354 1196 1195 
6308 354 369 1196 355 
6309 370 355 1197 369 
6310 369 355 1197 1196 
6311 355 370 1197 356 
6312 371 356 1198 370 
6313 370 356 1198 1197 
6314 356 371 1198 357 
6315 372 357 1199 371 
6316 371 357 1199 1198 
6317 357 372 1199 358 
6318 373 358 1200 372 
6319 372 358 1200 1199 
6320 358 373 1200 359 
6321 374 359 1201 373 
6322 373 359 1201 1200 
6323 359 374 1201 360 
6324 375 360 1202 374 
6325 374 360 1202 1201 
6326 360 375 1202 56 
6327 55 56 923 375 
6328 375 56 923 1202 
6329 249 208 254 2658 
6330 1968 2583 2658 208 
6331 208 2583 2658 249 
6332 2583 1968 2658 2659 
6333 1969 2584 2659 1968 
6334 1968 2584 2659 2583 
6335 2584 1969 2659 2660 
6336 1970 2585 2660 1969 
6337 1969 2585 2660 2584 
6338 2585 1970 2660 2661 
6339 1971 2586 2661 1970 
6340 1970 2586 2661 2585 
6341 2586 1971 2661 2662 
6342 1972 2587 2662 1971 
6343 1971 2587 2662 2586 
6344 2587 1972 2662 2663 
6345 1973 2588 2663 1972 
6346 1972 2588 2663 2587 
6347 2588 1973 2663 2664 
6348 1974 2589 2664 1973 
6349 1973 2589 2664 2588 
6350 2589 1974 2664 2665 
6351 1975 2590 2665 1974 
6352 1974 2590 2665 2589 
6353 2590 1975 2665 2666 
6354 1976 2591 2666 1975 
6355 1975 2591 2666 2590 
6356 2591 1976 2666 2667 
6357 1977 2592 2667 1976 
6358 1976 2592 2667 2591 
6359 2592 1977 2667 2668 
6360 1978 2593 2668 1977 
6361 1977 2593 2668 2592 
6362 2593 1978 2668 2669 
6363 1979 2594 2669 1978 
6364 1978 2594 2669 2593 
6365 2594 1979 2669 2670 
6366 1980 2595 2670 1979 
6367 1979 2595 2670 2594 
6368 2595 1980 2670 2671 
6369 1981 2596 2671 1980 
6370 1980 2596 2671 2595 
6371 2596 1981 2671 2672 
6372 1982 2597 2672 1981 
6373 1981 2597 2672 2596 
6374 2597 1982 2672 1021 
6375 975 1016 1021 1982 
6376 1982 1016 1021 2597 
6377 190 208 249 2583 
6378 1968 1698 2583 208 
6379 208 1698 2583 190 
6380 1698 1968 2583 2584 
6381 1969 1699 2584 1968 
6382 1968 1699 2584 1698 
6383 1699 1969 2584 2585 
6384 1970 1700 2585 1969 
6385 1969 1700 2585 1699 
6386 1700 1970 2585 2586 
6387 1971 1701 2586 1970 
6388 1970 1701 2586 1700 
6389 1701 1971 2586 2587 
6390 1972 1702 2587 1971 
6391 1971 1702 2587 1701 
6392 1702 1972 2587 2588 
6393 1973 1703 2588 1972 
6394 1972 1703 2588 1702 
6395 1703 1973 2588 2589 
6396 1974 1704 2589 1973 
6397 1973 1704 2589 1703 
6398 1704 1974 2589 2590 
6399 1975 1705 2590 1974 
6400 1974 1705 2590 1704 
6401 1705 1975 2590 2591 
6402 1976 1706 2591 1975 
6403 1975 1706 2591 1705 
6404 1706 1976 2591 2592 
6405 1977 1707 2592 1976 
6406 1976 1707 2592 1706 
6407 1707 1977 2592 2593 
6408 1978 1708 2593 1977 
6409 1977 1708 2593 1707 
6410 1708 1978 2593 2594 
6411 1979 1709 2594 1978 
6412 1978 1709 2594 1708 
6413 1709 1979 2594 2595 
6414 1980 1710 2595 1979 
6415 1979 1710 2595 1709 
6416 1710 1980 2595 2596 
6417 1981 1711 2596 1980 
6418 1980 1711 2596 1710 
6419 1711 1981 2596 2597 
6420 1982 1712 2597 1981 
6421 1981 1712 2597 1711 
6422 1712 1982 2597 1016 
6423 975 957 1016 1982 
6424 1982 957 1016 1712 
6425 222 230 248 2568 
6426 2298 2178 2568 230 
6427 230 2178 2568 222 
6428 2178 2298 2568 2569 
6429 2299 2179 2569 2298 
6430 2298 2179 2569 2178 
6431 2179 2299 2569 2570 
6432 2300 2180 2570 2299 
6433 2299 2180 2570 2179 
6434 2180 2300 2570 2571 
6435 2301 2181 2571 2300 
6436 2300 2181 2571 2180 
6437 2181 2301 2571 2572 
6438 2302 2182 2572 2301 
6439 2301 2182 2572 2181 
6440 2182 2302 2572 2573 
6441 2303 2183 2573 2302 
6442 2302 2183 2573 2182 
6443 2183 2303 2573 2574 
6444 2304 2184 2574 2303 
6445 2303 2184 2574 2183 
6446 2184 2304 2574 2575 
6447 2305 2185 2575 2304 
6448 2304 2185 2575 2184 
6449 2185 2305 2575 2576 
6450 2306 2186 2576 2305 
6451 2305 2186 2576 2185 
6452 2186 2306 2576 2577 
6453 2307 2187 2577 2306 
6454 2306 2187 2577 2186 
6455 2187 2307 2577 2578 
6456 2308 2188 2578 2307 
6457 2307 2188 2578 2187 
6458 2188 2308 2578 2579 
6459 2309 2189 2579 2308 
6460 2308 2189 2579 2188 
6461 2189 2309 2579 2580 
6462 2310 2190 2580 2309 
6463 2309 2190 2580 2189 
6464 2190 2310 2580 2581 
6465 2311 2191 2581 2310 
6466 2310 2191 2581 2190 
6467 2191 2311 2581 2582 
6468 2312 2192 2582 2311 
6469 2311 2192 2582 2191 
6470 2192 2312 2582 1015 
6471 997 989 1015 2312 
6472 2312 989 1015 2192 
6473 181 180 255 1563 
6474 1548 1563 2673 180 
6475 180 1563 2673 255 
6476 1563 1548 2673 1564 
6477 1549 1564 2674 1548 
6478 1548 1564 2674 2673 
6479 1564 1549 2674 1565 
6480 1550 1565 2675 1549 
6481 1549 1565 2675 2674 
6482 1565 1550 2675 1566 
6483 1551 1566 2676 1550 
6484 1550 1566 2676 2675 
6485 1566 1551 2676 1567 
6486 1552 1567 2677 1551 
6487 1551 1567 2677 2676 
6488 1567 1552 2677 1568 
6489 1553 1568 2678 1552 
6490 1552 1568 2678 2677 
6491 1568 1553 2678 1569 
6492 1554 1569 2679 1553 
6493 1553 1569 2679 2678 
6494 1569 1554 2679 1570 
6495 1555 1570 2680 1554 
6496 1554 1570 2680 2679 
6497 1570 1555 2680 1571 
6498 1556 1571 2681 1555 
6499 1555 1571 2681 2680 
6500 1571 1556 2681 1572 
6501 1557 1572 2682 1556 
6502 1556 1572 2682 2681 
6503 1572 1557 2682 1573 
6504 1558 1573 2683 1557 
6505 1557 1573 2683 2682 
6506 1573 1558 2683 1574 
6507 1559 1574 2684 1558 
6508 1558 1574 2684 2683 
6509 1574 1559 2684 1575 
6510 1560 1575 2685 1559 
6511 1559 1575 2685 2684 
6512 1575 1560 2685 1576 
6513 1561 1576 2686 1560 
6514 1560 1576 2686 2685 
6515 1576 1561 2686 1577 
6516 1562 1577 2687 1561 
6517 1561 1577 2687 2686 
6518 1577 1562 2687 948 
6519 947 948 1022 1562 
6520 1562 948 1022 2687 
6521 210 214 251 2613 
6522 2058 1998 2613 214 
6523 214 1998 2613 210 
6524 1998 2058 2613 2614 
6525 2059 1999 2614 2058 
6526 2058 1999 2614 1998 
6527 1999 2059 2614 2615 
6528 2060 2000 2615 2059 
6529 2059 2000 2615 1999 
6530 2000 2060 2615 2616 
6531 2061 2001 2616 2060 
6532 2060 2001 2616 2000 
6533 2001 2061 2616 2617 
6534 2062 2002 2617 2061 
6535 2061 2002 2617 2001 
6536 2002 2062 2617 2618 
6537 2063 2003 2618 2062 
6538 2062 2003 2618 2002 
6539 2003 2063 2618 2619 
6540 2064 2004 2619 2063 
6541 2063 2004 2619 2003 
6542 2004 2064 2619 2620 
6543 2065 2005 2620 2064 
6544 2064 2005 2620 2004 
6545 2005 2065 2620 2621 
6546 2066 2006 2621 2065 
6547 2065 2006 2621 2005 
6548 2006 2066 2621 2622 
6549 2067 2007 2622 2066 
6550 2066 2007 2622 2006 
6551 2007 2067 2622 2623 
6552 2068 2008 2623 2067 
6553 2067 2008 2623 2007 
6554 2008 2068 2623 2624 
6555 2069 2009 2624 2068 
6556 2068 2009 2624 2008 
6557 2009 2069 2624 2625 
6558 2070 2010 2625 2069 
6559 2069 2010 2625 2009 
6560 2010 2070 2625 2626 
6561 2071 2011 2626 2070 
6562 2070 2011 2626 2010 
6563 2011 2071 2626 2627 
6564 2072 2012 2627 2071 
6565 2071 2012 2627 2011 
6566 2012 2072 2627 1018 
6567 981 977 1018 2072 
6568 2072 977 1018 2012 
6569 218 198 261 2763 
6570 1818 2118 2763 198 
6571 198 2118 2763 218 
6572 2118 1818 2763 2764 
6573 1819 2119 2764 1818 
6574 1818 2119 2764 2118 
6575 2119 1819 2764 2765 
6576 1820 2120 2765 1819 
6577 1819 2120 2765 2119 
6578 2120 1820 2765 2766 
6579 1821 2121 2766 1820 
6580 1820 2121 2766 2120 
6581 2121 1821 2766 2767 
6582 1822 2122 2767 1821 
6583 1821 2122 2767 2121 
6584 2122 1822 2767 2768 
6585 1823 2123 2768 1822 
6586 1822 2123 2768 2122 
6587 2123 1823 2768 2769 
6588 1824 2124 2769 1823 
6589 1823 2124 2769 2123 
6590 2124 1824 2769 2770 
6591 1825 2125 2770 1824 
6592 1824 2125 2770 2124 
6593 2125 1825 2770 2771 
6594 1826 2126 2771 1825 
6595 1825 2126 2771 2125 
6596 2126 1826 2771 2772 
6597 1827 2127 2772 1826 
6598 1826 2127 2772 2126 
6599 2127 1827 2772 2773 
6600 1828 2128 2773 1827 
6601 1827 2128 2773 2127 
6602 2128 1828 2773 2774 
6603 1829 2129 2774 1828 
6604 1828 2129 2774 2128 
6605 2129 1829 2774 2775 
6606 1830 2130 2775 1829 
6607 1829 2130 2775 2129 
6608 2130 1830 2775 2776 
6609 1831 2131 2776 1830 
6610 1830 2131 2776 2130 
6611 2131 1831 2776 2777 
6612 1832 2132 2777 1831 
6613 1831 2132 2777 2131 
6614 2132 1832 2777 1028 
6615 965 985 1028 1832 
6616 1832 985 1028 2132 
6617 201 218 256 2688 
6618 2118 1863 2688 218 
6619 218 1863 2688 201 
6620 1863 2118 2688 2689 
6621 2119 1864 2689 2118 
6622 2118 1864 2689 1863 
6623 1864 2119 2689 2690 
6624 2120 1865 2690 2119 
6625 2119 1865 2690 1864 
6626 1865 2120 2690 2691 
6627 2121 1866 2691 2120 
6628 2120 1866 2691 1865 
6629 1866 2121 2691 2692 
6630 2122 1867 2692 2121 
6631 2121 1867 2692 1866 
6632 1867 2122 2692 2693 
6633 2123 1868 2693 2122 
6634 2122 1868 2693 1867 
6635 1868 2123 2693 2694 
6636 2124 1869 2694 2123 
6637 2123 1869 2694 1868 
6638 1869 2124 2694 2695 
6639 2125 1870 2695 2124 
6640 2124 1870 2695 1869 
6641 1870 2125 2695 2696 
6642 2126 1871 2696 2125 
6643 2125 1871 2696 1870 
6644 1871 2126 2696 2697 
6645 2127 1872 2697 2126 
6646 2126 1872 2697 1871 
6647 1872 2127 2697 2698 
6648 2128 1873 2698 2127 
6649 2127 1873 2698 1872 
6650 1873 2128 2698 2699 
6651 2129 1874 2699 2128 
6652 2128 1874 2699 1873 
6653 1874 2129 2699 2700 
6654 2130 1875 2700 2129 
6655 2129 1875 2700 1874 
6656 1875 2130 2700 2701 
6657 2131 1876 2701 2130 
6658 2130 1876 2701 1875 
6659 1876 2131 2701 2702 
6660 2132 1877 2702 2131 
6661 2131 1877 2702 1876 
6662 1877 2132 2702 1023 
6663 985 968 1023 2132 
6664 2132 968 1023 1877 
6665 268 200 273 2943 
6666 1848 2868 2943 200 
6667 200 2868 2943 268 
6668 2868 1848 2943 2944 
6669 1849 2869 2944 1848 
6670 1848 2869 2944 2868 
6671 2869 1849 2944 2945 
6672 1850 2870 2945 1849 
6673 1849 2870 2945 2869 
6674 2870 1850 2945 2946 
6675 1851 2871 2946 1850 
6676 1850 2871 2946 2870 
6677 2871 1851 2946 2947 
6678 1852 2872 2947 1851 
6679 1851 2872 2947 2871 
6680 2872 1852 2947 2948 
6681 1853 2873 2948 1852 
6682 1852 2873 2948 2872 
6683 2873 1853 2948 2949 
6684 1854 2874 2949 1853 
6685 1853 2874 2949 2873 
6686 2874 1854 2949 2950 
6687 1855 2875 2950 1854 
6688 1854 2875 2950 2874 
6689 2875 1855 2950 2951 
6690 1856 2876 2951 1855 
6691 1855 2876 2951 2875 
6692 2876 1856 2951 2952 
6693 1857 2877 2952 1856 
6694 1856 2877 2952 2876 
6695 2877 1857 2952 2953 
6696 1858 2878 2953 1857 
6697 1857 2878 2953 2877 
6698 2878 1858 2953 2954 
6699 1859 2879 2954 1858 
6700 1858 2879 2954 2878 
6701 2879 1859 2954 2955 
6702 1860 2880 2955 1859 
6703 1859 2880 2955 2879 
6704 2880 1860 2955 2956 
6705 1861 2881 2956 1860 
6706 1860 2881 2956 2880 
6707 2881 1861 2956 2957 
6708 1862 2882 2957 1861 
6709 1861 2882 2957 2881 
6710 2882 1862 2957 1040 
6711 967 1035 1040 1862 
6712 1862 1035 1040 2882 
6713 222 224 230 2178 
6714 2208 2178 2298 224 
6715 224 2178 2298 230 
6716 2178 2208 2298 2179 
6717 2209 2179 2299 2208 
6718 2208 2179 2299 2298 
6719 2179 2209 2299 2180 
6720 2210 2180 2300 2209 
6721 2209 2180 2300 2299 
6722 2180 2210 2300 2181 
6723 2211 2181 2301 2210 
6724 2210 2181 2301 2300 
6725 2181 2211 2301 2182 
6726 2212 2182 2302 2211 
6727 2211 2182 2302 2301 
6728 2182 2212 2302 2183 
6729 2213 2183 2303 2212 
6730 2212 2183 2303 2302 
6731 2183 2213 2303 2184 
6732 2214 2184 2304 2213 
6733 2213 2184 2304 2303 
6734 2184 2214 2304 2185 
6735 2215 2185 2305 2214 
6736 2214 2185 2305 2304 
6737 2185 2215 2305 2186 
6738 2216 2186 2306 2215 
6739 2215 2186 2306 2305 
6740 2186 2216 2306 2187 
6741 2217 2187 2307 2216 
6742 2216 2187 2307 2306 
6743 2187 2217 2307 2188 
6744 2218 2188 2308 2217 
6745 2217 2188 2308 2307 
6746 2188 2218 2308 2189 
6747 2219 2189 2309 2218 
6748 2218 2189 2309 2308 
6749 2189 2219 2309 2190 
6750 2220 2190 2310 2219 
6751 2219 2190 2310 2309 
6752 2190 2220 2310 2191 
6753 2221 2191 2311 2220 
6754 2220 2191 2311 2310 
6755 2191 2221 2311 2192 
6756 2222 2192 2312 2221 
6757 2221 2192 2312 2311 
6758 2192 2222 2312 989 
6759 991 989 997 2222 
6760 2222 989 997 2312 
6761 181 268 273 2943 
6762 2868 1563 2943 268 
6763 268 1563 2943 181 
6764 1563 2868 2943 2944 
6765 2869 1564 2944 2868 
6766 2868 1564 2944 1563 
6767 1564 2869 2944 2945 
6768 2870 1565 2945 2869 
6769 2869 1565 2945 1564 
6770 1565 2870 2945 2946 
6771 2871 1566 2946 2870 
6772 2870 1566 2946 1565 
6773 1566 2871 2946 2947 
6774 2872 1567 2947 2871 
6775 2871 1567 2947 1566 
6776 1567 2872 2947 2948 
6777 2873 1568 2948 2872 
6778 2872 1568 2948 1567 
6779 1568 2873 2948 2949 
6780 2874 1569 2949 2873 
6781 2873 1569 2949 1568 
6782 1569 2874 2949 2950 
6783 2875 1570 2950 2874 
6784 2874 1570 2950 1569 
6785 1570 2875 2950 2951 
6786 2876 1571 2951 2875 
6787 2875 1571 2951 1570 
6788 1571 2876 2951 2952 
6789 2877 1572 2952 2876 
6790 2876 1572 2952 1571 
6791 1572 2877 2952 2953 
6792 2878 1573 2953 2877 
6793 2877 1573 2953 1572 
6794 1573 2878 2953 2954 
6795 2879 1574 2954 2878 
6796 2878 1574 2954 1573 
6797 1574 2879 2954 2955 
6798 2880 1575 2955 2879 
6799 2879 1575 2955 1574 
6800 1575 2880 2955 2956 
6801 2881 1576 2956 2880 
6802 2880 1576 2956 1575 
6803 1576 2881 2956 2957 
6804 2882 1577 2957 2881 
6805 2881 1577 2957 1576 
6806 1577 2882 2957 1040 
6807 1035 948 1040 2882 
6808 2882 948 1040 1577 
6809 181 255 268 1563 
6810 2673 1563 2868 255 
6811 255 1563 2868 268 
6812 1563 2673 2868 1564 
6813 2674 1564 2869 2673 
6814 2673 1564 2869 2868 
6815 1564 2674 2869 1565 
6816 2675 1565 2870 2674 
6817 2674 1565 2870 2869 
6818 1565 2675 2870 1566 
6819 2676 1566 2871 2675 
6820 2675 1566 2871 2870 
6821 1566 2676 2871 1567 
6822 2677 1567 2872 2676 
6823 2676 1567 2872 2871 
6824 1567 2677 2872 1568 
6825 2678 1568 2873 2677 
6826 2677 1568 2873 2872 
6827 1568 2678 2873 1569 
6828 2679 1569 2874 2678 
6829 2678 1569 2874 2873 
6830 1569 2679 2874 1570 
6831 2680 1570 2875 2679 
6832 2679 1570 2875 2874 
6833 1570 2680 2875 1571 
6834 2681 1571 2876 2680 
6835 2680 1571 2876 2875 
6836 1571 2681 2876 1572 
6837 2682 1572 2877 2681 
6838 2681 1572 2877 2876 
6839 1572 2682 2877 1573 
6840 2683 1573 2878 2682 
6841 2682 1573 2878 2877 
6842 1573 2683 2878 1574 
6843 2684 1574 2879 2683 
6844 2683 1574 2879 2878 
6845 1574 2684 2879 1575 
6846 2685 1575 2880 2684 
6847 2684 1575 2880 2879 
6848 1575 2685 2880 1576 
6849 2686 1576 2881 2685 
6850 2685 1576 2881 2880 
6851 1576 2686 2881 1577 
6852 2687 1577 2882 2686 
6853 2686 1577 2882 2881 
6854 1577 2687 2882 948 
6855 1022 948 1035 2687 
6856 2687 948 1035 2882 
6857 261 262 263 2793 
6858 2778 2763 2793 262 
6859 262 2763 2793 261 
6860 2763 2778 2793 2794 
6861 2779 2764 2794 2778 
6862 2778 2764 2794 2763 
6863 2764 2779 2794 2795 
6864 2780 2765 2795 2779 
6865 2779 2765 2795 2764 
6866 2765 2780 2795 2796 
6867 2781 2766 2796 2780 
6868 2780 2766 2796 2765 
6869 2766 2781 2796 2797 
6870 2782 2767 2797 2781 
6871 2781 2767 2797 2766 
6872 2767 2782 2797 2798 
6873 2783 2768 2798 2782 
6874 2782 2768 2798 2767 
6875 2768 2783 2798 2799 
6876 2784 2769 2799 2783 
6877 2783 2769 2799 2768 
6878 2769 2784 2799 2800 
6879 2785 2770 2800 2784 
6880 2784 2770 2800 2769 
6881 2770 2785 2800 2801 
6882 2786 2771 2801 2785 
6883 2785 2771 2801 2770 
6884 2771 2786 2801 2802 
6885 2787 2772 2802 2786 
6886 2786 2772 2802 2771 
6887 2772 2787 2802 2803 
6888 2788 2773 2803 2787 
6889 2787 2773 2803 2772 
6890 2773 2788 2803 2804 
6891 2789 2774 2804 2788 
6892 2788 2774 2804 2773 
6893 2774 2789 2804 2805 
6894 2790 2775 2805 2789 
6895 2789 2775 2805 2774 
6896 2775 2790 2805 2806 
6897 2791 2776 2806 2790 
6898 2790 2776 2806 2775 
6899 2776 2791 2806 2807 
6900 2792 2777 2807 2791 
6901 2791 2777 2807 2776 
6902 2777 2792 2807 1030 
6903 1029 1028 1030 2792 
6904 2792 1028 1030 2777 
6905 186 185 190 1698 
6906 1623 1638 1698 185 
6907 185 1638 1698 186 
6908 1638 1623 1698 1699 
6909 1624 1639 1699 1623 
6910 1623 1639 1699 1638 
6911 1639 1624 1699 1700 
6912 1625 1640 1700 1624 
6913 1624 1640 1700 1639 
6914 1640 1625 1700 1701 
6915 1626 1641 1701 1625 
6916 1625 1641 1701 1640 
6917 1641 1626 1701 1702 
6918 1627 1642 1702 1626 
6919 1626 1642 1702 1641 
6920 1642 1627 1702 1703 
6921 1628 1643 1703 1627 
6922 1627 1643 1703 1642 
6923 1643 1628 1703 1704 
6924 1629 1644 1704 1628 
6925 1628 1644 1704 1643 
6926 1644 1629 1704 1705 
6927 1630 1645 1705 1629 
6928 1629 1645 1705 1644 
6929 1645 1630 1705 1706 
6930 1631 1646 1706 1630 
6931 1630 1646 1706 1645 
6932 1646 1631 1706 1707 
6933 1632 1647 1707 1631 
6934 1631 1647 1707 1646 
6935 1647 1632 1707 1708 
6936 1633 1648 1708 1632 
6937 1632 1648 1708 1647 
6938 1648 1633 1708 1709 
6939 1634 1649 1709 1633 
6940 1633 1649 1709 1648 
6941 1649 1634 1709 1710 
6942 1635 1650 1710 1634 
6943 1634 1650 1710 1649 
6944 1650 1635 1710 1711 
6945 1636 1651 1711 1635 
6946 1635 1651 1711 1650 
6947 1651 1636 1711 1712 
6948 1637 1652 1712 1636 
6949 1636 1652 1712 1651 
6950 1652 1637 1712 957 
6951 952 953 957 1637 
6952 1637 953 957 1652 
6953 216 217 231 2313 
6954 2103 2088 2313 217 
6955 217 2088 2313 216 
6956 2088 2103 2313 2314 
6957 2104 2089 2314 2103 
6958 2103 2089 2314 2088 
6959 2089 2104 2314 2315 
6960 2105 2090 2315 2104 
6961 2104 2090 2315 2089 
6962 2090 2105 2315 2316 
6963 2106 2091 2316 2105 
6964 2105 2091 2316 2090 
6965 2091 2106 2316 2317 
6966 2107 2092 2317 2106 
6967 2106 2092 2317 2091 
6968 2092 2107 2317 2318 
6969 2108 2093 2318 2107 
6970 2107 2093 2318 2092 
6971 2093 2108 2318 2319 
6972 2109 2094 2319 2108 
6973 2108 2094 2319 2093 
6974 2094 2109 2319 2320 
6975 2110 2095 2320 2109 
6976 2109 2095 2320 2094 
6977 2095 2110 2320 2321 
6978 2111 2096 2321 2110 
6979 2110 2096 2321 2095 
6980 2096 2111 2321 2322 
6981 2112 2097 2322 2111 
6982 2111 2097 2322 2096 
6983 2097 2112 2322 2323 
6984 2113 2098 2323 2112 
6985 2112 2098 2323 2097 
6986 2098 2113 2323 2324 
6987 2114 2099 2324 2113 
6988 2113 2099 2324 2098 
6989 2099 2114 2324 2325 
6990 2115 2100 2325 2114 
6991 2114 2100 2325 2099 
6992 2100 2115 2325 2326 
6993 2116 2101 2326 2115 
6994 2115 2101 2326 2100 
6995 2101 2116 2326 2327 
6996 2117 2102 2327 2116 
6997 2116 2102 2327 2101 
6998 2102 2117 2327 998 
6999 984 983 998 2117 
7000 2117 983 998 2102 
7001 207 260 264 2808 
7002 2748 1953 2808 260 
7003 260 1953 2808 207 
7004 1953 2748 2808 2809 
7005 2749 1954 2809 2748 
7006 2748 1954 2809 1953 
7007 1954 2749 2809 2810 
7008 2750 1955 2810 2749 
7009 2749 1955 2810 1954 
7010 1955 2750 2810 2811 
7011 2751 1956 2811 2750 
7012 2750 1956 2811 1955 
7013 1956 2751 2811 2812 
7014 2752 1957 2812 2751 
7015 2751 1957 2812 1956 
7016 1957 2752 2812 2813 
7017 2753 1958 2813 2752 
7018 2752 1958 2813 1957 
7019 1958 2753 2813 2814 
7020 2754 1959 2814 2753 
7021 2753 1959 2814 1958 
7022 1959 2754 2814 2815 
7023 2755 1960 2815 2754 
7024 2754 1960 2815 1959 
7025 1960 2755 2815 2816 
7026 2756 1961 2816 2755 
7027 2755 1961 2816 1960 
7028 1961 2756 2816 2817 
7029 2757 1962 2817 2756 
7030 2756 1962 2817 1961 
7031 1962 2757 2817 2818 
7032 2758 1963 2818 2757 
7033 2757 1963 2818 1962 
7034 1963 2758 2818 2819 
7035 2759 1964 2819 2758 
7036 2758 1964 2819 1963 
7037 1964 2759 2819 2820 
7038 2760 1965 2820 2759 
7039 2759 1965 2820 1964 
7040 1965 2760 2820 2821 
7041 2761 1966 2821 2760 
7042 2760 1966 2821 1965 
7043 1966 2761 2821 2822 
7044 2762 1967 2822 2761 
7045 2761 1967 2822 1966 
7046 1967 2762 2822 1031 
7047 1027 974 1031 2762 
7048 2762 974 1031 1967 
7049 193 229 252 2628 
7050 2283 1743 2628 229 
7051 229 1743 2628 193 
7052 1743 2283 2628 2629 
7053 2284 1744 2629 2283 
7054 2283 1744 2629 1743 
7055 1744 2284 2629 2630 
7056 2285 1745 2630 2284 
7057 2284 1745 2630 1744 
7058 1745 2285 2630 2631 
7059 2286 1746 2631 2285 
7060 2285 1746 2631 1745 
7061 1746 2286 2631 2632 
7062 2287 1747 2632 2286 
7063 2286 1747 2632 1746 
7064 1747 2287 2632 2633 
7065 2288 1748 2633 2287 
7066 2287 1748 2633 1747 
7067 1748 2288 2633 2634 
7068 2289 1749 2634 2288 
7069 2288 1749 2634 1748 
7070 1749 2289 2634 2635 
7071 2290 1750 2635 2289 
7072 2289 1750 2635 1749 
7073 1750 2290 2635 2636 
7074 2291 1751 2636 2290 
7075 2290 1751 2636 1750 
7076 1751 2291 2636 2637 
7077 2292 1752 2637 2291 
7078 2291 1752 2637 1751 
7079 1752 2292 2637 2638 
7080 2293 1753 2638 2292 
7081 2292 1753 2638 1752 
7082 1753 2293 2638 2639 
7083 2294 1754 2639 2293 
7084 2293 1754 2639 1753 
7085 1754 2294 2639 2640 
7086 2295 1755 2640 2294 
7087 2294 1755 2640 1754 
7088 1755 2295 2640 2641 
7089 2296 1756 2641 2295 
7090 2295 1756 2641 1755 
7091 1756 2296 2641 2642 
7092 2297 1757 2642 2296 
7093 2296 1757 2642 1756 
7094 1757 2297 2642 1019 
7095 996 960 1019 2297 
7096 2297 960 1019 1757 
7097 190 192 208 1698 
7098 1728 1698 1968 192 
7099 192 1698 1968 208 
7100 1698 1728 1968 1699 
7101 1729 1699 1969 1728 
7102 1728 1699 1969 1968 
7103 1699 1729 1969 1700 
7104 1730 1700 1970 1729 
7105 1729 1700 1970 1969 
7106 1700 1730 1970 1701 
7107 1731 1701 1971 1730 
7108 1730 1701 1971 1970 
7109 1701 1731 1971 1702 
7110 1732 1702 1972 1731 
7111 1731 1702 1972 1971 
7112 1702 1732 1972 1703 
7113 1733 1703 1973 1732 
7114 1732 1703 1973 1972 
7115 1703 1733 1973 1704 
7116 1734 1704 1974 1733 
7117 1733 1704 1974 1973 
7118 1704 1734 1974 1705 
7119 1735 1705 1975 1734 
7120 1734 1705 1975 1974 
7121 1705 1735 1975 1706 
7122 1736 1706 1976 1735 
7123 1735 1706 1976 1975 
7124 1706 1736 1976 1707 
7125 1737 1707 1977 1736 
7126 1736 1707 1977 1976 
7127 1707 1737 1977 1708 
7128 1738 1708 1978 1737 
7129 1737 1708 1978 1977 
7130 1708 1738 1978 1709 
7131 1739 1709 1979 1738 
7132 1738 1709 1979 1978 
7133 1709 1739 1979 1710 
7134 1740 1710 1980 1739 
7135 1739 1710 1980 1979 
7136 1710 1740 1980 1711 
7137 1741 1711 1981 1740 
7138 1740 1711 1981 1980 
7139 1711 1741 1981 1712 
7140 1742 1712 1982 1741 
7141 1741 1712 1982 1981 
7142 1712 1742 1982 957 
7143 959 957 975 1742 
7144 1742 957 975 1982 
7145 220 221 222 2178 
7146 2163 2148 2178 221 
7147 221 2148 2178 220 
7148 2148 2163 2178 2179 
7149 2164 2149 2179 2163 
7150 2163 2149 2179 2148 
7151 2149 2164 2179 2180 
7152 2165 2150 2180 2164 
7153 2164 2150 2180 2149 
7154 2150 2165 2180 2181 
7155 2166 2151 2181 2165 
7156 2165 2151 2181 2150 
7157 2151 2166 2181 2182 
7158 2167 2152 2182 2166 
7159 2166 2152 2182 2151 
7160 2152 2167 2182 2183 
7161 2168 2153 2183 2167 
7162 2167 2153 2183 2152 
7163 2153 2168 2183 2184 
7164 2169 2154 2184 2168 
7165 2168 2154 2184 2153 
7166 2154 2169 2184 2185 
7167 2170 2155 2185 2169 
7168 2169 2155 2185 2154 
7169 2155 2170 2185 2186 
7170 2171 2156 2186 2170 
7171 2170 2156 2186 2155 
7172 2156 2171 2186 2187 
7173 2172 2157 2187 2171 
7174 2171 2157 2187 2156 
7175 2157 2172 2187 2188 
7176 2173 2158 2188 2172 
7177 2172 2158 2188 2157 
7178 2158 2173 2188 2189 
7179 2174 2159 2189 2173 
7180 2173 2159 2189 2158 
7181 2159 2174 2189 2190 
7182 2175 2160 2190 2174 
7183 2174 2160 2190 2159 
7184 2160 2175 2190 2191 
7185 2176 2161 2191 2175 
7186 2175 2161 2191 2160 
7187 2161 2176 2191 2192 
7188 2177 2162 2192 2176 
7189 2176 2162 2192 2161 
7190 2162 2177 2192 989 
7191 988 987 989 2177 
7192 2177 987 989 2162 
7193 208 192 228 2268 
7194 1728 1968 2268 192 
7195 192 1968 2268 208 
7196 1968 1728 2268 2269 
7197 1729 1969 2269 1728 
7198 1728 1969 2269 1968 
7199 1969 1729 2269 2270 
7200 1730 1970 2270 1729 
7201 1729 1970 2270 1969 
7202 1970 1730 2270 2271 
7203 1731 1971 2271 1730 
7204 1730 1971 2271 1970 
7205 1971 1731 2271 2272 
7206 1732 1972 2272 1731 
7207 1731 1972 2272 1971 
7208 1972 1732 2272 2273 
7209 1733 1973 2273 1732 
7210 1732 1973 2273 1972 
7211 1973 1733 2273 2274 
7212 1734 1974 2274 1733 
7213 1733 1974 2274 1973 
7214 1974 1734 2274 2275 
7215 1735 1975 2275 1734 
7216 1734 1975 2275 1974 
7217 1975 1735 2275 2276 
7218 1736 1976 2276 1735 
7219 1735 1976 2276 1975 
7220 1976 1736 2276 2277 
7221 1737 1977 2277 1736 
7222 1736 1977 2277 1976 
7223 1977 1737 2277 2278 
7224 1738 1978 2278 1737 
7225 1737 1978 2278 1977 
7226 1978 1738 2278 2279 
7227 1739 1979 2279 1738 
7228 1738 1979 2279 1978 
7229 1979 1739 2279 2280 
7230 1740 1980 2280 1739 
7231 1739 1980 2280 1979 
7232 1980 1740 2280 2281 
7233 1741 1981 2281 1740 
7234 1740 1981 2281 1980 
7235 1981 1741 2281 2282 
7236 1742 1982 2282 1741 
7237 1741 1982 2282 1981 
7238 1982 1742 2282 995 
7239 959 975 995 1742 
7240 1742 975 995 1982 
7241 261 197 262 2763 
7242 1803 2763 2778 197 
7243 197 2763 2778 262 
7244 2763 1803 2778 2764 
7245 1804 2764 2779 1803 
7246 1803 2764 2779 2778 
7247 2764 1804 2779 2765 
7248 1805 2765 2780 1804 
7249 1804 2765 2780 2779 
7250 2765 1805 2780 2766 
7251 1806 2766 2781 1805 
7252 1805 2766 2781 2780 
7253 2766 1806 2781 2767 
7254 1807 2767 2782 1806 
7255 1806 2767 2782 2781 
7256 2767 1807 2782 2768 
7257 1808 2768 2783 1807 
7258 1807 2768 2783 2782 
7259 2768 1808 2783 2769 
7260 1809 2769 2784 1808 
7261 1808 2769 2784 2783 
7262 2769 1809 2784 2770 
7263 1810 2770 2785 1809 
7264 1809 2770 2785 2784 
7265 2770 1810 2785 2771 
7266 1811 2771 2786 1810 
7267 1810 2771 2786 2785 
7268 2771 1811 2786 2772 
7269 1812 2772 2787 1811 
7270 1811 2772 2787 2786 
7271 2772 1812 2787 2773 
7272 1813 2773 2788 1812 
7273 1812 2773 2788 2787 
7274 2773 1813 2788 2774 
7275 1814 2774 2789 1813 
7276 1813 2774 2789 2788 
7277 2774 1814 2789 2775 
7278 1815 2775 2790 1814 
7279 1814 2775 2790 2789 
7280 2775 1815 2790 2776 
7281 1816 2776 2791 1815 
7282 1815 2776 2791 2790 
7283 2776 1816 2791 2777 
7284 1817 2777 2792 1816 
7285 1816 2777 2792 2791 
7286 2777 1817 2792 1028 
7287 964 1028 1029 1817 
7288 1817 1028 1029 2792 
7289 222 223 224 2178 
7290 2193 2178 2208 223 
7291 223 2178 2208 224 
7292 2178 2193 2208 2179 
7293 2194 2179 2209 2193 
7294 2193 2179 2209 2208 
7295 2179 2194 2209 2180 
7296 2195 2180 2210 2194 
7297 2194 2180 2210 2209 
7298 2180 2195 2210 2181 
7299 2196 2181 2211 2195 
7300 2195 2181 2211 2210 
7301 2181 2196 2211 2182 
7302 2197 2182 2212 2196 
7303 2196 2182 2212 2211 
7304 2182 2197 2212 2183 
7305 2198 2183 2213 2197 
7306 2197 2183 2213 2212 
7307 2183 2198 2213 2184 
7308 2199 2184 2214 2198 
7309 2198 2184 2214 2213 
7310 2184 2199 2214 2185 
7311 2200 2185 2215 2199 
7312 2199 2185 2215 2214 
7313 2185 2200 2215 2186 
7314 2201 2186 2216 2200 
7315 2200 2186 2216 2215 
7316 2186 2201 2216 2187 
7317 2202 2187 2217 2201 
7318 2201 2187 2217 2216 
7319 2187 2202 2217 2188 
7320 2203 2188 2218 2202 
7321 2202 2188 2218 2217 
7322 2188 2203 2218 2189 
7323 2204 2189 2219 2203 
7324 2203 2189 2219 2218 
7325 2189 2204 2219 2190 
7326 2205 2190 2220 2204 
7327 2204 2190 2220 2219 
7328 2190 2205 2220 2191 
7329 2206 2191 2221 2205 
7330 2205 2191 2221 2220 
7331 2191 2206 2221 2192 
7332 2207 2192 2222 2206 
7333 2206 2192 2222 2221 
7334 2192 2207 2222 989 
7335 990 989 991 2207 
7336 2207 989 991 2222 
7337 216 212 217 2088 
7338 2028 2088 2103 212 
7339 212 2088 2103 217 
7340 2088 2028 2103 2089 
7341 2029 2089 2104 2028 
7342 2028 2089 2104 2103 
7343 2089 2029 2104 2090 
7344 2030 2090 2105 2029 
7345 2029 2090 2105 2104 
7346 2090 2030 2105 2091 
7347 2031 2091 2106 2030 
7348 2030 2091 2106 2105 
7349 2091 2031 2106 2092 
7350 2032 2092 2107 2031 
7351 2031 2092 2107 2106 
7352 2092 2032 2107 2093 
7353 2033 2093 2108 2032 
7354 2032 2093 2108 2107 
7355 2093 2033 2108 2094 
7356 2034 2094 2109 2033 
7357 2033 2094 2109 2108 
7358 2094 2034 2109 2095 
7359 2035 2095 2110 2034 
7360 2034 2095 2110 2109 
7361 2095 2035 2110 2096 
7362 2036 2096 2111 2035 
7363 2035 2096 2111 2110 
7364 2096 2036 2111 2097 
7365 2037 2097 2112 2036 
7366 2036 2097 2112 2111 
7367 2097 2037 2112 2098 
7368 2038 2098 2113 2037 
7369 2037 2098 2113 2112 
7370 2098 2038 2113 2099 
7371 2039 2099 2114 2038 
7372 2038 2099 2114 2113 
7373 2099 2039 2114 2100 
7374 2040 2100 2115 2039 
7375 2039 2100 2115 2114 
7376 2100 2040 2115 2101 
7377 2041 2101 2116 2040 
7378 2040 2101 2116 2115 
7379 2101 2041 2116 2102 
7380 2042 2102 2117 2041 
7381 2041 2102 2117 2116 
7382 2102 2042 2117 983 
7383 979 983 984 2042 
7384 2042 983 984 2117 
7385 231 217 233 2343 
7386 2103 2313 2343 217 
7387 217 2313 2343 231 
7388 2313 2103 2343 2344 
7389 2104 2314 2344 2103 
7390 2103 2314 2344 2313 
7391 2314 2104 2344 2345 
7392 2105 2315 2345 2104 
7393 2104 2315 2345 2314 
7394 2315 2105 2345 2346 
7395 2106 2316 2346 2105 
7396 2105 2316 2346 2315 
7397 2316 2106 2346 2347 
7398 2107 2317 2347 2106 
7399 2106 2317 2347 2316 
7400 2317 2107 2347 2348 
7401 2108 2318 2348 2107 
7402 2107 2318 2348 2317 
7403 2318 2108 2348 2349 
7404 2109 2319 2349 2108 
7405 2108 2319 2349 2318 
7406 2319 2109 2349 2350 
7407 2110 2320 2350 2109 
7408 2109 2320 2350 2319 
7409 2320 2110 2350 2351 
7410 2111 2321 2351 2110 
7411 2110 2321 2351 2320 
7412 2321 2111 2351 2352 
7413 2112 2322 2352 2111 
7414 2111 2322 2352 2321 
7415 2322 2112 2352 2353 
7416 2113 2323 2353 2112 
7417 2112 2323 2353 2322 
7418 2323 2113 2353 2354 
7419 2114 2324 2354 2113 
7420 2113 2324 2354 2323 
7421 2324 2114 2354 2355 
7422 2115 2325 2355 2114 
7423 2114 2325 2355 2324 
7424 2325 2115 2355 2356 
7425 2116 2326 2356 2115 
7426 2115 2326 2356 2325 
7427 2326 2116 2356 2357 
7428 2117 2327 2357 2116 
7429 2116 2327 2357 2326 
7430 2327 2117 2357 1000 
7431 984 998 1000 2117 
7432 2117 998 1000 2327 
7433 183 182 185 1593 
7434 1578 1593 1623 182 
7435 182 1593 1623 185 
7436 1593 1578 1623 1594 
7437 1579 1594 1624 1578 
7438 1578 1594 1624 1623 
7439 1594 1579 1624 1595 
7440 1580 1595 1625 1579 
7441 1579 1595 1625 1624 
7442 1595 1580 1625 1596 
7443 1581 1596 1626 1580 
7444 1580 1596 1626 1625 
7445 1596 1581 1626 1597 
7446 1582 1597 1627 1581 
7447 1581 1597 1627 1626 
7448 1597 1582 1627 1598 
7449 1583 1598 1628 1582 
7450 1582 1598 1628 1627 
7451 1598 1583 1628 1599 
7452 1584 1599 1629 1583 
7453 1583 1599 1629 1628 
7454 1599 1584 1629 1600 
7455 1585 1600 1630 1584 
7456 1584 1600 1630 1629 
7457 1600 1585 1630 1601 
7458 1586 1601 1631 1585 
7459 1585 1601 1631 1630 
7460 1601 1586 1631 1602 
7461 1587 1602 1632 1586 
7462 1586 1602 1632 1631 
7463 1602 1587 1632 1603 
7464 1588 1603 1633 1587 
7465 1587 1603 1633 1632 
7466 1603 1588 1633 1604 
7467 1589 1604 1634 1588 
7468 1588 1604 1634 1633 
7469 1604 1589 1634 1605 
7470 1590 1605 1635 1589 
7471 1589 1605 1635 1634 
7472 1605 1590 1635 1606 
7473 1591 1606 1636 1590 
7474 1590 1606 1636 1635 
7475 1606 1591 1636 1607 
7476 1592 1607 1637 1591 
7477 1591 1607 1637 1636 
7478 1607 1592 1637 950 
7479 949 950 952 1592 
7480 1592 950 952 1637 
7481 204 209 210 1998 
7482 1983 1908 1998 209 
7483 209 1908 1998 204 
7484 1908 1983 1998 1999 
7485 1984 1909 1999 1983 
7486 1983 1909 1999 1908 
7487 1909 1984 1999 2000 
7488 1985 1910 2000 1984 
7489 1984 1910 2000 1909 
7490 1910 1985 2000 2001 
7491 1986 1911 2001 1985 
7492 1985 1911 2001 1910 
7493 1911 1986 2001 2002 
7494 1987 1912 2002 1986 
7495 1986 1912 2002 1911 
7496 1912 1987 2002 2003 
7497 1988 1913 2003 1987 
7498 1987 1913 2003 1912 
7499 1913 1988 2003 2004 
7500 1989 1914 2004 1988 
7501 1988 1914 2004 1913 
7502 1914 1989 2004 2005 
7503 1990 1915 2005 1989 
7504 1989 1915 2005 1914 
7505 1915 1990 2005 2006 
7506 1991 1916 2006 1990 
7507 1990 1916 2006 1915 
7508 1916 1991 2006 2007 
7509 1992 1917 2007 1991 
7510 1991 1917 2007 1916 
7511 1917 1992 2007 2008 
7512 1993 1918 2008 1992 
7513 1992 1918 2008 1917 
7514 1918 1993 2008 2009 
7515 1994 1919 2009 1993 
7516 1993 1919 2009 1918 
7517 1919 1994 2009 2010 
7518 1995 1920 2010 1994 
7519 1994 1920 2010 1919 
7520 1920 1995 2010 2011 
7521 1996 1921 2011 1995 
7522 1995 1921 2011 1920 
7523 1921 1996 2011 2012 
7524 1997 1922 2012 1996 
7525 1996 1922 2012 1921 
7526 1922 1997 2012 977 
7527 976 971 977 1997 
7528 1997 971 977 1922 
7529 215 212 216 2088 
7530 2028 2073 2088 212 
7531 212 2073 2088 215 
7532 2073 2028 2088 2089 
7533 2029 2074 2089 2028 
7534 2028 2074 2089 2073 
7535 2074 2029 2089 2090 
7536 2030 2075 2090 2029 
7537 2029 2075 2090 2074 
7538 2075 2030 2090 2091 
7539 2031 2076 2091 2030 
7540 2030 2076 2091 2075 
7541 2076 2031 2091 2092 
7542 2032 2077 2092 2031 
7543 2031 2077 2092 2076 
7544 2077 2032 2092 2093 
7545 2033 2078 2093 2032 
7546 2032 2078 2093 2077 
7547 2078 2033 2093 2094 
7548 2034 2079 2094 2033 
7549 2033 2079 2094 2078 
7550 2079 2034 2094 2095 
7551 2035 2080 2095 2034 
7552 2034 2080 2095 2079 
7553 2080 2035 2095 2096 
7554 2036 2081 2096 2035 
7555 2035 2081 2096 2080 
7556 2081 2036 2096 2097 
7557 2037 2082 2097 2036 
7558 2036 2082 2097 2081 
7559 2082 2037 2097 2098 
7560 2038 2083 2098 2037 
7561 2037 2083 2098 2082 
7562 2083 2038 2098 2099 
7563 2039 2084 2099 2038 
7564 2038 2084 2099 2083 
7565 2084 2039 2099 2100 
7566 2040 2085 2100 2039 
7567 2039 2085 2100 2084 
7568 2085 2040 2100 2101 
7569 2041 2086 2101 2040 
7570 2040 2086 2101 2085 
7571 2086 2041 2101 2102 
7572 2042 2087 2102 2041 
7573 2041 2087 2102 2086 
7574 2087 2042 2102 983 
7575 979 982 983 2042 
7576 2042 982 983 2087 
7577 211 210 212 2028 
7578 1998 2013 2028 210 
7579 210 2013 2028 211 
7580 2013 1998 2028 2029 
7581 1999 2014 2029 1998 
7582 1998 2014 2029 2013 
7583 2014 1999 2029 2030 
7584 2000 2015 2030 1999 
7585 1999 2015 2030 2014 
7586 2015 2000 2030 2031 
7587 2001 2016 2031 2000 
7588 2000 2016 2031 2015 
7589 2016 2001 2031 2032 
7590 2002 2017 2032 2001 
7591 2001 2017 2032 2016 
7592 2017 2002 2032 2033 
7593 2003 2018 2033 2002 
7594 2002 2018 2033 2017 
7595 2018 2003 2033 2034 
7596 2004 2019 2034 2003 
7597 2003 2019 2034 2018 
7598 2019 2004 2034 2035 
7599 2005 2020 2035 2004 
7600 2004 2020 2035 2019 
7601 2020 2005 2035 2036 
7602 2006 2021 2036 2005 
7603 2005 2021 2036 2020 
7604 2021 2006 2036 2037 
7605 2007 2022 2037 2006 
7606 2006 2022 2037 2021 
7607 2022 2007 2037 2038 
7608 2008 2023 2038 2007 
7609 2007 2023 2038 2022 
7610 2023 2008 2038 2039 
7611 2009 2024 2039 2008 
7612 2008 2024 2039 2023 
7613 2024 2009 2039 2040 
7614 2010 2025 2040 2009 
7615 2009 2025 2040 2024 
7616 2025 2010 2040 2041 
7617 2011 2026 2041 2010 
7618 2010 2026 2041 2025 
7619 2026 2011 2041 2042 
7620 2012 2027 2042 2011 
7621 2011 2027 2042 2026 
7622 2027 2012 2042 979 
7623 977 978 979 2012 
7624 2012 978 979 2027 
7625 198 197 261 2763 
7626 1803 1818 2763 197 
7627 197 1818 2763 198 
7628 1818 1803 2763 2764 
7629 1804 1819 2764 1803 
7630 1803 1819 2764 1818 
7631 1819 1804 2764 2765 
7632 1805 1820 2765 1804 
7633 1804 1820 2765 1819 
7634 1820 1805 2765 2766 
7635 1806 1821 2766 1805 
7636 1805 1821 2766 1820 
7637 1821 1806 2766 2767 
7638 1807 1822 2767 1806 
7639 1806 1822 2767 1821 
7640 1822 1807 2767 2768 
7641 1808 1823 2768 1807 
7642 1807 1823 2768 1822 
7643 1823 1808 2768 2769 
7644 1809 1824 2769 1808 
7645 1808 1824 2769 1823 
7646 1824 1809 2769 2770 
7647 1810 1825 2770 1809 
7648 1809 1825 2770 1824 
7649 1825 1810 2770 2771 
7650 1811 1826 2771 1810 
7651 1810 1826 2771 1825 
7652 1826 1811 2771 2772 
7653 1812 1827 2772 1811 
7654 1811 1827 2772 1826 
7655 1827 1812 2772 2773 
7656 1813 1828 2773 1812 
7657 1812 1828 2773 1827 
7658 1828 1813 2773 2774 
7659 1814 1829 2774 1813 
7660 1813 1829 2774 1828 
7661 1829 1814 2774 2775 
7662 1815 1830 2775 1814 
7663 1814 1830 2775 1829 
7664 1830 1815 2775 2776 
7665 1816 1831 2776 1815 
7666 1815 1831 2776 1830 
7667 1831 1816 2776 2777 
7668 1817 1832 2777 1816 
7669 1816 1832 2777 1831 
7670 1832 1817 2777 1028 
7671 964 965 1028 1817 
7672 1817 965 1028 1832 
7673 201 198 218 1863 
7674 1818 1863 2118 198 
7675 198 1863 2118 218 
7676 1863 1818 2118 1864 
7677 1819 1864 2119 1818 
7678 1818 1864 2119 2118 
7679 1864 1819 2119 1865 
7680 1820 1865 2120 1819 
7681 1819 1865 2120 2119 
7682 1865 1820 2120 1866 
7683 1821 1866 2121 1820 
7684 1820 1866 2121 2120 
7685 1866 1821 2121 1867 
7686 1822 1867 2122 1821 
7687 1821 1867 2122 2121 
7688 1867 1822 2122 1868 
7689 1823 1868 2123 1822 
7690 1822 1868 2123 2122 
7691 1868 1823 2123 1869 
7692 1824 1869 2124 1823 
7693 1823 1869 2124 2123 
7694 1869 1824 2124 1870 
7695 1825 1870 2125 1824 
7696 1824 1870 2125 2124 
7697 1870 1825 2125 1871 
7698 1826 1871 2126 1825 
7699 1825 1871 2126 2125 
7700 1871 1826 2126 1872 
7701 1827 1872 2127 1826 
7702 1826 1872 2127 2126 
7703 1872 1827 2127 1873 
7704 1828 1873 2128 1827 
7705 1827 1873 2128 2127 
7706 1873 1828 2128 1874 
7707 1829 1874 2129 1828 
7708 1828 1874 2129 2128 
7709 1874 1829 2129 1875 
7710 1830 1875 2130 1829 
7711 1829 1875 2130 2129 
7712 1875 1830 2130 1876 
7713 1831 1876 2131 1830 
7714 1830 1876 2131 2130 
7715 1876 1831 2131 1877 
7716 1832 1877 2132 1831 
7717 1831 1877 2132 2131 
7718 1877 1832 2132 968 
7719 965 968 985 1832 
7720 1832 968 985 2132 
7721 194 189 195 1773 
7722 1683 1758 1773 189 
7723 189 1758 1773 194 
7724 1758 1683 1773 1774 
7725 1684 1759 1774 1683 
7726 1683 1759 1774 1758 
7727 1759 1684 1774 1775 
7728 1685 1760 1775 1684 
7729 1684 1760 1775 1759 
7730 1760 1685 1775 1776 
7731 1686 1761 1776 1685 
7732 1685 1761 1776 1760 
7733 1761 1686 1776 1777 
7734 1687 1762 1777 1686 
7735 1686 1762 1777 1761 
7736 1762 1687 1777 1778 
7737 1688 1763 1778 1687 
7738 1687 1763 1778 1762 
7739 1763 1688 1778 1779 
7740 1689 1764 1779 1688 
7741 1688 1764 1779 1763 
7742 1764 1689 1779 1780 
7743 1690 1765 1780 1689 
7744 1689 1765 1780 1764 
7745 1765 1690 1780 1781 
7746 1691 1766 1781 1690 
7747 1690 1766 1781 1765 
7748 1766 1691 1781 1782 
7749 1692 1767 1782 1691 
7750 1691 1767 1782 1766 
7751 1767 1692 1782 1783 
7752 1693 1768 1783 1692 
7753 1692 1768 1783 1767 
7754 1768 1693 1783 1784 
7755 1694 1769 1784 1693 
7756 1693 1769 1784 1768 
7757 1769 1694 1784 1785 
7758 1695 1770 1785 1694 
7759 1694 1770 1785 1769 
7760 1770 1695 1785 1786 
7761 1696 1771 1786 1695 
7762 1695 1771 1786 1770 
7763 1771 1696 1786 1787 
7764 1697 1772 1787 1696 
7765 1696 1772 1787 1771 
7766 1772 1697 1787 962 
7767 956 961 962 1697 
7768 1697 961 962 1772 
7769 220 222 248 2568 
7770 2178 2148 2568 220 
7771 222 220 2178 2568 
7772 2148 2178 2568 2569 
7773 2179 2149 2569 2148 
7774 2178 2148 2179 2569 
7775 2149 2179 2569 2570 
7776 2180 2150 2570 2149 
7777 2179 2149 2180 2570 
7778 2150 2180 2570 2571 
7779 2181 2151 2571 2150 
7780 2180 2150 2181 2571 
7781 2151 2181 2571 2572 
7782 2182 2152 2572 2151 
7783 2181 2151 2182 2572 
7784 2152 2182 2572 2573 
7785 2183 2153 2573 2152 
7786 2182 2152 2183 2573 
7787 2153 2183 2573 2574 
7788 2184 2154 2574 2153 
7789 2183 2153 2184 2574 
7790 2154 2184 2574 2575 
7791 2185 2155 2575 2154 
7792 2184 2154 2185 2575 
7793 2155 2185 2575 2576 
7794 2186 2156 2576 2155 
7795 2185 2155 2186 2576 
7796 2156 2186 2576 2577 
7797 2187 2157 2577 2156 
7798 2186 2156 2187 2577 
7799 2157 2187 2577 2578 
7800 2188 2158 2578 2157 
7801 2187 2157 2188 2578 
7802 2158 2188 2578 2579 
7803 2189 2159 2579 2158 
7804 2188 2158 2189 2579 
7805 2159 2189 2579 2580 
7806 2190 2160 2580 2159 
7807 2189 2159 2190 2580 
7808 2160 2190 2580 2581 
7809 2191 2161 2581 2160 
7810 2190 2160 2191 2581 
7811 2161 2191 2581 2582 
7812 2192 2162 2582 2161 
7813 2191 2161 2192 2582 
7814 2162 2192 2582 1015 
7815 989 987 1015 2162 
7816 2192 2162 989 1015 
7817 220 206 221 2148 
7818 1938 2148 2163 206 
7819 206 2148 2163 221 
7820 2148 1938 2163 2149 
7821 1939 2149 2164 1938 
7822 1938 2149 2164 2163 
7823 2149 1939 2164 2150 
7824 1940 2150 2165 1939 
7825 1939 2150 2165 2164 
7826 2150 1940 2165 2151 
7827 1941 2151 2166 1940 
7828 1940 2151 2166 2165 
7829 2151 1941 2166 2152 
7830 1942 2152 2167 1941 
7831 1941 2152 2167 2166 
7832 2152 1942 2167 2153 
7833 1943 2153 2168 1942 
7834 1942 2153 2168 2167 
7835 2153 1943 2168 2154 
7836 1944 2154 2169 1943 
7837 1943 2154 2169 2168 
7838 2154 1944 2169 2155 
7839 1945 2155 2170 1944 
7840 1944 2155 2170 2169 
7841 2155 1945 2170 2156 
7842 1946 2156 2171 1945 
7843 1945 2156 2171 2170 
7844 2156 1946 2171 2157 
7845 1947 2157 2172 1946 
7846 1946 2157 2172 2171 
7847 2157 1947 2172 2158 
7848 1948 2158 2173 1947 
7849 1947 2158 2173 2172 
7850 2158 1948 2173 2159 
7851 1949 2159 2174 1948 
7852 1948 2159 2174 2173 
7853 2159 1949 2174 2160 
7854 1950 2160 2175 1949 
7855 1949 2160 2175 2174 
7856 2160 1950 2175 2161 
7857 1951 2161 2176 1950 
7858 1950 2161 2176 2175 
7859 2161 1951 2176 2162 
7860 1952 2162 2177 1951 
7861 1951 2162 2177 2176 
7862 2162 1952 2177 987 
7863 973 987 988 1952 
7864 1952 987 988 2177 
7865 187 189 194 1758 
7866 1683 1653 1758 189 
7867 189 1653 1758 187 
7868 1653 1683 1758 1759 
7869 1684 1654 1759 1683 
7870 1683 1654 1759 1653 
7871 1654 1684 1759 1760 
7872 1685 1655 1760 1684 
7873 1684 1655 1760 1654 
7874 1655 1685 1760 1761 
7875 1686 1656 1761 1685 
7876 1685 1656 1761 1655 
7877 1656 1686 1761 1762 
7878 1687 1657 1762 1686 
7879 1686 1657 1762 1656 
7880 1657 1687 1762 1763 
7881 1688 1658 1763 1687 
7882 1687 1658 1763 1657 
7883 1658 1688 1763 1764 
7884 1689 1659 1764 1688 
7885 1688 1659 1764 1658 
7886 1659 1689 1764 1765 
7887 1690 1660 1765 1689 
7888 1689 1660 1765 1659 
7889 1660 1690 1765 1766 
7890 1691 1661 1766 1690 
7891 1690 1661 1766 1660 
7892 1661 1691 1766 1767 
7893 1692 1662 1767 1691 
7894 1691 1662 1767 1661 
7895 1662 1692 1767 1768 
7896 1693 1663 1768 1692 
7897 1692 1663 1768 1662 
7898 1663 1693 1768 1769 
7899 1694 1664 1769 1693 
7900 1693 1664 1769 1663 
7901 1664 1694 1769 1770 
7902 1695 1665 1770 1694 
7903 1694 1665 1770 1664 
7904 1665 1695 1770 1771 
7905 1696 1666 1771 1695 
7906 1695 1666 1771 1665 
7907 1666 1696 1771 1772 
7908 1697 1667 1772 1696 
7909 1696 1667 1772 1666 
7910 1667 1697 1772 961 
7911 956 954 961 1697 
7912 1697 954 961 1667 
7913 222 221 223 2178 
7914 2163 2178 2193 221 
7915 221 2178 2193 223 
7916 2178 2163 2193 2179 
7917 2164 2179 2194 2163 
7918 2163 2179 2194 2193 
7919 2179 2164 2194 2180 
7920 2165 2180 2195 2164 
7921 2164 2180 2195 2194 
7922 2180 2165 2195 2181 
7923 2166 2181 2196 2165 
7924 2165 2181 2196 2195 
7925 2181 2166 2196 2182 
7926 2167 2182 2197 2166 
7927 2166 2182 2197 2196 
7928 2182 2167 2197 2183 
7929 2168 2183 2198 2167 
7930 2167 2183 2198 2197 
7931 2183 2168 2198 2184 
7932 2169 2184 2199 2168 
7933 2168 2184 2199 2198 
7934 2184 2169 2199 2185 
7935 2170 2185 2200 2169 
7936 2169 2185 2200 2199 
7937 2185 2170 2200 2186 
7938 2171 2186 2201 2170 
7939 2170 2186 2201 2200 
7940 2186 2171 2201 2187 
7941 2172 2187 2202 2171 
7942 2171 2187 2202 2201 
7943 2187 2172 2202 2188 
7944 2173 2188 2203 2172 
7945 2172 2188 2203 2202 
7946 2188 2173 2203 2189 
7947 2174 2189 2204 2173 
7948 2173 2189 2204 2203 
7949 2189 2174 2204 2190 
7950 2175 2190 2205 2174 
7951 2174 2190 2205 2204 
7952 2190 2175 2205 2191 
7953 2176 2191 2206 2175 
7954 2175 2191 2206 2205 
7955 2191 2176 2206 2192 
7956 2177 2192 2207 2176 
7957 2176 2192 2207 2206 
7958 2192 2177 2207 989 
7959 988 989 990 2177 
7960 2177 989 990 2207 
7961 186 190 249 2583 
7962 1698 1638 2583 186 
7963 190 186 1698 2583 
7964 1638 1698 2583 2584 
7965 1699 1639 2584 1638 
7966 1698 1638 1699 2584 
7967 1639 1699 2584 2585 
7968 1700 1640 2585 1639 
7969 1699 1639 1700 2585 
7970 1640 1700 2585 2586 
7971 1701 1641 2586 1640 
7972 1700 1640 1701 2586 
7973 1641 1701 2586 2587 
7974 1702 1642 2587 1641 
7975 1701 1641 1702 2587 
7976 1642 1702 2587 2588 
7977 1703 1643 2588 1642 
7978 1702 1642 1703 2588 
7979 1643 1703 2588 2589 
7980 1704 1644 2589 1643 
7981 1703 1643 1704 2589 
7982 1644 1704 2589 2590 
7983 1705 1645 2590 1644 
7984 1704 1644 1705 2590 
7985 1645 1705 2590 2591 
7986 1706 1646 2591 1645 
7987 1705 1645 1706 2591 
7988 1646 1706 2591 2592 
7989 1707 1647 2592 1646 
7990 1706 1646 1707 2592 
7991 1647 1707 2592 2593 
7992 1708 1648 2593 1647 
7993 1707 1647 1708 2593 
7994 1648 1708 2593 2594 
7995 1709 1649 2594 1648 
7996 1708 1648 1709 2594 
7997 1649 1709 2594 2595 
7998 1710 1650 2595 1649 
7999 1709 1649 1710 2595 
8000 1650 1710 2595 2596 
8001 1711 1651 2596 1650 
8002 1710 1650 1711 2596 
8003 1651 1711 2596 2597 
8004 1712 1652 2597 1651 
8005 1711 1651 1712 2597 
8006 1652 1712 2597 1016 
8007 957 953 1016 1652 
8008 1712 1652 957 1016 
8009 204 210 211 2013 
8010 1998 1908 2013 204 
8011 210 204 1998 2013 
8012 1908 1998 2013 2014 
8013 1999 1909 2014 1908 
8014 1998 1908 1999 2014 
8015 1909 1999 2014 2015 
8016 2000 1910 2015 1909 
8017 1999 1909 2000 2015 
8018 1910 2000 2015 2016 
8019 2001 1911 2016 1910 
8020 2000 1910 2001 2016 
8021 1911 2001 2016 2017 
8022 2002 1912 2017 1911 
8023 2001 1911 2002 2017 
8024 1912 2002 2017 2018 
8025 2003 1913 2018 1912 
8026 2002 1912 2003 2018 
8027 1913 2003 2018 2019 
8028 2004 1914 2019 1913 
8029 2003 1913 2004 2019 
8030 1914 2004 2019 2020 
8031 2005 1915 2020 1914 
8032 2004 1914 2005 2020 
8033 1915 2005 2020 2021 
8034 2006 1916 2021 1915 
8035 2005 1915 2006 2021 
8036 1916 2006 2021 2022 
8037 2007 1917 2022 1916 
8038 2006 1916 2007 2022 
8039 1917 2007 2022 2023 
8040 2008 1918 2023 1917 
8041 2007 1917 2008 2023 
8042 1918 2008 2023 2024 
8043 2009 1919 2024 1918 
8044 2008 1918 2009 2024 
8045 1919 2009 2024 2025 
8046 2010 1920 2025 1919 
8047 2009 1919 2010 2025 
8048 1920 2010 2025 2026 
8049 2011 1921 2026 1920 
8050 2010 1920 2011 2026 
8051 1921 2011 2026 2027 
8052 2012 1922 2027 1921 
8053 2011 1921 2012 2027 
8054 1922 2012 2027 978 
8055 977 971 978 1922 
8056 2012 1922 977 978 
8057 202 204 265 2823 
8058 1908 1878 2823 204 
8059 204 1878 2823 202 
8060 1878 1908 2823 2824 
8061 1909 1879 2824 1908 
8062 1908 1879 2824 1878 
8063 1879 1909 2824 2825 
8064 1910 1880 2825 1909 
8065 1909 1880 2825 1879 
8066 1880 1910 2825 2826 
8067 1911 1881 2826 1910 
8068 1910 1881 2826 1880 
8069 1881 1911 2826 2827 
8070 1912 1882 2827 1911 
8071 1911 1882 2827 1881 
8072 1882 1912 2827 2828 
8073 1913 1883 2828 1912 
8074 1912 1883 2828 1882 
8075 1883 1913 2828 2829 
8076 1914 1884 2829 1913 
8077 1913 1884 2829 1883 
8078 1884 1914 2829 2830 
8079 1915 1885 2830 1914 
8080 1914 1885 2830 1884 
8081 1885 1915 2830 2831 
8082 1916 1886 2831 1915 
8083 1915 1886 2831 1885 
8084 1886 1916 2831 2832 
8085 1917 1887 2832 1916 
8086 1916 1887 2832 1886 
8087 1887 1917 2832 2833 
8088 1918 1888 2833 1917 
8089 1917 1888 2833 1887 
8090 1888 1918 2833 2834 
8091 1919 1889 2834 1918 
8092 1918 1889 2834 1888 
8093 1889 1919 2834 2835 
8094 1920 1890 2835 1919 
8095 1919 1890 2835 1889 
8096 1890 1920 2835 2836 
8097 1921 1891 2836 1920 
8098 1920 1891 2836 1890 
8099 1891 1921 2836 2837 
8100 1922 1892 2837 1921 
8101 1921 1892 2837 1891 
8102 1892 1922 2837 1032 
8103 971 969 1032 1922 
8104 1922 969 1032 1892 
8105 190 191 192 1698 
8106 1713 1698 1728 191 
8107 191 1698 1728 192 
8108 1698 1713 1728 1699 
8109 1714 1699 1729 1713 
8110 1713 1699 1729 1728 
8111 1699 1714 1729 1700 
8112 1715 1700 1730 1714 
8113 1714 1700 1730 1729 
8114 1700 1715 1730 1701 
8115 1716 1701 1731 1715 
8116 1715 1701 1731 1730 
8117 1701 1716 1731 1702 
8118 1717 1702 1732 1716 
8119 1716 1702 1732 1731 
8120 1702 1717 1732 1703 
8121 1718 1703 1733 1717 
8122 1717 1703 1733 1732 
8123 1703 1718 1733 1704 
8124 1719 1704 1734 1718 
8125 1718 1704 1734 1733 
8126 1704 1719 1734 1705 
8127 1720 1705 1735 1719 
8128 1719 1705 1735 1734 
8129 1705 1720 1735 1706 
8130 1721 1706 1736 1720 
8131 1720 1706 1736 1735 
8132 1706 1721 1736 1707 
8133 1722 1707 1737 1721 
8134 1721 1707 1737 1736 
8135 1707 1722 1737 1708 
8136 1723 1708 1738 1722 
8137 1722 1708 1738 1737 
8138 1708 1723 1738 1709 
8139 1724 1709 1739 1723 
8140 1723 1709 1739 1738 
8141 1709 1724 1739 1710 
8142 1725 1710 1740 1724 
8143 1724 1710 1740 1739 
8144 1710 1725 1740 1711 
8145 1726 1711 1741 1725 
8146 1725 1711 1741 1740 
8147 1711 1726 1741 1712 
8148 1727 1712 1742 1726 
8149 1726 1712 1742 1741 
8150 1712 1727 1742 957 
8151 958 957 959 1727 
8152 1727 957 959 1742 
8153 190 185 191 1698 
8154 1623 1698 1713 185 
8155 185 1698 1713 191 
8156 1698 1623 1713 1699 
8157 1624 1699 1714 1623 
8158 1623 1699 1714 1713 
8159 1699 1624 1714 1700 
8160 1625 1700 1715 1624 
8161 1624 1700 1715 1714 
8162 1700 1625 1715 1701 
8163 1626 1701 1716 1625 
8164 1625 1701 1716 1715 
8165 1701 1626 1716 1702 
8166 1627 1702 1717 1626 
8167 1626 1702 1717 1716 
8168 1702 1627 1717 1703 
8169 1628 1703 1718 1627 
8170 1627 1703 1718 1717 
8171 1703 1628 1718 1704 
8172 1629 1704 1719 1628 
8173 1628 1704 1719 1718 
8174 1704 1629 1719 1705 
8175 1630 1705 1720 1629 
8176 1629 1705 1720 1719 
8177 1705 1630 1720 1706 
8178 1631 1706 1721 1630 
8179 1630 1706 1721 1720 
8180 1706 1631 1721 1707 
8181 1632 1707 1722 1631 
8182 1631 1707 1722 1721 
8183 1707 1632 1722 1708 
8184 1633 1708 1723 1632 
8185 1632 1708 1723 1722 
8186 1708 1633 1723 1709 
8187 1634 1709 1724 1633 
8188 1633 1709 1724 1723 
8189 1709 1634 1724 1710 
8190 1635 1710 1725 1634 
8191 1634 1710 1725 1724 
8192 1710 1635 1725 1711 
8193 1636 1711 1726 1635 
8194 1635 1711 1726 1725 
8195 1711 1636 1726 1712 
8196 1637 1712 1727 1636 
8197 1636 1712 1727 1726 
8198 1712 1637 1727 957 
8199 952 957 958 1637 
8200 1637 957 958 1727 
8201 219 206 220 2148 
8202 1938 2133 2148 206 
8203 206 2133 2148 219 
8204 2133 1938 2148 2149 
8205 1939 2134 2149 1938 
8206 1938 2134 2149 2133 
8207 2134 1939 2149 2150 
8208 1940 2135 2150 1939 
8209 1939 2135 2150 2134 
8210 2135 1940 2150 2151 
8211 1941 2136 2151 1940 
8212 1940 2136 2151 2135 
8213 2136 1941 2151 2152 
8214 1942 2137 2152 1941 
8215 1941 2137 2152 2136 
8216 2137 1942 2152 2153 
8217 1943 2138 2153 1942 
8218 1942 2138 2153 2137 
8219 2138 1943 2153 2154 
8220 1944 2139 2154 1943 
8221 1943 2139 2154 2138 
8222 2139 1944 2154 2155 
8223 1945 2140 2155 1944 
8224 1944 2140 2155 2139 
8225 2140 1945 2155 2156 
8226 1946 2141 2156 1945 
8227 1945 2141 2156 2140 
8228 2141 1946 2156 2157 
8229 1947 2142 2157 1946 
8230 1946 2142 2157 2141 
8231 2142 1947 2157 2158 
8232 1948 2143 2158 1947 
8233 1947 2143 2158 2142 
8234 2143 1948 2158 2159 
8235 1949 2144 2159 1948 
8236 1948 2144 2159 2143 
8237 2144 1949 2159 2160 
8238 1950 2145 2160 1949 
8239 1949 2145 2160 2144 
8240 2145 1950 2160 2161 
8241 1951 2146 2161 1950 
8242 1950 2146 2161 2145 
8243 2146 1951 2161 2162 
8244 1952 2147 2162 1951 
8245 1951 2147 2162 2146 
8246 2147 1952 2162 987 
8247 973 986 987 1952 
8248 1952 986 987 2147 
8249 180 183 255 2673 
8250 1593 1548 2673 183 
8251 183 1548 2673 180 
8252 1548 1593 2673 2674 
8253 1594 1549 2674 1593 
8254 1593 1549 2674 1548 
8255 1549 1594 2674 2675 
8256 1595 1550 2675 1594 
8257 1594 1550 2675 1549 
8258 1550 1595 2675 2676 
8259 1596 1551 2676 1595 
8260 1595 1551 2676 1550 
8261 1551 1596 2676 2677 
8262 1597 1552 2677 1596 
8263 1596 1552 2677 1551 
8264 1552 1597 2677 2678 
8265 1598 1553 2678 1597 
8266 1597 1553 2678 1552 
8267 1553 1598 2678 2679 
8268 1599 1554 2679 1598 
8269 1598 1554 2679 1553 
8270 1554 1599 2679 2680 
8271 1600 1555 2680 1599 
8272 1599 1555 2680 1554 
8273 1555 1600 2680 2681 
8274 1601 1556 2681 1600 
8275 1600 1556 2681 1555 
8276 1556 1601 2681 2682 
8277 1602 1557 2682 1601 
8278 1601 1557 2682 1556 
8279 1557 1602 2682 2683 
8280 1603 1558 2683 1602 
8281 1602 1558 2683 1557 
8282 1558 1603 2683 2684 
8283 1604 1559 2684 1603 
8284 1603 1559 2684 1558 
8285 1559 1604 2684 2685 
8286 1605 1560 2685 1604 
8287 1604 1560 2685 1559 
8288 1560 1605 2685 2686 
8289 1606 1561 2686 1605 
8290 1605 1561 2686 1560 
8291 1561 1606 2686 2687 
8292 1607 1562 2687 1606 
8293 1606 1562 2687 1561 
8294 1562 1607 2687 1022 
8295 950 947 1022 1607 
8296 1607 947 1022 1562 
8297 228 252 253 2268 
8298 2628 2268 2643 252 
8299 252 2268 2643 253 
8300 2268 2628 2643 2269 
8301 2629 2269 2644 2628 
8302 2628 2269 2644 2643 
8303 2269 2629 2644 2270 
8304 2630 2270 2645 2629 
8305 2629 2270 2645 2644 
8306 2270 2630 2645 2271 
8307 2631 2271 2646 2630 
8308 2630 2271 2646 2645 
8309 2271 2631 2646 2272 
8310 2632 2272 2647 2631 
8311 2631 2272 2647 2646 
8312 2272 2632 2647 2273 
8313 2633 2273 2648 2632 
8314 2632 2273 2648 2647 
8315 2273 2633 2648 2274 
8316 2634 2274 2649 2633 
8317 2633 2274 2649 2648 
8318 2274 2634 2649 2275 
8319 2635 2275 2650 2634 
8320 2634 2275 2650 2649 
8321 2275 2635 2650 2276 
8322 2636 2276 2651 2635 
8323 2635 2276 2651 2650 
8324 2276 2636 2651 2277 
8325 2637 2277 2652 2636 
8326 2636 2277 2652 2651 
8327 2277 2637 2652 2278 
8328 2638 2278 2653 2637 
8329 2637 2278 2653 2652 
8330 2278 2638 2653 2279 
8331 2639 2279 2654 2638 
8332 2638 2279 2654 2653 
8333 2279 2639 2654 2280 
8334 2640 2280 2655 2639 
8335 2639 2280 2655 2654 
8336 2280 2640 2655 2281 
8337 2641 2281 2656 2640 
8338 2640 2281 2656 2655 
8339 2281 2641 2656 2282 
8340 2642 2282 2657 2641 
8341 2641 2282 2657 2656 
8342 2282 2642 2657 995 
8343 1019 995 1020 2642 
8344 2642 995 1020 2657 
8345 179 176 270 2898 
8346 1488 1533 2898 176 
8347 176 1533 2898 179 
8348 1533 1488 2898 2899 
8349 1489 1534 2899 1488 
8350 1488 1534 2899 1533 
8351 1534 1489 2899 2900 
8352 1490 1535 2900 1489 
8353 1489 1535 2900 1534 
8354 1535 1490 2900 2901 
8355 1491 1536 2901 1490 
8356 1490 1536 2901 1535 
8357 1536 1491 2901 2902 
8358 1492 1537 2902 1491 
8359 1491 1537 2902 1536 
8360 1537 1492 2902 2903 
8361 1493 1538 2903 1492 
8362 1492 1538 2903 1537 
8363 1538 1493 2903 2904 
8364 1494 1539 2904 1493 
8365 1493 1539 2904 1538 
8366 1539 1494 2904 2905 
8367 1495 1540 2905 1494 
8368 1494 1540 2905 1539 
8369 1540 1495 2905 2906 
8370 1496 1541 2906 1495 
8371 1495 1541 2906 1540 
8372 1541 1496 2906 2907 
8373 1497 1542 2907 1496 
8374 1496 1542 2907 1541 
8375 1542 1497 2907 2908 
8376 1498 1543 2908 1497 
8377 1497 1543 2908 1542 
8378 1543 1498 2908 2909 
8379 1499 1544 2909 1498 
8380 1498 1544 2909 1543 
8381 1544 1499 2909 2910 
8382 1500 1545 2910 1499 
8383 1499 1545 2910 1544 
8384 1545 1500 2910 2911 
8385 1501 1546 2911 1500 
8386 1500 1546 2911 1545 
8387 1546 1501 2911 2912 
8388 1502 1547 2912 1501 
8389 1501 1547 2912 1546 
8390 1547 1502 2912 1037 
8391 943 946 1037 1502 
8392 1502 946 1037 1547 
8393 196 195 197 1803 
8394 1773 1788 1803 195 
8395 195 1788 1803 196 
8396 1788 1773 1803 1804 
8397 1774 1789 1804 1773 
8398 1773 1789 1804 1788 
8399 1789 1774 1804 1805 
8400 1775 1790 1805 1774 
8401 1774 1790 1805 1789 
8402 1790 1775 1805 1806 
8403 1776 1791 1806 1775 
8404 1775 1791 1806 1790 
8405 1791 1776 1806 1807 
8406 1777 1792 1807 1776 
8407 1776 1792 1807 1791 
8408 1792 1777 1807 1808 
8409 1778 1793 1808 1777 
8410 1777 1793 1808 1792 
8411 1793 1778 1808 1809 
8412 1779 1794 1809 1778 
8413 1778 1794 1809 1793 
8414 1794 1779 1809 1810 
8415 1780 1795 1810 1779 
8416 1779 1795 1810 1794 
8417 1795 1780 1810 1811 
8418 1781 1796 1811 1780 
8419 1780 1796 1811 1795 
8420 1796 1781 1811 1812 
8421 1782 1797 1812 1781 
8422 1781 1797 1812 1796 
8423 1797 1782 1812 1813 
8424 1783 1798 1813 1782 
8425 1782 1798 1813 1797 
8426 1798 1783 1813 1814 
8427 1784 1799 1814 1783 
8428 1783 1799 1814 1798 
8429 1799 1784 1814 1815 
8430 1785 1800 1815 1784 
8431 1784 1800 1815 1799 
8432 1800 1785 1815 1816 
8433 1786 1801 1816 1785 
8434 1785 1801 1816 1800 
8435 1801 1786 1816 1817 
8436 1787 1802 1817 1786 
8437 1786 1802 1817 1801 
8438 1802 1787 1817 964 
8439 962 963 964 1787 
8440 1787 963 964 1802 
8441 195 207 264 2808 
8442 1953 1773 2808 207 
8443 207 1773 2808 195 
8444 1773 1953 2808 2809 
8445 1954 1774 2809 1953 
8446 1953 1774 2809 1773 
8447 1774 1954 2809 2810 
8448 1955 1775 2810 1954 
8449 1954 1775 2810 1774 
8450 1775 1955 2810 2811 
8451 1956 1776 2811 1955 
8452 1955 1776 2811 1775 
8453 1776 1956 2811 2812 
8454 1957 1777 2812 1956 
8455 1956 1777 2812 1776 
8456 1777 1957 2812 2813 
8457 1958 1778 2813 1957 
8458 1957 1778 2813 1777 
8459 1778 1958 2813 2814 
8460 1959 1779 2814 1958 
8461 1958 1779 2814 1778 
8462 1779 1959 2814 2815 
8463 1960 1780 2815 1959 
8464 1959 1780 2815 1779 
8465 1780 1960 2815 2816 
8466 1961 1781 2816 1960 
8467 1960 1781 2816 1780 
8468 1781 1961 2816 2817 
8469 1962 1782 2817 1961 
8470 1961 1782 2817 1781 
8471 1782 1962 2817 2818 
8472 1963 1783 2818 1962 
8473 1962 1783 2818 1782 
8474 1783 1963 2818 2819 
8475 1964 1784 2819 1963 
8476 1963 1784 2819 1783 
8477 1784 1964 2819 2820 
8478 1965 1785 2820 1964 
8479 1964 1785 2820 1784 
8480 1785 1965 2820 2821 
8481 1966 1786 2821 1965 
8482 1965 1786 2821 1785 
8483 1786 1966 2821 2822 
8484 1967 1787 2822 1966 
8485 1966 1787 2822 1786 
8486 1787 1967 2822 1031 
8487 974 962 1031 1967 
8488 1967 962 1031 1787 
8489 182 179 184 1608 
8490 1533 1578 1608 179 
8491 179 1578 1608 182 
8492 1578 1533 1608 1609 
8493 1534 1579 1609 1533 
8494 1533 1579 1609 1578 
8495 1579 1534 1609 1610 
8496 1535 1580 1610 1534 
8497 1534 1580 1610 1579 
8498 1580 1535 1610 1611 
8499 1536 1581 1611 1535 
8500 1535 1581 1611 1580 
8501 1581 1536 1611 1612 
8502 1537 1582 1612 1536 
8503 1536 1582 1612 1581 
8504 1582 1537 1612 1613 
8505 1538 1583 1613 1537 
8506 1537 1583 1613 1582 
8507 1583 1538 1613 1614 
8508 1539 1584 1614 1538 
8509 1538 1584 1614 1583 
8510 1584 1539 1614 1615 
8511 1540 1585 1615 1539 
8512 1539 1585 1615 1584 
8513 1585 1540 1615 1616 
8514 1541 1586 1616 1540 
8515 1540 1586 1616 1585 
8516 1586 1541 1616 1617 
8517 1542 1587 1617 1541 
8518 1541 1587 1617 1586 
8519 1587 1542 1617 1618 
8520 1543 1588 1618 1542 
8521 1542 1588 1618 1587 
8522 1588 1543 1618 1619 
8523 1544 1589 1619 1543 
8524 1543 1589 1619 1588 
8525 1589 1544 1619 1620 
8526 1545 1590 1620 1544 
8527 1544 1590 1620 1589 
8528 1590 1545 1620 1621 
8529 1546 1591 1621 1545 
8530 1545 1591 1621 1590 
8531 1591 1546 1621 1622 
8532 1547 1592 1622 1546 
8533 1546 1592 1622 1591 
8534 1592 1547 1622 951 
8535 946 949 951 1547 
8536 1547 949 951 1592 
8537 250 249 254 2658 
8538 2583 2598 2658 249 
8539 249 2598 2658 250 
8540 2598 2583 2658 2659 
8541 2584 2599 2659 2583 
8542 2583 2599 2659 2598 
8543 2599 2584 2659 2660 
8544 2585 2600 2660 2584 
8545 2584 2600 2660 2599 
8546 2600 2585 2660 2661 
8547 2586 2601 2661 2585 
8548 2585 2601 2661 2600 
8549 2601 2586 2661 2662 
8550 2587 2602 2662 2586 
8551 2586 2602 2662 2601 
8552 2602 2587 2662 2663 
8553 2588 2603 2663 2587 
8554 2587 2603 2663 2602 
8555 2603 2588 2663 2664 
8556 2589 2604 2664 2588 
8557 2588 2604 2664 2603 
8558 2604 2589 2664 2665 
8559 2590 2605 2665 2589 
8560 2589 2605 2665 2604 
8561 2605 2590 2665 2666 
8562 2591 2606 2666 2590 
8563 2590 2606 2666 2605 
8564 2606 2591 2666 2667 
8565 2592 2607 2667 2591 
8566 2591 2607 2667 2606 
8567 2607 2592 2667 2668 
8568 2593 2608 2668 2592 
8569 2592 2608 2668 2607 
8570 2608 2593 2668 2669 
8571 2594 2609 2669 2593 
8572 2593 2609 2669 2608 
8573 2609 2594 2669 2670 
8574 2595 2610 2670 2594 
8575 2594 2610 2670 2609 
8576 2610 2595 2670 2671 
8577 2596 2611 2671 2595 
8578 2595 2611 2671 2610 
8579 2611 2596 2671 2672 
8580 2597 2612 2672 2596 
8581 2596 2612 2672 2611 
8582 2612 2597 2672 1021 
8583 1016 1017 1021 2597 
8584 2597 1017 1021 2612 
8585 224 225 226 2208 
8586 2223 2208 2238 225 
8587 225 2208 2238 226 
8588 2208 2223 2238 2209 
8589 2224 2209 2239 2223 
8590 2223 2209 2239 2238 
8591 2209 2224 2239 2210 
8592 2225 2210 2240 2224 
8593 2224 2210 2240 2239 
8594 2210 2225 2240 2211 
8595 2226 2211 2241 2225 
8596 2225 2211 2241 2240 
8597 2211 2226 2241 2212 
8598 2227 2212 2242 2226 
8599 2226 2212 2242 2241 
8600 2212 2227 2242 2213 
8601 2228 2213 2243 2227 
8602 2227 2213 2243 2242 
8603 2213 2228 2243 2214 
8604 2229 2214 2244 2228 
8605 2228 2214 2244 2243 
8606 2214 2229 2244 2215 
8607 2230 2215 2245 2229 
8608 2229 2215 2245 2244 
8609 2215 2230 2245 2216 
8610 2231 2216 2246 2230 
8611 2230 2216 2246 2245 
8612 2216 2231 2246 2217 
8613 2232 2217 2247 2231 
8614 2231 2217 2247 2246 
8615 2217 2232 2247 2218 
8616 2233 2218 2248 2232 
8617 2232 2218 2248 2247 
8618 2218 2233 2248 2219 
8619 2234 2219 2249 2233 
8620 2233 2219 2249 2248 
8621 2219 2234 2249 2220 
8622 2235 2220 2250 2234 
8623 2234 2220 2250 2249 
8624 2220 2235 2250 2221 
8625 2236 2221 2251 2235 
8626 2235 2221 2251 2250 
8627 2221 2236 2251 2222 
8628 2237 2222 2252 2236 
8629 2236 2222 2252 2251 
8630 2222 2237 2252 991 
8631 992 991 993 2237 
8632 2237 991 993 2252 
8633 212 210 251 2613 
8634 1998 2028 2613 210 
8635 210 2028 2613 212 
8636 2028 1998 2613 2614 
8637 1999 2029 2614 1998 
8638 1998 2029 2614 2028 
8639 2029 1999 2614 2615 
8640 2000 2030 2615 1999 
8641 1999 2030 2615 2029 
8642 2030 2000 2615 2616 
8643 2001 2031 2616 2000 
8644 2000 2031 2616 2030 
8645 2031 2001 2616 2617 
8646 2002 2032 2617 2001 
8647 2001 2032 2617 2031 
8648 2032 2002 2617 2618 
8649 2003 2033 2618 2002 
8650 2002 2033 2618 2032 
8651 2033 2003 2618 2619 
8652 2004 2034 2619 2003 
8653 2003 2034 2619 2033 
8654 2034 2004 2619 2620 
8655 2005 2035 2620 2004 
8656 2004 2035 2620 2034 
8657 2035 2005 2620 2621 
8658 2006 2036 2621 2005 
8659 2005 2036 2621 2035 
8660 2036 2006 2621 2622 
8661 2007 2037 2622 2006 
8662 2006 2037 2622 2036 
8663 2037 2007 2622 2623 
8664 2008 2038 2623 2007 
8665 2007 2038 2623 2037 
8666 2038 2008 2623 2624 
8667 2009 2039 2624 2008 
8668 2008 2039 2624 2038 
8669 2039 2009 2624 2625 
8670 2010 2040 2625 2009 
8671 2009 2040 2625 2039 
8672 2040 2010 2625 2626 
8673 2011 2041 2626 2010 
8674 2010 2041 2626 2040 
8675 2041 2011 2626 2627 
8676 2012 2042 2627 2011 
8677 2011 2042 2627 2041 
8678 2042 2012 2627 1018 
8679 977 979 1018 2012 
8680 2012 979 1018 2042 
8681 183 185 186 1593 
8682 1623 1593 1638 185 
8683 185 1593 1638 186 
8684 1593 1623 1638 1594 
8685 1624 1594 1639 1623 
8686 1623 1594 1639 1638 
8687 1594 1624 1639 1595 
8688 1625 1595 1640 1624 
8689 1624 1595 1640 1639 
8690 1595 1625 1640 1596 
8691 1626 1596 1641 1625 
8692 1625 1596 1641 1640 
8693 1596 1626 1641 1597 
8694 1627 1597 1642 1626 
8695 1626 1597 1642 1641 
8696 1597 1627 1642 1598 
8697 1628 1598 1643 1627 
8698 1627 1598 1643 1642 
8699 1598 1628 1643 1599 
8700 1629 1599 1644 1628 
8701 1628 1599 1644 1643 
8702 1599 1629 1644 1600 
8703 1630 1600 1645 1629 
8704 1629 1600 1645 1644 
8705 1600 1630 1645 1601 
8706 1631 1601 1646 1630 
8707 1630 1601 1646 1645 
8708 1601 1631 1646 1602 
8709 1632 1602 1647 1631 
8710 1631 1602 1647 1646 
8711 1602 1632 1647 1603 
8712 1633 1603 1648 1632 
8713 1632 1603 1648 1647 
8714 1603 1633 1648 1604 
8715 1634 1604 1649 1633 
8716 1633 1604 1649 1648 
8717 1604 1634 1649 1605 
8718 1635 1605 1650 1634 
8719 1634 1605 1650 1649 
8720 1605 1635 1650 1606 
8721 1636 1606 1651 1635 
8722 1635 1606 1651 1650 
8723 1606 1636 1651 1607 
8724 1637 1607 1652 1636 
8725 1636 1607 1652 1651 
8726 1607 1637 1652 950 
8727 952 950 953 1637 
8728 1637 950 953 1652 
8729 227 220 248 2253 
8730 2148 2253 2568 220 
8731 220 2253 2568 248 
8732 2253 2148 2568 2254 
8733 2149 2254 2569 2148 
8734 2148 2254 2569 2568 
8735 2254 2149 2569 2255 
8736 2150 2255 2570 2149 
8737 2149 2255 2570 2569 
8738 2255 2150 2570 2256 
8739 2151 2256 2571 2150 
8740 2150 2256 2571 2570 
8741 2256 2151 2571 2257 
8742 2152 2257 2572 2151 
8743 2151 2257 2572 2571 
8744 2257 2152 2572 2258 
8745 2153 2258 2573 2152 
8746 2152 2258 2573 2572 
8747 2258 2153 2573 2259 
8748 2154 2259 2574 2153 
8749 2153 2259 2574 2573 
8750 2259 2154 2574 2260 
8751 2155 2260 2575 2154 
8752 2154 2260 2575 2574 
8753 2260 2155 2575 2261 
8754 2156 2261 2576 2155 
8755 2155 2261 2576 2575 
8756 2261 2156 2576 2262 
8757 2157 2262 2577 2156 
8758 2156 2262 2577 2576 
8759 2262 2157 2577 2263 
8760 2158 2263 2578 2157 
8761 2157 2263 2578 2577 
8762 2263 2158 2578 2264 
8763 2159 2264 2579 2158 
8764 2158 2264 2579 2578 
8765 2264 2159 2579 2265 
8766 2160 2265 2580 2159 
8767 2159 2265 2580 2579 
8768 2265 2160 2580 2266 
8769 2161 2266 2581 2160 
8770 2160 2266 2581 2580 
8771 2266 2161 2581 2267 
8772 2162 2267 2582 2161 
8773 2161 2267 2582 2581 
8774 2267 2162 2582 994 
8775 987 994 1015 2162 
8776 2162 994 1015 2582 
8777 210 209 214 1998 
8778 1983 1998 2058 209 
8779 209 1998 2058 214 
8780 1998 1983 2058 1999 
8781 1984 1999 2059 1983 
8782 1983 1999 2059 2058 
8783 1999 1984 2059 2000 
8784 1985 2000 2060 1984 
8785 1984 2000 2060 2059 
8786 2000 1985 2060 2001 
8787 1986 2001 2061 1985 
8788 1985 2001 2061 2060 
8789 2001 1986 2061 2002 
8790 1987 2002 2062 1986 
8791 1986 2002 2062 2061 
8792 2002 1987 2062 2003 
8793 1988 2003 2063 1987 
8794 1987 2003 2063 2062 
8795 2003 1988 2063 2004 
8796 1989 2004 2064 1988 
8797 1988 2004 2064 2063 
8798 2004 1989 2064 2005 
8799 1990 2005 2065 1989 
8800 1989 2005 2065 2064 
8801 2005 1990 2065 2006 
8802 1991 2006 2066 1990 
8803 1990 2006 2066 2065 
8804 2006 1991 2066 2007 
8805 1992 2007 2067 1991 
8806 1991 2007 2067 2066 
8807 2007 1992 2067 2008 
8808 1993 2008 2068 1992 
8809 1992 2008 2068 2067 
8810 2008 1993 2068 2009 
8811 1994 2009 2069 1993 
8812 1993 2009 2069 2068 
8813 2009 1994 2069 2010 
8814 1995 2010 2070 1994 
8815 1994 2010 2070 2069 
8816 2010 1995 2070 2011 
8817 1996 2011 2071 1995 
8818 1995 2011 2071 2070 
8819 2011 1996 2071 2012 
8820 1997 2012 2072 1996 
8821 1996 2012 2072 2071 
8822 2012 1997 2072 977 
8823 976 977 981 1997 
8824 1997 977 981 2072 
8825 187 188 189 1653 
8826 1668 1653 1683 188 
8827 188 1653 1683 189 
8828 1653 1668 1683 1654 
8829 1669 1654 1684 1668 
8830 1668 1654 1684 1683 
8831 1654 1669 1684 1655 
8832 1670 1655 1685 1669 
8833 1669 1655 1685 1684 
8834 1655 1670 1685 1656 
8835 1671 1656 1686 1670 
8836 1670 1656 1686 1685 
8837 1656 1671 1686 1657 
8838 1672 1657 1687 1671 
8839 1671 1657 1687 1686 
8840 1657 1672 1687 1658 
8841 1673 1658 1688 1672 
8842 1672 1658 1688 1687 
8843 1658 1673 1688 1659 
8844 1674 1659 1689 1673 
8845 1673 1659 1689 1688 
8846 1659 1674 1689 1660 
8847 1675 1660 1690 1674 
8848 1674 1660 1690 1689 
8849 1660 1675 1690 1661 
8850 1676 1661 1691 1675 
8851 1675 1661 1691 1690 
8852 1661 1676 1691 1662 
8853 1677 1662 1692 1676 
8854 1676 1662 1692 1691 
8855 1662 1677 1692 1663 
8856 1678 1663 1693 1677 
8857 1677 1663 1693 1692 
8858 1663 1678 1693 1664 
8859 1679 1664 1694 1678 
8860 1678 1664 1694 1693 
8861 1664 1679 1694 1665 
8862 1680 1665 1695 1679 
8863 1679 1665 1695 1694 
8864 1665 1680 1695 1666 
8865 1681 1666 1696 1680 
8866 1680 1666 1696 1695 
8867 1666 1681 1696 1667 
8868 1682 1667 1697 1681 
8869 1681 1667 1697 1696 
8870 1667 1682 1697 954 
8871 955 954 956 1682 
8872 1682 954 956 1697 
8873 202 203 204 1878 
8874 1893 1878 1908 203 
8875 203 1878 1908 204 
8876 1878 1893 1908 1879 
8877 1894 1879 1909 1893 
8878 1893 1879 1909 1908 
8879 1879 1894 1909 1880 
8880 1895 1880 1910 1894 
8881 1894 1880 1910 1909 
8882 1880 1895 1910 1881 
8883 1896 1881 1911 1895 
8884 1895 1881 1911 1910 
8885 1881 1896 1911 1882 
8886 1897 1882 1912 1896 
8887 1896 1882 1912 1911 
8888 1882 1897 1912 1883 
8889 1898 1883 1913 1897 
8890 1897 1883 1913 1912 
8891 1883 1898 1913 1884 
8892 1899 1884 1914 1898 
8893 1898 1884 1914 1913 
8894 1884 1899 1914 1885 
8895 1900 1885 1915 1899 
8896 1899 1885 1915 1914 
8897 1885 1900 1915 1886 
8898 1901 1886 1916 1900 
8899 1900 1886 1916 1915 
8900 1886 1901 1916 1887 
8901 1902 1887 1917 1901 
8902 1901 1887 1917 1916 
8903 1887 1902 1917 1888 
8904 1903 1888 1918 1902 
8905 1902 1888 1918 1917 
8906 1888 1903 1918 1889 
8907 1904 1889 1919 1903 
8908 1903 1889 1919 1918 
8909 1889 1904 1919 1890 
8910 1905 1890 1920 1904 
8911 1904 1890 1920 1919 
8912 1890 1905 1920 1891 
8913 1906 1891 1921 1905 
8914 1905 1891 1921 1920 
8915 1891 1906 1921 1892 
8916 1907 1892 1922 1906 
8917 1906 1892 1922 1921 
8918 1892 1907 1922 969 
8919 970 969 971 1907 
8920 1907 969 971 1922 
8921 180 179 182 1548 
8922 1533 1548 1578 179 
8923 179 1548 1578 182 
8924 1548 1533 1578 1549 
8925 1534 1549 1579 1533 
8926 1533 1549 1579 1578 
8927 1549 1534 1579 1550 
8928 1535 1550 1580 1534 
8929 1534 1550 1580 1579 
8930 1550 1535 1580 1551 
8931 1536 1551 1581 1535 
8932 1535 1551 1581 1580 
8933 1551 1536 1581 1552 
8934 1537 1552 1582 1536 
8935 1536 1552 1582 1581 
8936 1552 1537 1582 1553 
8937 1538 1553 1583 1537 
8938 1537 1553 1583 1582 
8939 1553 1538 1583 1554 
8940 1539 1554 1584 1538 
8941 1538 1554 1584 1583 
8942 1554 1539 1584 1555 
8943 1540 1555 1585 1539 
8944 1539 1555 1585 1584 
8945 1555 1540 1585 1556 
8946 1541 1556 1586 1540 
8947 1540 1556 1586 1585 
8948 1556 1541 1586 1557 
8949 1542 1557 1587 1541 
8950 1541 1557 1587 1586 
8951 1557 1542 1587 1558 
8952 1543 1558 1588 1542 
8953 1542 1558 1588 1587 
8954 1558 1543 1588 1559 
8955 1544 1559 1589 1543 
8956 1543 1559 1589 1588 
8957 1559 1544 1589 1560 
8958 1545 1560 1590 1544 
8959 1544 1560 1590 1589 
8960 1560 1545 1590 1561 
8961 1546 1561 1591 1545 
8962 1545 1561 1591 1590 
8963 1561 1546 1591 1562 
8964 1547 1562 1592 1546 
8965 1546 1562 1592 1591 
8966 1562 1547 1592 947 
8967 946 947 949 1547 
8968 1547 947 949 1592 
8969 211 212 215 2073 
8970 2028 2013 2073 211 
8971 212 211 2028 2073 
8972 2013 2028 2073 2074 
8973 2029 2014 2074 2013 
8974 2028 2013 2029 2074 
8975 2014 2029 2074 2075 
8976 2030 2015 2075 2014 
8977 2029 2014 2030 2075 
8978 2015 2030 2075 2076 
8979 2031 2016 2076 2015 
8980 2030 2015 2031 2076 
8981 2016 2031 2076 2077 
8982 2032 2017 2077 2016 
8983 2031 2016 2032 2077 
8984 2017 2032 2077 2078 
8985 2033 2018 2078 2017 
8986 2032 2017 2033 2078 
8987 2018 2033 2078 2079 
8988 2034 2019 2079 2018 
8989 2033 2018 2034 2079 
8990 2019 2034 2079 2080 
8991 2035 2020 2080 2019 
8992 2034 2019 2035 2080 
8993 2020 2035 2080 2081 
8994 2036 2021 2081 2020 
8995 2035 2020 2036 2081 
8996 2021 2036 2081 2082 
8997 2037 2022 2082 2021 
8998 2036 2021 2037 2082 
8999 2022 2037 2082 2083 
9000 2038 2023 2083 2022 
9001 2037 2022 2038 2083 
9002 2023 2038 2083 2084 
9003 2039 2024 2084 2023 
9004 2038 2023 2039 2084 
9005 2024 2039 2084 2085 
9006 2040 2025 2085 2024 
9007 2039 2024 2040 2085 
9008 2025 2040 2085 2086 
9009 2041 2026 2086 2025 
9010 2040 2025 2041 2086 
9011 2026 2041 2086 2087 
9012 2042 2027 2087 2026 
9013 2041 2026 2042 2087 
9014 2027 2042 2087 982 
9015 979 978 982 2027 
9016 2042 2027 979 982 
9017 194 195 196 1788 
9018 1773 1758 1788 194 
9019 195 194 1773 1788 
9020 1758 1773 1788 1789 
9021 1774 1759 1789 1758 
9022 1773 1758 1774 1789 
9023 1759 1774 1789 1790 
9024 1775 1760 1790 1759 
9025 1774 1759 1775 1790 
9026 1760 1775 1790 1791 
9027 1776 1761 1791 1760 
9028 1775 1760 1776 1791 
9029 1761 1776 1791 1792 
9030 1777 1762 1792 1761 
9031 1776 1761 1777 1792 
9032 1762 1777 1792 1793 
9033 1778 1763 1793 1762 
9034 1777 1762 1778 1793 
9035 1763 1778 1793 1794 
9036 1779 1764 1794 1763 
9037 1778 1763 1779 1794 
9038 1764 1779 1794 1795 
9039 1780 1765 1795 1764 
9040 1779 1764 1780 1795 
9041 1765 1780 1795 1796 
9042 1781 1766 1796 1765 
9043 1780 1765 1781 1796 
9044 1766 1781 1796 1797 
9045 1782 1767 1797 1766 
9046 1781 1766 1782 1797 
9047 1767 1782 1797 1798 
9048 1783 1768 1798 1767 
9049 1782 1767 1783 1798 
9050 1768 1783 1798 1799 
9051 1784 1769 1799 1768 
9052 1783 1768 1784 1799 
9053 1769 1784 1799 1800 
9054 1785 1770 1800 1769 
9055 1784 1769 1785 1800 
9056 1770 1785 1800 1801 
9057 1786 1771 1801 1770 
9058 1785 1770 1786 1801 
9059 1771 1786 1801 1802 
9060 1787 1772 1802 1771 
9061 1786 1771 1787 1802 
9062 1772 1787 1802 963 
9063 962 961 963 1772 
9064 1787 1772 962 963 
9065 193 205 229 1743 
9066 1923 1743 2283 205 
9067 205 1743 2283 229 
9068 1743 1923 2283 1744 
9069 1924 1744 2284 1923 
9070 1923 1744 2284 2283 
9071 1744 1924 2284 1745 
9072 1925 1745 2285 1924 
9073 1924 1745 2285 2284 
9074 1745 1925 2285 1746 
9075 1926 1746 2286 1925 
9076 1925 1746 2286 2285 
9077 1746 1926 2286 1747 
9078 1927 1747 2287 1926 
9079 1926 1747 2287 2286 
9080 1747 1927 2287 1748 
9081 1928 1748 2288 1927 
9082 1927 1748 2288 2287 
9083 1748 1928 2288 1749 
9084 1929 1749 2289 1928 
9085 1928 1749 2289 2288 
9086 1749 1929 2289 1750 
9087 1930 1750 2290 1929 
9088 1929 1750 2290 2289 
9089 1750 1930 2290 1751 
9090 1931 1751 2291 1930 
9091 1930 1751 2291 2290 
9092 1751 1931 2291 1752 
9093 1932 1752 2292 1931 
9094 1931 1752 2292 2291 
9095 1752 1932 2292 1753 
9096 1933 1753 2293 1932 
9097 1932 1753 2293 2292 
9098 1753 1933 2293 1754 
9099 1934 1754 2294 1933 
9100 1933 1754 2294 2293 
9101 1754 1934 2294 1755 
9102 1935 1755 2295 1934 
9103 1934 1755 2295 2294 
9104 1755 1935 2295 1756 
9105 1936 1756 2296 1935 
9106 1935 1756 2296 2295 
9107 1756 1936 2296 1757 
9108 1937 1757 2297 1936 
9109 1936 1757 2297 2296 
9110 1757 1937 2297 960 
9111 972 960 996 1937 
9112 1937 960 996 2297 
9113 200 202 273 2943 
9114 1878 1848 2943 202 
9115 202 1848 2943 200 
9116 1848 1878 2943 2944 
9117 1879 1849 2944 1878 
9118 1878 1849 2944 1848 
9119 1849 1879 2944 2945 
9120 1880 1850 2945 1879 
9121 1879 1850 2945 1849 
9122 1850 1880 2945 2946 
9123 1881 1851 2946 1880 
9124 1880 1851 2946 1850 
9125 1851 1881 2946 2947 
9126 1882 1852 2947 1881 
9127 1881 1852 2947 1851 
9128 1852 1882 2947 2948 
9129 1883 1853 2948 1882 
9130 1882 1853 2948 1852 
9131 1853 1883 2948 2949 
9132 1884 1854 2949 1883 
9133 1883 1854 2949 1853 
9134 1854 1884 2949 2950 
9135 1885 1855 2950 1884 
9136 1884 1855 2950 1854 
9137 1855 1885 2950 2951 
9138 1886 1856 2951 1885 
9139 1885 1856 2951 1855 
9140 1856 1886 2951 2952 
9141 1887 1857 2952 1886 
9142 1886 1857 2952 1856 
9143 1857 1887 2952 2953 
9144 1888 1858 2953 1887 
9145 1887 1858 2953 1857 
9146 1858 1888 2953 2954 
9147 1889 1859 2954 1888 
9148 1888 1859 2954 1858 
9149 1859 1889 2954 2955 
9150 1890 1860 2955 1889 
9151 1889 1860 2955 1859 
9152 1860 1890 2955 2956 
9153 1891 1861 2956 1890 
9154 1890 1861 2956 1860 
9155 1861 1891 2956 2957 
9156 1892 1862 2957 1891 
9157 1891 1862 2957 1861 
9158 1862 1892 2957 1040 
9159 969 967 1040 1892 
9160 1892 967 1040 1862 
9161 178 180 181 1518 
9162 1548 1518 1563 180 
9163 180 1518 1563 181 
9164 1518 1548 1563 1519 
9165 1549 1519 1564 1548 
9166 1548 1519 1564 1563 
9167 1519 1549 1564 1520 
9168 1550 1520 1565 1549 
9169 1549 1520 1565 1564 
9170 1520 1550 1565 1521 
9171 1551 1521 1566 1550 
9172 1550 1521 1566 1565 
9173 1521 1551 1566 1522 
9174 1552 1522 1567 1551 
9175 1551 1522 1567 1566 
9176 1522 1552 1567 1523 
9177 1553 1523 1568 1552 
9178 1552 1523 1568 1567 
9179 1523 1553 1568 1524 
9180 1554 1524 1569 1553 
9181 1553 1524 1569 1568 
9182 1524 1554 1569 1525 
9183 1555 1525 1570 1554 
9184 1554 1525 1570 1569 
9185 1525 1555 1570 1526 
9186 1556 1526 1571 1555 
9187 1555 1526 1571 1570 
9188 1526 1556 1571 1527 
9189 1557 1527 1572 1556 
9190 1556 1527 1572 1571 
9191 1527 1557 1572 1528 
9192 1558 1528 1573 1557 
9193 1557 1528 1573 1572 
9194 1528 1558 1573 1529 
9195 1559 1529 1574 1558 
9196 1558 1529 1574 1573 
9197 1529 1559 1574 1530 
9198 1560 1530 1575 1559 
9199 1559 1530 1575 1574 
9200 1530 1560 1575 1531 
9201 1561 1531 1576 1560 
9202 1560 1531 1576 1575 
9203 1531 1561 1576 1532 
9204 1562 1532 1577 1561 
9205 1561 1532 1577 1576 
9206 1532 1562 1577 945 
9207 947 945 948 1562 
9208 1562 945 948 1577 
9209 203 201 256 2688 
9210 1863 1893 2688 201 
9211 201 1893 2688 203 
9212 1893 1863 2688 2689 
9213 1864 1894 2689 1863 
9214 1863 1894 2689 1893 
9215 1894 1864 2689 2690 
9216 1865 1895 2690 1864 
9217 1864 1895 2690 1894 
9218 1895 1865 2690 2691 
9219 1866 1896 2691 1865 
9220 1865 1896 2691 1895 
9221 1896 1866 2691 2692 
9222 1867 1897 2692 1866 
9223 1866 1897 2692 1896 
9224 1897 1867 2692 2693 
9225 1868 1898 2693 1867 
9226 1867 1898 2693 1897 
9227 1898 1868 2693 2694 
9228 1869 1899 2694 1868 
9229 1868 1899 2694 1898 
9230 1899 1869 2694 2695 
9231 1870 1900 2695 1869 
9232 1869 1900 2695 1899 
9233 1900 1870 2695 2696 
9234 1871 1901 2696 1870 
9235 1870 1901 2696 1900 
9236 1901 1871 2696 2697 
9237 1872 1902 2697 1871 
9238 1871 1902 2697 1901 
9239 1902 1872 2697 2698 
9240 1873 1903 2698 1872 
9241 1872 1903 2698 1902 
9242 1903 1873 2698 2699 
9243 1874 1904 2699 1873 
9244 1873 1904 2699 1903 
9245 1904 1874 2699 2700 
9246 1875 1905 2700 1874 
9247 1874 1905 2700 1904 
9248 1905 1875 2700 2701 
9249 1876 1906 2701 1875 
9250 1875 1906 2701 1905 
9251 1906 1876 2701 2702 
9252 1877 1907 2702 1876 
9253 1876 1907 2702 1906 
9254 1907 1877 2702 1023 
9255 968 970 1023 1877 
9256 1877 970 1023 1907 
9257 216 231 232 2328 
9258 2313 2088 2328 216 
9259 231 216 2313 2328 
9260 2088 2313 2328 2329 
9261 2314 2089 2329 2088 
9262 2313 2088 2314 2329 
9263 2089 2314 2329 2330 
9264 2315 2090 2330 2089 
9265 2314 2089 2315 2330 
9266 2090 2315 2330 2331 
9267 2316 2091 2331 2090 
9268 2315 2090 2316 2331 
9269 2091 2316 2331 2332 
9270 2317 2092 2332 2091 
9271 2316 2091 2317 2332 
9272 2092 2317 2332 2333 
9273 2318 2093 2333 2092 
9274 2317 2092 2318 2333 
9275 2093 2318 2333 2334 
9276 2319 2094 2334 2093 
9277 2318 2093 2319 2334 
9278 2094 2319 2334 2335 
9279 2320 2095 2335 2094 
9280 2319 2094 2320 2335 
9281 2095 2320 2335 2336 
9282 2321 2096 2336 2095 
9283 2320 2095 2321 2336 
9284 2096 2321 2336 2337 
9285 2322 2097 2337 2096 
9286 2321 2096 2322 2337 
9287 2097 2322 2337 2338 
9288 2323 2098 2338 2097 
9289 2322 2097 2323 2338 
9290 2098 2323 2338 2339 
9291 2324 2099 2339 2098 
9292 2323 2098 2324 2339 
9293 2099 2324 2339 2340 
9294 2325 2100 2340 2099 
9295 2324 2099 2325 2340 
9296 2100 2325 2340 2341 
9297 2326 2101 2341 2100 
9298 2325 2100 2326 2341 
9299 2101 2326 2341 2342 
9300 2327 2102 2342 2101 
9301 2326 2101 2327 2342 
9302 2102 2327 2342 999 
9303 998 983 999 2102 
9304 2327 2102 998 999 
9305 213 203 256 2688 
9306 1893 2043 2688 203 
9307 203 2043 2688 213 
9308 2043 1893 2688 2689 
9309 1894 2044 2689 1893 
9310 1893 2044 2689 2043 
9311 2044 1894 2689 2690 
9312 1895 2045 2690 1894 
9313 1894 2045 2690 2044 
9314 2045 1895 2690 2691 
9315 1896 2046 2691 1895 
9316 1895 2046 2691 2045 
9317 2046 1896 2691 2692 
9318 1897 2047 2692 1896 
9319 1896 2047 2692 2046 
9320 2047 1897 2692 2693 
9321 1898 2048 2693 1897 
9322 1897 2048 2693 2047 
9323 2048 1898 2693 2694 
9324 1899 2049 2694 1898 
9325 1898 2049 2694 2048 
9326 2049 1899 2694 2695 
9327 1900 2050 2695 1899 
9328 1899 2050 2695 2049 
9329 2050 1900 2695 2696 
9330 1901 2051 2696 1900 
9331 1900 2051 2696 2050 
9332 2051 1901 2696 2697 
9333 1902 2052 2697 1901 
9334 1901 2052 2697 2051 
9335 2052 1902 2697 2698 
9336 1903 2053 2698 1902 
9337 1902 2053 2698 2052 
9338 2053 1903 2698 2699 
9339 1904 2054 2699 1903 
9340 1903 2054 2699 2053 
9341 2054 1904 2699 2700 
9342 1905 2055 2700 1904 
9343 1904 2055 2700 2054 
9344 2055 1905 2700 2701 
9345 1906 2056 2701 1905 
9346 1905 2056 2701 2055 
9347 2056 1906 2701 2702 
9348 1907 2057 2702 1906 
9349 1906 2057 2702 2056 
9350 2057 1907 2702 1023 
9351 970 980 1023 1907 
9352 1907 980 1023 2057 
9353 207 259 260 1953 
9354 2733 1953 2748 259 
9355 259 1953 2748 260 
9356 1953 2733 2748 1954 
9357 2734 1954 2749 2733 
9358 2733 1954 2749 2748 
9359 1954 2734 2749 1955 
9360 2735 1955 2750 2734 
9361 2734 1955 2750 2749 
9362 1955 2735 2750 1956 
9363 2736 1956 2751 2735 
9364 2735 1956 2751 2750 
9365 1956 2736 2751 1957 
9366 2737 1957 2752 2736 
9367 2736 1957 2752 2751 
9368 1957 2737 2752 1958 
9369 2738 1958 2753 2737 
9370 2737 1958 2753 2752 
9371 1958 2738 2753 1959 
9372 2739 1959 2754 2738 
9373 2738 1959 2754 2753 
9374 1959 2739 2754 1960 
9375 2740 1960 2755 2739 
9376 2739 1960 2755 2754 
9377 1960 2740 2755 1961 
9378 2741 1961 2756 2740 
9379 2740 1961 2756 2755 
9380 1961 2741 2756 1962 
9381 2742 1962 2757 2741 
9382 2741 1962 2757 2756 
9383 1962 2742 2757 1963 
9384 2743 1963 2758 2742 
9385 2742 1963 2758 2757 
9386 1963 2743 2758 1964 
9387 2744 1964 2759 2743 
9388 2743 1964 2759 2758 
9389 1964 2744 2759 1965 
9390 2745 1965 2760 2744 
9391 2744 1965 2760 2759 
9392 1965 2745 2760 1966 
9393 2746 1966 2761 2745 
9394 2745 1966 2761 2760 
9395 1966 2746 2761 1967 
9396 2747 1967 2762 2746 
9397 2746 1967 2762 2761 
9398 1967 2747 2762 974 
9399 1026 974 1027 2747 
9400 2747 974 1027 2762 
9401 224 223 225 2208 
9402 2193 2208 2223 223 
9403 223 2208 2223 225 
9404 2208 2193 2223 2209 
9405 2194 2209 2224 2193 
9406 2193 2209 2224 2223 
9407 2209 2194 2224 2210 
9408 2195 2210 2225 2194 
9409 2194 2210 2225 2224 
9410 2210 2195 2225 2211 
9411 2196 2211 2226 2195 
9412 2195 2211 2226 2225 
9413 2211 2196 2226 2212 
9414 2197 2212 2227 2196 
9415 2196 2212 2227 2226 
9416 2212 2197 2227 2213 
9417 2198 2213 2228 2197 
9418 2197 2213 2228 2227 
9419 2213 2198 2228 2214 
9420 2199 2214 2229 2198 
9421 2198 2214 2229 2228 
9422 2214 2199 2229 2215 
9423 2200 2215 2230 2199 
9424 2199 2215 2230 2229 
9425 2215 2200 2230 2216 
9426 2201 2216 2231 2200 
9427 2200 2216 2231 2230 
9428 2216 2201 2231 2217 
9429 2202 2217 2232 2201 
9430 2201 2217 2232 2231 
9431 2217 2202 2232 2218 
9432 2203 2218 2233 2202 
9433 2202 2218 2233 2232 
9434 2218 2203 2233 2219 
9435 2204 2219 2234 2203 
9436 2203 2219 2234 2233 
9437 2219 2204 2234 2220 
9438 2205 2220 2235 2204 
9439 2204 2220 2235 2234 
9440 2220 2205 2235 2221 
9441 2206 2221 2236 2205 
9442 2205 2221 2236 2235 
9443 2221 2206 2236 2222 
9444 2207 2222 2237 2206 
9445 2206 2222 2237 2236 
9446 2222 2207 2237 991 
9447 990 991 992 2207 
9448 2207 991 992 2237 
9449 228 192 252 2268 
9450 1728 2268 2628 192 
9451 192 2268 2628 252 
9452 2268 1728 2628 2269 
9453 1729 2269 2629 1728 
9454 1728 2269 2629 2628 
9455 2269 1729 2629 2270 
9456 1730 2270 2630 1729 
9457 1729 2270 2630 2629 
9458 2270 1730 2630 2271 
9459 1731 2271 2631 1730 
9460 1730 2271 2631 2630 
9461 2271 1731 2631 2272 
9462 1732 2272 2632 1731 
9463 1731 2272 2632 2631 
9464 2272 1732 2632 2273 
9465 1733 2273 2633 1732 
9466 1732 2273 2633 2632 
9467 2273 1733 2633 2274 
9468 1734 2274 2634 1733 
9469 1733 2274 2634 2633 
9470 2274 1734 2634 2275 
9471 1735 2275 2635 1734 
9472 1734 2275 2635 2634 
9473 2275 1735 2635 2276 
9474 1736 2276 2636 1735 
9475 1735 2276 2636 2635 
9476 2276 1736 2636 2277 
9477 1737 2277 2637 1736 
9478 1736 2277 2637 2636 
9479 2277 1737 2637 2278 
9480 1738 2278 2638 1737 
9481 1737 2278 2638 2637 
9482 2278 1738 2638 2279 
9483 1739 2279 2639 1738 
9484 1738 2279 2639 2638 
9485 2279 1739 2639 2280 
9486 1740 2280 2640 1739 
9487 1739 2280 2640 2639 
9488 2280 1740 2640 2281 
9489 1741 2281 2641 1740 
9490 1740 2281 2641 2640 
9491 2281 1741 2641 2282 
9492 1742 2282 2642 1741 
9493 1741 2282 2642 2641 
9494 2282 1742 2642 995 
9495 959 995 1019 1742 
9496 1742 995 1019 2642 
9497 232 231 234 2328 
9498 2313 2328 2358 231 
9499 231 2328 2358 234 
9500 2328 2313 2358 2329 
9501 2314 2329 2359 2313 
9502 2313 2329 2359 2358 
9503 2329 2314 2359 2330 
9504 2315 2330 2360 2314 
9505 2314 2330 2360 2359 
9506 2330 2315 2360 2331 
9507 2316 2331 2361 2315 
9508 2315 2331 2361 2360 
9509 2331 2316 2361 2332 
9510 2317 2332 2362 2316 
9511 2316 2332 2362 2361 
9512 2332 2317 2362 2333 
9513 2318 2333 2363 2317 
9514 2317 2333 2363 2362 
9515 2333 2318 2363 2334 
9516 2319 2334 2364 2318 
9517 2318 2334 2364 2363 
9518 2334 2319 2364 2335 
9519 2320 2335 2365 2319 
9520 2319 2335 2365 2364 
9521 2335 2320 2365 2336 
9522 2321 2336 2366 2320 
9523 2320 2336 2366 2365 
9524 2336 2321 2366 2337 
9525 2322 2337 2367 2321 
9526 2321 2337 2367 2366 
9527 2337 2322 2367 2338 
9528 2323 2338 2368 2322 
9529 2322 2338 2368 2367 
9530 2338 2323 2368 2339 
9531 2324 2339 2369 2323 
9532 2323 2339 2369 2368 
9533 2339 2324 2369 2340 
9534 2325 2340 2370 2324 
9535 2324 2340 2370 2369 
9536 2340 2325 2370 2341 
9537 2326 2341 2371 2325 
9538 2325 2341 2371 2370 
9539 2341 2326 2371 2342 
9540 2327 2342 2372 2326 
9541 2326 2342 2372 2371 
9542 2342 2327 2372 999 
9543 998 999 1001 2327 
9544 2327 999 1001 2372 
9545 197 195 264 2808 
9546 1773 1803 2808 195 
9547 195 1803 2808 197 
9548 1803 1773 2808 2809 
9549 1774 1804 2809 1773 
9550 1773 1804 2809 1803 
9551 1804 1774 2809 2810 
9552 1775 1805 2810 1774 
9553 1774 1805 2810 1804 
9554 1805 1775 2810 2811 
9555 1776 1806 2811 1775 
9556 1775 1806 2811 1805 
9557 1806 1776 2811 2812 
9558 1777 1807 2812 1776 
9559 1776 1807 2812 1806 
9560 1807 1777 2812 2813 
9561 1778 1808 2813 1777 
9562 1777 1808 2813 1807 
9563 1808 1778 2813 2814 
9564 1779 1809 2814 1778 
9565 1778 1809 2814 1808 
9566 1809 1779 2814 2815 
9567 1780 1810 2815 1779 
9568 1779 1810 2815 1809 
9569 1810 1780 2815 2816 
9570 1781 1811 2816 1780 
9571 1780 1811 2816 1810 
9572 1811 1781 2816 2817 
9573 1782 1812 2817 1781 
9574 1781 1812 2817 1811 
9575 1812 1782 2817 2818 
9576 1783 1813 2818 1782 
9577 1782 1813 2818 1812 
9578 1813 1783 2818 2819 
9579 1784 1814 2819 1783 
9580 1783 1814 2819 1813 
9581 1814 1784 2819 2820 
9582 1785 1815 2820 1784 
9583 1784 1815 2820 1814 
9584 1815 1785 2820 2821 
9585 1786 1816 2821 1785 
9586 1785 1816 2821 1815 
9587 1816 1786 2821 2822 
9588 1787 1817 2822 1786 
9589 1786 1817 2822 1816 
9590 1817 1787 2822 1031 
9591 962 964 1031 1787 
9592 1787 964 1031 1817 
9593 180 182 183 1548 
9594 1578 1548 1593 182 
9595 182 1548 1593 183 
9596 1548 1578 1593 1549 
9597 1579 1549 1594 1578 
9598 1578 1549 1594 1593 
9599 1549 1579 1594 1550 
9600 1580 1550 1595 1579 
9601 1579 1550 1595 1594 
9602 1550 1580 1595 1551 
9603 1581 1551 1596 1580 
9604 1580 1551 1596 1595 
9605 1551 1581 1596 1552 
9606 1582 1552 1597 1581 
9607 1581 1552 1597 1596 
9608 1552 1582 1597 1553 
9609 1583 1553 1598 1582 
9610 1582 1553 1598 1597 
9611 1553 1583 1598 1554 
9612 1584 1554 1599 1583 
9613 1583 1554 1599 1598 
9614 1554 1584 1599 1555 
9615 1585 1555 1600 1584 
9616 1584 1555 1600 1599 
9617 1555 1585 1600 1556 
9618 1586 1556 1601 1585 
9619 1585 1556 1601 1600 
9620 1556 1586 1601 1557 
9621 1587 1557 1602 1586 
9622 1586 1557 1602 1601 
9623 1557 1587 1602 1558 
9624 1588 1558 1603 1587 
9625 1587 1558 1603 1602 
9626 1558 1588 1603 1559 
9627 1589 1559 1604 1588 
9628 1588 1559 1604 1603 
9629 1559 1589 1604 1560 
9630 1590 1560 1605 1589 
9631 1589 1560 1605 1604 
9632 1560 1590 1605 1561 
9633 1591 1561 1606 1590 
9634 1590 1561 1606 1605 
9635 1561 1591 1606 1562 
9636 1592 1562 1607 1591 
9637 1591 1562 1607 1606 
9638 1562 1592 1607 947 
9639 949 947 950 1592 
9640 1592 947 950 1607 
9641 17 18 151 1113 
9642 451 436 1113 17 
9643 18 17 451 1113 
9644 436 451 1113 1114 
9645 452 437 1114 436 
9646 451 436 452 1114 
9647 437 452 1114 1115 
9648 453 438 1115 437 
9649 452 437 453 1115 
9650 438 453 1115 1116 
9651 454 439 1116 438 
9652 453 438 454 1116 
9653 439 454 1116 1117 
9654 455 440 1117 439 
9655 454 439 455 1117 
9656 440 455 1117 1118 
9657 456 441 1118 440 
9658 455 440 456 1118 
9659 441 456 1118 1119 
9660 457 442 1119 441 
9661 456 441 457 1119 
9662 442 457 1119 1120 
9663 458 443 1120 442 
9664 457 442 458 1120 
9665 443 458 1120 1121 
9666 459 444 1121 443 
9667 458 443 459 1121 
9668 444 459 1121 1122 
9669 460 445 1122 444 
9670 459 444 460 1122 
9671 445 460 1122 1123 
9672 461 446 1123 445 
9673 460 445 461 1123 
9674 446 461 1123 1124 
9675 462 447 1124 446 
9676 461 446 462 1124 
9677 447 462 1124 1125 
9678 463 448 1125 447 
9679 462 447 463 1125 
9680 448 463 1125 1126 
9681 464 449 1126 448 
9682 463 448 464 1126 
9683 449 464 1126 1127 
9684 465 450 1127 449 
9685 464 449 465 1127 
9686 450 465 1127 918 
9687 49 50 918 450 
9688 465 450 49 918 
9689 183 187 255 2673 
9690 1653 1593 2673 187 
9691 187 1593 2673 183 
9692 1593 1653 2673 2674 
9693 1654 1594 2674 1653 
9694 1653 1594 2674 1593 
9695 1594 1654 2674 2675 
9696 1655 1595 2675 1654 
9697 1654 1595 2675 1594 
9698 1595 1655 2675 2676 
9699 1656 1596 2676 1655 
9700 1655 1596 2676 1595 
9701 1596 1656 2676 2677 
9702 1657 1597 2677 1656 
9703 1656 1597 2677 1596 
9704 1597 1657 2677 2678 
9705 1658 1598 2678 1657 
9706 1657 1598 2678 1597 
9707 1598 1658 2678 2679 
9708 1659 1599 2679 1658 
9709 1658 1599 2679 1598 
9710 1599 1659 2679 2680 
9711 1660 1600 2680 1659 
9712 1659 1600 2680 1599 
9713 1600 1660 2680 2681 
9714 1661 1601 2681 1660 
9715 1660 1601 2681 1600 
9716 1601 1661 2681 2682 
9717 1662 1602 2682 1661 
9718 1661 1602 2682 1601 
9719 1602 1662 2682 2683 
9720 1663 1603 2683 1662 
9721 1662 1603 2683 1602 
9722 1603 1663 2683 2684 
9723 1664 1604 2684 1663 
9724 1663 1604 2684 1603 
9725 1604 1664 2684 2685 
9726 1665 1605 2685 1664 
9727 1664 1605 2685 1604 
9728 1605 1665 2685 2686 
9729 1666 1606 2686 1665 
9730 1665 1606 2686 1605 
9731 1606 1666 2686 2687 
9732 1667 1607 2687 1666 
9733 1666 1607 2687 1606 
9734 1607 1667 2687 1022 
9735 954 950 1022 1667 
9736 1667 950 1022 1607 
9737 27 28 150 1098 
9738 601 586 1098 27 
9739 28 27 601 1098 
9740 586 601 1098 1099 
9741 602 587 1099 586 
9742 601 586 602 1099 
9743 587 602 1099 1100 
9744 603 588 1100 587 
9745 602 587 603 1100 
9746 588 603 1100 1101 
9747 604 589 1101 588 
9748 603 588 604 1101 
9749 589 604 1101 1102 
9750 605 590 1102 589 
9751 604 589 605 1102 
9752 590 605 1102 1103 
9753 606 591 1103 590 
9754 605 590 606 1103 
9755 591 606 1103 1104 
9756 607 592 1104 591 
9757 606 591 607 1104 
9758 592 607 1104 1105 
9759 608 593 1105 592 
9760 607 592 608 1105 
9761 593 608 1105 1106 
9762 609 594 1106 593 
9763 608 593 609 1106 
9764 594 609 1106 1107 
9765 610 595 1107 594 
9766 609 594 610 1107 
9767 595 610 1107 1108 
9768 611 596 1108 595 
9769 610 595 611 1108 
9770 596 611 1108 1109 
9771 612 597 1109 596 
9772 611 596 612 1109 
9773 597 612 1109 1110 
9774 613 598 1110 597 
9775 612 597 613 1110 
9776 598 613 1110 1111 
9777 614 599 1111 598 
9778 613 598 614 1111 
9779 599 614 1111 1112 
9780 615 600 1112 599 
9781 614 599 615 1112 
9782 600 615 1112 917 
9783 89 90 917 600 
9784 615 600 89 917 
9785 37 38 152 1128 
9786 751 736 1128 37 
9787 38 37 751 1128 
9788 736 751 1128 1129 
9789 752 737 1129 736 
9790 751 736 752 1129 
9791 737 752 1129 1130 
9792 753 738 1130 737 
9793 752 737 753 1130 
9794 738 753 1130 1131 
9795 754 739 1131 738 
9796 753 738 754 1131 
9797 739 754 1131 1132 
9798 755 740 1132 739 
9799 754 739 755 1132 
9800 740 755 1132 1133 
9801 756 741 1133 740 
9802 755 740 756 1133 
9803 741 756 1133 1134 
9804 757 742 1134 741 
9805 756 741 757 1134 
9806 742 757 1134 1135 
9807 758 743 1135 742 
9808 757 742 758 1135 
9809 743 758 1135 1136 
9810 759 744 1136 743 
9811 758 743 759 1136 
9812 744 759 1136 1137 
9813 760 745 1137 744 
9814 759 744 760 1137 
9815 745 760 1137 1138 
9816 761 746 1138 745 
9817 760 745 761 1138 
9818 746 761 1138 1139 
9819 762 747 1139 746 
9820 761 746 762 1139 
9821 747 762 1139 1140 
9822 763 748 1140 747 
9823 762 747 763 1140 
9824 748 763 1140 1141 
9825 764 749 1141 748 
9826 763 748 764 1141 
9827 749 764 1141 1142 
9828 765 750 1142 749 
9829 764 749 765 1142 
9830 750 765 1142 919 
9831 114 115 919 750 
9832 765 750 114 919 
9833 199 269 272 2928 
9834 2883 1833 2928 269 
9835 269 1833 2928 199 
9836 1833 2883 2928 2929 
9837 2884 1834 2929 2883 
9838 2883 1834 2929 1833 
9839 1834 2884 2929 2930 
9840 2885 1835 2930 2884 
9841 2884 1835 2930 1834 
9842 1835 2885 2930 2931 
9843 2886 1836 2931 2885 
9844 2885 1836 2931 1835 
9845 1836 2886 2931 2932 
9846 2887 1837 2932 2886 
9847 2886 1837 2932 1836 
9848 1837 2887 2932 2933 
9849 2888 1838 2933 2887 
9850 2887 1838 2933 1837 
9851 1838 2888 2933 2934 
9852 2889 1839 2934 2888 
9853 2888 1839 2934 1838 
9854 1839 2889 2934 2935 
9855 2890 1840 2935 2889 
9856 2889 1840 2935 1839 
9857 1840 2890 2935 2936 
9858 2891 1841 2936 2890 
9859 2890 1841 2936 1840 
9860 1841 2891 2936 2937 
9861 2892 1842 2937 2891 
9862 2891 1842 2937 1841 
9863 1842 2892 2937 2938 
9864 2893 1843 2938 2892 
9865 2892 1843 2938 1842 
9866 1843 2893 2938 2939 
9867 2894 1844 2939 2893 
9868 2893 1844 2939 1843 
9869 1844 2894 2939 2940 
9870 2895 1845 2940 2894 
9871 2894 1845 2940 1844 
9872 1845 2895 2940 2941 
9873 2896 1846 2941 2895 
9874 2895 1846 2941 1845 
9875 1846 2896 2941 2942 
9876 2897 1847 2942 2896 
9877 2896 1847 2942 1846 
9878 1847 2897 2942 1039 
9879 1036 966 1039 2897 
9880 2897 966 1039 1847 
9881 187 194 255 2673 
9882 1758 1653 2673 187 
9883 194 187 1758 2673 
9884 1653 1758 2673 2674 
9885 1759 1654 2674 1653 
9886 1758 1653 1759 2674 
9887 1654 1759 2674 2675 
9888 1760 1655 2675 1654 
9889 1759 1654 1760 2675 
9890 1655 1760 2675 2676 
9891 1761 1656 2676 1655 
9892 1760 1655 1761 2676 
9893 1656 1761 2676 2677 
9894 1762 1657 2677 1656 
9895 1761 1656 1762 2677 
9896 1657 1762 2677 2678 
9897 1763 1658 2678 1657 
9898 1762 1657 1763 2678 
9899 1658 1763 2678 2679 
9900 1764 1659 2679 1658 
9901 1763 1658 1764 2679 
9902 1659 1764 2679 2680 
9903 1765 1660 2680 1659 
9904 1764 1659 1765 2680 
9905 1660 1765 2680 2681 
9906 1766 1661 2681 1660 
9907 1765 1660 1766 2681 
9908 1661 1766 2681 2682 
9909 1767 1662 2682 1661 
9910 1766 1661 1767 2682 
9911 1662 1767 2682 2683 
9912 1768 1663 2683 1662 
9913 1767 1662 1768 2683 
9914 1663 1768 2683 2684 
9915 1769 1664 2684 1663 
9916 1768 1663 1769 2684 
9917 1664 1769 2684 2685 
9918 1770 1665 2685 1664 
9919 1769 1664 1770 2685 
9920 1665 1770 2685 2686 
9921 1771 1666 2686 1665 
9922 1770 1665 1771 2686 
9923 1666 1771 2686 2687 
9924 1772 1667 2687 1666 
9925 1771 1666 1772 2687 
9926 1667 1772 2687 1022 
9927 961 954 1022 1667 
9928 1772 1667 961 1022 
9929 204 203 209 1908 
9930 1893 1908 1983 203 
9931 203 1908 1983 209 
9932 1908 1893 1983 1909 
9933 1894 1909 1984 1893 
9934 1893 1909 1984 1983 
9935 1909 1894 1984 1910 
9936 1895 1910 1985 1894 
9937 1894 1910 1985 1984 
9938 1910 1895 1985 1911 
9939 1896 1911 1986 1895 
9940 1895 1911 1986 1985 
9941 1911 1896 1986 1912 
9942 1897 1912 1987 1896 
9943 1896 1912 1987 1986 
9944 1912 1897 1987 1913 
9945 1898 1913 1988 1897 
9946 1897 1913 1988 1987 
9947 1913 1898 1988 1914 
9948 1899 1914 1989 1898 
9949 1898 1914 1989 1988 
9950 1914 1899 1989 1915 
9951 1900 1915 1990 1899 
9952 1899 1915 1990 1989 
9953 1915 1900 1990 1916 
9954 1901 1916 1991 1900 
9955 1900 1916 1991 1990 
9956 1916 1901 1991 1917 
9957 1902 1917 1992 1901 
9958 1901 1917 1992 1991 
9959 1917 1902 1992 1918 
9960 1903 1918 1993 1902 
9961 1902 1918 1993 1992 
9962 1918 1903 1993 1919 
9963 1904 1919 1994 1903 
9964 1903 1919 1994 1993 
9965 1919 1904 1994 1920 
9966 1905 1920 1995 1904 
9967 1904 1920 1995 1994 
9968 1920 1905 1995 1921 
9969 1906 1921 1996 1905 
9970 1905 1921 1996 1995 
9971 1921 1906 1996 1922 
9972 1907 1922 1997 1906 
9973 1906 1922 1997 1996 
9974 1922 1907 1997 971 
9975 970 971 976 1907 
9976 1907 971 976 1997 
9977 206 199 272 2928 
9978 1833 1938 2928 199 
9979 199 1938 2928 206 
9980 1938 1833 2928 2929 
9981 1834 1939 2929 1833 
9982 1833 1939 2929 1938 
9983 1939 1834 2929 2930 
9984 1835 1940 2930 1834 
9985 1834 1940 2930 1939 
9986 1940 1835 2930 2931 
9987 1836 1941 2931 1835 
9988 1835 1941 2931 1940 
9989 1941 1836 2931 2932 
9990 1837 1942 2932 1836 
9991 1836 1942 2932 1941 
9992 1942 1837 2932 2933 
9993 1838 1943 2933 1837 
9994 1837 1943 2933 1942 
9995 1943 1838 2933 2934 
9996 1839 1944 2934 1838 
9997 1838 1944 2934 1943 
9998 1944 1839 2934 2935 
9999 1840 1945 2935 1839 
10000 1839 1945 2935 1944 
10001 1945 1840 2935 2936 
10002 1841 1946 2936 1840 
10003 1840 1946 2936 1945 
10004 1946 1841 2936 2937 
10005 1842 1947 2937 1841 
10006 1841 1947 2937 1946 
10007 1947 1842 2937 2938 
10008 1843 1948 2938 1842 
10009 1842 1948 2938 1947 
10010 1948 1843 2938 2939 
10011 1844 1949 2939 1843 
10012 1843 1949 2939 1948 
10013 1949 1844 2939 2940 
10014 1845 1950 2940 1844 
10015 1844 1950 2940 1949 
10016 1950 1845 2940 2941 
10017 1846 1951 2941 1845 
10018 1845 1951 2941 1950 
10019 1951 1846 2941 2942 
10020 1847 1952 2942 1846 
10021 1846 1952 2942 1951 
10022 1952 1847 2942 1039 
10023 966 973 1039 1847 
10024 1847 973 1039 1952 
10025 189 188 257 2703 
10026 1668 1683 2703 188 
10027 188 1683 2703 189 
10028 1683 1668 2703 2704 
10029 1669 1684 2704 1668 
10030 1668 1684 2704 1683 
10031 1684 1669 2704 2705 
10032 1670 1685 2705 1669 
10033 1669 1685 2705 1684 
10034 1685 1670 2705 2706 
10035 1671 1686 2706 1670 
10036 1670 1686 2706 1685 
10037 1686 1671 2706 2707 
10038 1672 1687 2707 1671 
10039 1671 1687 2707 1686 
10040 1687 1672 2707 2708 
10041 1673 1688 2708 1672 
10042 1672 1688 2708 1687 
10043 1688 1673 2708 2709 
10044 1674 1689 2709 1673 
10045 1673 1689 2709 1688 
10046 1689 1674 2709 2710 
10047 1675 1690 2710 1674 
10048 1674 1690 2710 1689 
10049 1690 1675 2710 2711 
10050 1676 1691 2711 1675 
10051 1675 1691 2711 1690 
10052 1691 1676 2711 2712 
10053 1677 1692 2712 1676 
10054 1676 1692 2712 1691 
10055 1692 1677 2712 2713 
10056 1678 1693 2713 1677 
10057 1677 1693 2713 1692 
10058 1693 1678 2713 2714 
10059 1679 1694 2714 1678 
10060 1678 1694 2714 1693 
10061 1694 1679 2714 2715 
10062 1680 1695 2715 1679 
10063 1679 1695 2715 1694 
10064 1695 1680 2715 2716 
10065 1681 1696 2716 1680 
10066 1680 1696 2716 1695 
10067 1696 1681 2716 2717 
10068 1682 1697 2717 1681 
10069 1681 1697 2717 1696 
10070 1697 1682 2717 1024 
10071 955 956 1024 1682 
10072 1682 956 1024 1697 
10073 183 186 187 1593 
10074 1638 1593 1653 186 
10075 186 1593 1653 187 
10076 1593 1638 1653 1594 
10077 1639 1594 1654 1638 
10078 1638 1594 1654 1653 
10079 1594 1639 1654 1595 
10080 1640 1595 1655 1639 
10081 1639 1595 1655 1654 
10082 1595 1640 1655 1596 
10083 1641 1596 1656 1640 
10084 1640 1596 1656 1655 
10085 1596 1641 1656 1597 
10086 1642 1597 1657 1641 
10087 1641 1597 1657 1656 
10088 1597 1642 1657 1598 
10089 1643 1598 1658 1642 
10090 1642 1598 1658 1657 
10091 1598 1643 1658 1599 
10092 1644 1599 1659 1643 
10093 1643 1599 1659 1658 
10094 1599 1644 1659 1600 
10095 1645 1600 1660 1644 
10096 1644 1600 1660 1659 
10097 1600 1645 1660 1601 
10098 1646 1601 1661 1645 
10099 1645 1601 1661 1660 
10100 1601 1646 1661 1602 
10101 1647 1602 1662 1646 
10102 1646 1602 1662 1661 
10103 1602 1647 1662 1603 
10104 1648 1603 1663 1647 
10105 1647 1603 1663 1662 
10106 1603 1648 1663 1604 
10107 1649 1604 1664 1648 
10108 1648 1604 1664 1663 
10109 1604 1649 1664 1605 
10110 1650 1605 1665 1649 
10111 1649 1605 1665 1664 
10112 1605 1650 1665 1606 
10113 1651 1606 1666 1650 
10114 1650 1606 1666 1665 
10115 1606 1651 1666 1607 
10116 1652 1607 1667 1651 
10117 1651 1607 1667 1666 
10118 1607 1652 1667 950 
10119 953 950 954 1652 
10120 1652 950 954 1667 
10121 182 184 269 2883 
10122 1608 1578 2883 182 
10123 184 182 1608 2883 
10124 1578 1608 2883 2884 
10125 1609 1579 2884 1578 
10126 1608 1578 1609 2884 
10127 1579 1609 2884 2885 
10128 1610 1580 2885 1579 
10129 1609 1579 1610 2885 
10130 1580 1610 2885 2886 
10131 1611 1581 2886 1580 
10132 1610 1580 1611 2886 
10133 1581 1611 2886 2887 
10134 1612 1582 2887 1581 
10135 1611 1581 1612 2887 
10136 1582 1612 2887 2888 
10137 1613 1583 2888 1582 
10138 1612 1582 1613 2888 
10139 1583 1613 2888 2889 
10140 1614 1584 2889 1583 
10141 1613 1583 1614 2889 
10142 1584 1614 2889 2890 
10143 1615 1585 2890 1584 
10144 1614 1584 1615 2890 
10145 1585 1615 2890 2891 
10146 1616 1586 2891 1585 
10147 1615 1585 1616 2891 
10148 1586 1616 2891 2892 
10149 1617 1587 2892 1586 
10150 1616 1586 1617 2892 
10151 1587 1617 2892 2893 
10152 1618 1588 2893 1587 
10153 1617 1587 1618 2893 
10154 1588 1618 2893 2894 
10155 1619 1589 2894 1588 
10156 1618 1588 1619 2894 
10157 1589 1619 2894 2895 
10158 1620 1590 2895 1589 
10159 1619 1589 1620 2895 
10160 1590 1620 2895 2896 
10161 1621 1591 2896 1590 
10162 1620 1590 1621 2896 
10163 1591 1621 2896 2897 
10164 1622 1592 2897 1591 
10165 1621 1591 1622 2897 
10166 1592 1622 2897 1036 
10167 951 949 1036 1592 
10168 1622 1592 951 1036 
10169 191 185 269 2883 
10170 1623 1713 2883 185 
10171 185 1713 2883 191 
10172 1713 1623 2883 2884 
10173 1624 1714 2884 1623 
10174 1623 1714 2884 1713 
10175 1714 1624 2884 2885 
10176 1625 1715 2885 1624 
10177 1624 1715 2885 1714 
10178 1715 1625 2885 2886 
10179 1626 1716 2886 1625 
10180 1625 1716 2886 1715 
10181 1716 1626 2886 2887 
10182 1627 1717 2887 1626 
10183 1626 1717 2887 1716 
10184 1717 1627 2887 2888 
10185 1628 1718 2888 1627 
10186 1627 1718 2888 1717 
10187 1718 1628 2888 2889 
10188 1629 1719 2889 1628 
10189 1628 1719 2889 1718 
10190 1719 1629 2889 2890 
10191 1630 1720 2890 1629 
10192 1629 1720 2890 1719 
10193 1720 1630 2890 2891 
10194 1631 1721 2891 1630 
10195 1630 1721 2891 1720 
10196 1721 1631 2891 2892 
10197 1632 1722 2892 1631 
10198 1631 1722 2892 1721 
10199 1722 1632 2892 2893 
10200 1633 1723 2893 1632 
10201 1632 1723 2893 1722 
10202 1723 1633 2893 2894 
10203 1634 1724 2894 1633 
10204 1633 1724 2894 1723 
10205 1724 1634 2894 2895 
10206 1635 1725 2895 1634 
10207 1634 1725 2895 1724 
10208 1725 1635 2895 2896 
10209 1636 1726 2896 1635 
10210 1635 1726 2896 1725 
10211 1726 1636 2896 2897 
10212 1637 1727 2897 1636 
10213 1636 1727 2897 1726 
10214 1727 1637 2897 1036 
10215 952 958 1036 1637 
10216 1637 958 1036 1727 
10217 269 184 272 2928 
10218 1608 2883 2928 184 
10219 184 2883 2928 269 
10220 2883 1608 2928 2929 
10221 1609 2884 2929 1608 
10222 1608 2884 2929 2883 
10223 2884 1609 2929 2930 
10224 1610 2885 2930 1609 
10225 1609 2885 2930 2884 
10226 2885 1610 2930 2931 
10227 1611 2886 2931 1610 
10228 1610 2886 2931 2885 
10229 2886 1611 2931 2932 
10230 1612 2887 2932 1611 
10231 1611 2887 2932 2886 
10232 2887 1612 2932 2933 
10233 1613 2888 2933 1612 
10234 1612 2888 2933 2887 
10235 2888 1613 2933 2934 
10236 1614 2889 2934 1613 
10237 1613 2889 2934 2888 
10238 2889 1614 2934 2935 
10239 1615 2890 2935 1614 
10240 1614 2890 2935 2889 
10241 2890 1615 2935 2936 
10242 1616 2891 2936 1615 
10243 1615 2891 2936 2890 
10244 2891 1616 2936 2937 
10245 1617 2892 2937 1616 
10246 1616 2892 2937 2891 
10247 2892 1617 2937 2938 
10248 1618 2893 2938 1617 
10249 1617 2893 2938 2892 
10250 2893 1618 2938 2939 
10251 1619 2894 2939 1618 
10252 1618 2894 2939 2893 
10253 2894 1619 2939 2940 
10254 1620 2895 2940 1619 
10255 1619 2895 2940 2894 
10256 2895 1620 2940 2941 
10257 1621 2896 2941 1620 
10258 1620 2896 2941 2895 
10259 2896 1621 2941 2942 
10260 1622 2897 2942 1621 
10261 1621 2897 2942 2896 
10262 2897 1622 2942 1039 
10263 951 1036 1039 1622 
10264 1622 1036 1039 2897 
10265 187 186 188 1653 
10266 1638 1653 1668 186 
10267 186 1653 1668 188 
10268 1653 1638 1668 1654 
10269 1639 1654 1669 1638 
10270 1638 1654 1669 1668 
10271 1654 1639 1669 1655 
10272 1640 1655 1670 1639 
10273 1639 1655 1670 1669 
10274 1655 1640 1670 1656 
10275 1641 1656 1671 1640 
10276 1640 1656 1671 1670 
10277 1656 1641 1671 1657 
10278 1642 1657 1672 1641 
10279 1641 1657 1672 1671 
10280 1657 1642 1672 1658 
10281 1643 1658 1673 1642 
10282 1642 1658 1673 1672 
10283 1658 1643 1673 1659 
10284 1644 1659 1674 1643 
10285 1643 1659 1674 1673 
10286 1659 1644 1674 1660 
10287 1645 1660 1675 1644 
10288 1644 1660 1675 1674 
10289 1660 1645 1675 1661 
10290 1646 1661 1676 1645 
10291 1645 1661 1676 1675 
10292 1661 1646 1676 1662 
10293 1647 1662 1677 1646 
10294 1646 1662 1677 1676 
10295 1662 1647 1677 1663 
10296 1648 1663 1678 1647 
10297 1647 1663 1678 1677 
10298 1663 1648 1678 1664 
10299 1649 1664 1679 1648 
10300 1648 1664 1679 1678 
10301 1664 1649 1679 1665 
10302 1650 1665 1680 1649 
10303 1649 1665 1680 1679 
10304 1665 1650 1680 1666 
10305 1651 1666 1681 1650 
10306 1650 1666 1681 1680 
10307 1666 1651 1681 1667 
10308 1652 1667 1682 1651 
10309 1651 1667 1682 1681 
10310 1667 1652 1682 954 
10311 953 954 955 1652 
10312 1652 954 955 1682 
10313 196 197 198 1818 
10314 1803 1788 1818 196 
10315 197 196 1803 1818 
10316 1788 1803 1818 1819 
10317 1804 1789 1819 1788 
10318 1803 1788 1804 1819 
10319 1789 1804 1819 1820 
10320 1805 1790 1820 1789 
10321 1804 1789 1805 1820 
10322 1790 1805 1820 1821 
10323 1806 1791 1821 1790 
10324 1805 1790 1806 1821 
10325 1791 1806 1821 1822 
10326 1807 1792 1822 1791 
10327 1806 1791 1807 1822 
10328 1792 1807 1822 1823 
10329 1808 1793 1823 1792 
10330 1807 1792 1808 1823 
10331 1793 1808 1823 1824 
10332 1809 1794 1824 1793 
10333 1808 1793 1809 1824 
10334 1794 1809 1824 1825 
10335 1810 1795 1825 1794 
10336 1809 1794 1810 1825 
10337 1795 1810 1825 1826 
10338 1811 1796 1826 1795 
10339 1810 1795 1811 1826 
10340 1796 1811 1826 1827 
10341 1812 1797 1827 1796 
10342 1811 1796 1812 1827 
10343 1797 1812 1827 1828 
10344 1813 1798 1828 1797 
10345 1812 1797 1813 1828 
10346 1798 1813 1828 1829 
10347 1814 1799 1829 1798 
10348 1813 1798 1814 1829 
10349 1799 1814 1829 1830 
10350 1815 1800 1830 1799 
10351 1814 1799 1815 1830 
10352 1800 1815 1830 1831 
10353 1816 1801 1831 1800 
10354 1815 1800 1816 1831 
10355 1801 1816 1831 1832 
10356 1817 1802 1832 1801 
10357 1816 1801 1817 1832 
10358 1802 1817 1832 965 
10359 964 963 965 1802 
10360 1817 1802 964 965 
10361 195 189 207 1773 
10362 1683 1773 1953 189 
10363 189 1773 1953 207 
10364 1773 1683 1953 1774 
10365 1684 1774 1954 1683 
10366 1683 1774 1954 1953 
10367 1774 1684 1954 1775 
10368 1685 1775 1955 1684 
10369 1684 1775 1955 1954 
10370 1775 1685 1955 1776 
10371 1686 1776 1956 1685 
10372 1685 1776 1956 1955 
10373 1776 1686 1956 1777 
10374 1687 1777 1957 1686 
10375 1686 1777 1957 1956 
10376 1777 1687 1957 1778 
10377 1688 1778 1958 1687 
10378 1687 1778 1958 1957 
10379 1778 1688 1958 1779 
10380 1689 1779 1959 1688 
10381 1688 1779 1959 1958 
10382 1779 1689 1959 1780 
10383 1690 1780 1960 1689 
10384 1689 1780 1960 1959 
10385 1780 1690 1960 1781 
10386 1691 1781 1961 1690 
10387 1690 1781 1961 1960 
10388 1781 1691 1961 1782 
10389 1692 1782 1962 1691 
10390 1691 1782 1962 1961 
10391 1782 1692 1962 1783 
10392 1693 1783 1963 1692 
10393 1692 1783 1963 1962 
10394 1783 1693 1963 1784 
10395 1694 1784 1964 1693 
10396 1693 1784 1964 1963 
10397 1784 1694 1964 1785 
10398 1695 1785 1965 1694 
10399 1694 1785 1965 1964 
10400 1785 1695 1965 1786 
10401 1696 1786 1966 1695 
10402 1695 1786 1966 1965 
10403 1786 1696 1966 1787 
10404 1697 1787 1967 1696 
10405 1696 1787 1967 1966 
10406 1787 1697 1967 962 
10407 956 962 974 1697 
10408 1697 962 974 1967 
10409 217 212 251 2613 
10410 2028 2103 2613 212 
10411 212 2103 2613 217 
10412 2103 2028 2613 2614 
10413 2029 2104 2614 2028 
10414 2028 2104 2614 2103 
10415 2104 2029 2614 2615 
10416 2030 2105 2615 2029 
10417 2029 2105 2615 2104 
10418 2105 2030 2615 2616 
10419 2031 2106 2616 2030 
10420 2030 2106 2616 2105 
10421 2106 2031 2616 2617 
10422 2032 2107 2617 2031 
10423 2031 2107 2617 2106 
10424 2107 2032 2617 2618 
10425 2033 2108 2618 2032 
10426 2032 2108 2618 2107 
10427 2108 2033 2618 2619 
10428 2034 2109 2619 2033 
10429 2033 2109 2619 2108 
10430 2109 2034 2619 2620 
10431 2035 2110 2620 2034 
10432 2034 2110 2620 2109 
10433 2110 2035 2620 2621 
10434 2036 2111 2621 2035 
10435 2035 2111 2621 2110 
10436 2111 2036 2621 2622 
10437 2037 2112 2622 2036 
10438 2036 2112 2622 2111 
10439 2112 2037 2622 2623 
10440 2038 2113 2623 2037 
10441 2037 2113 2623 2112 
10442 2113 2038 2623 2624 
10443 2039 2114 2624 2038 
10444 2038 2114 2624 2113 
10445 2114 2039 2624 2625 
10446 2040 2115 2625 2039 
10447 2039 2115 2625 2114 
10448 2115 2040 2625 2626 
10449 2041 2116 2626 2040 
10450 2040 2116 2626 2115 
10451 2116 2041 2626 2627 
10452 2042 2117 2627 2041 
10453 2041 2117 2627 2116 
10454 2117 2042 2627 1018 
10455 979 984 1018 2042 
10456 2042 984 1018 2117 
10457 204 211 265 2823 
10458 2013 1908 2823 204 
10459 211 204 2013 2823 
10460 1908 2013 2823 2824 
10461 2014 1909 2824 1908 
10462 2013 1908 2014 2824 
10463 1909 2014 2824 2825 
10464 2015 1910 2825 1909 
10465 2014 1909 2015 2825 
10466 1910 2015 2825 2826 
10467 2016 1911 2826 1910 
10468 2015 1910 2016 2826 
10469 1911 2016 2826 2827 
10470 2017 1912 2827 1911 
10471 2016 1911 2017 2827 
10472 1912 2017 2827 2828 
10473 2018 1913 2828 1912 
10474 2017 1912 2018 2828 
10475 1913 2018 2828 2829 
10476 2019 1914 2829 1913 
10477 2018 1913 2019 2829 
10478 1914 2019 2829 2830 
10479 2020 1915 2830 1914 
10480 2019 1914 2020 2830 
10481 1915 2020 2830 2831 
10482 2021 1916 2831 1915 
10483 2020 1915 2021 2831 
10484 1916 2021 2831 2832 
10485 2022 1917 2832 1916 
10486 2021 1916 2022 2832 
10487 1917 2022 2832 2833 
10488 2023 1918 2833 1917 
10489 2022 1917 2023 2833 
10490 1918 2023 2833 2834 
10491 2024 1919 2834 1918 
10492 2023 1918 2024 2834 
10493 1919 2024 2834 2835 
10494 2025 1920 2835 1919 
10495 2024 1919 2025 2835 
10496 1920 2025 2835 2836 
10497 2026 1921 2836 1920 
10498 2025 1920 2026 2836 
10499 1921 2026 2836 2837 
10500 2027 1922 2837 1921 
10501 2026 1921 2027 2837 
10502 1922 2027 2837 1032 
10503 978 971 1032 1922 
10504 2027 1922 978 1032 
10505 188 250 257 2703 
10506 2598 1668 2703 250 
10507 250 1668 2703 188 
10508 1668 2598 2703 2704 
10509 2599 1669 2704 2598 
10510 2598 1669 2704 1668 
10511 1669 2599 2704 2705 
10512 2600 1670 2705 2599 
10513 2599 1670 2705 1669 
10514 1670 2600 2705 2706 
10515 2601 1671 2706 2600 
10516 2600 1671 2706 1670 
10517 1671 2601 2706 2707 
10518 2602 1672 2707 2601 
10519 2601 1672 2707 1671 
10520 1672 2602 2707 2708 
10521 2603 1673 2708 2602 
10522 2602 1673 2708 1672 
10523 1673 2603 2708 2709 
10524 2604 1674 2709 2603 
10525 2603 1674 2709 1673 
10526 1674 2604 2709 2710 
10527 2605 1675 2710 2604 
10528 2604 1675 2710 1674 
10529 1675 2605 2710 2711 
10530 2606 1676 2711 2605 
10531 2605 1676 2711 1675 
10532 1676 2606 2711 2712 
10533 2607 1677 2712 2606 
10534 2606 1677 2712 1676 
10535 1677 2607 2712 2713 
10536 2608 1678 2713 2607 
10537 2607 1678 2713 1677 
10538 1678 2608 2713 2714 
10539 2609 1679 2714 2608 
10540 2608 1679 2714 1678 
10541 1679 2609 2714 2715 
10542 2610 1680 2715 2609 
10543 2609 1680 2715 1679 
10544 1680 2610 2715 2716 
10545 2611 1681 2716 2610 
10546 2610 1681 2716 1680 
10547 1681 2611 2716 2717 
10548 2612 1682 2717 2611 
10549 2611 1682 2717 1681 
10550 1682 2612 2717 1024 
10551 1017 955 1024 2612 
10552 2612 955 1024 1682 
10553 219 220 227 2253 
10554 2148 2133 2253 219 
10555 220 219 2148 2253 
10556 2133 2148 2253 2254 
10557 2149 2134 2254 2133 
10558 2148 2133 2149 2254 
10559 2134 2149 2254 2255 
10560 2150 2135 2255 2134 
10561 2149 2134 2150 2255 
10562 2135 2150 2255 2256 
10563 2151 2136 2256 2135 
10564 2150 2135 2151 2256 
10565 2136 2151 2256 2257 
10566 2152 2137 2257 2136 
10567 2151 2136 2152 2257 
10568 2137 2152 2257 2258 
10569 2153 2138 2258 2137 
10570 2152 2137 2153 2258 
10571 2138 2153 2258 2259 
10572 2154 2139 2259 2138 
10573 2153 2138 2154 2259 
10574 2139 2154 2259 2260 
10575 2155 2140 2260 2139 
10576 2154 2139 2155 2260 
10577 2140 2155 2260 2261 
10578 2156 2141 2261 2140 
10579 2155 2140 2156 2261 
10580 2141 2156 2261 2262 
10581 2157 2142 2262 2141 
10582 2156 2141 2157 2262 
10583 2142 2157 2262 2263 
10584 2158 2143 2263 2142 
10585 2157 2142 2158 2263 
10586 2143 2158 2263 2264 
10587 2159 2144 2264 2143 
10588 2158 2143 2159 2264 
10589 2144 2159 2264 2265 
10590 2160 2145 2265 2144 
10591 2159 2144 2160 2265 
10592 2145 2160 2265 2266 
10593 2161 2146 2266 2145 
10594 2160 2145 2161 2266 
10595 2146 2161 2266 2267 
10596 2162 2147 2267 2146 
10597 2161 2146 2162 2267 
10598 2147 2162 2267 994 
10599 987 986 994 2147 
10600 2162 2147 987 994 
10601 209 203 213 2043 
10602 1893 1983 2043 203 
10603 203 1983 2043 209 
10604 1983 1893 2043 2044 
10605 1894 1984 2044 1893 
10606 1893 1984 2044 1983 
10607 1984 1894 2044 2045 
10608 1895 1985 2045 1894 
10609 1894 1985 2045 1984 
10610 1985 1895 2045 2046 
10611 1896 1986 2046 1895 
10612 1895 1986 2046 1985 
10613 1986 1896 2046 2047 
10614 1897 1987 2047 1896 
10615 1896 1987 2047 1986 
10616 1987 1897 2047 2048 
10617 1898 1988 2048 1897 
10618 1897 1988 2048 1987 
10619 1988 1898 2048 2049 
10620 1899 1989 2049 1898 
10621 1898 1989 2049 1988 
10622 1989 1899 2049 2050 
10623 1900 1990 2050 1899 
10624 1899 1990 2050 1989 
10625 1990 1900 2050 2051 
10626 1901 1991 2051 1900 
10627 1900 1991 2051 1990 
10628 1991 1901 2051 2052 
10629 1902 1992 2052 1901 
10630 1901 1992 2052 1991 
10631 1992 1902 2052 2053 
10632 1903 1993 2053 1902 
10633 1902 1993 2053 1992 
10634 1993 1903 2053 2054 
10635 1904 1994 2054 1903 
10636 1903 1994 2054 1993 
10637 1994 1904 2054 2055 
10638 1905 1995 2055 1904 
10639 1904 1995 2055 1994 
10640 1995 1905 2055 2056 
10641 1906 1996 2056 1905 
10642 1905 1996 2056 1995 
10643 1996 1906 2056 2057 
10644 1907 1997 2057 1906 
10645 1906 1997 2057 1996 
10646 1997 1907 2057 980 
10647 970 976 980 1907 
10648 1907 976 980 1997 
10649 192 193 252 2628 
10650 1743 1728 2628 193 
10651 193 1728 2628 192 
10652 1728 1743 2628 2629 
10653 1744 1729 2629 1743 
10654 1743 1729 2629 1728 
10655 1729 1744 2629 2630 
10656 1745 1730 2630 1744 
10657 1744 1730 2630 1729 
10658 1730 1745 2630 2631 
10659 1746 1731 2631 1745 
10660 1745 1731 2631 1730 
10661 1731 1746 2631 2632 
10662 1747 1732 2632 1746 
10663 1746 1732 2632 1731 
10664 1732 1747 2632 2633 
10665 1748 1733 2633 1747 
10666 1747 1733 2633 1732 
10667 1733 1748 2633 2634 
10668 1749 1734 2634 1748 
10669 1748 1734 2634 1733 
10670 1734 1749 2634 2635 
10671 1750 1735 2635 1749 
10672 1749 1735 2635 1734 
10673 1735 1750 2635 2636 
10674 1751 1736 2636 1750 
10675 1750 1736 2636 1735 
10676 1736 1751 2636 2637 
10677 1752 1737 2637 1751 
10678 1751 1737 2637 1736 
10679 1737 1752 2637 2638 
10680 1753 1738 2638 1752 
10681 1752 1738 2638 1737 
10682 1738 1753 2638 2639 
10683 1754 1739 2639 1753 
10684 1753 1739 2639 1738 
10685 1739 1754 2639 2640 
10686 1755 1740 2640 1754 
10687 1754 1740 2640 1739 
10688 1740 1755 2640 2641 
10689 1756 1741 2641 1755 
10690 1755 1741 2641 1740 
10691 1741 1756 2641 2642 
10692 1757 1742 2642 1756 
10693 1756 1742 2642 1741 
10694 1742 1757 2642 1019 
10695 960 959 1019 1757 
10696 1757 959 1019 1742 
10697 257 250 258 2718 
10698 2598 2703 2718 250 
10699 250 2703 2718 257 
10700 2703 2598 2718 2719 
10701 2599 2704 2719 2598 
10702 2598 2704 2719 2703 
10703 2704 2599 2719 2720 
10704 2600 2705 2720 2599 
10705 2599 2705 2720 2704 
10706 2705 2600 2720 2721 
10707 2601 2706 2721 2600 
10708 2600 2706 2721 2705 
10709 2706 2601 2721 2722 
10710 2602 2707 2722 2601 
10711 2601 2707 2722 2706 
10712 2707 2602 2722 2723 
10713 2603 2708 2723 2602 
10714 2602 2708 2723 2707 
10715 2708 2603 2723 2724 
10716 2604 2709 2724 2603 
10717 2603 2709 2724 2708 
10718 2709 2604 2724 2725 
10719 2605 2710 2725 2604 
10720 2604 2710 2725 2709 
10721 2710 2605 2725 2726 
10722 2606 2711 2726 2605 
10723 2605 2711 2726 2710 
10724 2711 2606 2726 2727 
10725 2607 2712 2727 2606 
10726 2606 2712 2727 2711 
10727 2712 2607 2727 2728 
10728 2608 2713 2728 2607 
10729 2607 2713 2728 2712 
10730 2713 2608 2728 2729 
10731 2609 2714 2729 2608 
10732 2608 2714 2729 2713 
10733 2714 2609 2729 2730 
10734 2610 2715 2730 2609 
10735 2609 2715 2730 2714 
10736 2715 2610 2730 2731 
10737 2611 2716 2731 2610 
10738 2610 2716 2731 2715 
10739 2716 2611 2731 2732 
10740 2612 2717 2732 2611 
10741 2611 2717 2732 2716 
10742 2717 2612 2732 1025 
10743 1017 1024 1025 2612 
10744 2612 1024 1025 2717 
10745 185 182 269 2883 
10746 1578 1623 2883 182 
10747 182 1623 2883 185 
10748 1623 1578 2883 2884 
10749 1579 1624 2884 1578 
10750 1578 1624 2884 1623 
10751 1624 1579 2884 2885 
10752 1580 1625 2885 1579 
10753 1579 1625 2885 1624 
10754 1625 1580 2885 2886 
10755 1581 1626 2886 1580 
10756 1580 1626 2886 1625 
10757 1626 1581 2886 2887 
10758 1582 1627 2887 1581 
10759 1581 1627 2887 1626 
10760 1627 1582 2887 2888 
10761 1583 1628 2888 1582 
10762 1582 1628 2888 1627 
10763 1628 1583 2888 2889 
10764 1584 1629 2889 1583 
10765 1583 1629 2889 1628 
10766 1629 1584 2889 2890 
10767 1585 1630 2890 1584 
10768 1584 1630 2890 1629 
10769 1630 1585 2890 2891 
10770 1586 1631 2891 1585 
10771 1585 1631 2891 1630 
10772 1631 1586 2891 2892 
10773 1587 1632 2892 1586 
10774 1586 1632 2892 1631 
10775 1632 1587 2892 2893 
10776 1588 1633 2893 1587 
10777 1587 1633 2893 1632 
10778 1633 1588 2893 2894 
10779 1589 1634 2894 1588 
10780 1588 1634 2894 1633 
10781 1634 1589 2894 2895 
10782 1590 1635 2895 1589 
10783 1589 1635 2895 1634 
10784 1635 1590 2895 2896 
10785 1591 1636 2896 1590 
10786 1590 1636 2896 1635 
10787 1636 1591 2896 2897 
10788 1592 1637 2897 1591 
10789 1591 1637 2897 1636 
10790 1637 1592 2897 1036 
10791 949 952 1036 1592 
10792 1592 952 1036 1637 
10793 192 191 193 1728 
10794 1713 1728 1743 191 
10795 191 1728 1743 193 
10796 1728 1713 1743 1729 
10797 1714 1729 1744 1713 
10798 1713 1729 1744 1743 
10799 1729 1714 1744 1730 
10800 1715 1730 1745 1714 
10801 1714 1730 1745 1744 
10802 1730 1715 1745 1731 
10803 1716 1731 1746 1715 
10804 1715 1731 1746 1745 
10805 1731 1716 1746 1732 
10806 1717 1732 1747 1716 
10807 1716 1732 1747 1746 
10808 1732 1717 1747 1733 
10809 1718 1733 1748 1717 
10810 1717 1733 1748 1747 
10811 1733 1718 1748 1734 
10812 1719 1734 1749 1718 
10813 1718 1734 1749 1748 
10814 1734 1719 1749 1735 
10815 1720 1735 1750 1719 
10816 1719 1735 1750 1749 
10817 1735 1720 1750 1736 
10818 1721 1736 1751 1720 
10819 1720 1736 1751 1750 
10820 1736 1721 1751 1737 
10821 1722 1737 1752 1721 
10822 1721 1737 1752 1751 
10823 1737 1722 1752 1738 
10824 1723 1738 1753 1722 
10825 1722 1738 1753 1752 
10826 1738 1723 1753 1739 
10827 1724 1739 1754 1723 
10828 1723 1739 1754 1753 
10829 1739 1724 1754 1740 
10830 1725 1740 1755 1724 
10831 1724 1740 1755 1754 
10832 1740 1725 1755 1741 
10833 1726 1741 1756 1725 
10834 1725 1741 1756 1755 
10835 1741 1726 1756 1742 
10836 1727 1742 1757 1726 
10837 1726 1742 1757 1756 
10838 1742 1727 1757 959 
10839 958 959 960 1727 
10840 1727 959 960 1757 
10841 200 201 202 1848 
10842 1863 1848 1878 201 
10843 201 1848 1878 202 
10844 1848 1863 1878 1849 
10845 1864 1849 1879 1863 
10846 1863 1849 1879 1878 
10847 1849 1864 1879 1850 
10848 1865 1850 1880 1864 
10849 1864 1850 1880 1879 
10850 1850 1865 1880 1851 
10851 1866 1851 1881 1865 
10852 1865 1851 1881 1880 
10853 1851 1866 1881 1852 
10854 1867 1852 1882 1866 
10855 1866 1852 1882 1881 
10856 1852 1867 1882 1853 
10857 1868 1853 1883 1867 
10858 1867 1853 1883 1882 
10859 1853 1868 1883 1854 
10860 1869 1854 1884 1868 
10861 1868 1854 1884 1883 
10862 1854 1869 1884 1855 
10863 1870 1855 1885 1869 
10864 1869 1855 1885 1884 
10865 1855 1870 1885 1856 
10866 1871 1856 1886 1870 
10867 1870 1856 1886 1885 
10868 1856 1871 1886 1857 
10869 1872 1857 1887 1871 
10870 1871 1857 1887 1886 
10871 1857 1872 1887 1858 
10872 1873 1858 1888 1872 
10873 1872 1858 1888 1887 
10874 1858 1873 1888 1859 
10875 1874 1859 1889 1873 
10876 1873 1859 1889 1888 
10877 1859 1874 1889 1860 
10878 1875 1860 1890 1874 
10879 1874 1860 1890 1889 
10880 1860 1875 1890 1861 
10881 1876 1861 1891 1875 
10882 1875 1861 1891 1890 
10883 1861 1876 1891 1862 
10884 1877 1862 1892 1876 
10885 1876 1862 1892 1891 
10886 1862 1877 1892 967 
10887 968 967 969 1877 
10888 1877 967 969 1892 
10889 229 266 267 2853 
10890 2838 2283 2853 266 
10891 266 2283 2853 229 
10892 2283 2838 2853 2854 
10893 2839 2284 2854 2838 
10894 2838 2284 2854 2283 
10895 2284 2839 2854 2855 
10896 2840 2285 2855 2839 
10897 2839 2285 2855 2284 
10898 2285 2840 2855 2856 
10899 2841 2286 2856 2840 
10900 2840 2286 2856 2285 
10901 2286 2841 2856 2857 
10902 2842 2287 2857 2841 
10903 2841 2287 2857 2286 
10904 2287 2842 2857 2858 
10905 2843 2288 2858 2842 
10906 2842 2288 2858 2287 
10907 2288 2843 2858 2859 
10908 2844 2289 2859 2843 
10909 2843 2289 2859 2288 
10910 2289 2844 2859 2860 
10911 2845 2290 2860 2844 
10912 2844 2290 2860 2289 
10913 2290 2845 2860 2861 
10914 2846 2291 2861 2845 
10915 2845 2291 2861 2290 
10916 2291 2846 2861 2862 
10917 2847 2292 2862 2846 
10918 2846 2292 2862 2291 
10919 2292 2847 2862 2863 
10920 2848 2293 2863 2847 
10921 2847 2293 2863 2292 
10922 2293 2848 2863 2864 
10923 2849 2294 2864 2848 
10924 2848 2294 2864 2293 
10925 2294 2849 2864 2865 
10926 2850 2295 2865 2849 
10927 2849 2295 2865 2294 
10928 2295 2850 2865 2866 
10929 2851 2296 2866 2850 
10930 2850 2296 2866 2295 
10931 2296 2851 2866 2867 
10932 2852 2297 2867 2851 
10933 2851 2297 2867 2296 
10934 2297 2852 2867 1034 
10935 1033 996 1034 2852 
10936 2852 996 1034 2297 
10937 229 205 266 2283 
10938 1923 2283 2838 205 
10939 205 2283 2838 266 
10940 2283 1923 2838 2284 
10941 1924 2284 2839 1923 
10942 1923 2284 2839 2838 
10943 2284 1924 2839 2285 
10944 1925 2285 2840 1924 
10945 1924 2285 2840 2839 
10946 2285 1925 2840 2286 
10947 1926 2286 2841 1925 
10948 1925 2286 2841 2840 
10949 2286 1926 2841 2287 
10950 1927 2287 2842 1926 
10951 1926 2287 2842 2841 
10952 2287 1927 2842 2288 
10953 1928 2288 2843 1927 
10954 1927 2288 2843 2842 
10955 2288 1928 2843 2289 
10956 1929 2289 2844 1928 
10957 1928 2289 2844 2843 
10958 2289 1929 2844 2290 
10959 1930 2290 2845 1929 
10960 1929 2290 2845 2844 
10961 2290 1930 2845 2291 
10962 1931 2291 2846 1930 
10963 1930 2291 2846 2845 
10964 2291 1931 2846 2292 
10965 1932 2292 2847 1931 
10966 1931 2292 2847 2846 
10967 2292 1932 2847 2293 
10968 1933 2293 2848 1932 
10969 1932 2293 2848 2847 
10970 2293 1933 2848 2294 
10971 1934 2294 2849 1933 
10972 1933 2294 2849 2848 
10973 2294 1934 2849 2295 
10974 1935 2295 2850 1934 
10975 1934 2295 2850 2849 
10976 2295 1935 2850 2296 
10977 1936 2296 2851 1935 
10978 1935 2296 2851 2850 
10979 2296 1936 2851 2297 
10980 1937 2297 2852 1936 
10981 1936 2297 2852 2851 
10982 2297 1937 2852 996 
10983 972 996 1033 1937 
10984 1937 996 1033 2852 
10985 47 48 149 1083 
10986 901 886 1083 47 
10987 48 47 901 1083 
10988 886 901 1083 1084 
10989 902 887 1084 886 
10990 901 886 902 1084 
10991 887 902 1084 1085 
10992 903 888 1085 887 
10993 902 887 903 1085 
10994 888 903 1085 1086 
10995 904 889 1086 888 
10996 903 888 904 1086 
10997 889 904 1086 1087 
10998 905 890 1087 889 
10999 904 889 905 1087 
11000 890 905 1087 1088 
11001 906 891 1088 890 
11002 905 890 906 1088 
11003 891 906 1088 1089 
11004 907 892 1089 891 
11005 906 891 907 1089 
11006 892 907 1089 1090 
11007 908 893 1090 892 
11008 907 892 908 1090 
11009 893 908 1090 1091 
11010 909 894 1091 893 
11011 908 893 909 1091 
11012 894 909 1091 1092 
11013 910 895 1092 894 
11014 909 894 910 1092 
11015 895 910 1092 1093 
11016 911 896 1093 895 
11017 910 895 911 1093 
11018 896 911 1093 1094 
11019 912 897 1094 896 
11020 911 896 912 1094 
11021 897 912 1094 1095 
11022 913 898 1095 897 
11023 912 897 913 1095 
11024 898 913 1095 1096 
11025 914 899 1096 898 
11026 913 898 914 1096 
11027 899 914 1096 1097 
11028 915 900 1097 899 
11029 914 899 915 1097 
11030 900 915 1097 916 
11031 139 140 916 900 
11032 915 900 139 916 
11033 262 197 264 2808 
11034 1803 2778 2808 197 
11035 197 2778 2808 262 
11036 2778 1803 2808 2809 
11037 1804 2779 2809 1803 
11038 1803 2779 2809 2778 
11039 2779 1804 2809 2810 
11040 1805 2780 2810 1804 
11041 1804 2780 2810 2779 
11042 2780 1805 2810 2811 
11043 1806 2781 2811 1805 
11044 1805 2781 2811 2780 
11045 2781 1806 2811 2812 
11046 1807 2782 2812 1806 
11047 1806 2782 2812 2781 
11048 2782 1807 2812 2813 
11049 1808 2783 2813 1807 
11050 1807 2783 2813 2782 
11051 2783 1808 2813 2814 
11052 1809 2784 2814 1808 
11053 1808 2784 2814 2783 
11054 2784 1809 2814 2815 
11055 1810 2785 2815 1809 
11056 1809 2785 2815 2784 
11057 2785 1810 2815 2816 
11058 1811 2786 2816 1810 
11059 1810 2786 2816 2785 
11060 2786 1811 2816 2817 
11061 1812 2787 2817 1811 
11062 1811 2787 2817 2786 
11063 2787 1812 2817 2818 
11064 1813 2788 2818 1812 
11065 1812 2788 2818 2787 
11066 2788 1813 2818 2819 
11067 1814 2789 2819 1813 
11068 1813 2789 2819 2788 
11069 2789 1814 2819 2820 
11070 1815 2790 2820 1814 
11071 1814 2790 2820 2789 
11072 2790 1815 2820 2821 
11073 1816 2791 2821 1815 
11074 1815 2791 2821 2790 
11075 2791 1816 2821 2822 
11076 1817 2792 2822 1816 
11077 1816 2792 2822 2791 
11078 2792 1817 2822 1031 
11079 964 1029 1031 1817 
11080 1817 1029 1031 2792 
11081 205 199 206 1938 
11082 1833 1923 1938 199 
11083 199 1923 1938 205 
11084 1923 1833 1938 1939 
11085 1834 1924 1939 1833 
11086 1833 1924 1939 1923 
11087 1924 1834 1939 1940 
11088 1835 1925 1940 1834 
11089 1834 1925 1940 1924 
11090 1925 1835 1940 1941 
11091 1836 1926 1941 1835 
11092 1835 1926 1941 1925 
11093 1926 1836 1941 1942 
11094 1837 1927 1942 1836 
11095 1836 1927 1942 1926 
11096 1927 1837 1942 1943 
11097 1838 1928 1943 1837 
11098 1837 1928 1943 1927 
11099 1928 1838 1943 1944 
11100 1839 1929 1944 1838 
11101 1838 1929 1944 1928 
11102 1929 1839 1944 1945 
11103 1840 1930 1945 1839 
11104 1839 1930 1945 1929 
11105 1930 1840 1945 1946 
11106 1841 1931 1946 1840 
11107 1840 1931 1946 1930 
11108 1931 1841 1946 1947 
11109 1842 1932 1947 1841 
11110 1841 1932 1947 1931 
11111 1932 1842 1947 1948 
11112 1843 1933 1948 1842 
11113 1842 1933 1948 1932 
11114 1933 1843 1948 1949 
11115 1844 1934 1949 1843 
11116 1843 1934 1949 1933 
11117 1934 1844 1949 1950 
11118 1845 1935 1950 1844 
11119 1844 1935 1950 1934 
11120 1935 1845 1950 1951 
11121 1846 1936 1951 1845 
11122 1845 1936 1951 1935 
11123 1936 1846 1951 1952 
11124 1847 1937 1952 1846 
11125 1846 1937 1952 1936 
11126 1937 1847 1952 973 
11127 966 972 973 1847 
11128 1847 972 973 1937 
11129 205 206 219 2133 
11130 1938 1923 2133 205 
11131 206 205 1938 2133 
11132 1923 1938 2133 2134 
11133 1939 1924 2134 1923 
11134 1938 1923 1939 2134 
11135 1924 1939 2134 2135 
11136 1940 1925 2135 1924 
11137 1939 1924 1940 2135 
11138 1925 1940 2135 2136 
11139 1941 1926 2136 1925 
11140 1940 1925 1941 2136 
11141 1926 1941 2136 2137 
11142 1942 1927 2137 1926 
11143 1941 1926 1942 2137 
11144 1927 1942 2137 2138 
11145 1943 1928 2138 1927 
11146 1942 1927 1943 2138 
11147 1928 1943 2138 2139 
11148 1944 1929 2139 1928 
11149 1943 1928 1944 2139 
11150 1929 1944 2139 2140 
11151 1945 1930 2140 1929 
11152 1944 1929 1945 2140 
11153 1930 1945 2140 2141 
11154 1946 1931 2141 1930 
11155 1945 1930 1946 2141 
11156 1931 1946 2141 2142 
11157 1947 1932 2142 1931 
11158 1946 1931 1947 2142 
11159 1932 1947 2142 2143 
11160 1948 1933 2143 1932 
11161 1947 1932 1948 2143 
11162 1933 1948 2143 2144 
11163 1949 1934 2144 1933 
11164 1948 1933 1949 2144 
11165 1934 1949 2144 2145 
11166 1950 1935 2145 1934 
11167 1949 1934 1950 2145 
11168 1935 1950 2145 2146 
11169 1951 1936 2146 1935 
11170 1950 1935 1951 2146 
11171 1936 1951 2146 2147 
11172 1952 1937 2147 1936 
11173 1951 1936 1952 2147 
11174 1937 1952 2147 986 
11175 973 972 986 1937 
11176 1952 1937 973 986 
11177 200 198 201 1848 
11178 1818 1848 1863 198 
11179 198 1848 1863 201 
11180 1848 1818 1863 1849 
11181 1819 1849 1864 1818 
11182 1818 1849 1864 1863 
11183 1849 1819 1864 1850 
11184 1820 1850 1865 1819 
11185 1819 1850 1865 1864 
11186 1850 1820 1865 1851 
11187 1821 1851 1866 1820 
11188 1820 1851 1866 1865 
11189 1851 1821 1866 1852 
11190 1822 1852 1867 1821 
11191 1821 1852 1867 1866 
11192 1852 1822 1867 1853 
11193 1823 1853 1868 1822 
11194 1822 1853 1868 1867 
11195 1853 1823 1868 1854 
11196 1824 1854 1869 1823 
11197 1823 1854 1869 1868 
11198 1854 1824 1869 1855 
11199 1825 1855 1870 1824 
11200 1824 1855 1870 1869 
11201 1855 1825 1870 1856 
11202 1826 1856 1871 1825 
11203 1825 1856 1871 1870 
11204 1856 1826 1871 1857 
11205 1827 1857 1872 1826 
11206 1826 1857 1872 1871 
11207 1857 1827 1872 1858 
11208 1828 1858 1873 1827 
11209 1827 1858 1873 1872 
11210 1858 1828 1873 1859 
11211 1829 1859 1874 1828 
11212 1828 1859 1874 1873 
11213 1859 1829 1874 1860 
11214 1830 1860 1875 1829 
11215 1829 1860 1875 1874 
11216 1860 1830 1875 1861 
11217 1831 1861 1876 1830 
11218 1830 1861 1876 1875 
11219 1861 1831 1876 1862 
11220 1832 1862 1877 1831 
11221 1831 1862 1877 1876 
11222 1862 1832 1877 967 
11223 965 967 968 1832 
11224 1832 967 968 1877 
11225 199 191 269 1833 
11226 1713 1833 2883 191 
11227 191 1833 2883 269 
11228 1833 1713 2883 1834 
11229 1714 1834 2884 1713 
11230 1713 1834 2884 2883 
11231 1834 1714 2884 1835 
11232 1715 1835 2885 1714 
11233 1714 1835 2885 2884 
11234 1835 1715 2885 1836 
11235 1716 1836 2886 1715 
11236 1715 1836 2886 2885 
11237 1836 1716 2886 1837 
11238 1717 1837 2887 1716 
11239 1716 1837 2887 2886 
11240 1837 1717 2887 1838 
11241 1718 1838 2888 1717 
11242 1717 1838 2888 2887 
11243 1838 1718 2888 1839 
11244 1719 1839 2889 1718 
11245 1718 1839 2889 2888 
11246 1839 1719 2889 1840 
11247 1720 1840 2890 1719 
11248 1719 1840 2890 2889 
11249 1840 1720 2890 1841 
11250 1721 1841 2891 1720 
11251 1720 1841 2891 2890 
11252 1841 1721 2891 1842 
11253 1722 1842 2892 1721 
11254 1721 1842 2892 2891 
11255 1842 1722 2892 1843 
11256 1723 1843 2893 1722 
11257 1722 1843 2893 2892 
11258 1843 1723 2893 1844 
11259 1724 1844 2894 1723 
11260 1723 1844 2894 2893 
11261 1844 1724 2894 1845 
11262 1725 1845 2895 1724 
11263 1724 1845 2895 2894 
11264 1845 1725 2895 1846 
11265 1726 1846 2896 1725 
11266 1725 1846 2896 2895 
11267 1846 1726 2896 1847 
11268 1727 1847 2897 1726 
11269 1726 1847 2897 2896 
11270 1847 1727 2897 966 
11271 958 966 1036 1727 
11272 1727 966 1036 2897 
11273 202 201 203 1878 
11274 1863 1878 1893 201 
11275 201 1878 1893 203 
11276 1878 1863 1893 1879 
11277 1864 1879 1894 1863 
11278 1863 1879 1894 1893 
11279 1879 1864 1894 1880 
11280 1865 1880 1895 1864 
11281 1864 1880 1895 1894 
11282 1880 1865 1895 1881 
11283 1866 1881 1896 1865 
11284 1865 1881 1896 1895 
11285 1881 1866 1896 1882 
11286 1867 1882 1897 1866 
11287 1866 1882 1897 1896 
11288 1882 1867 1897 1883 
11289 1868 1883 1898 1867 
11290 1867 1883 1898 1897 
11291 1883 1868 1898 1884 
11292 1869 1884 1899 1868 
11293 1868 1884 1899 1898 
11294 1884 1869 1899 1885 
11295 1870 1885 1900 1869 
11296 1869 1885 1900 1899 
11297 1885 1870 1900 1886 
11298 1871 1886 1901 1870 
11299 1870 1886 1901 1900 
11300 1886 1871 1901 1887 
11301 1872 1887 1902 1871 
11302 1871 1887 1902 1901 
11303 1887 1872 1902 1888 
11304 1873 1888 1903 1872 
11305 1872 1888 1903 1902 
11306 1888 1873 1903 1889 
11307 1874 1889 1904 1873 
11308 1873 1889 1904 1903 
11309 1889 1874 1904 1890 
11310 1875 1890 1905 1874 
11311 1874 1890 1905 1904 
11312 1890 1875 1905 1891 
11313 1876 1891 1906 1875 
11314 1875 1891 1906 1905 
11315 1891 1876 1906 1892 
11316 1877 1892 1907 1876 
11317 1876 1892 1907 1906 
11318 1892 1877 1907 969 
11319 968 969 970 1877 
11320 1877 969 970 1907 
11321 188 186 249 1668 
11322 1638 1668 2583 186 
11323 186 1668 2583 249 
11324 1668 1638 2583 1669 
11325 1639 1669 2584 1638 
11326 1638 1669 2584 2583 
11327 1669 1639 2584 1670 
11328 1640 1670 2585 1639 
11329 1639 1670 2585 2584 
11330 1670 1640 2585 1671 
11331 1641 1671 2586 1640 
11332 1640 1671 2586 2585 
11333 1671 1641 2586 1672 
11334 1642 1672 2587 1641 
11335 1641 1672 2587 2586 
11336 1672 1642 2587 1673 
11337 1643 1673 2588 1642 
11338 1642 1673 2588 2587 
11339 1673 1643 2588 1674 
11340 1644 1674 2589 1643 
11341 1643 1674 2589 2588 
11342 1674 1644 2589 1675 
11343 1645 1675 2590 1644 
11344 1644 1675 2590 2589 
11345 1675 1645 2590 1676 
11346 1646 1676 2591 1645 
11347 1645 1676 2591 2590 
11348 1676 1646 2591 1677 
11349 1647 1677 2592 1646 
11350 1646 1677 2592 2591 
11351 1677 1647 2592 1678 
11352 1648 1678 2593 1647 
11353 1647 1678 2593 2592 
11354 1678 1648 2593 1679 
11355 1649 1679 2594 1648 
11356 1648 1679 2594 2593 
11357 1679 1649 2594 1680 
11358 1650 1680 2595 1649 
11359 1649 1680 2595 2594 
11360 1680 1650 2595 1681 
11361 1651 1681 2596 1650 
11362 1650 1681 2596 2595 
11363 1681 1651 2596 1682 
11364 1652 1682 2597 1651 
11365 1651 1682 2597 2596 
11366 1682 1652 2597 955 
11367 953 955 1016 1652 
11368 1652 955 1016 2597 
11369 194 196 268 2868 
11370 1788 1758 2868 194 
11371 196 194 1788 2868 
11372 1758 1788 2868 2869 
11373 1789 1759 2869 1758 
11374 1788 1758 1789 2869 
11375 1759 1789 2869 2870 
11376 1790 1760 2870 1759 
11377 1789 1759 1790 2870 
11378 1760 1790 2870 2871 
11379 1791 1761 2871 1760 
11380 1790 1760 1791 2871 
11381 1761 1791 2871 2872 
11382 1792 1762 2872 1761 
11383 1791 1761 1792 2872 
11384 1762 1792 2872 2873 
11385 1793 1763 2873 1762 
11386 1792 1762 1793 2873 
11387 1763 1793 2873 2874 
11388 1794 1764 2874 1763 
11389 1793 1763 1794 2874 
11390 1764 1794 2874 2875 
11391 1795 1765 2875 1764 
11392 1794 1764 1795 2875 
11393 1765 1795 2875 2876 
11394 1796 1766 2876 1765 
11395 1795 1765 1796 2876 
11396 1766 1796 2876 2877 
11397 1797 1767 2877 1766 
11398 1796 1766 1797 2877 
11399 1767 1797 2877 2878 
11400 1798 1768 2878 1767 
11401 1797 1767 1798 2878 
11402 1768 1798 2878 2879 
11403 1799 1769 2879 1768 
11404 1798 1768 1799 2879 
11405 1769 1799 2879 2880 
11406 1800 1770 2880 1769 
11407 1799 1769 1800 2880 
11408 1770 1800 2880 2881 
11409 1801 1771 2881 1770 
11410 1800 1770 1801 2881 
11411 1771 1801 2881 2882 
11412 1802 1772 2882 1771 
11413 1801 1771 1802 2882 
11414 1772 1802 2882 1035 
11415 963 961 1035 1772 
11416 1802 1772 963 1035 
11417 196 198 200 1848 
11418 1818 1788 1848 196 
11419 198 196 1818 1848 
11420 1788 1818 1848 1849 
11421 1819 1789 1849 1788 
11422 1818 1788 1819 1849 
11423 1789 1819 1849 1850 
11424 1820 1790 1850 1789 
11425 1819 1789 1820 1850 
11426 1790 1820 1850 1851 
11427 1821 1791 1851 1790 
11428 1820 1790 1821 1851 
11429 1791 1821 1851 1852 
11430 1822 1792 1852 1791 
11431 1821 1791 1822 1852 
11432 1792 1822 1852 1853 
11433 1823 1793 1853 1792 
11434 1822 1792 1823 1853 
11435 1793 1823 1853 1854 
11436 1824 1794 1854 1793 
11437 1823 1793 1824 1854 
11438 1794 1824 1854 1855 
11439 1825 1795 1855 1794 
11440 1824 1794 1825 1855 
11441 1795 1825 1855 1856 
11442 1826 1796 1856 1795 
11443 1825 1795 1826 1856 
11444 1796 1826 1856 1857 
11445 1827 1797 1857 1796 
11446 1826 1796 1827 1857 
11447 1797 1827 1857 1858 
11448 1828 1798 1858 1797 
11449 1827 1797 1828 1858 
11450 1798 1828 1858 1859 
11451 1829 1799 1859 1798 
11452 1828 1798 1829 1859 
11453 1799 1829 1859 1860 
11454 1830 1800 1860 1799 
11455 1829 1799 1830 1860 
11456 1800 1830 1860 1861 
11457 1831 1801 1861 1800 
11458 1830 1800 1831 1861 
11459 1801 1831 1861 1862 
11460 1832 1802 1862 1801 
11461 1831 1801 1832 1862 
11462 1802 1832 1862 967 
11463 965 963 967 1802 
11464 1832 1802 965 967 
11465 188 249 250 1668 
11466 2583 1668 2598 249 
11467 249 1668 2598 250 
11468 1668 2583 2598 1669 
11469 2584 1669 2599 2583 
11470 2583 1669 2599 2598 
11471 1669 2584 2599 1670 
11472 2585 1670 2600 2584 
11473 2584 1670 2600 2599 
11474 1670 2585 2600 1671 
11475 2586 1671 2601 2585 
11476 2585 1671 2601 2600 
11477 1671 2586 2601 1672 
11478 2587 1672 2602 2586 
11479 2586 1672 2602 2601 
11480 1672 2587 2602 1673 
11481 2588 1673 2603 2587 
11482 2587 1673 2603 2602 
11483 1673 2588 2603 1674 
11484 2589 1674 2604 2588 
11485 2588 1674 2604 2603 
11486 1674 2589 2604 1675 
11487 2590 1675 2605 2589 
11488 2589 1675 2605 2604 
11489 1675 2590 2605 1676 
11490 2591 1676 2606 2590 
11491 2590 1676 2606 2605 
11492 1676 2591 2606 1677 
11493 2592 1677 2607 2591 
11494 2591 1677 2607 2606 
11495 1677 2592 2607 1678 
11496 2593 1678 2608 2592 
11497 2592 1678 2608 2607 
11498 1678 2593 2608 1679 
11499 2594 1679 2609 2593 
11500 2593 1679 2609 2608 
11501 1679 2594 2609 1680 
11502 2595 1680 2610 2594 
11503 2594 1680 2610 2609 
11504 1680 2595 2610 1681 
11505 2596 1681 2611 2595 
11506 2595 1681 2611 2610 
11507 1681 2596 2611 1682 
11508 2597 1682 2612 2596 
11509 2596 1682 2612 2611 
11510 1682 2597 2612 955 
11511 1016 955 1017 2597 
11512 2597 955 1017 2612 
11513 24 25 158 1218 
11514 556 541 1218 24 
11515 25 24 556 1218 
11516 541 556 1218 1219 
11517 557 542 1219 541 
11518 556 541 557 1219 
11519 542 557 1219 1220 
11520 558 543 1220 542 
11521 557 542 558 1220 
11522 543 558 1220 1221 
11523 559 544 1221 543 
11524 558 543 559 1221 
11525 544 559 1221 1222 
11526 560 545 1222 544 
11527 559 544 560 1222 
11528 545 560 1222 1223 
11529 561 546 1223 545 
11530 560 545 561 1223 
11531 546 561 1223 1224 
11532 562 547 1224 546 
11533 561 546 562 1224 
11534 547 562 1224 1225 
11535 563 548 1225 547 
11536 562 547 563 1225 
11537 548 563 1225 1226 
11538 564 549 1226 548 
11539 563 548 564 1226 
11540 549 564 1226 1227 
11541 565 550 1227 549 
11542 564 549 565 1227 
11543 550 565 1227 1228 
11544 566 551 1228 550 
11545 565 550 566 1228 
11546 551 566 1228 1229 
11547 567 552 1229 551 
11548 566 551 567 1229 
11549 552 567 1229 1230 
11550 568 553 1230 552 
11551 567 552 568 1230 
11552 553 568 1230 1231 
11553 569 554 1231 553 
11554 568 553 569 1231 
11555 554 569 1231 1232 
11556 570 555 1232 554 
11557 569 554 570 1232 
11558 555 570 1232 925 
11559 92 93 925 555 
11560 570 555 92 925 
11561 34 35 159 691 
11562 706 691 1233 35 
11563 35 691 1233 159 
11564 691 706 1233 692 
11565 707 692 1234 706 
11566 706 692 1234 1233 
11567 692 707 1234 693 
11568 708 693 1235 707 
11569 707 693 1235 1234 
11570 693 708 1235 694 
11571 709 694 1236 708 
11572 708 694 1236 1235 
11573 694 709 1236 695 
11574 710 695 1237 709 
11575 709 695 1237 1236 
11576 695 710 1237 696 
11577 711 696 1238 710 
11578 710 696 1238 1237 
11579 696 711 1238 697 
11580 712 697 1239 711 
11581 711 697 1239 1238 
11582 697 712 1239 698 
11583 713 698 1240 712 
11584 712 698 1240 1239 
11585 698 713 1240 699 
11586 714 699 1241 713 
11587 713 699 1241 1240 
11588 699 714 1241 700 
11589 715 700 1242 714 
11590 714 700 1242 1241 
11591 700 715 1242 701 
11592 716 701 1243 715 
11593 715 701 1243 1242 
11594 701 716 1243 702 
11595 717 702 1244 716 
11596 716 702 1244 1243 
11597 702 717 1244 703 
11598 718 703 1245 717 
11599 717 703 1245 1244 
11600 703 718 1245 704 
11601 719 704 1246 718 
11602 718 704 1246 1245 
11603 704 719 1246 705 
11604 720 705 1247 719 
11605 719 705 1247 1246 
11606 705 720 1247 118 
11607 117 118 926 720 
11608 720 118 926 1247 
11609 178 179 180 1518 
11610 1533 1518 1548 179 
11611 179 1518 1548 180 
11612 1518 1533 1548 1519 
11613 1534 1519 1549 1533 
11614 1533 1519 1549 1548 
11615 1519 1534 1549 1520 
11616 1535 1520 1550 1534 
11617 1534 1520 1550 1549 
11618 1520 1535 1550 1521 
11619 1536 1521 1551 1535 
11620 1535 1521 1551 1550 
11621 1521 1536 1551 1522 
11622 1537 1522 1552 1536 
11623 1536 1522 1552 1551 
11624 1522 1537 1552 1523 
11625 1538 1523 1553 1537 
11626 1537 1523 1553 1552 
11627 1523 1538 1553 1524 
11628 1539 1524 1554 1538 
11629 1538 1524 1554 1553 
11630 1524 1539 1554 1525 
11631 1540 1525 1555 1539 
11632 1539 1525 1555 1554 
11633 1525 1540 1555 1526 
11634 1541 1526 1556 1540 
11635 1540 1526 1556 1555 
11636 1526 1541 1556 1527 
11637 1542 1527 1557 1541 
11638 1541 1527 1557 1556 
11639 1527 1542 1557 1528 
11640 1543 1528 1558 1542 
11641 1542 1528 1558 1557 
11642 1528 1543 1558 1529 
11643 1544 1529 1559 1543 
11644 1543 1529 1559 1558 
11645 1529 1544 1559 1530 
11646 1545 1530 1560 1544 
11647 1544 1530 1560 1559 
11648 1530 1545 1560 1531 
11649 1546 1531 1561 1545 
11650 1545 1531 1561 1560 
11651 1531 1546 1561 1532 
11652 1547 1532 1562 1546 
11653 1546 1532 1562 1561 
11654 1532 1547 1562 945 
11655 946 945 947 1547 
11656 1547 945 947 1562 
11657 14 15 157 1203 
11658 406 391 1203 14 
11659 15 14 406 1203 
11660 391 406 1203 1204 
11661 407 392 1204 391 
11662 406 391 407 1204 
11663 392 407 1204 1205 
11664 408 393 1205 392 
11665 407 392 408 1205 
11666 393 408 1205 1206 
11667 409 394 1206 393 
11668 408 393 409 1206 
11669 394 409 1206 1207 
11670 410 395 1207 394 
11671 409 394 410 1207 
11672 395 410 1207 1208 
11673 411 396 1208 395 
11674 410 395 411 1208 
11675 396 411 1208 1209 
11676 412 397 1209 396 
11677 411 396 412 1209 
11678 397 412 1209 1210 
11679 413 398 1210 397 
11680 412 397 413 1210 
11681 398 413 1210 1211 
11682 414 399 1211 398 
11683 413 398 414 1211 
11684 399 414 1211 1212 
11685 415 400 1212 399 
11686 414 399 415 1212 
11687 400 415 1212 1213 
11688 416 401 1213 400 
11689 415 400 416 1213 
11690 401 416 1213 1214 
11691 417 402 1214 401 
11692 416 401 417 1214 
11693 402 417 1214 1215 
11694 418 403 1215 402 
11695 417 402 418 1215 
11696 403 418 1215 1216 
11697 419 404 1216 403 
11698 418 403 419 1216 
11699 404 419 1216 1217 
11700 420 405 1217 404 
11701 419 404 420 1217 
11702 405 420 1217 924 
11703 52 53 924 405 
11704 420 405 52 924 
11705 257 258 259 2733 
11706 2718 2703 2733 257 
11707 258 257 2718 2733 
11708 2703 2718 2733 2734 
11709 2719 2704 2734 2703 
11710 2718 2703 2719 2734 
11711 2704 2719 2734 2735 
11712 2720 2705 2735 2704 
11713 2719 2704 2720 2735 
11714 2705 2720 2735 2736 
11715 2721 2706 2736 2705 
11716 2720 2705 2721 2736 
11717 2706 2721 2736 2737 
11718 2722 2707 2737 2706 
11719 2721 2706 2722 2737 
11720 2707 2722 2737 2738 
11721 2723 2708 2738 2707 
11722 2722 2707 2723 2738 
11723 2708 2723 2738 2739 
11724 2724 2709 2739 2708 
11725 2723 2708 2724 2739 
11726 2709 2724 2739 2740 
11727 2725 2710 2740 2709 
11728 2724 2709 2725 2740 
11729 2710 2725 2740 2741 
11730 2726 2711 2741 2710 
11731 2725 2710 2726 2741 
11732 2711 2726 2741 2742 
11733 2727 2712 2742 2711 
11734 2726 2711 2727 2742 
11735 2712 2727 2742 2743 
11736 2728 2713 2743 2712 
11737 2727 2712 2728 2743 
11738 2713 2728 2743 2744 
11739 2729 2714 2744 2713 
11740 2728 2713 2729 2744 
11741 2714 2729 2744 2745 
11742 2730 2715 2745 2714 
11743 2729 2714 2730 2745 
11744 2715 2730 2745 2746 
11745 2731 2716 2746 2715 
11746 2730 2715 2731 2746 
11747 2716 2731 2746 2747 
11748 2732 2717 2747 2716 
11749 2731 2716 2732 2747 
11750 2717 2732 2747 1026 
11751 1025 1024 1026 2717 
11752 2732 2717 1025 1026 
11753 207 189 257 1953 
11754 1683 1953 2703 189 
11755 189 1953 2703 257 
11756 1953 1683 2703 1954 
11757 1684 1954 2704 1683 
11758 1683 1954 2704 2703 
11759 1954 1684 2704 1955 
11760 1685 1955 2705 1684 
11761 1684 1955 2705 2704 
11762 1955 1685 2705 1956 
11763 1686 1956 2706 1685 
11764 1685 1956 2706 2705 
11765 1956 1686 2706 1957 
11766 1687 1957 2707 1686 
11767 1686 1957 2707 2706 
11768 1957 1687 2707 1958 
11769 1688 1958 2708 1687 
11770 1687 1958 2708 2707 
11771 1958 1688 2708 1959 
11772 1689 1959 2709 1688 
11773 1688 1959 2709 2708 
11774 1959 1689 2709 1960 
11775 1690 1960 2710 1689 
11776 1689 1960 2710 2709 
11777 1960 1690 2710 1961 
11778 1691 1961 2711 1690 
11779 1690 1961 2711 2710 
11780 1961 1691 2711 1962 
11781 1692 1962 2712 1691 
11782 1691 1962 2712 2711 
11783 1962 1692 2712 1963 
11784 1693 1963 2713 1692 
11785 1692 1963 2713 2712 
11786 1963 1693 2713 1964 
11787 1694 1964 2714 1693 
11788 1693 1964 2714 2713 
11789 1964 1694 2714 1965 
11790 1695 1965 2715 1694 
11791 1694 1965 2715 2714 
11792 1965 1695 2715 1966 
11793 1696 1966 2716 1695 
11794 1695 1966 2716 2715 
11795 1966 1696 2716 1967 
11796 1697 1967 2717 1696 
11797 1696 1967 2717 2716 
11798 1967 1697 2717 974 
11799 956 974 1024 1697 
11800 1697 974 1024 2717 
11801 202 265 273 2943 
11802 2823 1878 2943 202 
11803 265 202 2823 2943 
11804 1878 2823 2943 2944 
11805 2824 1879 2944 1878 
11806 2823 1878 2824 2944 
11807 1879 2824 2944 2945 
11808 2825 1880 2945 1879 
11809 2824 1879 2825 2945 
11810 1880 2825 2945 2946 
11811 2826 1881 2946 1880 
11812 2825 1880 2826 2946 
11813 1881 2826 2946 2947 
11814 2827 1882 2947 1881 
11815 2826 1881 2827 2947 
11816 1882 2827 2947 2948 
11817 2828 1883 2948 1882 
11818 2827 1882 2828 2948 
11819 1883 2828 2948 2949 
11820 2829 1884 2949 1883 
11821 2828 1883 2829 2949 
11822 1884 2829 2949 2950 
11823 2830 1885 2950 1884 
11824 2829 1884 2830 2950 
11825 1885 2830 2950 2951 
11826 2831 1886 2951 1885 
11827 2830 1885 2831 2951 
11828 1886 2831 2951 2952 
11829 2832 1887 2952 1886 
11830 2831 1886 2832 2952 
11831 1887 2832 2952 2953 
11832 2833 1888 2953 1887 
11833 2832 1887 2833 2953 
11834 1888 2833 2953 2954 
11835 2834 1889 2954 1888 
11836 2833 1888 2834 2954 
11837 1889 2834 2954 2955 
11838 2835 1890 2955 1889 
11839 2834 1889 2835 2955 
11840 1890 2835 2955 2956 
11841 2836 1891 2956 1890 
11842 2835 1890 2836 2956 
11843 1891 2836 2956 2957 
11844 2837 1892 2957 1891 
11845 2836 1891 2837 2957 
11846 1892 2837 2957 1040 
11847 1032 969 1040 1892 
11848 2837 1892 1032 1040 
11849 196 200 268 2868 
11850 1848 1788 2868 196 
11851 200 196 1848 2868 
11852 1788 1848 2868 2869 
11853 1849 1789 2869 1788 
11854 1848 1788 1849 2869 
11855 1789 1849 2869 2870 
11856 1850 1790 2870 1789 
11857 1849 1789 1850 2870 
11858 1790 1850 2870 2871 
11859 1851 1791 2871 1790 
11860 1850 1790 1851 2871 
11861 1791 1851 2871 2872 
11862 1852 1792 2872 1791 
11863 1851 1791 1852 2872 
11864 1792 1852 2872 2873 
11865 1853 1793 2873 1792 
11866 1852 1792 1853 2873 
11867 1793 1853 2873 2874 
11868 1854 1794 2874 1793 
11869 1853 1793 1854 2874 
11870 1794 1854 2874 2875 
11871 1855 1795 2875 1794 
11872 1854 1794 1855 2875 
11873 1795 1855 2875 2876 
11874 1856 1796 2876 1795 
11875 1855 1795 1856 2876 
11876 1796 1856 2876 2877 
11877 1857 1797 2877 1796 
11878 1856 1796 1857 2877 
11879 1797 1857 2877 2878 
11880 1858 1798 2878 1797 
11881 1857 1797 1858 2878 
11882 1798 1858 2878 2879 
11883 1859 1799 2879 1798 
11884 1858 1798 1859 2879 
11885 1799 1859 2879 2880 
11886 1860 1800 2880 1799 
11887 1859 1799 1860 2880 
11888 1800 1860 2880 2881 
11889 1861 1801 2881 1800 
11890 1860 1800 1861 2881 
11891 1801 1861 2881 2882 
11892 1862 1802 2882 1801 
11893 1861 1801 1862 2882 
11894 1802 1862 2882 1035 
11895 967 963 1035 1802 
11896 1862 1802 967 1035 
11897 184 270 271 2913 
11898 2898 1608 2913 270 
11899 270 1608 2913 184 
11900 1608 2898 2913 2914 
11901 2899 1609 2914 2898 
11902 2898 1609 2914 1608 
11903 1609 2899 2914 2915 
11904 2900 1610 2915 2899 
11905 2899 1610 2915 1609 
11906 1610 2900 2915 2916 
11907 2901 1611 2916 2900 
11908 2900 1611 2916 1610 
11909 1611 2901 2916 2917 
11910 2902 1612 2917 2901 
11911 2901 1612 2917 1611 
11912 1612 2902 2917 2918 
11913 2903 1613 2918 2902 
11914 2902 1613 2918 1612 
11915 1613 2903 2918 2919 
11916 2904 1614 2919 2903 
11917 2903 1614 2919 1613 
11918 1614 2904 2919 2920 
11919 2905 1615 2920 2904 
11920 2904 1615 2920 1614 
11921 1615 2905 2920 2921 
11922 2906 1616 2921 2905 
11923 2905 1616 2921 1615 
11924 1616 2906 2921 2922 
11925 2907 1617 2922 2906 
11926 2906 1617 2922 1616 
11927 1617 2907 2922 2923 
11928 2908 1618 2923 2907 
11929 2907 1618 2923 1617 
11930 1618 2908 2923 2924 
11931 2909 1619 2924 2908 
11932 2908 1619 2924 1618 
11933 1619 2909 2924 2925 
11934 2910 1620 2925 2909 
11935 2909 1620 2925 1619 
11936 1620 2910 2925 2926 
11937 2911 1621 2926 2910 
11938 2910 1621 2926 1620 
11939 1621 2911 2926 2927 
11940 2912 1622 2927 2911 
11941 2911 1622 2927 1621 
11942 1622 2912 2927 1038 
11943 1037 951 1038 2912 
11944 2912 951 1038 1622 
11945 255 194 268 2868 
11946 1758 2673 2868 194 
11947 194 2673 2868 255 
11948 2673 1758 2868 2869 
11949 1759 2674 2869 1758 
11950 1758 2674 2869 2673 
11951 2674 1759 2869 2870 
11952 1760 2675 2870 1759 
11953 1759 2675 2870 2674 
11954 2675 1760 2870 2871 
11955 1761 2676 2871 1760 
11956 1760 2676 2871 2675 
11957 2676 1761 2871 2872 
11958 1762 2677 2872 1761 
11959 1761 2677 2872 2676 
11960 2677 1762 2872 2873 
11961 1763 2678 2873 1762 
11962 1762 2678 2873 2677 
11963 2678 1763 2873 2874 
11964 1764 2679 2874 1763 
11965 1763 2679 2874 2678 
11966 2679 1764 2874 2875 
11967 1765 2680 2875 1764 
11968 1764 2680 2875 2679 
11969 2680 1765 2875 2876 
11970 1766 2681 2876 1765 
11971 1765 2681 2876 2680 
11972 2681 1766 2876 2877 
11973 1767 2682 2877 1766 
11974 1766 2682 2877 2681 
11975 2682 1767 2877 2878 
11976 1768 2683 2878 1767 
11977 1767 2683 2878 2682 
11978 2683 1768 2878 2879 
11979 1769 2684 2879 1768 
11980 1768 2684 2879 2683 
11981 2684 1769 2879 2880 
11982 1770 2685 2880 1769 
11983 1769 2685 2880 2684 
11984 2685 1770 2880 2881 
11985 1771 2686 2881 1770 
11986 1770 2686 2881 2685 
11987 2686 1771 2881 2882 
11988 1772 2687 2882 1771 
11989 1771 2687 2882 2686 
11990 2687 1772 2882 1035 
11991 961 1022 1035 1772 
11992 1772 1022 1035 2687 
11993 270 245 271 2913 
11994 2523 2898 2913 245 
11995 245 2898 2913 270 
11996 2898 2523 2913 2914 
11997 2524 2899 2914 2523 
11998 2523 2899 2914 2898 
11999 2899 2524 2914 2915 
12000 2525 2900 2915 2524 
12001 2524 2900 2915 2899 
12002 2900 2525 2915 2916 
12003 2526 2901 2916 2525 
12004 2525 2901 2916 2900 
12005 2901 2526 2916 2917 
12006 2527 2902 2917 2526 
12007 2526 2902 2917 2901 
12008 2902 2527 2917 2918 
12009 2528 2903 2918 2527 
12010 2527 2903 2918 2902 
12011 2903 2528 2918 2919 
12012 2529 2904 2919 2528 
12013 2528 2904 2919 2903 
12014 2904 2529 2919 2920 
12015 2530 2905 2920 2529 
12016 2529 2905 2920 2904 
12017 2905 2530 2920 2921 
12018 2531 2906 2921 2530 
12019 2530 2906 2921 2905 
12020 2906 2531 2921 2922 
12021 2532 2907 2922 2531 
12022 2531 2907 2922 2906 
12023 2907 2532 2922 2923 
12024 2533 2908 2923 2532 
12025 2532 2908 2923 2907 
12026 2908 2533 2923 2924 
12027 2534 2909 2924 2533 
12028 2533 2909 2924 2908 
12029 2909 2534 2924 2925 
12030 2535 2910 2925 2534 
12031 2534 2910 2925 2909 
12032 2910 2535 2925 2926 
12033 2536 2911 2926 2535 
12034 2535 2911 2926 2910 
12035 2911 2536 2926 2927 
12036 2537 2912 2927 2536 
12037 2536 2912 2927 2911 
12038 2912 2537 2927 1038 
12039 1012 1037 1038 2537 
12040 2537 1037 1038 2912 
12041 44 45 160 1248 
12042 856 841 1248 44 
12043 45 44 856 1248 
12044 841 856 1248 1249 
12045 857 842 1249 841 
12046 856 841 857 1249 
12047 842 857 1249 1250 
12048 858 843 1250 842 
12049 857 842 858 1250 
12050 843 858 1250 1251 
12051 859 844 1251 843 
12052 858 843 859 1251 
12053 844 859 1251 1252 
12054 860 845 1252 844 
12055 859 844 860 1252 
12056 845 860 1252 1253 
12057 861 846 1253 845 
12058 860 845 861 1253 
12059 846 861 1253 1254 
12060 862 847 1254 846 
12061 861 846 862 1254 
12062 847 862 1254 1255 
12063 863 848 1255 847 
12064 862 847 863 1255 
12065 848 863 1255 1256 
12066 864 849 1256 848 
12067 863 848 864 1256 
12068 849 864 1256 1257 
12069 865 850 1257 849 
12070 864 849 865 1257 
12071 850 865 1257 1258 
12072 866 851 1258 850 
12073 865 850 866 1258 
12074 851 866 1258 1259 
12075 867 852 1259 851 
12076 866 851 867 1259 
12077 852 867 1259 1260 
12078 868 853 1260 852 
12079 867 852 868 1260 
12080 853 868 1260 1261 
12081 869 854 1261 853 
12082 868 853 869 1261 
12083 854 869 1261 1262 
12084 870 855 1262 854 
12085 869 854 870 1262 
12086 855 870 1262 927 
12087 142 143 927 855 
12088 870 855 142 927 
12089 225 223 245 2523 
12090 2193 2223 2523 223 
12091 223 2223 2523 225 
12092 2223 2193 2523 2524 
12093 2194 2224 2524 2193 
12094 2193 2224 2524 2223 
12095 2224 2194 2524 2525 
12096 2195 2225 2525 2194 
12097 2194 2225 2525 2224 
12098 2225 2195 2525 2526 
12099 2196 2226 2526 2195 
12100 2195 2226 2526 2225 
12101 2226 2196 2526 2527 
12102 2197 2227 2527 2196 
12103 2196 2227 2527 2226 
12104 2227 2197 2527 2528 
12105 2198 2228 2528 2197 
12106 2197 2228 2528 2227 
12107 2228 2198 2528 2529 
12108 2199 2229 2529 2198 
12109 2198 2229 2529 2228 
12110 2229 2199 2529 2530 
12111 2200 2230 2530 2199 
12112 2199 2230 2530 2229 
12113 2230 2200 2530 2531 
12114 2201 2231 2531 2200 
12115 2200 2231 2531 2230 
12116 2231 2201 2531 2532 
12117 2202 2232 2532 2201 
12118 2201 2232 2532 2231 
12119 2232 2202 2532 2533 
12120 2203 2233 2533 2202 
12121 2202 2233 2533 2232 
12122 2233 2203 2533 2534 
12123 2204 2234 2534 2203 
12124 2203 2234 2534 2233 
12125 2234 2204 2534 2535 
12126 2205 2235 2535 2204 
12127 2204 2235 2535 2234 
12128 2235 2205 2535 2536 
12129 2206 2236 2536 2205 
12130 2205 2236 2536 2235 
12131 2236 2206 2536 2537 
12132 2207 2237 2537 2206 
12133 2206 2237 2537 2236 
12134 2237 2207 2537 1012 
12135 990 992 1012 2207 
12136 2207 992 1012 2237 
12137 184 179 270 1608 
12138 1533 1608 2898 179 
12139 179 1608 2898 270 
12140 1608 1533 2898 1609 
12141 1534 1609 2899 1533 
12142 1533 1609 2899 2898 
12143 1609 1534 2899 1610 
12144 1535 1610 2900 1534 
12145 1534 1610 2900 2899 
12146 1610 1535 2900 1611 
12147 1536 1611 2901 1535 
12148 1535 1611 2901 2900 
12149 1611 1536 2901 1612 
12150 1537 1612 2902 1536 
12151 1536 1612 2902 2901 
12152 1612 1537 2902 1613 
12153 1538 1613 2903 1537 
12154 1537 1613 2903 2902 
12155 1613 1538 2903 1614 
12156 1539 1614 2904 1538 
12157 1538 1614 2904 2903 
12158 1614 1539 2904 1615 
12159 1540 1615 2905 1539 
12160 1539 1615 2905 2904 
12161 1615 1540 2905 1616 
12162 1541 1616 2906 1540 
12163 1540 1616 2906 2905 
12164 1616 1541 2906 1617 
12165 1542 1617 2907 1541 
12166 1541 1617 2907 2906 
12167 1617 1542 2907 1618 
12168 1543 1618 2908 1542 
12169 1542 1618 2908 2907 
12170 1618 1543 2908 1619 
12171 1544 1619 2909 1543 
12172 1543 1619 2909 2908 
12173 1619 1544 2909 1620 
12174 1545 1620 2910 1544 
12175 1544 1620 2910 2909 
12176 1620 1545 2910 1621 
12177 1546 1621 2911 1545 
12178 1545 1621 2911 2910 
12179 1621 1546 2911 1622 
12180 1547 1622 2912 1546 
12181 1546 1622 2912 2911 
12182 1622 1547 2912 951 
12183 946 951 1037 1547 
12184 1547 951 1037 2912 
12185 193 199 205 1743 
12186 1833 1743 1923 199 
12187 199 1743 1923 205 
12188 1743 1833 1923 1744 
12189 1834 1744 1924 1833 
12190 1833 1744 1924 1923 
12191 1744 1834 1924 1745 
12192 1835 1745 1925 1834 
12193 1834 1745 1925 1924 
12194 1745 1835 1925 1746 
12195 1836 1746 1926 1835 
12196 1835 1746 1926 1925 
12197 1746 1836 1926 1747 
12198 1837 1747 1927 1836 
12199 1836 1747 1927 1926 
12200 1747 1837 1927 1748 
12201 1838 1748 1928 1837 
12202 1837 1748 1928 1927 
12203 1748 1838 1928 1749 
12204 1839 1749 1929 1838 
12205 1838 1749 1929 1928 
12206 1749 1839 1929 1750 
12207 1840 1750 1930 1839 
12208 1839 1750 1930 1929 
12209 1750 1840 1930 1751 
12210 1841 1751 1931 1840 
12211 1840 1751 1931 1930 
12212 1751 1841 1931 1752 
12213 1842 1752 1932 1841 
12214 1841 1752 1932 1931 
12215 1752 1842 1932 1753 
12216 1843 1753 1933 1842 
12217 1842 1753 1933 1932 
12218 1753 1843 1933 1754 
12219 1844 1754 1934 1843 
12220 1843 1754 1934 1933 
12221 1754 1844 1934 1755 
12222 1845 1755 1935 1844 
12223 1844 1755 1935 1934 
12224 1755 1845 1935 1756 
12225 1846 1756 1936 1845 
12226 1845 1756 1936 1935 
12227 1756 1846 1936 1757 
12228 1847 1757 1937 1846 
12229 1846 1757 1937 1936 
12230 1757 1847 1937 960 
12231 966 960 972 1847 
12232 1847 960 972 1937 
12233 221 206 272 2928 
12234 1938 2163 2928 206 
12235 206 2163 2928 221 
12236 2163 1938 2928 2929 
12237 1939 2164 2929 1938 
12238 1938 2164 2929 2163 
12239 2164 1939 2929 2930 
12240 1940 2165 2930 1939 
12241 1939 2165 2930 2164 
12242 2165 1940 2930 2931 
12243 1941 2166 2931 1940 
12244 1940 2166 2931 2165 
12245 2166 1941 2931 2932 
12246 1942 2167 2932 1941 
12247 1941 2167 2932 2166 
12248 2167 1942 2932 2933 
12249 1943 2168 2933 1942 
12250 1942 2168 2933 2167 
12251 2168 1943 2933 2934 
12252 1944 2169 2934 1943 
12253 1943 2169 2934 2168 
12254 2169 1944 2934 2935 
12255 1945 2170 2935 1944 
12256 1944 2170 2935 2169 
12257 2170 1945 2935 2936 
12258 1946 2171 2936 1945 
12259 1945 2171 2936 2170 
12260 2171 1946 2936 2937 
12261 1947 2172 2937 1946 
12262 1946 2172 2937 2171 
12263 2172 1947 2937 2938 
12264 1948 2173 2938 1947 
12265 1947 2173 2938 2172 
12266 2173 1948 2938 2939 
12267 1949 2174 2939 1948 
12268 1948 2174 2939 2173 
12269 2174 1949 2939 2940 
12270 1950 2175 2940 1949 
12271 1949 2175 2940 2174 
12272 2175 1950 2940 2941 
12273 1951 2176 2941 1950 
12274 1950 2176 2941 2175 
12275 2176 1951 2941 2942 
12276 1952 2177 2942 1951 
12277 1951 2177 2942 2176 
12278 2177 1952 2942 1039 
12279 973 988 1039 1952 
12280 1952 988 1039 2177 
12281 193 191 199 1743 
12282 1713 1743 1833 191 
12283 191 1743 1833 199 
12284 1743 1713 1833 1744 
12285 1714 1744 1834 1713 
12286 1713 1744 1834 1833 
12287 1744 1714 1834 1745 
12288 1715 1745 1835 1714 
12289 1714 1745 1835 1834 
12290 1745 1715 1835 1746 
12291 1716 1746 1836 1715 
12292 1715 1746 1836 1835 
12293 1746 1716 1836 1747 
12294 1717 1747 1837 1716 
12295 1716 1747 1837 1836 
12296 1747 1717 1837 1748 
12297 1718 1748 1838 1717 
12298 1717 1748 1838 1837 
12299 1748 1718 1838 1749 
12300 1719 1749 1839 1718 
12301 1718 1749 1839 1838 
12302 1749 1719 1839 1750 
12303 1720 1750 1840 1719 
12304 1719 1750 1840 1839 
12305 1750 1720 1840 1751 
12306 1721 1751 1841 1720 
12307 1720 1751 1841 1840 
12308 1751 1721 1841 1752 
12309 1722 1752 1842 1721 
12310 1721 1752 1842 1841 
12311 1752 1722 1842 1753 
12312 1723 1753 1843 1722 
12313 1722 1753 1843 1842 
12314 1753 1723 1843 1754 
12315 1724 1754 1844 1723 
12316 1723 1754 1844 1843 
12317 1754 1724 1844 1755 
12318 1725 1755 1845 1724 
12319 1724 1755 1845 1844 
12320 1755 1725 1845 1756 
12321 1726 1756 1846 1725 
12322 1725 1756 1846 1845 
12323 1756 1726 1846 1757 
12324 1727 1757 1847 1726 
12325 1726 1757 1847 1846 
12326 1757 1727 1847 960 
12327 958 960 966 1727 
12328 1727 960 966 1847 
12329 207 257 259 1953 
12330 2703 1953 2733 257 
12331 257 1953 2733 259 
12332 1953 2703 2733 1954 
12333 2704 1954 2734 2703 
12334 2703 1954 2734 2733 
12335 1954 2704 2734 1955 
12336 2705 1955 2735 2704 
12337 2704 1955 2735 2734 
12338 1955 2705 2735 1956 
12339 2706 1956 2736 2705 
12340 2705 1956 2736 2735 
12341 1956 2706 2736 1957 
12342 2707 1957 2737 2706 
12343 2706 1957 2737 2736 
12344 1957 2707 2737 1958 
12345 2708 1958 2738 2707 
12346 2707 1958 2738 2737 
12347 1958 2708 2738 1959 
12348 2709 1959 2739 2708 
12349 2708 1959 2739 2738 
12350 1959 2709 2739 1960 
12351 2710 1960 2740 2709 
12352 2709 1960 2740 2739 
12353 1960 2710 2740 1961 
12354 2711 1961 2741 2710 
12355 2710 1961 2741 2740 
12356 1961 2711 2741 1962 
12357 2712 1962 2742 2711 
12358 2711 1962 2742 2741 
12359 1962 2712 2742 1963 
12360 2713 1963 2743 2712 
12361 2712 1963 2743 2742 
12362 1963 2713 2743 1964 
12363 2714 1964 2744 2713 
12364 2713 1964 2744 2743 
12365 1964 2714 2744 1965 
12366 2715 1965 2745 2714 
12367 2714 1965 2745 2744 
12368 1965 2715 2745 1966 
12369 2716 1966 2746 2715 
12370 2715 1966 2746 2745 
12371 1966 2716 2746 1967 
12372 2717 1967 2747 2716 
12373 2716 1967 2747 2746 
12374 1967 2717 2747 974 
12375 1024 974 1026 2717 
12376 2717 974 1026 2747 
12377 205 219 266 2838 
12378 2133 1923 2838 205 
12379 219 205 2133 2838 
12380 1923 2133 2838 2839 
12381 2134 1924 2839 1923 
12382 2133 1923 2134 2839 
12383 1924 2134 2839 2840 
12384 2135 1925 2840 1924 
12385 2134 1924 2135 2840 
12386 1925 2135 2840 2841 
12387 2136 1926 2841 1925 
12388 2135 1925 2136 2841 
12389 1926 2136 2841 2842 
12390 2137 1927 2842 1926 
12391 2136 1926 2137 2842 
12392 1927 2137 2842 2843 
12393 2138 1928 2843 1927 
12394 2137 1927 2138 2843 
12395 1928 2138 2843 2844 
12396 2139 1929 2844 1928 
12397 2138 1928 2139 2844 
12398 1929 2139 2844 2845 
12399 2140 1930 2845 1929 
12400 2139 1929 2140 2845 
12401 1930 2140 2845 2846 
12402 2141 1931 2846 1930 
12403 2140 1930 2141 2846 
12404 1931 2141 2846 2847 
12405 2142 1932 2847 1931 
12406 2141 1931 2142 2847 
12407 1932 2142 2847 2848 
12408 2143 1933 2848 1932 
12409 2142 1932 2143 2848 
12410 1933 2143 2848 2849 
12411 2144 1934 2849 1933 
12412 2143 1933 2144 2849 
12413 1934 2144 2849 2850 
12414 2145 1935 2850 1934 
12415 2144 1934 2145 2850 
12416 1935 2145 2850 2851 
12417 2146 1936 2851 1935 
12418 2145 1935 2146 2851 
12419 1936 2146 2851 2852 
12420 2147 1937 2852 1936 
12421 2146 1936 2147 2852 
12422 1937 2147 2852 1033 
12423 986 972 1033 1937 
12424 2147 1937 986 1033 
12425 223 221 271 2913 
12426 2163 2193 2913 221 
12427 221 2193 2913 223 
12428 2193 2163 2913 2914 
12429 2164 2194 2914 2163 
12430 2163 2194 2914 2193 
12431 2194 2164 2914 2915 
12432 2165 2195 2915 2164 
12433 2164 2195 2915 2194 
12434 2195 2165 2915 2916 
12435 2166 2196 2916 2165 
12436 2165 2196 2916 2195 
12437 2196 2166 2916 2917 
12438 2167 2197 2917 2166 
12439 2166 2197 2917 2196 
12440 2197 2167 2917 2918 
12441 2168 2198 2918 2167 
12442 2167 2198 2918 2197 
12443 2198 2168 2918 2919 
12444 2169 2199 2919 2168 
12445 2168 2199 2919 2198 
12446 2199 2169 2919 2920 
12447 2170 2200 2920 2169 
12448 2169 2200 2920 2199 
12449 2200 2170 2920 2921 
12450 2171 2201 2921 2170 
12451 2170 2201 2921 2200 
12452 2201 2171 2921 2922 
12453 2172 2202 2922 2171 
12454 2171 2202 2922 2201 
12455 2202 2172 2922 2923 
12456 2173 2203 2923 2172 
12457 2172 2203 2923 2202 
12458 2203 2173 2923 2924 
12459 2174 2204 2924 2173 
12460 2173 2204 2924 2203 
12461 2204 2174 2924 2925 
12462 2175 2205 2925 2174 
12463 2174 2205 2925 2204 
12464 2205 2175 2925 2926 
12465 2176 2206 2926 2175 
12466 2175 2206 2926 2205 
12467 2206 2176 2926 2927 
12468 2177 2207 2927 2176 
12469 2176 2207 2927 2206 
12470 2207 2177 2927 1038 
12471 988 990 1038 2177 
12472 2177 990 1038 2207 
12473 184 271 272 2928 
12474 2913 1608 2928 184 
12475 271 184 2913 2928 
12476 1608 2913 2928 2929 
12477 2914 1609 2929 1608 
12478 2913 1608 2914 2929 
12479 1609 2914 2929 2930 
12480 2915 1610 2930 1609 
12481 2914 1609 2915 2930 
12482 1610 2915 2930 2931 
12483 2916 1611 2931 1610 
12484 2915 1610 2916 2931 
12485 1611 2916 2931 2932 
12486 2917 1612 2932 1611 
12487 2916 1611 2917 2932 
12488 1612 2917 2932 2933 
12489 2918 1613 2933 1612 
12490 2917 1612 2918 2933 
12491 1613 2918 2933 2934 
12492 2919 1614 2934 1613 
12493 2918 1613 2919 2934 
12494 1614 2919 2934 2935 
12495 2920 1615 2935 1614 
12496 2919 1614 2920 2935 
12497 1615 2920 2935 2936 
12498 2921 1616 2936 1615 
12499 2920 1615 2921 2936 
12500 1616 2921 2936 2937 
12501 2922 1617 2937 1616 
12502 2921 1616 2922 2937 
12503 1617 2922 2937 2938 
12504 2923 1618 2938 1617 
12505 2922 1617 2923 2938 
12506 1618 2923 2938 2939 
12507 2924 1619 2939 1618 
12508 2923 1618 2924 2939 
12509 1619 2924 2939 2940 
12510 2925 1620 2940 1619 
12511 2924 1619 2925 2940 
12512 1620 2925 2940 2941 
12513 2926 1621 2941 1620 
12514 2925 1620 2926 2941 
12515 1621 2926 2941 2942 
12516 2927 1622 2942 1621 
12517 2926 1621 2927 2942 
12518 1622 2927 2942 1039 
12519 1038 951 1039 1622 
12520 2927 1622 1038 1039 
12521 245 223 271 2913 
12522 2193 2523 2913 223 
12523 223 2523 2913 245 
12524 2523 2193 2913 2914 
12525 2194 2524 2914 2193 
12526 2193 2524 2914 2523 
12527 2524 2194 2914 2915 
12528 2195 2525 2915 2194 
12529 2194 2525 2915 2524 
12530 2525 2195 2915 2916 
12531 2196 2526 2916 2195 
12532 2195 2526 2916 2525 
12533 2526 2196 2916 2917 
12534 2197 2527 2917 2196 
12535 2196 2527 2917 2526 
12536 2527 2197 2917 2918 
12537 2198 2528 2918 2197 
12538 2197 2528 2918 2527 
12539 2528 2198 2918 2919 
12540 2199 2529 2919 2198 
12541 2198 2529 2919 2528 
12542 2529 2199 2919 2920 
12543 2200 2530 2920 2199 
12544 2199 2530 2920 2529 
12545 2530 2200 2920 2921 
12546 2201 2531 2921 2200 
12547 2200 2531 2921 2530 
12548 2531 2201 2921 2922 
12549 2202 2532 2922 2201 
12550 2201 2532 2922 2531 
12551 2532 2202 2922 2923 
12552 2203 2533 2923 2202 
12553 2202 2533 2923 2532 
12554 2533 2203 2923 2924 
12555 2204 2534 2924 2203 
12556 2203 2534 2924 2533 
12557 2534 2204 2924 2925 
12558 2205 2535 2925 2204 
12559 2204 2535 2925 2534 
12560 2535 2205 2925 2926 
12561 2206 2536 2926 2205 
12562 2205 2536 2926 2535 
12563 2536 2206 2926 2927 
12564 2207 2537 2927 2206 
12565 2206 2537 2927 2536 
12566 2537 2207 2927 1038 
12567 990 1012 1038 2207 
12568 2207 1012 1038 2537 
12569 271 221 272 2928 
12570 2163 2913 2928 221 
12571 221 2913 2928 271 
12572 2913 2163 2928 2929 
12573 2164 2914 2929 2163 
12574 2163 2914 2929 2913 
12575 2914 2164 2929 2930 
12576 2165 2915 2930 2164 
12577 2164 2915 2930 2914 
12578 2915 2165 2930 2931 
12579 2166 2916 2931 2165 
12580 2165 2916 2931 2915 
12581 2916 2166 2931 2932 
12582 2167 2917 2932 2166 
12583 2166 2917 2932 2916 
12584 2917 2167 2932 2933 
12585 2168 2918 2933 2167 
12586 2167 2918 2933 2917 
12587 2918 2168 2933 2934 
12588 2169 2919 2934 2168 
12589 2168 2919 2934 2918 
12590 2919 2169 2934 2935 
12591 2170 2920 2935 2169 
12592 2169 2920 2935 2919 
12593 2920 2170 2935 2936 
12594 2171 2921 2936 2170 
12595 2170 2921 2936 2920 
12596 2921 2171 2936 2937 
12597 2172 2922 2937 2171 
12598 2171 2922 2937 2921 
12599 2922 2172 2937 2938 
12600 2173 2923 2938 2172 
12601 2172 2923 2938 2922 
12602 2923 2173 2938 2939 
12603 2174 2924 2939 2173 
12604 2173 2924 2939 2923 
12605 2924 2174 2939 2940 
12606 2175 2925 2940 2174 
12607 2174 2925 2940 2924 
12608 2925 2175 2940 2941 
12609 2176 2926 2941 2175 
12610 2175 2926 2941 2925 
12611 2926 2176 2941 2942 
12612 2177 2927 2942 2176 
12613 2176 2927 2942 2926 
12614 2927 2177 2942 1039 
12615 988 1038 1039 2177 
12616 2177 1038 1039 2927 
12617 177 178 247 1503 
12618 1518 1503 2553 178 
12619 178 1503 2553 247 
12620 1503 1518 2553 1504 
12621 1519 1504 2554 1518 
12622 1518 1504 2554 2553 
12623 1504 1519 2554 1505 
12624 1520 1505 2555 1519 
12625 1519 1505 2555 2554 
12626 1505 1520 2555 1506 
12627 1521 1506 2556 1520 
12628 1520 1506 2556 2555 
12629 1506 1521 2556 1507 
12630 1522 1507 2557 1521 
12631 1521 1507 2557 2556 
12632 1507 1522 2557 1508 
12633 1523 1508 2558 1522 
12634 1522 1508 2558 2557 
12635 1508 1523 2558 1509 
12636 1524 1509 2559 1523 
12637 1523 1509 2559 2558 
12638 1509 1524 2559 1510 
12639 1525 1510 2560 1524 
12640 1524 1510 2560 2559 
12641 1510 1525 2560 1511 
12642 1526 1511 2561 1525 
12643 1525 1511 2561 2560 
12644 1511 1526 2561 1512 
12645 1527 1512 2562 1526 
12646 1526 1512 2562 2561 
12647 1512 1527 2562 1513 
12648 1528 1513 2563 1527 
12649 1527 1513 2563 2562 
12650 1513 1528 2563 1514 
12651 1529 1514 2564 1528 
12652 1528 1514 2564 2563 
12653 1514 1529 2564 1515 
12654 1530 1515 2565 1529 
12655 1529 1515 2565 2564 
12656 1515 1530 2565 1516 
12657 1531 1516 2566 1530 
12658 1530 1516 2566 2565 
12659 1516 1531 2566 1517 
12660 1532 1517 2567 1531 
12661 1531 1517 2567 2566 
12662 1517 1532 2567 944 
12663 945 944 1014 1532 
12664 1532 944 1014 2567 
12665 178 176 179 1518 
12666 1488 1518 1533 176 
12667 176 1518 1533 179 
12668 1518 1488 1533 1519 
12669 1489 1519 1534 1488 
12670 1488 1519 1534 1533 
12671 1519 1489 1534 1520 
12672 1490 1520 1535 1489 
12673 1489 1520 1535 1534 
12674 1520 1490 1535 1521 
12675 1491 1521 1536 1490 
12676 1490 1521 1536 1535 
12677 1521 1491 1536 1522 
12678 1492 1522 1537 1491 
12679 1491 1522 1537 1536 
12680 1522 1492 1537 1523 
12681 1493 1523 1538 1492 
12682 1492 1523 1538 1537 
12683 1523 1493 1538 1524 
12684 1494 1524 1539 1493 
12685 1493 1524 1539 1538 
12686 1524 1494 1539 1525 
12687 1495 1525 1540 1494 
12688 1494 1525 1540 1539 
12689 1525 1495 1540 1526 
12690 1496 1526 1541 1495 
12691 1495 1526 1541 1540 
12692 1526 1496 1541 1527 
12693 1497 1527 1542 1496 
12694 1496 1527 1542 1541 
12695 1527 1497 1542 1528 
12696 1498 1528 1543 1497 
12697 1497 1528 1543 1542 
12698 1528 1498 1543 1529 
12699 1499 1529 1544 1498 
12700 1498 1529 1544 1543 
12701 1529 1499 1544 1530 
12702 1500 1530 1545 1499 
12703 1499 1530 1545 1544 
12704 1530 1500 1545 1531 
12705 1501 1531 1546 1500 
12706 1500 1531 1546 1545 
12707 1531 1501 1546 1532 
12708 1502 1532 1547 1501 
12709 1501 1532 1547 1546 
12710 1532 1502 1547 945 
12711 943 945 946 1502 
12712 1502 945 946 1547 
12713 265 211 274 2958 
12714 2013 2823 2958 211 
12715 211 2823 2958 265 
12716 2823 2013 2958 2959 
12717 2014 2824 2959 2013 
12718 2013 2824 2959 2823 
12719 2824 2014 2959 2960 
12720 2015 2825 2960 2014 
12721 2014 2825 2960 2824 
12722 2825 2015 2960 2961 
12723 2016 2826 2961 2015 
12724 2015 2826 2961 2825 
12725 2826 2016 2961 2962 
12726 2017 2827 2962 2016 
12727 2016 2827 2962 2826 
12728 2827 2017 2962 2963 
12729 2018 2828 2963 2017 
12730 2017 2828 2963 2827 
12731 2828 2018 2963 2964 
12732 2019 2829 2964 2018 
12733 2018 2829 2964 2828 
12734 2829 2019 2964 2965 
12735 2020 2830 2965 2019 
12736 2019 2830 2965 2829 
12737 2830 2020 2965 2966 
12738 2021 2831 2966 2020 
12739 2020 2831 2966 2830 
12740 2831 2021 2966 2967 
12741 2022 2832 2967 2021 
12742 2021 2832 2967 2831 
12743 2832 2022 2967 2968 
12744 2023 2833 2968 2022 
12745 2022 2833 2968 2832 
12746 2833 2023 2968 2969 
12747 2024 2834 2969 2023 
12748 2023 2834 2969 2833 
12749 2834 2024 2969 2970 
12750 2025 2835 2970 2024 
12751 2024 2835 2970 2834 
12752 2835 2025 2970 2971 
12753 2026 2836 2971 2025 
12754 2025 2836 2971 2835 
12755 2836 2026 2971 2972 
12756 2027 2837 2972 2026 
12757 2026 2837 2972 2836 
12758 2837 2027 2972 1041 
12759 978 1032 1041 2027 
12760 2027 1032 1041 2837 
12761 247 265 274 2958 
12762 2823 2553 2958 247 
12763 265 247 2823 2958 
12764 2553 2823 2958 2959 
12765 2824 2554 2959 2553 
12766 2823 2553 2824 2959 
12767 2554 2824 2959 2960 
12768 2825 2555 2960 2554 
12769 2824 2554 2825 2960 
12770 2555 2825 2960 2961 
12771 2826 2556 2961 2555 
12772 2825 2555 2826 2961 
12773 2556 2826 2961 2962 
12774 2827 2557 2962 2556 
12775 2826 2556 2827 2962 
12776 2557 2827 2962 2963 
12777 2828 2558 2963 2557 
12778 2827 2557 2828 2963 
12779 2558 2828 2963 2964 
12780 2829 2559 2964 2558 
12781 2828 2558 2829 2964 
12782 2559 2829 2964 2965 
12783 2830 2560 2965 2559 
12784 2829 2559 2830 2965 
12785 2560 2830 2965 2966 
12786 2831 2561 2966 2560 
12787 2830 2560 2831 2966 
12788 2561 2831 2966 2967 
12789 2832 2562 2967 2561 
12790 2831 2561 2832 2967 
12791 2562 2832 2967 2968 
12792 2833 2563 2968 2562 
12793 2832 2562 2833 2968 
12794 2563 2833 2968 2969 
12795 2834 2564 2969 2563 
12796 2833 2563 2834 2969 
12797 2564 2834 2969 2970 
12798 2835 2565 2970 2564 
12799 2834 2564 2835 2970 
12800 2565 2835 2970 2971 
12801 2836 2566 2971 2565 
12802 2835 2565 2836 2971 
12803 2566 2836 2971 2972 
12804 2837 2567 2972 2566 
12805 2836 2566 2837 2972 
12806 2567 2837 2972 1041 
12807 1032 1014 1041 2567 
12808 2837 2567 1032 1041 
12809 211 215 274 2958 
12810 2073 2013 2958 211 
12811 215 211 2073 2958 
12812 2013 2073 2958 2959 
12813 2074 2014 2959 2013 
12814 2073 2013 2074 2959 
12815 2014 2074 2959 2960 
12816 2075 2015 2960 2014 
12817 2074 2014 2075 2960 
12818 2015 2075 2960 2961 
12819 2076 2016 2961 2015 
12820 2075 2015 2076 2961 
12821 2016 2076 2961 2962 
12822 2077 2017 2962 2016 
12823 2076 2016 2077 2962 
12824 2017 2077 2962 2963 
12825 2078 2018 2963 2017 
12826 2077 2017 2078 2963 
12827 2018 2078 2963 2964 
12828 2079 2019 2964 2018 
12829 2078 2018 2079 2964 
12830 2019 2079 2964 2965 
12831 2080 2020 2965 2019 
12832 2079 2019 2080 2965 
12833 2020 2080 2965 2966 
12834 2081 2021 2966 2020 
12835 2080 2020 2081 2966 
12836 2021 2081 2966 2967 
12837 2082 2022 2967 2021 
12838 2081 2021 2082 2967 
12839 2022 2082 2967 2968 
12840 2083 2023 2968 2022 
12841 2082 2022 2083 2968 
12842 2023 2083 2968 2969 
12843 2084 2024 2969 2023 
12844 2083 2023 2084 2969 
12845 2024 2084 2969 2970 
12846 2085 2025 2970 2024 
12847 2084 2024 2085 2970 
12848 2025 2085 2970 2971 
12849 2086 2026 2971 2025 
12850 2085 2025 2086 2971 
12851 2026 2086 2971 2972 
12852 2087 2027 2972 2026 
12853 2086 2026 2087 2972 
12854 2027 2087 2972 1041 
12855 982 978 1041 2027 
12856 2087 2027 982 1041 
12857 177 176 178 1503 
12858 1488 1503 1518 176 
12859 176 1503 1518 178 
12860 1503 1488 1518 1504 
12861 1489 1504 1519 1488 
12862 1488 1504 1519 1518 
12863 1504 1489 1519 1505 
12864 1490 1505 1520 1489 
12865 1489 1505 1520 1519 
12866 1505 1490 1520 1506 
12867 1491 1506 1521 1490 
12868 1490 1506 1521 1520 
12869 1506 1491 1521 1507 
12870 1492 1507 1522 1491 
12871 1491 1507 1522 1521 
12872 1507 1492 1522 1508 
12873 1493 1508 1523 1492 
12874 1492 1508 1523 1522 
12875 1508 1493 1523 1509 
12876 1494 1509 1524 1493 
12877 1493 1509 1524 1523 
12878 1509 1494 1524 1510 
12879 1495 1510 1525 1494 
12880 1494 1510 1525 1524 
12881 1510 1495 1525 1511 
12882 1496 1511 1526 1495 
12883 1495 1511 1526 1525 
12884 1511 1496 1526 1512 
12885 1497 1512 1527 1496 
12886 1496 1512 1527 1526 
12887 1512 1497 1527 1513 
12888 1498 1513 1528 1497 
12889 1497 1513 1528 1527 
12890 1513 1498 1528 1514 
12891 1499 1514 1529 1498 
12892 1498 1514 1529 1528 
12893 1514 1499 1529 1515 
12894 1500 1515 1530 1499 
12895 1499 1515 1530 1529 
12896 1515 1500 1530 1516 
12897 1501 1516 1531 1500 
12898 1500 1516 1531 1530 
12899 1516 1501 1531 1517 
12900 1502 1517 1532 1501 
12901 1501 1517 1532 1531 
12902 1517 1502 1532 944 
12903 943 944 945 1502 
12904 1502 944 945 1532 
12905 174 176 177 1458 
12906 1488 1458 1503 176 
12907 176 1458 1503 177 
12908 1458 1488 1503 1459 
12909 1489 1459 1504 1488 
12910 1488 1459 1504 1503 
12911 1459 1489 1504 1460 
12912 1490 1460 1505 1489 
12913 1489 1460 1505 1504 
12914 1460 1490 1505 1461 
12915 1491 1461 1506 1490 
12916 1490 1461 1506 1505 
12917 1461 1491 1506 1462 
12918 1492 1462 1507 1491 
12919 1491 1462 1507 1506 
12920 1462 1492 1507 1463 
12921 1493 1463 1508 1492 
12922 1492 1463 1508 1507 
12923 1463 1493 1508 1464 
12924 1494 1464 1509 1493 
12925 1493 1464 1509 1508 
12926 1464 1494 1509 1465 
12927 1495 1465 1510 1494 
12928 1494 1465 1510 1509 
12929 1465 1495 1510 1466 
12930 1496 1466 1511 1495 
12931 1495 1466 1511 1510 
12932 1466 1496 1511 1467 
12933 1497 1467 1512 1496 
12934 1496 1467 1512 1511 
12935 1467 1497 1512 1468 
12936 1498 1468 1513 1497 
12937 1497 1468 1513 1512 
12938 1468 1498 1513 1469 
12939 1499 1469 1514 1498 
12940 1498 1469 1514 1513 
12941 1469 1499 1514 1470 
12942 1500 1470 1515 1499 
12943 1499 1470 1515 1514 
12944 1470 1500 1515 1471 
12945 1501 1471 1516 1500 
12946 1500 1471 1516 1515 
12947 1471 1501 1516 1472 
12948 1502 1472 1517 1501 
12949 1501 1472 1517 1516 
12950 1472 1502 1517 941 
12951 943 941 944 1502 
12952 1502 941 944 1517 
12953 174 175 176 1458 
12954 1473 1458 1488 175 
12955 175 1458 1488 176 
12956 1458 1473 1488 1459 
12957 1474 1459 1489 1473 
12958 1473 1459 1489 1488 
12959 1459 1474 1489 1460 
12960 1475 1460 1490 1474 
12961 1474 1460 1490 1489 
12962 1460 1475 1490 1461 
12963 1476 1461 1491 1475 
12964 1475 1461 1491 1490 
12965 1461 1476 1491 1462 
12966 1477 1462 1492 1476 
12967 1476 1462 1492 1491 
12968 1462 1477 1492 1463 
12969 1478 1463 1493 1477 
12970 1477 1463 1493 1492 
12971 1463 1478 1493 1464 
12972 1479 1464 1494 1478 
12973 1478 1464 1494 1493 
12974 1464 1479 1494 1465 
12975 1480 1465 1495 1479 
12976 1479 1465 1495 1494 
12977 1465 1480 1495 1466 
12978 1481 1466 1496 1480 
12979 1480 1466 1496 1495 
12980 1466 1481 1496 1467 
12981 1482 1467 1497 1481 
12982 1481 1467 1497 1496 
12983 1467 1482 1497 1468 
12984 1483 1468 1498 1482 
12985 1482 1468 1498 1497 
12986 1468 1483 1498 1469 
12987 1484 1469 1499 1483 
12988 1483 1469 1499 1498 
12989 1469 1484 1499 1470 
12990 1485 1470 1500 1484 
12991 1484 1470 1500 1499 
12992 1470 1485 1500 1471 
12993 1486 1471 1501 1485 
12994 1485 1471 1501 1500 
12995 1471 1486 1501 1472 
12996 1487 1472 1502 1486 
12997 1486 1472 1502 1501 
12998 1472 1487 1502 941 
12999 942 941 943 1487 
13000 1487 941 943 1502 
13001 246 215 275 2973 
13002 2073 2538 2973 246 
13003 215 246 2073 2973 
13004 2538 2073 2973 2974 
13005 2074 2539 2974 2538 
13006 2073 2538 2074 2974 
13007 2539 2074 2974 2975 
13008 2075 2540 2975 2539 
13009 2074 2539 2075 2975 
13010 2540 2075 2975 2976 
13011 2076 2541 2976 2540 
13012 2075 2540 2076 2976 
13013 2541 2076 2976 2977 
13014 2077 2542 2977 2541 
13015 2076 2541 2077 2977 
13016 2542 2077 2977 2978 
13017 2078 2543 2978 2542 
13018 2077 2542 2078 2978 
13019 2543 2078 2978 2979 
13020 2079 2544 2979 2543 
13021 2078 2543 2079 2979 
13022 2544 2079 2979 2980 
13023 2080 2545 2980 2544 
13024 2079 2544 2080 2980 
13025 2545 2080 2980 2981 
13026 2081 2546 2981 2545 
13027 2080 2545 2081 2981 
13028 2546 2081 2981 2982 
13029 2082 2547 2982 2546 
13030 2081 2546 2082 2982 
13031 2547 2082 2982 2983 
13032 2083 2548 2983 2547 
13033 2082 2547 2083 2983 
13034 2548 2083 2983 2984 
13035 2084 2549 2984 2548 
13036 2083 2548 2084 2984 
13037 2549 2084 2984 2985 
13038 2085 2550 2985 2549 
13039 2084 2549 2085 2985 
13040 2550 2085 2985 2986 
13041 2086 2551 2986 2550 
13042 2085 2550 2086 2986 
13043 2551 2086 2986 2987 
13044 2087 2552 2987 2551 
13045 2086 2551 2087 2987 
13046 2552 2087 2987 1042 
13047 982 1013 1042 2552 
13048 2087 2552 982 1042 
13049 215 216 275 2973 
13050 2088 2073 2973 215 
13051 216 215 2088 2973 
13052 2073 2088 2973 2974 
13053 2089 2074 2974 2073 
13054 2088 2073 2089 2974 
13055 2074 2089 2974 2975 
13056 2090 2075 2975 2074 
13057 2089 2074 2090 2975 
13058 2075 2090 2975 2976 
13059 2091 2076 2976 2075 
13060 2090 2075 2091 2976 
13061 2076 2091 2976 2977 
13062 2092 2077 2977 2076 
13063 2091 2076 2092 2977 
13064 2077 2092 2977 2978 
13065 2093 2078 2978 2077 
13066 2092 2077 2093 2978 
13067 2078 2093 2978 2979 
13068 2094 2079 2979 2078 
13069 2093 2078 2094 2979 
13070 2079 2094 2979 2980 
13071 2095 2080 2980 2079 
13072 2094 2079 2095 2980 
13073 2080 2095 2980 2981 
13074 2096 2081 2981 2080 
13075 2095 2080 2096 2981 
13076 2081 2096 2981 2982 
13077 2097 2082 2982 2081 
13078 2096 2081 2097 2982 
13079 2082 2097 2982 2983 
13080 2098 2083 2983 2082 
13081 2097 2082 2098 2983 
13082 2083 2098 2983 2984 
13083 2099 2084 2984 2083 
13084 2098 2083 2099 2984 
13085 2084 2099 2984 2985 
13086 2100 2085 2985 2084 
13087 2099 2084 2100 2985 
13088 2085 2100 2985 2986 
13089 2101 2086 2986 2085 
13090 2100 2085 2101 2986 
13091 2086 2101 2986 2987 
13092 2102 2087 2987 2086 
13093 2101 2086 2102 2987 
13094 2087 2102 2987 1042 
13095 983 982 1042 2087 
13096 2102 2087 983 1042 
13097 173 174 246 1443 
13098 1458 1443 2538 174 
13099 174 1443 2538 246 
13100 1443 1458 2538 1444 
13101 1459 1444 2539 1458 
13102 1458 1444 2539 2538 
13103 1444 1459 2539 1445 
13104 1460 1445 2540 1459 
13105 1459 1445 2540 2539 
13106 1445 1460 2540 1446 
13107 1461 1446 2541 1460 
13108 1460 1446 2541 2540 
13109 1446 1461 2541 1447 
13110 1462 1447 2542 1461 
13111 1461 1447 2542 2541 
13112 1447 1462 2542 1448 
13113 1463 1448 2543 1462 
13114 1462 1448 2543 2542 
13115 1448 1463 2543 1449 
13116 1464 1449 2544 1463 
13117 1463 1449 2544 2543 
13118 1449 1464 2544 1450 
13119 1465 1450 2545 1464 
13120 1464 1450 2545 2544 
13121 1450 1465 2545 1451 
13122 1466 1451 2546 1465 
13123 1465 1451 2546 2545 
13124 1451 1466 2546 1452 
13125 1467 1452 2547 1466 
13126 1466 1452 2547 2546 
13127 1452 1467 2547 1453 
13128 1468 1453 2548 1467 
13129 1467 1453 2548 2547 
13130 1453 1468 2548 1454 
13131 1469 1454 2549 1468 
13132 1468 1454 2549 2548 
13133 1454 1469 2549 1455 
13134 1470 1455 2550 1469 
13135 1469 1455 2550 2549 
13136 1455 1470 2550 1456 
13137 1471 1456 2551 1470 
13138 1470 1456 2551 2550 
13139 1456 1471 2551 1457 
13140 1472 1457 2552 1471 
13141 1471 1457 2552 2551 
13142 1457 1472 2552 940 
13143 941 940 1013 1472 
13144 1472 940 1013 2552 
13145 174 172 175 1458 
13146 1428 1458 1473 172 
13147 172 1458 1473 175 
13148 1458 1428 1473 1459 
13149 1429 1459 1474 1428 
13150 1428 1459 1474 1473 
13151 1459 1429 1474 1460 
13152 1430 1460 1475 1429 
13153 1429 1460 1475 1474 
13154 1460 1430 1475 1461 
13155 1431 1461 1476 1430 
13156 1430 1461 1476 1475 
13157 1461 1431 1476 1462 
13158 1432 1462 1477 1431 
13159 1431 1462 1477 1476 
13160 1462 1432 1477 1463 
13161 1433 1463 1478 1432 
13162 1432 1463 1478 1477 
13163 1463 1433 1478 1464 
13164 1434 1464 1479 1433 
13165 1433 1464 1479 1478 
13166 1464 1434 1479 1465 
13167 1435 1465 1480 1434 
13168 1434 1465 1480 1479 
13169 1465 1435 1480 1466 
13170 1436 1466 1481 1435 
13171 1435 1466 1481 1480 
13172 1466 1436 1481 1467 
13173 1437 1467 1482 1436 
13174 1436 1467 1482 1481 
13175 1467 1437 1482 1468 
13176 1438 1468 1483 1437 
13177 1437 1468 1483 1482 
13178 1468 1438 1483 1469 
13179 1439 1469 1484 1438 
13180 1438 1469 1484 1483 
13181 1469 1439 1484 1470 
13182 1440 1470 1485 1439 
13183 1439 1470 1485 1484 
13184 1470 1440 1485 1471 
13185 1441 1471 1486 1440 
13186 1440 1471 1486 1485 
13187 1471 1441 1486 1472 
13188 1442 1472 1487 1441 
13189 1441 1472 1487 1486 
13190 1472 1442 1487 941 
13191 939 941 942 1442 
13192 1442 941 942 1487 
13193 216 232 275 2973 
13194 2328 2088 2973 216 
13195 232 216 2328 2973 
13196 2088 2328 2973 2974 
13197 2329 2089 2974 2088 
13198 2328 2088 2329 2974 
13199 2089 2329 2974 2975 
13200 2330 2090 2975 2089 
13201 2329 2089 2330 2975 
13202 2090 2330 2975 2976 
13203 2331 2091 2976 2090 
13204 2330 2090 2331 2976 
13205 2091 2331 2976 2977 
13206 2332 2092 2977 2091 
13207 2331 2091 2332 2977 
13208 2092 2332 2977 2978 
13209 2333 2093 2978 2092 
13210 2332 2092 2333 2978 
13211 2093 2333 2978 2979 
13212 2334 2094 2979 2093 
13213 2333 2093 2334 2979 
13214 2094 2334 2979 2980 
13215 2335 2095 2980 2094 
13216 2334 2094 2335 2980 
13217 2095 2335 2980 2981 
13218 2336 2096 2981 2095 
13219 2335 2095 2336 2981 
13220 2096 2336 2981 2982 
13221 2337 2097 2982 2096 
13222 2336 2096 2337 2982 
13223 2097 2337 2982 2983 
13224 2338 2098 2983 2097 
13225 2337 2097 2338 2983 
13226 2098 2338 2983 2984 
13227 2339 2099 2984 2098 
13228 2338 2098 2339 2984 
13229 2099 2339 2984 2985 
13230 2340 2100 2985 2099 
13231 2339 2099 2340 2985 
13232 2100 2340 2985 2986 
13233 2341 2101 2986 2100 
13234 2340 2100 2341 2986 
13235 2101 2341 2986 2987 
13236 2342 2102 2987 2101 
13237 2341 2101 2342 2987 
13238 2102 2342 2987 1042 
13239 999 983 1042 2102 
13240 2342 2102 999 1042 
13241 173 172 174 1443 
13242 1428 1443 1458 172 
13243 172 1443 1458 174 
13244 1443 1428 1458 1444 
13245 1429 1444 1459 1428 
13246 1428 1444 1459 1458 
13247 1444 1429 1459 1445 
13248 1430 1445 1460 1429 
13249 1429 1445 1460 1459 
13250 1445 1430 1460 1446 
13251 1431 1446 1461 1430 
13252 1430 1446 1461 1460 
13253 1446 1431 1461 1447 
13254 1432 1447 1462 1431 
13255 1431 1447 1462 1461 
13256 1447 1432 1462 1448 
13257 1433 1448 1463 1432 
13258 1432 1448 1463 1462 
13259 1448 1433 1463 1449 
13260 1434 1449 1464 1433 
13261 1433 1449 1464 1463 
13262 1449 1434 1464 1450 
13263 1435 1450 1465 1434 
13264 1434 1450 1465 1464 
13265 1450 1435 1465 1451 
13266 1436 1451 1466 1435 
13267 1435 1451 1466 1465 
13268 1451 1436 1466 1452 
13269 1437 1452 1467 1436 
13270 1436 1452 1467 1466 
13271 1452 1437 1467 1453 
13272 1438 1453 1468 1437 
13273 1437 1453 1468 1467 
13274 1453 1438 1468 1454 
13275 1439 1454 1469 1438 
13276 1438 1454 1469 1468 
13277 1454 1439 1469 1455 
13278 1440 1455 1470 1439 
13279 1439 1455 1470 1469 
13280 1455 1440 1470 1456 
13281 1441 1456 1471 1440 
13282 1440 1456 1471 1470 
13283 1456 1441 1471 1457 
13284 1442 1457 1472 1441 
13285 1441 1457 1472 1471 
13286 1457 1442 1472 940 
13287 939 940 941 1442 
13288 1442 940 941 1472 
13289 172 171 244 2508 
13290 1413 1428 2508 171 
13291 171 1428 2508 172 
13292 1428 1413 2508 2509 
13293 1414 1429 2509 1413 
13294 1413 1429 2509 1428 
13295 1429 1414 2509 2510 
13296 1415 1430 2510 1414 
13297 1414 1430 2510 1429 
13298 1430 1415 2510 2511 
13299 1416 1431 2511 1415 
13300 1415 1431 2511 1430 
13301 1431 1416 2511 2512 
13302 1417 1432 2512 1416 
13303 1416 1432 2512 1431 
13304 1432 1417 2512 2513 
13305 1418 1433 2513 1417 
13306 1417 1433 2513 1432 
13307 1433 1418 2513 2514 
13308 1419 1434 2514 1418 
13309 1418 1434 2514 1433 
13310 1434 1419 2514 2515 
13311 1420 1435 2515 1419 
13312 1419 1435 2515 1434 
13313 1435 1420 2515 2516 
13314 1421 1436 2516 1420 
13315 1420 1436 2516 1435 
13316 1436 1421 2516 2517 
13317 1422 1437 2517 1421 
13318 1421 1437 2517 1436 
13319 1437 1422 2517 2518 
13320 1423 1438 2518 1422 
13321 1422 1438 2518 1437 
13322 1438 1423 2518 2519 
13323 1424 1439 2519 1423 
13324 1423 1439 2519 1438 
13325 1439 1424 2519 2520 
13326 1425 1440 2520 1424 
13327 1424 1440 2520 1439 
13328 1440 1425 2520 2521 
13329 1426 1441 2521 1425 
13330 1425 1441 2521 1440 
13331 1441 1426 2521 2522 
13332 1427 1442 2522 1426 
13333 1426 1442 2522 1441 
13334 1442 1427 2522 1011 
13335 938 939 1011 1427 
13336 1427 939 1011 1442 
13337 170 172 173 1398 
13338 1428 1398 1443 172 
13339 172 1398 1443 173 
13340 1398 1428 1443 1399 
13341 1429 1399 1444 1428 
13342 1428 1399 1444 1443 
13343 1399 1429 1444 1400 
13344 1430 1400 1445 1429 
13345 1429 1400 1445 1444 
13346 1400 1430 1445 1401 
13347 1431 1401 1446 1430 
13348 1430 1401 1446 1445 
13349 1401 1431 1446 1402 
13350 1432 1402 1447 1431 
13351 1431 1402 1447 1446 
13352 1402 1432 1447 1403 
13353 1433 1403 1448 1432 
13354 1432 1403 1448 1447 
13355 1403 1433 1448 1404 
13356 1434 1404 1449 1433 
13357 1433 1404 1449 1448 
13358 1404 1434 1449 1405 
13359 1435 1405 1450 1434 
13360 1434 1405 1450 1449 
13361 1405 1435 1450 1406 
13362 1436 1406 1451 1435 
13363 1435 1406 1451 1450 
13364 1406 1436 1451 1407 
13365 1437 1407 1452 1436 
13366 1436 1407 1452 1451 
13367 1407 1437 1452 1408 
13368 1438 1408 1453 1437 
13369 1437 1408 1453 1452 
13370 1408 1438 1453 1409 
13371 1439 1409 1454 1438 
13372 1438 1409 1454 1453 
13373 1409 1439 1454 1410 
13374 1440 1410 1455 1439 
13375 1439 1410 1455 1454 
13376 1410 1440 1455 1411 
13377 1441 1411 1456 1440 
13378 1440 1411 1456 1455 
13379 1411 1441 1456 1412 
13380 1442 1412 1457 1441 
13381 1441 1412 1457 1456 
13382 1412 1442 1457 937 
13383 939 937 940 1442 
13384 1442 937 940 1457 
13385 170 171 172 1398 
13386 1413 1398 1428 171 
13387 171 1398 1428 172 
13388 1398 1413 1428 1399 
13389 1414 1399 1429 1413 
13390 1413 1399 1429 1428 
13391 1399 1414 1429 1400 
13392 1415 1400 1430 1414 
13393 1414 1400 1430 1429 
13394 1400 1415 1430 1401 
13395 1416 1401 1431 1415 
13396 1415 1401 1431 1430 
13397 1401 1416 1431 1402 
13398 1417 1402 1432 1416 
13399 1416 1402 1432 1431 
13400 1402 1417 1432 1403 
13401 1418 1403 1433 1417 
13402 1417 1403 1433 1432 
13403 1403 1418 1433 1404 
13404 1419 1404 1434 1418 
13405 1418 1404 1434 1433 
13406 1404 1419 1434 1405 
13407 1420 1405 1435 1419 
13408 1419 1405 1435 1434 
13409 1405 1420 1435 1406 
13410 1421 1406 1436 1420 
13411 1420 1406 1436 1435 
13412 1406 1421 1436 1407 
13413 1422 1407 1437 1421 
13414 1421 1407 1437 1436 
13415 1407 1422 1437 1408 
13416 1423 1408 1438 1422 
13417 1422 1408 1438 1437 
13418 1408 1423 1438 1409 
13419 1424 1409 1439 1423 
13420 1423 1409 1439 1438 
13421 1409 1424 1439 1410 
13422 1425 1410 1440 1424 
13423 1424 1410 1440 1439 
13424 1410 1425 1440 1411 
13425 1426 1411 1441 1425 
13426 1425 1411 1441 1440 
13427 1411 1426 1441 1412 
13428 1427 1412 1442 1426 
13429 1426 1412 1442 1441 
13430 1412 1427 1442 937 
13431 938 937 939 1427 
13432 1427 937 939 1442 
13433 235 169 241 2463 
13434 1383 2373 2463 169 
13435 169 2373 2463 235 
13436 2373 1383 2463 2464 
13437 1384 2374 2464 1383 
13438 1383 2374 2464 2373 
13439 2374 1384 2464 2465 
13440 1385 2375 2465 1384 
13441 1384 2375 2465 2374 
13442 2375 1385 2465 2466 
13443 1386 2376 2466 1385 
13444 1385 2376 2466 2375 
13445 2376 1386 2466 2467 
13446 1387 2377 2467 1386 
13447 1386 2377 2467 2376 
13448 2377 1387 2467 2468 
13449 1388 2378 2468 1387 
13450 1387 2378 2468 2377 
13451 2378 1388 2468 2469 
13452 1389 2379 2469 1388 
13453 1388 2379 2469 2378 
13454 2379 1389 2469 2470 
13455 1390 2380 2470 1389 
13456 1389 2380 2470 2379 
13457 2380 1390 2470 2471 
13458 1391 2381 2471 1390 
13459 1390 2381 2471 2380 
13460 2381 1391 2471 2472 
13461 1392 2382 2472 1391 
13462 1391 2382 2472 2381 
13463 2382 1392 2472 2473 
13464 1393 2383 2473 1392 
13465 1392 2383 2473 2382 
13466 2383 1393 2473 2474 
13467 1394 2384 2474 1393 
13468 1393 2384 2474 2383 
13469 2384 1394 2474 2475 
13470 1395 2385 2475 1394 
13471 1394 2385 2475 2384 
13472 2385 1395 2475 2476 
13473 1396 2386 2476 1395 
13474 1395 2386 2476 2385 
13475 2386 1396 2476 2477 
13476 1397 2387 2477 1396 
13477 1396 2387 2477 2386 
13478 2387 1397 2477 1008 
13479 936 1002 1008 1397 
13480 1397 1002 1008 2387 
13481 169 170 243 2493 
13482 1398 1383 2493 170 
13483 170 1383 2493 169 
13484 1383 1398 2493 2494 
13485 1399 1384 2494 1398 
13486 1398 1384 2494 1383 
13487 1384 1399 2494 2495 
13488 1400 1385 2495 1399 
13489 1399 1385 2495 1384 
13490 1385 1400 2495 2496 
13491 1401 1386 2496 1400 
13492 1400 1386 2496 1385 
13493 1386 1401 2496 2497 
13494 1402 1387 2497 1401 
13495 1401 1387 2497 1386 
13496 1387 1402 2497 2498 
13497 1403 1388 2498 1402 
13498 1402 1388 2498 1387 
13499 1388 1403 2498 2499 
13500 1404 1389 2499 1403 
13501 1403 1389 2499 1388 
13502 1389 1404 2499 2500 
13503 1405 1390 2500 1404 
13504 1404 1390 2500 1389 
13505 1390 1405 2500 2501 
13506 1406 1391 2501 1405 
13507 1405 1391 2501 1390 
13508 1391 1406 2501 2502 
13509 1407 1392 2502 1406 
13510 1406 1392 2502 1391 
13511 1392 1407 2502 2503 
13512 1408 1393 2503 1407 
13513 1407 1393 2503 1392 
13514 1393 1408 2503 2504 
13515 1409 1394 2504 1408 
13516 1408 1394 2504 1393 
13517 1394 1409 2504 2505 
13518 1410 1395 2505 1409 
13519 1409 1395 2505 1394 
13520 1395 1410 2505 2506 
13521 1411 1396 2506 1410 
13522 1410 1396 2506 1395 
13523 1396 1411 2506 2507 
13524 1412 1397 2507 1411 
13525 1411 1397 2507 1396 
13526 1397 1412 2507 1010 
13527 937 936 1010 1412 
13528 1412 936 1010 1397 
13529 170 168 171 1398 
13530 1368 1398 1413 168 
13531 168 1398 1413 171 
13532 1398 1368 1413 1399 
13533 1369 1399 1414 1368 
13534 1368 1399 1414 1413 
13535 1399 1369 1414 1400 
13536 1370 1400 1415 1369 
13537 1369 1400 1415 1414 
13538 1400 1370 1415 1401 
13539 1371 1401 1416 1370 
13540 1370 1401 1416 1415 
13541 1401 1371 1416 1402 
13542 1372 1402 1417 1371 
13543 1371 1402 1417 1416 
13544 1402 1372 1417 1403 
13545 1373 1403 1418 1372 
13546 1372 1403 1418 1417 
13547 1403 1373 1418 1404 
13548 1374 1404 1419 1373 
13549 1373 1404 1419 1418 
13550 1404 1374 1419 1405 
13551 1375 1405 1420 1374 
13552 1374 1405 1420 1419 
13553 1405 1375 1420 1406 
13554 1376 1406 1421 1375 
13555 1375 1406 1421 1420 
13556 1406 1376 1421 1407 
13557 1377 1407 1422 1376 
13558 1376 1407 1422 1421 
13559 1407 1377 1422 1408 
13560 1378 1408 1423 1377 
13561 1377 1408 1423 1422 
13562 1408 1378 1423 1409 
13563 1379 1409 1424 1378 
13564 1378 1409 1424 1423 
13565 1409 1379 1424 1410 
13566 1380 1410 1425 1379 
13567 1379 1410 1425 1424 
13568 1410 1380 1425 1411 
13569 1381 1411 1426 1380 
13570 1380 1411 1426 1425 
13571 1411 1381 1426 1412 
13572 1382 1412 1427 1381 
13573 1381 1412 1427 1426 
13574 1412 1382 1427 937 
13575 935 937 938 1382 
13576 1382 937 938 1427 
13577 167 169 235 2373 
13578 1383 1353 2373 169 
13579 169 1353 2373 167 
13580 1353 1383 2373 2374 
13581 1384 1354 2374 1383 
13582 1383 1354 2374 1353 
13583 1354 1384 2374 2375 
13584 1385 1355 2375 1384 
13585 1384 1355 2375 1354 
13586 1355 1385 2375 2376 
13587 1386 1356 2376 1385 
13588 1385 1356 2376 1355 
13589 1356 1386 2376 2377 
13590 1387 1357 2377 1386 
13591 1386 1357 2377 1356 
13592 1357 1387 2377 2378 
13593 1388 1358 2378 1387 
13594 1387 1358 2378 1357 
13595 1358 1388 2378 2379 
13596 1389 1359 2379 1388 
13597 1388 1359 2379 1358 
13598 1359 1389 2379 2380 
13599 1390 1360 2380 1389 
13600 1389 1360 2380 1359 
13601 1360 1390 2380 2381 
13602 1391 1361 2381 1390 
13603 1390 1361 2381 1360 
13604 1361 1391 2381 2382 
13605 1392 1362 2382 1391 
13606 1391 1362 2382 1361 
13607 1362 1392 2382 2383 
13608 1393 1363 2383 1392 
13609 1392 1363 2383 1362 
13610 1363 1393 2383 2384 
13611 1394 1364 2384 1393 
13612 1393 1364 2384 1363 
13613 1364 1394 2384 2385 
13614 1395 1365 2385 1394 
13615 1394 1365 2385 1364 
13616 1365 1395 2385 2386 
13617 1396 1366 2386 1395 
13618 1395 1366 2386 1365 
13619 1366 1396 2386 2387 
13620 1397 1367 2387 1396 
13621 1396 1367 2387 1366 
13622 1367 1397 2387 1002 
13623 936 934 1002 1397 
13624 1397 934 1002 1367 
13625 169 168 170 1383 
13626 1368 1383 1398 168 
13627 168 1383 1398 170 
13628 1383 1368 1398 1384 
13629 1369 1384 1399 1368 
13630 1368 1384 1399 1398 
13631 1384 1369 1399 1385 
13632 1370 1385 1400 1369 
13633 1369 1385 1400 1399 
13634 1385 1370 1400 1386 
13635 1371 1386 1401 1370 
13636 1370 1386 1401 1400 
13637 1386 1371 1401 1387 
13638 1372 1387 1402 1371 
13639 1371 1387 1402 1401 
13640 1387 1372 1402 1388 
13641 1373 1388 1403 1372 
13642 1372 1388 1403 1402 
13643 1388 1373 1403 1389 
13644 1374 1389 1404 1373 
13645 1373 1389 1404 1403 
13646 1389 1374 1404 1390 
13647 1375 1390 1405 1374 
13648 1374 1390 1405 1404 
13649 1390 1375 1405 1391 
13650 1376 1391 1406 1375 
13651 1375 1391 1406 1405 
13652 1391 1376 1406 1392 
13653 1377 1392 1407 1376 
13654 1376 1392 1407 1406 
13655 1392 1377 1407 1393 
13656 1378 1393 1408 1377 
13657 1377 1393 1408 1407 
13658 1393 1378 1408 1394 
13659 1379 1394 1409 1378 
13660 1378 1394 1409 1408 
13661 1394 1379 1409 1395 
13662 1380 1395 1410 1379 
13663 1379 1395 1410 1409 
13664 1395 1380 1410 1396 
13665 1381 1396 1411 1380 
13666 1380 1396 1411 1410 
13667 1396 1381 1411 1397 
13668 1382 1397 1412 1381 
13669 1381 1397 1412 1411 
13670 1397 1382 1412 936 
13671 935 936 937 1382 
13672 1382 936 937 1412 
13673 161 235 312 3528 
13674 2373 1263 3528 235 
13675 235 1263 3528 161 
13676 1263 2373 3528 3529 
13677 2374 1264 3529 2373 
13678 2373 1264 3529 1263 
13679 1264 2374 3529 3530 
13680 2375 1265 3530 2374 
13681 2374 1265 3530 1264 
13682 1265 2375 3530 3531 
13683 2376 1266 3531 2375 
13684 2375 1266 3531 1265 
13685 1266 2376 3531 3532 
13686 2377 1267 3532 2376 
13687 2376 1267 3532 1266 
13688 1267 2377 3532 3533 
13689 2378 1268 3533 2377 
13690 2377 1268 3533 1267 
13691 1268 2378 3533 3534 
13692 2379 1269 3534 2378 
13693 2378 1269 3534 1268 
13694 1269 2379 3534 3535 
13695 2380 1270 3535 2379 
13696 2379 1270 3535 1269 
13697 1270 2380 3535 3536 
13698 2381 1271 3536 2380 
13699 2380 1271 3536 1270 
13700 1271 2381 3536 3537 
13701 2382 1272 3537 2381 
13702 2381 1272 3537 1271 
13703 1272 2382 3537 3538 
13704 2383 1273 3538 2382 
13705 2382 1273 3538 1272 
13706 1273 2383 3538 3539 
13707 2384 1274 3539 2383 
13708 2383 1274 3539 1273 
13709 1274 2384 3539 3540 
13710 2385 1275 3540 2384 
13711 2384 1275 3540 1274 
13712 1275 2385 3540 3541 
13713 2386 1276 3541 2385 
13714 2385 1276 3541 1275 
13715 1276 2386 3541 3542 
13716 2387 1277 3542 2386 
13717 2386 1277 3542 1276 
13718 1277 2387 3542 1079 
13719 1002 928 1079 2387 
13720 2387 928 1079 1277 
13721 154 266 308 3468 
13722 2838 1158 3468 154 
13723 266 154 2838 3468 
13724 1158 2838 3468 3469 
13725 2839 1159 3469 1158 
13726 2838 1158 2839 3469 
13727 1159 2839 3469 3470 
13728 2840 1160 3470 1159 
13729 2839 1159 2840 3470 
13730 1160 2840 3470 3471 
13731 2841 1161 3471 1160 
13732 2840 1160 2841 3471 
13733 1161 2841 3471 3472 
13734 2842 1162 3472 1161 
13735 2841 1161 2842 3472 
13736 1162 2842 3472 3473 
13737 2843 1163 3473 1162 
13738 2842 1162 2843 3473 
13739 1163 2843 3473 3474 
13740 2844 1164 3474 1163 
13741 2843 1163 2844 3474 
13742 1164 2844 3474 3475 
13743 2845 1165 3475 1164 
13744 2844 1164 2845 3475 
13745 1165 2845 3475 3476 
13746 2846 1166 3476 1165 
13747 2845 1165 2846 3476 
13748 1166 2846 3476 3477 
13749 2847 1167 3477 1166 
13750 2846 1166 2847 3477 
13751 1167 2847 3477 3478 
13752 2848 1168 3478 1167 
13753 2847 1167 2848 3478 
13754 1168 2848 3478 3479 
13755 2849 1169 3479 1168 
13756 2848 1168 2849 3479 
13757 1169 2849 3479 3480 
13758 2850 1170 3480 1169 
13759 2849 1169 2850 3480 
13760 1170 2850 3480 3481 
13761 2851 1171 3481 1170 
13762 2850 1170 2851 3481 
13763 1171 2851 3481 3482 
13764 2852 1172 3482 1171 
13765 2851 1171 2852 3482 
13766 1172 2852 3482 1075 
13767 1033 921 1075 1172 
13768 2852 1172 1033 1075 
13769 237 236 238 2403 
13770 2388 2403 2418 236 
13771 236 2403 2418 238 
13772 2403 2388 2418 2404 
13773 2389 2404 2419 2388 
13774 2388 2404 2419 2418 
13775 2404 2389 2419 2405 
13776 2390 2405 2420 2389 
13777 2389 2405 2420 2419 
13778 2405 2390 2420 2406 
13779 2391 2406 2421 2390 
13780 2390 2406 2421 2420 
13781 2406 2391 2421 2407 
13782 2392 2407 2422 2391 
13783 2391 2407 2422 2421 
13784 2407 2392 2422 2408 
13785 2393 2408 2423 2392 
13786 2392 2408 2423 2422 
13787 2408 2393 2423 2409 
13788 2394 2409 2424 2393 
13789 2393 2409 2424 2423 
13790 2409 2394 2424 2410 
13791 2395 2410 2425 2394 
13792 2394 2410 2425 2424 
13793 2410 2395 2425 2411 
13794 2396 2411 2426 2395 
13795 2395 2411 2426 2425 
13796 2411 2396 2426 2412 
13797 2397 2412 2427 2396 
13798 2396 2412 2427 2426 
13799 2412 2397 2427 2413 
13800 2398 2413 2428 2397 
13801 2397 2413 2428 2427 
13802 2413 2398 2428 2414 
13803 2399 2414 2429 2398 
13804 2398 2414 2429 2428 
13805 2414 2399 2429 2415 
13806 2400 2415 2430 2399 
13807 2399 2415 2430 2429 
13808 2415 2400 2430 2416 
13809 2401 2416 2431 2400 
13810 2400 2416 2431 2430 
13811 2416 2401 2431 2417 
13812 2402 2417 2432 2401 
13813 2401 2417 2432 2431 
13814 2417 2402 2432 1004 
13815 1003 1004 1005 2402 
13816 2402 1004 1005 2432 
13817 167 168 169 1353 
13818 1368 1353 1383 168 
13819 168 1353 1383 169 
13820 1353 1368 1383 1354 
13821 1369 1354 1384 1368 
13822 1368 1354 1384 1383 
13823 1354 1369 1384 1355 
13824 1370 1355 1385 1369 
13825 1369 1355 1385 1384 
13826 1355 1370 1385 1356 
13827 1371 1356 1386 1370 
13828 1370 1356 1386 1385 
13829 1356 1371 1386 1357 
13830 1372 1357 1387 1371 
13831 1371 1357 1387 1386 
13832 1357 1372 1387 1358 
13833 1373 1358 1388 1372 
13834 1372 1358 1388 1387 
13835 1358 1373 1388 1359 
13836 1374 1359 1389 1373 
13837 1373 1359 1389 1388 
13838 1359 1374 1389 1360 
13839 1375 1360 1390 1374 
13840 1374 1360 1390 1389 
13841 1360 1375 1390 1361 
13842 1376 1361 1391 1375 
13843 1375 1361 1391 1390 
13844 1361 1376 1391 1362 
13845 1377 1362 1392 1376 
13846 1376 1362 1392 1391 
13847 1362 1377 1392 1363 
13848 1378 1363 1393 1377 
13849 1377 1363 1393 1392 
13850 1363 1378 1393 1364 
13851 1379 1364 1394 1378 
13852 1378 1364 1394 1393 
13853 1364 1379 1394 1365 
13854 1380 1365 1395 1379 
13855 1379 1365 1395 1394 
13856 1365 1380 1395 1366 
13857 1381 1366 1396 1380 
13858 1380 1366 1396 1395 
13859 1366 1381 1396 1367 
13860 1382 1367 1397 1381 
13861 1381 1367 1397 1396 
13862 1367 1382 1397 934 
13863 935 934 936 1382 
13864 1382 934 936 1397 
13865 166 236 237 2403 
13866 2388 1338 2403 236 
13867 236 1338 2403 166 
13868 1338 2388 2403 2404 
13869 2389 1339 2404 2388 
13870 2388 1339 2404 1338 
13871 1339 2389 2404 2405 
13872 2390 1340 2405 2389 
13873 2389 1340 2405 1339 
13874 1340 2390 2405 2406 
13875 2391 1341 2406 2390 
13876 2390 1341 2406 1340 
13877 1341 2391 2406 2407 
13878 2392 1342 2407 2391 
13879 2391 1342 2407 1341 
13880 1342 2392 2407 2408 
13881 2393 1343 2408 2392 
13882 2392 1343 2408 1342 
13883 1343 2393 2408 2409 
13884 2394 1344 2409 2393 
13885 2393 1344 2409 1343 
13886 1344 2394 2409 2410 
13887 2395 1345 2410 2394 
13888 2394 1345 2410 1344 
13889 1345 2395 2410 2411 
13890 2396 1346 2411 2395 
13891 2395 1346 2411 1345 
13892 1346 2396 2411 2412 
13893 2397 1347 2412 2396 
13894 2396 1347 2412 1346 
13895 1347 2397 2412 2413 
13896 2398 1348 2413 2397 
13897 2397 1348 2413 1347 
13898 1348 2398 2413 2414 
13899 2399 1349 2414 2398 
13900 2398 1349 2414 1348 
13901 1349 2399 2414 2415 
13902 2400 1350 2415 2399 
13903 2399 1350 2415 1349 
13904 1350 2400 2415 2416 
13905 2401 1351 2416 2400 
13906 2400 1351 2416 1350 
13907 1351 2401 2416 2417 
13908 2402 1352 2417 2401 
13909 2401 1352 2417 1351 
13910 1352 2402 2417 1004 
13911 1003 933 1004 2402 
13912 2402 933 1004 1352 
13913 167 166 168 1353 
13914 1338 1353 1368 166 
13915 166 1353 1368 168 
13916 1353 1338 1368 1354 
13917 1339 1354 1369 1338 
13918 1338 1354 1369 1368 
13919 1354 1339 1369 1355 
13920 1340 1355 1370 1339 
13921 1339 1355 1370 1369 
13922 1355 1340 1370 1356 
13923 1341 1356 1371 1340 
13924 1340 1356 1371 1370 
13925 1356 1341 1371 1357 
13926 1342 1357 1372 1341 
13927 1341 1357 1372 1371 
13928 1357 1342 1372 1358 
13929 1343 1358 1373 1342 
13930 1342 1358 1373 1372 
13931 1358 1343 1373 1359 
13932 1344 1359 1374 1343 
13933 1343 1359 1374 1373 
13934 1359 1344 1374 1360 
13935 1345 1360 1375 1344 
13936 1344 1360 1375 1374 
13937 1360 1345 1375 1361 
13938 1346 1361 1376 1345 
13939 1345 1361 1376 1375 
13940 1361 1346 1376 1362 
13941 1347 1362 1377 1346 
13942 1346 1362 1377 1376 
13943 1362 1347 1377 1363 
13944 1348 1363 1378 1347 
13945 1347 1363 1378 1377 
13946 1363 1348 1378 1364 
13947 1349 1364 1379 1348 
13948 1348 1364 1379 1378 
13949 1364 1349 1379 1365 
13950 1350 1365 1380 1349 
13951 1349 1365 1380 1379 
13952 1365 1350 1380 1366 
13953 1351 1366 1381 1350 
13954 1350 1366 1381 1380 
13955 1366 1351 1381 1367 
13956 1352 1367 1382 1351 
13957 1351 1367 1382 1381 
13958 1367 1352 1382 934 
13959 933 934 935 1352 
13960 1352 934 935 1382 
13961 281 164 286 3138 
13962 1308 3063 3138 164 
13963 164 3063 3138 281 
13964 3063 1308 3138 3139 
13965 1309 3064 3139 1308 
13966 1308 3064 3139 3063 
13967 3064 1309 3139 3140 
13968 1310 3065 3140 1309 
13969 1309 3065 3140 3064 
13970 3065 1310 3140 3141 
13971 1311 3066 3141 1310 
13972 1310 3066 3141 3065 
13973 3066 1311 3141 3142 
13974 1312 3067 3142 1311 
13975 1311 3067 3142 3066 
13976 3067 1312 3142 3143 
13977 1313 3068 3143 1312 
13978 1312 3068 3143 3067 
13979 3068 1313 3143 3144 
13980 1314 3069 3144 1313 
13981 1313 3069 3144 3068 
13982 3069 1314 3144 3145 
13983 1315 3070 3145 1314 
13984 1314 3070 3145 3069 
13985 3070 1315 3145 3146 
13986 1316 3071 3146 1315 
13987 1315 3071 3146 3070 
13988 3071 1316 3146 3147 
13989 1317 3072 3147 1316 
13990 1316 3072 3147 3071 
13991 3072 1317 3147 3148 
13992 1318 3073 3148 1317 
13993 1317 3073 3148 3072 
13994 3073 1318 3148 3149 
13995 1319 3074 3149 1318 
13996 1318 3074 3149 3073 
13997 3074 1319 3149 3150 
13998 1320 3075 3150 1319 
13999 1319 3075 3150 3074 
14000 3075 1320 3150 3151 
14001 1321 3076 3151 1320 
14002 1320 3076 3151 3075 
14003 3076 1321 3151 3152 
14004 1322 3077 3152 1321 
14005 1321 3077 3152 3076 
14006 3077 1322 3152 1053 
14007 931 1048 1053 1322 
14008 1322 1048 1053 3077 
14009 151 234 315 3573 
14010 2358 1113 3573 151 
14011 234 151 2358 3573 
14012 1113 2358 3573 3574 
14013 2359 1114 3574 1113 
14014 2358 1113 2359 3574 
14015 1114 2359 3574 3575 
14016 2360 1115 3575 1114 
14017 2359 1114 2360 3575 
14018 1115 2360 3575 3576 
14019 2361 1116 3576 1115 
14020 2360 1115 2361 3576 
14021 1116 2361 3576 3577 
14022 2362 1117 3577 1116 
14023 2361 1116 2362 3577 
14024 1117 2362 3577 3578 
14025 2363 1118 3578 1117 
14026 2362 1117 2363 3578 
14027 1118 2363 3578 3579 
14028 2364 1119 3579 1118 
14029 2363 1118 2364 3579 
14030 1119 2364 3579 3580 
14031 2365 1120 3580 1119 
14032 2364 1119 2365 3580 
14033 1120 2365 3580 3581 
14034 2366 1121 3581 1120 
14035 2365 1120 2366 3581 
14036 1121 2366 3581 3582 
14037 2367 1122 3582 1121 
14038 2366 1121 2367 3582 
14039 1122 2367 3582 3583 
14040 2368 1123 3583 1122 
14041 2367 1122 2368 3583 
14042 1123 2368 3583 3584 
14043 2369 1124 3584 1123 
14044 2368 1123 2369 3584 
14045 1124 2369 3584 3585 
14046 2370 1125 3585 1124 
14047 2369 1124 2370 3585 
14048 1125 2370 3585 3586 
14049 2371 1126 3586 1125 
14050 2370 1125 2371 3586 
14051 1126 2371 3586 3587 
14052 2372 1127 3587 1126 
14053 2371 1126 2372 3587 
14054 1127 2372 3587 1082 
14055 1001 918 1082 1127 
14056 2372 1127 1001 1082 
14057 267 159 313 3543 
14058 1233 2853 3543 159 
14059 159 2853 3543 267 
14060 2853 1233 3543 3544 
14061 1234 2854 3544 1233 
14062 1233 2854 3544 2853 
14063 2854 1234 3544 3545 
14064 1235 2855 3545 1234 
14065 1234 2855 3545 2854 
14066 2855 1235 3545 3546 
14067 1236 2856 3546 1235 
14068 1235 2856 3546 2855 
14069 2856 1236 3546 3547 
14070 1237 2857 3547 1236 
14071 1236 2857 3547 2856 
14072 2857 1237 3547 3548 
14073 1238 2858 3548 1237 
14074 1237 2858 3548 2857 
14075 2858 1238 3548 3549 
14076 1239 2859 3549 1238 
14077 1238 2859 3549 2858 
14078 2859 1239 3549 3550 
14079 1240 2860 3550 1239 
14080 1239 2860 3550 2859 
14081 2860 1240 3550 3551 
14082 1241 2861 3551 1240 
14083 1240 2861 3551 2860 
14084 2861 1241 3551 3552 
14085 1242 2862 3552 1241 
14086 1241 2862 3552 2861 
14087 2862 1242 3552 3553 
14088 1243 2863 3553 1242 
14089 1242 2863 3553 2862 
14090 2863 1243 3553 3554 
14091 1244 2864 3554 1243 
14092 1243 2864 3554 2863 
14093 2864 1244 3554 3555 
14094 1245 2865 3555 1244 
14095 1244 2865 3555 2864 
14096 2865 1245 3555 3556 
14097 1246 2866 3556 1245 
14098 1245 2866 3556 2865 
14099 2866 1246 3556 3557 
14100 1247 2867 3557 1246 
14101 1246 2867 3557 2866 
14102 2867 1247 3557 1080 
14103 926 1034 1080 1247 
14104 1247 1034 1080 2867 
14105 166 165 236 1338 
14106 1323 1338 2388 165 
14107 165 1338 2388 236 
14108 1338 1323 2388 1339 
14109 1324 1339 2389 1323 
14110 1323 1339 2389 2388 
14111 1339 1324 2389 1340 
14112 1325 1340 2390 1324 
14113 1324 1340 2390 2389 
14114 1340 1325 2390 1341 
14115 1326 1341 2391 1325 
14116 1325 1341 2391 2390 
14117 1341 1326 2391 1342 
14118 1327 1342 2392 1326 
14119 1326 1342 2392 2391 
14120 1342 1327 2392 1343 
14121 1328 1343 2393 1327 
14122 1327 1343 2393 2392 
14123 1343 1328 2393 1344 
14124 1329 1344 2394 1328 
14125 1328 1344 2394 2393 
14126 1344 1329 2394 1345 
14127 1330 1345 2395 1329 
14128 1329 1345 2395 2394 
14129 1345 1330 2395 1346 
14130 1331 1346 2396 1330 
14131 1330 1346 2396 2395 
14132 1346 1331 2396 1347 
14133 1332 1347 2397 1331 
14134 1331 1347 2397 2396 
14135 1347 1332 2397 1348 
14136 1333 1348 2398 1332 
14137 1332 1348 2398 2397 
14138 1348 1333 2398 1349 
14139 1334 1349 2399 1333 
14140 1333 1349 2399 2398 
14141 1349 1334 2399 1350 
14142 1335 1350 2400 1334 
14143 1334 1350 2400 2399 
14144 1350 1335 2400 1351 
14145 1336 1351 2401 1335 
14146 1335 1351 2401 2400 
14147 1351 1336 2401 1352 
14148 1337 1352 2402 1336 
14149 1336 1352 2402 2401 
14150 1352 1337 2402 933 
14151 932 933 1003 1337 
14152 1337 933 1003 2402 
14153 153 166 167 1353 
14154 1338 1143 1353 166 
14155 166 1143 1353 153 
14156 1143 1338 1353 1354 
14157 1339 1144 1354 1338 
14158 1338 1144 1354 1143 
14159 1144 1339 1354 1355 
14160 1340 1145 1355 1339 
14161 1339 1145 1355 1144 
14162 1145 1340 1355 1356 
14163 1341 1146 1356 1340 
14164 1340 1146 1356 1145 
14165 1146 1341 1356 1357 
14166 1342 1147 1357 1341 
14167 1341 1147 1357 1146 
14168 1147 1342 1357 1358 
14169 1343 1148 1358 1342 
14170 1342 1148 1358 1147 
14171 1148 1343 1358 1359 
14172 1344 1149 1359 1343 
14173 1343 1149 1359 1148 
14174 1149 1344 1359 1360 
14175 1345 1150 1360 1344 
14176 1344 1150 1360 1149 
14177 1150 1345 1360 1361 
14178 1346 1151 1361 1345 
14179 1345 1151 1361 1150 
14180 1151 1346 1361 1362 
14181 1347 1152 1362 1346 
14182 1346 1152 1362 1151 
14183 1152 1347 1362 1363 
14184 1348 1153 1363 1347 
14185 1347 1153 1363 1152 
14186 1153 1348 1363 1364 
14187 1349 1154 1364 1348 
14188 1348 1154 1364 1153 
14189 1154 1349 1364 1365 
14190 1350 1155 1365 1349 
14191 1349 1155 1365 1154 
14192 1155 1350 1365 1366 
14193 1351 1156 1366 1350 
14194 1350 1156 1366 1155 
14195 1156 1351 1366 1367 
14196 1352 1157 1367 1351 
14197 1351 1157 1367 1156 
14198 1157 1352 1367 934 
14199 933 920 934 1352 
14200 1352 920 934 1157 
14201 167 235 278 3018 
14202 2373 1353 3018 167 
14203 235 167 2373 3018 
14204 1353 2373 3018 3019 
14205 2374 1354 3019 1353 
14206 2373 1353 2374 3019 
14207 1354 2374 3019 3020 
14208 2375 1355 3020 1354 
14209 2374 1354 2375 3020 
14210 1355 2375 3020 3021 
14211 2376 1356 3021 1355 
14212 2375 1355 2376 3021 
14213 1356 2376 3021 3022 
14214 2377 1357 3022 1356 
14215 2376 1356 2377 3022 
14216 1357 2377 3022 3023 
14217 2378 1358 3023 1357 
14218 2377 1357 2378 3023 
14219 1358 2378 3023 3024 
14220 2379 1359 3024 1358 
14221 2378 1358 2379 3024 
14222 1359 2379 3024 3025 
14223 2380 1360 3025 1359 
14224 2379 1359 2380 3025 
14225 1360 2380 3025 3026 
14226 2381 1361 3026 1360 
14227 2380 1360 2381 3026 
14228 1361 2381 3026 3027 
14229 2382 1362 3027 1361 
14230 2381 1361 2382 3027 
14231 1362 2382 3027 3028 
14232 2383 1363 3028 1362 
14233 2382 1362 2383 3028 
14234 1363 2383 3028 3029 
14235 2384 1364 3029 1363 
14236 2383 1363 2384 3029 
14237 1364 2384 3029 3030 
14238 2385 1365 3030 1364 
14239 2384 1364 2385 3030 
14240 1365 2385 3030 3031 
14241 2386 1366 3031 1365 
14242 2385 1365 2386 3031 
14243 1366 2386 3031 3032 
14244 2387 1367 3032 1366 
14245 2386 1366 2387 3032 
14246 1367 2387 3032 1045 
14247 1002 934 1045 1367 
14248 2387 1367 1002 1045 
14249 157 296 300 3348 
14250 3288 1203 3348 296 
14251 296 1203 3348 157 
14252 1203 3288 3348 3349 
14253 3289 1204 3349 3288 
14254 3288 1204 3349 1203 
14255 1204 3289 3349 3350 
14256 3290 1205 3350 3289 
14257 3289 1205 3350 1204 
14258 1205 3290 3350 3351 
14259 3291 1206 3351 3290 
14260 3290 1206 3351 1205 
14261 1206 3291 3351 3352 
14262 3292 1207 3352 3291 
14263 3291 1207 3352 1206 
14264 1207 3292 3352 3353 
14265 3293 1208 3353 3292 
14266 3292 1208 3353 1207 
14267 1208 3293 3353 3354 
14268 3294 1209 3354 3293 
14269 3293 1209 3354 1208 
14270 1209 3294 3354 3355 
14271 3295 1210 3355 3294 
14272 3294 1210 3355 1209 
14273 1210 3295 3355 3356 
14274 3296 1211 3356 3295 
14275 3295 1211 3356 1210 
14276 1211 3296 3356 3357 
14277 3297 1212 3357 3296 
14278 3296 1212 3357 1211 
14279 1212 3297 3357 3358 
14280 3298 1213 3358 3297 
14281 3297 1213 3358 1212 
14282 1213 3298 3358 3359 
14283 3299 1214 3359 3298 
14284 3298 1214 3359 1213 
14285 1214 3299 3359 3360 
14286 3300 1215 3360 3299 
14287 3299 1215 3360 1214 
14288 1215 3300 3360 3361 
14289 3301 1216 3361 3300 
14290 3300 1216 3361 1215 
14291 1216 3301 3361 3362 
14292 3302 1217 3362 3301 
14293 3301 1217 3362 1216 
14294 1217 3302 3362 1067 
14295 1063 924 1067 3302 
14296 3302 924 1067 1217 
14297 21 153 278 3018 
14298 1143 496 3018 21 
14299 153 21 1143 3018 
14300 496 1143 3018 3019 
14301 1144 497 3019 496 
14302 1143 496 1144 3019 
14303 497 1144 3019 3020 
14304 1145 498 3020 497 
14305 1144 497 1145 3020 
14306 498 1145 3020 3021 
14307 1146 499 3021 498 
14308 1145 498 1146 3021 
14309 499 1146 3021 3022 
14310 1147 500 3022 499 
14311 1146 499 1147 3022 
14312 500 1147 3022 3023 
14313 1148 501 3023 500 
14314 1147 500 1148 3023 
14315 501 1148 3023 3024 
14316 1149 502 3024 501 
14317 1148 501 1149 3024 
14318 502 1149 3024 3025 
14319 1150 503 3025 502 
14320 1149 502 1150 3025 
14321 503 1150 3025 3026 
14322 1151 504 3026 503 
14323 1150 503 1151 3026 
14324 504 1151 3026 3027 
14325 1152 505 3027 504 
14326 1151 504 1152 3027 
14327 505 1152 3027 3028 
14328 1153 506 3028 505 
14329 1152 505 1153 3028 
14330 506 1153 3028 3029 
14331 1154 507 3029 506 
14332 1153 506 1154 3029 
14333 507 1154 3029 3030 
14334 1155 508 3030 507 
14335 1154 507 1155 3030 
14336 508 1155 3030 3031 
14337 1156 509 3031 508 
14338 1155 508 1156 3031 
14339 509 1156 3031 3032 
14340 1157 510 3032 509 
14341 1156 509 1157 3032 
14342 510 1157 3032 1045 
14343 920 96 1045 510 
14344 1157 510 920 1045 
14345 20 21 278 3018 
14346 496 481 3018 20 
14347 21 20 496 3018 
14348 481 496 3018 3019 
14349 497 482 3019 481 
14350 496 481 497 3019 
14351 482 497 3019 3020 
14352 498 483 3020 482 
14353 497 482 498 3020 
14354 483 498 3020 3021 
14355 499 484 3021 483 
14356 498 483 499 3021 
14357 484 499 3021 3022 
14358 500 485 3022 484 
14359 499 484 500 3022 
14360 485 500 3022 3023 
14361 501 486 3023 485 
14362 500 485 501 3023 
14363 486 501 3023 3024 
14364 502 487 3024 486 
14365 501 486 502 3024 
14366 487 502 3024 3025 
14367 503 488 3025 487 
14368 502 487 503 3025 
14369 488 503 3025 3026 
14370 504 489 3026 488 
14371 503 488 504 3026 
14372 489 504 3026 3027 
14373 505 490 3027 489 
14374 504 489 505 3027 
14375 490 505 3027 3028 
14376 506 491 3028 490 
14377 505 490 506 3028 
14378 491 506 3028 3029 
14379 507 492 3029 491 
14380 506 491 507 3029 
14381 492 507 3029 3030 
14382 508 493 3030 492 
14383 507 492 508 3030 
14384 493 508 3030 3031 
14385 509 494 3031 493 
14386 508 493 509 3031 
14387 494 509 3031 3032 
14388 510 495 3032 494 
14389 509 494 510 3032 
14390 495 510 3032 1045 
14391 96 97 1045 495 
14392 510 495 96 1045 
14393 282 156 284 3108 
14394 1188 3078 3108 156 
14395 156 3078 3108 282 
14396 3078 1188 3108 3109 
14397 1189 3079 3109 1188 
14398 1188 3079 3109 3078 
14399 3079 1189 3109 3110 
14400 1190 3080 3110 1189 
14401 1189 3080 3110 3079 
14402 3080 1190 3110 3111 
14403 1191 3081 3111 1190 
14404 1190 3081 3111 3080 
14405 3081 1191 3111 3112 
14406 1192 3082 3112 1191 
14407 1191 3082 3112 3081 
14408 3082 1192 3112 3113 
14409 1193 3083 3113 1192 
14410 1192 3083 3113 3082 
14411 3083 1193 3113 3114 
14412 1194 3084 3114 1193 
14413 1193 3084 3114 3083 
14414 3084 1194 3114 3115 
14415 1195 3085 3115 1194 
14416 1194 3085 3115 3084 
14417 3085 1195 3115 3116 
14418 1196 3086 3116 1195 
14419 1195 3086 3116 3085 
14420 3086 1196 3116 3117 
14421 1197 3087 3117 1196 
14422 1196 3087 3117 3086 
14423 3087 1197 3117 3118 
14424 1198 3088 3118 1197 
14425 1197 3088 3118 3087 
14426 3088 1198 3118 3119 
14427 1199 3089 3119 1198 
14428 1198 3089 3119 3088 
14429 3089 1199 3119 3120 
14430 1200 3090 3120 1199 
14431 1199 3090 3120 3089 
14432 3090 1200 3120 3121 
14433 1201 3091 3121 1200 
14434 1200 3091 3121 3090 
14435 3091 1201 3121 3122 
14436 1202 3092 3122 1201 
14437 1201 3092 3122 3091 
14438 3092 1202 3122 1051 
14439 923 1049 1051 1202 
14440 1202 1049 1051 3092 
14441 250 254 279 3033 
14442 2658 2598 3033 250 
14443 254 250 2658 3033 
14444 2598 2658 3033 3034 
14445 2659 2599 3034 2598 
14446 2658 2598 2659 3034 
14447 2599 2659 3034 3035 
14448 2660 2600 3035 2599 
14449 2659 2599 2660 3035 
14450 2600 2660 3035 3036 
14451 2661 2601 3036 2600 
14452 2660 2600 2661 3036 
14453 2601 2661 3036 3037 
14454 2662 2602 3037 2601 
14455 2661 2601 2662 3037 
14456 2602 2662 3037 3038 
14457 2663 2603 3038 2602 
14458 2662 2602 2663 3038 
14459 2603 2663 3038 3039 
14460 2664 2604 3039 2603 
14461 2663 2603 2664 3039 
14462 2604 2664 3039 3040 
14463 2665 2605 3040 2604 
14464 2664 2604 2665 3040 
14465 2605 2665 3040 3041 
14466 2666 2606 3041 2605 
14467 2665 2605 2666 3041 
14468 2606 2666 3041 3042 
14469 2667 2607 3042 2606 
14470 2666 2606 2667 3042 
14471 2607 2667 3042 3043 
14472 2668 2608 3043 2607 
14473 2667 2607 2668 3043 
14474 2608 2668 3043 3044 
14475 2669 2609 3044 2608 
14476 2668 2608 2669 3044 
14477 2609 2669 3044 3045 
14478 2670 2610 3045 2609 
14479 2669 2609 2670 3045 
14480 2610 2670 3045 3046 
14481 2671 2611 3046 2610 
14482 2670 2610 2671 3046 
14483 2611 2671 3046 3047 
14484 2672 2612 3047 2611 
14485 2671 2611 2672 3047 
14486 2612 2672 3047 1046 
14487 1021 1017 1046 2612 
14488 2672 2612 1021 1046 
14489 33 267 303 3393 
14490 2853 676 3393 33 
14491 267 33 2853 3393 
14492 676 2853 3393 3394 
14493 2854 677 3394 676 
14494 2853 676 2854 3394 
14495 677 2854 3394 3395 
14496 2855 678 3395 677 
14497 2854 677 2855 3395 
14498 678 2855 3395 3396 
14499 2856 679 3396 678 
14500 2855 678 2856 3396 
14501 679 2856 3396 3397 
14502 2857 680 3397 679 
14503 2856 679 2857 3397 
14504 680 2857 3397 3398 
14505 2858 681 3398 680 
14506 2857 680 2858 3398 
14507 681 2858 3398 3399 
14508 2859 682 3399 681 
14509 2858 681 2859 3399 
14510 682 2859 3399 3400 
14511 2860 683 3400 682 
14512 2859 682 2860 3400 
14513 683 2860 3400 3401 
14514 2861 684 3401 683 
14515 2860 683 2861 3401 
14516 684 2861 3401 3402 
14517 2862 685 3402 684 
14518 2861 684 2862 3402 
14519 685 2862 3402 3403 
14520 2863 686 3403 685 
14521 2862 685 2863 3403 
14522 686 2863 3403 3404 
14523 2864 687 3404 686 
14524 2863 686 2864 3404 
14525 687 2864 3404 3405 
14526 2865 688 3405 687 
14527 2864 687 2865 3405 
14528 688 2865 3405 3406 
14529 2866 689 3406 688 
14530 2865 688 2866 3406 
14531 689 2866 3406 3407 
14532 2867 690 3407 689 
14533 2866 689 2867 3407 
14534 690 2867 3407 1070 
14535 1034 119 1070 690 
14536 2867 690 1034 1070 
14537 235 161 297 3303 
14538 1263 2373 3303 235 
14539 161 235 1263 3303 
14540 2373 1263 3303 3304 
14541 1264 2374 3304 2373 
14542 1263 2373 1264 3304 
14543 2374 1264 3304 3305 
14544 1265 2375 3305 2374 
14545 1264 2374 1265 3305 
14546 2375 1265 3305 3306 
14547 1266 2376 3306 2375 
14548 1265 2375 1266 3306 
14549 2376 1266 3306 3307 
14550 1267 2377 3307 2376 
14551 1266 2376 1267 3307 
14552 2377 1267 3307 3308 
14553 1268 2378 3308 2377 
14554 1267 2377 1268 3308 
14555 2378 1268 3308 3309 
14556 1269 2379 3309 2378 
14557 1268 2378 1269 3309 
14558 2379 1269 3309 3310 
14559 1270 2380 3310 2379 
14560 1269 2379 1270 3310 
14561 2380 1270 3310 3311 
14562 1271 2381 3311 2380 
14563 1270 2380 1271 3311 
14564 2381 1271 3311 3312 
14565 1272 2382 3312 2381 
14566 1271 2381 1272 3312 
14567 2382 1272 3312 3313 
14568 1273 2383 3313 2382 
14569 1272 2382 1273 3313 
14570 2383 1273 3313 3314 
14571 1274 2384 3314 2383 
14572 1273 2383 1274 3314 
14573 2384 1274 3314 3315 
14574 1275 2385 3315 2384 
14575 1274 2384 1275 3315 
14576 2385 1275 3315 3316 
14577 1276 2386 3316 2385 
14578 1275 2385 1276 3316 
14579 2386 1276 3316 3317 
14580 1277 2387 3317 2386 
14581 1276 2386 1277 3317 
14582 2387 1277 3317 1064 
14583 928 1002 1064 2387 
14584 1277 2387 928 1064 
14585 156 282 283 3093 
14586 3078 1188 3093 156 
14587 282 156 3078 3093 
14588 1188 3078 3093 3094 
14589 3079 1189 3094 1188 
14590 3078 1188 3079 3094 
14591 1189 3079 3094 3095 
14592 3080 1190 3095 1189 
14593 3079 1189 3080 3095 
14594 1190 3080 3095 3096 
14595 3081 1191 3096 1190 
14596 3080 1190 3081 3096 
14597 1191 3081 3096 3097 
14598 3082 1192 3097 1191 
14599 3081 1191 3082 3097 
14600 1192 3082 3097 3098 
14601 3083 1193 3098 1192 
14602 3082 1192 3083 3098 
14603 1193 3083 3098 3099 
14604 3084 1194 3099 1193 
14605 3083 1193 3084 3099 
14606 1194 3084 3099 3100 
14607 3085 1195 3100 1194 
14608 3084 1194 3085 3100 
14609 1195 3085 3100 3101 
14610 3086 1196 3101 1195 
14611 3085 1195 3086 3101 
14612 1196 3086 3101 3102 
14613 3087 1197 3102 1196 
14614 3086 1196 3087 3102 
14615 1197 3087 3102 3103 
14616 3088 1198 3103 1197 
14617 3087 1197 3088 3103 
14618 1198 3088 3103 3104 
14619 3089 1199 3104 1198 
14620 3088 1198 3089 3104 
14621 1199 3089 3104 3105 
14622 3090 1200 3105 1199 
14623 3089 1199 3090 3105 
14624 1200 3090 3105 3106 
14625 3091 1201 3106 1200 
14626 3090 1200 3091 3106 
14627 1201 3091 3106 3107 
14628 3092 1202 3107 1201 
14629 3091 1201 3092 3107 
14630 1202 3092 3107 1050 
14631 1049 923 1050 1202 
14632 3092 1202 1049 1050 
14633 214 209 282 2058 
14634 1983 2058 3078 209 
14635 209 2058 3078 282 
14636 2058 1983 3078 2059 
14637 1984 2059 3079 1983 
14638 1983 2059 3079 3078 
14639 2059 1984 3079 2060 
14640 1985 2060 3080 1984 
14641 1984 2060 3080 3079 
14642 2060 1985 3080 2061 
14643 1986 2061 3081 1985 
14644 1985 2061 3081 3080 
14645 2061 1986 3081 2062 
14646 1987 2062 3082 1986 
14647 1986 2062 3082 3081 
14648 2062 1987 3082 2063 
14649 1988 2063 3083 1987 
14650 1987 2063 3083 3082 
14651 2063 1988 3083 2064 
14652 1989 2064 3084 1988 
14653 1988 2064 3084 3083 
14654 2064 1989 3084 2065 
14655 1990 2065 3085 1989 
14656 1989 2065 3085 3084 
14657 2065 1990 3085 2066 
14658 1991 2066 3086 1990 
14659 1990 2066 3086 3085 
14660 2066 1991 3086 2067 
14661 1992 2067 3087 1991 
14662 1991 2067 3087 3086 
14663 2067 1992 3087 2068 
14664 1993 2068 3088 1992 
14665 1992 2068 3088 3087 
14666 2068 1993 3088 2069 
14667 1994 2069 3089 1993 
14668 1993 2069 3089 3088 
14669 2069 1994 3089 2070 
14670 1995 2070 3090 1994 
14671 1994 2070 3090 3089 
14672 2070 1995 3090 2071 
14673 1996 2071 3091 1995 
14674 1995 2071 3091 3090 
14675 2071 1996 3091 2072 
14676 1997 2072 3092 1996 
14677 1996 2072 3092 3091 
14678 2072 1997 3092 981 
14679 976 981 1049 1997 
14680 1997 981 1049 3092 
14681 251 214 276 2988 
14682 2058 2613 2988 214 
14683 214 2613 2988 251 
14684 2613 2058 2988 2989 
14685 2059 2614 2989 2058 
14686 2058 2614 2989 2613 
14687 2614 2059 2989 2990 
14688 2060 2615 2990 2059 
14689 2059 2615 2990 2614 
14690 2615 2060 2990 2991 
14691 2061 2616 2991 2060 
14692 2060 2616 2991 2615 
14693 2616 2061 2991 2992 
14694 2062 2617 2992 2061 
14695 2061 2617 2992 2616 
14696 2617 2062 2992 2993 
14697 2063 2618 2993 2062 
14698 2062 2618 2993 2617 
14699 2618 2063 2993 2994 
14700 2064 2619 2994 2063 
14701 2063 2619 2994 2618 
14702 2619 2064 2994 2995 
14703 2065 2620 2995 2064 
14704 2064 2620 2995 2619 
14705 2620 2065 2995 2996 
14706 2066 2621 2996 2065 
14707 2065 2621 2996 2620 
14708 2621 2066 2996 2997 
14709 2067 2622 2997 2066 
14710 2066 2622 2997 2621 
14711 2622 2067 2997 2998 
14712 2068 2623 2998 2067 
14713 2067 2623 2998 2622 
14714 2623 2068 2998 2999 
14715 2069 2624 2999 2068 
14716 2068 2624 2999 2623 
14717 2624 2069 2999 3000 
14718 2070 2625 3000 2069 
14719 2069 2625 3000 2624 
14720 2625 2070 3000 3001 
14721 2071 2626 3001 2070 
14722 2070 2626 3001 2625 
14723 2626 2071 3001 3002 
14724 2072 2627 3002 2071 
14725 2071 2627 3002 2626 
14726 2627 2072 3002 1043 
14727 981 1018 1043 2072 
14728 2072 1018 1043 2627 
14729 213 256 286 3138 
14730 2688 2043 3138 213 
14731 256 213 2688 3138 
14732 2043 2688 3138 3139 
14733 2689 2044 3139 2043 
14734 2688 2043 2689 3139 
14735 2044 2689 3139 3140 
14736 2690 2045 3140 2044 
14737 2689 2044 2690 3140 
14738 2045 2690 3140 3141 
14739 2691 2046 3141 2045 
14740 2690 2045 2691 3141 
14741 2046 2691 3141 3142 
14742 2692 2047 3142 2046 
14743 2691 2046 2692 3142 
14744 2047 2692 3142 3143 
14745 2693 2048 3143 2047 
14746 2692 2047 2693 3143 
14747 2048 2693 3143 3144 
14748 2694 2049 3144 2048 
14749 2693 2048 2694 3144 
14750 2049 2694 3144 3145 
14751 2695 2050 3145 2049 
14752 2694 2049 2695 3145 
14753 2050 2695 3145 3146 
14754 2696 2051 3146 2050 
14755 2695 2050 2696 3146 
14756 2051 2696 3146 3147 
14757 2697 2052 3147 2051 
14758 2696 2051 2697 3147 
14759 2052 2697 3147 3148 
14760 2698 2053 3148 2052 
14761 2697 2052 2698 3148 
14762 2053 2698 3148 3149 
14763 2699 2054 3149 2053 
14764 2698 2053 2699 3149 
14765 2054 2699 3149 3150 
14766 2700 2055 3150 2054 
14767 2699 2054 2700 3150 
14768 2055 2700 3150 3151 
14769 2701 2056 3151 2055 
14770 2700 2055 2701 3151 
14771 2056 2701 3151 3152 
14772 2702 2057 3152 2056 
14773 2701 2056 2702 3152 
14774 2057 2702 3152 1053 
14775 1023 980 1053 2057 
14776 2702 2057 1023 1053 
14777 263 149 301 3363 
14778 1083 2793 3363 149 
14779 149 2793 3363 263 
14780 2793 1083 3363 3364 
14781 1084 2794 3364 1083 
14782 1083 2794 3364 2793 
14783 2794 1084 3364 3365 
14784 1085 2795 3365 1084 
14785 1084 2795 3365 2794 
14786 2795 1085 3365 3366 
14787 1086 2796 3366 1085 
14788 1085 2796 3366 2795 
14789 2796 1086 3366 3367 
14790 1087 2797 3367 1086 
14791 1086 2797 3367 2796 
14792 2797 1087 3367 3368 
14793 1088 2798 3368 1087 
14794 1087 2798 3368 2797 
14795 2798 1088 3368 3369 
14796 1089 2799 3369 1088 
14797 1088 2799 3369 2798 
14798 2799 1089 3369 3370 
14799 1090 2800 3370 1089 
14800 1089 2800 3370 2799 
14801 2800 1090 3370 3371 
14802 1091 2801 3371 1090 
14803 1090 2801 3371 2800 
14804 2801 1091 3371 3372 
14805 1092 2802 3372 1091 
14806 1091 2802 3372 2801 
14807 2802 1092 3372 3373 
14808 1093 2803 3373 1092 
14809 1092 2803 3373 2802 
14810 2803 1093 3373 3374 
14811 1094 2804 3374 1093 
14812 1093 2804 3374 2803 
14813 2804 1094 3374 3375 
14814 1095 2805 3375 1094 
14815 1094 2805 3375 2804 
14816 2805 1095 3375 3376 
14817 1096 2806 3376 1095 
14818 1095 2806 3376 2805 
14819 2806 1096 3376 3377 
14820 1097 2807 3377 1096 
14821 1096 2807 3377 2806 
14822 2807 1097 3377 1068 
14823 916 1030 1068 1097 
14824 1097 1030 1068 2807 
14825 159 253 313 3543 
14826 2643 1233 3543 253 
14827 253 1233 3543 159 
14828 1233 2643 3543 3544 
14829 2644 1234 3544 2643 
14830 2643 1234 3544 1233 
14831 1234 2644 3544 3545 
14832 2645 1235 3545 2644 
14833 2644 1235 3545 1234 
14834 1235 2645 3545 3546 
14835 2646 1236 3546 2645 
14836 2645 1236 3546 1235 
14837 1236 2646 3546 3547 
14838 2647 1237 3547 2646 
14839 2646 1237 3547 1236 
14840 1237 2647 3547 3548 
14841 2648 1238 3548 2647 
14842 2647 1238 3548 1237 
14843 1238 2648 3548 3549 
14844 2649 1239 3549 2648 
14845 2648 1239 3549 1238 
14846 1239 2649 3549 3550 
14847 2650 1240 3550 2649 
14848 2649 1240 3550 1239 
14849 1240 2650 3550 3551 
14850 2651 1241 3551 2650 
14851 2650 1241 3551 1240 
14852 1241 2651 3551 3552 
14853 2652 1242 3552 2651 
14854 2651 1242 3552 1241 
14855 1242 2652 3552 3553 
14856 2653 1243 3553 2652 
14857 2652 1243 3553 1242 
14858 1243 2653 3553 3554 
14859 2654 1244 3554 2653 
14860 2653 1244 3554 1243 
14861 1244 2654 3554 3555 
14862 2655 1245 3555 2654 
14863 2654 1245 3555 1244 
14864 1245 2655 3555 3556 
14865 2656 1246 3556 2655 
14866 2655 1246 3556 1245 
14867 1246 2656 3556 3557 
14868 2657 1247 3557 2656 
14869 2656 1247 3557 1246 
14870 1247 2657 3557 1080 
14871 1020 926 1080 2657 
14872 2657 926 1080 1247 
14873 267 266 303 3393 
14874 2838 2853 3393 266 
14875 266 2853 3393 267 
14876 2853 2838 3393 3394 
14877 2839 2854 3394 2838 
14878 2838 2854 3394 2853 
14879 2854 2839 3394 3395 
14880 2840 2855 3395 2839 
14881 2839 2855 3395 2854 
14882 2855 2840 3395 3396 
14883 2841 2856 3396 2840 
14884 2840 2856 3396 2855 
14885 2856 2841 3396 3397 
14886 2842 2857 3397 2841 
14887 2841 2857 3397 2856 
14888 2857 2842 3397 3398 
14889 2843 2858 3398 2842 
14890 2842 2858 3398 2857 
14891 2858 2843 3398 3399 
14892 2844 2859 3399 2843 
14893 2843 2859 3399 2858 
14894 2859 2844 3399 3400 
14895 2845 2860 3400 2844 
14896 2844 2860 3400 2859 
14897 2860 2845 3400 3401 
14898 2846 2861 3401 2845 
14899 2845 2861 3401 2860 
14900 2861 2846 3401 3402 
14901 2847 2862 3402 2846 
14902 2846 2862 3402 2861 
14903 2862 2847 3402 3403 
14904 2848 2863 3403 2847 
14905 2847 2863 3403 2862 
14906 2863 2848 3403 3404 
14907 2849 2864 3404 2848 
14908 2848 2864 3404 2863 
14909 2864 2849 3404 3405 
14910 2850 2865 3405 2849 
14911 2849 2865 3405 2864 
14912 2865 2850 3405 3406 
14913 2851 2866 3406 2850 
14914 2850 2866 3406 2865 
14915 2866 2851 3406 3407 
14916 2852 2867 3407 2851 
14917 2851 2867 3407 2866 
14918 2867 2852 3407 1070 
14919 1033 1034 1070 2852 
14920 2852 1034 1070 2867 
14921 254 208 299 3333 
14922 1968 2658 3333 208 
14923 208 2658 3333 254 
14924 2658 1968 3333 3334 
14925 1969 2659 3334 1968 
14926 1968 2659 3334 2658 
14927 2659 1969 3334 3335 
14928 1970 2660 3335 1969 
14929 1969 2660 3335 2659 
14930 2660 1970 3335 3336 
14931 1971 2661 3336 1970 
14932 1970 2661 3336 2660 
14933 2661 1971 3336 3337 
14934 1972 2662 3337 1971 
14935 1971 2662 3337 2661 
14936 2662 1972 3337 3338 
14937 1973 2663 3338 1972 
14938 1972 2663 3338 2662 
14939 2663 1973 3338 3339 
14940 1974 2664 3339 1973 
14941 1973 2664 3339 2663 
14942 2664 1974 3339 3340 
14943 1975 2665 3340 1974 
14944 1974 2665 3340 2664 
14945 2665 1975 3340 3341 
14946 1976 2666 3341 1975 
14947 1975 2666 3341 2665 
14948 2666 1976 3341 3342 
14949 1977 2667 3342 1976 
14950 1976 2667 3342 2666 
14951 2667 1977 3342 3343 
14952 1978 2668 3343 1977 
14953 1977 2668 3343 2667 
14954 2668 1978 3343 3344 
14955 1979 2669 3344 1978 
14956 1978 2669 3344 2668 
14957 2669 1979 3344 3345 
14958 1980 2670 3345 1979 
14959 1979 2670 3345 2669 
14960 2670 1980 3345 3346 
14961 1981 2671 3346 1980 
14962 1980 2671 3346 2670 
14963 2671 1981 3346 3347 
14964 1982 2672 3347 1981 
14965 1981 2672 3347 2671 
14966 2672 1982 3347 1066 
14967 975 1021 1066 1982 
14968 1982 1021 1066 2672 
14969 233 217 300 3348 
14970 2103 2343 3348 217 
14971 217 2343 3348 233 
14972 2343 2103 3348 3349 
14973 2104 2344 3349 2103 
14974 2103 2344 3349 2343 
14975 2344 2104 3349 3350 
14976 2105 2345 3350 2104 
14977 2104 2345 3350 2344 
14978 2345 2105 3350 3351 
14979 2106 2346 3351 2105 
14980 2105 2346 3351 2345 
14981 2346 2106 3351 3352 
14982 2107 2347 3352 2106 
14983 2106 2347 3352 2346 
14984 2347 2107 3352 3353 
14985 2108 2348 3353 2107 
14986 2107 2348 3353 2347 
14987 2348 2108 3353 3354 
14988 2109 2349 3354 2108 
14989 2108 2349 3354 2348 
14990 2349 2109 3354 3355 
14991 2110 2350 3355 2109 
14992 2109 2350 3355 2349 
14993 2350 2110 3355 3356 
14994 2111 2351 3356 2110 
14995 2110 2351 3356 2350 
14996 2351 2111 3356 3357 
14997 2112 2352 3357 2111 
14998 2111 2352 3357 2351 
14999 2352 2112 3357 3358 
15000 2113 2353 3358 2112 
15001 2112 2353 3358 2352 
15002 2353 2113 3358 3359 
15003 2114 2354 3359 2113 
15004 2113 2354 3359 2353 
15005 2354 2114 3359 3360 
15006 2115 2355 3360 2114 
15007 2114 2355 3360 2354 
15008 2355 2115 3360 3361 
15009 2116 2356 3361 2115 
15010 2115 2356 3361 2355 
15011 2356 2116 3361 3362 
15012 2117 2357 3362 2116 
15013 2116 2357 3362 2356 
15014 2357 2117 3362 1067 
15015 984 1000 1067 2117 
15016 2117 1000 1067 2357 
15017 261 263 301 3363 
15018 2793 2763 3363 261 
15019 263 261 2793 3363 
15020 2763 2793 3363 3364 
15021 2794 2764 3364 2763 
15022 2793 2763 2794 3364 
15023 2764 2794 3364 3365 
15024 2795 2765 3365 2764 
15025 2794 2764 2795 3365 
15026 2765 2795 3365 3366 
15027 2796 2766 3366 2765 
15028 2795 2765 2796 3366 
15029 2766 2796 3366 3367 
15030 2797 2767 3367 2766 
15031 2796 2766 2797 3367 
15032 2767 2797 3367 3368 
15033 2798 2768 3368 2767 
15034 2797 2767 2798 3368 
15035 2768 2798 3368 3369 
15036 2799 2769 3369 2768 
15037 2798 2768 2799 3369 
15038 2769 2799 3369 3370 
15039 2800 2770 3370 2769 
15040 2799 2769 2800 3370 
15041 2770 2800 3370 3371 
15042 2801 2771 3371 2770 
15043 2800 2770 2801 3371 
15044 2771 2801 3371 3372 
15045 2802 2772 3372 2771 
15046 2801 2771 2802 3372 
15047 2772 2802 3372 3373 
15048 2803 2773 3373 2772 
15049 2802 2772 2803 3373 
15050 2773 2803 3373 3374 
15051 2804 2774 3374 2773 
15052 2803 2773 2804 3374 
15053 2774 2804 3374 3375 
15054 2805 2775 3375 2774 
15055 2804 2774 2805 3375 
15056 2775 2805 3375 3376 
15057 2806 2776 3376 2775 
15058 2805 2775 2806 3376 
15059 2776 2806 3376 3377 
15060 2807 2777 3377 2776 
15061 2806 2776 2807 3377 
15062 2777 2807 3377 1068 
15063 1030 1028 1068 2777 
15064 2807 2777 1030 1068 
15065 153 167 278 3018 
15066 1353 1143 3018 153 
15067 167 153 1353 3018 
15068 1143 1353 3018 3019 
15069 1354 1144 3019 1143 
15070 1353 1143 1354 3019 
15071 1144 1354 3019 3020 
15072 1355 1145 3020 1144 
15073 1354 1144 1355 3020 
15074 1145 1355 3020 3021 
15075 1356 1146 3021 1145 
15076 1355 1145 1356 3021 
15077 1146 1356 3021 3022 
15078 1357 1147 3022 1146 
15079 1356 1146 1357 3022 
15080 1147 1357 3022 3023 
15081 1358 1148 3023 1147 
15082 1357 1147 1358 3023 
15083 1148 1358 3023 3024 
15084 1359 1149 3024 1148 
15085 1358 1148 1359 3024 
15086 1149 1359 3024 3025 
15087 1360 1150 3025 1149 
15088 1359 1149 1360 3025 
15089 1150 1360 3025 3026 
15090 1361 1151 3026 1150 
15091 1360 1150 1361 3026 
15092 1151 1361 3026 3027 
15093 1362 1152 3027 1151 
15094 1361 1151 1362 3027 
15095 1152 1362 3027 3028 
15096 1363 1153 3028 1152 
15097 1362 1152 1363 3028 
15098 1153 1363 3028 3029 
15099 1364 1154 3029 1153 
15100 1363 1153 1364 3029 
15101 1154 1364 3029 3030 
15102 1365 1155 3030 1154 
15103 1364 1154 1365 3030 
15104 1155 1365 3030 3031 
15105 1366 1156 3031 1155 
15106 1365 1155 1366 3031 
15107 1156 1366 3031 3032 
15108 1367 1157 3032 1156 
15109 1366 1156 1367 3032 
15110 1157 1367 3032 1045 
15111 934 920 1045 1157 
15112 1367 1157 934 1045 
15113 258 250 279 3033 
15114 2598 2718 3033 250 
15115 250 2718 3033 258 
15116 2718 2598 3033 3034 
15117 2599 2719 3034 2598 
15118 2598 2719 3034 2718 
15119 2719 2599 3034 3035 
15120 2600 2720 3035 2599 
15121 2599 2720 3035 2719 
15122 2720 2600 3035 3036 
15123 2601 2721 3036 2600 
15124 2600 2721 3036 2720 
15125 2721 2601 3036 3037 
15126 2602 2722 3037 2601 
15127 2601 2722 3037 2721 
15128 2722 2602 3037 3038 
15129 2603 2723 3038 2602 
15130 2602 2723 3038 2722 
15131 2723 2603 3038 3039 
15132 2604 2724 3039 2603 
15133 2603 2724 3039 2723 
15134 2724 2604 3039 3040 
15135 2605 2725 3040 2604 
15136 2604 2725 3040 2724 
15137 2725 2605 3040 3041 
15138 2606 2726 3041 2605 
15139 2605 2726 3041 2725 
15140 2726 2606 3041 3042 
15141 2607 2727 3042 2606 
15142 2606 2727 3042 2726 
15143 2727 2607 3042 3043 
15144 2608 2728 3043 2607 
15145 2607 2728 3043 2727 
15146 2728 2608 3043 3044 
15147 2609 2729 3044 2608 
15148 2608 2729 3044 2728 
15149 2729 2609 3044 3045 
15150 2610 2730 3045 2609 
15151 2609 2730 3045 2729 
15152 2730 2610 3045 3046 
15153 2611 2731 3046 2610 
15154 2610 2731 3046 2730 
15155 2731 2611 3046 3047 
15156 2612 2732 3047 2611 
15157 2611 2732 3047 2731 
15158 2732 2612 3047 1046 
15159 1017 1025 1046 2612 
15160 2612 1025 1046 2732 
15161 282 213 283 3093 
15162 2043 3078 3093 213 
15163 213 3078 3093 282 
15164 3078 2043 3093 3094 
15165 2044 3079 3094 2043 
15166 2043 3079 3094 3078 
15167 3079 2044 3094 3095 
15168 2045 3080 3095 2044 
15169 2044 3080 3095 3079 
15170 3080 2045 3095 3096 
15171 2046 3081 3096 2045 
15172 2045 3081 3096 3080 
15173 3081 2046 3096 3097 
15174 2047 3082 3097 2046 
15175 2046 3082 3097 3081 
15176 3082 2047 3097 3098 
15177 2048 3083 3098 2047 
15178 2047 3083 3098 3082 
15179 3083 2048 3098 3099 
15180 2049 3084 3099 2048 
15181 2048 3084 3099 3083 
15182 3084 2049 3099 3100 
15183 2050 3085 3100 2049 
15184 2049 3085 3100 3084 
15185 3085 2050 3100 3101 
15186 2051 3086 3101 2050 
15187 2050 3086 3101 3085 
15188 3086 2051 3101 3102 
15189 2052 3087 3102 2051 
15190 2051 3087 3102 3086 
15191 3087 2052 3102 3103 
15192 2053 3088 3103 2052 
15193 2052 3088 3103 3087 
15194 3088 2053 3103 3104 
15195 2054 3089 3104 2053 
15196 2053 3089 3104 3088 
15197 3089 2054 3104 3105 
15198 2055 3090 3105 2054 
15199 2054 3090 3105 3089 
15200 3090 2055 3105 3106 
15201 2056 3091 3106 2055 
15202 2055 3091 3106 3090 
15203 3091 2056 3106 3107 
15204 2057 3092 3107 2056 
15205 2056 3092 3107 3091 
15206 3092 2057 3107 1050 
15207 980 1049 1050 2057 
15208 2057 1049 1050 3092 
15209 262 264 306 3438 
15210 2808 2778 3438 262 
15211 264 262 2808 3438 
15212 2778 2808 3438 3439 
15213 2809 2779 3439 2778 
15214 2808 2778 2809 3439 
15215 2779 2809 3439 3440 
15216 2810 2780 3440 2779 
15217 2809 2779 2810 3440 
15218 2780 2810 3440 3441 
15219 2811 2781 3441 2780 
15220 2810 2780 2811 3441 
15221 2781 2811 3441 3442 
15222 2812 2782 3442 2781 
15223 2811 2781 2812 3442 
15224 2782 2812 3442 3443 
15225 2813 2783 3443 2782 
15226 2812 2782 2813 3443 
15227 2783 2813 3443 3444 
15228 2814 2784 3444 2783 
15229 2813 2783 2814 3444 
15230 2784 2814 3444 3445 
15231 2815 2785 3445 2784 
15232 2814 2784 2815 3445 
15233 2785 2815 3445 3446 
15234 2816 2786 3446 2785 
15235 2815 2785 2816 3446 
15236 2786 2816 3446 3447 
15237 2817 2787 3447 2786 
15238 2816 2786 2817 3447 
15239 2787 2817 3447 3448 
15240 2818 2788 3448 2787 
15241 2817 2787 2818 3448 
15242 2788 2818 3448 3449 
15243 2819 2789 3449 2788 
15244 2818 2788 2819 3449 
15245 2789 2819 3449 3450 
15246 2820 2790 3450 2789 
15247 2819 2789 2820 3450 
15248 2790 2820 3450 3451 
15249 2821 2791 3451 2790 
15250 2820 2790 2821 3451 
15251 2791 2821 3451 3452 
15252 2822 2792 3452 2791 
15253 2821 2791 2822 3452 
15254 2792 2822 3452 1073 
15255 1031 1029 1073 2792 
15256 2822 2792 1031 1073 
15257 266 219 308 3468 
15258 2133 2838 3468 219 
15259 219 2838 3468 266 
15260 2838 2133 3468 3469 
15261 2134 2839 3469 2133 
15262 2133 2839 3469 2838 
15263 2839 2134 3469 3470 
15264 2135 2840 3470 2134 
15265 2134 2840 3470 2839 
15266 2840 2135 3470 3471 
15267 2136 2841 3471 2135 
15268 2135 2841 3471 2840 
15269 2841 2136 3471 3472 
15270 2137 2842 3472 2136 
15271 2136 2842 3472 2841 
15272 2842 2137 3472 3473 
15273 2138 2843 3473 2137 
15274 2137 2843 3473 2842 
15275 2843 2138 3473 3474 
15276 2139 2844 3474 2138 
15277 2138 2844 3474 2843 
15278 2844 2139 3474 3475 
15279 2140 2845 3475 2139 
15280 2139 2845 3475 2844 
15281 2845 2140 3475 3476 
15282 2141 2846 3476 2140 
15283 2140 2846 3476 2845 
15284 2846 2141 3476 3477 
15285 2142 2847 3477 2141 
15286 2141 2847 3477 2846 
15287 2847 2142 3477 3478 
15288 2143 2848 3478 2142 
15289 2142 2848 3478 2847 
15290 2848 2143 3478 3479 
15291 2144 2849 3479 2143 
15292 2143 2849 3479 2848 
15293 2849 2144 3479 3480 
15294 2145 2850 3480 2144 
15295 2144 2850 3480 2849 
15296 2850 2145 3480 3481 
15297 2146 2851 3481 2145 
15298 2145 2851 3481 2850 
15299 2851 2146 3481 3482 
15300 2147 2852 3482 2146 
15301 2146 2852 3482 2851 
15302 2852 2147 3482 1075 
15303 986 1033 1075 2147 
15304 2147 1033 1075 2852 
15305 235 241 312 3528 
15306 2463 2373 3528 235 
15307 241 235 2463 3528 
15308 2373 2463 3528 3529 
15309 2464 2374 3529 2373 
15310 2463 2373 2464 3529 
15311 2374 2464 3529 3530 
15312 2465 2375 3530 2374 
15313 2464 2374 2465 3530 
15314 2375 2465 3530 3531 
15315 2466 2376 3531 2375 
15316 2465 2375 2466 3531 
15317 2376 2466 3531 3532 
15318 2467 2377 3532 2376 
15319 2466 2376 2467 3532 
15320 2377 2467 3532 3533 
15321 2468 2378 3533 2377 
15322 2467 2377 2468 3533 
15323 2378 2468 3533 3534 
15324 2469 2379 3534 2378 
15325 2468 2378 2469 3534 
15326 2379 2469 3534 3535 
15327 2470 2380 3535 2379 
15328 2469 2379 2470 3535 
15329 2380 2470 3535 3536 
15330 2471 2381 3536 2380 
15331 2470 2380 2471 3536 
15332 2381 2471 3536 3537 
15333 2472 2382 3537 2381 
15334 2471 2381 2472 3537 
15335 2382 2472 3537 3538 
15336 2473 2383 3538 2382 
15337 2472 2382 2473 3538 
15338 2383 2473 3538 3539 
15339 2474 2384 3539 2383 
15340 2473 2383 2474 3539 
15341 2384 2474 3539 3540 
15342 2475 2385 3540 2384 
15343 2474 2384 2475 3540 
15344 2385 2475 3540 3541 
15345 2476 2386 3541 2385 
15346 2475 2385 2476 3541 
15347 2386 2476 3541 3542 
15348 2477 2387 3542 2386 
15349 2476 2386 2477 3542 
15350 2387 2477 3542 1079 
15351 1008 1002 1079 2387 
15352 2477 2387 1008 1079 
15353 234 231 315 3573 
15354 2313 2358 3573 231 
15355 231 2358 3573 234 
15356 2358 2313 3573 3574 
15357 2314 2359 3574 2313 
15358 2313 2359 3574 2358 
15359 2359 2314 3574 3575 
15360 2315 2360 3575 2314 
15361 2314 2360 3575 2359 
15362 2360 2315 3575 3576 
15363 2316 2361 3576 2315 
15364 2315 2361 3576 2360 
15365 2361 2316 3576 3577 
15366 2317 2362 3577 2316 
15367 2316 2362 3577 2361 
15368 2362 2317 3577 3578 
15369 2318 2363 3578 2317 
15370 2317 2363 3578 2362 
15371 2363 2318 3578 3579 
15372 2319 2364 3579 2318 
15373 2318 2364 3579 2363 
15374 2364 2319 3579 3580 
15375 2320 2365 3580 2319 
15376 2319 2365 3580 2364 
15377 2365 2320 3580 3581 
15378 2321 2366 3581 2320 
15379 2320 2366 3581 2365 
15380 2366 2321 3581 3582 
15381 2322 2367 3582 2321 
15382 2321 2367 3582 2366 
15383 2367 2322 3582 3583 
15384 2323 2368 3583 2322 
15385 2322 2368 3583 2367 
15386 2368 2323 3583 3584 
15387 2324 2369 3584 2323 
15388 2323 2369 3584 2368 
15389 2369 2324 3584 3585 
15390 2325 2370 3585 2324 
15391 2324 2370 3585 2369 
15392 2370 2325 3585 3586 
15393 2326 2371 3586 2325 
15394 2325 2371 3586 2370 
15395 2371 2326 3586 3587 
15396 2327 2372 3587 2326 
15397 2326 2372 3587 2371 
15398 2372 2327 3587 1082 
15399 998 1001 1082 2327 
15400 2327 1001 1082 2372 
15401 229 267 313 3543 
15402 2853 2283 3543 229 
15403 267 229 2853 3543 
15404 2283 2853 3543 3544 
15405 2854 2284 3544 2283 
15406 2853 2283 2854 3544 
15407 2284 2854 3544 3545 
15408 2855 2285 3545 2284 
15409 2854 2284 2855 3545 
15410 2285 2855 3545 3546 
15411 2856 2286 3546 2285 
15412 2855 2285 2856 3546 
15413 2286 2856 3546 3547 
15414 2857 2287 3547 2286 
15415 2856 2286 2857 3547 
15416 2287 2857 3547 3548 
15417 2858 2288 3548 2287 
15418 2857 2287 2858 3548 
15419 2288 2858 3548 3549 
15420 2859 2289 3549 2288 
15421 2858 2288 2859 3549 
15422 2289 2859 3549 3550 
15423 2860 2290 3550 2289 
15424 2859 2289 2860 3550 
15425 2290 2860 3550 3551 
15426 2861 2291 3551 2290 
15427 2860 2290 2861 3551 
15428 2291 2861 3551 3552 
15429 2862 2292 3552 2291 
15430 2861 2291 2862 3552 
15431 2292 2862 3552 3553 
15432 2863 2293 3553 2292 
15433 2862 2292 2863 3553 
15434 2293 2863 3553 3554 
15435 2864 2294 3554 2293 
15436 2863 2293 2864 3554 
15437 2294 2864 3554 3555 
15438 2865 2295 3555 2294 
15439 2864 2294 2865 3555 
15440 2295 2865 3555 3556 
15441 2866 2296 3556 2295 
15442 2865 2295 2866 3556 
15443 2296 2866 3556 3557 
15444 2867 2297 3557 2296 
15445 2866 2296 2867 3557 
15446 2297 2867 3557 1080 
15447 1034 996 1080 2297 
15448 2867 2297 1034 1080 
15449 253 252 313 3543 
15450 2628 2643 3543 252 
15451 252 2643 3543 253 
15452 2643 2628 3543 3544 
15453 2629 2644 3544 2628 
15454 2628 2644 3544 2643 
15455 2644 2629 3544 3545 
15456 2630 2645 3545 2629 
15457 2629 2645 3545 2644 
15458 2645 2630 3545 3546 
15459 2631 2646 3546 2630 
15460 2630 2646 3546 2645 
15461 2646 2631 3546 3547 
15462 2632 2647 3547 2631 
15463 2631 2647 3547 2646 
15464 2647 2632 3547 3548 
15465 2633 2648 3548 2632 
15466 2632 2648 3548 2647 
15467 2648 2633 3548 3549 
15468 2634 2649 3549 2633 
15469 2633 2649 3549 2648 
15470 2649 2634 3549 3550 
15471 2635 2650 3550 2634 
15472 2634 2650 3550 2649 
15473 2650 2635 3550 3551 
15474 2636 2651 3551 2635 
15475 2635 2651 3551 2650 
15476 2651 2636 3551 3552 
15477 2637 2652 3552 2636 
15478 2636 2652 3552 2651 
15479 2652 2637 3552 3553 
15480 2638 2653 3553 2637 
15481 2637 2653 3553 2652 
15482 2653 2638 3553 3554 
15483 2639 2654 3554 2638 
15484 2638 2654 3554 2653 
15485 2654 2639 3554 3555 
15486 2640 2655 3555 2639 
15487 2639 2655 3555 2654 
15488 2655 2640 3555 3556 
15489 2641 2656 3556 2640 
15490 2640 2656 3556 2655 
15491 2656 2641 3556 3557 
15492 2642 2657 3557 2641 
15493 2641 2657 3557 2656 
15494 2657 2642 3557 1080 
15495 1019 1020 1080 2642 
15496 2642 1020 1080 2657 
15497 256 218 281 2688 
15498 2118 2688 3063 218 
15499 218 2688 3063 281 
15500 2688 2118 3063 2689 
15501 2119 2689 3064 2118 
15502 2118 2689 3064 3063 
15503 2689 2119 3064 2690 
15504 2120 2690 3065 2119 
15505 2119 2690 3065 3064 
15506 2690 2120 3065 2691 
15507 2121 2691 3066 2120 
15508 2120 2691 3066 3065 
15509 2691 2121 3066 2692 
15510 2122 2692 3067 2121 
15511 2121 2692 3067 3066 
15512 2692 2122 3067 2693 
15513 2123 2693 3068 2122 
15514 2122 2693 3068 3067 
15515 2693 2123 3068 2694 
15516 2124 2694 3069 2123 
15517 2123 2694 3069 3068 
15518 2694 2124 3069 2695 
15519 2125 2695 3070 2124 
15520 2124 2695 3070 3069 
15521 2695 2125 3070 2696 
15522 2126 2696 3071 2125 
15523 2125 2696 3071 3070 
15524 2696 2126 3071 2697 
15525 2127 2697 3072 2126 
15526 2126 2697 3072 3071 
15527 2697 2127 3072 2698 
15528 2128 2698 3073 2127 
15529 2127 2698 3073 3072 
15530 2698 2128 3073 2699 
15531 2129 2699 3074 2128 
15532 2128 2699 3074 3073 
15533 2699 2129 3074 2700 
15534 2130 2700 3075 2129 
15535 2129 2700 3075 3074 
15536 2700 2130 3075 2701 
15537 2131 2701 3076 2130 
15538 2130 2701 3076 3075 
15539 2701 2131 3076 2702 
15540 2132 2702 3077 2131 
15541 2131 2702 3077 3076 
15542 2702 2132 3077 1023 
15543 985 1023 1048 2132 
15544 2132 1023 1048 3077 
15545 153 165 166 1143 
15546 1323 1143 1338 165 
15547 165 1143 1338 166 
15548 1143 1323 1338 1144 
15549 1324 1144 1339 1323 
15550 1323 1144 1339 1338 
15551 1144 1324 1339 1145 
15552 1325 1145 1340 1324 
15553 1324 1145 1340 1339 
15554 1145 1325 1340 1146 
15555 1326 1146 1341 1325 
15556 1325 1146 1341 1340 
15557 1146 1326 1341 1147 
15558 1327 1147 1342 1326 
15559 1326 1147 1342 1341 
15560 1147 1327 1342 1148 
15561 1328 1148 1343 1327 
15562 1327 1148 1343 1342 
15563 1148 1328 1343 1149 
15564 1329 1149 1344 1328 
15565 1328 1149 1344 1343 
15566 1149 1329 1344 1150 
15567 1330 1150 1345 1329 
15568 1329 1150 1345 1344 
15569 1150 1330 1345 1151 
15570 1331 1151 1346 1330 
15571 1330 1151 1346 1345 
15572 1151 1331 1346 1152 
15573 1332 1152 1347 1331 
15574 1331 1152 1347 1346 
15575 1152 1332 1347 1153 
15576 1333 1153 1348 1332 
15577 1332 1153 1348 1347 
15578 1153 1333 1348 1154 
15579 1334 1154 1349 1333 
15580 1333 1154 1349 1348 
15581 1154 1334 1349 1155 
15582 1335 1155 1350 1334 
15583 1334 1155 1350 1349 
15584 1155 1335 1350 1156 
15585 1336 1156 1351 1335 
15586 1335 1156 1351 1350 
15587 1156 1336 1351 1157 
15588 1337 1157 1352 1336 
15589 1336 1157 1352 1351 
15590 1157 1337 1352 920 
15591 932 920 933 1337 
15592 1337 920 933 1352 
15593 158 236 307 3453 
15594 2388 1218 3453 158 
15595 236 158 2388 3453 
15596 1218 2388 3453 3454 
15597 2389 1219 3454 1218 
15598 2388 1218 2389 3454 
15599 1219 2389 3454 3455 
15600 2390 1220 3455 1219 
15601 2389 1219 2390 3455 
15602 1220 2390 3455 3456 
15603 2391 1221 3456 1220 
15604 2390 1220 2391 3456 
15605 1221 2391 3456 3457 
15606 2392 1222 3457 1221 
15607 2391 1221 2392 3457 
15608 1222 2392 3457 3458 
15609 2393 1223 3458 1222 
15610 2392 1222 2393 3458 
15611 1223 2393 3458 3459 
15612 2394 1224 3459 1223 
15613 2393 1223 2394 3459 
15614 1224 2394 3459 3460 
15615 2395 1225 3460 1224 
15616 2394 1224 2395 3460 
15617 1225 2395 3460 3461 
15618 2396 1226 3461 1225 
15619 2395 1225 2396 3461 
15620 1226 2396 3461 3462 
15621 2397 1227 3462 1226 
15622 2396 1226 2397 3462 
15623 1227 2397 3462 3463 
15624 2398 1228 3463 1227 
15625 2397 1227 2398 3463 
15626 1228 2398 3463 3464 
15627 2399 1229 3464 1228 
15628 2398 1228 2399 3464 
15629 1229 2399 3464 3465 
15630 2400 1230 3465 1229 
15631 2399 1229 2400 3465 
15632 1230 2400 3465 3466 
15633 2401 1231 3466 1230 
15634 2400 1230 2401 3466 
15635 1231 2401 3466 3467 
15636 2402 1232 3467 1231 
15637 2401 1231 2402 3467 
15638 1232 2402 3467 1074 
15639 1003 925 1074 1232 
15640 2402 1232 1003 1074 
15641 280 254 299 3333 
15642 2658 3048 3333 254 
15643 254 3048 3333 280 
15644 3048 2658 3333 3334 
15645 2659 3049 3334 2658 
15646 2658 3049 3334 3048 
15647 3049 2659 3334 3335 
15648 2660 3050 3335 2659 
15649 2659 3050 3335 3049 
15650 3050 2660 3335 3336 
15651 2661 3051 3336 2660 
15652 2660 3051 3336 3050 
15653 3051 2661 3336 3337 
15654 2662 3052 3337 2661 
15655 2661 3052 3337 3051 
15656 3052 2662 3337 3338 
15657 2663 3053 3338 2662 
15658 2662 3053 3338 3052 
15659 3053 2663 3338 3339 
15660 2664 3054 3339 2663 
15661 2663 3054 3339 3053 
15662 3054 2664 3339 3340 
15663 2665 3055 3340 2664 
15664 2664 3055 3340 3054 
15665 3055 2665 3340 3341 
15666 2666 3056 3341 2665 
15667 2665 3056 3341 3055 
15668 3056 2666 3341 3342 
15669 2667 3057 3342 2666 
15670 2666 3057 3342 3056 
15671 3057 2667 3342 3343 
15672 2668 3058 3343 2667 
15673 2667 3058 3343 3057 
15674 3058 2668 3343 3344 
15675 2669 3059 3344 2668 
15676 2668 3059 3344 3058 
15677 3059 2669 3344 3345 
15678 2670 3060 3345 2669 
15679 2669 3060 3345 3059 
15680 3060 2670 3345 3346 
15681 2671 3061 3346 2670 
15682 2670 3061 3346 3060 
15683 3061 2671 3346 3347 
15684 2672 3062 3347 2671 
15685 2671 3062 3347 3061 
15686 3062 2672 3347 1066 
15687 1021 1047 1066 2672 
15688 2672 1047 1066 3062 
15689 276 157 300 3348 
15690 1203 2988 3348 157 
15691 157 2988 3348 276 
15692 2988 1203 3348 3349 
15693 1204 2989 3349 1203 
15694 1203 2989 3349 2988 
15695 2989 1204 3349 3350 
15696 1205 2990 3350 1204 
15697 1204 2990 3350 2989 
15698 2990 1205 3350 3351 
15699 1206 2991 3351 1205 
15700 1205 2991 3351 2990 
15701 2991 1206 3351 3352 
15702 1207 2992 3352 1206 
15703 1206 2992 3352 2991 
15704 2992 1207 3352 3353 
15705 1208 2993 3353 1207 
15706 1207 2993 3353 2992 
15707 2993 1208 3353 3354 
15708 1209 2994 3354 1208 
15709 1208 2994 3354 2993 
15710 2994 1209 3354 3355 
15711 1210 2995 3355 1209 
15712 1209 2995 3355 2994 
15713 2995 1210 3355 3356 
15714 1211 2996 3356 1210 
15715 1210 2996 3356 2995 
15716 2996 1211 3356 3357 
15717 1212 2997 3357 1211 
15718 1211 2997 3357 2996 
15719 2997 1212 3357 3358 
15720 1213 2998 3358 1212 
15721 1212 2998 3358 2997 
15722 2998 1213 3358 3359 
15723 1214 2999 3359 1213 
15724 1213 2999 3359 2998 
15725 2999 1214 3359 3360 
15726 1215 3000 3360 1214 
15727 1214 3000 3360 2999 
15728 3000 1215 3360 3361 
15729 1216 3001 3361 1215 
15730 1215 3001 3361 3000 
15731 3001 1216 3361 3362 
15732 1217 3002 3362 1216 
15733 1216 3002 3362 3001 
15734 3002 1217 3362 1067 
15735 924 1043 1067 1217 
15736 1217 1043 1067 3002 
15737 251 276 300 3348 
15738 2988 2613 3348 251 
15739 276 251 2988 3348 
15740 2613 2988 3348 3349 
15741 2989 2614 3349 2613 
15742 2988 2613 2989 3349 
15743 2614 2989 3349 3350 
15744 2990 2615 3350 2614 
15745 2989 2614 2990 3350 
15746 2615 2990 3350 3351 
15747 2991 2616 3351 2615 
15748 2990 2615 2991 3351 
15749 2616 2991 3351 3352 
15750 2992 2617 3352 2616 
15751 2991 2616 2992 3352 
15752 2617 2992 3352 3353 
15753 2993 2618 3353 2617 
15754 2992 2617 2993 3353 
15755 2618 2993 3353 3354 
15756 2994 2619 3354 2618 
15757 2993 2618 2994 3354 
15758 2619 2994 3354 3355 
15759 2995 2620 3355 2619 
15760 2994 2619 2995 3355 
15761 2620 2995 3355 3356 
15762 2996 2621 3356 2620 
15763 2995 2620 2996 3356 
15764 2621 2996 3356 3357 
15765 2997 2622 3357 2621 
15766 2996 2621 2997 3357 
15767 2622 2997 3357 3358 
15768 2998 2623 3358 2622 
15769 2997 2622 2998 3358 
15770 2623 2998 3358 3359 
15771 2999 2624 3359 2623 
15772 2998 2623 2999 3359 
15773 2624 2999 3359 3360 
15774 3000 2625 3360 2624 
15775 2999 2624 3000 3360 
15776 2625 3000 3360 3361 
15777 3001 2626 3361 2625 
15778 3000 2625 3001 3361 
15779 2626 3001 3361 3362 
15780 3002 2627 3362 2626 
15781 3001 2626 3002 3362 
15782 2627 3002 3362 1067 
15783 1043 1018 1067 2627 
15784 3002 2627 1043 1067 
15785 260 291 306 3438 
15786 3213 2748 3438 260 
15787 291 260 3213 3438 
15788 2748 3213 3438 3439 
15789 3214 2749 3439 2748 
15790 3213 2748 3214 3439 
15791 2749 3214 3439 3440 
15792 3215 2750 3440 2749 
15793 3214 2749 3215 3440 
15794 2750 3215 3440 3441 
15795 3216 2751 3441 2750 
15796 3215 2750 3216 3441 
15797 2751 3216 3441 3442 
15798 3217 2752 3442 2751 
15799 3216 2751 3217 3442 
15800 2752 3217 3442 3443 
15801 3218 2753 3443 2752 
15802 3217 2752 3218 3443 
15803 2753 3218 3443 3444 
15804 3219 2754 3444 2753 
15805 3218 2753 3219 3444 
15806 2754 3219 3444 3445 
15807 3220 2755 3445 2754 
15808 3219 2754 3220 3445 
15809 2755 3220 3445 3446 
15810 3221 2756 3446 2755 
15811 3220 2755 3221 3446 
15812 2756 3221 3446 3447 
15813 3222 2757 3447 2756 
15814 3221 2756 3222 3447 
15815 2757 3222 3447 3448 
15816 3223 2758 3448 2757 
15817 3222 2757 3223 3448 
15818 2758 3223 3448 3449 
15819 3224 2759 3449 2758 
15820 3223 2758 3224 3449 
15821 2759 3224 3449 3450 
15822 3225 2760 3450 2759 
15823 3224 2759 3225 3450 
15824 2760 3225 3450 3451 
15825 3226 2761 3451 2760 
15826 3225 2760 3226 3451 
15827 2761 3226 3451 3452 
15828 3227 2762 3452 2761 
15829 3226 2761 3227 3452 
15830 2762 3227 3452 1073 
15831 1058 1027 1073 2762 
15832 3227 2762 1058 1073 
15833 209 213 282 3078 
15834 2043 1983 3078 209 
15835 213 209 2043 3078 
15836 1983 2043 3078 3079 
15837 2044 1984 3079 1983 
15838 2043 1983 2044 3079 
15839 1984 2044 3079 3080 
15840 2045 1985 3080 1984 
15841 2044 1984 2045 3080 
15842 1985 2045 3080 3081 
15843 2046 1986 3081 1985 
15844 2045 1985 2046 3081 
15845 1986 2046 3081 3082 
15846 2047 1987 3082 1986 
15847 2046 1986 2047 3082 
15848 1987 2047 3082 3083 
15849 2048 1988 3083 1987 
15850 2047 1987 2048 3083 
15851 1988 2048 3083 3084 
15852 2049 1989 3084 1988 
15853 2048 1988 2049 3084 
15854 1989 2049 3084 3085 
15855 2050 1990 3085 1989 
15856 2049 1989 2050 3085 
15857 1990 2050 3085 3086 
15858 2051 1991 3086 1990 
15859 2050 1990 2051 3086 
15860 1991 2051 3086 3087 
15861 2052 1992 3087 1991 
15862 2051 1991 2052 3087 
15863 1992 2052 3087 3088 
15864 2053 1993 3088 1992 
15865 2052 1992 2053 3088 
15866 1993 2053 3088 3089 
15867 2054 1994 3089 1993 
15868 2053 1993 2054 3089 
15869 1994 2054 3089 3090 
15870 2055 1995 3090 1994 
15871 2054 1994 2055 3090 
15872 1995 2055 3090 3091 
15873 2056 1996 3091 1995 
15874 2055 1995 2056 3091 
15875 1996 2056 3091 3092 
15876 2057 1997 3092 1996 
15877 2056 1996 2057 3092 
15878 1997 2057 3092 1049 
15879 980 976 1049 1997 
15880 2057 1997 980 1049 
15881 234 290 312 3528 
15882 3198 2358 3528 234 
15883 290 234 3198 3528 
15884 2358 3198 3528 3529 
15885 3199 2359 3529 2358 
15886 3198 2358 3199 3529 
15887 2359 3199 3529 3530 
15888 3200 2360 3530 2359 
15889 3199 2359 3200 3530 
15890 2360 3200 3530 3531 
15891 3201 2361 3531 2360 
15892 3200 2360 3201 3531 
15893 2361 3201 3531 3532 
15894 3202 2362 3532 2361 
15895 3201 2361 3202 3532 
15896 2362 3202 3532 3533 
15897 3203 2363 3533 2362 
15898 3202 2362 3203 3533 
15899 2363 3203 3533 3534 
15900 3204 2364 3534 2363 
15901 3203 2363 3204 3534 
15902 2364 3204 3534 3535 
15903 3205 2365 3535 2364 
15904 3204 2364 3205 3535 
15905 2365 3205 3535 3536 
15906 3206 2366 3536 2365 
15907 3205 2365 3206 3536 
15908 2366 3206 3536 3537 
15909 3207 2367 3537 2366 
15910 3206 2366 3207 3537 
15911 2367 3207 3537 3538 
15912 3208 2368 3538 2367 
15913 3207 2367 3208 3538 
15914 2368 3208 3538 3539 
15915 3209 2369 3539 2368 
15916 3208 2368 3209 3539 
15917 2369 3209 3539 3540 
15918 3210 2370 3540 2369 
15919 3209 2369 3210 3540 
15920 2370 3210 3540 3541 
15921 3211 2371 3541 2370 
15922 3210 2370 3211 3541 
15923 2371 3211 3541 3542 
15924 3212 2372 3542 2371 
15925 3211 2371 3212 3542 
15926 2372 3212 3542 1079 
15927 1057 1001 1079 2372 
15928 3212 2372 1057 1079 
15929 227 289 308 3468 
15930 3183 2253 3468 227 
15931 289 227 3183 3468 
15932 2253 3183 3468 3469 
15933 3184 2254 3469 2253 
15934 3183 2253 3184 3469 
15935 2254 3184 3469 3470 
15936 3185 2255 3470 2254 
15937 3184 2254 3185 3470 
15938 2255 3185 3470 3471 
15939 3186 2256 3471 2255 
15940 3185 2255 3186 3471 
15941 2256 3186 3471 3472 
15942 3187 2257 3472 2256 
15943 3186 2256 3187 3472 
15944 2257 3187 3472 3473 
15945 3188 2258 3473 2257 
15946 3187 2257 3188 3473 
15947 2258 3188 3473 3474 
15948 3189 2259 3474 2258 
15949 3188 2258 3189 3474 
15950 2259 3189 3474 3475 
15951 3190 2260 3475 2259 
15952 3189 2259 3190 3475 
15953 2260 3190 3475 3476 
15954 3191 2261 3476 2260 
15955 3190 2260 3191 3476 
15956 2261 3191 3476 3477 
15957 3192 2262 3477 2261 
15958 3191 2261 3192 3477 
15959 2262 3192 3477 3478 
15960 3193 2263 3478 2262 
15961 3192 2262 3193 3478 
15962 2263 3193 3478 3479 
15963 3194 2264 3479 2263 
15964 3193 2263 3194 3479 
15965 2264 3194 3479 3480 
15966 3195 2265 3480 2264 
15967 3194 2264 3195 3480 
15968 2265 3195 3480 3481 
15969 3196 2266 3481 2265 
15970 3195 2265 3196 3481 
15971 2266 3196 3481 3482 
15972 3197 2267 3482 2266 
15973 3196 2266 3197 3482 
15974 2267 3197 3482 1075 
15975 1056 994 1075 2267 
15976 3197 2267 1056 1075 
15977 276 284 305 3423 
15978 3108 2988 3423 284 
15979 284 2988 3423 276 
15980 2988 3108 3423 3424 
15981 3109 2989 3424 3108 
15982 3108 2989 3424 2988 
15983 2989 3109 3424 3425 
15984 3110 2990 3425 3109 
15985 3109 2990 3425 2989 
15986 2990 3110 3425 3426 
15987 3111 2991 3426 3110 
15988 3110 2991 3426 2990 
15989 2991 3111 3426 3427 
15990 3112 2992 3427 3111 
15991 3111 2992 3427 2991 
15992 2992 3112 3427 3428 
15993 3113 2993 3428 3112 
15994 3112 2993 3428 2992 
15995 2993 3113 3428 3429 
15996 3114 2994 3429 3113 
15997 3113 2994 3429 2993 
15998 2994 3114 3429 3430 
15999 3115 2995 3430 3114 
16000 3114 2995 3430 2994 
16001 2995 3115 3430 3431 
16002 3116 2996 3431 3115 
16003 3115 2996 3431 2995 
16004 2996 3116 3431 3432 
16005 3117 2997 3432 3116 
16006 3116 2997 3432 2996 
16007 2997 3117 3432 3433 
16008 3118 2998 3433 3117 
16009 3117 2998 3433 2997 
16010 2998 3118 3433 3434 
16011 3119 2999 3434 3118 
16012 3118 2999 3434 2998 
16013 2999 3119 3434 3435 
16014 3120 3000 3435 3119 
16015 3119 3000 3435 2999 
16016 3000 3120 3435 3436 
16017 3121 3001 3436 3120 
16018 3120 3001 3436 3000 
16019 3001 3121 3436 3437 
16020 3122 3002 3437 3121 
16021 3121 3002 3437 3001 
16022 3002 3122 3437 1072 
16023 1051 1043 1072 3122 
16024 3122 1043 1072 3002 
16025 253 159 314 3558 
16026 1233 2643 3558 253 
16027 159 253 1233 3558 
16028 2643 1233 3558 3559 
16029 1234 2644 3559 2643 
16030 1233 2643 1234 3559 
16031 2644 1234 3559 3560 
16032 1235 2645 3560 2644 
16033 1234 2644 1235 3560 
16034 2645 1235 3560 3561 
16035 1236 2646 3561 2645 
16036 1235 2645 1236 3561 
16037 2646 1236 3561 3562 
16038 1237 2647 3562 2646 
16039 1236 2646 1237 3562 
16040 2647 1237 3562 3563 
16041 1238 2648 3563 2647 
16042 1237 2647 1238 3563 
16043 2648 1238 3563 3564 
16044 1239 2649 3564 2648 
16045 1238 2648 1239 3564 
16046 2649 1239 3564 3565 
16047 1240 2650 3565 2649 
16048 1239 2649 1240 3565 
16049 2650 1240 3565 3566 
16050 1241 2651 3566 2650 
16051 1240 2650 1241 3566 
16052 2651 1241 3566 3567 
16053 1242 2652 3567 2651 
16054 1241 2651 1242 3567 
16055 2652 1242 3567 3568 
16056 1243 2653 3568 2652 
16057 1242 2652 1243 3568 
16058 2653 1243 3568 3569 
16059 1244 2654 3569 2653 
16060 1243 2653 1244 3569 
16061 2654 1244 3569 3570 
16062 1245 2655 3570 2654 
16063 1244 2654 1245 3570 
16064 2655 1245 3570 3571 
16065 1246 2656 3571 2655 
16066 1245 2655 1246 3571 
16067 2656 1246 3571 3572 
16068 1247 2657 3572 2656 
16069 1246 2656 1247 3572 
16070 2657 1247 3572 1081 
16071 926 1020 1081 2657 
16072 1247 2657 926 1081 
16073 22 23 165 1323 
16074 526 511 1323 22 
16075 23 22 526 1323 
16076 511 526 1323 1324 
16077 527 512 1324 511 
16078 526 511 527 1324 
16079 512 527 1324 1325 
16080 528 513 1325 512 
16081 527 512 528 1325 
16082 513 528 1325 1326 
16083 529 514 1326 513 
16084 528 513 529 1326 
16085 514 529 1326 1327 
16086 530 515 1327 514 
16087 529 514 530 1327 
16088 515 530 1327 1328 
16089 531 516 1328 515 
16090 530 515 531 1328 
16091 516 531 1328 1329 
16092 532 517 1329 516 
16093 531 516 532 1329 
16094 517 532 1329 1330 
16095 533 518 1330 517 
16096 532 517 533 1330 
16097 518 533 1330 1331 
16098 534 519 1331 518 
16099 533 518 534 1331 
16100 519 534 1331 1332 
16101 535 520 1332 519 
16102 534 519 535 1332 
16103 520 535 1332 1333 
16104 536 521 1333 520 
16105 535 520 536 1333 
16106 521 536 1333 1334 
16107 537 522 1334 521 
16108 536 521 537 1334 
16109 522 537 1334 1335 
16110 538 523 1335 522 
16111 537 522 538 1335 
16112 523 538 1335 1336 
16113 539 524 1336 523 
16114 538 523 539 1336 
16115 524 539 1336 1337 
16116 540 525 1337 524 
16117 539 524 540 1337 
16118 525 540 1337 932 
16119 94 95 932 525 
16120 540 525 94 932 
16121 42 43 287 3153 
16122 826 811 3153 42 
16123 43 42 826 3153 
16124 811 826 3153 3154 
16125 827 812 3154 811 
16126 826 811 827 3154 
16127 812 827 3154 3155 
16128 828 813 3155 812 
16129 827 812 828 3155 
16130 813 828 3155 3156 
16131 829 814 3156 813 
16132 828 813 829 3156 
16133 814 829 3156 3157 
16134 830 815 3157 814 
16135 829 814 830 3157 
16136 815 830 3157 3158 
16137 831 816 3158 815 
16138 830 815 831 3158 
16139 816 831 3158 3159 
16140 832 817 3159 816 
16141 831 816 832 3159 
16142 817 832 3159 3160 
16143 833 818 3160 817 
16144 832 817 833 3160 
16145 818 833 3160 3161 
16146 834 819 3161 818 
16147 833 818 834 3161 
16148 819 834 3161 3162 
16149 835 820 3162 819 
16150 834 819 835 3162 
16151 820 835 3162 3163 
16152 836 821 3163 820 
16153 835 820 836 3163 
16154 821 836 3163 3164 
16155 837 822 3164 821 
16156 836 821 837 3164 
16157 822 837 3164 3165 
16158 838 823 3165 822 
16159 837 822 838 3165 
16160 823 838 3165 3166 
16161 839 824 3166 823 
16162 838 823 839 3166 
16163 824 839 3166 3167 
16164 840 825 3167 824 
16165 839 824 840 3167 
16166 825 840 3167 1054 
16167 144 145 1054 825 
16168 840 825 144 1054 
16169 43 44 291 3213 
16170 841 826 3213 43 
16171 44 43 841 3213 
16172 826 841 3213 3214 
16173 842 827 3214 826 
16174 841 826 842 3214 
16175 827 842 3214 3215 
16176 843 828 3215 827 
16177 842 827 843 3215 
16178 828 843 3215 3216 
16179 844 829 3216 828 
16180 843 828 844 3216 
16181 829 844 3216 3217 
16182 845 830 3217 829 
16183 844 829 845 3217 
16184 830 845 3217 3218 
16185 846 831 3218 830 
16186 845 830 846 3218 
16187 831 846 3218 3219 
16188 847 832 3219 831 
16189 846 831 847 3219 
16190 832 847 3219 3220 
16191 848 833 3220 832 
16192 847 832 848 3220 
16193 833 848 3220 3221 
16194 849 834 3221 833 
16195 848 833 849 3221 
16196 834 849 3221 3222 
16197 850 835 3222 834 
16198 849 834 850 3222 
16199 835 850 3222 3223 
16200 851 836 3223 835 
16201 850 835 851 3223 
16202 836 851 3223 3224 
16203 852 837 3224 836 
16204 851 836 852 3224 
16205 837 852 3224 3225 
16206 853 838 3225 837 
16207 852 837 853 3225 
16208 838 853 3225 3226 
16209 854 839 3226 838 
16210 853 838 854 3226 
16211 839 854 3226 3227 
16212 855 840 3227 839 
16213 854 839 855 3227 
16214 840 855 3227 1058 
16215 143 144 1058 840 
16216 855 840 143 1058 
16217 153 22 165 1143 
16218 511 1143 1323 22 
16219 22 1143 1323 165 
16220 1143 511 1323 1144 
16221 512 1144 1324 511 
16222 511 1144 1324 1323 
16223 1144 512 1324 1145 
16224 513 1145 1325 512 
16225 512 1145 1325 1324 
16226 1145 513 1325 1146 
16227 514 1146 1326 513 
16228 513 1146 1326 1325 
16229 1146 514 1326 1147 
16230 515 1147 1327 514 
16231 514 1147 1327 1326 
16232 1147 515 1327 1148 
16233 516 1148 1328 515 
16234 515 1148 1328 1327 
16235 1148 516 1328 1149 
16236 517 1149 1329 516 
16237 516 1149 1329 1328 
16238 1149 517 1329 1150 
16239 518 1150 1330 517 
16240 517 1150 1330 1329 
16241 1150 518 1330 1151 
16242 519 1151 1331 518 
16243 518 1151 1331 1330 
16244 1151 519 1331 1152 
16245 520 1152 1332 519 
16246 519 1152 1332 1331 
16247 1152 520 1332 1153 
16248 521 1153 1333 520 
16249 520 1153 1333 1332 
16250 1153 521 1333 1154 
16251 522 1154 1334 521 
16252 521 1154 1334 1333 
16253 1154 522 1334 1155 
16254 523 1155 1335 522 
16255 522 1155 1335 1334 
16256 1155 523 1335 1156 
16257 524 1156 1336 523 
16258 523 1156 1336 1335 
16259 1156 524 1336 1157 
16260 525 1157 1337 524 
16261 524 1157 1337 1336 
16262 1157 525 1337 920 
16263 95 920 932 525 
16264 525 920 932 1337 
16265 155 42 287 3153 
16266 811 1173 3153 42 
16267 42 1173 3153 155 
16268 1173 811 3153 3154 
16269 812 1174 3154 811 
16270 811 1174 3154 1173 
16271 1174 812 3154 3155 
16272 813 1175 3155 812 
16273 812 1175 3155 1174 
16274 1175 813 3155 3156 
16275 814 1176 3156 813 
16276 813 1176 3156 1175 
16277 1176 814 3156 3157 
16278 815 1177 3157 814 
16279 814 1177 3157 1176 
16280 1177 815 3157 3158 
16281 816 1178 3158 815 
16282 815 1178 3158 1177 
16283 1178 816 3158 3159 
16284 817 1179 3159 816 
16285 816 1179 3159 1178 
16286 1179 817 3159 3160 
16287 818 1180 3160 817 
16288 817 1180 3160 1179 
16289 1180 818 3160 3161 
16290 819 1181 3161 818 
16291 818 1181 3161 1180 
16292 1181 819 3161 3162 
16293 820 1182 3162 819 
16294 819 1182 3162 1181 
16295 1182 820 3162 3163 
16296 821 1183 3163 820 
16297 820 1183 3163 1182 
16298 1183 821 3163 3164 
16299 822 1184 3164 821 
16300 821 1184 3164 1183 
16301 1184 822 3164 3165 
16302 823 1185 3165 822 
16303 822 1185 3165 1184 
16304 1185 823 3165 3166 
16305 824 1186 3166 823 
16306 823 1186 3166 1185 
16307 1186 824 3166 3167 
16308 825 1187 3167 824 
16309 824 1187 3167 1186 
16310 1187 825 3167 1054 
16311 145 922 1054 825 
16312 825 922 1054 1187 
16313 31 154 289 3183 
16314 1158 646 3183 31 
16315 154 31 1158 3183 
16316 646 1158 3183 3184 
16317 1159 647 3184 646 
16318 1158 646 1159 3184 
16319 647 1159 3184 3185 
16320 1160 648 3185 647 
16321 1159 647 1160 3185 
16322 648 1160 3185 3186 
16323 1161 649 3186 648 
16324 1160 648 1161 3186 
16325 649 1161 3186 3187 
16326 1162 650 3187 649 
16327 1161 649 1162 3187 
16328 650 1162 3187 3188 
16329 1163 651 3188 650 
16330 1162 650 1163 3188 
16331 651 1163 3188 3189 
16332 1164 652 3189 651 
16333 1163 651 1164 3189 
16334 652 1164 3189 3190 
16335 1165 653 3190 652 
16336 1164 652 1165 3190 
16337 653 1165 3190 3191 
16338 1166 654 3191 653 
16339 1165 653 1166 3191 
16340 654 1166 3191 3192 
16341 1167 655 3192 654 
16342 1166 654 1167 3192 
16343 655 1167 3192 3193 
16344 1168 656 3193 655 
16345 1167 655 1168 3193 
16346 656 1168 3193 3194 
16347 1169 657 3194 656 
16348 1168 656 1169 3194 
16349 657 1169 3194 3195 
16350 1170 658 3195 657 
16351 1169 657 1170 3195 
16352 658 1170 3195 3196 
16353 1171 659 3196 658 
16354 1170 658 1171 3196 
16355 659 1171 3196 3197 
16356 1172 660 3197 659 
16357 1171 659 1172 3197 
16358 660 1172 3197 1056 
16359 921 121 1056 660 
16360 1172 660 921 1056 
16361 2 161 290 3198 
16362 1263 59 3198 2 
16363 161 2 1263 3198 
16364 59 1263 3198 3199 
16365 1264 60 3199 59 
16366 1263 59 1264 3199 
16367 60 1264 3199 3200 
16368 1265 61 3200 60 
16369 1264 60 1265 3200 
16370 61 1265 3200 3201 
16371 1266 62 3201 61 
16372 1265 61 1266 3201 
16373 62 1266 3201 3202 
16374 1267 63 3202 62 
16375 1266 62 1267 3202 
16376 63 1267 3202 3203 
16377 1268 64 3203 63 
16378 1267 63 1268 3203 
16379 64 1268 3203 3204 
16380 1269 65 3204 64 
16381 1268 64 1269 3204 
16382 65 1269 3204 3205 
16383 1270 66 3205 65 
16384 1269 65 1270 3205 
16385 66 1270 3205 3206 
16386 1271 67 3206 66 
16387 1270 66 1271 3206 
16388 67 1271 3206 3207 
16389 1272 68 3207 67 
16390 1271 67 1272 3207 
16391 68 1272 3207 3208 
16392 1273 69 3208 68 
16393 1272 68 1273 3208 
16394 69 1273 3208 3209 
16395 1274 70 3209 69 
16396 1273 69 1274 3209 
16397 70 1274 3209 3210 
16398 1275 71 3210 70 
16399 1274 70 1275 3210 
16400 71 1275 3210 3211 
16401 1276 72 3211 71 
16402 1275 71 1276 3211 
16403 72 1276 3211 3212 
16404 1277 73 3212 72 
16405 1276 72 1277 3212 
16406 73 1277 3212 1057 
16407 928 5 1057 73 
16408 1277 73 928 1057 
16409 44 160 291 3213 
16410 1248 841 3213 44 
16411 160 44 1248 3213 
16412 841 1248 3213 3214 
16413 1249 842 3214 841 
16414 1248 841 1249 3214 
16415 842 1249 3214 3215 
16416 1250 843 3215 842 
16417 1249 842 1250 3215 
16418 843 1250 3215 3216 
16419 1251 844 3216 843 
16420 1250 843 1251 3216 
16421 844 1251 3216 3217 
16422 1252 845 3217 844 
16423 1251 844 1252 3217 
16424 845 1252 3217 3218 
16425 1253 846 3218 845 
16426 1252 845 1253 3218 
16427 846 1253 3218 3219 
16428 1254 847 3219 846 
16429 1253 846 1254 3219 
16430 847 1254 3219 3220 
16431 1255 848 3220 847 
16432 1254 847 1255 3220 
16433 848 1255 3220 3221 
16434 1256 849 3221 848 
16435 1255 848 1256 3221 
16436 849 1256 3221 3222 
16437 1257 850 3222 849 
16438 1256 849 1257 3222 
16439 850 1257 3222 3223 
16440 1258 851 3223 850 
16441 1257 850 1258 3223 
16442 851 1258 3223 3224 
16443 1259 852 3224 851 
16444 1258 851 1259 3224 
16445 852 1259 3224 3225 
16446 1260 853 3225 852 
16447 1259 852 1260 3225 
16448 853 1260 3225 3226 
16449 1261 854 3226 853 
16450 1260 853 1261 3226 
16451 854 1261 3226 3227 
16452 1262 855 3227 854 
16453 1261 854 1262 3227 
16454 855 1262 3227 1058 
16455 927 143 1058 855 
16456 1262 855 927 1058 
16457 1 164 294 3258 
16458 1308 74 3258 1 
16459 164 1 1308 3258 
16460 74 1308 3258 3259 
16461 1309 75 3259 74 
16462 1308 74 1309 3259 
16463 75 1309 3259 3260 
16464 1310 76 3260 75 
16465 1309 75 1310 3260 
16466 76 1310 3260 3261 
16467 1311 77 3261 76 
16468 1310 76 1311 3261 
16469 77 1311 3261 3262 
16470 1312 78 3262 77 
16471 1311 77 1312 3262 
16472 78 1312 3262 3263 
16473 1313 79 3263 78 
16474 1312 78 1313 3263 
16475 79 1313 3263 3264 
16476 1314 80 3264 79 
16477 1313 79 1314 3264 
16478 80 1314 3264 3265 
16479 1315 81 3265 80 
16480 1314 80 1315 3265 
16481 81 1315 3265 3266 
16482 1316 82 3266 81 
16483 1315 81 1316 3266 
16484 82 1316 3266 3267 
16485 1317 83 3267 82 
16486 1316 82 1317 3267 
16487 83 1317 3267 3268 
16488 1318 84 3268 83 
16489 1317 83 1318 3268 
16490 84 1318 3268 3269 
16491 1319 85 3269 84 
16492 1318 84 1319 3269 
16493 85 1319 3269 3270 
16494 1320 86 3270 85 
16495 1319 85 1320 3270 
16496 86 1320 3270 3271 
16497 1321 87 3271 86 
16498 1320 86 1321 3271 
16499 87 1321 3271 3272 
16500 1322 88 3272 87 
16501 1321 87 1322 3272 
16502 88 1322 3272 1061 
16503 931 6 1061 88 
16504 1322 88 931 1061 
16505 18 2 290 3198 
16506 59 451 3198 18 
16507 2 18 59 3198 
16508 451 59 3198 3199 
16509 60 452 3199 451 
16510 59 451 60 3199 
16511 452 60 3199 3200 
16512 61 453 3200 452 
16513 60 452 61 3200 
16514 453 61 3200 3201 
16515 62 454 3201 453 
16516 61 453 62 3201 
16517 454 62 3201 3202 
16518 63 455 3202 454 
16519 62 454 63 3202 
16520 455 63 3202 3203 
16521 64 456 3203 455 
16522 63 455 64 3203 
16523 456 64 3203 3204 
16524 65 457 3204 456 
16525 64 456 65 3204 
16526 457 65 3204 3205 
16527 66 458 3205 457 
16528 65 457 66 3205 
16529 458 66 3205 3206 
16530 67 459 3206 458 
16531 66 458 67 3206 
16532 459 67 3206 3207 
16533 68 460 3207 459 
16534 67 459 68 3207 
16535 460 68 3207 3208 
16536 69 461 3208 460 
16537 68 460 69 3208 
16538 461 69 3208 3209 
16539 70 462 3209 461 
16540 69 461 70 3209 
16541 462 70 3209 3210 
16542 71 463 3210 462 
16543 70 462 71 3210 
16544 463 71 3210 3211 
16545 72 464 3211 463 
16546 71 463 72 3211 
16547 464 72 3211 3212 
16548 73 465 3212 464 
16549 72 464 73 3212 
16550 465 73 3212 1057 
16551 5 49 1057 465 
16552 73 465 5 1057 
16553 151 18 290 3198 
16554 451 1113 3198 18 
16555 18 1113 3198 151 
16556 1113 451 3198 3199 
16557 452 1114 3199 451 
16558 451 1114 3199 1113 
16559 1114 452 3199 3200 
16560 453 1115 3200 452 
16561 452 1115 3200 1114 
16562 1115 453 3200 3201 
16563 454 1116 3201 453 
16564 453 1116 3201 1115 
16565 1116 454 3201 3202 
16566 455 1117 3202 454 
16567 454 1117 3202 1116 
16568 1117 455 3202 3203 
16569 456 1118 3203 455 
16570 455 1118 3203 1117 
16571 1118 456 3203 3204 
16572 457 1119 3204 456 
16573 456 1119 3204 1118 
16574 1119 457 3204 3205 
16575 458 1120 3205 457 
16576 457 1120 3205 1119 
16577 1120 458 3205 3206 
16578 459 1121 3206 458 
16579 458 1121 3206 1120 
16580 1121 459 3206 3207 
16581 460 1122 3207 459 
16582 459 1122 3207 1121 
16583 1122 460 3207 3208 
16584 461 1123 3208 460 
16585 460 1123 3208 1122 
16586 1123 461 3208 3209 
16587 462 1124 3209 461 
16588 461 1124 3209 1123 
16589 1124 462 3209 3210 
16590 463 1125 3210 462 
16591 462 1125 3210 1124 
16592 1125 463 3210 3211 
16593 464 1126 3211 463 
16594 463 1126 3211 1125 
16595 1126 464 3211 3212 
16596 465 1127 3212 464 
16597 464 1127 3212 1126 
16598 1127 465 3212 1057 
16599 49 918 1057 465 
16600 465 918 1057 1127 
16601 30 31 289 3183 
16602 646 631 3183 30 
16603 31 30 646 3183 
16604 631 646 3183 3184 
16605 647 632 3184 631 
16606 646 631 647 3184 
16607 632 647 3184 3185 
16608 648 633 3185 632 
16609 647 632 648 3185 
16610 633 648 3185 3186 
16611 649 634 3186 633 
16612 648 633 649 3186 
16613 634 649 3186 3187 
16614 650 635 3187 634 
16615 649 634 650 3187 
16616 635 650 3187 3188 
16617 651 636 3188 635 
16618 650 635 651 3188 
16619 636 651 3188 3189 
16620 652 637 3189 636 
16621 651 636 652 3189 
16622 637 652 3189 3190 
16623 653 638 3190 637 
16624 652 637 653 3190 
16625 638 653 3190 3191 
16626 654 639 3191 638 
16627 653 638 654 3191 
16628 639 654 3191 3192 
16629 655 640 3192 639 
16630 654 639 655 3192 
16631 640 655 3192 3193 
16632 656 641 3193 640 
16633 655 640 656 3193 
16634 641 656 3193 3194 
16635 657 642 3194 641 
16636 656 641 657 3194 
16637 642 657 3194 3195 
16638 658 643 3195 642 
16639 657 642 658 3195 
16640 643 658 3195 3196 
16641 659 644 3196 643 
16642 658 643 659 3196 
16643 644 659 3196 3197 
16644 660 645 3197 644 
16645 659 644 660 3197 
16646 645 660 3197 1056 
16647 121 122 1056 645 
16648 660 645 121 1056 
16649 48 1 294 3258 
16650 74 901 3258 48 
16651 1 48 74 3258 
16652 901 74 3258 3259 
16653 75 902 3259 901 
16654 74 901 75 3259 
16655 902 75 3259 3260 
16656 76 903 3260 902 
16657 75 902 76 3260 
16658 903 76 3260 3261 
16659 77 904 3261 903 
16660 76 903 77 3261 
16661 904 77 3261 3262 
16662 78 905 3262 904 
16663 77 904 78 3262 
16664 905 78 3262 3263 
16665 79 906 3263 905 
16666 78 905 79 3263 
16667 906 79 3263 3264 
16668 80 907 3264 906 
16669 79 906 80 3264 
16670 907 80 3264 3265 
16671 81 908 3265 907 
16672 80 907 81 3265 
16673 908 81 3265 3266 
16674 82 909 3266 908 
16675 81 908 82 3266 
16676 909 82 3266 3267 
16677 83 910 3267 909 
16678 82 909 83 3267 
16679 910 83 3267 3268 
16680 84 911 3268 910 
16681 83 910 84 3268 
16682 911 84 3268 3269 
16683 85 912 3269 911 
16684 84 911 85 3269 
16685 912 85 3269 3270 
16686 86 913 3270 912 
16687 85 912 86 3270 
16688 913 86 3270 3271 
16689 87 914 3271 913 
16690 86 913 87 3271 
16691 914 87 3271 3272 
16692 88 915 3272 914 
16693 87 914 88 3272 
16694 915 88 3272 1061 
16695 6 139 1061 915 
16696 88 915 6 1061 
16697 149 48 294 1083 
16698 901 1083 3258 48 
16699 48 1083 3258 294 
16700 1083 901 3258 1084 
16701 902 1084 3259 901 
16702 901 1084 3259 3258 
16703 1084 902 3259 1085 
16704 903 1085 3260 902 
16705 902 1085 3260 3259 
16706 1085 903 3260 1086 
16707 904 1086 3261 903 
16708 903 1086 3261 3260 
16709 1086 904 3261 1087 
16710 905 1087 3262 904 
16711 904 1087 3262 3261 
16712 1087 905 3262 1088 
16713 906 1088 3263 905 
16714 905 1088 3263 3262 
16715 1088 906 3263 1089 
16716 907 1089 3264 906 
16717 906 1089 3264 3263 
16718 1089 907 3264 1090 
16719 908 1090 3265 907 
16720 907 1090 3265 3264 
16721 1090 908 3265 1091 
16722 909 1091 3266 908 
16723 908 1091 3266 3265 
16724 1091 909 3266 1092 
16725 910 1092 3267 909 
16726 909 1092 3267 3266 
16727 1092 910 3267 1093 
16728 911 1093 3268 910 
16729 910 1093 3268 3267 
16730 1093 911 3268 1094 
16731 912 1094 3269 911 
16732 911 1094 3269 3268 
16733 1094 912 3269 1095 
16734 913 1095 3270 912 
16735 912 1095 3270 3269 
16736 1095 913 3270 1096 
16737 914 1096 3271 913 
16738 913 1096 3271 3270 
16739 1096 914 3271 1097 
16740 915 1097 3272 914 
16741 914 1097 3272 3271 
16742 1097 915 3272 916 
16743 139 916 1061 915 
16744 915 916 1061 3272 
16745 45 46 293 3243 
16746 871 856 3243 45 
16747 46 45 871 3243 
16748 856 871 3243 3244 
16749 872 857 3244 856 
16750 871 856 872 3244 
16751 857 872 3244 3245 
16752 873 858 3245 857 
16753 872 857 873 3245 
16754 858 873 3245 3246 
16755 874 859 3246 858 
16756 873 858 874 3246 
16757 859 874 3246 3247 
16758 875 860 3247 859 
16759 874 859 875 3247 
16760 860 875 3247 3248 
16761 876 861 3248 860 
16762 875 860 876 3248 
16763 861 876 3248 3249 
16764 877 862 3249 861 
16765 876 861 877 3249 
16766 862 877 3249 3250 
16767 878 863 3250 862 
16768 877 862 878 3250 
16769 863 878 3250 3251 
16770 879 864 3251 863 
16771 878 863 879 3251 
16772 864 879 3251 3252 
16773 880 865 3252 864 
16774 879 864 880 3252 
16775 865 880 3252 3253 
16776 881 866 3253 865 
16777 880 865 881 3253 
16778 866 881 3253 3254 
16779 882 867 3254 866 
16780 881 866 882 3254 
16781 867 882 3254 3255 
16782 883 868 3255 867 
16783 882 867 883 3255 
16784 868 883 3255 3256 
16785 884 869 3256 868 
16786 883 868 884 3256 
16787 869 884 3256 3257 
16788 885 870 3257 869 
16789 884 869 885 3257 
16790 870 885 3257 1060 
16791 141 142 1060 870 
16792 885 870 141 1060 
16793 29 30 288 3168 
16794 631 616 3168 29 
16795 30 29 631 3168 
16796 616 631 3168 3169 
16797 632 617 3169 616 
16798 631 616 632 3169 
16799 617 632 3169 3170 
16800 633 618 3170 617 
16801 632 617 633 3170 
16802 618 633 3170 3171 
16803 634 619 3171 618 
16804 633 618 634 3171 
16805 619 634 3171 3172 
16806 635 620 3172 619 
16807 634 619 635 3172 
16808 620 635 3172 3173 
16809 636 621 3173 620 
16810 635 620 636 3173 
16811 621 636 3173 3174 
16812 637 622 3174 621 
16813 636 621 637 3174 
16814 622 637 3174 3175 
16815 638 623 3175 622 
16816 637 622 638 3175 
16817 623 638 3175 3176 
16818 639 624 3176 623 
16819 638 623 639 3176 
16820 624 639 3176 3177 
16821 640 625 3177 624 
16822 639 624 640 3177 
16823 625 640 3177 3178 
16824 641 626 3178 625 
16825 640 625 641 3178 
16826 626 641 3178 3179 
16827 642 627 3179 626 
16828 641 626 642 3179 
16829 627 642 3179 3180 
16830 643 628 3180 627 
16831 642 627 643 3180 
16832 628 643 3180 3181 
16833 644 629 3181 628 
16834 643 628 644 3181 
16835 629 644 3181 3182 
16836 645 630 3182 629 
16837 644 629 645 3182 
16838 630 645 3182 1055 
16839 122 123 1055 630 
16840 645 630 122 1055 
16841 162 29 288 3168 
16842 616 1278 3168 29 
16843 29 1278 3168 162 
16844 1278 616 3168 3169 
16845 617 1279 3169 616 
16846 616 1279 3169 1278 
16847 1279 617 3169 3170 
16848 618 1280 3170 617 
16849 617 1280 3170 1279 
16850 1280 618 3170 3171 
16851 619 1281 3171 618 
16852 618 1281 3171 1280 
16853 1281 619 3171 3172 
16854 620 1282 3172 619 
16855 619 1282 3172 1281 
16856 1282 620 3172 3173 
16857 621 1283 3173 620 
16858 620 1283 3173 1282 
16859 1283 621 3173 3174 
16860 622 1284 3174 621 
16861 621 1284 3174 1283 
16862 1284 622 3174 3175 
16863 623 1285 3175 622 
16864 622 1285 3175 1284 
16865 1285 623 3175 3176 
16866 624 1286 3176 623 
16867 623 1286 3176 1285 
16868 1286 624 3176 3177 
16869 625 1287 3177 624 
16870 624 1287 3177 1286 
16871 1287 625 3177 3178 
16872 626 1288 3178 625 
16873 625 1288 3178 1287 
16874 1288 626 3178 3179 
16875 627 1289 3179 626 
16876 626 1289 3179 1288 
16877 1289 627 3179 3180 
16878 628 1290 3180 627 
16879 627 1290 3180 1289 
16880 1290 628 3180 3181 
16881 629 1291 3181 628 
16882 628 1291 3181 1290 
16883 1291 629 3181 3182 
16884 630 1292 3182 629 
16885 629 1292 3182 1291 
16886 1292 630 3182 1055 
16887 123 929 1055 630 
16888 630 929 1055 1292 
16889 26 27 292 3228 
16890 586 571 3228 26 
16891 27 26 586 3228 
16892 571 586 3228 3229 
16893 587 572 3229 571 
16894 586 571 587 3229 
16895 572 587 3229 3230 
16896 588 573 3230 572 
16897 587 572 588 3230 
16898 573 588 3230 3231 
16899 589 574 3231 573 
16900 588 573 589 3231 
16901 574 589 3231 3232 
16902 590 575 3232 574 
16903 589 574 590 3232 
16904 575 590 3232 3233 
16905 591 576 3233 575 
16906 590 575 591 3233 
16907 576 591 3233 3234 
16908 592 577 3234 576 
16909 591 576 592 3234 
16910 577 592 3234 3235 
16911 593 578 3235 577 
16912 592 577 593 3235 
16913 578 593 3235 3236 
16914 594 579 3236 578 
16915 593 578 594 3236 
16916 579 594 3236 3237 
16917 595 580 3237 579 
16918 594 579 595 3237 
16919 580 595 3237 3238 
16920 596 581 3238 580 
16921 595 580 596 3238 
16922 581 596 3238 3239 
16923 597 582 3239 581 
16924 596 581 597 3239 
16925 582 597 3239 3240 
16926 598 583 3240 582 
16927 597 582 598 3240 
16928 583 598 3240 3241 
16929 599 584 3241 583 
16930 598 583 599 3241 
16931 584 599 3241 3242 
16932 600 585 3242 584 
16933 599 584 600 3242 
16934 585 600 3242 1059 
16935 90 91 1059 585 
16936 600 585 90 1059 
16937 27 150 292 3228 
16938 1098 586 3228 27 
16939 150 27 1098 3228 
16940 586 1098 3228 3229 
16941 1099 587 3229 586 
16942 1098 586 1099 3229 
16943 587 1099 3229 3230 
16944 1100 588 3230 587 
16945 1099 587 1100 3230 
16946 588 1100 3230 3231 
16947 1101 589 3231 588 
16948 1100 588 1101 3231 
16949 589 1101 3231 3232 
16950 1102 590 3232 589 
16951 1101 589 1102 3232 
16952 590 1102 3232 3233 
16953 1103 591 3233 590 
16954 1102 590 1103 3233 
16955 591 1103 3233 3234 
16956 1104 592 3234 591 
16957 1103 591 1104 3234 
16958 592 1104 3234 3235 
16959 1105 593 3235 592 
16960 1104 592 1105 3235 
16961 593 1105 3235 3236 
16962 1106 594 3236 593 
16963 1105 593 1106 3236 
16964 594 1106 3236 3237 
16965 1107 595 3237 594 
16966 1106 594 1107 3237 
16967 595 1107 3237 3238 
16968 1108 596 3238 595 
16969 1107 595 1108 3238 
16970 596 1108 3238 3239 
16971 1109 597 3239 596 
16972 1108 596 1109 3239 
16973 597 1109 3239 3240 
16974 1110 598 3240 597 
16975 1109 597 1110 3240 
16976 598 1110 3240 3241 
16977 1111 599 3241 598 
16978 1110 598 1111 3241 
16979 599 1111 3241 3242 
16980 1112 600 3242 599 
16981 1111 599 1112 3242 
16982 600 1112 3242 1059 
16983 917 90 1059 600 
16984 1112 600 917 1059 
16985 160 45 293 3243 
16986 856 1248 3243 45 
16987 45 1248 3243 160 
16988 1248 856 3243 3244 
16989 857 1249 3244 856 
16990 856 1249 3244 1248 
16991 1249 857 3244 3245 
16992 858 1250 3245 857 
16993 857 1250 3245 1249 
16994 1250 858 3245 3246 
16995 859 1251 3246 858 
16996 858 1251 3246 1250 
16997 1251 859 3246 3247 
16998 860 1252 3247 859 
16999 859 1252 3247 1251 
17000 1252 860 3247 3248 
17001 861 1253 3248 860 
17002 860 1253 3248 1252 
17003 1253 861 3248 3249 
17004 862 1254 3249 861 
17005 861 1254 3249 1253 
17006 1254 862 3249 3250 
17007 863 1255 3250 862 
17008 862 1255 3250 1254 
17009 1255 863 3250 3251 
17010 864 1256 3251 863 
17011 863 1256 3251 1255 
17012 1256 864 3251 3252 
17013 865 1257 3252 864 
17014 864 1257 3252 1256 
17015 1257 865 3252 3253 
17016 866 1258 3253 865 
17017 865 1258 3253 1257 
17018 1258 866 3253 3254 
17019 867 1259 3254 866 
17020 866 1259 3254 1258 
17021 1259 867 3254 3255 
17022 868 1260 3255 867 
17023 867 1260 3255 1259 
17024 1260 868 3255 3256 
17025 869 1261 3256 868 
17026 868 1261 3256 1260 
17027 1261 869 3256 3257 
17028 870 1262 3257 869 
17029 869 1262 3257 1261 
17030 1262 870 3257 1060 
17031 142 927 1060 870 
17032 870 927 1060 1262 
17033 36 37 295 3273 
17034 736 721 3273 36 
17035 37 36 736 3273 
17036 721 736 3273 3274 
17037 737 722 3274 721 
17038 736 721 737 3274 
17039 722 737 3274 3275 
17040 738 723 3275 722 
17041 737 722 738 3275 
17042 723 738 3275 3276 
17043 739 724 3276 723 
17044 738 723 739 3276 
17045 724 739 3276 3277 
17046 740 725 3277 724 
17047 739 724 740 3277 
17048 725 740 3277 3278 
17049 741 726 3278 725 
17050 740 725 741 3278 
17051 726 741 3278 3279 
17052 742 727 3279 726 
17053 741 726 742 3279 
17054 727 742 3279 3280 
17055 743 728 3280 727 
17056 742 727 743 3280 
17057 728 743 3280 3281 
17058 744 729 3281 728 
17059 743 728 744 3281 
17060 729 744 3281 3282 
17061 745 730 3282 729 
17062 744 729 745 3282 
17063 730 745 3282 3283 
17064 746 731 3283 730 
17065 745 730 746 3283 
17066 731 746 3283 3284 
17067 747 732 3284 731 
17068 746 731 747 3284 
17069 732 747 3284 3285 
17070 748 733 3285 732 
17071 747 732 748 3285 
17072 733 748 3285 3286 
17073 749 734 3286 733 
17074 748 733 749 3286 
17075 734 749 3286 3287 
17076 750 735 3287 734 
17077 749 734 750 3287 
17078 735 750 3287 1062 
17079 115 116 1062 735 
17080 750 735 115 1062 
17081 281 218 301 3363 
17082 2118 3063 3363 218 
17083 218 3063 3363 281 
17084 3063 2118 3363 3364 
17085 2119 3064 3364 2118 
17086 2118 3064 3364 3063 
17087 3064 2119 3364 3365 
17088 2120 3065 3365 2119 
17089 2119 3065 3365 3064 
17090 3065 2120 3365 3366 
17091 2121 3066 3366 2120 
17092 2120 3066 3366 3065 
17093 3066 2121 3366 3367 
17094 2122 3067 3367 2121 
17095 2121 3067 3367 3066 
17096 3067 2122 3367 3368 
17097 2123 3068 3368 2122 
17098 2122 3068 3368 3067 
17099 3068 2123 3368 3369 
17100 2124 3069 3369 2123 
17101 2123 3069 3369 3068 
17102 3069 2124 3369 3370 
17103 2125 3070 3370 2124 
17104 2124 3070 3370 3069 
17105 3070 2125 3370 3371 
17106 2126 3071 3371 2125 
17107 2125 3071 3371 3070 
17108 3071 2126 3371 3372 
17109 2127 3072 3372 2126 
17110 2126 3072 3372 3071 
17111 3072 2127 3372 3373 
17112 2128 3073 3373 2127 
17113 2127 3073 3373 3072 
17114 3073 2128 3373 3374 
17115 2129 3074 3374 2128 
17116 2128 3074 3374 3073 
17117 3074 2129 3374 3375 
17118 2130 3075 3375 2129 
17119 2129 3075 3375 3074 
17120 3075 2130 3375 3376 
17121 2131 3076 3376 2130 
17122 2130 3076 3376 3075 
17123 3076 2131 3376 3377 
17124 2132 3077 3377 2131 
17125 2131 3077 3377 3076 
17126 3077 2132 3377 1068 
17127 985 1048 1068 2132 
17128 2132 1048 1068 3077 
17129 164 281 294 3258 
17130 3063 1308 3258 164 
17131 281 164 3063 3258 
17132 1308 3063 3258 3259 
17133 3064 1309 3259 1308 
17134 3063 1308 3064 3259 
17135 1309 3064 3259 3260 
17136 3065 1310 3260 1309 
17137 3064 1309 3065 3260 
17138 1310 3065 3260 3261 
17139 3066 1311 3261 1310 
17140 3065 1310 3066 3261 
17141 1311 3066 3261 3262 
17142 3067 1312 3262 1311 
17143 3066 1311 3067 3262 
17144 1312 3067 3262 3263 
17145 3068 1313 3263 1312 
17146 3067 1312 3068 3263 
17147 1313 3068 3263 3264 
17148 3069 1314 3264 1313 
17149 3068 1313 3069 3264 
17150 1314 3069 3264 3265 
17151 3070 1315 3265 1314 
17152 3069 1314 3070 3265 
17153 1315 3070 3265 3266 
17154 3071 1316 3266 1315 
17155 3070 1315 3071 3266 
17156 1316 3071 3266 3267 
17157 3072 1317 3267 1316 
17158 3071 1316 3072 3267 
17159 1317 3072 3267 3268 
17160 3073 1318 3268 1317 
17161 3072 1317 3073 3268 
17162 1318 3073 3268 3269 
17163 3074 1319 3269 1318 
17164 3073 1318 3074 3269 
17165 1319 3074 3269 3270 
17166 3075 1320 3270 1319 
17167 3074 1319 3075 3270 
17168 1320 3075 3270 3271 
17169 3076 1321 3271 1320 
17170 3075 1320 3076 3271 
17171 1321 3076 3271 3272 
17172 3077 1322 3272 1321 
17173 3076 1321 3077 3272 
17174 1322 3077 3272 1061 
17175 1048 931 1061 1322 
17176 3077 1322 1048 1061 
17177 157 15 296 1203 
17178 406 1203 3288 15 
17179 15 1203 3288 296 
17180 1203 406 3288 1204 
17181 407 1204 3289 406 
17182 406 1204 3289 3288 
17183 1204 407 3289 1205 
17184 408 1205 3290 407 
17185 407 1205 3290 3289 
17186 1205 408 3290 1206 
17187 409 1206 3291 408 
17188 408 1206 3291 3290 
17189 1206 409 3291 1207 
17190 410 1207 3292 409 
17191 409 1207 3292 3291 
17192 1207 410 3292 1208 
17193 411 1208 3293 410 
17194 410 1208 3293 3292 
17195 1208 411 3293 1209 
17196 412 1209 3294 411 
17197 411 1209 3294 3293 
17198 1209 412 3294 1210 
17199 413 1210 3295 412 
17200 412 1210 3295 3294 
17201 1210 413 3295 1211 
17202 414 1211 3296 413 
17203 413 1211 3296 3295 
17204 1211 414 3296 1212 
17205 415 1212 3297 414 
17206 414 1212 3297 3296 
17207 1212 415 3297 1213 
17208 416 1213 3298 415 
17209 415 1213 3298 3297 
17210 1213 416 3298 1214 
17211 417 1214 3299 416 
17212 416 1214 3299 3298 
17213 1214 417 3299 1215 
17214 418 1215 3300 417 
17215 417 1215 3300 3299 
17216 1215 418 3300 1216 
17217 419 1216 3301 418 
17218 418 1216 3301 3300 
17219 1216 419 3301 1217 
17220 420 1217 3302 419 
17221 419 1217 3302 3301 
17222 1217 420 3302 924 
17223 52 924 1063 420 
17224 420 924 1063 3302 
17225 279 163 298 3318 
17226 1293 3033 3318 279 
17227 163 279 1293 3318 
17228 3033 1293 3318 3319 
17229 1294 3034 3319 3033 
17230 1293 3033 1294 3319 
17231 3034 1294 3319 3320 
17232 1295 3035 3320 3034 
17233 1294 3034 1295 3320 
17234 3035 1295 3320 3321 
17235 1296 3036 3321 3035 
17236 1295 3035 1296 3321 
17237 3036 1296 3321 3322 
17238 1297 3037 3322 3036 
17239 1296 3036 1297 3322 
17240 3037 1297 3322 3323 
17241 1298 3038 3323 3037 
17242 1297 3037 1298 3323 
17243 3038 1298 3323 3324 
17244 1299 3039 3324 3038 
17245 1298 3038 1299 3324 
17246 3039 1299 3324 3325 
17247 1300 3040 3325 3039 
17248 1299 3039 1300 3325 
17249 3040 1300 3325 3326 
17250 1301 3041 3326 3040 
17251 1300 3040 1301 3326 
17252 3041 1301 3326 3327 
17253 1302 3042 3327 3041 
17254 1301 3041 1302 3327 
17255 3042 1302 3327 3328 
17256 1303 3043 3328 3042 
17257 1302 3042 1303 3328 
17258 3043 1303 3328 3329 
17259 1304 3044 3329 3043 
17260 1303 3043 1304 3329 
17261 3044 1304 3329 3330 
17262 1305 3045 3330 3044 
17263 1304 3044 1305 3330 
17264 3045 1305 3330 3331 
17265 1306 3046 3331 3045 
17266 1305 3045 1306 3331 
17267 3046 1306 3331 3332 
17268 1307 3047 3332 3046 
17269 1306 3046 1307 3332 
17270 3047 1307 3332 1065 
17271 930 1046 1065 3047 
17272 1307 3047 930 1065 
17273 283 213 286 3138 
17274 2043 3093 3138 213 
17275 213 3093 3138 283 
17276 3093 2043 3138 3139 
17277 2044 3094 3139 2043 
17278 2043 3094 3139 3093 
17279 3094 2044 3139 3140 
17280 2045 3095 3140 2044 
17281 2044 3095 3140 3094 
17282 3095 2045 3140 3141 
17283 2046 3096 3141 2045 
17284 2045 3096 3141 3095 
17285 3096 2046 3141 3142 
17286 2047 3097 3142 2046 
17287 2046 3097 3142 3096 
17288 3097 2047 3142 3143 
17289 2048 3098 3143 2047 
17290 2047 3098 3143 3097 
17291 3098 2048 3143 3144 
17292 2049 3099 3144 2048 
17293 2048 3099 3144 3098 
17294 3099 2049 3144 3145 
17295 2050 3100 3145 2049 
17296 2049 3100 3145 3099 
17297 3100 2050 3145 3146 
17298 2051 3101 3146 2050 
17299 2050 3101 3146 3100 
17300 3101 2051 3146 3147 
17301 2052 3102 3147 2051 
17302 2051 3102 3147 3101 
17303 3102 2052 3147 3148 
17304 2053 3103 3148 2052 
17305 2052 3103 3148 3102 
17306 3103 2053 3148 3149 
17307 2054 3104 3149 2053 
17308 2053 3104 3149 3103 
17309 3104 2054 3149 3150 
17310 2055 3105 3150 2054 
17311 2054 3105 3150 3104 
17312 3105 2055 3150 3151 
17313 2056 3106 3151 2055 
17314 2055 3106 3151 3105 
17315 3106 2056 3151 3152 
17316 2057 3107 3152 2056 
17317 2056 3107 3152 3106 
17318 3107 2057 3152 1053 
17319 980 1050 1053 2057 
17320 2057 1050 1053 3107 
17321 37 152 295 3273 
17322 1128 736 3273 37 
17323 152 37 1128 3273 
17324 736 1128 3273 3274 
17325 1129 737 3274 736 
17326 1128 736 1129 3274 
17327 737 1129 3274 3275 
17328 1130 738 3275 737 
17329 1129 737 1130 3275 
17330 738 1130 3275 3276 
17331 1131 739 3276 738 
17332 1130 738 1131 3276 
17333 739 1131 3276 3277 
17334 1132 740 3277 739 
17335 1131 739 1132 3277 
17336 740 1132 3277 3278 
17337 1133 741 3278 740 
17338 1132 740 1133 3278 
17339 741 1133 3278 3279 
17340 1134 742 3279 741 
17341 1133 741 1134 3279 
17342 742 1134 3279 3280 
17343 1135 743 3280 742 
17344 1134 742 1135 3280 
17345 743 1135 3280 3281 
17346 1136 744 3281 743 
17347 1135 743 1136 3281 
17348 744 1136 3281 3282 
17349 1137 745 3282 744 
17350 1136 744 1137 3282 
17351 745 1137 3282 3283 
17352 1138 746 3283 745 
17353 1137 745 1138 3283 
17354 746 1138 3283 3284 
17355 1139 747 3284 746 
17356 1138 746 1139 3284 
17357 747 1139 3284 3285 
17358 1140 748 3285 747 
17359 1139 747 1140 3285 
17360 748 1140 3285 3286 
17361 1141 749 3286 748 
17362 1140 748 1141 3286 
17363 749 1141 3286 3287 
17364 1142 750 3287 749 
17365 1141 749 1142 3287 
17366 750 1142 3287 1062 
17367 919 115 1062 750 
17368 1142 750 919 1062 
17369 39 40 298 3318 
17370 781 766 3318 39 
17371 40 39 781 3318 
17372 766 781 3318 3319 
17373 782 767 3319 766 
17374 781 766 782 3319 
17375 767 782 3319 3320 
17376 783 768 3320 767 
17377 782 767 783 3320 
17378 768 783 3320 3321 
17379 784 769 3321 768 
17380 783 768 784 3321 
17381 769 784 3321 3322 
17382 785 770 3322 769 
17383 784 769 785 3322 
17384 770 785 3322 3323 
17385 786 771 3323 770 
17386 785 770 786 3323 
17387 771 786 3323 3324 
17388 787 772 3324 771 
17389 786 771 787 3324 
17390 772 787 3324 3325 
17391 788 773 3325 772 
17392 787 772 788 3325 
17393 773 788 3325 3326 
17394 789 774 3326 773 
17395 788 773 789 3326 
17396 774 789 3326 3327 
17397 790 775 3327 774 
17398 789 774 790 3327 
17399 775 790 3327 3328 
17400 791 776 3328 775 
17401 790 775 791 3328 
17402 776 791 3328 3329 
17403 792 777 3329 776 
17404 791 776 792 3329 
17405 777 792 3329 3330 
17406 793 778 3330 777 
17407 792 777 793 3330 
17408 778 793 3330 3331 
17409 794 779 3331 778 
17410 793 778 794 3331 
17411 779 794 3331 3332 
17412 795 780 3332 779 
17413 794 779 795 3332 
17414 780 795 3332 1065 
17415 147 148 1065 780 
17416 795 780 147 1065 
17417 239 158 309 3483 
17418 1218 2433 3483 158 
17419 158 2433 3483 239 
17420 2433 1218 3483 3484 
17421 1219 2434 3484 1218 
17422 1218 2434 3484 2433 
17423 2434 1219 3484 3485 
17424 1220 2435 3485 1219 
17425 1219 2435 3485 2434 
17426 2435 1220 3485 3486 
17427 1221 2436 3486 1220 
17428 1220 2436 3486 2435 
17429 2436 1221 3486 3487 
17430 1222 2437 3487 1221 
17431 1221 2437 3487 2436 
17432 2437 1222 3487 3488 
17433 1223 2438 3488 1222 
17434 1222 2438 3488 2437 
17435 2438 1223 3488 3489 
17436 1224 2439 3489 1223 
17437 1223 2439 3489 2438 
17438 2439 1224 3489 3490 
17439 1225 2440 3490 1224 
17440 1224 2440 3490 2439 
17441 2440 1225 3490 3491 
17442 1226 2441 3491 1225 
17443 1225 2441 3491 2440 
17444 2441 1226 3491 3492 
17445 1227 2442 3492 1226 
17446 1226 2442 3492 2441 
17447 2442 1227 3492 3493 
17448 1228 2443 3493 1227 
17449 1227 2443 3493 2442 
17450 2443 1228 3493 3494 
17451 1229 2444 3494 1228 
17452 1228 2444 3494 2443 
17453 2444 1229 3494 3495 
17454 1230 2445 3495 1229 
17455 1229 2445 3495 2444 
17456 2445 1230 3495 3496 
17457 1231 2446 3496 1230 
17458 1230 2446 3496 2445 
17459 2446 1231 3496 3497 
17460 1232 2447 3497 1231 
17461 1231 2447 3497 2446 
17462 2447 1232 3497 1076 
17463 925 1006 1076 1232 
17464 1232 1006 1076 2447 
17465 149 263 311 3513 
17466 2793 1083 3513 149 
17467 263 149 2793 3513 
17468 1083 2793 3513 3514 
17469 2794 1084 3514 1083 
17470 2793 1083 2794 3514 
17471 1084 2794 3514 3515 
17472 2795 1085 3515 1084 
17473 2794 1084 2795 3515 
17474 1085 2795 3515 3516 
17475 2796 1086 3516 1085 
17476 2795 1085 2796 3516 
17477 1086 2796 3516 3517 
17478 2797 1087 3517 1086 
17479 2796 1086 2797 3517 
17480 1087 2797 3517 3518 
17481 2798 1088 3518 1087 
17482 2797 1087 2798 3518 
17483 1088 2798 3518 3519 
17484 2799 1089 3519 1088 
17485 2798 1088 2799 3519 
17486 1089 2799 3519 3520 
17487 2800 1090 3520 1089 
17488 2799 1089 2800 3520 
17489 1090 2800 3520 3521 
17490 2801 1091 3521 1090 
17491 2800 1090 2801 3521 
17492 1091 2801 3521 3522 
17493 2802 1092 3522 1091 
17494 2801 1091 2802 3522 
17495 1092 2802 3522 3523 
17496 2803 1093 3523 1092 
17497 2802 1092 2803 3523 
17498 1093 2803 3523 3524 
17499 2804 1094 3524 1093 
17500 2803 1093 2804 3524 
17501 1094 2804 3524 3525 
17502 2805 1095 3525 1094 
17503 2804 1094 2805 3525 
17504 1095 2805 3525 3526 
17505 2806 1096 3526 1095 
17506 2805 1095 2806 3526 
17507 1096 2806 3526 3527 
17508 2807 1097 3527 1096 
17509 2806 1096 2807 3527 
17510 1097 2807 3527 1078 
17511 1030 916 1078 1097 
17512 2807 1097 1030 1078 
17513 152 280 299 3333 
17514 3048 1128 3333 280 
17515 280 1128 3333 152 
17516 1128 3048 3333 3334 
17517 3049 1129 3334 3048 
17518 3048 1129 3334 1128 
17519 1129 3049 3334 3335 
17520 3050 1130 3335 3049 
17521 3049 1130 3335 1129 
17522 1130 3050 3335 3336 
17523 3051 1131 3336 3050 
17524 3050 1131 3336 1130 
17525 1131 3051 3336 3337 
17526 3052 1132 3337 3051 
17527 3051 1132 3337 1131 
17528 1132 3052 3337 3338 
17529 3053 1133 3338 3052 
17530 3052 1133 3338 1132 
17531 1133 3053 3338 3339 
17532 3054 1134 3339 3053 
17533 3053 1134 3339 1133 
17534 1134 3054 3339 3340 
17535 3055 1135 3340 3054 
17536 3054 1135 3340 1134 
17537 1135 3055 3340 3341 
17538 3056 1136 3341 3055 
17539 3055 1136 3341 1135 
17540 1136 3056 3341 3342 
17541 3057 1137 3342 3056 
17542 3056 1137 3342 1136 
17543 1137 3057 3342 3343 
17544 3058 1138 3343 3057 
17545 3057 1138 3343 1137 
17546 1138 3058 3343 3344 
17547 3059 1139 3344 3058 
17548 3058 1139 3344 1138 
17549 1139 3059 3344 3345 
17550 3060 1140 3345 3059 
17551 3059 1140 3345 1139 
17552 1140 3060 3345 3346 
17553 3061 1141 3346 3060 
17554 3060 1141 3346 1140 
17555 1141 3061 3346 3347 
17556 3062 1142 3347 3061 
17557 3061 1142 3347 1141 
17558 1142 3062 3347 1066 
17559 1047 919 1066 3062 
17560 3062 919 1066 1142 
17561 17 151 302 3378 
17562 1113 436 3378 17 
17563 151 17 1113 3378 
17564 436 1113 3378 3379 
17565 1114 437 3379 436 
17566 1113 436 1114 3379 
17567 437 1114 3379 3380 
17568 1115 438 3380 437 
17569 1114 437 1115 3380 
17570 438 1115 3380 3381 
17571 1116 439 3381 438 
17572 1115 438 1116 3381 
17573 439 1116 3381 3382 
17574 1117 440 3382 439 
17575 1116 439 1117 3382 
17576 440 1117 3382 3383 
17577 1118 441 3383 440 
17578 1117 440 1118 3383 
17579 441 1118 3383 3384 
17580 1119 442 3384 441 
17581 1118 441 1119 3384 
17582 442 1119 3384 3385 
17583 1120 443 3385 442 
17584 1119 442 1120 3385 
17585 443 1120 3385 3386 
17586 1121 444 3386 443 
17587 1120 443 1121 3386 
17588 444 1121 3386 3387 
17589 1122 445 3387 444 
17590 1121 444 1122 3387 
17591 445 1122 3387 3388 
17592 1123 446 3388 445 
17593 1122 445 1123 3388 
17594 446 1123 3388 3389 
17595 1124 447 3389 446 
17596 1123 446 1124 3389 
17597 447 1124 3389 3390 
17598 1125 448 3390 447 
17599 1124 447 1125 3390 
17600 448 1125 3390 3391 
17601 1126 449 3391 448 
17602 1125 448 1126 3391 
17603 449 1126 3391 3392 
17604 1127 450 3392 449 
17605 1126 449 1127 3392 
17606 450 1127 3392 1069 
17607 918 50 1069 450 
17608 1127 450 918 1069 
17609 276 214 284 2988 
17610 2058 2988 3108 214 
17611 214 2988 3108 284 
17612 2988 2058 3108 2989 
17613 2059 2989 3109 2058 
17614 2058 2989 3109 3108 
17615 2989 2059 3109 2990 
17616 2060 2990 3110 2059 
17617 2059 2990 3110 3109 
17618 2990 2060 3110 2991 
17619 2061 2991 3111 2060 
17620 2060 2991 3111 3110 
17621 2991 2061 3111 2992 
17622 2062 2992 3112 2061 
17623 2061 2992 3112 3111 
17624 2992 2062 3112 2993 
17625 2063 2993 3113 2062 
17626 2062 2993 3113 3112 
17627 2993 2063 3113 2994 
17628 2064 2994 3114 2063 
17629 2063 2994 3114 3113 
17630 2994 2064 3114 2995 
17631 2065 2995 3115 2064 
17632 2064 2995 3115 3114 
17633 2995 2065 3115 2996 
17634 2066 2996 3116 2065 
17635 2065 2996 3116 3115 
17636 2996 2066 3116 2997 
17637 2067 2997 3117 2066 
17638 2066 2997 3117 3116 
17639 2997 2067 3117 2998 
17640 2068 2998 3118 2067 
17641 2067 2998 3118 3117 
17642 2998 2068 3118 2999 
17643 2069 2999 3119 2068 
17644 2068 2999 3119 3118 
17645 2999 2069 3119 3000 
17646 2070 3000 3120 2069 
17647 2069 3000 3120 3119 
17648 3000 2070 3120 3001 
17649 2071 3001 3121 2070 
17650 2070 3001 3121 3120 
17651 3001 2071 3121 3002 
17652 2072 3002 3122 2071 
17653 2071 3002 3122 3121 
17654 3002 2072 3122 1043 
17655 981 1043 1051 2072 
17656 2072 1043 1051 3122 
17657 32 33 303 3393 
17658 676 661 3393 32 
17659 33 32 676 3393 
17660 661 676 3393 3394 
17661 677 662 3394 661 
17662 676 661 677 3394 
17663 662 677 3394 3395 
17664 678 663 3395 662 
17665 677 662 678 3395 
17666 663 678 3395 3396 
17667 679 664 3396 663 
17668 678 663 679 3396 
17669 664 679 3396 3397 
17670 680 665 3397 664 
17671 679 664 680 3397 
17672 665 680 3397 3398 
17673 681 666 3398 665 
17674 680 665 681 3398 
17675 666 681 3398 3399 
17676 682 667 3399 666 
17677 681 666 682 3399 
17678 667 682 3399 3400 
17679 683 668 3400 667 
17680 682 667 683 3400 
17681 668 683 3400 3401 
17682 684 669 3401 668 
17683 683 668 684 3401 
17684 669 684 3401 3402 
17685 685 670 3402 669 
17686 684 669 685 3402 
17687 670 685 3402 3403 
17688 686 671 3403 670 
17689 685 670 686 3403 
17690 671 686 3403 3404 
17691 687 672 3404 671 
17692 686 671 687 3404 
17693 672 687 3404 3405 
17694 688 673 3405 672 
17695 687 672 688 3405 
17696 673 688 3405 3406 
17697 689 674 3406 673 
17698 688 673 689 3406 
17699 674 689 3406 3407 
17700 690 675 3407 674 
17701 689 674 690 3407 
17702 675 690 3407 1070 
17703 119 120 1070 675 
17704 690 675 119 1070 
17705 164 9 304 3408 
17706 316 1308 3408 9 
17707 9 1308 3408 164 
17708 1308 316 3408 3409 
17709 317 1309 3409 316 
17710 316 1309 3409 1308 
17711 1309 317 3409 3410 
17712 318 1310 3410 317 
17713 317 1310 3410 1309 
17714 1310 318 3410 3411 
17715 319 1311 3411 318 
17716 318 1311 3411 1310 
17717 1311 319 3411 3412 
17718 320 1312 3412 319 
17719 319 1312 3412 1311 
17720 1312 320 3412 3413 
17721 321 1313 3413 320 
17722 320 1313 3413 1312 
17723 1313 321 3413 3414 
17724 322 1314 3414 321 
17725 321 1314 3414 1313 
17726 1314 322 3414 3415 
17727 323 1315 3415 322 
17728 322 1315 3415 1314 
17729 1315 323 3415 3416 
17730 324 1316 3416 323 
17731 323 1316 3416 1315 
17732 1316 324 3416 3417 
17733 325 1317 3417 324 
17734 324 1317 3417 1316 
17735 1317 325 3417 3418 
17736 326 1318 3418 325 
17737 325 1318 3418 1317 
17738 1318 326 3418 3419 
17739 327 1319 3419 326 
17740 326 1319 3419 1318 
17741 1319 327 3419 3420 
17742 328 1320 3420 327 
17743 327 1320 3420 1319 
17744 1320 328 3420 3421 
17745 329 1321 3421 328 
17746 328 1321 3421 1320 
17747 1321 329 3421 3422 
17748 330 1322 3422 329 
17749 329 1322 3422 1321 
17750 1322 330 3422 1071 
17751 58 931 1071 330 
17752 330 931 1071 1322 
17753 278 235 297 3303 
17754 2373 3018 3303 235 
17755 235 3018 3303 278 
17756 3018 2373 3303 3304 
17757 2374 3019 3304 2373 
17758 2373 3019 3304 3018 
17759 3019 2374 3304 3305 
17760 2375 3020 3305 2374 
17761 2374 3020 3305 3019 
17762 3020 2375 3305 3306 
17763 2376 3021 3306 2375 
17764 2375 3021 3306 3020 
17765 3021 2376 3306 3307 
17766 2377 3022 3307 2376 
17767 2376 3022 3307 3021 
17768 3022 2377 3307 3308 
17769 2378 3023 3308 2377 
17770 2377 3023 3308 3022 
17771 3023 2378 3308 3309 
17772 2379 3024 3309 2378 
17773 2378 3024 3309 3023 
17774 3024 2379 3309 3310 
17775 2380 3025 3310 2379 
17776 2379 3025 3310 3024 
17777 3025 2380 3310 3311 
17778 2381 3026 3311 2380 
17779 2380 3026 3311 3025 
17780 3026 2381 3311 3312 
17781 2382 3027 3312 2381 
17782 2381 3027 3312 3026 
17783 3027 2382 3312 3313 
17784 2383 3028 3313 2382 
17785 2382 3028 3313 3027 
17786 3028 2383 3313 3314 
17787 2384 3029 3314 2383 
17788 2383 3029 3314 3028 
17789 3029 2384 3314 3315 
17790 2385 3030 3315 2384 
17791 2384 3030 3315 3029 
17792 3030 2385 3315 3316 
17793 2386 3031 3316 2385 
17794 2385 3031 3316 3030 
17795 3031 2386 3316 3317 
17796 2387 3032 3317 2386 
17797 2386 3032 3317 3031 
17798 3032 2387 3317 1064 
17799 1002 1045 1064 2387 
17800 2387 1045 1064 3032 
17801 19 20 297 3303 
17802 481 466 3303 19 
17803 20 19 481 3303 
17804 466 481 3303 3304 
17805 482 467 3304 466 
17806 481 466 482 3304 
17807 467 482 3304 3305 
17808 483 468 3305 467 
17809 482 467 483 3305 
17810 468 483 3305 3306 
17811 484 469 3306 468 
17812 483 468 484 3306 
17813 469 484 3306 3307 
17814 485 470 3307 469 
17815 484 469 485 3307 
17816 470 485 3307 3308 
17817 486 471 3308 470 
17818 485 470 486 3308 
17819 471 486 3308 3309 
17820 487 472 3309 471 
17821 486 471 487 3309 
17822 472 487 3309 3310 
17823 488 473 3310 472 
17824 487 472 488 3310 
17825 473 488 3310 3311 
17826 489 474 3311 473 
17827 488 473 489 3311 
17828 474 489 3311 3312 
17829 490 475 3312 474 
17830 489 474 490 3312 
17831 475 490 3312 3313 
17832 491 476 3313 475 
17833 490 475 491 3313 
17834 476 491 3313 3314 
17835 492 477 3314 476 
17836 491 476 492 3314 
17837 477 492 3314 3315 
17838 493 478 3315 477 
17839 492 477 493 3315 
17840 478 493 3315 3316 
17841 494 479 3316 478 
17842 493 478 494 3316 
17843 479 494 3316 3317 
17844 495 480 3317 479 
17845 494 479 495 3317 
17846 480 495 3317 1064 
17847 97 98 1064 480 
17848 495 480 97 1064 
17849 14 157 305 3423 
17850 1203 391 3423 14 
17851 157 14 1203 3423 
17852 391 1203 3423 3424 
17853 1204 392 3424 391 
17854 1203 391 1204 3424 
17855 392 1204 3424 3425 
17856 1205 393 3425 392 
17857 1204 392 1205 3425 
17858 393 1205 3425 3426 
17859 1206 394 3426 393 
17860 1205 393 1206 3426 
17861 394 1206 3426 3427 
17862 1207 395 3427 394 
17863 1206 394 1207 3427 
17864 395 1207 3427 3428 
17865 1208 396 3428 395 
17866 1207 395 1208 3428 
17867 396 1208 3428 3429 
17868 1209 397 3429 396 
17869 1208 396 1209 3429 
17870 397 1209 3429 3430 
17871 1210 398 3430 397 
17872 1209 397 1210 3430 
17873 398 1210 3430 3431 
17874 1211 399 3431 398 
17875 1210 398 1211 3431 
17876 399 1211 3431 3432 
17877 1212 400 3432 399 
17878 1211 399 1212 3432 
17879 400 1212 3432 3433 
17880 1213 401 3433 400 
17881 1212 400 1213 3433 
17882 401 1213 3433 3434 
17883 1214 402 3434 401 
17884 1213 401 1214 3434 
17885 402 1214 3434 3435 
17886 1215 403 3435 402 
17887 1214 402 1215 3435 
17888 403 1215 3435 3436 
17889 1216 404 3436 403 
17890 1215 403 1216 3436 
17891 404 1216 3436 3437 
17892 1217 405 3437 404 
17893 1216 404 1217 3437 
17894 405 1217 3437 1072 
17895 924 53 1072 405 
17896 1217 405 924 1072 
17897 161 19 297 3303 
17898 466 1263 3303 19 
17899 19 1263 3303 161 
17900 1263 466 3303 3304 
17901 467 1264 3304 466 
17902 466 1264 3304 1263 
17903 1264 467 3304 3305 
17904 468 1265 3305 467 
17905 467 1265 3305 1264 
17906 1265 468 3305 3306 
17907 469 1266 3306 468 
17908 468 1266 3306 1265 
17909 1266 469 3306 3307 
17910 470 1267 3307 469 
17911 469 1267 3307 1266 
17912 1267 470 3307 3308 
17913 471 1268 3308 470 
17914 470 1268 3308 1267 
17915 1268 471 3308 3309 
17916 472 1269 3309 471 
17917 471 1269 3309 1268 
17918 1269 472 3309 3310 
17919 473 1270 3310 472 
17920 472 1270 3310 1269 
17921 1270 473 3310 3311 
17922 474 1271 3311 473 
17923 473 1271 3311 1270 
17924 1271 474 3311 3312 
17925 475 1272 3312 474 
17926 474 1272 3312 1271 
17927 1272 475 3312 3313 
17928 476 1273 3313 475 
17929 475 1273 3313 1272 
17930 1273 476 3313 3314 
17931 477 1274 3314 476 
17932 476 1274 3314 1273 
17933 1274 477 3314 3315 
17934 478 1275 3315 477 
17935 477 1275 3315 1274 
17936 1275 478 3315 3316 
17937 479 1276 3316 478 
17938 478 1276 3316 1275 
17939 1276 479 3316 3317 
17940 480 1277 3317 479 
17941 479 1277 3317 1276 
17942 1277 480 3317 1064 
17943 98 928 1064 480 
17944 480 928 1064 1277 
17945 24 158 307 3453 
17946 1218 541 3453 24 
17947 158 24 1218 3453 
17948 541 1218 3453 3454 
17949 1219 542 3454 541 
17950 1218 541 1219 3454 
17951 542 1219 3454 3455 
17952 1220 543 3455 542 
17953 1219 542 1220 3455 
17954 543 1220 3455 3456 
17955 1221 544 3456 543 
17956 1220 543 1221 3456 
17957 544 1221 3456 3457 
17958 1222 545 3457 544 
17959 1221 544 1222 3457 
17960 545 1222 3457 3458 
17961 1223 546 3458 545 
17962 1222 545 1223 3458 
17963 546 1223 3458 3459 
17964 1224 547 3459 546 
17965 1223 546 1224 3459 
17966 547 1224 3459 3460 
17967 1225 548 3460 547 
17968 1224 547 1225 3460 
17969 548 1225 3460 3461 
17970 1226 549 3461 548 
17971 1225 548 1226 3461 
17972 549 1226 3461 3462 
17973 1227 550 3462 549 
17974 1226 549 1227 3462 
17975 550 1227 3462 3463 
17976 1228 551 3463 550 
17977 1227 550 1228 3463 
17978 551 1228 3463 3464 
17979 1229 552 3464 551 
17980 1228 551 1229 3464 
17981 552 1229 3464 3465 
17982 1230 553 3465 552 
17983 1229 552 1230 3465 
17984 553 1230 3465 3466 
17985 1231 554 3466 553 
17986 1230 553 1231 3466 
17987 554 1231 3466 3467 
17988 1232 555 3467 554 
17989 1231 554 1232 3467 
17990 555 1232 3467 1074 
17991 925 93 1074 555 
17992 1232 555 925 1074 
17993 15 16 296 3288 
17994 421 406 3288 15 
17995 16 15 421 3288 
17996 406 421 3288 3289 
17997 422 407 3289 406 
17998 421 406 422 3289 
17999 407 422 3289 3290 
18000 423 408 3290 407 
18001 422 407 423 3290 
18002 408 423 3290 3291 
18003 424 409 3291 408 
18004 423 408 424 3291 
18005 409 424 3291 3292 
18006 425 410 3292 409 
18007 424 409 425 3292 
18008 410 425 3292 3293 
18009 426 411 3293 410 
18010 425 410 426 3293 
18011 411 426 3293 3294 
18012 427 412 3294 411 
18013 426 411 427 3294 
18014 412 427 3294 3295 
18015 428 413 3295 412 
18016 427 412 428 3295 
18017 413 428 3295 3296 
18018 429 414 3296 413 
18019 428 413 429 3296 
18020 414 429 3296 3297 
18021 430 415 3297 414 
18022 429 414 430 3297 
18023 415 430 3297 3298 
18024 431 416 3298 415 
18025 430 415 431 3298 
18026 416 431 3298 3299 
18027 432 417 3299 416 
18028 431 416 432 3299 
18029 417 432 3299 3300 
18030 433 418 3300 417 
18031 432 417 433 3300 
18032 418 433 3300 3301 
18033 434 419 3301 418 
18034 433 418 434 3301 
18035 419 434 3301 3302 
18036 435 420 3302 419 
18037 434 419 435 3302 
18038 420 435 3302 1063 
18039 51 52 1063 420 
18040 435 420 51 1063 
18041 158 25 309 3483 
18042 556 1218 3483 25 
18043 25 1218 3483 158 
18044 1218 556 3483 3484 
18045 557 1219 3484 556 
18046 556 1219 3484 1218 
18047 1219 557 3484 3485 
18048 558 1220 3485 557 
18049 557 1220 3485 1219 
18050 1220 558 3485 3486 
18051 559 1221 3486 558 
18052 558 1221 3486 1220 
18053 1221 559 3486 3487 
18054 560 1222 3487 559 
18055 559 1222 3487 1221 
18056 1222 560 3487 3488 
18057 561 1223 3488 560 
18058 560 1223 3488 1222 
18059 1223 561 3488 3489 
18060 562 1224 3489 561 
18061 561 1224 3489 1223 
18062 1224 562 3489 3490 
18063 563 1225 3490 562 
18064 562 1225 3490 1224 
18065 1225 563 3490 3491 
18066 564 1226 3491 563 
18067 563 1226 3491 1225 
18068 1226 564 3491 3492 
18069 565 1227 3492 564 
18070 564 1227 3492 1226 
18071 1227 565 3492 3493 
18072 566 1228 3493 565 
18073 565 1228 3493 1227 
18074 1228 566 3493 3494 
18075 567 1229 3494 566 
18076 566 1229 3494 1228 
18077 1229 567 3494 3495 
18078 568 1230 3495 567 
18079 567 1230 3495 1229 
18080 1230 568 3495 3496 
18081 569 1231 3496 568 
18082 568 1231 3496 1230 
18083 1231 569 3496 3497 
18084 570 1232 3497 569 
18085 569 1232 3497 1231 
18086 1232 570 3497 1076 
18087 92 925 1076 570 
18088 570 925 1076 1232 
18089 4 163 310 3498 
18090 1293 124 3498 4 
18091 163 4 1293 3498 
18092 124 1293 3498 3499 
18093 1294 125 3499 124 
18094 1293 124 1294 3499 
18095 125 1294 3499 3500 
18096 1295 126 3500 125 
18097 1294 125 1295 3500 
18098 126 1295 3500 3501 
18099 1296 127 3501 126 
18100 1295 126 1296 3501 
18101 127 1296 3501 3502 
18102 1297 128 3502 127 
18103 1296 127 1297 3502 
18104 128 1297 3502 3503 
18105 1298 129 3503 128 
18106 1297 128 1298 3503 
18107 129 1298 3503 3504 
18108 1299 130 3504 129 
18109 1298 129 1299 3504 
18110 130 1299 3504 3505 
18111 1300 131 3505 130 
18112 1299 130 1300 3505 
18113 131 1300 3505 3506 
18114 1301 132 3506 131 
18115 1300 131 1301 3506 
18116 132 1301 3506 3507 
18117 1302 133 3507 132 
18118 1301 132 1302 3507 
18119 133 1302 3507 3508 
18120 1303 134 3508 133 
18121 1302 133 1303 3508 
18122 134 1303 3508 3509 
18123 1304 135 3509 134 
18124 1303 134 1304 3509 
18125 135 1304 3509 3510 
18126 1305 136 3510 135 
18127 1304 135 1305 3510 
18128 136 1305 3510 3511 
18129 1306 137 3511 136 
18130 1305 136 1306 3511 
18131 137 1306 3511 3512 
18132 1307 138 3512 137 
18133 1306 137 1307 3512 
18134 138 1307 3512 1077 
18135 930 8 1077 138 
18136 1307 138 930 1077 
18137 152 38 310 3498 
18138 751 1128 3498 38 
18139 38 1128 3498 152 
18140 1128 751 3498 3499 
18141 752 1129 3499 751 
18142 751 1129 3499 1128 
18143 1129 752 3499 3500 
18144 753 1130 3500 752 
18145 752 1130 3500 1129 
18146 1130 753 3500 3501 
18147 754 1131 3501 753 
18148 753 1131 3501 1130 
18149 1131 754 3501 3502 
18150 755 1132 3502 754 
18151 754 1132 3502 1131 
18152 1132 755 3502 3503 
18153 756 1133 3503 755 
18154 755 1133 3503 1132 
18155 1133 756 3503 3504 
18156 757 1134 3504 756 
18157 756 1134 3504 1133 
18158 1134 757 3504 3505 
18159 758 1135 3505 757 
18160 757 1135 3505 1134 
18161 1135 758 3505 3506 
18162 759 1136 3506 758 
18163 758 1136 3506 1135 
18164 1136 759 3506 3507 
18165 760 1137 3507 759 
18166 759 1137 3507 1136 
18167 1137 760 3507 3508 
18168 761 1138 3508 760 
18169 760 1138 3508 1137 
18170 1138 761 3508 3509 
18171 762 1139 3509 761 
18172 761 1139 3509 1138 
18173 1139 762 3509 3510 
18174 763 1140 3510 762 
18175 762 1140 3510 1139 
18176 1140 763 3510 3511 
18177 764 1141 3511 763 
18178 763 1141 3511 1140 
18179 1141 764 3511 3512 
18180 765 1142 3512 764 
18181 764 1142 3512 1141 
18182 1142 765 3512 1077 
18183 114 919 1077 765 
18184 765 919 1077 1142 
18185 159 35 314 3558 
18186 706 1233 3558 35 
18187 35 1233 3558 159 
18188 1233 706 3558 3559 
18189 707 1234 3559 706 
18190 706 1234 3559 1233 
18191 1234 707 3559 3560 
18192 708 1235 3560 707 
18193 707 1235 3560 1234 
18194 1235 708 3560 3561 
18195 709 1236 3561 708 
18196 708 1236 3561 1235 
18197 1236 709 3561 3562 
18198 710 1237 3562 709 
18199 709 1237 3562 1236 
18200 1237 710 3562 3563 
18201 711 1238 3563 710 
18202 710 1238 3563 1237 
18203 1238 711 3563 3564 
18204 712 1239 3564 711 
18205 711 1239 3564 1238 
18206 1239 712 3564 3565 
18207 713 1240 3565 712 
18208 712 1240 3565 1239 
18209 1240 713 3565 3566 
18210 714 1241 3566 713 
18211 713 1241 3566 1240 
18212 1241 714 3566 3567 
18213 715 1242 3567 714 
18214 714 1242 3567 1241 
18215 1242 715 3567 3568 
18216 716 1243 3568 715 
18217 715 1243 3568 1242 
18218 1243 716 3568 3569 
18219 717 1244 3569 716 
18220 716 1244 3569 1243 
18221 1244 717 3569 3570 
18222 718 1245 3570 717 
18223 717 1245 3570 1244 
18224 1245 718 3570 3571 
18225 719 1246 3571 718 
18226 718 1246 3571 1245 
18227 1246 719 3571 3572 
18228 720 1247 3572 719 
18229 719 1247 3572 1246 
18230 1247 720 3572 1081 
18231 117 926 1081 720 
18232 720 926 1081 1247 
18233 47 149 311 3513 
18234 1083 886 3513 47 
18235 149 47 1083 3513 
18236 886 1083 3513 3514 
18237 1084 887 3514 886 
18238 1083 886 1084 3514 
18239 887 1084 3514 3515 
18240 1085 888 3515 887 
18241 1084 887 1085 3515 
18242 888 1085 3515 3516 
18243 1086 889 3516 888 
18244 1085 888 1086 3516 
18245 889 1086 3516 3517 
18246 1087 890 3517 889 
18247 1086 889 1087 3517 
18248 890 1087 3517 3518 
18249 1088 891 3518 890 
18250 1087 890 1088 3518 
18251 891 1088 3518 3519 
18252 1089 892 3519 891 
18253 1088 891 1089 3519 
18254 892 1089 3519 3520 
18255 1090 893 3520 892 
18256 1089 892 1090 3520 
18257 893 1090 3520 3521 
18258 1091 894 3521 893 
18259 1090 893 1091 3521 
18260 894 1091 3521 3522 
18261 1092 895 3522 894 
18262 1091 894 1092 3522 
18263 895 1092 3522 3523 
18264 1093 896 3523 895 
18265 1092 895 1093 3523 
18266 896 1093 3523 3524 
18267 1094 897 3524 896 
18268 1093 896 1094 3524 
18269 897 1094 3524 3525 
18270 1095 898 3525 897 
18271 1094 897 1095 3525 
18272 898 1095 3525 3526 
18273 1096 899 3526 898 
18274 1095 898 1096 3526 
18275 899 1096 3526 3527 
18276 1097 900 3527 899 
18277 1096 899 1097 3527 
18278 900 1097 3527 1078 
18279 916 140 1078 900 
18280 1097 900 916 1078 
18281 163 39 298 3318 
18282 766 1293 3318 39 
18283 39 1293 3318 163 
18284 1293 766 3318 3319 
18285 767 1294 3319 766 
18286 766 1294 3319 1293 
18287 1294 767 3319 3320 
18288 768 1295 3320 767 
18289 767 1295 3320 1294 
18290 1295 768 3320 3321 
18291 769 1296 3321 768 
18292 768 1296 3321 1295 
18293 1296 769 3321 3322 
18294 770 1297 3322 769 
18295 769 1297 3322 1296 
18296 1297 770 3322 3323 
18297 771 1298 3323 770 
18298 770 1298 3323 1297 
18299 1298 771 3323 3324 
18300 772 1299 3324 771 
18301 771 1299 3324 1298 
18302 1299 772 3324 3325 
18303 773 1300 3325 772 
18304 772 1300 3325 1299 
18305 1300 773 3325 3326 
18306 774 1301 3326 773 
18307 773 1301 3326 1300 
18308 1301 774 3326 3327 
18309 775 1302 3327 774 
18310 774 1302 3327 1301 
18311 1302 775 3327 3328 
18312 776 1303 3328 775 
18313 775 1303 3328 1302 
18314 1303 776 3328 3329 
18315 777 1304 3329 776 
18316 776 1304 3329 1303 
18317 1304 777 3329 3330 
18318 778 1305 3330 777 
18319 777 1305 3330 1304 
18320 1305 778 3330 3331 
18321 779 1306 3331 778 
18322 778 1306 3331 1305 
18323 1306 779 3331 3332 
18324 780 1307 3332 779 
18325 779 1307 3332 1306 
18326 1307 780 3332 1065 
18327 148 930 1065 780 
18328 780 930 1065 1307 
18329 40 277 298 3318 
18330 3003 781 3318 40 
18331 277 40 3003 3318 
18332 781 3003 3318 3319 
18333 3004 782 3319 781 
18334 3003 781 3004 3319 
18335 782 3004 3319 3320 
18336 3005 783 3320 782 
18337 3004 782 3005 3320 
18338 783 3005 3320 3321 
18339 3006 784 3321 783 
18340 3005 783 3006 3321 
18341 784 3006 3321 3322 
18342 3007 785 3322 784 
18343 3006 784 3007 3322 
18344 785 3007 3322 3323 
18345 3008 786 3323 785 
18346 3007 785 3008 3323 
18347 786 3008 3323 3324 
18348 3009 787 3324 786 
18349 3008 786 3009 3324 
18350 787 3009 3324 3325 
18351 3010 788 3325 787 
18352 3009 787 3010 3325 
18353 788 3010 3325 3326 
18354 3011 789 3326 788 
18355 3010 788 3011 3326 
18356 789 3011 3326 3327 
18357 3012 790 3327 789 
18358 3011 789 3012 3327 
18359 790 3012 3327 3328 
18360 3013 791 3328 790 
18361 3012 790 3013 3328 
18362 791 3013 3328 3329 
18363 3014 792 3329 791 
18364 3013 791 3014 3329 
18365 792 3014 3329 3330 
18366 3015 793 3330 792 
18367 3014 792 3015 3330 
18368 793 3015 3330 3331 
18369 3016 794 3331 793 
18370 3015 793 3016 3331 
18371 794 3016 3331 3332 
18372 3017 795 3332 794 
18373 3016 794 3017 3332 
18374 795 3017 3332 1065 
18375 1044 147 1065 795 
18376 3017 795 1044 1065 
18377 236 165 307 3453 
18378 1323 2388 3453 165 
18379 165 2388 3453 236 
18380 2388 1323 3453 3454 
18381 1324 2389 3454 1323 
18382 1323 2389 3454 2388 
18383 2389 1324 3454 3455 
18384 1325 2390 3455 1324 
18385 1324 2390 3455 2389 
18386 2390 1325 3455 3456 
18387 1326 2391 3456 1325 
18388 1325 2391 3456 2390 
18389 2391 1326 3456 3457 
18390 1327 2392 3457 1326 
18391 1326 2392 3457 2391 
18392 2392 1327 3457 3458 
18393 1328 2393 3458 1327 
18394 1327 2393 3458 2392 
18395 2393 1328 3458 3459 
18396 1329 2394 3459 1328 
18397 1328 2394 3459 2393 
18398 2394 1329 3459 3460 
18399 1330 2395 3460 1329 
18400 1329 2395 3460 2394 
18401 2395 1330 3460 3461 
18402 1331 2396 3461 1330 
18403 1330 2396 3461 2395 
18404 2396 1331 3461 3462 
18405 1332 2397 3462 1331 
18406 1331 2397 3462 2396 
18407 2397 1332 3462 3463 
18408 1333 2398 3463 1332 
18409 1332 2398 3463 2397 
18410 2398 1333 3463 3464 
18411 1334 2399 3464 1333 
18412 1333 2399 3464 2398 
18413 2399 1334 3464 3465 
18414 1335 2400 3465 1334 
18415 1334 2400 3465 2399 
18416 2400 1335 3465 3466 
18417 1336 2401 3466 1335 
18418 1335 2401 3466 2400 
18419 2401 1336 3466 3467 
18420 1337 2402 3467 1336 
18421 1336 2402 3467 2401 
18422 2402 1337 3467 1074 
18423 932 1003 1074 1337 
18424 1337 1003 1074 2402 
18425 208 228 299 3333 
18426 2268 1968 3333 208 
18427 228 208 2268 3333 
18428 1968 2268 3333 3334 
18429 2269 1969 3334 1968 
18430 2268 1968 2269 3334 
18431 1969 2269 3334 3335 
18432 2270 1970 3335 1969 
18433 2269 1969 2270 3335 
18434 1970 2270 3335 3336 
18435 2271 1971 3336 1970 
18436 2270 1970 2271 3336 
18437 1971 2271 3336 3337 
18438 2272 1972 3337 1971 
18439 2271 1971 2272 3337 
18440 1972 2272 3337 3338 
18441 2273 1973 3338 1972 
18442 2272 1972 2273 3338 
18443 1973 2273 3338 3339 
18444 2274 1974 3339 1973 
18445 2273 1973 2274 3339 
18446 1974 2274 3339 3340 
18447 2275 1975 3340 1974 
18448 2274 1974 2275 3340 
18449 1975 2275 3340 3341 
18450 2276 1976 3341 1975 
18451 2275 1975 2276 3341 
18452 1976 2276 3341 3342 
18453 2277 1977 3342 1976 
18454 2276 1976 2277 3342 
18455 1977 2277 3342 3343 
18456 2278 1978 3343 1977 
18457 2277 1977 2278 3343 
18458 1978 2278 3343 3344 
18459 2279 1979 3344 1978 
18460 2278 1978 2279 3344 
18461 1979 2279 3344 3345 
18462 2280 1980 3345 1979 
18463 2279 1979 2280 3345 
18464 1980 2280 3345 3346 
18465 2281 1981 3346 1980 
18466 2280 1980 2281 3346 
18467 1981 2281 3346 3347 
18468 2282 1982 3347 1981 
18469 2281 1981 2282 3347 
18470 1982 2282 3347 1066 
18471 995 975 1066 1982 
18472 2282 1982 995 1066 
18473 217 251 300 3348 
18474 2613 2103 3348 217 
18475 251 217 2613 3348 
18476 2103 2613 3348 3349 
18477 2614 2104 3349 2103 
18478 2613 2103 2614 3349 
18479 2104 2614 3349 3350 
18480 2615 2105 3350 2104 
18481 2614 2104 2615 3350 
18482 2105 2615 3350 3351 
18483 2616 2106 3351 2105 
18484 2615 2105 2616 3351 
18485 2106 2616 3351 3352 
18486 2617 2107 3352 2106 
18487 2616 2106 2617 3352 
18488 2107 2617 3352 3353 
18489 2618 2108 3353 2107 
18490 2617 2107 2618 3353 
18491 2108 2618 3353 3354 
18492 2619 2109 3354 2108 
18493 2618 2108 2619 3354 
18494 2109 2619 3354 3355 
18495 2620 2110 3355 2109 
18496 2619 2109 2620 3355 
18497 2110 2620 3355 3356 
18498 2621 2111 3356 2110 
18499 2620 2110 2621 3356 
18500 2111 2621 3356 3357 
18501 2622 2112 3357 2111 
18502 2621 2111 2622 3357 
18503 2112 2622 3357 3358 
18504 2623 2113 3358 2112 
18505 2622 2112 2623 3358 
18506 2113 2623 3358 3359 
18507 2624 2114 3359 2113 
18508 2623 2113 2624 3359 
18509 2114 2624 3359 3360 
18510 2625 2115 3360 2114 
18511 2624 2114 2625 3360 
18512 2115 2625 3360 3361 
18513 2626 2116 3361 2115 
18514 2625 2115 2626 3361 
18515 2116 2626 3361 3362 
18516 2627 2117 3362 2116 
18517 2626 2116 2627 3362 
18518 2117 2627 3362 1067 
18519 1018 984 1067 2117 
18520 2627 2117 1018 1067 
18521 292 239 309 3483 
18522 2433 3228 3483 239 
18523 239 3228 3483 292 
18524 3228 2433 3483 3484 
18525 2434 3229 3484 2433 
18526 2433 3229 3484 3228 
18527 3229 2434 3484 3485 
18528 2435 3230 3485 2434 
18529 2434 3230 3485 3229 
18530 3230 2435 3485 3486 
18531 2436 3231 3486 2435 
18532 2435 3231 3486 3230 
18533 3231 2436 3486 3487 
18534 2437 3232 3487 2436 
18535 2436 3232 3487 3231 
18536 3232 2437 3487 3488 
18537 2438 3233 3488 2437 
18538 2437 3233 3488 3232 
18539 3233 2438 3488 3489 
18540 2439 3234 3489 2438 
18541 2438 3234 3489 3233 
18542 3234 2439 3489 3490 
18543 2440 3235 3490 2439 
18544 2439 3235 3490 3234 
18545 3235 2440 3490 3491 
18546 2441 3236 3491 2440 
18547 2440 3236 3491 3235 
18548 3236 2441 3491 3492 
18549 2442 3237 3492 2441 
18550 2441 3237 3492 3236 
18551 3237 2442 3492 3493 
18552 2443 3238 3493 2442 
18553 2442 3238 3493 3237 
18554 3238 2443 3493 3494 
18555 2444 3239 3494 2443 
18556 2443 3239 3494 3238 
18557 3239 2444 3494 3495 
18558 2445 3240 3495 2444 
18559 2444 3240 3495 3239 
18560 3240 2445 3495 3496 
18561 2446 3241 3496 2445 
18562 2445 3241 3496 3240 
18563 3241 2446 3496 3497 
18564 2447 3242 3497 2446 
18565 2446 3242 3497 3241 
18566 3242 2447 3497 1076 
18567 1006 1059 1076 2447 
18568 2447 1059 1076 3242 
18569 218 261 301 3363 
18570 2763 2118 3363 218 
18571 261 218 2763 3363 
18572 2118 2763 3363 3364 
18573 2764 2119 3364 2118 
18574 2763 2118 2764 3364 
18575 2119 2764 3364 3365 
18576 2765 2120 3365 2119 
18577 2764 2119 2765 3365 
18578 2120 2765 3365 3366 
18579 2766 2121 3366 2120 
18580 2765 2120 2766 3366 
18581 2121 2766 3366 3367 
18582 2767 2122 3367 2121 
18583 2766 2121 2767 3367 
18584 2122 2767 3367 3368 
18585 2768 2123 3368 2122 
18586 2767 2122 2768 3368 
18587 2123 2768 3368 3369 
18588 2769 2124 3369 2123 
18589 2768 2123 2769 3369 
18590 2124 2769 3369 3370 
18591 2770 2125 3370 2124 
18592 2769 2124 2770 3370 
18593 2125 2770 3370 3371 
18594 2771 2126 3371 2125 
18595 2770 2125 2771 3371 
18596 2126 2771 3371 3372 
18597 2772 2127 3372 2126 
18598 2771 2126 2772 3372 
18599 2127 2772 3372 3373 
18600 2773 2128 3373 2127 
18601 2772 2127 2773 3373 
18602 2128 2773 3373 3374 
18603 2774 2129 3374 2128 
18604 2773 2128 2774 3374 
18605 2129 2774 3374 3375 
18606 2775 2130 3375 2129 
18607 2774 2129 2775 3375 
18608 2130 2775 3375 3376 
18609 2776 2131 3376 2130 
18610 2775 2130 2776 3376 
18611 2131 2776 3376 3377 
18612 2777 2132 3377 2131 
18613 2776 2131 2777 3377 
18614 2132 2777 3377 1068 
18615 1028 985 1068 2132 
18616 2777 2132 1028 1068 
18617 157 276 305 3423 
18618 2988 1203 3423 157 
18619 276 157 2988 3423 
18620 1203 2988 3423 3424 
18621 2989 1204 3424 1203 
18622 2988 1203 2989 3424 
18623 1204 2989 3424 3425 
18624 2990 1205 3425 1204 
18625 2989 1204 2990 3425 
18626 1205 2990 3425 3426 
18627 2991 1206 3426 1205 
18628 2990 1205 2991 3426 
18629 1206 2991 3426 3427 
18630 2992 1207 3427 1206 
18631 2991 1206 2992 3427 
18632 1207 2992 3427 3428 
18633 2993 1208 3428 1207 
18634 2992 1207 2993 3428 
18635 1208 2993 3428 3429 
18636 2994 1209 3429 1208 
18637 2993 1208 2994 3429 
18638 1209 2994 3429 3430 
18639 2995 1210 3430 1209 
18640 2994 1209 2995 3430 
18641 1210 2995 3430 3431 
18642 2996 1211 3431 1210 
18643 2995 1210 2996 3431 
18644 1211 2996 3431 3432 
18645 2997 1212 3432 1211 
18646 2996 1211 2997 3432 
18647 1212 2997 3432 3433 
18648 2998 1213 3433 1212 
18649 2997 1212 2998 3433 
18650 1213 2998 3433 3434 
18651 2999 1214 3434 1213 
18652 2998 1213 2999 3434 
18653 1214 2999 3434 3435 
18654 3000 1215 3435 1214 
18655 2999 1214 3000 3435 
18656 1215 3000 3435 3436 
18657 3001 1216 3436 1215 
18658 3000 1215 3001 3436 
18659 1216 3001 3436 3437 
18660 3002 1217 3437 1216 
18661 3001 1216 3002 3437 
18662 1217 3002 3437 1072 
18663 1043 924 1072 1217 
18664 3002 1217 1043 1072 
18665 16 17 302 3378 
18666 436 421 3378 16 
18667 17 16 436 3378 
18668 421 436 3378 3379 
18669 437 422 3379 421 
18670 436 421 437 3379 
18671 422 437 3379 3380 
18672 438 423 3380 422 
18673 437 422 438 3380 
18674 423 438 3380 3381 
18675 439 424 3381 423 
18676 438 423 439 3381 
18677 424 439 3381 3382 
18678 440 425 3382 424 
18679 439 424 440 3382 
18680 425 440 3382 3383 
18681 441 426 3383 425 
18682 440 425 441 3383 
18683 426 441 3383 3384 
18684 442 427 3384 426 
18685 441 426 442 3384 
18686 427 442 3384 3385 
18687 443 428 3385 427 
18688 442 427 443 3385 
18689 428 443 3385 3386 
18690 444 429 3386 428 
18691 443 428 444 3386 
18692 429 444 3386 3387 
18693 445 430 3387 429 
18694 444 429 445 3387 
18695 430 445 3387 3388 
18696 446 431 3388 430 
18697 445 430 446 3388 
18698 431 446 3388 3389 
18699 447 432 3389 431 
18700 446 431 447 3389 
18701 432 447 3389 3390 
18702 448 433 3390 432 
18703 447 432 448 3390 
18704 433 448 3390 3391 
18705 449 434 3391 433 
18706 448 433 449 3391 
18707 434 449 3391 3392 
18708 450 435 3392 434 
18709 449 434 450 3392 
18710 435 450 3392 1069 
18711 50 51 1069 435 
18712 450 435 50 1069 
18713 154 32 303 3393 
18714 661 1158 3393 32 
18715 32 1158 3393 154 
18716 1158 661 3393 3394 
18717 662 1159 3394 661 
18718 661 1159 3394 1158 
18719 1159 662 3394 3395 
18720 663 1160 3395 662 
18721 662 1160 3395 1159 
18722 1160 663 3395 3396 
18723 664 1161 3396 663 
18724 663 1161 3396 1160 
18725 1161 664 3396 3397 
18726 665 1162 3397 664 
18727 664 1162 3397 1161 
18728 1162 665 3397 3398 
18729 666 1163 3398 665 
18730 665 1163 3398 1162 
18731 1163 666 3398 3399 
18732 667 1164 3399 666 
18733 666 1164 3399 1163 
18734 1164 667 3399 3400 
18735 668 1165 3400 667 
18736 667 1165 3400 1164 
18737 1165 668 3400 3401 
18738 669 1166 3401 668 
18739 668 1166 3401 1165 
18740 1166 669 3401 3402 
18741 670 1167 3402 669 
18742 669 1167 3402 1166 
18743 1167 670 3402 3403 
18744 671 1168 3403 670 
18745 670 1168 3403 1167 
18746 1168 671 3403 3404 
18747 672 1169 3404 671 
18748 671 1169 3404 1168 
18749 1169 672 3404 3405 
18750 673 1170 3405 672 
18751 672 1170 3405 1169 
18752 1170 673 3405 3406 
18753 674 1171 3406 673 
18754 673 1171 3406 1170 
18755 1171 674 3406 3407 
18756 675 1172 3407 674 
18757 674 1172 3407 1171 
18758 1172 675 3407 1070 
18759 120 921 1070 675 
18760 675 921 1070 1172 
18761 9 10 304 3408 
18762 331 316 3408 9 
18763 10 9 331 3408 
18764 316 331 3408 3409 
18765 332 317 3409 316 
18766 331 316 332 3409 
18767 317 332 3409 3410 
18768 333 318 3410 317 
18769 332 317 333 3410 
18770 318 333 3410 3411 
18771 334 319 3411 318 
18772 333 318 334 3411 
18773 319 334 3411 3412 
18774 335 320 3412 319 
18775 334 319 335 3412 
18776 320 335 3412 3413 
18777 336 321 3413 320 
18778 335 320 336 3413 
18779 321 336 3413 3414 
18780 337 322 3414 321 
18781 336 321 337 3414 
18782 322 337 3414 3415 
18783 338 323 3415 322 
18784 337 322 338 3415 
18785 323 338 3415 3416 
18786 339 324 3416 323 
18787 338 323 339 3416 
18788 324 339 3416 3417 
18789 340 325 3417 324 
18790 339 324 340 3417 
18791 325 340 3417 3418 
18792 341 326 3418 325 
18793 340 325 341 3418 
18794 326 341 3418 3419 
18795 342 327 3419 326 
18796 341 326 342 3419 
18797 327 342 3419 3420 
18798 343 328 3420 327 
18799 342 327 343 3420 
18800 328 343 3420 3421 
18801 344 329 3421 328 
18802 343 328 344 3421 
18803 329 344 3421 3422 
18804 345 330 3422 329 
18805 344 329 345 3422 
18806 330 345 3422 1071 
18807 57 58 1071 330 
18808 345 330 57 1071 
18809 163 280 310 3498 
18810 3048 1293 3498 163 
18811 280 163 3048 3498 
18812 1293 3048 3498 3499 
18813 3049 1294 3499 1293 
18814 3048 1293 3049 3499 
18815 1294 3049 3499 3500 
18816 3050 1295 3500 1294 
18817 3049 1294 3050 3500 
18818 1295 3050 3500 3501 
18819 3051 1296 3501 1295 
18820 3050 1295 3051 3501 
18821 1296 3051 3501 3502 
18822 3052 1297 3502 1296 
18823 3051 1296 3052 3502 
18824 1297 3052 3502 3503 
18825 3053 1298 3503 1297 
18826 3052 1297 3053 3503 
18827 1298 3053 3503 3504 
18828 3054 1299 3504 1298 
18829 3053 1298 3054 3504 
18830 1299 3054 3504 3505 
18831 3055 1300 3505 1299 
18832 3054 1299 3055 3505 
18833 1300 3055 3505 3506 
18834 3056 1301 3506 1300 
18835 3055 1300 3056 3506 
18836 1301 3056 3506 3507 
18837 3057 1302 3507 1301 
18838 3056 1301 3057 3507 
18839 1302 3057 3507 3508 
18840 3058 1303 3508 1302 
18841 3057 1302 3058 3508 
18842 1303 3058 3508 3509 
18843 3059 1304 3509 1303 
18844 3058 1303 3059 3509 
18845 1304 3059 3509 3510 
18846 3060 1305 3510 1304 
18847 3059 1304 3060 3510 
18848 1305 3060 3510 3511 
18849 3061 1306 3511 1305 
18850 3060 1305 3061 3511 
18851 1306 3061 3511 3512 
18852 3062 1307 3512 1306 
18853 3061 1306 3062 3512 
18854 1307 3062 3512 1077 
18855 1047 930 1077 1307 
18856 3062 1307 1047 1077 
18857 280 152 310 3498 
18858 1128 3048 3498 280 
18859 152 280 1128 3498 
18860 3048 1128 3498 3499 
18861 1129 3049 3499 3048 
18862 1128 3048 1129 3499 
18863 3049 1129 3499 3500 
18864 1130 3050 3500 3049 
18865 1129 3049 1130 3500 
18866 3050 1130 3500 3501 
18867 1131 3051 3501 3050 
18868 1130 3050 1131 3501 
18869 3051 1131 3501 3502 
18870 1132 3052 3502 3051 
18871 1131 3051 1132 3502 
18872 3052 1132 3502 3503 
18873 1133 3053 3503 3052 
18874 1132 3052 1133 3503 
18875 3053 1133 3503 3504 
18876 1134 3054 3504 3053 
18877 1133 3053 1134 3504 
18878 3054 1134 3504 3505 
18879 1135 3055 3505 3054 
18880 1134 3054 1135 3505 
18881 3055 1135 3505 3506 
18882 1136 3056 3506 3055 
18883 1135 3055 1136 3506 
18884 3056 1136 3506 3507 
18885 1137 3057 3507 3056 
18886 1136 3056 1137 3507 
18887 3057 1137 3507 3508 
18888 1138 3058 3508 3057 
18889 1137 3057 1138 3508 
18890 3058 1138 3508 3509 
18891 1139 3059 3509 3058 
18892 1138 3058 1139 3509 
18893 3059 1139 3509 3510 
18894 1140 3060 3510 3059 
18895 1139 3059 1140 3510 
18896 3060 1140 3510 3511 
18897 1141 3061 3511 3060 
18898 1140 3060 1141 3511 
18899 3061 1141 3511 3512 
18900 1142 3062 3512 3061 
18901 1141 3061 1142 3512 
18902 3062 1142 3512 1077 
18903 919 1047 1077 3062 
18904 1142 3062 919 1077 
18905 20 278 297 3303 
18906 3018 481 3303 20 
18907 278 20 3018 3303 
18908 481 3018 3303 3304 
18909 3019 482 3304 481 
18910 3018 481 3019 3304 
18911 482 3019 3304 3305 
18912 3020 483 3305 482 
18913 3019 482 3020 3305 
18914 483 3020 3305 3306 
18915 3021 484 3306 483 
18916 3020 483 3021 3306 
18917 484 3021 3306 3307 
18918 3022 485 3307 484 
18919 3021 484 3022 3307 
18920 485 3022 3307 3308 
18921 3023 486 3308 485 
18922 3022 485 3023 3308 
18923 486 3023 3308 3309 
18924 3024 487 3309 486 
18925 3023 486 3024 3309 
18926 487 3024 3309 3310 
18927 3025 488 3310 487 
18928 3024 487 3025 3310 
18929 488 3025 3310 3311 
18930 3026 489 3311 488 
18931 3025 488 3026 3311 
18932 489 3026 3311 3312 
18933 3027 490 3312 489 
18934 3026 489 3027 3312 
18935 490 3027 3312 3313 
18936 3028 491 3313 490 
18937 3027 490 3028 3313 
18938 491 3028 3313 3314 
18939 3029 492 3314 491 
18940 3028 491 3029 3314 
18941 492 3029 3314 3315 
18942 3030 493 3315 492 
18943 3029 492 3030 3315 
18944 493 3030 3315 3316 
18945 3031 494 3316 493 
18946 3030 493 3031 3316 
18947 494 3031 3316 3317 
18948 3032 495 3317 494 
18949 3031 494 3032 3317 
18950 495 3032 3317 1064 
18951 1045 97 1064 495 
18952 3032 495 1045 1064 
18953 287 43 291 3213 
18954 826 3153 3213 43 
18955 43 3153 3213 287 
18956 3153 826 3213 3214 
18957 827 3154 3214 826 
18958 826 3154 3214 3153 
18959 3154 827 3214 3215 
18960 828 3155 3215 827 
18961 827 3155 3215 3154 
18962 3155 828 3215 3216 
18963 829 3156 3216 828 
18964 828 3156 3216 3155 
18965 3156 829 3216 3217 
18966 830 3157 3217 829 
18967 829 3157 3217 3156 
18968 3157 830 3217 3218 
18969 831 3158 3218 830 
18970 830 3158 3218 3157 
18971 3158 831 3218 3219 
18972 832 3159 3219 831 
18973 831 3159 3219 3158 
18974 3159 832 3219 3220 
18975 833 3160 3220 832 
18976 832 3160 3220 3159 
18977 3160 833 3220 3221 
18978 834 3161 3221 833 
18979 833 3161 3221 3160 
18980 3161 834 3221 3222 
18981 835 3162 3222 834 
18982 834 3162 3222 3161 
18983 3162 835 3222 3223 
18984 836 3163 3223 835 
18985 835 3163 3223 3162 
18986 3163 836 3223 3224 
18987 837 3164 3224 836 
18988 836 3164 3224 3163 
18989 3164 837 3224 3225 
18990 838 3165 3225 837 
18991 837 3165 3225 3164 
18992 3165 838 3225 3226 
18993 839 3166 3226 838 
18994 838 3166 3226 3165 
18995 3166 839 3226 3227 
18996 840 3167 3227 839 
18997 839 3167 3227 3166 
18998 3167 840 3227 1058 
18999 144 1054 1058 840 
19000 840 1054 1058 3167 
19001 288 30 289 3183 
19002 631 3168 3183 30 
19003 30 3168 3183 288 
19004 3168 631 3183 3184 
19005 632 3169 3184 631 
19006 631 3169 3184 3168 
19007 3169 632 3184 3185 
19008 633 3170 3185 632 
19009 632 3170 3185 3169 
19010 3170 633 3185 3186 
19011 634 3171 3186 633 
19012 633 3171 3186 3170 
19013 3171 634 3186 3187 
19014 635 3172 3187 634 
19015 634 3172 3187 3171 
19016 3172 635 3187 3188 
19017 636 3173 3188 635 
19018 635 3173 3188 3172 
19019 3173 636 3188 3189 
19020 637 3174 3189 636 
19021 636 3174 3189 3173 
19022 3174 637 3189 3190 
19023 638 3175 3190 637 
19024 637 3175 3190 3174 
19025 3175 638 3190 3191 
19026 639 3176 3191 638 
19027 638 3176 3191 3175 
19028 3176 639 3191 3192 
19029 640 3177 3192 639 
19030 639 3177 3192 3176 
19031 3177 640 3192 3193 
19032 641 3178 3193 640 
19033 640 3178 3193 3177 
19034 3178 641 3193 3194 
19035 642 3179 3194 641 
19036 641 3179 3194 3178 
19037 3179 642 3194 3195 
19038 643 3180 3195 642 
19039 642 3180 3195 3179 
19040 3180 643 3195 3196 
19041 644 3181 3196 643 
19042 643 3181 3196 3180 
19043 3181 644 3196 3197 
19044 645 3182 3197 644 
19045 644 3182 3197 3181 
19046 3182 645 3197 1056 
19047 122 1055 1056 645 
19048 645 1055 1056 3182 
19049 290 161 312 3528 
19050 1263 3198 3528 161 
19051 161 3198 3528 290 
19052 3198 1263 3528 3529 
19053 1264 3199 3529 1263 
19054 1263 3199 3529 3198 
19055 3199 1264 3529 3530 
19056 1265 3200 3530 1264 
19057 1264 3200 3530 3199 
19058 3200 1265 3530 3531 
19059 1266 3201 3531 1265 
19060 1265 3201 3531 3200 
19061 3201 1266 3531 3532 
19062 1267 3202 3532 1266 
19063 1266 3202 3532 3201 
19064 3202 1267 3532 3533 
19065 1268 3203 3533 1267 
19066 1267 3203 3533 3202 
19067 3203 1268 3533 3534 
19068 1269 3204 3534 1268 
19069 1268 3204 3534 3203 
19070 3204 1269 3534 3535 
19071 1270 3205 3535 1269 
19072 1269 3205 3535 3204 
19073 3205 1270 3535 3536 
19074 1271 3206 3536 1270 
19075 1270 3206 3536 3205 
19076 3206 1271 3536 3537 
19077 1272 3207 3537 1271 
19078 1271 3207 3537 3206 
19079 3207 1272 3537 3538 
19080 1273 3208 3538 1272 
19081 1272 3208 3538 3207 
19082 3208 1273 3538 3539 
19083 1274 3209 3539 1273 
19084 1273 3209 3539 3208 
19085 3209 1274 3539 3540 
19086 1275 3210 3540 1274 
19087 1274 3210 3540 3209 
19088 3210 1275 3540 3541 
19089 1276 3211 3541 1275 
19090 1275 3211 3541 3210 
19091 3211 1276 3541 3542 
19092 1277 3212 3542 1276 
19093 1276 3212 3542 3211 
19094 3212 1277 3542 1079 
19095 928 1057 1079 1277 
19096 1277 1057 1079 3212 
19097 291 160 306 3438 
19098 1248 3213 3438 160 
19099 160 3213 3438 291 
19100 3213 1248 3438 3439 
19101 1249 3214 3439 1248 
19102 1248 3214 3439 3213 
19103 3214 1249 3439 3440 
19104 1250 3215 3440 1249 
19105 1249 3215 3440 3214 
19106 3215 1250 3440 3441 
19107 1251 3216 3441 1250 
19108 1250 3216 3441 3215 
19109 3216 1251 3441 3442 
19110 1252 3217 3442 1251 
19111 1251 3217 3442 3216 
19112 3217 1252 3442 3443 
19113 1253 3218 3443 1252 
19114 1252 3218 3443 3217 
19115 3218 1253 3443 3444 
19116 1254 3219 3444 1253 
19117 1253 3219 3444 3218 
19118 3219 1254 3444 3445 
19119 1255 3220 3445 1254 
19120 1254 3220 3445 3219 
19121 3220 1255 3445 3446 
19122 1256 3221 3446 1255 
19123 1255 3221 3446 3220 
19124 3221 1256 3446 3447 
19125 1257 3222 3447 1256 
19126 1256 3222 3447 3221 
19127 3222 1257 3447 3448 
19128 1258 3223 3448 1257 
19129 1257 3223 3448 3222 
19130 3223 1258 3448 3449 
19131 1259 3224 3449 1258 
19132 1258 3224 3449 3223 
19133 3224 1259 3449 3450 
19134 1260 3225 3450 1259 
19135 1259 3225 3450 3224 
19136 3225 1260 3450 3451 
19137 1261 3226 3451 1260 
19138 1260 3226 3451 3225 
19139 3226 1261 3451 3452 
19140 1262 3227 3452 1261 
19141 1261 3227 3452 3226 
19142 3227 1262 3452 1073 
19143 927 1058 1073 1262 
19144 1262 1058 1073 3227 
19145 13 14 305 3423 
19146 391 376 3423 13 
19147 14 13 391 3423 
19148 376 391 3423 3424 
19149 392 377 3424 376 
19150 391 376 392 3424 
19151 377 392 3424 3425 
19152 393 378 3425 377 
19153 392 377 393 3425 
19154 378 393 3425 3426 
19155 394 379 3426 378 
19156 393 378 394 3426 
19157 379 394 3426 3427 
19158 395 380 3427 379 
19159 394 379 395 3427 
19160 380 395 3427 3428 
19161 396 381 3428 380 
19162 395 380 396 3428 
19163 381 396 3428 3429 
19164 397 382 3429 381 
19165 396 381 397 3429 
19166 382 397 3429 3430 
19167 398 383 3430 382 
19168 397 382 398 3430 
19169 383 398 3430 3431 
19170 399 384 3431 383 
19171 398 383 399 3431 
19172 384 399 3431 3432 
19173 400 385 3432 384 
19174 399 384 400 3432 
19175 385 400 3432 3433 
19176 401 386 3433 385 
19177 400 385 401 3433 
19178 386 401 3433 3434 
19179 402 387 3434 386 
19180 401 386 402 3434 
19181 387 402 3434 3435 
19182 403 388 3435 387 
19183 402 387 403 3435 
19184 388 403 3435 3436 
19185 404 389 3436 388 
19186 403 388 404 3436 
19187 389 404 3436 3437 
19188 405 390 3437 389 
19189 404 389 405 3437 
19190 390 405 3437 1072 
19191 53 54 1072 390 
19192 405 390 53 1072 
19193 264 260 306 3438 
19194 2748 2808 3438 260 
19195 260 2808 3438 264 
19196 2808 2748 3438 3439 
19197 2749 2809 3439 2748 
19198 2748 2809 3439 2808 
19199 2809 2749 3439 3440 
19200 2750 2810 3440 2749 
19201 2749 2810 3440 2809 
19202 2810 2750 3440 3441 
19203 2751 2811 3441 2750 
19204 2750 2811 3441 2810 
19205 2811 2751 3441 3442 
19206 2752 2812 3442 2751 
19207 2751 2812 3442 2811 
19208 2812 2752 3442 3443 
19209 2753 2813 3443 2752 
19210 2752 2813 3443 2812 
19211 2813 2753 3443 3444 
19212 2754 2814 3444 2753 
19213 2753 2814 3444 2813 
19214 2814 2754 3444 3445 
19215 2755 2815 3445 2754 
19216 2754 2815 3445 2814 
19217 2815 2755 3445 3446 
19218 2756 2816 3446 2755 
19219 2755 2816 3446 2815 
19220 2816 2756 3446 3447 
19221 2757 2817 3447 2756 
19222 2756 2817 3447 2816 
19223 2817 2757 3447 3448 
19224 2758 2818 3448 2757 
19225 2757 2818 3448 2817 
19226 2818 2758 3448 3449 
19227 2759 2819 3449 2758 
19228 2758 2819 3449 2818 
19229 2819 2759 3449 3450 
19230 2760 2820 3450 2759 
19231 2759 2820 3450 2819 
19232 2820 2760 3450 3451 
19233 2761 2821 3451 2760 
19234 2760 2821 3451 2820 
19235 2821 2761 3451 3452 
19236 2762 2822 3452 2761 
19237 2761 2822 3452 2821 
19238 2822 2762 3452 1073 
19239 1027 1031 1073 2762 
19240 2762 1031 1073 2822 
19241 23 24 307 3453 
19242 541 526 3453 23 
19243 24 23 541 3453 
19244 526 541 3453 3454 
19245 542 527 3454 526 
19246 541 526 542 3454 
19247 527 542 3454 3455 
19248 543 528 3455 527 
19249 542 527 543 3455 
19250 528 543 3455 3456 
19251 544 529 3456 528 
19252 543 528 544 3456 
19253 529 544 3456 3457 
19254 545 530 3457 529 
19255 544 529 545 3457 
19256 530 545 3457 3458 
19257 546 531 3458 530 
19258 545 530 546 3458 
19259 531 546 3458 3459 
19260 547 532 3459 531 
19261 546 531 547 3459 
19262 532 547 3459 3460 
19263 548 533 3460 532 
19264 547 532 548 3460 
19265 533 548 3460 3461 
19266 549 534 3461 533 
19267 548 533 549 3461 
19268 534 549 3461 3462 
19269 550 535 3462 534 
19270 549 534 550 3462 
19271 535 550 3462 3463 
19272 551 536 3463 535 
19273 550 535 551 3463 
19274 536 551 3463 3464 
19275 552 537 3464 536 
19276 551 536 552 3464 
19277 537 552 3464 3465 
19278 553 538 3465 537 
19279 552 537 553 3465 
19280 538 553 3465 3466 
19281 554 539 3466 538 
19282 553 538 554 3466 
19283 539 554 3466 3467 
19284 555 540 3467 539 
19285 554 539 555 3467 
19286 540 555 3467 1074 
19287 93 94 1074 540 
19288 555 540 93 1074 
19289 219 227 308 3468 
19290 2253 2133 3468 219 
19291 227 219 2253 3468 
19292 2133 2253 3468 3469 
19293 2254 2134 3469 2133 
19294 2253 2133 2254 3469 
19295 2134 2254 3469 3470 
19296 2255 2135 3470 2134 
19297 2254 2134 2255 3470 
19298 2135 2255 3470 3471 
19299 2256 2136 3471 2135 
19300 2255 2135 2256 3471 
19301 2136 2256 3471 3472 
19302 2257 2137 3472 2136 
19303 2256 2136 2257 3472 
19304 2137 2257 3472 3473 
19305 2258 2138 3473 2137 
19306 2257 2137 2258 3473 
19307 2138 2258 3473 3474 
19308 2259 2139 3474 2138 
19309 2258 2138 2259 3474 
19310 2139 2259 3474 3475 
19311 2260 2140 3475 2139 
19312 2259 2139 2260 3475 
19313 2140 2260 3475 3476 
19314 2261 2141 3476 2140 
19315 2260 2140 2261 3476 
19316 2141 2261 3476 3477 
19317 2262 2142 3477 2141 
19318 2261 2141 2262 3477 
19319 2142 2262 3477 3478 
19320 2263 2143 3478 2142 
19321 2262 2142 2263 3478 
19322 2143 2263 3478 3479 
19323 2264 2144 3479 2143 
19324 2263 2143 2264 3479 
19325 2144 2264 3479 3480 
19326 2265 2145 3480 2144 
19327 2264 2144 2265 3480 
19328 2145 2265 3480 3481 
19329 2266 2146 3481 2145 
19330 2265 2145 2266 3481 
19331 2146 2266 3481 3482 
19332 2267 2147 3482 2146 
19333 2266 2146 2267 3482 
19334 2147 2267 3482 1075 
19335 994 986 1075 2147 
19336 2267 2147 994 1075 
19337 286 164 304 3408 
19338 1308 3138 3408 164 
19339 164 3138 3408 286 
19340 3138 1308 3408 3409 
19341 1309 3139 3409 1308 
19342 1308 3139 3409 3138 
19343 3139 1309 3409 3410 
19344 1310 3140 3410 1309 
19345 1309 3140 3410 3139 
19346 3140 1310 3410 3411 
19347 1311 3141 3411 1310 
19348 1310 3141 3411 3140 
19349 3141 1311 3411 3412 
19350 1312 3142 3412 1311 
19351 1311 3142 3412 3141 
19352 3142 1312 3412 3413 
19353 1313 3143 3413 1312 
19354 1312 3143 3413 3142 
19355 3143 1313 3413 3414 
19356 1314 3144 3414 1313 
19357 1313 3144 3414 3143 
19358 3144 1314 3414 3415 
19359 1315 3145 3415 1314 
19360 1314 3145 3415 3144 
19361 3145 1315 3415 3416 
19362 1316 3146 3416 1315 
19363 1315 3146 3416 3145 
19364 3146 1316 3416 3417 
19365 1317 3147 3417 1316 
19366 1316 3147 3417 3146 
19367 3147 1317 3417 3418 
19368 1318 3148 3418 1317 
19369 1317 3148 3418 3147 
19370 3148 1318 3418 3419 
19371 1319 3149 3419 1318 
19372 1318 3149 3419 3148 
19373 3149 1319 3419 3420 
19374 1320 3150 3420 1319 
19375 1319 3150 3420 3149 
19376 3150 1320 3420 3421 
19377 1321 3151 3421 1320 
19378 1320 3151 3421 3150 
19379 3151 1321 3421 3422 
19380 1322 3152 3422 1321 
19381 1321 3152 3422 3151 
19382 3152 1322 3422 1071 
19383 931 1053 1071 1322 
19384 1322 1053 1071 3152 
19385 263 293 311 3513 
19386 3243 2793 3513 263 
19387 293 263 3243 3513 
19388 2793 3243 3513 3514 
19389 3244 2794 3514 2793 
19390 3243 2793 3244 3514 
19391 2794 3244 3514 3515 
19392 3245 2795 3515 2794 
19393 3244 2794 3245 3515 
19394 2795 3245 3515 3516 
19395 3246 2796 3516 2795 
19396 3245 2795 3246 3516 
19397 2796 3246 3516 3517 
19398 3247 2797 3517 2796 
19399 3246 2796 3247 3517 
19400 2797 3247 3517 3518 
19401 3248 2798 3518 2797 
19402 3247 2797 3248 3518 
19403 2798 3248 3518 3519 
19404 3249 2799 3519 2798 
19405 3248 2798 3249 3519 
19406 2799 3249 3519 3520 
19407 3250 2800 3520 2799 
19408 3249 2799 3250 3520 
19409 2800 3250 3520 3521 
19410 3251 2801 3521 2800 
19411 3250 2800 3251 3521 
19412 2801 3251 3521 3522 
19413 3252 2802 3522 2801 
19414 3251 2801 3252 3522 
19415 2802 3252 3522 3523 
19416 3253 2803 3523 2802 
19417 3252 2802 3253 3523 
19418 2803 3253 3523 3524 
19419 3254 2804 3524 2803 
19420 3253 2803 3254 3524 
19421 2804 3254 3524 3525 
19422 3255 2805 3525 2804 
19423 3254 2804 3255 3525 
19424 2805 3255 3525 3526 
19425 3256 2806 3526 2805 
19426 3255 2805 3256 3526 
19427 2806 3256 3526 3527 
19428 3257 2807 3527 2806 
19429 3256 2806 3257 3527 
19430 2807 3257 3527 1078 
19431 1060 1030 1078 2807 
19432 3257 2807 1060 1078 
19433 25 26 309 3483 
19434 571 556 3483 25 
19435 26 25 571 3483 
19436 556 571 3483 3484 
19437 572 557 3484 556 
19438 571 556 572 3484 
19439 557 572 3484 3485 
19440 573 558 3485 557 
19441 572 557 573 3485 
19442 558 573 3485 3486 
19443 574 559 3486 558 
19444 573 558 574 3486 
19445 559 574 3486 3487 
19446 575 560 3487 559 
19447 574 559 575 3487 
19448 560 575 3487 3488 
19449 576 561 3488 560 
19450 575 560 576 3488 
19451 561 576 3488 3489 
19452 577 562 3489 561 
19453 576 561 577 3489 
19454 562 577 3489 3490 
19455 578 563 3490 562 
19456 577 562 578 3490 
19457 563 578 3490 3491 
19458 579 564 3491 563 
19459 578 563 579 3491 
19460 564 579 3491 3492 
19461 580 565 3492 564 
19462 579 564 580 3492 
19463 565 580 3492 3493 
19464 581 566 3493 565 
19465 580 565 581 3493 
19466 566 581 3493 3494 
19467 582 567 3494 566 
19468 581 566 582 3494 
19469 567 582 3494 3495 
19470 583 568 3495 567 
19471 582 567 583 3495 
19472 568 583 3495 3496 
19473 584 569 3496 568 
19474 583 568 584 3496 
19475 569 584 3496 3497 
19476 585 570 3497 569 
19477 584 569 585 3497 
19478 570 585 3497 1076 
19479 91 92 1076 570 
19480 585 570 91 1076 
19481 38 4 310 3498 
19482 124 751 3498 38 
19483 4 38 124 3498 
19484 751 124 3498 3499 
19485 125 752 3499 751 
19486 124 751 125 3499 
19487 752 125 3499 3500 
19488 126 753 3500 752 
19489 125 752 126 3500 
19490 753 126 3500 3501 
19491 127 754 3501 753 
19492 126 753 127 3501 
19493 754 127 3501 3502 
19494 128 755 3502 754 
19495 127 754 128 3502 
19496 755 128 3502 3503 
19497 129 756 3503 755 
19498 128 755 129 3503 
19499 756 129 3503 3504 
19500 130 757 3504 756 
19501 129 756 130 3504 
19502 757 130 3504 3505 
19503 131 758 3505 757 
19504 130 757 131 3505 
19505 758 131 3505 3506 
19506 132 759 3506 758 
19507 131 758 132 3506 
19508 759 132 3506 3507 
19509 133 760 3507 759 
19510 132 759 133 3507 
19511 760 133 3507 3508 
19512 134 761 3508 760 
19513 133 760 134 3508 
19514 761 134 3508 3509 
19515 135 762 3509 761 
19516 134 761 135 3509 
19517 762 135 3509 3510 
19518 136 763 3510 762 
19519 135 762 136 3510 
19520 763 136 3510 3511 
19521 137 764 3511 763 
19522 136 763 137 3511 
19523 764 137 3511 3512 
19524 138 765 3512 764 
19525 137 764 138 3512 
19526 765 138 3512 1077 
19527 8 114 1077 765 
19528 138 765 8 1077 
19529 46 47 311 3513 
19530 886 871 3513 46 
19531 47 46 886 3513 
19532 871 886 3513 3514 
19533 887 872 3514 871 
19534 886 871 887 3514 
19535 872 887 3514 3515 
19536 888 873 3515 872 
19537 887 872 888 3515 
19538 873 888 3515 3516 
19539 889 874 3516 873 
19540 888 873 889 3516 
19541 874 889 3516 3517 
19542 890 875 3517 874 
19543 889 874 890 3517 
19544 875 890 3517 3518 
19545 891 876 3518 875 
19546 890 875 891 3518 
19547 876 891 3518 3519 
19548 892 877 3519 876 
19549 891 876 892 3519 
19550 877 892 3519 3520 
19551 893 878 3520 877 
19552 892 877 893 3520 
19553 878 893 3520 3521 
19554 894 879 3521 878 
19555 893 878 894 3521 
19556 879 894 3521 3522 
19557 895 880 3522 879 
19558 894 879 895 3522 
19559 880 895 3522 3523 
19560 896 881 3523 880 
19561 895 880 896 3523 
19562 881 896 3523 3524 
19563 897 882 3524 881 
19564 896 881 897 3524 
19565 882 897 3524 3525 
19566 898 883 3525 882 
19567 897 882 898 3525 
19568 883 898 3525 3526 
19569 899 884 3526 883 
19570 898 883 899 3526 
19571 884 899 3526 3527 
19572 900 885 3527 884 
19573 899 884 900 3527 
19574 885 900 3527 1078 
19575 140 141 1078 885 
19576 900 885 140 1078 
19577 36 295 314 3558 
19578 3273 721 3558 36 
19579 295 36 3273 3558 
19580 721 3273 3558 3559 
19581 3274 722 3559 721 
19582 3273 721 3274 3559 
19583 722 3274 3559 3560 
19584 3275 723 3560 722 
19585 3274 722 3275 3560 
19586 723 3275 3560 3561 
19587 3276 724 3561 723 
19588 3275 723 3276 3561 
19589 724 3276 3561 3562 
19590 3277 725 3562 724 
19591 3276 724 3277 3562 
19592 725 3277 3562 3563 
19593 3278 726 3563 725 
19594 3277 725 3278 3563 
19595 726 3278 3563 3564 
19596 3279 727 3564 726 
19597 3278 726 3279 3564 
19598 727 3279 3564 3565 
19599 3280 728 3565 727 
19600 3279 727 3280 3565 
19601 728 3280 3565 3566 
19602 3281 729 3566 728 
19603 3280 728 3281 3566 
19604 729 3281 3566 3567 
19605 3282 730 3567 729 
19606 3281 729 3282 3567 
19607 730 3282 3567 3568 
19608 3283 731 3568 730 
19609 3282 730 3283 3568 
19610 731 3283 3568 3569 
19611 3284 732 3569 731 
19612 3283 731 3284 3569 
19613 732 3284 3569 3570 
19614 3285 733 3570 732 
19615 3284 732 3285 3570 
19616 733 3285 3570 3571 
19617 3286 734 3571 733 
19618 3285 733 3286 3571 
19619 734 3286 3571 3572 
19620 3287 735 3572 734 
19621 3286 734 3287 3572 
19622 735 3287 3572 1081 
19623 1062 116 1081 735 
19624 3287 735 1062 1081 
19625 283 286 304 3408 
19626 3138 3093 3408 283 
19627 286 283 3138 3408 
19628 3093 3138 3408 3409 
19629 3139 3094 3409 3093 
19630 3138 3093 3139 3409 
19631 3094 3139 3409 3410 
19632 3140 3095 3410 3094 
19633 3139 3094 3140 3410 
19634 3095 3140 3410 3411 
19635 3141 3096 3411 3095 
19636 3140 3095 3141 3411 
19637 3096 3141 3411 3412 
19638 3142 3097 3412 3096 
19639 3141 3096 3142 3412 
19640 3097 3142 3412 3413 
19641 3143 3098 3413 3097 
19642 3142 3097 3143 3413 
19643 3098 3143 3413 3414 
19644 3144 3099 3414 3098 
19645 3143 3098 3144 3414 
19646 3099 3144 3414 3415 
19647 3145 3100 3415 3099 
19648 3144 3099 3145 3415 
19649 3100 3145 3415 3416 
19650 3146 3101 3416 3100 
19651 3145 3100 3146 3416 
19652 3101 3146 3416 3417 
19653 3147 3102 3417 3101 
19654 3146 3101 3147 3417 
19655 3102 3147 3417 3418 
19656 3148 3103 3418 3102 
19657 3147 3102 3148 3418 
19658 3103 3148 3418 3419 
19659 3149 3104 3419 3103 
19660 3148 3103 3149 3419 
19661 3104 3149 3419 3420 
19662 3150 3105 3420 3104 
19663 3149 3104 3150 3420 
19664 3105 3150 3420 3421 
19665 3151 3106 3421 3105 
19666 3150 3105 3151 3421 
19667 3106 3151 3421 3422 
19668 3152 3107 3422 3106 
19669 3151 3106 3152 3422 
19670 3107 3152 3422 1071 
19671 1053 1050 1071 3107 
19672 3152 3107 1053 1071 
19673 165 23 307 3453 
19674 526 1323 3453 23 
19675 23 1323 3453 165 
19676 1323 526 3453 3454 
19677 527 1324 3454 526 
19678 526 1324 3454 1323 
19679 1324 527 3454 3455 
19680 528 1325 3455 527 
19681 527 1325 3455 1324 
19682 1325 528 3455 3456 
19683 529 1326 3456 528 
19684 528 1326 3456 1325 
19685 1326 529 3456 3457 
19686 530 1327 3457 529 
19687 529 1327 3457 1326 
19688 1327 530 3457 3458 
19689 531 1328 3458 530 
19690 530 1328 3458 1327 
19691 1328 531 3458 3459 
19692 532 1329 3459 531 
19693 531 1329 3459 1328 
19694 1329 532 3459 3460 
19695 533 1330 3460 532 
19696 532 1330 3460 1329 
19697 1330 533 3460 3461 
19698 534 1331 3461 533 
19699 533 1331 3461 1330 
19700 1331 534 3461 3462 
19701 535 1332 3462 534 
19702 534 1332 3462 1331 
19703 1332 535 3462 3463 
19704 536 1333 3463 535 
19705 535 1333 3463 1332 
19706 1333 536 3463 3464 
19707 537 1334 3464 536 
19708 536 1334 3464 1333 
19709 1334 537 3464 3465 
19710 538 1335 3465 537 
19711 537 1335 3465 1334 
19712 1335 538 3465 3466 
19713 539 1336 3466 538 
19714 538 1336 3466 1335 
19715 1336 539 3466 3467 
19716 540 1337 3467 539 
19717 539 1337 3467 1336 
19718 1337 540 3467 1074 
19719 94 932 1074 540 
19720 540 932 1074 1337 
19721 241 234 312 3528 
19722 2358 2463 3528 234 
19723 234 2463 3528 241 
19724 2463 2358 3528 3529 
19725 2359 2464 3529 2358 
19726 2358 2464 3529 2463 
19727 2464 2359 3529 3530 
19728 2360 2465 3530 2359 
19729 2359 2465 3530 2464 
19730 2465 2360 3530 3531 
19731 2361 2466 3531 2360 
19732 2360 2466 3531 2465 
19733 2466 2361 3531 3532 
19734 2362 2467 3532 2361 
19735 2361 2467 3532 2466 
19736 2467 2362 3532 3533 
19737 2363 2468 3533 2362 
19738 2362 2468 3533 2467 
19739 2468 2363 3533 3534 
19740 2364 2469 3534 2363 
19741 2363 2469 3534 2468 
19742 2469 2364 3534 3535 
19743 2365 2470 3535 2364 
19744 2364 2470 3535 2469 
19745 2470 2365 3535 3536 
19746 2366 2471 3536 2365 
19747 2365 2471 3536 2470 
19748 2471 2366 3536 3537 
19749 2367 2472 3537 2366 
19750 2366 2472 3537 2471 
19751 2472 2367 3537 3538 
19752 2368 2473 3538 2367 
19753 2367 2473 3538 2472 
19754 2473 2368 3538 3539 
19755 2369 2474 3539 2368 
19756 2368 2474 3539 2473 
19757 2474 2369 3539 3540 
19758 2370 2475 3540 2369 
19759 2369 2475 3540 2474 
19760 2475 2370 3540 3541 
19761 2371 2476 3541 2370 
19762 2370 2476 3541 2475 
19763 2476 2371 3541 3542 
19764 2372 2477 3542 2371 
19765 2371 2477 3542 2476 
19766 2477 2372 3542 1079 
19767 1001 1008 1079 2372 
19768 2372 1008 1079 2477 
19769 252 229 313 3543 
19770 2283 2628 3543 229 
19771 229 2628 3543 252 
19772 2628 2283 3543 3544 
19773 2284 2629 3544 2283 
19774 2283 2629 3544 2628 
19775 2629 2284 3544 3545 
19776 2285 2630 3545 2284 
19777 2284 2630 3545 2629 
19778 2630 2285 3545 3546 
19779 2286 2631 3546 2285 
19780 2285 2631 3546 2630 
19781 2631 2286 3546 3547 
19782 2287 2632 3547 2286 
19783 2286 2632 3547 2631 
19784 2632 2287 3547 3548 
19785 2288 2633 3548 2287 
19786 2287 2633 3548 2632 
19787 2633 2288 3548 3549 
19788 2289 2634 3549 2288 
19789 2288 2634 3549 2633 
19790 2634 2289 3549 3550 
19791 2290 2635 3550 2289 
19792 2289 2635 3550 2634 
19793 2635 2290 3550 3551 
19794 2291 2636 3551 2290 
19795 2290 2636 3551 2635 
19796 2636 2291 3551 3552 
19797 2292 2637 3552 2291 
19798 2291 2637 3552 2636 
19799 2637 2292 3552 3553 
19800 2293 2638 3553 2292 
19801 2292 2638 3553 2637 
19802 2638 2293 3553 3554 
19803 2294 2639 3554 2293 
19804 2293 2639 3554 2638 
19805 2639 2294 3554 3555 
19806 2295 2640 3555 2294 
19807 2294 2640 3555 2639 
19808 2640 2295 3555 3556 
19809 2296 2641 3556 2295 
19810 2295 2641 3556 2640 
19811 2641 2296 3556 3557 
19812 2297 2642 3557 2296 
19813 2296 2642 3557 2641 
19814 2642 2297 3557 1080 
19815 996 1019 1080 2297 
19816 2297 1019 1080 2642 
19817 35 36 314 3558 
19818 721 706 3558 35 
19819 36 35 721 3558 
19820 706 721 3558 3559 
19821 722 707 3559 706 
19822 721 706 722 3559 
19823 707 722 3559 3560 
19824 723 708 3560 707 
19825 722 707 723 3560 
19826 708 723 3560 3561 
19827 724 709 3561 708 
19828 723 708 724 3561 
19829 709 724 3561 3562 
19830 725 710 3562 709 
19831 724 709 725 3562 
19832 710 725 3562 3563 
19833 726 711 3563 710 
19834 725 710 726 3563 
19835 711 726 3563 3564 
19836 727 712 3564 711 
19837 726 711 727 3564 
19838 712 727 3564 3565 
19839 728 713 3565 712 
19840 727 712 728 3565 
19841 713 728 3565 3566 
19842 729 714 3566 713 
19843 728 713 729 3566 
19844 714 729 3566 3567 
19845 730 715 3567 714 
19846 729 714 730 3567 
19847 715 730 3567 3568 
19848 731 716 3568 715 
19849 730 715 731 3568 
19850 716 731 3568 3569 
19851 732 717 3569 716 
19852 731 716 732 3569 
19853 717 732 3569 3570 
19854 733 718 3570 717 
19855 732 717 733 3570 
19856 718 733 3570 3571 
19857 734 719 3571 718 
19858 733 718 734 3571 
19859 719 734 3571 3572 
19860 735 720 3572 719 
19861 734 719 735 3572 
19862 720 735 3572 1081 
19863 116 117 1081 720 
19864 735 720 116 1081 
19865 231 233 315 3573 
19866 2343 2313 3573 231 
19867 233 231 2343 3573 
19868 2313 2343 3573 3574 
19869 2344 2314 3574 2313 
19870 2343 2313 2344 3574 
19871 2314 2344 3574 3575 
19872 2345 2315 3575 2314 
19873 2344 2314 2345 3575 
19874 2315 2345 3575 3576 
19875 2346 2316 3576 2315 
19876 2345 2315 2346 3576 
19877 2316 2346 3576 3577 
19878 2347 2317 3577 2316 
19879 2346 2316 2347 3577 
19880 2317 2347 3577 3578 
19881 2348 2318 3578 2317 
19882 2347 2317 2348 3578 
19883 2318 2348 3578 3579 
19884 2349 2319 3579 2318 
19885 2348 2318 2349 3579 
19886 2319 2349 3579 3580 
19887 2350 2320 3580 2319 
19888 2349 2319 2350 3580 
19889 2320 2350 3580 3581 
19890 2351 2321 3581 2320 
19891 2350 2320 2351 3581 
19892 2321 2351 3581 3582 
19893 2352 2322 3582 2321 
19894 2351 2321 2352 3582 
19895 2322 2352 3582 3583 
19896 2353 2323 3583 2322 
19897 2352 2322 2353 3583 
19898 2323 2353 3583 3584 
19899 2354 2324 3584 2323 
19900 2353 2323 2354 3584 
19901 2324 2354 3584 3585 
19902 2355 2325 3585 2324 
19903 2354 2324 2355 3585 
19904 2325 2355 3585 3586 
19905 2356 2326 3586 2325 
19906 2355 2325 2356 3586 
19907 2326 2356 3586 3587 
19908 2357 2327 3587 2326 
19909 2356 2326 2357 3587 
19910 2327 2357 3587 1082 
19911 1000 998 1082 2327 
19912 2357 2327 1000 1082 
19913 296 16 302 3378 
19914 421 3288 3378 16 
19915 16 3288 3378 296 
19916 3288 421 3378 3379 
19917 422 3289 3379 421 
19918 421 3289 3379 3288 
19919 3289 422 3379 3380 
19920 423 3290 3380 422 
19921 422 3290 3380 3289 
19922 3290 423 3380 3381 
19923 424 3291 3381 423 
19924 423 3291 3381 3290 
19925 3291 424 3381 3382 
19926 425 3292 3382 424 
19927 424 3292 3382 3291 
19928 3292 425 3382 3383 
19929 426 3293 3383 425 
19930 425 3293 3383 3292 
19931 3293 426 3383 3384 
19932 427 3294 3384 426 
19933 426 3294 3384 3293 
19934 3294 427 3384 3385 
19935 428 3295 3385 427 
19936 427 3295 3385 3294 
19937 3295 428 3385 3386 
19938 429 3296 3386 428 
19939 428 3296 3386 3295 
19940 3296 429 3386 3387 
19941 430 3297 3387 429 
19942 429 3297 3387 3296 
19943 3297 430 3387 3388 
19944 431 3298 3388 430 
19945 430 3298 3388 3297 
19946 3298 431 3388 3389 
19947 432 3299 3389 431 
19948 431 3299 3389 3298 
19949 3299 432 3389 3390 
19950 433 3300 3390 432 
19951 432 3300 3390 3299 
19952 3300 433 3390 3391 
19953 434 3301 3391 433 
19954 433 3301 3391 3300 
19955 3301 434 3391 3392 
19956 435 3302 3392 434 
19957 434 3302 3392 3301 
19958 3302 435 3392 1069 
19959 51 1063 1069 435 
19960 435 1063 1069 3302 
19961 233 296 302 3378 
19962 3288 2343 3378 233 
19963 296 233 3288 3378 
19964 2343 3288 3378 3379 
19965 3289 2344 3379 2343 
19966 3288 2343 3289 3379 
19967 2344 3289 3379 3380 
19968 3290 2345 3380 2344 
19969 3289 2344 3290 3380 
19970 2345 3290 3380 3381 
19971 3291 2346 3381 2345 
19972 3290 2345 3291 3381 
19973 2346 3291 3381 3382 
19974 3292 2347 3382 2346 
19975 3291 2346 3292 3382 
19976 2347 3292 3382 3383 
19977 3293 2348 3383 2347 
19978 3292 2347 3293 3383 
19979 2348 3293 3383 3384 
19980 3294 2349 3384 2348 
19981 3293 2348 3294 3384 
19982 2349 3294 3384 3385 
19983 3295 2350 3385 2349 
19984 3294 2349 3295 3385 
19985 2350 3295 3385 3386 
19986 3296 2351 3386 2350 
19987 3295 2350 3296 3386 
19988 2351 3296 3386 3387 
19989 3297 2352 3387 2351 
19990 3296 2351 3297 3387 
19991 2352 3297 3387 3388 
19992 3298 2353 3388 2352 
19993 3297 2352 3298 3388 
19994 2353 3298 3388 3389 
19995 3299 2354 3389 2353 
19996 3298 2353 3299 3389 
19997 2354 3299 3389 3390 
19998 3300 2355 3390 2354 
19999 3299 2354 3300 3390 
20000 2355 3300 3390 3391 
20001 3301 2356 3391 2355 
20002 3300 2355 3301 3391 
20003 2356 3301 3391 3392 
20004 3302 2357 3392 2356 
20005 3301 2356 3302 3392 
20006 2357 3302 3392 1069 
20007 1063 1000 1069 2357 
20008 3302 2357 1063 1069 
20009 26 292 309 3483 
20010 3228 571 3483 26 
20011 292 26 3228 3483 
20012 571 3228 3483 3484 
20013 3229 572 3484 571 
20014 3228 571 3229 3484 
20015 572 3229 3484 3485 
20016 3230 573 3485 572 
20017 3229 572 3230 3485 
20018 573 3230 3485 3486 
20019 3231 574 3486 573 
20020 3230 573 3231 3486 
20021 574 3231 3486 3487 
20022 3232 575 3487 574 
20023 3231 574 3232 3487 
20024 575 3232 3487 3488 
20025 3233 576 3488 575 
20026 3232 575 3233 3488 
20027 576 3233 3488 3489 
20028 3234 577 3489 576 
20029 3233 576 3234 3489 
20030 577 3234 3489 3490 
20031 3235 578 3490 577 
20032 3234 577 3235 3490 
20033 578 3235 3490 3491 
20034 3236 579 3491 578 
20035 3235 578 3236 3491 
20036 579 3236 3491 3492 
20037 3237 580 3492 579 
20038 3236 579 3237 3492 
20039 580 3237 3492 3493 
20040 3238 581 3493 580 
20041 3237 580 3238 3493 
20042 581 3238 3493 3494 
20043 3239 582 3494 581 
20044 3238 581 3239 3494 
20045 582 3239 3494 3495 
20046 3240 583 3495 582 
20047 3239 582 3240 3495 
20048 583 3240 3495 3496 
20049 3241 584 3496 583 
20050 3240 583 3241 3496 
20051 584 3241 3496 3497 
20052 3242 585 3497 584 
20053 3241 584 3242 3497 
20054 585 3242 3497 1076 
20055 1059 91 1076 585 
20056 3242 585 1059 1076 
20057 295 253 314 3558 
20058 2643 3273 3558 253 
20059 253 3273 3558 295 
20060 3273 2643 3558 3559 
20061 2644 3274 3559 2643 
20062 2643 3274 3559 3273 
20063 3274 2644 3559 3560 
20064 2645 3275 3560 2644 
20065 2644 3275 3560 3274 
20066 3275 2645 3560 3561 
20067 2646 3276 3561 2645 
20068 2645 3276 3561 3275 
20069 3276 2646 3561 3562 
20070 2647 3277 3562 2646 
20071 2646 3277 3562 3276 
20072 3277 2647 3562 3563 
20073 2648 3278 3563 2647 
20074 2647 3278 3563 3277 
20075 3278 2648 3563 3564 
20076 2649 3279 3564 2648 
20077 2648 3279 3564 3278 
20078 3279 2649 3564 3565 
20079 2650 3280 3565 2649 
20080 2649 3280 3565 3279 
20081 3280 2650 3565 3566 
20082 2651 3281 3566 2650 
20083 2650 3281 3566 3280 
20084 3281 2651 3566 3567 
20085 2652 3282 3567 2651 
20086 2651 3282 3567 3281 
20087 3282 2652 3567 3568 
20088 2653 3283 3568 2652 
20089 2652 3283 3568 3282 
20090 3283 2653 3568 3569 
20091 2654 3284 3569 2653 
20092 2653 3284 3569 3283 
20093 3284 2654 3569 3570 
20094 2655 3285 3570 2654 
20095 2654 3285 3570 3284 
20096 3285 2655 3570 3571 
20097 2656 3286 3571 2655 
20098 2655 3286 3571 3285 
20099 3286 2656 3571 3572 
20100 2657 3287 3572 2656 
20101 2656 3287 3572 3286 
20102 3287 2657 3572 1081 
20103 1020 1062 1081 2657 
20104 2657 1062 1081 3287 
20105 293 46 311 3513 
20106 871 3243 3513 46 
20107 46 3243 3513 293 
20108 3243 871 3513 3514 
20109 872 3244 3514 871 
20110 871 3244 3514 3243 
20111 3244 872 3514 3515 
20112 873 3245 3515 872 
20113 872 3245 3515 3244 
20114 3245 873 3515 3516 
20115 874 3246 3516 873 
20116 873 3246 3516 3245 
20117 3246 874 3516 3517 
20118 875 3247 3517 874 
20119 874 3247 3517 3246 
20120 3247 875 3517 3518 
20121 876 3248 3518 875 
20122 875 3248 3518 3247 
20123 3248 876 3518 3519 
20124 877 3249 3519 876 
20125 876 3249 3519 3248 
20126 3249 877 3519 3520 
20127 878 3250 3520 877 
20128 877 3250 3520 3249 
20129 3250 878 3520 3521 
20130 879 3251 3521 878 
20131 878 3251 3521 3250 
20132 3251 879 3521 3522 
20133 880 3252 3522 879 
20134 879 3252 3522 3251 
20135 3252 880 3522 3523 
20136 881 3253 3523 880 
20137 880 3253 3523 3252 
20138 3253 881 3523 3524 
20139 882 3254 3524 881 
20140 881 3254 3524 3253 
20141 3254 882 3524 3525 
20142 883 3255 3525 882 
20143 882 3255 3525 3254 
20144 3255 883 3525 3526 
20145 884 3256 3526 883 
20146 883 3256 3526 3255 
20147 3256 884 3526 3527 
20148 885 3257 3527 884 
20149 884 3257 3527 3256 
20150 3257 885 3527 1078 
20151 141 1060 1078 885 
20152 885 1060 1078 3257 
20153 289 154 308 3468 
20154 1158 3183 3468 154 
20155 154 3183 3468 289 
20156 3183 1158 3468 3469 
20157 1159 3184 3469 1158 
20158 1158 3184 3469 3183 
20159 3184 1159 3469 3470 
20160 1160 3185 3470 1159 
20161 1159 3185 3470 3184 
20162 3185 1160 3470 3471 
20163 1161 3186 3471 1160 
20164 1160 3186 3471 3185 
20165 3186 1161 3471 3472 
20166 1162 3187 3472 1161 
20167 1161 3187 3472 3186 
20168 3187 1162 3472 3473 
20169 1163 3188 3473 1162 
20170 1162 3188 3473 3187 
20171 3188 1163 3473 3474 
20172 1164 3189 3474 1163 
20173 1163 3189 3474 3188 
20174 3189 1164 3474 3475 
20175 1165 3190 3475 1164 
20176 1164 3190 3475 3189 
20177 3190 1165 3475 3476 
20178 1166 3191 3476 1165 
20179 1165 3191 3476 3190 
20180 3191 1166 3476 3477 
20181 1167 3192 3477 1166 
20182 1166 3192 3477 3191 
20183 3192 1167 3477 3478 
20184 1168 3193 3478 1167 
20185 1167 3193 3478 3192 
20186 3193 1168 3478 3479 
20187 1169 3194 3479 1168 
20188 1168 3194 3479 3193 
20189 3194 1169 3479 3480 
20190 1170 3195 3480 1169 
20191 1169 3195 3480 3194 
20192 3195 1170 3480 3481 
20193 1171 3196 3481 1170 
20194 1170 3196 3481 3195 
20195 3196 1171 3481 3482 
20196 1172 3197 3482 1171 
20197 1171 3197 3482 3196 
20198 3197 1172 3482 1075 
20199 921 1056 1075 1172 
20200 1172 1056 1075 3197 
20201 302 151 315 3573 
20202 1113 3378 3573 151 
20203 151 3378 3573 302 
20204 3378 1113 3573 3574 
20205 1114 3379 3574 1113 
20206 1113 3379 3574 3378 
20207 3379 1114 3574 3575 
20208 1115 3380 3575 1114 
20209 1114 3380 3575 3379 
20210 3380 1115 3575 3576 
20211 1116 3381 3576 1115 
20212 1115 3381 3576 3380 
20213 3381 1116 3576 3577 
20214 1117 3382 3577 1116 
20215 1116 3382 3577 3381 
20216 3382 1117 3577 3578 
20217 1118 3383 3578 1117 
20218 1117 3383 3578 3382 
20219 3383 1118 3578 3579 
20220 1119 3384 3579 1118 
20221 1118 3384 3579 3383 
20222 3384 1119 3579 3580 
20223 1120 3385 3580 1119 
20224 1119 3385 3580 3384 
20225 3385 1120 3580 3581 
20226 1121 3386 3581 1120 
20227 1120 3386 3581 3385 
20228 3386 1121 3581 3582 
20229 1122 3387 3582 1121 
20230 1121 3387 3582 3386 
20231 3387 1122 3582 3583 
20232 1123 3388 3583 1122 
20233 1122 3388 3583 3387 
20234 3388 1123 3583 3584 
20235 1124 3389 3584 1123 
20236 1123 3389 3584 3388 
20237 3389 1124 3584 3585 
20238 1125 3390 3585 1124 
20239 1124 3390 3585 3389 
20240 3390 1125 3585 3586 
20241 1126 3391 3586 1125 
20242 1125 3391 3586 3390 
20243 3391 1126 3586 3587 
20244 1127 3392 3587 1126 
20245 1126 3392 3587 3391 
20246 3392 1127 3587 1082 
20247 918 1069 1082 1127 
20248 1127 1069 1082 3392 
20249 233 302 315 3573 
20250 3378 2343 3573 233 
20251 302 233 3378 3573 
20252 2343 3378 3573 3574 
20253 3379 2344 3574 2343 
20254 3378 2343 3379 3574 
20255 2344 3379 3574 3575 
20256 3380 2345 3575 2344 
20257 3379 2344 3380 3575 
20258 2345 3380 3575 3576 
20259 3381 2346 3576 2345 
20260 3380 2345 3381 3576 
20261 2346 3381 3576 3577 
20262 3382 2347 3577 2346 
20263 3381 2346 3382 3577 
20264 2347 3382 3577 3578 
20265 3383 2348 3578 2347 
20266 3382 2347 3383 3578 
20267 2348 3383 3578 3579 
20268 3384 2349 3579 2348 
20269 3383 2348 3384 3579 
20270 2349 3384 3579 3580 
20271 3385 2350 3580 2349 
20272 3384 2349 3385 3580 
20273 2350 3385 3580 3581 
20274 3386 2351 3581 2350 
20275 3385 2350 3386 3581 
20276 2351 3386 3581 3582 
20277 3387 2352 3582 2351 
20278 3386 2351 3387 3582 
20279 2352 3387 3582 3583 
20280 3388 2353 3583 2352 
20281 3387 2352 3388 3583 
20282 2353 3388 3583 3584 
20283 3389 2354 3584 2353 
20284 3388 2353 3389 3584 
20285 2354 3389 3584 3585 
20286 3390 2355 3585 2354 
20287 3389 2354 3390 3585 
20288 2355 3390 3585 3586 
20289 3391 2356 3586 2355 
20290 3390 2355 3391 3586 
20291 2356 3391 3586 3587 
20292 3392 2357 3587 2356 
20293 3391 2356 3392 3587 
20294 2357 3392 3587 1082 
20295 1069 1000 1082 2357 
20296 3392 2357 1069 1082 
$EndElements
