MeshVersionFormatted 6

Dimension 3

Vertices
1810
0.1213530000000000 0.0881678000000000 0.0000000000000000 4
2.0000000000000000 0.0881678000000000 -0.8786470000000000 5
0.0881678000000000 0.1213530000000000 0.0000000000000000 4
0.0463525000000000 0.1426580000000000 0.0000000000000000 4
0.0000000000000000 0.1500000000000000 0.0000000000000000 4
-0.0463525000000000 0.1426580000000000 0.0000000000000000 4
-0.0881678000000000 0.1213530000000000 0.0000000000000000 4
-0.1213530000000000 0.0881678000000000 0.0000000000000000 4
-0.1426580000000000 0.0463525000000000 0.0000000000000000 4
-0.1500000000000000 0.0000000000000000 0.0000000000000000 4
-0.1426580000000000 -0.0463525000000000 0.0000000000000000 4
-0.1213530000000000 -0.0881678000000000 0.0000000000000000 4
-0.0881678000000000 -0.1213530000000000 0.0000000000000000 4
-0.0463525000000000 -0.1426580000000000 0.0000000000000000 4
0.0000000000000000 -0.1500000000000000 0.0000000000000000 4
0.0463525000000000 -0.1426580000000000 0.0000000000000000 4
0.0881678000000000 -0.1213530000000000 0.0000000000000000 4
0.1213530000000000 -0.0881678000000000 0.0000000000000000 4
0.1426580000000000 -0.0463525000000000 0.0000000000000000 4
0.1500000000000000 0.0000000000000000 0.0000000000000000 4
0.1426580000000000 0.0463525000000000 0.0000000000000000 4
2.0000000000000000 0.0463525000000000 -0.8573420000000000 5
2.0000000000000000 0.0000000000000000 -0.8500000000000000 5
2.0000000000000000 -0.0463525000000000 -0.8573420000000000 5
2.0000000000000000 -0.0881678000000000 -0.8786470000000000 5
2.0000000000000000 -0.1213530000000000 -0.9118320000000000 5
2.0000000000000000 -0.1426580000000000 -0.9536470000000000 5
2.0000000000000000 -0.1500000000000000 -1.0000000000000000 5
2.0000000000000000 -0.1426580000000000 -1.0463499999999999 5
2.0000000000000000 -0.1213530000000000 -1.0881700000000001 5
2.0000000000000000 -0.0881678000000000 -1.1213500000000001 5
2.0000000000000000 -0.0463525000000000 -1.1426600000000000 5
2.0000000000000000 0.0000000000000000 -1.1499999999999999 5
2.0000000000000000 0.0463525000000000 -1.1426600000000000 5
2.0000000000000000 0.0881678000000000 -1.1213500000000001 5
2.0000000000000000 0.1213530000000000 -1.0881700000000001 5
2.0000000000000000 0.1426580000000000 -1.0463499999999999 5
2.0000000000000000 0.1500000000000000 -1.0000000000000000 5
2.0000000000000000 0.1426580000000000 -0.9536470000000000 5
2.0000000000000000 0.1213530000000000 -0.9118320000000000 5
0.9608010000000000 0.0590095000000000 -0.8612030000000001 6
0.2208180000000000 0.1160960000000000 -0.4603610000000000 6
0.1387970000000000 0.0590095000000000 -0.0391990000000000 6
0.1351500000000000 0.0738445000000000 -0.0891777000000000 6
0.9013210000000000 0.0000000000000000 -0.8442530000000000 6
0.1163490000000000 0.0960414000000000 -0.0446443000000000 6
0.1042010000000000 0.1119620000000000 -0.0886729000000000 6
0.4679750000000000 0.1041580000000000 -0.7160450000000000 6
0.6173170000000000 0.1500000000000000 -0.9238800000000000 6
0.1938160000000000 0.1414040000000000 -0.5024670000000000 6
0.1422710000000000 0.1500000000000000 -0.5141030000000000 6
0.1704020000000000 0.1413560000000000 -0.4625080000000000 6
0.4858970000000000 0.1500000000000000 -0.8577290000000000 6
0.5286030000000000 0.1500000000000000 -0.8819210000000000 6
0.5374920000000000 0.1413590000000000 -0.8296100000000000 6
0.5365480000000000 0.1205980000000000 -0.7840750000000000 6
0.0960107000000000 0.1500000000000000 -0.4275550000000000 6
0.5840330000000000 0.1444340000000000 -0.8646670000000000 6
0.9522010000000000 0.1285320000000000 -0.9214340000000000 6
0.4106190000000000 0.0808191000000000 -0.6448780000000000 6
0.8738330000000000 0.1016700000000000 -0.8807220000000000 6
0.4924150000000000 0.0000000000000000 -0.6818050000000000 6
0.4762040000000000 0.0671763000000000 -0.6894860000000000 6
0.4790200000000000 0.0327803000000000 -0.6762080000000000 6
0.7184330000000000 0.1425240000000000 -0.9107030000000000 6
0.0785663000000000 0.1285320000000000 -0.0477990000000000 6
0.9505300000000000 0.1464940000000000 -0.9664930000000000 6
0.3372350000000000 0.0459402000000000 -0.5436440000000000 6
0.6180860000000000 0.1218850000000000 -0.8288100000000000 6
0.6410770000000000 0.1425090000000000 -0.8830330000000000 6
0.1629130000000000 0.0000000000000000 -0.1476010000000000 6
0.0573836000000000 0.1455880000000000 -0.2013760000000000 6
0.7986240000000000 0.1455880000000000 -0.9426160000000000 6
0.7570200000000000 0.1500000000000000 -0.9700310000000000 6
0.7097150000000000 0.1500000000000000 -0.9569400000000000 6
0.3873460000000000 0.0635726000000000 -0.6094170000000000 6
0.4228030000000000 0.0379154000000000 -0.6305930000000000 6
0.1479410000000000 0.0280984000000000 -0.0318916000000000 6
0.9681080000000000 0.0280984000000000 -0.8520590000000000 6
0.9108220000000000 0.0738445000000000 -0.8648500000000000 6
0.8635740000000000 0.0690262000000000 -0.8560230000000000 6
0.1439770000000000 0.0690262000000000 -0.1364260000000000 6
0.2375010000000000 0.1258760000000000 -0.5119480000000000 6
0.4978040000000000 0.1414420000000000 -0.8064789999999999 6
1.0000000000000000 0.1500000000000000 -1.0000000000000000 6
0.4466700000000000 0.0516371000000000 -0.6572640000000000 6
0.1542660000000000 0.0348824000000000 -0.1193420000000000 6
0.8806580000000001 0.0348824000000000 -0.8457340000000000 6
0.0048152700000000 0.1500000000000000 -0.0980171000000000 6
0.0012045400000000 0.1500000000000000 -0.0490677000000000 6
0.0335067000000000 0.1464940000000000 -0.0494698000000000 6
0.9509320000000000 0.1500000000000000 -0.9987950000000000 6
0.8301260000000000 0.0435972000000000 -0.8394600000000000 6
0.3637980000000000 0.1087710000000000 -0.6319310000000000 6
0.3495250000000000 0.0797139000000000 -0.5821480000000000 6
0.3113410000000000 0.1204760000000000 -0.5958270000000000 6
0.8340230000000000 0.0974922000000000 -0.8703180000000000 6
0.4444300000000000 0.1500000000000000 -0.8314700000000000 6
0.4043010000000000 0.1500000000000000 -0.8032080000000000 6
0.1685300000000000 0.1500000000000000 -0.5555700000000000 6
0.0481554000000000 0.1459750000000000 -0.1617080000000000 6
0.0891098000000000 0.1292750000000000 -0.1546270000000000 6
0.1169680000000000 0.1425090000000000 -0.3589230000000000 6
0.1059640000000000 0.1483680000000000 -0.3962930000000000 6
0.6037080000000000 0.1483680000000000 -0.8940380000000000 6
0.8039770000000001 0.0000000000000000 -0.8270880000000000 6
0.7792860000000000 0.0410207000000000 -0.8267640000000001 6
0.1605400000000000 0.0435972000000000 -0.1698740000000000 6
0.8382920000000000 0.1459750000000000 -0.9518450000000001 6
0.8049100000000000 0.1500000000000000 -0.9807850000000000 6
0.7948210000000000 0.1239390000000000 -0.8922190000000000 6
0.8453730000000000 0.1292750000000000 -0.9108910000000000 6
0.7562170000000000 0.0000000000000000 -0.8142910000000000 6
0.3106520000000000 0.1398250000000000 -0.6474100000000000 6
0.2590490000000000 0.1500000000000000 -0.6715590000000000 6
0.2552810000000000 0.1404430000000000 -0.5854910000000000 6
0.2752020000000000 0.1439710000000000 -0.6262910000000000 6
0.2269900000000000 0.1500000000000000 -0.6343930000000000 6
0.4258470000000000 0.1398090000000000 -0.7514070000000000 6
0.4521770000000000 0.1449260000000000 -0.7899480000000000 6
0.3815250000000000 0.1411150000000000 -0.7199710000000000 6
0.4212490000000000 0.1200470000000000 -0.7023260000000000 6
0.3968780000000000 0.0284808000000000 -0.6028180000000000 6
0.4833430000000000 0.1266420000000000 -0.7607600000000000 6
0.5769470000000000 0.1269380000000000 -0.8170539999999999 6
0.5908610000000000 0.0978045000000000 -0.7861820000000000 6
0.1353380000000000 0.1444330000000000 -0.4159670000000000 6
0.1829630000000000 0.1269280000000000 -0.4230550000000000 6
0.1604710000000000 0.1163630000000000 -0.3388810000000000 6
0.1713130000000000 0.1217900000000000 -0.3818660000000000 6
0.7889250000000000 0.0859269000000000 -0.8512720000000000 6
0.4372320000000000 0.0918476000000000 -0.6783600000000000 6
0.2386150000000000 0.0442260000000000 -0.3926490000000000 6
0.6837870000000000 0.1452300000000000 -0.9090450000000000 6
0.6935470000000000 0.1310870000000000 -0.8749730000000000 6
0.0909553000000000 0.1452300000000000 -0.3162130000000000 6
0.0892975000000000 0.1425240000000000 -0.2815670000000000 6
1.0000000000000000 0.1213530000000000 -0.9118320000000000 6
0.9553560000000000 0.0960414000000000 -0.8836510000000000 6
0.1865290000000000 0.0331368000000000 -0.2589950000000000 6
0.1732380000000000 0.0410149000000000 -0.2207140000000000 6
0.3146280000000000 0.0870258000000000 -0.5484920000000000 6
0.2867710000000000 0.1176590000000000 -0.5602510000000001 6
0.2804040000000000 0.1042560000000000 -0.5273720000000000 6
0.2566840000000000 0.1284300000000000 -0.5463470000000000 6
0.2196200000000000 0.1428820000000000 -0.5493400000000001 6
0.1250580000000000 0.1310690000000000 -0.3064440000000000 6
0.1857090000000000 0.0000000000000000 -0.2437830000000000 6
0.1921840000000000 0.0519940000000000 -0.2929660000000000 6
0.1684100000000000 0.0733662000000000 -0.2528030000000000 6
0.3689830000000000 0.0371093000000000 -0.5764250000000000 6
0.2651420000000000 0.0864014000000000 -0.4793590000000000 6
0.9019830000000000 0.1500000000000000 -0.9951850000000000 6
0.0585379000000000 0.1405720000000000 -0.1082120000000000 6
0.0108235000000000 0.1500000000000000 -0.1467300000000000 6
0.7424650000000000 0.1179530000000000 -0.8700170000000000 6
0.1487320000000000 0.0859199000000000 -0.2110750000000000 6
0.1300680000000000 0.1179030000000000 -0.2575970000000000 6
0.3959310000000000 0.1148970000000000 -0.6719670000000000 6
0.3472750000000000 0.1401980000000000 -0.6856560000000000 6
0.7538260000000000 0.1430570000000000 -0.9226160000000000 6
0.1077830000000000 0.1239380000000000 -0.2051790000000000 6
0.6610600000000000 0.1165020000000000 -0.8396900000000000 6
0.2898350000000000 0.0000000000000000 -0.4670830000000000 6
0.2178130000000000 0.0671562000000000 -0.3713750000000000 6
0.1954730000000000 0.0877365000000000 -0.3524330000000000 6
0.2154340000000000 0.0916670000000000 -0.4013600000000000 6
0.1946350000000000 0.0699620000000000 -0.3219040000000000 6
0.1692620000000000 0.0951223000000000 -0.3022620000000000 6
0.2156900000000000 0.0407721000000000 -0.3420390000000000 6
0.6945460000000000 0.1033090000000000 -0.8372690000000000 6
0.6488060000000000 0.0885480000000000 -0.8057120000000000 6
0.8917880000000000 0.1405720000000000 -0.9414620000000000 6
0.9113270000000000 0.1119620000000000 -0.8957990000000000 6
0.8807130000000000 0.1228930000000000 -0.9061750000000000 6
0.1192780000000000 0.1016700000000000 -0.1261670000000000 6
0.0938253000000000 0.1228930000000000 -0.1192870000000000 6
0.1296830000000000 0.0974915000000000 -0.1659770000000000 6
0.0773864000000000 0.1430570000000000 -0.2461730000000000 6
0.3024610000000000 0.0607885000000000 -0.5079210000000000 6
0.2519200000000000 0.0640429000000000 -0.4330040000000000 6
0.2850460000000000 0.0364372000000000 -0.4679740000000000 6
0.7343820000000000 0.0384993000000000 -0.8127200000000000 6
0.7394770000000001 0.0760721000000000 -0.8308330000000000 6
0.6937440000000000 0.0531173000000000 -0.8033210000000000 6
0.6633320000000000 0.0000000000000000 -0.7804840000000000 6
0.6590680000000000 0.0502815000000000 -0.7880950000000000 6
0.6228340000000000 0.0509057000000000 -0.7716600000000000 6
0.5653420000000000 0.0532658000000000 -0.7418129999999999 6
0.5191230000000000 0.0979995000000000 -0.7446690000000000 6
0.5545610000000000 0.0938854000000000 -0.7624300000000001 6
0.5750000000000000 0.0000000000000000 -0.7361220000000001 6
0.5976770000000000 0.0284725000000000 -0.7518510000000000 6
0.5085780000000000 0.0737278000000000 -0.7171530000000000 6
0.1492300000000000 0.0332754000000000 -0.0711142000000000 6
0.9288860000000000 0.0332754000000000 -0.8507700000000000 6
0.5103290000000000 0.0385989000000000 -0.7009530000000000 6
0.5329170000000000 0.0000000000000000 -0.7101650000000000 6
0.1436470000000000 0.0788685000000000 -0.7335700000000001 6
0.1779530000000000 0.0971910000000000 -0.7521970000000000 6
0.7914180000000000 0.0960085000000000 -1.0955699999999999 6
0.1617010000000000 0.0502665000000000 -0.7745200000000000 6
0.8379400000000000 0.0802916000000000 -1.1149899999999999 6
0.5002650000000000 0.0502030000000000 -1.0261300000000000 6
0.5243790000000000 0.0941005000000000 -1.0104700000000000 6
0.4839280000000000 0.0841052000000000 -0.9987500000000000 6
0.8945560000000000 0.1323150000000000 -1.0654500000000000 6
-0.0667396000000000 0.1338020000000000 -0.0476101000000000 6
-0.0980478000000000 0.1106300000000000 -0.0845242000000000 6
-0.0654544000000000 0.1323150000000000 -0.1054440000000000 6
-0.0391898000000000 0.1309170000000000 -0.2681050000000000 6
0.1659770000000000 0.1115450000000000 -0.7176620000000000 6
0.5962450000000000 0.0823493000000000 -1.0504500000000001 6
-0.0584402000000000 0.1272590000000000 -0.2117060000000000 6
0.7575210000000000 0.1114010000000000 -1.0733999999999999 6
-0.0252400000000000 0.1135820000000000 -0.3929800000000000 6
-0.0190930000000000 0.1068970000000000 -0.4277610000000000 6
0.6070200000000000 0.1135820000000000 -1.0252399999999999 6
-0.0734008000000000 0.1114010000000000 -0.2424790000000000 6
0.5509730000000000 0.0562399000000000 -1.0468200000000001 6
0.5722390000000001 0.1068970000000000 -1.0190900000000001 6
-0.0670724000000000 0.0000000000000000 -0.4287850000000000 6
0.5263139999999999 0.0000000000000000 -1.0479099999999999 6
-0.0261302000000000 0.0502030000000000 -0.4997350000000000 6
-0.1218810000000000 0.0499058000000000 -0.2104800000000000 6
0.8414110000000000 0.0377291000000000 -1.1341399999999999 6
0.7895200000000000 0.0499058000000000 -1.1218800000000000 6
-0.0066683100000000 0.0468624000000000 -0.5402840000000000 6
-0.1341430000000000 0.0377291000000000 -0.1585890000000000 6
-0.1406860000000000 0.0000000000000000 -0.1460700000000000 6
-0.1334580000000000 0.0000000000000000 -0.1943510000000000 6
-0.1149860000000000 0.0802916000000000 -0.1620600000000000 6
0.2042700000000000 0.0000000000000000 -0.8302500000000000 6
0.1697500000000000 0.0000000000000000 -0.7957300000000000 6
0.1947310000000000 0.0843880000000000 -0.7841820000000000 6
-0.1055130000000000 0.1058680000000000 -0.0407553000000000 6
-0.0359243000000000 0.1241310000000000 -0.3199620000000000 6
-0.0693829000000000 0.0927431000000000 -0.3257370000000000 6
0.6401460000000000 0.1078590000000000 -1.0439600000000000 6
0.6800380000000000 0.1241310000000000 -1.0359200000000000 6
0.7318950000000000 0.1309170000000000 -1.0391900000000001 6
0.0949501000000000 0.0856731000000000 -0.6650550000000000 6
0.1352160000000000 0.1041080000000000 -0.6926670000000000 6
0.1356010000000000 0.1259640000000000 -0.6498740000000000 6
-0.1276400000000000 0.0700650000000000 -0.1062110000000000 6
0.2978280000000000 0.1438580000000000 -0.7705350000000000 6
0.2928930000000000 0.1500000000000000 -0.7071070000000000 6
0.0761205000000000 0.1500000000000000 -0.3826830000000000 6
0.5724450000000000 0.1500000000000000 -0.9039890000000000 6
0.5832039999999999 0.1459270000000000 -0.9470590000000000 6
-0.0843091000000000 0.0000000000000000 -0.3831110000000000 6
-0.0864196000000000 0.0291971000000000 -0.3682420000000000 6
0.9592450000000000 0.1058680000000000 -1.1055100000000000 6
0.9301440000000000 0.0874179000000000 -1.1197200000000000 6
0.8937889999999999 0.0700650000000000 -1.1276400000000000 6
0.9526820000000000 0.0623672000000000 -1.1354299999999999 6
-0.1197170000000000 0.0874179000000000 -0.0698564000000000 6
0.0754033000000000 0.0000000000000000 -0.6838280000000000 6
0.0472139000000000 0.0000000000000000 -0.6439710000000000 6
0.0562162000000000 0.0573849000000000 -0.6369130000000000 6
0.0529405000000000 0.1459270000000000 -0.4167960000000000 6
0.2763860000000000 0.1153470000000000 -0.8230180000000000 6
0.6682439999999999 0.0438815000000000 -1.0942499999999999 6
0.6308040000000000 0.0673703000000000 -1.0722400000000001 6
0.6317580000000000 0.0291971000000000 -1.0864199999999999 6
-0.0996619000000000 0.0787905000000000 -0.2496320000000000 6
0.2423300000000000 0.0766232000000000 -0.8369420000000000 6
0.0113524000000000 0.1338930000000000 -0.4029780000000000 6
0.6543340000000000 0.1401270000000000 -0.9951980000000000 6
-0.0504515000000000 0.0823493000000000 -0.4037550000000000 6
-0.0468178000000000 0.0562399000000000 -0.4490270000000000 6
0.5981940000000000 0.0401827000000000 -1.0716699999999999 6
0.0132796000000000 0.0519019000000000 -0.5724140000000000 6
0.4279940000000000 0.0514966000000000 -0.9871290000000000 6
0.1282780000000000 0.0385604000000000 -0.7423149999999999 6
0.1367270000000000 0.0000000000000000 -0.7597760000000000 6
-0.1458570000000000 0.0000000000000000 -0.0975268000000000 6
-0.1489640000000000 0.0000000000000000 -0.0488074000000000 6
0.9232060000000000 0.0316904000000000 -1.1440399999999999 6
-0.1241890000000000 0.0000000000000000 -0.2422810000000000 6
1.0000000000000000 0.0000000000000000 -1.1499999999999999 6
0.0012500300000000 0.0841052000000000 -0.5160720000000000 6
0.2149550000000000 0.1145770000000000 -0.7659610000000000 6
-0.1468480000000000 0.0283144000000000 -0.0323341000000000 6
0.9676660000000000 0.0283144000000000 -1.1468499999999999 6
0.9511930000000000 0.0000000000000000 -1.1489600000000000 6
-0.0439617000000000 0.1078590000000000 -0.3598540000000000 6
-0.0716000000000000 0.1040920000000000 -0.2816830000000000 6
0.7079710000000000 0.0616132000000000 -1.0986100000000001 6
0.6742629999999999 0.0927431000000000 -1.0693800000000000 6
0.7183170000000000 0.1040920000000000 -1.0716000000000001 6
0.0888835000000000 0.1068450000000000 -0.6257110000000000 6
0.5454460000000000 0.1308640000000000 -0.9723050000000000 6
0.2303850000000000 0.0974552000000000 -0.8054510000000000 6
0.2487020000000000 0.1238650000000000 -0.7822480000000001 6
0.2014210000000000 0.1303880000000000 -0.7183880000000000 6
0.0209208000000000 0.0868299000000000 -0.5486270000000000 6
0.0261769000000000 0.1140840000000000 -0.5059000000000000 6
0.4942160000000000 0.1141050000000000 -0.9738550000000000 6
-0.0716681000000000 0.0401827000000000 -0.4018060000000000 6
-0.0722383000000000 0.0673703000000000 -0.3691960000000000 6
0.3970470000000000 0.0000000000000000 -0.9792590000000000 6
0.3648720000000000 0.0552370000000000 -0.9460340000000000 6
0.7422400000000000 0.0390108000000000 -1.1154400000000000 6
0.7503680000000000 0.0787905000000000 -1.0996600000000001 6
-0.0986112000000000 0.0616132000000000 -0.2920290000000000 6
0.2478380000000000 0.1387280000000000 -0.7426990000000000 6
0.0732477000000000 0.1466490000000000 -0.4529710000000000 6
0.1180790000000000 0.1500000000000000 -0.4713970000000000 6
0.2400630000000000 0.1459860000000000 -0.7018690000000000 6
0.2093970000000000 0.1441720000000000 -0.6778450000000000 6
-0.0098555000000000 0.1452360000000000 -0.2379200000000000 6
0.7620800000000000 0.1452360000000000 -1.0098600000000000 6
0.8142680000000000 0.1449350000000000 -1.0219100000000001 6
0.8532700000000000 0.1500000000000000 -0.9891770000000000 6
0.0192147000000000 0.1500000000000000 -0.1950900000000000 6
0.8685760000000000 0.1085940000000000 -1.0956200000000000 6
0.9154760000000000 0.1106300000000000 -1.0980500000000000 6
0.7882940000000001 0.1272590000000000 -1.0584400000000000 6
-0.0594207000000000 0.1318270000000000 -0.1608690000000000 6
-0.1354340000000000 0.0623672000000000 -0.0473181000000000 6
1.0000000000000000 0.0463525000000000 -1.1426600000000000 6
-0.0283393000000000 0.1455040000000000 -0.1294240000000000 6
-0.0219098000000000 0.1449350000000000 -0.1857320000000000 6
0.8391310000000000 0.1318270000000000 -1.0594200000000000 6
-0.0870506000000000 0.1107970000000000 -0.1754190000000000 6
-0.0956220000000000 0.1085940000000000 -0.1314240000000000 6
0.8245810000000000 0.1107970000000000 -1.0870500000000001 6
-0.0955703000000000 0.0960085000000000 -0.2085820000000000 6
0.2775470000000000 0.0000000000000000 -0.8947410000000000 6
0.2431880000000000 0.0384731000000000 -0.8591970000000000 6
0.0452168000000000 0.0856334000000000 -0.5914930000000000 6
0.0263367000000000 0.0343671000000000 -0.6044160000000000 6
0.0207415000000000 0.0000000000000000 -0.6029530000000000 6
0.4597130000000000 0.0468639000000000 -1.0066700000000000 6
0.4513670000000000 0.0868349000000000 -0.9790720000000001 6
-0.0942524000000000 0.0438815000000000 -0.3317560000000000 6
-0.1154440000000000 0.0390108000000000 -0.2577600000000000 6
-0.0104727000000000 0.0941001000000000 -0.4756210000000000 6
0.0276939000000000 0.1308640000000000 -0.4545550000000000 6
0.5470290000000000 0.1466490000000000 -0.9267510000000000 6
0.5109160000000000 0.1403290000000000 -0.9325120000000000 6
0.2029730000000000 0.0510651000000000 -0.8165300000000000 6
0.0777174000000000 0.0359724000000000 -0.6795930000000000 6
0.1093590000000000 0.0590447000000000 -0.7082039999999999 6
0.0995065000000000 0.1452740000000000 -0.5149980000000000 6
0.0675186000000000 0.1403160000000000 -0.4892180000000000 6
0.4814300000000000 0.1452670000000000 -0.8984710000000000 6
0.1661670000000000 0.1277830000000000 -0.6841130000000000 6
0.3697970000000000 0.0947292000000000 -0.9213990000000000 6
0.4418890000000000 0.1420320000000000 -0.8873080000000000 6
0.4047170000000000 0.0842516000000000 -0.9535439999999999 6
0.4518700000000000 0.1250600000000000 -0.9338430000000000 6
0.0624269000000000 0.1245950000000000 -0.5431190000000000 6
0.0873756000000000 0.1239570000000000 -0.5858210000000000 6
0.1245640000000000 0.1368510000000000 -0.6001780000000000 6
0.3321840000000000 0.0805202000000000 -0.9072770000000000 6
0.3600600000000000 0.1185640000000000 -0.8846960000000000 6
0.3194290000000000 0.1118290000000000 -0.8641529999999999 6
0.4015130000000000 0.1412770000000000 -0.8632310000000000 6
0.4005010000000000 0.1195260000000000 -0.9110819999999999 6
0.1135380000000000 0.1430020000000000 -0.5538960000000001 6
0.7156260000000000 0.1438540000000000 -1.0029600000000001 6
0.0430597000000000 0.1500000000000000 -0.2902850000000000 6
0.0299687000000000 0.1500000000000000 -0.2429800000000000 6
0.2945610000000000 0.0468064000000000 -0.8987130000000000 6
0.3305510000000000 0.0378579000000000 -0.9290810000000000 6
0.1823160000000000 0.1441650000000000 -0.6449570000000000 6
0.1602460000000000 0.1451450000000000 -0.6098830000000000 6
0.1967920000000000 0.1500000000000000 -0.5956990000000000 6
0.6631100000000000 0.1500000000000000 -0.9415440000000000 6
0.0584559000000000 0.1500000000000000 -0.3368900000000000 6
0.0048015200000000 0.1401270000000000 -0.3456660000000000 6
-0.0029633800000000 0.1438540000000000 -0.2843740000000000 6
0.3639540000000000 0.1398300000000000 -0.8408190000000000 6
0.3043160000000000 0.0813979000000000 -0.8853730000000000 6
0.2770990000000000 0.0808261000000000 -0.8637730000000000 6
0.3657440000000000 0.1474100000000000 -0.8087000000000000 6
0.3656070000000000 0.1500000000000000 -0.7730100000000000 6
0.3284410000000000 0.1500000000000000 -0.7409510000000000 6
0.3307180000000000 0.1396300000000000 -0.8152730000000000 6
0.9024730000000000 0.0000000000000000 -1.1458600000000001 6
0.8826920000000000 0.0284213000000000 -1.1412700000000000 6
0.9523900000000000 0.1338020000000000 -1.0667400000000000 6
-0.0295557000000000 0.1469400000000000 -0.0347823000000000 6
0.9652180000000000 0.1469400000000000 -1.0295600000000000 6
-0.0310551000000000 0.1461020000000000 -0.0776464000000000 6
0.8705760000000000 0.1455040000000000 -1.0283400000000000 6
0.9223540000000000 0.1461020000000000 -1.0310600000000001 6
0.0398583000000000 0.1466630000000000 -0.3768830000000000 6
0.5970220000000001 0.1338930000000000 -0.9886470000000001 6
0.6231170000000000 0.1466630000000000 -0.9601420000000001 6
-0.1412700000000000 0.0284213000000000 -0.1173080000000000 6
-0.1440400000000000 0.0316904000000000 -0.0767936000000000 6
0.3958970000000000 0.0328314000000000 -0.9742729999999999 6
0.1436470000000000 -0.0788685000000000 -0.7335700000000001 6
-0.0734008000000000 -0.1114010000000000 -0.2424790000000000 6
0.7575210000000000 -0.1114010000000000 -1.0733999999999999 6
-0.0190930000000000 -0.1068970000000000 -0.4277610000000000 6
0.1947310000000000 -0.0843880000000000 -0.7841820000000000 6
-0.0955703000000000 -0.0960085000000000 -0.2085820000000000 6
0.0012500300000000 -0.0841052000000000 -0.5160720000000000 6
0.4839280000000000 -0.0841052000000000 -0.9987500000000000 6
-0.0310551000000000 -0.1461020000000000 -0.0776464000000000 6
0.9509320000000000 -0.1500000000000000 -0.9987950000000000 6
-0.1055130000000000 -0.1058680000000000 -0.0407553000000000 6
-0.0439617000000000 -0.1078590000000000 -0.3598540000000000 6
0.6543340000000000 -0.1401270000000000 -0.9951980000000000 6
0.7914180000000000 -0.0960085000000000 -1.0955699999999999 6
0.1779530000000000 -0.0971910000000000 -0.7521970000000000 6
0.1659770000000000 -0.1115450000000000 -0.7176620000000000 6
0.6070200000000000 -0.1135820000000000 -1.0252399999999999 6
0.5722390000000001 -0.1068970000000000 -1.0190900000000001 6
-0.0252400000000000 -0.1135820000000000 -0.3929800000000000 6
0.0048015200000000 -0.1401270000000000 -0.3456660000000000 6
0.5962450000000000 -0.0823493000000000 -1.0504500000000001 6
-0.0504515000000000 -0.0823493000000000 -0.4037550000000000 6
0.7183170000000000 -0.1040920000000000 -1.0716000000000001 6
-0.0716000000000000 -0.1040920000000000 -0.2816830000000000 6
0.5712150000000000 0.0000000000000000 -1.0670700000000000 6
0.1617010000000000 -0.0502665000000000 -0.7745200000000000 6
0.4822660000000000 0.0000000000000000 -1.0268600000000001 6
0.5002650000000000 -0.0502030000000000 -1.0261300000000000 6
-0.0268647000000000 0.0000000000000000 -0.5177340000000000 6
-0.0261302000000000 -0.0502030000000000 -0.4997350000000000 6
-0.0479128000000000 0.0000000000000000 -0.4736860000000000 6
-0.0468178000000000 -0.0562399000000000 -0.4490270000000000 6
0.7577190000000000 0.0000000000000000 -1.1241900000000000 6
0.7503680000000000 -0.0787905000000000 -1.0996600000000001 6
0.8056489999999999 0.0000000000000000 -1.1334599999999999 6
0.8539300000000000 0.0000000000000000 -1.1406900000000000 6
-0.0066683100000000 -0.0468624000000000 -0.5402840000000000 6
0.4597130000000000 -0.0468639000000000 -1.0066700000000000 6
0.4513670000000000 -0.0868349000000000 -0.9790720000000001 6
0.0209208000000000 -0.0868299000000000 -0.5486270000000000 6
-0.0693829000000000 -0.0927431000000000 -0.3257370000000000 6
0.6800380000000000 -0.1241310000000000 -1.0359200000000000 6
0.6401460000000000 -0.1078590000000000 -1.0439600000000000 6
0.1356010000000000 -0.1259640000000000 -0.6498740000000000 6
0.1352160000000000 -0.1041080000000000 -0.6926670000000000 6
0.6173170000000000 -0.1500000000000000 -0.9238800000000000 6
0.6632540000000000 0.0000000000000000 -1.0995900000000001 6
0.9301440000000000 -0.0874179000000000 -1.1197200000000000 6
0.8937889999999999 -0.0700650000000000 -1.1276400000000000 6
0.9526820000000000 -0.0623672000000000 -1.1354299999999999 6
-0.1197170000000000 -0.0874179000000000 -0.0698564000000000 6
-0.1354340000000000 -0.0623672000000000 -0.0473181000000000 6
0.3560290000000000 0.0000000000000000 -0.9527860000000000 6
0.3305510000000000 -0.0378579000000000 -0.9290810000000000 6
0.2487020000000000 -0.1238650000000000 -0.7822480000000001 6
0.6682439999999999 -0.0438815000000000 -1.0942499999999999 6
0.0398583000000000 -0.1466630000000000 -0.3768830000000000 6
0.6231170000000000 -0.1466630000000000 -0.9601420000000001 6
0.6631100000000000 -0.1500000000000000 -0.9415440000000000 6
-0.0716681000000000 -0.0401827000000000 -0.4018060000000000 6
0.5509730000000000 -0.0562399000000000 -1.0468200000000001 6
0.4047170000000000 -0.0842516000000000 -0.9535439999999999 6
0.0960107000000000 -0.1500000000000000 -0.4275550000000000 6
-0.1154440000000000 -0.0390108000000000 -0.2577600000000000 6
-0.1218810000000000 -0.0499058000000000 -0.2104800000000000 6
0.7895200000000000 -0.0499058000000000 -1.1218800000000000 6
-0.1468480000000000 -0.0283144000000000 -0.0323341000000000 6
1.0000000000000000 -0.0463525000000000 -1.1426600000000000 6
0.9676660000000000 -0.0283144000000000 -1.1468499999999999 6
-0.0722383000000000 -0.0673703000000000 -0.3691960000000000 6
-0.0986112000000000 -0.0616132000000000 -0.2920290000000000 6
0.6742629999999999 -0.0927431000000000 -1.0693800000000000 6
0.7079710000000000 -0.0616132000000000 -1.0986100000000001 6
0.2978280000000000 -0.1438580000000000 -0.7705350000000000 6
0.5454460000000000 -0.1308640000000000 -0.9723050000000000 6
0.2149550000000000 -0.1145770000000000 -0.7659610000000000 6
0.2303850000000000 -0.0974552000000000 -0.8054510000000000 6
0.2478380000000000 -0.1387280000000000 -0.7426990000000000 6
0.0624269000000000 -0.1245950000000000 -0.5431190000000000 6
0.6168890000000000 0.0000000000000000 -1.0843100000000001 6
0.6317580000000000 -0.0291971000000000 -1.0864199999999999 6
0.5981940000000000 -0.0401827000000000 -1.0716699999999999 6
0.6308040000000000 -0.0673703000000000 -1.0722400000000001 6
-0.0864196000000000 -0.0291971000000000 -0.3682420000000000 6
0.3648720000000000 -0.0552370000000000 -0.9460340000000000 6
0.0263367000000000 -0.0343671000000000 -0.6044160000000000 6
0.1052590000000000 0.0000000000000000 -0.7224530000000000 6
0.1093590000000000 -0.0590447000000000 -0.7082039999999999 6
0.7422400000000000 -0.0390108000000000 -1.1154400000000000 6
-0.0996619000000000 -0.0787905000000000 -0.2496320000000000 6
0.2590490000000000 -0.1500000000000000 -0.6715590000000000 6
0.5470290000000000 -0.1466490000000000 -0.9267510000000000 6
0.5109160000000000 -0.1403290000000000 -0.9325120000000000 6
0.2093970000000000 -0.1441720000000000 -0.6778450000000000 6
0.2400630000000000 -0.1459860000000000 -0.7018690000000000 6
0.2014210000000000 -0.1303880000000000 -0.7183880000000000 6
-0.0584402000000000 -0.1272590000000000 -0.2117060000000000 6
-0.0219098000000000 -0.1449350000000000 -0.1857320000000000 6
-0.0098555000000000 -0.1452360000000000 -0.2379200000000000 6
0.7318950000000000 -0.1309170000000000 -1.0391900000000001 6
0.8142680000000000 -0.1449350000000000 -1.0219100000000001 6
0.8049100000000000 -0.1500000000000000 -0.9807850000000000 6
0.8945560000000000 -0.1323150000000000 -1.0654500000000000 6
0.9592450000000000 -0.1058680000000000 -1.1055100000000000 6
0.8685760000000000 -0.1085940000000000 -1.0956200000000000 6
0.9154760000000000 -0.1106300000000000 -1.0980500000000000 6
-0.0980478000000000 -0.1106300000000000 -0.0845242000000000 6
-0.0956220000000000 -0.1085940000000000 -0.1314240000000000 6
0.5243790000000000 -0.0941005000000000 -1.0104700000000000 6
0.0276939000000000 -0.1308640000000000 -0.4545550000000000 6
0.8532700000000000 -0.1500000000000000 -0.9891770000000000 6
-0.1149860000000000 -0.0802916000000000 -0.1620600000000000 6
0.8379400000000000 -0.0802916000000000 -1.1149899999999999 6
0.8245810000000000 -0.1107970000000000 -1.0870500000000001 6
0.7882940000000001 -0.1272590000000000 -1.0584400000000000 6
0.8391310000000000 -0.1318270000000000 -1.0594200000000000 6
-0.0870506000000000 -0.1107970000000000 -0.1754190000000000 6
-0.0594207000000000 -0.1318270000000000 -0.1608690000000000 6
0.0562162000000000 -0.0573849000000000 -0.6369130000000000 6
-0.0283393000000000 -0.1455040000000000 -0.1294240000000000 6
-0.0039662300000000 0.0000000000000000 -0.5608490000000000 6
0.0132796000000000 -0.0519019000000000 -0.5724140000000000 6
0.4391510000000000 0.0000000000000000 -1.0039700000000000 6
0.0949501000000000 -0.0856731000000000 -0.6650550000000000 6
0.0777174000000000 -0.0359724000000000 -0.6795930000000000 6
0.7102250000000000 0.0000000000000000 -1.1128899999999999 6
-0.1128930000000000 0.0000000000000000 -0.2897750000000000 6
-0.0995917000000000 0.0000000000000000 -0.3367460000000000 6
-0.0942524000000000 -0.0438815000000000 -0.3317560000000000 6
-0.0104727000000000 -0.0941001000000000 -0.4756210000000000 6
0.0261769000000000 -0.1140840000000000 -0.5059000000000000 6
0.0732477000000000 -0.1466490000000000 -0.4529710000000000 6
0.4942160000000000 -0.1141050000000000 -0.9738550000000000 6
0.2029730000000000 -0.0510651000000000 -0.8165300000000000 6
0.2423300000000000 -0.0766232000000000 -0.8369420000000000 6
0.2431880000000000 -0.0384731000000000 -0.8591970000000000 6
0.2402240000000000 0.0000000000000000 -0.8632730000000000 6
0.1282780000000000 -0.0385604000000000 -0.7423149999999999 6
0.0873756000000000 -0.1239570000000000 -0.5858210000000000 6
0.0452168000000000 -0.0856334000000000 -0.5914930000000000 6
0.0888835000000000 -0.1068450000000000 -0.6257110000000000 6
0.4814300000000000 -0.1452670000000000 -0.8984710000000000 6
0.4858970000000000 -0.1500000000000000 -0.8577290000000000 6
0.1661670000000000 -0.1277830000000000 -0.6841130000000000 6
0.3697970000000000 -0.0947292000000000 -0.9213990000000000 6
0.1245640000000000 -0.1368510000000000 -0.6001780000000000 6
0.1135380000000000 -0.1430020000000000 -0.5538960000000001 6
0.4518700000000000 -0.1250600000000000 -0.9338430000000000 6
0.0995065000000000 -0.1452740000000000 -0.5149980000000000 6
0.0675186000000000 -0.1403160000000000 -0.4892180000000000 6
0.3321840000000000 -0.0805202000000000 -0.9072770000000000 6
0.2945610000000000 -0.0468064000000000 -0.8987130000000000 6
0.4418890000000000 -0.1420320000000000 -0.8873080000000000 6
0.4005010000000000 -0.1195260000000000 -0.9110819999999999 6
0.3600600000000000 -0.1185640000000000 -0.8846960000000000 6
0.7570200000000000 -0.1500000000000000 -0.9700310000000000 6
0.7620800000000000 -0.1452360000000000 -1.0098600000000000 6
-0.0359243000000000 -0.1241310000000000 -0.3199620000000000 6
-0.0391898000000000 -0.1309170000000000 -0.2681050000000000 6
-0.0029633800000000 -0.1438540000000000 -0.2843740000000000 6
0.3161720000000000 0.0000000000000000 -0.9245970000000000 6
0.1967920000000000 -0.1500000000000000 -0.5956990000000000 6
0.1823160000000000 -0.1441650000000000 -0.6449570000000000 6
0.1602460000000000 -0.1451450000000000 -0.6098830000000000 6
0.7156260000000000 -0.1438540000000000 -1.0029600000000001 6
0.0584559000000000 -0.1500000000000000 -0.3368900000000000 6
0.3639540000000000 -0.1398300000000000 -0.8408190000000000 6
0.4444300000000000 -0.1500000000000000 -0.8314700000000000 6
0.4015130000000000 -0.1412770000000000 -0.8632310000000000 6
0.3307180000000000 -0.1396300000000000 -0.8152730000000000 6
0.2763860000000000 -0.1153470000000000 -0.8230180000000000 6
0.3194290000000000 -0.1118290000000000 -0.8641529999999999 6
0.2770990000000000 -0.0808261000000000 -0.8637730000000000 6
0.3043160000000000 -0.0813979000000000 -0.8853730000000000 6
0.3657440000000000 -0.1474100000000000 -0.8087000000000000 6
0.4043010000000000 -0.1500000000000000 -0.8032080000000000 6
0.3656070000000000 -0.1500000000000000 -0.7730100000000000 6
-0.1341430000000000 -0.0377291000000000 -0.1585890000000000 6
0.8414110000000000 -0.0377291000000000 -1.1341399999999999 6
1.0000000000000000 -0.1426580000000000 -1.0463499999999999 6
0.9523900000000000 -0.1338020000000000 -1.0667400000000000 6
0.0012045400000000 -0.1500000000000000 -0.0490677000000000 6
-0.0667396000000000 -0.1338020000000000 -0.0476101000000000 6
0.9652180000000000 -0.1469400000000000 -1.0295600000000000 6
-0.0295557000000000 -0.1469400000000000 -0.0347823000000000 6
0.0048152700000000 -0.1500000000000000 -0.0980171000000000 6
-0.0654544000000000 -0.1323150000000000 -0.1054440000000000 6
0.9223540000000000 -0.1461020000000000 -1.0310600000000001 6
0.8705760000000000 -0.1455040000000000 -1.0283400000000000 6
0.9019830000000000 -0.1500000000000000 -0.9951850000000000 6
0.0529405000000000 -0.1459270000000000 -0.4167960000000000 6
0.0113524000000000 -0.1338930000000000 -0.4029780000000000 6
0.5970220000000001 -0.1338930000000000 -0.9886470000000001 6
0.5832039999999999 -0.1459270000000000 -0.9470590000000000 6
0.9232060000000000 -0.0316904000000000 -1.1440399999999999 6
0.8826920000000000 -0.0284213000000000 -1.1412700000000000 6
-0.1412700000000000 -0.0284213000000000 -0.1173080000000000 6
-0.1440400000000000 -0.0316904000000000 -0.0767936000000000 6
-0.1276400000000000 -0.0700650000000000 -0.1062110000000000 6
0.3958970000000000 -0.0328314000000000 -0.9742729999999999 6
0.4279940000000000 -0.0514966000000000 -0.9871290000000000 6
0.1829630000000000 -0.1269280000000000 -0.4230550000000000 6
0.9288860000000000 -0.0332754000000000 -0.8507700000000000 6
0.9108220000000000 -0.0738445000000000 -0.8648500000000000 6
0.1042010000000000 -0.1119620000000000 -0.0886729000000000 6
0.9522010000000000 -0.1285320000000000 -0.9214340000000000 6
0.9113270000000000 -0.1119620000000000 -0.8957990000000000 6
0.4679750000000000 -0.1041580000000000 -0.7160450000000000 6
0.0761205000000000 -0.1500000000000000 -0.3826830000000000 6
0.1422710000000000 -0.1500000000000000 -0.5141030000000000 6
0.1704020000000000 -0.1413560000000000 -0.4625080000000000 6
0.1180790000000000 -0.1500000000000000 -0.4713970000000000 6
0.5286030000000000 -0.1500000000000000 -0.8819210000000000 6
0.5374920000000000 -0.1413590000000000 -0.8296100000000000 6
0.0785663000000000 -0.1285320000000000 -0.0477990000000000 6
0.0585379000000000 -0.1405720000000000 -0.1082120000000000 6
0.9608010000000000 -0.0590095000000000 -0.8612030000000001 6
0.4106190000000000 -0.0808191000000000 -0.6448780000000000 6
0.1557470000000000 0.0000000000000000 -0.0986790000000000 6
0.3024610000000000 -0.0607885000000000 -0.5079210000000000 6
0.0430597000000000 -0.1500000000000000 -0.2902850000000000 6
0.7097150000000000 -0.1500000000000000 -0.9569400000000000 6
0.3488620000000000 0.0000000000000000 -0.5463690000000000 6
0.3181950000000000 0.0000000000000000 -0.5075850000000000 6
0.1604710000000000 -0.1163630000000000 -0.3388810000000000 6
0.6180860000000000 -0.1218850000000000 -0.8288100000000000 6
0.8523990000000000 0.0000000000000000 -0.8370870000000000 6
0.3959310000000000 -0.1148970000000000 -0.6719670000000000 6
0.0299687000000000 -0.1500000000000000 -0.2429800000000000 6
0.0773864000000000 -0.1430570000000000 -0.2461730000000000 6
0.7184330000000000 -0.1425240000000000 -0.9107030000000000 6
0.2195160000000000 0.0000000000000000 -0.3366680000000000 6
0.6410770000000000 -0.1425090000000000 -0.8830330000000000 6
0.3873460000000000 -0.0635726000000000 -0.6094170000000000 6
0.3637980000000000 -0.1087710000000000 -0.6319310000000000 6
0.3817320000000000 0.0000000000000000 -0.5833050000000000 6
0.2154340000000000 -0.0916670000000000 -0.4013600000000000 6
0.1514380000000000 0.0000000000000000 -0.0494231000000000 6
0.1479410000000000 -0.0280984000000000 -0.0318916000000000 6
0.9505770000000000 0.0000000000000000 -0.8485620000000000 6
0.9681080000000000 -0.0280984000000000 -0.8520590000000000 6
0.4228030000000000 -0.0379154000000000 -0.6305930000000000 6
0.8635740000000000 -0.0690262000000000 -0.8560230000000000 6
0.8738330000000000 -0.1016700000000000 -0.8807220000000000 6
0.1439770000000000 -0.0690262000000000 -0.1364260000000000 6
1.0000000000000000 -0.1426580000000000 -0.9536470000000000 6
0.9505300000000000 -0.1464940000000000 -0.9664930000000000 6
0.1938160000000000 -0.1414040000000000 -0.5024670000000000 6
0.4521770000000000 -0.1449260000000000 -0.7899480000000000 6
0.4978040000000000 -0.1414420000000000 -0.8064789999999999 6
0.1542660000000000 -0.0348824000000000 -0.1193420000000000 6
0.0335067000000000 -0.1464940000000000 -0.0494698000000000 6
0.4536310000000000 0.0000000000000000 -0.6511380000000000 6
0.4166950000000000 0.0000000000000000 -0.6182680000000000 6
0.4466700000000000 -0.0516371000000000 -0.6572640000000000 6
0.1729120000000000 0.0000000000000000 -0.1960230000000000 6
0.8301260000000000 -0.0435972000000000 -0.8394600000000000 6
0.2752020000000000 -0.1439710000000000 -0.6262910000000000 6
0.1296830000000000 -0.0974915000000000 -0.1659770000000000 6
0.2196200000000000 -0.1428820000000000 -0.5493400000000001 6
0.1685300000000000 -0.1500000000000000 -0.5555700000000000 6
0.7889250000000000 -0.0859269000000000 -0.8512720000000000 6
0.1605400000000000 -0.0435972000000000 -0.1698740000000000 6
0.1077830000000000 -0.1239380000000000 -0.2051790000000000 6
0.8453730000000000 -0.1292750000000000 -0.9108910000000000 6
0.8917880000000000 -0.1405720000000000 -0.9414620000000000 6
0.1169680000000000 -0.1425090000000000 -0.3589230000000000 6
0.1059640000000000 -0.1483680000000000 -0.3962930000000000 6
0.1353380000000000 -0.1444330000000000 -0.4159670000000000 6
0.5840330000000000 -0.1444340000000000 -0.8646670000000000 6
0.6037080000000000 -0.1483680000000000 -0.8940380000000000 6
0.5724450000000000 -0.1500000000000000 -0.9039890000000000 6
0.7986240000000000 -0.1455880000000000 -0.9426160000000000 6
0.0108235000000000 -0.1500000000000000 -0.1467300000000000 6
0.0192147000000000 -0.1500000000000000 -0.1950900000000000 6
0.7948210000000000 -0.1239390000000000 -0.8922190000000000 6
0.0481554000000000 -0.1459750000000000 -0.1617080000000000 6
0.3106520000000000 -0.1398250000000000 -0.6474100000000000 6
0.2269900000000000 -0.1500000000000000 -0.6343930000000000 6
0.3495250000000000 -0.0797139000000000 -0.5821480000000000 6
0.3815250000000000 -0.1411150000000000 -0.7199710000000000 6
0.4212490000000000 -0.1200470000000000 -0.7023260000000000 6
0.3968780000000000 -0.0284808000000000 -0.6028180000000000 6
0.3689830000000000 -0.0371093000000000 -0.5764250000000000 6
0.5191230000000000 -0.0979995000000000 -0.7446690000000000 6
0.4833430000000000 -0.1266420000000000 -0.7607600000000000 6
0.5769470000000000 -0.1269380000000000 -0.8170539999999999 6
0.1713130000000000 -0.1217900000000000 -0.3818660000000000 6
0.1732380000000000 -0.0410149000000000 -0.2207140000000000 6
0.1487320000000000 -0.0859199000000000 -0.2110750000000000 6
0.7394770000000001 -0.0760721000000000 -0.8308330000000000 6
0.7792860000000000 -0.0410207000000000 -0.8267640000000001 6
0.4372320000000000 -0.0918476000000000 -0.6783600000000000 6
0.4762040000000000 -0.0671763000000000 -0.6894860000000000 6
0.6228340000000000 -0.0509057000000000 -0.7716600000000000 6
0.6935470000000000 -0.1310870000000000 -0.8749730000000000 6
0.6837870000000000 -0.1452300000000000 -0.9090450000000000 6
0.0909553000000000 -0.1452300000000000 -0.3162130000000000 6
0.1163490000000000 -0.0960414000000000 -0.0446443000000000 6
0.9553560000000000 -0.0960414000000000 -0.8836510000000000 6
1.0000000000000000 -0.0881678000000000 -0.8786470000000000 6
0.2404120000000000 0.0000000000000000 -0.3814790000000000 6
0.2638780000000000 0.0000000000000000 -0.4250000000000000 6
0.3113410000000000 -0.1204760000000000 -0.5958270000000000 6
0.3146280000000000 -0.0870258000000000 -0.5484920000000000 6
0.2804040000000000 -0.1042560000000000 -0.5273720000000000 6
0.2208180000000000 -0.1160960000000000 -0.4603610000000000 6
0.2566840000000000 -0.1284300000000000 -0.5463470000000000 6
0.2867710000000000 -0.1176590000000000 -0.5602510000000001 6
0.2552810000000000 -0.1404430000000000 -0.5854910000000000 6
0.6610600000000000 -0.1165020000000000 -0.8396900000000000 6
0.1921840000000000 -0.0519940000000000 -0.2929660000000000 6
0.2012610000000000 0.0000000000000000 -0.2907170000000000 6
0.1865290000000000 -0.0331368000000000 -0.2589950000000000 6
0.3372350000000000 -0.0459402000000000 -0.5436440000000000 6
0.2375010000000000 -0.1258760000000000 -0.5119480000000000 6
0.8382920000000000 -0.1459750000000000 -0.9518450000000001 6
0.7424650000000000 -0.1179530000000000 -0.8700170000000000 6
0.6945460000000000 -0.1033090000000000 -0.8372690000000000 6
0.0892975000000000 -0.1425240000000000 -0.2815670000000000 6
0.1684100000000000 -0.0733662000000000 -0.2528030000000000 6
0.1300680000000000 -0.1179030000000000 -0.2575970000000000 6
0.1250580000000000 -0.1310690000000000 -0.3064440000000000 6
0.2928930000000000 -0.1500000000000000 -0.7071070000000000 6
0.3284410000000000 -0.1500000000000000 -0.7409510000000000 6
0.3472750000000000 -0.1401980000000000 -0.6856560000000000 6
0.7538260000000000 -0.1430570000000000 -0.9226160000000000 6
0.0573836000000000 -0.1455880000000000 -0.2013760000000000 6
0.1692620000000000 -0.0951223000000000 -0.3022620000000000 6
0.2386150000000000 -0.0442260000000000 -0.3926490000000000 6
0.2519200000000000 -0.0640429000000000 -0.4330040000000000 6
0.2178130000000000 -0.0671562000000000 -0.3713750000000000 6
0.2156900000000000 -0.0407721000000000 -0.3420390000000000 6
0.1946350000000000 -0.0699620000000000 -0.3219040000000000 6
0.1954730000000000 -0.0877365000000000 -0.3524330000000000 6
0.6488060000000000 -0.0885480000000000 -0.8057120000000000 6
0.8807130000000000 -0.1228930000000000 -0.9061750000000000 6
0.0938253000000000 -0.1228930000000000 -0.1192870000000000 6
0.1192780000000000 -0.1016700000000000 -0.1261670000000000 6
0.0891098000000000 -0.1292750000000000 -0.1546270000000000 6
0.8340230000000000 -0.0974922000000000 -0.8703180000000000 6
0.2651420000000000 -0.0864014000000000 -0.4793590000000000 6
0.6185210000000000 0.0000000000000000 -0.7595880000000000 6
0.4258470000000000 -0.1398090000000000 -0.7514070000000000 6
0.2850460000000000 -0.0364372000000000 -0.4679740000000000 6
0.7092830000000000 0.0000000000000000 -0.7987390000000000 6
0.7343820000000000 -0.0384993000000000 -0.8127200000000000 6
0.6590680000000000 -0.0502815000000000 -0.7880950000000000 6
0.6937440000000000 -0.0531173000000000 -0.8033210000000000 6
0.5976770000000000 -0.0284725000000000 -0.7518510000000000 6
0.5365480000000000 -0.1205980000000000 -0.7840750000000000 6
0.5545610000000000 -0.0938854000000000 -0.7624300000000001 6
0.5908610000000000 -0.0978045000000000 -0.7861820000000000 6
0.5085780000000000 -0.0737278000000000 -0.7171530000000000 6
0.1492300000000000 -0.0332754000000000 -0.0711142000000000 6
0.1387970000000000 -0.0590095000000000 -0.0391990000000000 6
0.1351500000000000 -0.0738445000000000 -0.0891777000000000 6
0.8806580000000001 -0.0348824000000000 -0.8457340000000000 6
0.4790200000000000 -0.0327803000000000 -0.6762080000000000 6
0.5103290000000000 -0.0385989000000000 -0.7009530000000000 6
0.5653420000000000 -0.0532658000000000 -0.7418129999999999 6
1.0649000000000000 0.0305551000000000 -0.8531450000000000 6
1.1000000000000001 0.0000000000000000 -0.8500000000000000 6
1.0463400000000000 0.0669889000000000 -0.8657890000000000 6
1.1039300000000001 0.0561400000000000 -0.8609019999999999 6
1.1800500000000000 0.1083440000000000 -0.8962620000000000 6
1.2005999999999999 0.1385680000000000 -0.9425650000000000 6
1.8500000000000001 0.0000000000000000 -0.8500000000000000 6
1.8999999999999999 0.0000000000000000 -0.8500000000000000 6
1.8889199999999999 0.1430090000000000 -0.9547400000000000 6
1.8000000000000000 0.1500000000000000 -1.0000000000000000 6
1.0000000000000000 0.0881678000000000 -0.8786470000000000 6
1.9676100000000001 0.0704078000000000 -0.8675510000000000 6
1.7000000000000000 0.0000000000000000 -0.8500000000000000 6
1.7523200000000001 0.0519787000000000 -0.8592940000000000 6
1.2709999999999999 0.1113940000000000 -0.8995440000000000 6
1.2353499999999999 0.1464860000000000 -0.9677240000000000 6
1.5000000000000000 0.0000000000000000 -0.8500000000000000 6
1.4751500000000000 0.0459441000000000 -0.8572090000000000 6
1.8131999999999999 0.0533513000000000 -0.8598090000000000 6
1.7500000000000000 0.0000000000000000 -0.8500000000000000 6
1.7788800000000000 0.0267622000000000 -0.8524070000000000 6
1.3713400000000000 0.1454070000000000 -0.9631660000000000 6
1.3999999999999999 0.0000000000000000 -0.8500000000000000 6
1.3500000000000001 0.0000000000000000 -0.8500000000000000 6
1.0667000000000000 0.1225840000000000 -0.9135520000000000 6
1.0392200000000000 0.1065570000000000 -0.8944280000000000 6
1.0342800000000001 0.1470640000000000 -0.9704670000000000 6
1.7799600000000000 0.0900364000000000 -0.8800270000000000 6
1.8949100000000001 0.0916793000000000 -0.8812780000000000 6
1.1521100000000000 0.0331691000000000 -0.8537130000000001 6
1.1548700000000001 0.0739349000000000 -0.8694870000000000 6
1.1290899999999999 0.1033970000000000 -0.8913310000000000 6
1.0818000000000001 0.1008130000000000 -0.8889290000000000 6
1.0950000000000000 0.1299190000000000 -0.9250270000000000 6
1.8189100000000000 0.1398210000000000 -0.9456840000000000 6
1.8192500000000000 0.1073550000000000 -0.8952390000000000 6
1.1460100000000000 0.1327740000000000 -0.9302070000000000 6
1.0457000000000001 0.1343610000000000 -0.9333140000000000 6
1.0000000000000000 0.1426580000000000 -0.9536470000000000 6
1.9727699999999999 0.1020900000000000 -0.8901019999999999 6
1.5121599999999999 0.1183040000000000 -0.9077820000000000 6
1.4056500000000001 0.0960176000000000 -0.8847580000000000 6
1.3936100000000000 0.0527629000000000 -0.8595860000000000 6
1.7659199999999999 0.1213200000000000 -0.9117880000000000 6
1.6220200000000000 0.0393039000000000 -0.8552410000000000 6
1.6499999999999999 0.0000000000000000 -0.8500000000000000 6
1.9638199999999999 0.1249540000000000 -0.9170160000000001 6
1.4303500000000000 0.0337641000000000 -0.8538490000000000 6
1.6000000000000001 0.0000000000000000 -0.8500000000000000 6
1.5700300000000000 0.0519144000000000 -0.8592700000000000 6
1.2239300000000000 0.1112200000000000 -0.8993520000000000 6
1.2036700000000000 0.0737609000000000 -0.8693890000000000 6
1.9383200000000000 0.0987549000000000 -0.8870950000000000 6
1.9174199999999999 0.1232620000000000 -0.9145210000000000 6
1.3671899999999999 0.0817956000000000 -0.8742640000000000 6
1.3593299999999999 0.1097210000000000 -0.8977190000000000 6
1.8507800000000001 0.0883749000000000 -0.8787980000000000 6
1.8700200000000000 0.0507325000000000 -0.8588400000000000 6
1.9420400000000000 0.1441100000000000 -0.9583780000000000 6
1.4500000000000000 0.1500000000000000 -1.0000000000000000 6
1.3999999999999999 0.1500000000000000 -1.0000000000000000 6
1.8558200000000000 0.1423240000000000 -0.9526310000000000 6
1.8500000000000001 0.1500000000000000 -1.0000000000000000 6
1.8638999999999999 0.1233030000000000 -0.9145810000000000 6
1.9500000000000000 0.1500000000000000 -1.0000000000000000 6
1.9741000000000000 0.1482030000000000 -0.9768510000000000 6
1.3893000000000000 0.1300770000000000 -0.9253010000000000 6
1.5654900000000000 0.1046160000000000 -0.8925030000000000 6
1.5498400000000001 0.1268810000000000 -0.9199920000000000 6
1.5000000000000000 0.1500000000000000 -1.0000000000000000 6
1.5274000000000001 0.1418320000000000 -0.9511780000000000 6
1.2504599999999999 0.1339630000000000 -0.9325180000000000 6
1.2961100000000001 0.1325900000000000 -0.9298590000000000 6
1.3146899999999999 0.1105870000000000 -0.8986570000000000 6
1.3422200000000000 0.1317370000000000 -0.9282680000000000 6
1.3351900000000001 0.0879313000000000 -0.8784760000000000 6
1.2925400000000000 0.0748994000000000 -0.8700380000000000 6
1.6499999999999999 0.1500000000000000 -1.0000000000000000 6
1.7000000000000000 0.1500000000000000 -1.0000000000000000 6
1.6781999999999999 0.1432330000000000 -0.9554530000000000 6
1.4654900000000000 0.0953492000000000 -0.8842050000000000 6
1.9279800000000000 0.0497585000000000 -0.8584940000000000 6
1.4222900000000001 0.1434280000000000 -0.9560850000000000 6
1.6156600000000001 0.1094520000000000 -0.8974320000000000 6
1.5782099999999999 0.1379450000000000 -0.9410830000000000 6
1.6333800000000001 0.1390240000000000 -0.9436780000000000 6
1.6663399999999999 0.1131480000000000 -0.9015240000000000 6
1.4741899999999999 0.1403450000000000 -0.9470540000000000 6
1.4718700000000000 0.1205840000000000 -0.9107840000000000 6
1.4375400000000000 0.1235110000000000 -0.9148820000000000 6
1.6828399999999999 0.0847411000000000 -0.8762300000000000 6
1.6972799999999999 0.0601031000000000 -0.8625680000000000 6
1.9691200000000000 0.0339303000000000 -0.8538880000000000 6
1.7500000000000000 0.1500000000000000 -1.0000000000000000 6
1.7208900000000000 0.0946462000000000 -0.8836290000000000 6
1.7590500000000000 0.1439680000000000 -0.9578920000000000 6
1.5989000000000000 0.0839687000000000 -0.8757050000000000 6
1.5220199999999999 0.0783995000000000 -0.8721190000000000 6
1.5253500000000000 0.0359495000000000 -0.8543720000000000 6
1.7206800000000000 0.1464160000000000 -0.9674050000000000 6
1.7161500000000001 0.1309730000000000 -0.9268840000000000 6
1.0000000000000000 0.0463525000000000 -0.8573420000000000 6
1.0000000000000000 0.0000000000000000 -0.8500000000000000 6
1.0322499999999999 0.0292783000000000 -0.8528850000000000 6
1.2479100000000001 0.0611730000000000 -0.8630409999999999 6
1.2704100000000000 0.0346940000000000 -0.8540670000000000 6
1.2478800000000001 0.0879055000000000 -0.8784570000000000 6
1.7144400000000000 0.0288268000000000 -0.8527960000000000 6
1.6709900000000000 0.0301152000000000 -0.8530540000000000 6
1.2206800000000000 0.0344529000000000 -0.8540100000000000 6
1.4340500000000000 0.0660890000000000 -0.8653440000000000 6
1.3422000000000001 0.0560297000000000 -0.8608570000000000 6
1.6421900000000000 0.0640324000000000 -0.8643540000000000 6
1.3225700000000000 0.1455370000000000 -0.9636800000000000 6
1.3000000000000000 0.1500000000000000 -1.0000000000000000 6
1.2757499999999999 0.1459090000000000 -0.9652090000000000 6
1.3110299999999999 0.0338765000000000 -0.8538750000000001 6
1.0734300000000001 0.1458410000000000 -0.9649240000000000 6
1.1211500000000001 0.1455480000000000 -0.9637250000000001 6
1.1000000000000001 0.1500000000000000 -1.0000000000000000 6
1.1624500000000000 0.1463140000000000 -0.9669510000000000 6
1.0000000000000000 0.1426580000000000 -1.0463499999999999 6
1.0000000000000000 0.1213530000000000 -1.0881700000000001 6
1.9542600000000001 0.1342850000000000 -1.0668400000000000 6
1.0464199999999999 0.1345540000000000 -1.0663000000000000 6
1.0517099999999999 0.1015750000000000 -1.1103700000000001 6
1.1002000000000001 0.1385470000000000 -1.0574900000000000 6
1.2739499999999999 0.1014580000000000 -1.1104799999999999 6
1.2234799999999999 0.1061010000000000 -1.1060300000000001 6
1.2489600000000001 0.0749150000000000 -1.1299500000000000 6
1.5140700000000000 0.0404643000000000 -1.1444399999999999 6
1.8724000000000001 0.1106070000000000 -1.1013200000000001 6
1.1499999999999999 0.0000000000000000 -1.1499999999999999 6
1.7672399999999999 0.0326353000000000 -1.1464099999999999 6
1.4500000000000000 0.0000000000000000 -1.1499999999999999 6
1.7557100000000001 0.1345290000000000 -1.0663499999999999 6
1.3500000000000001 0.0000000000000000 -1.1499999999999999 6
1.3000000000000000 0.0000000000000000 -1.1499999999999999 6
1.2884599999999999 0.0599124000000000 -1.1375200000000001 6
1.4680800000000001 0.0262584000000000 -1.1476800000000000 6
1.6499999999999999 0.0000000000000000 -1.1499999999999999 6
1.9613700000000001 0.1065220000000000 -1.1056100000000000 6
1.9054000000000000 0.0722325000000000 -1.1314599999999999 6
1.9608399999999999 0.0724747000000000 -1.1313299999999999 6
1.7171300000000000 0.1446620000000000 -1.0396600000000000 6
1.7249099999999999 0.0375748000000000 -1.1452199999999999 6
1.7500000000000000 0.0000000000000000 -1.1499999999999999 6
1.2496900000000000 0.0342802000000000 -1.1460300000000001 6
1.1975700000000000 0.0649605000000000 -1.1352000000000000 6
1.2489600000000001 0.1299530000000000 -1.0749100000000000 6
1.1982800000000000 0.1361610000000000 -1.0629299999999999 6
1.0426599999999999 0.0543615000000000 -1.1397999999999999 6
1.8426400000000001 0.0819607000000000 -1.1256299999999999 6
1.9342299999999999 0.0886493000000000 -1.1210000000000000 6
1.9194500000000001 0.1113140000000000 -1.1005400000000001 6
1.7891500000000000 0.1010220000000000 -1.1108800000000001 6
1.8046899999999999 0.0532820000000000 -1.1402200000000000 6
1.0877600000000001 0.0721120000000000 -1.1315299999999999 6
1.8500000000000001 0.0000000000000000 -1.1499999999999999 6
1.2901700000000000 0.1314890000000000 -1.0721900000000000 6
1.1660100000000000 0.1073230000000000 -1.1047899999999999 6
1.0767400000000000 0.1201790000000000 -1.0897600000000001 6
1.1068899999999999 0.1102850000000000 -1.1016699999999999 6
1.0000000000000000 0.0881678000000000 -1.1213500000000001 6
1.6000000000000001 0.1500000000000000 -1.0000000000000000 6
1.5500000000000000 0.1500000000000000 -1.0000000000000000 6
1.3723600000000000 0.1216250000000000 -1.0877900000000000 6
1.3890400000000001 0.1351540000000000 -1.0650599999999999 6
1.8294299999999999 0.1135910000000000 -1.0979600000000000 6
1.8576200000000000 0.0356167000000000 -1.1457100000000000 6
1.7010700000000001 0.1294730000000000 -1.0757399999999999 6
1.1000000000000001 0.0000000000000000 -1.1499999999999999 6
1.1499999999999999 0.1500000000000000 -1.0000000000000000 6
1.1448300000000000 0.1299300000000000 -1.0749500000000001 6
1.2000000000000000 0.1500000000000000 -1.0000000000000000 6
1.1488799999999999 0.1462220000000000 -1.0334500000000000 6
1.7555900000000000 0.0691243000000000 -1.1331199999999999 6
1.7324299999999999 0.1060480000000000 -1.1060800000000000 6
1.6659999999999999 0.1433840000000000 -1.0440600000000000 6
1.3322799999999999 0.1039380000000000 -1.1081500000000000 6
1.5796699999999999 0.1164530000000000 -1.0945400000000001 6
1.0841300000000000 0.0372562000000000 -1.1453000000000000 6
1.9452600000000000 0.0330556000000000 -1.1463099999999999 6
1.9020699999999999 0.0358139000000000 -1.1456599999999999 6
1.5675600000000001 0.0363396000000000 -1.1455299999999999 6
1.1392700000000000 0.0738174000000000 -1.1305799999999999 6
1.6775400000000000 0.1057710000000000 -1.1063600000000000 6
1.7035800000000001 0.0752331000000000 -1.1297699999999999 6
1.3815000000000000 0.1030120000000000 -1.1090300000000000 6
1.1197200000000000 0.0380535000000000 -1.1450899999999999 6
1.1576599999999999 0.0382558000000000 -1.1450400000000001 6
1.5768500000000001 0.1420710000000000 -1.0481199999999999 6
1.4969800000000000 0.0889085000000000 -1.1208100000000001 6
1.4534499999999999 0.0609173000000000 -1.1370700000000000 6
1.3500000000000001 0.1500000000000000 -1.0000000000000000 6
1.3423600000000000 0.1389500000000000 -1.0565100000000001 6
1.5309200000000001 0.1241970000000000 -1.0841099999999999 6
1.4703100000000000 0.1250260000000000 -1.0828800000000001 6
1.5553800000000000 0.0815542000000000 -1.1258900000000001 6
1.3737500000000000 0.0797402000000000 -1.1270500000000001 6
1.3441500000000000 0.0484264000000000 -1.1419699999999999 6
1.6199200000000000 0.1328140000000000 -1.0697200000000000 6
1.6576400000000000 0.1256100000000000 -1.0819900000000000 6
1.6579200000000001 0.0792788000000000 -1.1273400000000000 6
1.6135699999999999 0.0582298000000000 -1.1382399999999999 6
1.5930700000000000 0.0919881000000000 -1.1184799999999999 6
1.6236400000000000 0.1053130000000000 -1.1068100000000001 6
1.8004899999999999 0.1456400000000000 -1.0359000000000000 6
1.8047599999999999 0.1278310000000000 -1.0784800000000001 6
1.8467700000000000 0.1380030000000000 -1.0587800000000001 6
1.8999999999999999 0.1500000000000000 -1.0000000000000000 6
1.8986200000000000 0.1345550000000000 -1.0663000000000000 6
1.0324300000000000 0.1471210000000000 -1.0292500000000000 6
1.0500000000000000 0.0000000000000000 -1.1499999999999999 6
1.0231600000000001 0.0255626000000000 -1.1478100000000000 6
1.2966100000000000 0.1471570000000000 -1.0290699999999999 6
1.2471399999999999 0.1440830000000000 -1.0417200000000000 6
1.2500000000000000 0.1500000000000000 -1.0000000000000000 6
1.0657500000000000 0.1467290000000000 -1.0311600000000001 6
1.0500000000000000 0.1500000000000000 -1.0000000000000000 6
1.9254100000000001 0.1465140000000000 -1.0321499999999999 6
1.9659300000000000 0.1470570000000000 -1.0295700000000001 6
1.8841600000000001 0.1465370000000000 -1.0320400000000001 6
1.6214200000000001 0.1463250000000000 -1.0329999999999999 6
1.4258299999999999 0.1419790000000000 -1.0483899999999999 6
1.3829800000000001 0.1458950000000000 -1.0348500000000000 6
1.4166500000000000 0.1173760000000000 -1.0933999999999999 6
1.4228900000000000 0.0281030000000000 -1.1473400000000000 6
1.3824600000000000 0.0266983000000000 -1.1476000000000000 6
1.3952400000000000 0.0552913000000000 -1.1394400000000000 6
1.6730700000000001 0.0436865000000000 -1.1435000000000000 6
1.4541200000000001 0.0939258000000000 -1.1169500000000001 6
1.4124500000000000 0.0865136000000000 -1.1225400000000001 6
1.5319199999999999 0.1450310000000000 -1.0382899999999999 6
1.4695900000000000 0.1450920000000000 -1.0380499999999999 6
1.5018199999999999 0.1399230000000000 -1.0540499999999999 6
1.9540800000000000 -0.0670083000000000 -1.1342000000000001 6
1.0657500000000000 -0.0311566000000000 -1.1467300000000000 6
1.9500000000000000 0.0000000000000000 -1.1499999999999999 6
1.9235500000000001 -0.0330384000000000 -1.1463200000000000 6
1.9185700000000001 -0.1007700000000000 -1.1111100000000000 6
1.0767400000000000 -0.0897615000000000 -1.1201800000000000 6
1.0464199999999999 -0.0662964000000000 -1.1345499999999999 6
1.2489600000000001 -0.0749150000000000 -1.1299500000000000 6
1.2234799999999999 -0.1060310000000000 -1.1061000000000001 6
1.2489600000000001 -0.1299530000000000 -1.0749100000000000 6
1.4941100000000000 -0.0569729000000000 -1.1387600000000000 6
1.4810200000000000 -0.1054860000000000 -1.1066400000000001 6
1.0000000000000000 -0.0881678000000000 -1.1213500000000001 6
1.9613799999999999 -0.1056080000000000 -1.1065199999999999 6
1.5000000000000000 0.0000000000000000 -1.1499999999999999 6
1.5104599999999999 -0.1317590000000000 -1.0716900000000000 6
1.7000000000000000 0.0000000000000000 -1.1499999999999999 6
1.9330099999999999 -0.1213180000000000 -1.0882200000000000 6
1.8972300000000000 -0.1346250000000000 -1.0661499999999999 6
1.6000000000000001 -0.1500000000000000 -1.0000000000000000 6
1.6000000000000001 0.0000000000000000 -1.1499999999999999 6
1.7500000000000000 -0.1500000000000000 -1.0000000000000000 6
1.5207800000000000 -0.1469260000000000 -1.0302100000000001 6
1.5637099999999999 -0.1430420000000000 -1.0451600000000001 6
1.9354199999999999 -0.1467170000000000 -1.0312100000000000 6
1.9680599999999999 -0.1472550000000000 -1.0285700000000000 6
1.2500000000000000 0.0000000000000000 -1.1499999999999999 6
1.1982800000000000 -0.0629290000000000 -1.1361600000000001 6
1.2000000000000000 0.0000000000000000 -1.1499999999999999 6
1.2500000000000000 -0.1500000000000000 -1.0000000000000000 6
1.2508800000000000 -0.1442510000000000 -1.0411300000000001 6
1.0841300000000000 -0.1453000000000000 -1.0372600000000001 6
1.8631300000000000 -0.0997244000000000 -1.1120500000000000 6
1.2480000000000000 -0.0350775000000000 -1.1458400000000000 6
1.8482099999999999 -0.1455600000000000 -1.0362199999999999 6
1.9548600000000000 -0.1360780000000000 -1.0631100000000000 6
1.1068899999999999 -0.1016720000000000 -1.1102900000000000 6
1.0517099999999999 -0.1103750000000000 -1.1015699999999999 6
1.0000000000000000 -0.1213530000000000 -1.0881700000000001 6
1.1197200000000000 -0.1450930000000000 -1.0380499999999999 6
1.1448300000000000 -0.0749541000000000 -1.1299300000000001 6
1.1488799999999999 -0.0334531000000000 -1.1462200000000000 6
1.1002000000000001 -0.0574860000000000 -1.1385500000000000 6
1.2739400000000001 -0.1104820000000000 -1.1014600000000001 6
1.2963000000000000 -0.0669709000000000 -1.1342200000000000 6
1.1975700000000000 -0.1352040000000000 -1.0649599999999999 6
1.1660100000000000 -0.1047940000000000 -1.1073200000000001 6
1.5960700000000001 -0.1225070000000000 -1.0865600000000000 6
1.8970499999999999 -0.0669975000000000 -1.1342099999999999 6
1.8476999999999999 -0.0602746000000000 -1.1373599999999999 6
1.8999999999999999 0.0000000000000000 -1.1499999999999999 6
1.1392700000000000 -0.1305790000000000 -1.0738200000000000 6
1.0877600000000001 -0.1315290000000000 -1.0721099999999999 6
1.4254199999999999 -0.1039830000000000 -1.1081099999999999 6
1.1576599999999999 -0.1450400000000000 -1.0382600000000000 6
1.8315100000000000 -0.0812828000000000 -1.1260699999999999 6
1.6174700000000000 -0.0891522000000000 -1.1206300000000000 6
1.8023100000000001 -0.1359450000000000 -1.0633999999999999 6
1.8000000000000000 0.0000000000000000 -1.1499999999999999 6
1.7616499999999999 -0.0865217000000000 -1.1225300000000000 6
1.6625700000000001 -0.1216790000000000 -1.0877200000000000 6
1.8397300000000001 -0.1262580000000000 -1.0809899999999999 6
1.8051400000000000 -0.1029210000000000 -1.1091200000000001 6
1.5664499999999999 -0.0922694000000000 -1.1182600000000000 6
1.6326799999999999 -0.0427413000000000 -1.1437800000000000 6
1.6620699999999999 -0.0839140000000000 -1.1243300000000001 6
1.3337800000000000 -0.0402612000000000 -1.1445000000000001 6
1.3739500000000000 -0.1152280000000000 -1.0960300000000001 6
1.4097800000000000 -0.1368910000000000 -1.0613300000000001 6
1.3384300000000000 -0.1354950000000000 -1.0643499999999999 6
1.3719500000000000 -0.0445404000000000 -1.1432300000000000 6
1.6221900000000000 -0.1427980000000000 -1.0459200000000000 6
1.6681200000000000 -0.1453790000000000 -1.0369500000000000 6
1.5500000000000000 0.0000000000000000 -1.1499999999999999 6
1.5220700000000000 -0.0983345000000000 -1.1132700000000000 6
1.5388299999999999 -0.0511572000000000 -1.1410100000000001 6
1.5850400000000000 -0.0466164000000000 -1.1425700000000001 6
1.4553600000000000 -0.1328310000000000 -1.0696800000000000 6
1.7326800000000000 -0.0481743000000000 -1.1420500000000000 6
1.7076899999999999 -0.0927536000000000 -1.1178800000000000 6
1.6796500000000001 -0.0442422000000000 -1.1433300000000000 6
1.4523400000000000 -0.0663613000000000 -1.1345200000000000 6
1.5512600000000001 -0.1218960000000000 -1.0874100000000000 6
1.4360700000000000 -0.0314695000000000 -1.1466600000000000 6
1.3999999999999999 0.0000000000000000 -1.1499999999999999 6
1.7143200000000001 -0.1411940000000000 -1.0506400000000000 6
1.7518199999999999 -0.1221450000000000 -1.0870700000000000 6
1.7091000000000001 -0.1218110000000000 -1.0875300000000001 6
1.3867200000000000 -0.0826317000000000 -1.1251899999999999 6
1.4122699999999999 -0.0576664000000000 -1.1384700000000001 6
1.4500000000000000 -0.1500000000000000 -1.0000000000000000 6
1.7636900000000000 -0.1441580000000000 -1.0414500000000000 6
1.7952500000000000 -0.0512926000000000 -1.1409600000000000 6
1.3741900000000000 -0.1392150000000000 -1.0558500000000000 6
1.4286700000000001 -0.1468640000000000 -1.0305100000000000 6
1.0426599999999999 -0.1398030000000000 -1.0543600000000000 6
1.0231600000000001 -0.1478060000000000 -1.0255600000000000 6
1.9655300000000000 -0.0297808000000000 -1.1470100000000001 6
1.3500000000000001 -0.1500000000000000 -1.0000000000000000 6
1.3000000000000000 -0.1500000000000000 -1.0000000000000000 6
1.2912699999999999 -0.1321730000000000 -1.0709200000000001 6
1.2967599999999999 -0.1469420000000000 -1.0301300000000000 6
1.0324300000000000 -0.0292472000000000 -1.1471199999999999 6
1.8752899999999999 -0.0320776000000000 -1.1465300000000000 6
1.4775400000000001 -0.1459980000000000 -1.0344199999999999 6
1.4651600000000000 -0.0310093000000000 -1.1467600000000000 6
1.3489400000000000 -0.0795680000000000 -1.1271599999999999 6
1.8334200000000000 -0.0289885000000000 -1.1471700000000000 6
1.3204700000000000 -0.1098690000000000 -1.1021200000000000 6
1.0469500000000000 -0.1341190000000000 -0.9328290000000000 6
1.0393200000000000 -0.1055190000000000 -0.8933900000000000 6
1.0875300000000001 -0.1151080000000000 -0.9038220000000000 6
1.8654999999999999 -0.1418480000000000 -0.9512240000000000 6
1.8999999999999999 -0.1500000000000000 -1.0000000000000000 6
1.0000000000000000 -0.1213530000000000 -0.9118320000000000 6
1.1169300000000000 -0.1470350000000000 -0.9703210000000000 6
1.1499999999999999 -0.1500000000000000 -1.0000000000000000 6
1.1000000000000001 -0.1500000000000000 -1.0000000000000000 6
1.1539500000000000 -0.1410380000000000 -0.9489280000000000 6
1.2000000000000000 -0.1500000000000000 -1.0000000000000000 6
1.1802800000000000 -0.1472600000000000 -0.9714620000000000 6
1.0785000000000000 -0.0913064000000000 -0.8809910000000000 6
1.5288200000000001 -0.0283790000000000 -0.8527090000000001 6
1.3999999999999999 -0.1500000000000000 -1.0000000000000000 6
1.7516600000000000 -0.0483518000000000 -0.8580070000000000 6
1.8000000000000000 0.0000000000000000 -0.8500000000000000 6
1.7889400000000000 -0.0323916000000000 -0.8535390000000000 6
1.5000000000000000 -0.1500000000000000 -1.0000000000000000 6
1.0486700000000000 -0.0676605000000000 -0.8661270000000000 6
1.0750800000000000 -0.0337288000000000 -0.8538410000000000 6
1.9500000000000000 0.0000000000000000 -0.8500000000000000 6
1.0000000000000000 -0.0463525000000000 -0.8573420000000000 6
1.2000000000000000 0.0000000000000000 -0.8500000000000000 6
1.1649099999999999 -0.0329745000000000 -0.8536690000000000 6
1.2083500000000000 -0.0533422000000000 -0.8598050000000000 6
1.1424600000000000 -0.1171330000000000 -0.9062990000000000 6
1.1055900000000001 -0.1357110000000000 -0.9361050000000000 6
1.5191300000000001 -0.0853436000000000 -0.8766450000000000 6
1.2562000000000000 -0.0609235000000000 -0.8629289999999999 6
1.9708500000000000 -0.1064050000000000 -0.8942740000000000 6
1.6499999999999999 -0.1500000000000000 -1.0000000000000000 6
1.6765000000000001 -0.1468520000000000 -0.9694330000000000 6
1.7000000000000000 -0.1500000000000000 -1.0000000000000000 6
1.2338300000000000 -0.0832572000000000 -0.8752270000000000 6
1.2248200000000000 -0.1263390000000000 -0.9191390000000000 6
1.6485300000000001 -0.1418350000000000 -0.9511860000000000 6
1.6148700000000000 -0.1452780000000000 -0.9626600000000000 6
1.1861800000000000 -0.1274990000000000 -0.9209810000000000 6
1.5500000000000000 -0.1500000000000000 -1.0000000000000000 6
1.5731400000000000 -0.1447600000000000 -0.9606980000000001 6
1.5226999999999999 -0.1442530000000000 -0.9588760000000000 6
1.6612499999999999 -0.1235390000000000 -0.9149220000000000 6
1.1123600000000000 -0.0943762000000000 -0.8834100000000000 6
1.1485399999999999 -0.0740595000000000 -0.8695580000000001 6
1.5429800000000000 -0.0604842000000000 -0.8627350000000000 6
1.5940900000000000 -0.0589522000000000 -0.8620700000000000 6
1.5642700000000000 -0.0983536000000000 -0.8867460000000000 6
1.8000000000000000 -0.1500000000000000 -1.0000000000000000 6
1.8508400000000000 -0.1209160000000000 -0.9112350000000000 6
1.8017500000000000 -0.1096890000000000 -0.8976850000000000 6
1.8500000000000001 -0.1500000000000000 -1.0000000000000000 6
1.7115600000000000 -0.1159770000000000 -0.9048710000000000 6
1.7827200000000001 -0.1315650000000000 -0.9279530000000000 6
1.7679199999999999 -0.1433730000000000 -0.9559080000000000 6
1.8165700000000000 -0.1402310000000000 -0.9467520000000000 6
1.7471000000000001 -0.0903128000000000 -0.8802350000000000 6
1.7506600000000001 -0.1249280000000000 -0.9169750000000000 6
1.7962800000000001 -0.0695586000000000 -0.8671030000000000 6
1.6287400000000001 -0.0989195000000000 -0.8872390000000000 6
1.6886000000000001 -0.0871509000000000 -0.8779150000000000 6
1.7010300000000000 -0.0377485000000000 -0.8548280000000000 6
1.6439500000000000 -0.0529802000000000 -0.8596680000000000 6
1.7221000000000000 -0.0668834000000000 -0.8657370000000000 6
1.3908300000000000 -0.1286010000000000 -0.9227880000000001 6
1.3983399999999999 -0.0985050000000000 -0.8868770000000000 6
1.8341400000000001 -0.0460666000000000 -0.8572490000000000 6
1.4405500000000000 -0.1212530000000000 -0.9116960000000000 6
1.3957200000000001 -0.0547816000000000 -0.8603610000000000 6
1.3481000000000001 -0.0416901000000000 -0.8559099999999999 6
1.4244300000000001 -0.1432190000000000 -0.9554090000000000 6
1.4701599999999999 -0.1431060000000000 -0.9550470000000000 6
1.3760399999999999 -0.1448160000000000 -0.9609060000000000 6
1.3535400000000000 -0.1351730000000000 -0.9349750000000000 6
1.7075499999999999 -0.1414300000000000 -0.9500260000000000 6
1.3258099999999999 -0.1452490000000000 -0.9625470000000000 6
1.2713000000000001 -0.1412360000000000 -0.9494780000000000 6
1.3520600000000000 -0.1124140000000000 -0.9006870000000000 6
1.3116000000000001 -0.1245450000000000 -0.9164030000000000 6
1.2569800000000000 -0.1081340000000000 -0.8960430000000000 6
1.3557999999999999 -0.0777054000000000 -0.8716960000000000 6
1.9608500000000000 -0.0755069000000000 -0.8703900000000000 6
1.9591000000000001 -0.0357262000000000 -0.8543170000000000 6
1.3000000000000000 0.0000000000000000 -0.8500000000000000 6
1.2500000000000000 0.0000000000000000 -0.8500000000000000 6
1.8401099999999999 -0.0852645000000000 -0.8765900000000000 6
1.8795700000000000 -0.0754725000000000 -0.8703700000000000 6
1.0000000000000000 -0.1500000000000000 -1.0000000000000000 6
1.0344100000000001 -0.1470880000000000 -0.9705850000000000 6
1.9500000000000000 -0.1500000000000000 -1.0000000000000000 6
1.9677000000000000 -0.1459560000000000 -0.9654040000000000 6
1.4876700000000000 -0.0505807000000000 -0.8587850000000000 6
1.4415400000000000 -0.0793135000000000 -0.8726840000000000 6
1.4832000000000001 -0.0990328000000000 -0.8873390000000000 6
1.5219000000000000 -0.1093890000000000 -0.8973650000000000 6
1.4973500000000000 -0.1271840000000000 -0.9204750000000000 6
1.4500000000000000 0.0000000000000000 -0.8500000000000000 6
1.4356899999999999 -0.0389542000000000 -0.8551460000000000 6
1.3022100000000001 -0.0316700000000000 -0.8533809999999999 6
1.3089599999999999 -0.0817664000000000 -0.8742450000000000 6
1.9239100000000000 -0.1413670000000000 -0.9498460000000000 6
1.9640700000000000 -0.1307300000000000 -0.9264490000000000 6
1.9219400000000000 -0.1070040000000000 -0.8948800000000000 6
1.8805300000000000 -0.1034240000000000 -0.8913570000000000 6
1.8870400000000001 -0.1252400000000000 -0.9174470000000000 6
1.0361600000000000 -0.0300945000000000 -0.8530500000000000 6
1.0500000000000000 0.0000000000000000 -0.8500000000000000 6
1.0500000000000000 -0.1500000000000000 -1.0000000000000000 6
1.0750900000000001 -0.1467540000000000 -0.9689640000000000 6
1.5500000000000000 0.0000000000000000 -0.8500000000000000 6
1.5631800000000000 -0.0300735000000000 -0.8530460000000000 6
1.2010200000000000 -0.1021240000000000 -0.8901330000000000 6
1.2086300000000001 -0.1403460000000000 -0.9470570000000000 6
1.6056999999999999 -0.1299250000000000 -0.9250360000000000 6
1.0979800000000000 -0.0669370000000000 -0.8657629999999999 6
1.5455700000000001 -0.1288080000000000 -0.9231340000000000 6
1.1499999999999999 0.0000000000000000 -0.8500000000000000 6
1.1227499999999999 -0.0353488000000000 -0.8542250000000000 6
1.8844500000000000 -0.0354714000000000 -0.8542540000000000 6
1.9214599999999999 -0.0267440000000000 -0.8524030000000000 6
1.9215500000000001 -0.0603108000000000 -0.8626590000000000 6
0.0000000000000000 0.0000000000000000 0.0000000000000000 2
-0.0536942192990863 -0.0536942192990863 0.0000000000000000 2
-0.0536942192990863 0.0536942192990863 0.0000000000000000 2
0.0536942192990863 -0.0536942192990863 0.0000000000000000 2
0.0536942192990863 0.0536942192990863 0.0000000000000000 2
0.0008426488189146 0.0809444569618914 0.0000000000000000 2
-0.0011902888470196 -0.0807686345679304 0.0000000000000000 2
-0.0813100197777280 0.0014030637443051 0.0000000000000000 2
0.0809383140280450 -0.0008365058850682 0.0000000000000000 2
-0.0437644690608626 -0.0976595958788406 0.0000000000000000 2
0.0463184946986988 0.0997694646063718 0.0000000000000000 2
-0.0997694646063718 -0.0463184946986988 0.0000000000000000 2
0.0996957494002155 -0.0462447794925425 0.0000000000000000 2
0.0437644690608626 -0.0976595958788406 0.0000000000000000 2
0.0976595958788406 0.0437644690608626 0.0000000000000000 2
-0.0437644690608626 0.0976595958788406 0.0000000000000000 2
-0.1000081774119356 0.0466184298244923 0.0000000000000000 2
-0.0125081821437616 0.0414012285400122 0.0000000000000000 2
0.0125081821437616 -0.0414012285400122 0.0000000000000000 2
-0.0401017776346907 -0.0122602078078615 0.0000000000000000 2
0.0414012285400122 0.0125081821437616 0.0000000000000000 2
-0.0815408511057987 -0.0816000720271727 0.0000000000000000 2
-0.0812595352754612 0.0812595352754612 0.0000000000000000 2
0.0812595352754612 -0.0812595352754612 0.0000000000000000 2
0.0816000720271727 0.0815408511057987 0.0000000000000000 2
0.1187522424430787 -0.0150965683871577 0.0000000000000000 2
0.0144956210319887 -0.1184581313788800 0.0000000000000000 2
0.0154654964369408 0.1184685824461990 0.0000000000000000 2
-0.1184394007969568 -0.0154355536757471 0.0000000000000000 2
-0.0187984066632956 -0.1212512529024376 0.0000000000000000 2
-0.0161113044299253 0.1190439447858377 0.0000000000000000 2
0.1190848379474744 0.0161573215262501 0.0000000000000000 2
-0.1194058306990286 0.0167912608735052 0.0000000000000000 2
0.0189335870420497 0.0377760435407171 0.0000000000000000 2
-0.0192516953467230 -0.0374521520693047 0.0000000000000000 2
-0.0376515251287858 0.0190413722768885 0.0000000000000000 2
0.0377752244828709 -0.0189327679842035 0.0000000000000000 2
2.0000000000000000 0.0009668036061360 -0.9987569177787167 3
2.0000000000000000 -0.0676564994940237 -1.0344777078962240 3
2.0000000000000000 0.0676564994940237 -1.0344777078962240 3
2.0000000000000000 0.0547733763914330 -0.9459201122170219 3
2.0000000000000000 -0.0536945705443979 -0.9463056372201311 3
2.0000000000000000 -0.0030898493442077 -1.0766470479602990 3
2.0000000000000000 0.0010351996051835 -0.9191064513192214 3
2.0000000000000000 0.0952920496958874 -0.9849101939596432 3
2.0000000000000000 -0.0952920496958875 -0.9849101939596435 3
2.0000000000000000 0.0468601055224637 -1.0850971275727079 3
2.0000000000000000 -0.0544212260757676 -1.0834602644653839 3
2.0000000000000000 -0.0436385631314745 -0.9935122641976546 3
2.0000000000000000 0.0463539851050779 -0.9926594707488789 3
2.0000000000000000 0.0227582441053296 -1.0389607946211550 3
2.0000000000000000 -0.0437644033849084 -0.9023403778391973 3
2.0000000000000000 0.0458535699340798 -0.8996171340080363 3
2.0000000000000000 -0.0134267033584405 -0.9619766575040173 3
2.0000000000000000 -0.0245820933814232 -1.0372048511735210 3
2.0000000000000000 0.0145064347988354 -1.1123504806694979 3
2.0000000000000000 -0.0973077701556352 -0.9427855946055526 3
2.0000000000000000 0.0974887516738917 -0.9426857780481395 3
2.0000000000000000 0.1077050506416989 -1.0243184876598150 3
2.0000000000000000 -0.1077050506416990 -1.0243184876598150 3
2.0000000000000000 0.0857070863504972 -1.0701222069055401 3
2.0000000000000000 -0.0197821786466990 -1.1119912726903300 3
2.0000000000000000 -0.0892399806641253 -1.0665890356836329 3
2.0000000000000000 -0.0795000797733105 -0.9152145457899187 3
2.0000000000000000 0.0797786353131998 -0.9148514466124306 3
2.0000000000000000 0.0199442832098381 -0.9642405207194743 3
2.0000000000000000 0.0150708415429337 -0.8811621205411722 3
2.0000000000000000 -0.0161342769073034 -0.8809096725370976 3
-0.0183024965226650 -0.0328042767941952 -0.0638005435466766 10
-0.0183024965226650 -0.0328042767941952 -0.1554241329431534 10
0.0623281312435798 0.0471727543704528 -0.0365584476627482 10
0.0046034026890993 -0.0098983775824308 -0.0408946424722672 10
0.0046034026890993 0.0359134227037430 -0.0408946424722672 10
-0.0566314923368109 -0.0788833346811704 -0.0436012991576454 10
-0.0412083938717842 0.0359134227037430 -0.0408946424722672 10
0.0572462497964641 -0.0094281199938431 -0.0315122828826385 10
0.0504152029752731 -0.0557101741433144 -0.0408946424722672 10
0.0046034026890993 -0.0557101741433144 -0.0408946424722672 10
0.0046034026890993 -0.0557101741433144 -0.0867064446210861 10
0.0046034026890993 -0.0557101741433144 -0.1325182318687439 10
0.0966738219532426 -0.0008500661908258 -0.0456478579311513 10
0.0515501999173882 0.0039556893770861 -0.0866126921312539 10
-0.0412083938717842 -0.0098983775824308 -0.0408946424722672 10
-0.0896280350867603 -0.0179430455213642 -0.0476708260948785 10
-0.0412083938717842 -0.0098983775824308 -0.0867064446210861 10
0.0102566958672310 0.0883217167259985 -0.0401399545730087 10
0.0046034026890993 0.0359134227037430 -0.0867064446210861 10
0.0504152029752731 -0.0557101741433144 -0.0867064446210861 10
0.0561774126821816 -0.0713661101229745 -0.1388758996528545 10
-0.0412083938717842 -0.0557101741433144 -0.0867064446210861 10
-0.0412083938717842 -0.0557101741433144 -0.1325182318687439 10
0.0022846673211386 0.0994858885680013 -0.0844224866281732 10
-0.0412083938717842 0.0359134227037430 -0.0867064446210861 10
0.0046034026890993 -0.0098983775824308 -0.0867064446210861 10
0.0016976917495788 -0.0068782142896040 -0.1276872627553729 10
-0.0412083938717842 0.0359134227037430 -0.1325182318687439 10
0.0703630515494443 0.0604849727800871 -0.0773579463272330 10
0.0471745172208003 0.0518507107323260 -0.1349549156508111 10
-0.1213790401816368 0.0015545720234513 -0.0294416919350624 10
0.1102529132584564 -0.0119150909705385 -0.0854309225817873 10
0.1040419059841017 -0.0267159164485995 -0.1273999132887257 10
1.0809315703192990 -0.0317090672446160 -0.9825147047692100 10
0.8979334235191345 -0.0328042767941952 -0.9800364971160889 10
0.8018419262140463 -0.0104647413551354 -0.9739324452348721 10
0.8040192902088165 0.0611099097877741 -0.9777459353208542 10
0.9990685854091804 -0.0213627000022494 -0.9962429328344493 10
0.1754072711294339 -0.0334813154856058 -0.5267652675529183 10
0.1477961269720219 0.0430227302228914 -0.5166231656345530 10
0.2647660307921774 -0.0466351509208601 -0.6389101089199405 10
0.0657129183175534 -0.0345394140672403 -0.3563807406228278 10
0.1878505945205688 0.0817252174019814 -0.4990125894546509 10
0.5040298958132250 -0.0455659182729214 -0.9030683028789761 10
0.5607958126366978 0.0956233699746501 -0.8517775794157071 10
0.9666511416435242 -0.0098983775824308 -0.9113187789916992 10
0.9666511416435242 -0.0098983775824308 -0.9571306109428406 10
0.7273207135663234 -0.0055773381880672 -0.9867147036122627 10
0.8292157649993896 -0.0098983775824308 -0.9113187789916992 10
0.8750275373458862 -0.0098983775824308 -0.9113187789916992 10
0.8750275373458862 -0.0098983775824308 -0.9571306109428406 10
0.9208393096923828 -0.0557101741433144 -0.9571306109428406 10
0.9260297442863913 -0.0129052708520807 -0.9036112950559183 10
0.9208393096923828 -0.0098983775824308 -0.9571306109428406 10
0.9208393096923828 -0.0098983775824308 -1.0029424428939819 10
0.1012385713168697 0.0429741032014591 -0.1263834948638847 10
0.2930075672005539 0.0919129564848497 -0.6280670818507778 10
0.2274465183667166 0.0992133137783402 -0.6384717866319419 10
0.2797416725218061 -0.0318624913729661 -0.6967887761865851 10
0.2336623817682266 0.0359134227037430 -0.6364480257034302 10
0.2227035290440887 -0.0063043168170538 -0.6429531951696096 10
0.2465509286150252 0.0893956969826332 -0.5857607311023021 10
0.2228843102451816 0.0897580162134759 -0.6963551943192884 10
0.6917803287506104 0.0817252174019814 -0.9113187789916992 10
0.6459685564041138 0.0817252174019814 -0.9113187789916992 10
0.6464516799554644 0.0884942207194363 -0.9689905694214427 10
0.4741781608777652 0.0907226359104025 -0.8102635991265582 10
0.4627213180065155 0.0817252174019814 -0.8655070066452026 10
0.0470085957540738 0.0897742993100686 -0.3586272562575244 10
0.1878505945205688 0.0817252174019814 -0.5448243618011475 10
0.0962270051240921 0.0817252174019814 -0.4990125894546509 10
0.1420387923717499 0.0817252174019814 -0.4990125894546509 10
0.5035861589544127 0.0929600822635981 -0.8739112041628805 10
0.5085331201553345 0.0359134227037430 -0.8196952342987061 10
0.5010399741787392 -0.0236563057546038 -0.8299903328909894 10
0.0962270051240921 0.0817252174019814 -0.4532007873058319 10
0.1420387923717499 0.0817252174019814 -0.4532007873058319 10
0.3735896488006246 -0.0134139751586247 -0.6566616323433614 10
0.4211380921614815 -0.0230375980232441 -0.7138967100268999 10
0.4617807810188722 -0.0260802936204414 -0.7698984904056148 10
0.5260620146957266 -0.0014787204090389 -0.7613915651567971 10
0.0622329667775734 -0.0080727673824564 -0.1430773267298655 10
0.1187966926356379 -0.0291230005035512 -0.1764009264135208 10
0.3710977733135223 0.0359134227037430 -0.6822597980499268 10
0.4169095456600189 0.0359134227037430 -0.7280715703964233 10
0.4590730067392710 0.0436033123680557 -0.7651164376024265 10
0.2336623817682266 0.0359134227037430 -0.5448243618011475 10
0.2909335789666067 0.0572656744898020 -0.5777216725800456 10
0.0366134033696192 0.0978697608909366 -0.3130883107048396 10
0.0543946382236479 0.0273351212509912 -0.3111568061662501 10
0.1152072491299754 0.0602333233705260 -0.2967950494480084 10
0.7406991732802225 0.0874110865418890 -0.9297662274692726 10
0.6944727686962318 0.1015352009230476 -0.9694267639711089 10
0.6917803287506104 0.0359134227037430 -0.9571306109428406 10
0.0962270051240921 0.0359134227037430 -0.1783300340175629 10
0.0046034026890993 0.0817252174019814 -0.2241418212652206 10
0.0504152029752731 0.0817252174019814 -0.2241418212652206 10
0.0504152029752731 0.0359134227037430 -0.2241418212652206 10
0.0504152029752731 0.0817252174019814 -0.1783300340175629 10
0.0674201263273013 0.0779048806430745 -0.2706512936747956 10
0.8435509940324908 0.0930268629877021 -0.9497618062627399 10
0.7834039926528931 0.0817252174019814 -0.9571306109428406 10
0.7824778093295504 0.0428841598681588 -0.9393258804311188 10
0.7797576614427940 0.0982865527398508 -1.0134991723278310 10
0.2952952959156470 -0.0076649117696030 -0.5824381623389343 10
0.3710977733135223 0.0817252174019814 -0.7738834619522095 10
0.9568786814982716 0.0492512219018443 -0.9455578830977054 10
1.0170086217468619 -0.0061046532293396 -0.9069943150464259 10
1.0582746267318730 -0.0098983775824308 -0.9113187789916992 10
1.1789899921124380 -0.0164024574688799 -0.9941309403085135 10
1.2506199078477429 -0.0306560270716344 -1.0134426023682279 10
1.0124629735946660 -0.0098983775824308 -0.9571306109428406 10
0.9666511416435242 -0.0557101741433144 -0.9571306109428406 10
0.2849945215720144 0.0267438361411988 -0.6420548067889482 10
0.3249035980826842 0.0407814903411116 -0.6669805958894245 10
0.3710977733135223 0.0359134227037430 -0.7280715703964233 10
0.3867719564831915 -0.0029980863289211 -0.7812656181920939 10
0.8865387882194100 0.0503949422158360 -0.9178425929793980 10
0.9666511416435242 0.0817252174019814 -1.0029424428939819 10
0.0046034026890993 0.0817252174019814 -0.1325182318687439 10
0.9208393096923828 0.0817252174019814 -1.0029424428939819 10
0.3637070177933269 0.0960614709689406 -0.8183973187713877 10
0.3512603986940075 0.0458931224215136 -0.8360244177684432 10
0.4169095456600189 0.0817252174019814 -0.8196952342987061 10
0.4154798724356663 0.0230227331119586 -0.8210619134591736 10
0.3982923782236432 -0.0240707027450682 -0.8523601484407496 10
0.0773473988040510 0.0975325028674057 -0.4065546751670223 10
0.0955172546006707 0.0462727306367757 -0.4155924245493458 10
0.0962270051240921 -0.0098983775824308 -0.4073890149593353 10
0.0994134281626116 0.0611579515789411 -0.3502742993770965 10
0.5543448925018311 0.0817252174019814 -0.9113187789916992 10
0.5968136726125471 0.1001644123350777 -0.9171397085517686 10
0.5978328062368191 0.0333348362036744 -0.9103540008345185 10
0.5964266427957771 -0.0136284663313489 -0.9143133804736090 10
0.6001567840576172 0.0359134227037430 -0.8655070066452026 10
0.6001567840576172 -0.0098983775824308 -0.8655070066452026 10
0.5522594428021145 0.0390618765267548 -0.8571903216088859 10
0.5306596454576719 -0.0026354085372483 -0.8823513045055085 10
0.8384054568891200 0.0381291187223886 -0.9612206610375509 10
0.8292157649993896 0.0817252174019814 -1.0029424428939819 10
0.0046034026890993 0.0817252174019814 -0.1783300340175629 10
0.0046034026890993 0.0359134227037430 -0.1783300340175629 10
0.0962270051240921 0.0359134227037430 -0.2241418212652206 10
0.2860822791185095 0.0956662606277268 -0.6821072978034098 10
0.7402921688225015 -0.0115051332538760 -0.8650266132112679 10
0.1801719317860616 0.0307998593980431 -0.5567760864564323 10
0.2336623817682266 0.0359134227037430 -0.5906362533569336 10
0.0965328909171456 -0.0109547075115875 -0.2681299731165693 10
0.6459685564041138 -0.0098983775824308 -0.8655070066452026 10
0.6917803287506104 -0.0098983775824308 -0.8655070066452026 10
0.7416900466053371 0.0178008653774275 -0.9153225826195291 10
0.7834039926528931 -0.0098983775824308 -0.9113187789916992 10
0.3334497497812910 0.0982958035990732 -0.7264773458764143 10
0.2841877972884013 0.0877702816457888 -0.7337019841194883 10
0.3170808091502165 0.0965390470490358 -0.7881104539772554 10
0.1420387923717499 0.0359134227037430 -0.3615772128105164 10
0.6001567840576172 -0.0098983775824308 -0.8196952342987061 10
0.2309170469251177 0.0396570860441040 -0.7261395485987514 10
0.1783708733794044 0.0383305421196414 -0.6981338170856212 10
0.0046034026890993 0.0817252174019814 -0.2699536085128784 10
0.7388841555774045 0.0827470426075003 -1.0004292321799710 10
0.7761631094657835 0.0330037564193374 -1.0615884511526830 10
0.7789642598214485 0.0230579791299796 -1.0055934235331980 10
0.0504152029752731 0.0359134227037430 -0.4990125894546509 10
0.0962270051240921 0.0359134227037430 -0.5448243618011475 10
-0.0412083938717842 -0.0098983775824308 -0.1783300340175629 10
0.4672757095775501 0.0449226431326815 -0.9237922016270991 10
0.9666511416435242 -0.0098983775824308 -1.0945659875869751 10
-0.0046811623288904 -0.0098223983210707 -0.3625986828919417 10
-0.0546609131724217 -0.0160949525347271 -0.3201475277478153 10
-0.0074121458651392 0.0485994176750302 -0.3805806027742098 10
0.6505268077520917 -0.0195799730535940 -1.0210866565646490 10
0.6892203021953935 0.0450895866276721 -1.0219073125978859 10
0.6414777248577097 0.0527379888382025 -1.0269468996346420 10
0.6459685564041138 0.0359134227037430 -0.9571306109428406 10
0.3743054907792218 0.0385946692406487 -0.8863061563218282 10
0.0504152029752731 0.0359134227037430 -0.4532007873058319 10
1.0171524164018839 -0.0079905547215578 -1.0967196088357569 10
0.9208393096923828 -0.0098983775824308 -1.0487540960311890 10
0.9666511416435242 -0.0098983775824308 -1.0487540960311890 10
0.9666511416435242 0.0359134227037430 -1.0487540960311890 10
0.0640988500500173 0.0177205447290252 -0.3636996607624802 10
-0.0143472598637305 0.0382024696989466 -0.3220590479294458 10
0.1420387923717499 -0.0098983775824308 -0.6364480257034302 10
0.2309786825449140 -0.0153999694379450 -0.7407388407121173 10
0.1779241623546129 -0.0323061429475886 -0.7062825866202505 10
0.9208393096923828 0.0359134227037430 -1.0487540960311890 10
0.1511988020793561 0.0366211947531802 -0.6011941308412674 10
0.8750275373458862 0.0817252174019814 -1.0029424428939819 10
0.8750275373458862 0.0359134227037430 -1.0029424428939819 10
0.8750275373458862 -0.0098983775824308 -1.0029424428939819 10
0.0962270051240921 0.0359134227037430 -0.4990125894546509 10
0.1878505945205688 0.0359134227037430 -0.6364480257034302 10
0.1846472301901827 0.0914341810801475 -0.5985894537155745 10
0.1420387923717499 0.0817252174019814 -0.5448243618011475 10
0.4589174092245840 0.0142662081826686 -0.8544881448137605 10
0.7340966394503605 0.0362686964043195 -1.0096383557314130 10
-0.0020568548209670 0.0185364794195230 -0.2621475185702671 10
-0.0833784025252459 -0.0054139247735412 -0.1371495063296604 10
0.8677023766769036 -0.0078040186450337 -1.0726413526999861 10
0.8750275373458862 0.0359134227037430 -1.0487540960311890 10
0.8292157649993896 0.0359134227037430 -1.0487540960311890 10
0.0504152029752731 0.0359134227037430 -0.4073890149593353 10
0.5865837684447371 0.0433456732605198 -0.9788918952379880 10
0.9723296636559031 -0.0976080962027028 -1.0021883959193489 10
0.2499524027539038 -0.0779839989819649 -0.7436739885003231 10
-0.0412083938717842 -0.0557101741433144 -0.2241418212652206 10
-0.0412083938717842 -0.0557101741433144 -0.1783300340175629 10
0.7834039926528931 -0.0557101741433144 -1.0029424428939819 10
0.5212162691950236 0.0171050650235593 -0.9617289268672159 10
0.5445998204874057 -0.0603174149480629 -0.9609480543536151 10
0.8750275373458862 -0.1015219688415527 -1.0029424428939819 10
0.8820550357120301 -0.0507659527115954 -1.0148132194862960 10
0.9208393096923828 -0.1015219688415527 -1.0029424428939819 10
0.9208393096923828 -0.0557101741433144 -1.0029424428939819 10
0.9227616344772291 -0.0685374841652329 -1.0642608808686249 10
0.0137973883585648 -0.0534406428042685 -0.2424889955944691 10
-0.0557180621317237 -0.0064351715828027 -0.2643892877452056 10
0.7296387249764396 -0.0169622780390317 -1.0588194579599430 10
0.7375921010971069 -0.0557101741433144 -1.0029424428939819 10
0.2780656042781292 -0.1021794048973563 -0.6697251242094812 10
0.2200725087436127 -0.0783903601642288 -0.6815510936848698 10
0.1878505945205688 -0.0557101741433144 -0.6364480257034302 10
0.6459685564041138 -0.1015219688415527 -0.9571306109428406 10
0.5784383392892718 -0.0112991981442140 -1.0176903984509680 10
0.6001567840576172 -0.0557101741433144 -0.9571306109428406 10
0.5966401736902145 -0.0882504006897467 -0.9174577361136563 10
0.0504152029752731 -0.0557101741433144 -0.4073890149593353 10
0.0504152029752731 -0.1015219688415527 -0.3615772128105164 10
-0.0117311778755966 -0.0184001889379099 -0.4216322386871247 10
-0.0056065019012579 -0.0613372748825682 -0.3671010119323804 10
0.4639155898646321 -0.0388481322170213 -0.9401362049844709 10
0.9666511416435242 -0.0557101741433144 -1.0487540960311890 10
0.0487345162479329 -0.1018996305644608 -0.2956026970827183 10
-0.0108945286864267 -0.0659179814771425 -0.3106261398190625 10
0.6917803287506104 -0.1015219688415527 -0.9571306109428406 10
0.6459685564041138 -0.0557101741433144 -0.9571306109428406 10
0.6459685564041138 -0.0557101741433144 -0.9113187789916992 10
0.4097561109187121 -0.0047043552449903 -0.9246851276613515 10
0.4286071062502844 -0.0735049564471923 -0.8757412915602965 10
0.3471078899034317 -0.0638448910777417 -0.8227066982490157 10
0.8297405608318241 -0.0641877250096830 -1.0044083405028159 10
0.0046034026890993 -0.0557101741433144 -0.1783300340175629 10
0.8750275373458862 -0.0557101741433144 -1.0487540960311890 10
0.8292157649993896 -0.0557101741433144 -1.0487540960311890 10
0.8750275373458862 -0.0557101741433144 -0.9571306109428406 10
0.1420387923717499 -0.0557101741433144 -0.4990125894546509 10
0.5012284510279130 -0.0904592243452045 -0.8692969482372886 10
0.4250187216969774 -0.0817673917242952 -0.8159124918950544 10
1.0124629735946660 -0.1015219688415527 -1.0029424428939819 10
0.9666511416435242 -0.0557101741433144 -1.0029424428939819 10
0.5143048537160859 -0.0700703505028759 -0.8022775922911265 10
0.2794741690158844 -0.0557101741433144 -0.5906362533569336 10
0.6917803287506104 -0.0557101741433144 -0.9113187789916992 10
0.0670026674358053 -0.0739360158662882 -0.2329482074213087 10
0.7834039926528931 -0.0557101741433144 -0.9571306109428406 10
1.0124629735946660 -0.0557101741433144 -0.9571306109428406 10
0.3234156948218974 -0.0596507851968256 -0.6690992284193982 10
0.3553388957338499 -0.0561837522856699 -0.7257313914754208 10
0.4290064811051512 -0.0744123441666319 -0.7564656590533289 10
0.8268751411054757 -0.0690458164388848 -0.9058743030803827 10
0.8292157649993896 -0.0557101741433144 -0.9571306109428406 10
0.1241923598871139 -0.0727962008803408 -0.3576419172116730 10
0.6001567840576172 -0.0557101741433144 -0.8655070066452026 10
0.5543448925018311 -0.0557101741433144 -0.8655070066452026 10
0.0776264165946310 -0.0744155442906985 -0.1765323662577239 10
0.0412663316988700 -0.0128852657811927 -0.1817484051202506 10
0.1111966406488800 -0.0271217662245373 -0.2215779615363988 10
0.6917803287506104 -0.0098983775824308 -0.9113187789916992 10
0.6917803287506104 -0.0557101741433144 -0.9571306109428406 10
0.1070128702243604 -0.0759610870082368 -0.2937240366951165 10
0.0486900736898670 -0.0386133417356768 -0.3077926130463812 10
0.1260304353696964 -0.0087000436030097 -0.3222086525187515 10
0.2408801066835123 -0.0614364437520939 -0.5281327079685574 10
0.2227917169165852 -0.0572741738136424 -0.5896560968527893 10
1.9408811093904339 0.0943471934480031 -0.9459834420371200 10
1.1078559385671229 -0.0032551743961038 -0.8998087226270586 10
1.0561305984988421 -0.0086373176398956 -0.9507117922952558 10
1.0618033501834589 0.0505804462757223 -0.9431172930302798 10
1.1040865182876589 0.0359134227037430 -0.9571306109428406 10
1.1957103013992310 0.0359134227037430 -0.9113187789916992 10
1.6122651566784030 -0.0319921038165798 -0.9846418514135417 10
1.8197993989830401 -0.0485404405872130 -0.9883204008500559 10
1.7151169392257859 -0.0365187429494451 -1.0054186711120430 10
1.5392987728118901 -0.0328042767941952 -0.9800364971160889 10
1.4476749897003169 -0.0328042767941952 -0.9800364971160889 10
1.4528747171274199 0.0660784381791652 -0.9786431045335305 10
1.5479466371952919 0.0538280725946362 -0.9436683158383088 10
1.3560514450073240 -0.0328042767941952 -0.9800364971160889 10
1.5156131130955719 0.0903313621926722 -0.9889016278009435 10
1.5163928270339970 0.0817252174019814 -1.0487540960311890 10
1.8883320956890319 0.0811671285860508 -0.9861659130606453 10
1.6538282632827761 -0.0098983775824308 -0.9113187789916992 10
1.6480240631523040 0.0000218749800094 -0.9674982579570499 10
1.6934195379317261 -0.0020937395786020 -0.9045779821681635 10
1.6989900464734240 0.0169382175394228 -0.9666629474062531 10
1.2873338460922239 0.0359134227037430 -0.9113187789916992 10
1.2415219545364380 0.0359134227037430 -0.9113187789916992 10
1.2846037630345979 -0.0337694536876030 -0.9082282334741467 10
1.1840773484891720 0.0886393580579059 -1.0010234157840860 10
1.2415219545364380 0.0817252174019814 -1.0029424428939819 10
1.2829554286827991 0.0832060445351888 -0.9929036582700075 10
1.2181085051612690 0.0355365649722380 -1.0360898537779550 10
1.1957103013992310 -0.0098983775824308 -0.9113187789916992 10
1.1996779796831660 -0.0047518225769159 -0.9558871048270362 10
1.2415219545364380 -0.0098983775824308 -0.9113187789916992 10
1.2422556553425139 -0.0101176182959218 -0.9684424528239618 10
1.2415219545364380 0.0359134227037430 -0.9571306109428406 10
1.4705809354782100 -0.0098983775824308 -0.9113187789916992 10
1.4705809354782100 0.0359134227037430 -0.9571306109428406 10
1.3331454992294309 0.0817252174019814 -1.0029424428939819 10
1.2805545522225790 0.0222279020913423 -1.0228591126190070 10
1.3303942063766669 -0.0224233483049806 -0.8954599949150487 10
1.3331454992294309 -0.0098983775824308 -0.9571306109428406 10
1.2873338460922239 -0.0098983775824308 -0.9571306109428406 10
1.8336596200503421 -0.0004860948506986 -0.8974951166067068 10
1.8300232983493800 0.0284676615652950 -0.9571465469026145 10
1.9074571024627851 -0.0272898974149437 -0.9823428423092208 10
1.7881325451750969 -0.0055668005580090 -0.8947945331075559 10
1.7905374705707491 0.0086174781050806 -0.9607912000848737 10
1.4238985129545141 0.0908904800625106 -1.0037105013838989 10
1.3777810189719040 0.0934498049979399 -1.0016079010418191 10
1.3789573907852171 0.0359134227037430 -1.0029424428939819 10
1.3789573907852171 -0.0098983775824308 -1.0029424428939819 10
1.3789573907852171 0.0359134227037430 -1.0487540960311890 10
1.1040865182876589 0.0817252174019814 -1.0029424428939819 10
1.0582746267318730 0.0817252174019814 -1.0029424428939819 10
1.0163400011503561 0.0889301197797376 -1.0020619255209320 10
1.0582746267318730 0.0359134227037430 -1.0029424428939819 10
1.0124629735946660 0.0359134227037430 -0.9571306109428406 10
1.0101455031139110 0.0248682414878732 -1.0028968694766101 10
1.1537355140887480 -0.0031114773202071 -0.9111817864030186 10
1.1498984098434450 -0.0098983775824308 -0.9571306109428406 10
1.1498984098434450 0.0359134227037430 -0.9571306109428406 10
1.1374224837995270 0.0852164285749557 -0.9992929016915472 10
1.1610894117181170 0.0234445616330556 -1.0030086803388361 10
1.1631434229641071 0.0556708098689815 -1.0659113536214360 10
1.6120429243011150 -0.0012510217349338 -0.9090850548573096 10
1.6080163717269900 0.0359134227037430 -0.9571306109428406 10
1.4219545804689080 -0.0246179377200003 -0.9052087811558484 10
1.4247690439224241 0.0359134227037430 -0.9571306109428406 10
1.3789573907852171 -0.0098983775824308 -0.9113187789916992 10
1.3789573907852171 -0.0098983775824308 -0.9571306109428406 10
1.3392240432877300 0.0497550639399133 -0.9187943272590912 10
1.3789573907852171 0.0359134227037430 -0.9571306109428406 10
1.4247690439224241 0.0817252174019814 -0.9571306109428406 10
1.4247690439224241 -0.0098983775824308 -0.9571306109428406 10
1.3331454992294309 0.0359134227037430 -1.0029424428939819 10
1.3331454992294309 -0.0098983775824308 -1.0029424428939819 10
1.3331454992294309 0.0359134227037430 -1.0487540960311890 10
1.6080163717269900 0.0817252174019814 -1.0029424428939819 10
1.6520044743241069 0.0969643802174933 -1.0108441916694890 10
1.6538282632827761 0.0359134227037430 -1.0029424428939819 10
1.4787860504349550 0.0989958956935916 -0.9514476053105585 10
1.9427799833149499 0.0941199262610004 -1.0061285326592579 10
1.7932459056679739 0.0756060307871264 -0.9841055238212054 10
1.5166429659244389 -0.0135969284616712 -0.9057515912947957 10
1.5622047185897829 -0.0098983775824308 -0.9113187789916992 10
1.5163928270339970 -0.0098983775824308 -0.9571306109428406 10
1.7458968379441870 0.0844021767791495 -0.9949041153998870 10
1.6626780585029770 0.0599204241845343 -0.9351898470872462 10
1.0984488410626190 0.0331758289985840 -1.0048103727087290 10
1.9405110074201670 0.0391259710792988 -1.1024456660990660 10
1.2440922333614570 0.0032498270933437 -1.0799941907949171 10
1.1931794995457270 0.0056557678587888 -1.0955794099972029 10
1.1020878909046949 -0.0194053578519953 -1.0968037643377970 10
1.1422396230469740 0.0041025601297750 -1.0928140862902000 10
1.1713124407007109 -0.0092521086330591 -1.0417561463338529 10
1.8370753526687620 -0.0098983775824308 -1.0945659875869751 10
1.7454518079757690 -0.0098983775824308 -1.0945659875869751 10
1.7912634611129761 -0.0098983775824308 -1.0945659875869751 10
1.7912634611129761 -0.0098983775824308 -1.0487540960311890 10
1.4676544470923980 -0.0143420041222479 -1.0981716411700890 10
1.3786717830084341 -0.0113957426158615 -1.0931267414805970 10
1.4247690439224241 -0.0098983775824308 -1.0945659875869751 10
1.4230485382035689 -0.0036069356603626 -1.0265829354802760 10
1.5163928270339970 -0.0098983775824308 -1.0945659875869751 10
1.4705809354782100 -0.0098983775824308 -1.0487540960311890 10
1.6010931463191840 0.0182135973600629 -1.0002440494159630 10
1.6944847678163331 0.0961059028040937 -0.9993925001059276 10
1.6538282632827761 -0.0098983775824308 -1.0945659875869751 10
1.6996399164199829 -0.0098983775824308 -1.0945659875869751 10
1.7454518079757690 -0.0098983775824308 -1.0487540960311890 10
1.0614428239578511 -0.0118098812329276 -1.1071678344850910 10
1.0517551979678310 -0.0068422144612649 -1.0533959690011470 10
1.0462800616078620 0.0510607963195798 -1.0632544870803191 10
1.8855103606771770 -0.0175611922249845 -1.0934819640252731 10
1.8853176742087769 0.0471053609958591 -1.1003440872270229 10
1.9286992549896240 -0.0098983775824308 -1.0945659875869751 10
1.9324014661272690 0.0572120154414504 -1.0561215399419210 10
1.1083518480374379 0.0578538907961604 -1.0749670345843061 10
1.8638217538976640 0.0561040541079486 -1.0509477864392121 10
1.2838786430724940 0.0052201419842398 -1.0964836617985649 10
1.5594631849718450 0.0979137359983823 -0.9985945089497117 10
1.4258887225782859 0.0884671837432615 -1.0552372117829361 10
1.8361995066381460 0.0831904336302352 -0.9930755618317644 10
1.7006880763968930 0.0518706035528992 -1.0396824335071579 10
1.1040596473051230 -0.0042429137218878 -1.0384640857168910 10
1.6080163717269900 -0.0098983775824308 -1.0945659875869751 10
1.5622047185897829 -0.0098983775824308 -1.0945659875869751 10
1.5730519809786481 -0.0051472681449136 -1.0355582400573671 10
1.6996399164199829 0.0359134227037430 -1.0945659875869751 10
1.3331454992294309 -0.0098983775824308 -1.0945659875869751 10
1.3789573907852171 -0.0098983775824308 -1.0487540960311890 10
1.4705809354782100 0.0817252174019814 -1.0487540960311890 10
1.5605275440703590 0.0480361762269684 -1.0401553509663941 10
1.6080163717269900 0.0359134227037430 -1.0487540960311890 10
1.4247690439224241 0.0359134227037430 -1.0487540960311890 10
1.7822653419831931 0.0536791890089484 -1.0646288999218121 10
1.0124629735946660 -0.0098983775824308 -1.0487540960311890 10
1.5163928270339970 0.0359134227037430 -1.0487540960311890 10
1.4741340191651331 0.0983769018800843 -1.0112413988706921 10
1.4705809354782100 0.0359134227037430 -1.0029424428939819 10
1.9406840669753280 -0.1082857783360432 -1.0006053028291859 10
1.8370753526687620 -0.0557101741433144 -1.0487540960311890 10
1.2349439594346150 -0.0974607329717067 -1.0007413563532490 10
1.3339567946912061 -0.1109057533633354 -1.0081210474984359 10
1.3797406100961109 -0.1001519992051233 -1.0042868616591789 10
1.3331454992294309 -0.0557101741433144 -1.0487540960311890 10
1.3331454992294309 -0.0557101741433144 -1.0029424428939819 10
1.2758633615927411 -0.0582669001088592 -1.0618556307327920 10
1.2926649883782859 -0.0472159174885424 -1.0012506662853380 10
1.2894116656962380 -0.1010520719470474 -1.0002303375694159 10
1.5177140641221540 -0.1123588390733353 -0.9936014453242058 10
1.1403452446397500 -0.1100052850351241 -0.9973197604485423 10
1.1498984098434450 -0.0557101741433144 -1.0029424428939819 10
1.6538282632827761 -0.0098983775824308 -1.0487540960311890 10
1.7454518079757690 -0.1015219688415527 -1.0029424428939819 10
1.6996399164199829 -0.1015219688415527 -1.0029424428939819 10
1.6538282632827761 -0.1015219688415527 -1.0029424428939819 10
1.6060986822459140 -0.0991781680248748 -0.9935078140683024 10
1.6614775141655671 -0.0476068478076427 -0.9999190175682189 10
1.6996399164199829 -0.0557101741433144 -1.0487540960311890 10
1.4705809354782100 -0.0557101741433144 -1.0487540960311890 10
1.4247690439224241 -0.0557101741433144 -1.0487540960311890 10
1.5163928270339970 -0.0557101741433144 -1.0487540960311890 10
1.4732485078405300 -0.0499928691465877 -1.0009228303070690 10
1.4250498553981319 -0.1069830479475363 -1.0091009775536881 10
1.4673246065127250 -0.0970023599852068 -0.9953985481820418 10
1.8315502530466901 -0.0993380077465716 -1.0049484021202799 10
1.8846334119211141 -0.1007499308399026 -0.9998187751801089 10
1.9286992549896240 -0.0557101741433144 -1.0029424428939819 10
1.7909892896967969 -0.1015235587235913 -0.9906507849398400 10
1.7736533297679280 -0.0444794329103906 -1.0048509109221990 10
1.5560485416198211 -0.0929877635756039 -1.0088047756568550 10
1.5101318392107981 -0.0519745150274108 -1.0065398490997310 10
1.5697612618956449 -0.0456130872344468 -1.0046499868229939 10
1.8724307340791191 -0.0425265246272546 -1.0029275511853930 10
1.9267355826519310 0.0121170648336205 -1.0041910751606600 10
1.9286992549896240 -0.0557101741433144 -0.9571306109428406 10
1.9286992549896240 -0.0557101741433144 -1.0487540960311890 10
1.0601894427217411 -0.0998063278070142 -1.0087328215579610 10
1.1074586196568870 -0.0992048883280493 -1.0011800644499700 10
1.0632392372370540 -0.0491130186525259 -1.0042540652161740 10
1.0582746267318730 -0.0557101741433144 -1.0487540960311890 10
1.1053278490140801 -0.0765888911515287 -1.0640928038436721 10
1.1022020620797630 -0.0568643997534065 -1.0005908975033939 10
1.1498984098434450 -0.0557101741433144 -1.0487540960311890 10
1.6080163717269900 -0.0557101741433144 -1.0487540960311890 10
1.2164723009775691 -0.0576902570266643 -1.0533132613881471 10
1.7912634611129761 -0.0557101741433144 -1.0487540960311890 10
1.8370753526687620 -0.0098983775824308 -1.0487540960311890 10
1.3331454992294309 -0.0098983775824308 -1.0487540960311890 10
1.3842857111734490 -0.0738178563213485 -1.0688386951929421 10
1.3789573907852171 -0.0557101741433144 -1.0029424428939819 10
1.4247690439224241 -0.0557101741433144 -1.0029424428939819 10
1.0124629735946660 -0.0557101741433144 -1.0487540960311890 10
1.0177328255546281 -0.0519743489771127 -1.0091255900152560 10
1.0515820805753899 -0.0052460363436695 -1.0012265711275810 10
1.5163928270339970 -0.0098983775824308 -1.0487540960311890 10
1.4705809354782100 0.0359134227037430 -1.0487540960311890 10
1.4705809354782100 -0.0098983775824308 -1.0029424428939819 10
1.1056999024343459 -0.0709503025628245 -0.9331643244662037 10
1.1509442876026530 -0.0678723914710066 -0.9381916242379654 10
1.1811575184712999 -0.1002891513383685 -1.0014177523836270 10
1.2090215774365409 -0.0401971901374167 -1.0003061093711749 10
1.1957103013992310 -0.0557101741433144 -0.9571306109428406 10
1.0620346930421021 -0.0640754387171224 -0.9437281858062062 10
1.3981497363760560 -0.0773225851456106 -0.9476173793124458 10
1.7843657399485979 -0.0730818369124872 -0.9366145485524986 10
1.7417344049590970 -0.0053043467850058 -0.9030301683821876 10
1.7506367512536509 0.0305624828251171 -0.9721769104085090 10
1.5756358096988221 -0.0658772406522734 -0.9323903640202421 10
1.8390900476240570 -0.0669169591464709 -0.9343291016525422 10
1.7020639062806160 -0.0615005545549141 -0.9380273437129957 10
1.6502767894783079 -0.0690387698268434 -0.9449774531008074 10
1.2540873732648390 -0.0673541799521727 -0.9450844334841472 10
1.8868121546493690 -0.0019318604017958 -0.8956312926193498 10
1.8828873634338379 -0.0557101741433144 -0.9571306109428406 10
1.7433720854920400 -0.0647436677513272 -0.9566682545324746 10
1.5686094240357551 -0.0026325167723300 -0.9632544028632588 10
1.3320403068231190 -0.0698364965397173 -0.9458024659089379 10
1.9414204707880991 -0.0231365187106340 -0.9099760720461323 10
1.9434489477517021 -0.0129104219440652 -0.9634943599838497 10
1.5163928270339970 -0.0557101741433144 -0.9571306109428406 10
1.1077438938292741 -0.0116722446117154 -0.9643582427818214 10
1.8731507600963799 0.0161066707399002 -0.9614943391753676 10
1.9308507996801481 0.0487594585307766 -0.9295208872161047 10
1.9286992549896240 -0.0098983775824308 -1.0487540960311890 10
0.2649421172681081 0.0020718196386352 -0.7912121346583144 10
0.2694682991376148 -0.0041406215867841 -0.8327704580337280 10
0.2827905712442287 0.0615860511116464 -0.7988893275503670 10
0.2634547190869099 0.0788834896915843 -0.7766536465474247 10
0.3042407689098414 0.0501986871091656 -0.8273596658365064 10
0.2679817209977072 0.0667282173405543 -0.8302880143808364 10
0.3016615097216858 0.0333492345188713 -0.8613903820398713 10
0.3219275617402875 -0.0153474150539338 -0.8474322800170374 10
0.3502502967207531 -0.1023624453206873 -0.7885027213339220 10
0.2854927813015359 -0.0538417118843172 -0.7685187013404804 10
0.3835435987124805 -0.1114809652166997 -0.7515654828523810 10
0.4151752544940343 -0.1141324703982902 -0.7812058556125528 10
0.3279454041974703 0.0591695090962283 -0.7411710077679422 10
0.3289513856458092 -0.0312785443082619 -0.7630000933217777 10
0.3134341817916083 -0.0125581038374780 -0.8023297169431767 10
0.3082839265565930 0.0091954590801515 -0.7356973168870525 10
0.2595553081902378 0.0389958824195171 -0.8218021373007748 10
0.3337337309066152 0.0299797247483179 -0.7657014741335146 10
0.3408909630823029 0.0461315467696237 -0.7915762665023323 10
0.2395251195125101 0.0591757864698720 -0.7896588434416625 10
0.2930762607953276 0.0520578364707258 -0.7611251190223113 10

Edges
40
1 21 4
3 1 4
4 3 4
5 4 4
6 5 4
7 6 4
8 7 4
9 8 4
10 9 4
11 10 4
12 11 4
13 12 4
14 13 4
15 14 4
16 15 4
17 16 4
18 17 4
19 18 4
20 19 4
21 20 4
2 22 5
40 2 5
39 40 5
38 39 5
37 38 5
36 37 5
35 36 5
34 35 5
33 34 5
32 33 5
31 32 5
30 31 5
29 30 5
28 29 5
27 28 5
26 27 5
25 26 5
24 25 5
23 24 5
22 23 5



Triangles
2576
858 767 41 6
43 1 21 6
52 128 42 6
56 125 55 6
195 633 614 6
195 44 43 6
45 635 196 6
41 80 196 6
46 44 47 6
43 44 46 6
174 80 139 6
139 80 41 6
46 47 66 6
59 174 139 6
117 115 118 6
119 122 48 6
70 371 49 6
84 53 98 6
248 372 103 6
100 51 50 6
51 309 52 6
52 50 51 6
42 50 52 6
55 54 53 6
53 84 55 6
55 84 56 6
309 57 127 6
127 52 309 6
128 52 127 6
58 249 54 6
54 55 58 6
58 55 125 6
59 138 795 6
174 59 173 6
4 3 66 6
154 66 47 6
46 1 43 6
41 767 139 6
159 94 60 6
61 80 174 6
47 44 176 6
62 198 197 6
87 614 71 6
622 45 88 6
648 62 64 6
63 86 64 6
64 86 648 6
144 180 142 6
372 364 136 6
136 364 137 6
134 75 371 6
65 75 134 6
91 4 66 6
59 795 67 6
68 619 618 6
180 619 68 6
103 129 130 6
130 127 103 6
69 163 70 6
70 58 69 6
108 87 71 6
622 88 93 6
365 316 72 6
73 110 74 6
121 159 122 6
179 364 365 6
137 364 179 6
74 75 161 6
161 75 65 6
708 627 170 6
170 149 708 6
147 129 103 6
70 163 135 6
60 94 76 6
76 77 60 6
618 631 151 6
122 159 132 6
132 159 60 6
167 42 128 6
125 56 126 6
21 20 78 6
78 20 633 6
78 43 21 6
79 859 858 6
635 859 79 6
858 41 79 6
123 631 649 6
649 77 123 6
80 61 81 6
81 61 97 6
81 88 80 6
82 176 44 6
178 176 82 6
44 87 82 6
50 42 83 6
124 56 84 6
67 795 85 6
92 67 85 6
5 4 91 6
5 91 90 6
146 50 83 6
124 84 120 6
132 60 86 6
108 178 82 6
108 82 87 6
81 97 93 6
88 81 93 6
76 123 77 6
188 172 126 6
91 154 89 6
89 90 91 6
66 154 91 6
153 173 67 6
67 92 153 6
67 173 59 6
77 649 648 6
648 86 77 6
77 86 60 6
108 71 651 6
106 622 93 6
114 117 96 6
96 94 114 6
94 96 95 6
61 112 97 6
178 102 176 6
98 99 120 6
120 84 98 6
120 99 119 6
146 370 100 6
100 50 146 6
116 370 146 6
96 117 116 6
97 131 93 6
108 157 178 6
76 94 95 6
112 111 97 6
178 162 102 6
101 154 102 6
112 173 109 6
57 248 104 6
103 127 104 6
104 248 103 6
104 127 57 6
105 49 249 6
105 58 70 6
70 49 105 6
249 58 105 6
107 93 131 6
106 93 107 6
157 108 141 6
141 108 651 6
160 94 159 6
114 94 160 6
315 110 109 6
109 110 73 6
101 316 155 6
72 316 101 6
111 112 73 6
73 112 109 6
72 102 162 6
101 102 72 6
107 113 106 6
651 148 141 6
115 117 114 6
114 247 115 6
116 117 118 6
118 370 116 6
119 48 124 6
119 124 120 6
95 96 142 6
379 380 121 6
122 119 121 6
151 631 123 6
76 151 123 6
151 76 95 6
190 56 124 6
124 48 190 6
58 125 69 6
69 125 126 6
163 69 172 6
69 126 172 6
130 128 127 6
167 128 130 6
166 130 129 6
166 167 130 6
150 157 141 6
107 131 184 6
132 48 122 6
63 48 132 6
63 132 86 6
170 627 697 6
170 697 133 6
188 126 189 6
134 371 70 6
134 70 135 6
134 135 65 6
103 372 136 6
147 103 136 6
137 147 136 6
46 66 3 6
3 1 46 6
138 59 139 6
139 767 138 6
698 133 697 6
181 167 133 6
183 107 184 6
113 107 183 6
150 141 140 6
140 141 148 6
143 142 96 6
96 116 143 6
144 142 143 6
83 42 152 6
145 83 144 6
145 143 116 6
144 143 145 6
145 116 146 6
83 145 146 6
135 163 171 6
169 129 147 6
148 708 140 6
140 708 149 6
149 150 140 6
183 741 113 6
151 68 618 6
142 180 68 6
142 68 95 6
95 68 151 6
144 83 152 6
180 144 152 6
315 109 173 6
173 153 315 6
154 101 155 6
155 89 154 6
135 156 65 6
131 156 184 6
184 156 171 6
171 156 135 6
137 158 147 6
150 158 157 6
169 158 150 6
147 158 169 6
160 380 247 6
160 121 380 6
160 159 121 6
247 114 160 6
156 161 65 6
74 161 73 6
73 161 111 6
137 179 158 6
72 179 365 6
162 179 72 6
163 172 171 6
150 149 169 6
169 166 129 6
698 181 133 6
182 698 164 6
181 698 182 6
133 167 165 6
166 170 165 6
165 167 166 6
165 170 133 6
168 149 170 6
168 166 169 6
169 149 168 6
170 166 168 6
171 172 185 6
175 174 173 6
175 112 61 6
61 174 175 6
173 112 175 6
154 47 177 6
176 102 177 6
177 47 176 6
177 102 154 6
97 111 131 6
111 156 131 6
111 161 156 6
157 162 178 6
157 158 162 6
158 179 162 6
181 42 167 6
152 42 181 6
186 188 738 6
379 121 119 6
119 99 379 6
164 619 182 6
182 619 180 6
180 152 182 6
181 182 152 6
185 741 183 6
183 184 185 6
171 185 184 6
185 186 741 6
188 186 187 6
185 172 187 6
187 186 185 6
187 172 188 6
193 738 188 6
188 189 193 6
56 190 191 6
189 126 191 6
191 190 189 6
191 126 56 6
192 738 193 6
193 189 192 6
194 48 63 6
190 48 194 6
63 197 194 6
196 635 79 6
196 79 41 6
78 633 195 6
43 78 195 6
195 614 87 6
195 87 44 6
88 45 196 6
80 88 196 6
64 62 197 6
63 64 197 6
189 197 198 6
198 192 189 6
194 197 189 6
190 194 189 6
878 879 384 6
208 7 6 6
212 200 199 6
266 329 219 6
215 201 305 6
217 339 271 6
220 205 221 6
200 235 202 6
225 232 329 6
201 203 227 6
339 282 224 6
204 206 205 6
387 90 89 6
387 210 208 6
153 92 389 6
384 207 389 6
209 236 208 6
208 210 209 6
384 253 318 6
318 207 384 6
288 219 211 6
241 215 291 6
349 212 243 6
373 216 287 6
239 218 269 6
287 216 270 6
213 218 239 6
219 329 214 6
219 214 211 6
319 201 215 6
241 319 215 6
296 200 212 6
349 296 212 6
218 221 391 6
218 391 269 6
268 217 216 6
373 268 216 6
213 221 218 6
216 217 270 6
291 215 305 6
377 262 359 6
266 219 288 6
420 223 220 6
221 213 220 6
271 426 222 6
271 270 217 6
243 212 199 6
202 234 276 6
202 199 200 6
223 422 204 6
204 220 223 6
205 220 204 6
224 424 426 6
426 271 224 6
224 271 339 6
280 231 225 6
329 266 225 6
227 430 428 6
227 305 201 6
226 431 430 6
430 227 226 6
226 227 203 6
228 516 424 6
424 224 228 6
228 224 282 6
231 230 229 6
229 225 231 6
232 225 229 6
343 233 234 6
234 202 343 6
343 202 235 6
422 518 335 6
335 204 422 6
206 204 335 6
343 235 294 6
336 206 335 6
228 282 297 6
7 236 8 6
208 236 7 6
920 253 879 6
879 253 384 6
238 237 287 6
373 287 237 6
288 237 238 6
237 288 211 6
239 240 290 6
240 239 269 6
290 240 291 6
241 291 240 6
242 244 243 6
349 243 244 6
292 244 242 6
247 380 246 6
203 255 226 6
317 255 203 6
229 245 232 6
232 245 327 6
307 247 246 6
261 248 57 6
249 49 250 6
251 523 252 6
252 523 337 6
265 442 475 6
263 442 265 6
253 256 254 6
254 256 255 6
257 321 236 6
245 321 257 6
448 556 367 6
367 303 448 6
344 258 259 6
259 260 344 6
268 261 340 6
293 250 391 6
295 262 294 6
246 262 295 6
345 243 199 6
301 287 270 6
301 252 337 6
213 239 264 6
263 265 264 6
266 288 306 6
289 291 305 6
294 262 267 6
267 262 377 6
267 343 294 6
372 248 390 6
268 373 390 6
390 373 372 6
392 49 371 6
392 269 391 6
371 269 392 6
300 271 222 6
270 271 300 6
420 220 272 6
272 220 213 6
228 297 273 6
274 336 335 6
332 273 297 6
336 274 352 6
308 261 57 6
249 250 341 6
275 202 276 6
199 202 275 6
277 278 394 6
321 245 394 6
279 286 382 6
279 255 256 6
280 225 338 6
338 225 266 6
304 227 428 6
305 227 304 6
322 281 285 6
285 281 286 6
285 256 322 6
284 10 9 6
278 10 284 6
9 321 284 6
282 339 298 6
299 205 206 6
235 200 283 6
283 200 296 6
350 303 357 6
394 278 284 6
394 284 321 6
285 286 279 6
256 285 279 6
290 263 264 6
290 264 239 6
301 337 238 6
287 301 238 6
238 337 306 6
238 306 288 6
289 263 290 6
291 289 290 6
243 345 242 6
242 260 292 6
307 246 295 6
261 308 340 6
293 341 250 6
294 235 283 6
294 283 295 6
307 283 296 6
307 295 283 6
297 282 298 6
297 298 354 6
347 354 298 6
299 206 336 6
353 299 336 6
299 353 342 6
475 420 272 6
272 265 475 6
272 213 264 6
265 272 264 6
300 222 251 6
251 252 300 6
301 270 300 6
301 300 252 6
395 302 448 6
448 303 395 6
259 334 333 6
333 260 259 6
275 276 482 6
345 199 275 6
304 428 521 6
289 305 304 6
522 280 338 6
338 266 306 6
310 115 247 6
247 307 310 6
310 307 296 6
308 57 309 6
309 347 308 6
54 249 341 6
341 342 54 6
311 118 115 6
310 311 115 6
311 296 349 6
296 311 310 6
316 365 312 6
316 312 324 6
211 214 312 6
324 312 214 6
313 74 110 6
314 313 110 6
313 319 241 6
319 313 314 6
314 110 315 6
155 316 324 6
207 318 317 6
254 318 253 6
318 255 317 6
255 318 254 6
327 209 210 6
236 209 257 6
327 245 209 6
257 209 245 6
207 317 325 6
314 325 319 6
320 327 210 6
214 320 324 6
8 236 321 6
321 9 8 6
256 253 920 6
920 322 256 6
221 205 293 6
293 391 221 6
340 339 217 6
217 268 340 6
323 324 320 6
155 324 323 6
325 314 388 6
388 314 315 6
326 329 232 6
326 327 320 6
232 327 326 6
203 201 328 6
325 317 328 6
328 317 203 6
328 201 319 6
325 328 319 6
214 329 326 6
214 326 320 6
330 532 331 6
331 366 330 6
377 366 331 6
332 292 260 6
332 260 333 6
333 273 332 6
303 350 352 6
395 303 352 6
352 274 395 6
323 89 155 6
323 320 210 6
315 153 388 6
207 325 388 6
333 334 516 6
228 273 516 6
273 333 516 6
518 274 335 6
345 344 242 6
242 344 260 6
336 352 353 6
354 332 297 6
521 442 263 6
289 521 263 6
289 304 521 6
337 523 522 6
337 522 306 6
522 338 306 6
298 339 340 6
347 298 340 6
308 347 340 6
293 205 299 6
293 299 342 6
293 342 341 6
331 267 377 6
343 267 331 6
331 233 343 6
233 331 532 6
482 258 344 6
345 275 482 6
345 482 344 6
332 354 355 6
355 292 332 6
355 354 362 6
346 309 51 6
347 309 346 6
53 54 348 6
348 54 342 6
349 244 368 6
368 311 349 6
350 358 361 6
362 100 356 6
118 311 368 6
348 342 353 6
353 351 348 6
351 353 361 6
361 353 352 6
352 350 361 6
354 347 346 6
346 362 354 6
355 362 356 6
244 292 356 6
355 356 292 6
357 303 367 6
359 358 357 6
367 366 357 6
357 358 350 6
358 359 375 6
351 361 360 6
360 361 358 6
51 100 362 6
362 346 51 6
351 98 53 6
53 348 351 6
74 363 75 6
240 269 363 6
241 240 363 6
313 363 74 6
363 313 241 6
364 374 365 6
374 373 237 6
374 237 211 6
365 374 312 6
211 312 374 6
330 366 556 6
556 366 367 6
118 368 370 6
370 368 369 6
244 356 369 6
369 368 244 6
100 370 369 6
100 369 356 6
75 269 371 6
363 269 75 6
372 373 364 6
364 373 374 6
360 358 375 6
360 99 98 6
375 99 360 6
98 351 360 6
359 262 381 6
262 246 381 6
375 359 381 6
376 377 359 6
376 357 366 6
366 377 376 6
359 357 376 6
378 379 99 6
378 375 381 6
99 375 378 6
246 380 379 6
379 381 246 6
379 378 381 6
230 277 393 6
245 229 393 6
393 229 230 6
383 382 431 6
383 226 255 6
431 226 383 6
92 85 386 6
878 384 386 6
386 85 878 6
6 5 385 6
385 5 90 6
385 208 6 6
389 92 386 6
389 386 384 6
385 90 387 6
208 385 387 6
387 89 323 6
387 323 210 6
388 153 389 6
207 388 389 6
390 248 261 6
268 390 261 6
250 49 392 6
250 392 391 6
279 382 383 6
279 383 255 6
393 277 394 6
245 393 394 6
518 302 395 6
518 395 274 6
576 1031 575 6
14 13 578 6
396 410 411 6
397 401 485 6
429 409 398 6
427 525 399 6
413 504 456 6
421 400 410 6
401 507 460 6
461 508 409 6
425 402 525 6
504 403 423 6
581 577 404 6
578 582 404 6
583 405 585 6
583 498 576 6
578 406 502 6
502 582 578 6
501 499 576 6
576 498 501 6
554 397 419 6
418 398 495 6
440 411 539 6
407 414 415 6
408 412 438 6
417 414 407 6
438 412 416 6
492 401 397 6
554 492 397 6
398 409 510 6
398 510 495 6
411 410 491 6
411 491 539 6
588 413 412 6
408 588 412 6
414 399 587 6
414 587 415 6
412 413 416 6
417 399 414 6
429 398 418 6
567 566 568 6
419 397 485 6
456 223 420 6
456 416 413 6
222 426 427 6
399 417 427 6
396 411 440 6
276 234 421 6
410 396 421 6
423 422 223 6
223 456 423 6
423 456 504 6
426 424 425 6
425 427 426 6
525 427 425 6
460 231 280 6
460 485 401 6
428 430 461 6
409 429 461 6
430 431 574 6
574 461 430 6
508 461 574 6
424 516 432 6
432 425 424 6
402 425 432 6
573 230 231 6
231 460 573 6
573 460 507 6
234 233 529 6
529 421 234 6
400 421 529 6
433 518 422 6
422 423 433 6
433 423 403 6
472 400 529 6
433 403 434 6
435 402 432 6
12 406 13 6
13 406 578 6
1031 499 1005 6
576 499 1031 6
407 553 436 6
553 407 415 6
436 553 419 6
554 419 553 6
467 437 438 6
408 438 437 6
418 437 467 6
437 418 495 6
440 439 519 6
439 440 539 6
519 439 536 6
469 720 719 6
574 444 508 6
508 444 500 6
507 594 573 6
503 594 507 6
469 719 473 6
458 604 586 6
589 441 667 6
479 523 251 6
524 523 479 6
475 442 476 6
476 442 451 6
443 445 499 6
444 445 443 6
406 447 446 6
446 447 594 6
449 556 448 6
448 480 449 6
259 258 520 6
520 514 259 6
505 586 587 6
588 589 470 6
472 566 450 6
450 566 469 6
396 440 483 6
417 407 465 6
524 479 465 6
478 438 416 6
478 476 451 6
466 419 485 6
429 418 468 6
530 566 472 6
568 566 530 6
472 529 530 6
452 604 561 6
452 415 587 6
561 415 452 6
454 441 453 6
588 408 453 6
453 408 454 6
222 427 455 6
455 427 417 6
477 456 420 6
416 456 477 6
517 435 432 6
433 434 596 6
435 517 535 6
457 596 434 6
458 586 527 6
487 589 667 6
276 421 533 6
533 421 396 6
593 278 277 6
593 594 447 6
382 286 590 6
445 444 590 6
459 460 280 6
485 460 459 6
428 461 484 6
484 461 429 6
11 10 462 6
462 10 278 6
462 447 11 6
286 281 464 6
463 445 464 6
464 281 463 6
526 525 402 6
403 504 528 6
471 410 400 6
491 410 471 6
546 480 540 6
462 278 593 6
447 462 593 6
590 286 464 6
590 464 445 6
478 451 467 6
438 478 467 6
436 524 465 6
436 465 407 6
466 524 436 6
419 466 436 6
467 451 468 6
467 468 418 6
519 483 440 6
536 514 519 6
450 469 473 6
505 527 586 6
589 487 470 6
471 400 472 6
450 471 472 6
491 471 473 6
471 450 473 6
526 402 435 6
474 526 435 6
526 474 545 6
434 403 528 6
434 528 543 6
488 543 528 6
477 420 475 6
475 476 477 6
478 416 477 6
478 477 476 6
251 222 455 6
455 479 251 6
455 417 465 6
479 455 465 6
448 302 595 6
595 480 448 6
481 334 259 6
259 514 481 6
482 276 533 6
533 396 483 6
521 428 484 6
484 429 468 6
459 280 522 6
466 485 459 6
719 486 490 6
490 473 719 6
491 473 490 6
607 458 527 6
527 545 607 6
487 667 608 6
608 488 487 6
486 674 489 6
486 489 490 6
539 491 489 6
490 489 491 6
494 624 670 6
493 494 670 6
494 492 554 6
492 494 493 6
497 551 552 6
497 552 496 6
495 510 552 6
496 552 510 6
506 497 496 6
493 670 669 6
500 501 498 6
499 501 443 6
500 444 501 6
443 501 444 6
582 502 503 6
446 502 406 6
502 594 503 6
594 502 446 6
511 500 498 6
510 511 496 6
582 503 513 6
493 513 492 6
447 406 12 6
12 11 447 6
1005 499 445 6
445 463 1005 6
470 504 413 6
413 588 470 6
399 525 505 6
505 587 399 6
513 493 515 6
515 493 669 6
584 496 511 6
506 496 584 6
507 401 512 6
513 503 512 6
512 503 507 6
509 409 508 6
509 500 511 6
508 500 509 6
510 409 509 6
510 509 511 6
512 401 492 6
513 512 492 6
531 532 330 6
330 547 531 6
531 547 568 6
514 536 535 6
481 514 535 6
535 517 481 6
457 540 480 6
457 480 595 6
595 596 457 6
669 581 515 6
582 513 515 6
584 585 506 6
584 511 498 6
516 334 481 6
516 517 432 6
516 481 517 6
433 596 518 6
519 520 483 6
514 520 519 6
543 457 434 6
435 535 474 6
451 442 521 6
451 521 468 6
521 484 468 6
522 523 524 6
466 522 524 6
466 459 522 6
505 525 526 6
505 526 545 6
505 545 527 6
528 504 470 6
488 528 470 6
487 488 470 6
568 530 531 6
531 530 529 6
529 233 531 6
532 531 233 6
520 258 482 6
482 533 483 6
520 482 483 6
534 474 535 6
535 536 534 6
542 474 534 6
605 607 544 6
544 607 545 6
537 608 538 6
488 608 537 6
558 439 539 6
539 489 558 6
549 550 540 6
541 656 542 6
558 489 674 6
543 488 537 6
537 548 543 6
549 543 548 6
457 543 549 6
549 540 457 6
544 545 474 6
474 542 544 6
541 542 534 6
541 536 439 6
536 541 534 6
449 480 546 6
546 550 567 6
546 547 449 6
540 550 546 6
562 567 550 6
564 549 548 6
550 549 564 6
542 656 605 6
605 544 542 6
538 563 548 6
548 537 538 6
617 560 551 6
560 408 437 6
560 437 495 6
551 560 552 6
495 552 560 6
624 555 616 6
553 415 555 6
554 553 555 6
494 555 624 6
555 494 554 6
556 547 330 6
449 547 556 6
557 558 674 6
559 558 557 6
559 541 439 6
439 558 559 6
559 557 656 6
541 559 656 6
454 408 617 6
617 408 560 6
616 415 561 6
555 415 616 6
562 550 564 6
563 571 564 6
564 571 562 6
564 548 563 6
565 566 567 6
565 469 566 6
565 567 562 6
567 568 569 6
547 546 569 6
569 568 547 6
569 546 567 6
571 572 570 6
565 562 570 6
570 562 571 6
572 720 469 6
469 565 572 6
565 570 572 6
592 277 230 6
592 573 594 6
230 573 592 6
431 382 591 6
444 574 591 6
591 574 431 6
575 1189 579 6
579 1189 405 6
579 576 575 6
580 15 14 6
577 15 580 6
14 578 580 6
579 405 583 6
576 579 583 6
404 577 580 6
404 580 578 6
515 581 404 6
582 515 404 6
583 585 584 6
583 584 498 6
586 604 452 6
586 452 587 6
453 441 589 6
588 453 589 6
591 382 590 6
444 591 590 6
593 277 592 6
593 592 594 6
595 302 518 6
596 595 518 6
612 696 1124 6
19 18 751 6
702 597 606 6
609 682 746 6
614 633 750 6
751 752 750 6
598 635 45 6
598 599 612 6
600 752 694 6
694 752 751 6
695 599 602 6
612 599 695 6
610 600 694 6
695 602 601 6
674 486 653 6
603 677 739 6
441 454 628 6
563 538 645 6
662 561 604 6
643 605 656 6
606 607 605 6
605 643 606 6
606 643 702 6
538 608 609 6
609 645 538 6
746 645 609 6
664 458 607 6
607 606 664 6
664 606 597 6
608 667 665 6
665 609 608 6
682 609 665 6
641 1107 601 6
661 601 602 6
610 17 16 6
600 610 611 6
751 18 694 6
695 696 612 6
613 630 623 6
734 752 600 6
602 599 639 6
755 198 62 6
71 614 646 6
753 45 622 6
754 62 648 6
754 650 689 6
648 650 754 6
700 615 701 6
693 616 561 6
715 616 693 6
454 617 692 6
692 617 626 6
610 16 647 6
642 641 601 6
618 619 710 6
710 619 615 6
683 620 662 6
662 664 683 6
628 706 621 6
621 665 628 6
71 646 658 6
652 753 622 6
723 670 624 6
551 497 668 6
677 623 676 6
624 616 625 6
625 616 715 6
722 617 551 6
626 617 722 6
728 627 708 6
708 707 728 6
662 620 718 6
691 706 628 6
629 630 613 6
613 637 629 6
679 631 618 6
688 623 677 6
613 623 688 6
597 702 632 6
748 746 682 6
634 20 19 6
633 20 634 6
19 751 634 6
636 859 635 6
636 612 1124 6
1124 859 636 6
649 631 678 6
678 637 649 6
638 639 599 6
736 639 638 6
599 753 638 6
752 734 640 6
640 734 654 6
640 646 752 6
711 702 643 6
645 746 681 6
642 405 1189 6
641 642 1189 6
647 16 15 6
577 647 15 6
711 643 655 6
644 645 681 6
650 613 688 6
640 654 658 6
646 640 658 6
652 736 638 6
652 638 753 6
637 678 629 6
748 731 690 6
581 611 647 6
647 577 581 6
647 611 610 6
642 661 585 6
585 405 642 6
601 661 642 6
648 649 637 6
637 650 648 6
613 650 637 6
651 71 658 6
652 622 106 6
699 653 673 6
673 630 699 6
675 699 630 6
736 660 639 6
734 735 654 6
644 571 563 6
563 645 644 6
739 571 644 6
656 557 655 6
655 643 656 6
655 557 705 6
705 653 699 6
652 657 736 6
654 685 658 6
675 630 629 6
736 671 660 6
735 659 654 6
735 611 672 6
712 661 660 6
663 604 458 6
663 664 662 6
662 604 663 6
458 664 663 6
667 441 666 6
628 665 666 6
666 441 628 6
666 665 667 6
657 652 687 6
687 652 106 6
684 658 685 6
651 658 684 6
623 630 721 6
721 630 673 6
712 497 506 6
668 497 712 6
669 670 672 6
672 670 723 6
668 660 671 6
712 660 668 6
659 735 723 6
723 735 672 6
106 113 687 6
684 148 651 6
673 653 486 6
486 719 673 6
674 653 705 6
705 557 674 6
681 603 739 6
644 681 739 6
700 699 675 6
676 720 572 6
676 739 677 6
678 631 679 6
678 679 629 6
675 629 679 6
681 746 680 6
680 603 681 6
621 682 665 6
748 682 621 6
731 621 706 6
731 748 621 6
664 597 683 6
683 597 632 6
620 683 730 6
683 632 730 6
684 685 716 6
686 657 687 6
677 603 688 6
688 603 689 6
650 688 689 6
697 627 728 6
725 697 728 6
756 748 690 6
628 454 692 6
691 628 692 6
626 691 692 6
693 561 662 6
693 662 718 6
693 718 715 6
17 610 694 6
694 18 17 6
695 601 1107 6
1107 696 695 6
697 725 698 6
725 632 726 6
686 687 742 6
742 687 113 6
709 684 716 6
148 684 709 6
699 700 704 6
704 705 699 6
704 700 701 6
737 702 711 6
701 711 703 6
705 704 703 6
703 704 701 6
655 705 703 6
655 703 711 6
714 706 691 6
718 620 724 6
709 708 148 6
707 708 709 6
709 716 707 6
113 741 742 6
618 710 679 6
710 615 700 6
675 710 700 6
679 710 675 6
737 711 701 6
737 701 615 6
661 712 506 6
506 585 661 6
669 672 611 6
611 581 669 6
626 713 691 6
686 713 657 6
714 713 686 6
691 713 714 6
718 717 715 6
685 717 716 6
716 717 724 6
724 717 718 6
719 720 721 6
720 676 721 6
676 623 721 6
721 673 719 6
626 722 713 6
668 722 551 6
671 722 668 6
717 625 715 6
624 625 723 6
723 625 659 6
714 731 706 6
724 707 716 6
620 730 724 6
725 726 698 6
164 698 740 6
740 698 726 6
727 632 725 6
727 728 730 6
730 632 727 6
725 728 727 6
728 707 729 6
724 730 729 6
729 707 724 6
729 730 728 6
744 731 714 6
661 602 732 6
639 660 732 6
732 602 639 6
732 660 661 6
733 600 611 6
733 735 734 6
734 600 733 6
611 735 733 6
657 671 736 6
657 713 671 6
713 722 671 6
654 659 685 6
659 717 685 6
659 625 717 6
632 702 726 6
726 702 737 6
738 690 186 6
739 676 572 6
572 571 739 6
740 619 164 6
615 619 740 6
740 737 615 6
737 740 726 6
742 741 744 6
744 686 742 6
686 744 714 6
741 186 744 6
743 186 690 6
743 731 744 6
744 186 743 6
690 731 743 6
690 738 745 6
745 756 690 6
747 680 746 6
747 748 756 6
756 680 747 6
746 748 747 6
745 738 192 6
192 756 745 6
689 603 749 6
749 603 680 6
749 755 689 6
636 635 598 6
612 636 598 6
750 633 634 6
750 634 751 6
646 614 750 6
752 646 750 6
598 45 753 6
598 753 599 6
755 62 754 6
755 754 689 6
198 755 756 6
756 192 198 6
756 755 749 6
756 749 680 6
22 2 768 6
759 767 858 6
757 1208 758 6
757 760 759 6
758 760 757 6
789 782 759 6
759 760 789 6
787 761 788 6
788 761 793 6
761 762 793 6
787 808 761 6
848 770 851 6
806 1211 805 6
775 1118 763 6
814 775 763 6
775 813 792 6
813 775 814 6
814 763 764 6
814 764 838 6
922 826 827 6
967 819 765 6
819 766 791 6
787 788 760 6
767 782 138 6
759 782 767 6
790 788 793 6
838 768 809 6
769 776 864 6
770 848 864 6
864 776 770 6
829 828 771 6
974 931 772 6
762 828 772 6
772 931 762 6
866 1125 1186 6
866 861 808 6
774 1198 773 6
804 1198 774 6
871 974 872 6
862 1186 1185 6
777 776 1118 6
777 775 770 6
770 776 777 6
1118 775 777 6
817 951 778 6
799 780 779 6
828 762 807 6
807 771 828 6
863 808 861 6
781 794 782 6
790 794 781 6
876 976 874 6
794 790 874 6
783 85 795 6
976 85 783 6
795 794 783 6
770 775 784 6
784 775 792 6
820 813 785 6
786 1218 1125 6
786 808 787 6
789 760 788 6
782 789 781 6
788 790 789 6
781 789 790 6
786 758 1218 6
786 787 760 6
760 758 786 6
820 792 813 6
791 792 820 6
877 931 929 6
877 793 762 6
762 931 877 6
138 782 794 6
794 795 138 6
770 784 851 6
796 803 809 6
40 803 796 6
825 841 827 6
827 797 825 6
811 798 812 6
799 798 811 6
810 803 815 6
809 803 810 6
792 791 800 6
800 784 792 6
805 802 801 6
867 837 798 6
867 799 804 6
798 799 867 6
803 40 39 6
796 768 2 6
796 2 40 6
809 768 796 6
779 1198 804 6
804 799 779 6
823 812 798 6
840 841 824 6
801 806 805 6
761 807 762 6
808 807 761 6
863 771 807 6
807 808 863 6
809 810 785 6
820 810 765 6
810 815 765 6
810 820 785 6
868 780 799 6
811 868 799 6
830 812 831 6
823 831 812 6
778 831 823 6
813 814 785 6
785 814 838 6
838 809 785 6
803 39 815 6
839 816 817 6
817 778 839 6
765 819 818 6
791 820 818 6
818 819 791 6
818 820 765 6
870 951 871 6
39 38 822 6
821 815 822 6
822 38 821 6
822 815 39 6
1185 780 873 6
873 780 868 6
823 839 778 6
825 797 824 6
824 841 825 6
798 837 846 6
846 823 798 6
826 816 844 6
844 827 826 6
840 869 843 6
797 827 844 6
832 812 830 6
771 830 829 6
833 830 771 6
828 829 872 6
831 829 830 6
870 829 831 6
862 833 861 6
832 833 868 6
868 833 873 6
830 833 832 6
836 835 834 6
840 843 842 6
842 843 836 6
802 769 865 6
848 869 865 6
797 837 854 6
824 797 854 6
854 806 824 6
764 1123 838 6
844 816 839 6
839 823 846 6
844 839 846 6
967 765 815 6
815 821 967 6
841 840 842 6
921 841 842 6
836 834 842 6
842 834 921 6
853 840 824 6
869 840 853 6
824 806 853 6
843 851 857 6
857 836 843 6
837 797 845 6
844 846 845 6
845 797 844 6
845 846 837 6
849 23 22 6
1123 23 849 6
848 851 847 6
843 869 847 6
847 851 843 6
847 869 848 6
849 838 1123 6
768 838 849 6
849 22 768 6
766 850 852 6
852 791 766 6
851 784 800 6
800 791 852 6
854 837 774 6
853 806 801 6
869 853 801 6
855 1211 806 6
855 854 774 6
806 854 855 6
773 1211 855 6
773 855 774 6
852 857 800 6
851 800 857 6
841 921 922 6
922 827 841 6
835 836 856 6
857 852 856 6
856 836 857 6
850 835 856 6
850 856 852 6
858 859 860 6
860 859 1208 6
860 759 858 6
860 1208 757 6
759 860 757 6
874 976 783 6
874 783 794 6
866 1186 862 6
866 862 861 6
833 771 863 6
833 863 861 6
872 974 772 6
828 872 772 6
865 769 864 6
848 865 864 6
786 1125 866 6
808 786 866 6
778 951 870 6
778 870 831 6
867 804 774 6
867 774 837 6
811 812 832 6
868 811 832 6
801 802 865 6
801 865 869 6
870 871 872 6
829 870 872 6
862 1185 873 6
862 873 833 6
874 790 875 6
875 876 874 6
929 876 875 6
929 875 877 6
875 790 793 6
877 875 793 6
881 879 878 6
37 36 880 6
975 976 876 6
975 883 881 6
876 883 975 6
967 821 977 6
880 968 977 6
908 882 914 6
880 898 911 6
911 968 880 6
918 882 881 6
881 883 918 6
884 885 906 6
886 885 884 6
885 907 906 6
886 905 885 6
886 884 895 6
916 884 906 6
1066 1007 887 6
879 882 920 6
881 882 879 6
35 898 36 6
36 898 880 6
968 888 966 6
909 888 899 6
947 1021 889 6
905 1021 947 6
889 946 947 6
890 1051 903 6
890 933 913 6
913 1051 890 6
817 816 981 6
984 891 1077 6
984 986 950 6
850 766 964 6
964 892 850 6
893 894 957 6
957 894 895 6
1007 891 896 6
950 887 896 6
896 887 1007 6
980 921 834 6
980 935 958 6
834 935 980 6
897 1013 961 6
898 900 910 6
910 900 899 6
835 850 901 6
901 850 892 6
902 903 1009 6
34 33 939 6
939 33 995 6
939 900 34 6
1019 1021 904 6
905 886 904 6
904 1021 905 6
973 931 974 6
973 906 907 6
907 931 973 6
928 970 938 6
908 914 938 6
926 1043 915 6
926 909 899 6
888 968 911 6
910 911 898 6
911 899 888 6
899 911 910 6
909 913 912 6
912 913 933 6
938 914 946 6
915 1051 926 6
913 909 926 6
926 1051 913 6
916 906 973 6
904 894 1019 6
904 886 895 6
895 894 904 6
900 898 35 6
35 34 900 6
917 919 930 6
918 883 919 6
883 930 919 6
914 882 919 6
919 882 918 6
920 882 908 6
908 322 920 6
934 892 912 6
912 933 934 6
948 922 921 6
923 952 924 6
888 909 925 6
925 966 888 6
925 909 912 6
940 926 899 6
1043 926 940 6
927 935 901 6
928 946 889 6
938 946 928 6
876 929 932 6
932 883 876 6
930 883 932 6
932 929 931 6
931 907 932 6
932 907 930 6
892 934 927 6
927 901 892 6
944 934 933 6
933 902 944 6
935 834 835 6
835 901 935 6
884 916 936 6
936 895 884 6
937 955 953 6
885 917 907 6
905 917 885 6
917 930 907 6
938 970 908 6
939 995 1043 6
940 939 1043 6
939 899 900 6
899 939 940 6
937 958 963 6
1066 887 941 6
941 887 955 6
946 914 942 6
942 914 919 6
1013 1066 941 6
941 961 1013 6
955 961 941 6
927 934 943 6
943 934 944 6
936 916 952 6
936 952 923 6
936 945 956 6
923 945 936 6
942 919 917 6
917 905 942 6
946 942 947 6
942 905 947 6
953 948 937 6
948 958 937 6
949 950 988 6
887 950 949 6
951 817 982 6
924 952 982 6
982 952 951 6
985 1077 893 6
954 988 983 6
953 955 949 6
949 954 953 6
949 955 887 6
949 988 954 6
961 987 897 6
1009 897 987 6
902 987 944 6
987 902 1009 6
893 957 985 6
986 957 956 6
985 957 986 6
957 895 936 6
956 957 936 6
959 958 935 6
959 943 963 6
963 958 959 6
960 961 963 6
963 943 960 6
987 961 960 6
955 937 962 6
963 961 962 6
962 937 963 6
962 961 955 6
989 945 983 6
989 950 986 6
965 892 964 6
964 966 965 6
912 892 965 6
925 912 965 6
925 965 966 6
992 953 954 6
766 819 964 6
966 964 819 6
983 924 981 6
954 983 981 6
819 967 979 6
968 966 979 6
979 966 819 6
878 85 969 6
969 85 976 6
969 881 878 6
322 908 971 6
970 281 971 6
971 908 970 6
971 281 322 6
821 38 978 6
37 880 978 6
978 38 37 6
972 952 916 6
916 973 972 6
974 871 972 6
974 972 973 6
972 871 951 6
952 972 951 6
969 976 975 6
881 969 975 6
977 821 978 6
977 978 880 6
979 967 977 6
968 979 977 6
948 921 980 6
958 948 980 6
890 903 902 6
890 902 933 6
927 943 959 6
927 959 935 6
896 891 984 6
950 896 984 6
982 817 981 6
924 982 981 6
983 945 923 6
924 983 923 6
984 1077 985 6
984 985 986 6
956 945 989 6
956 989 986 6
960 943 944 6
987 960 944 6
988 950 989 6
988 989 983 6
948 953 990 6
990 922 948 6
990 953 992 6
981 816 991 6
992 954 991 6
991 954 981 6
991 816 826 6
992 991 826 6
826 922 990 6
826 990 992 6
999 1005 463 6
32 31 993 6
994 970 928 6
994 1035 999 6
928 1035 994 6
1043 995 996 6
993 1041 996 6
1088 1030 1045 6
993 1006 997 6
997 1041 993 6
998 1030 999 6
999 1035 998 6
1054 1055 1025 6
1002 1001 1036 6
1036 1001 1000 6
1002 1038 1001 6
1001 1020 1000 6
1002 1036 1093 6
1037 1036 1000 6
1004 1074 1003 6
1004 1067 1008 6
1003 1067 1004 6
1008 1070 1004 6
1005 1030 1031 6
999 1030 1005 6
30 1006 31 6
31 1006 993 6
1041 1025 1042 6
1054 1025 1011 6
1047 1112 1109 6
1038 1112 1047 6
1109 1032 1047 6
897 1009 1073 6
1065 1135 1133 6
1078 1135 1065 6
1098 891 1007 6
1098 1003 1074 6
1007 1003 1098 6
1120 1083 1097 6
1070 1008 1097 6
1153 1150 1027 6
1071 1009 903 6
1017 1191 1106 6
1017 1011 1028 6
1106 1011 1017 6
1006 1028 1010 6
1010 1028 1011 6
1064 1133 1012 6
1013 897 1057 6
1084 1150 1014 6
29 28 1018 6
1018 28 1191 6
1018 1028 29 6
1068 1007 1066 6
1003 1007 1068 6
1141 1120 1015 6
1008 1016 1015 6
1015 1016 1141 6
1018 1191 1017 6
1028 1018 1017 6
1026 1021 1019 6
1026 1000 1020 6
1020 1021 1026 6
1022 1112 1023 6
1038 1002 1023 6
1023 1112 1038 6
1110 1209 1024 6
1088 1045 1024 6
1025 1041 997 6
1010 997 1006 6
997 1011 1025 6
1011 997 1010 6
1024 1045 1032 6
1023 1002 1093 6
1037 1000 1026 6
1027 1106 1153 6
1027 1054 1011 6
1011 1106 1027 6
1028 1006 30 6
30 29 1028 6
1039 1029 1033 6
998 1035 1029 6
1035 1033 1029 6
1045 1030 1029 6
1029 1030 998 6
1031 1030 1088 6
1088 575 1031 6
1069 1066 1013 6
1110 1032 1109 6
1024 1032 1110 6
928 889 1034 6
1034 1035 928 6
1033 1035 1034 6
1034 889 1021 6
1021 1020 1034 6
1034 1020 1033 6
1101 1093 1036 6
1036 1037 1101 6
1038 1039 1001 6
1001 1039 1020 6
1039 1033 1020 6
1024 1209 1088 6
1040 1056 1049 6
1041 1042 1096 6
915 1043 1096 6
1032 1045 1044 6
1044 1045 1029 6
1046 1004 1070 6
1074 1004 1046 6
1073 1009 1071 6
1073 1072 1058 6
1044 1029 1039 6
1039 1038 1044 6
1032 1044 1047 6
1044 1038 1047 6
1079 1055 1050 6
1048 1025 1055 6
1048 1085 1042 6
1042 1025 1048 6
1055 1085 1048 6
1073 1057 897 6
1049 1057 1058 6
1057 1073 1058 6
1084 1078 1079 6
1050 1084 1079 6
1085 1051 1100 6
1100 1042 1085 6
1100 1051 915 6
1079 1072 1052 6
1085 1055 1052 6
1052 1055 1079 6
1049 1058 1053 6
1053 1040 1049 6
1027 1150 1050 6
1050 1150 1084 6
1054 1050 1055 6
1027 1050 1054 6
1057 1069 1013 6
1056 1069 1049 6
1069 1057 1049 6
1058 1072 1053 6
1059 893 1063 6
1099 1060 1101 6
1086 1060 1061 6
1061 1060 1046 6
1101 1060 1062 6
1062 1060 1086 6
1099 1059 1063 6
1065 1133 1064 6
1078 1065 1053 6
1040 1064 1016 6
1040 1053 1064 6
1053 1065 1064 6
1093 1101 1062 6
1062 1086 1091 6
894 893 1059 6
1019 894 1026 6
1037 1026 894 6
1037 894 1059 6
1086 1116 1091 6
1068 1066 1069 6
1067 1003 1068 6
1067 1068 1056 6
1068 1069 1056 6
1061 1046 1070 6
893 1077 1063 6
1052 1071 1085 6
1072 1073 1071 6
1052 1072 1071 6
1074 1046 1082 6
1082 1063 1077 6
1008 1067 1075 6
1075 1016 1008 6
1082 1077 1076 6
1076 1074 1082 6
1076 1077 891 6
1080 1079 1078 6
1080 1053 1072 6
1072 1079 1080 6
1078 1053 1080 6
1082 1046 1081 6
1081 1063 1082 6
1081 1046 1060 6
1061 1070 1087 6
1083 1116 1087 6
1012 1141 1016 6
1016 1064 1012 6
1078 1084 1014 6
1014 1135 1078 6
903 1051 1085 6
1085 1071 903 6
1087 1116 1086 6
1061 1087 1086 6
1075 1040 1016 6
1056 1040 1075 6
1075 1067 1056 6
575 1088 1089 6
1209 1189 1089 6
1089 1088 1209 6
1089 1189 575 6
463 281 1095 6
1095 281 970 6
1095 999 463 6
995 33 1090 6
32 993 1090 6
1090 33 32 6
1094 1091 1092 6
1062 1091 1094 6
1094 1092 1022 6
1093 1062 1094 6
1094 1023 1093 6
1023 1094 1022 6
1095 970 994 6
999 1095 994 6
996 995 1090 6
996 1090 993 6
1096 1043 996 6
1041 1096 996 6
1015 1120 1097 6
1008 1015 1097 6
1097 1083 1087 6
1097 1087 1070 6
1076 891 1098 6
1074 1076 1098 6
1081 1060 1099 6
1063 1081 1099 6
1100 915 1096 6
1042 1100 1096 6
1099 1101 1037 6
1059 1099 1037 6
1102 1107 641 6
27 26 1203 6
1210 1209 1110 6
1210 1129 1102 6
1104 1103 1102 6
1102 1129 1104 6
1186 1125 1127 6
1186 1127 1131 6
1127 1146 1213 6
1214 1112 1022 6
1178 1214 1022 6
1178 1022 1092 6
1105 1153 1106 6
1105 1106 1202 6
1111 1128 1129 6
1107 1103 696 6
1102 1103 1107 6
1108 1110 1109 6
1108 1111 1129 6
1109 1111 1108 6
1113 1109 1112 6
1113 1214 1111 6
1111 1109 1113 6
1112 1214 1113 6
1114 1121 1103 6
1216 1121 1114 6
1143 1120 1141 6
1141 1142 1143 6
1211 773 1115 6
1174 1091 1116 6
1116 1172 1174 6
776 769 1163 6
1163 1117 776 6
1156 1014 1150 6
1118 776 1119 6
1117 1160 1119 6
1119 776 1117 6
1173 1083 1120 6
758 1208 1122 6
1121 1216 1122 6
1184 23 1123 6
24 23 1184 6
1207 859 1124 6
1208 859 1207 6
1124 1121 1207 6
1187 1160 1152 6
1125 1218 1126 6
1126 1127 1125 6
1146 1127 1126 6
1104 1129 1128 6
1103 1104 1114 6
1128 1213 1146 6
1149 1196 1217 6
696 1103 1121 6
1121 1124 696 6
25 1183 1132 6
1196 1149 1130 6
1130 1149 1147 6
1131 1181 1201 6
1183 25 24 6
1184 1183 24 6
1132 1203 26 6
1132 26 25 6
1152 1151 1187 6
1187 1151 1205 6
1115 773 1193 6
1193 1147 1115 6
1147 1193 1130 6
1183 1204 1132 6
1133 1135 1134 6
1176 1138 1134 6
1134 1135 1176 6
1134 1138 1133 6
1136 1213 1181 6
1136 1131 1127 6
1127 1213 1136 6
1181 1131 1136 6
1105 1202 1206 6
1205 1151 1206 6
1206 1151 1105 6
1181 1213 1137 6
1214 1178 1137 6
1137 1178 1181 6
1012 1133 1139 6
1139 1133 1138 6
1139 1138 1215 6
1215 1142 1139 6
1140 1128 1111 6
1111 1214 1140 6
1213 1128 1140 6
1142 1141 1012 6
1012 1139 1142 6
1106 1191 1202 6
1120 1143 1173 6
1143 1142 1217 6
1159 1176 1156 6
1144 1215 1138 6
1149 1215 1161 6
1145 1146 1216 6
1145 1104 1128 6
1128 1146 1145 6
1176 1159 1154 6
1161 1215 1144 6
1147 1149 1148 6
1161 1148 1149 6
1157 1150 1153 6
1150 1157 1156 6
1151 1152 1157 6
1105 1157 1153 6
1157 1105 1151 6
1144 1138 1176 6
1154 1144 1176 6
1162 1144 1154 6
1169 1194 1167 6
1157 1152 1155 6
1159 1156 1155 6
1155 1152 1159 6
1155 1156 1157 6
1154 1159 1158 6
1154 1158 1162 6
1160 1117 1158 6
1158 1152 1160 6
1159 1152 1158 6
1194 1170 1167 6
1161 1162 1164 6
1164 1148 1161 6
1144 1162 1161 6
1169 1172 1173 6
802 805 1164 6
1148 1164 805 6
1163 769 802 6
1164 1162 1163 6
802 1164 1163 6
1165 1158 1117 6
1165 1163 1162 6
1162 1158 1165 6
1117 1163 1165 6
1166 1169 1167 6
1172 1169 1166 6
763 1118 1168 6
1173 1143 1197 6
1197 1169 1173 6
805 1211 1212 6
1147 1148 1212 6
1212 1148 805 6
1171 779 780 6
1170 779 1171 6
1172 1116 1083 6
1083 1173 1172 6
1174 1172 1166 6
1174 1166 1175 6
1170 1182 1167 6
1171 1182 1170 6
1014 1156 1176 6
1176 1135 1014 6
1091 1174 1177 6
1177 1174 1175 6
1198 779 1199 6
1199 779 1170 6
1092 1091 1177 6
1177 1178 1092 6
1180 1177 1175 6
1178 1177 1180 6
1179 1166 1167 6
1167 1182 1179 6
1175 1166 1179 6
1180 1181 1178 6
1175 1179 1180 6
1201 1181 1180 6
1182 1201 1179 6
1179 1201 1180 6
1199 1170 1194 6
1194 1193 1199 6
1171 1201 1182 6
1183 1184 1222 6
1204 1183 1222 6
1185 1186 1200 6
1200 1186 1131 6
1123 764 1221 6
1222 1184 1221 6
1221 1184 1123 6
1187 1205 1188 6
641 1189 1190 6
1190 1189 1209 6
1190 1102 641 6
1191 28 1192 6
27 1203 1192 6
1192 28 27 6
1195 1193 1194 6
1194 1169 1195 6
1197 1196 1195 6
1197 1195 1169 6
1188 1205 1204 6
1222 1188 1204 6
1193 773 1198 6
1198 1199 1193 6
1168 1160 1187 6
1188 1168 1187 6
780 1185 1200 6
1201 1171 1200 6
1200 1131 1201 6
780 1200 1171 6
1202 1203 1204 6
1204 1203 1132 6
1206 1202 1204 6
1205 1206 1204 6
1122 1208 1207 6
1122 1207 1121 6
1190 1209 1210 6
1102 1190 1210 6
1210 1110 1108 6
1210 1108 1129 6
1212 1211 1115 6
1147 1212 1115 6
1137 1213 1140 6
1137 1140 1214 6
1215 1149 1217 6
1215 1217 1142 6
1168 1118 1119 6
1160 1168 1119 6
1145 1216 1114 6
1104 1145 1114 6
1130 1193 1195 6
1130 1195 1196 6
1202 1191 1192 6
1202 1192 1203 6
1197 1143 1217 6
1196 1197 1217 6
1219 758 1122 6
1122 1216 1219 6
1220 1188 1222 6
1168 1188 1220 6
1218 758 1219 6
1218 1219 1126 6
1219 1216 1146 6
1126 1219 1146 6
1220 764 763 6
1168 1220 763 6
1221 764 1220 6
1221 1220 1222 6
1227 1256 1228 2
1224 1257 1229 2
1225 1258 1230 2
1231 1226 1259 2
1224 1229 1232 2
1227 1228 1233 2
1224 1234 1230 2
1231 1235 1226 2
1229 1226 1236 2
1227 1237 1231 2
1228 1225 1238 2
1225 1230 1239 2
1228 1240 1225 2
1229 1241 1226 2
1227 1231 1243 2
1224 1230 1242 2
16 1236 17 2
21 1237 1 2
6 1238 7 2
3 1233 4 2
18 1235 19 2
13 1232 14 2
12 11 1234 2
8 1239 9 2
1241 1229 1257 2
1243 1231 1259 2
1230 1258 1242 2
1240 1228 1256 2
7 1238 1245 2
17 1236 1246 2
3 1247 1233 2
12 1234 1244 2
13 1244 1232 2
8 1245 1239 2
18 1246 1235 2
1 1237 1247 2
7 1245 8 2
12 1244 13 2
17 1246 18 2
3 1 1247 2
1236 1226 1246 2
1235 1246 1226 2
1233 1247 1227 2
1225 1239 1245 2
1224 1244 1234 2
1224 1232 1244 2
1225 1245 1238 2
1227 1247 1237 2
1223 1256 1243 2
1240 1223 1258 2
1241 1223 1259 2
1223 1257 1242 2
1241 1257 1223 2
1240 1256 1223 2
1223 1242 1258 2
1223 1243 1259 2
19 1248 20 2
15 1249 16 2
5 4 1250 2
10 1251 11 2
14 1252 15 2
6 5 1253 2
21 20 1254 2
9 1255 10 2
19 1235 1248 2
4 1233 1250 2
16 1249 1236 2
11 1251 1234 2
1232 1229 1252 2
1228 1238 1253 2
1231 1237 1254 2
1239 1230 1255 2
1235 1231 1248 2
1233 1228 1250 2
1234 1251 1230 2
1229 1236 1249 2
21 1254 1237 2
6 1253 1238 2
14 1232 1252 2
9 1239 1255 2
1240 1258 1225 2
1241 1259 1226 2
1224 1242 1257 2
1227 1243 1256 2
1229 1249 1252 2
1228 1253 1250 2
1231 1254 1248 2
1251 1255 1230 2
10 1255 1251 2
5 1250 1253 2
15 1252 1249 2
20 1248 1254 2
1266 1263 1288 3
1264 1274 1266 3
1266 1275 1263 3
1264 1266 1276 3
27 1268 28 3
39 38 1267 3
37 1283 1281 3
31 1270 32 3
36 1283 37 3
34 1269 35 3
32 1270 1284 3
1262 1272 1267 3
1261 1268 1271 3
1264 1271 1268 3
1267 1272 1263 3
1262 1269 1273 3
1265 1273 1269 3
1261 1277 1270 3
1265 1270 1277 3
38 1281 1267 3
28 1268 1282 3
27 1279 1268 3
39 1267 1280 3
34 1278 1269 3
29 1282 1285 3
29 1285 30 3
1266 1288 1276 3
31 1285 1270 3
35 1269 1283 3
1261 1282 1268 3
1262 1267 1281 3
1264 1268 1279 3
1267 1263 1280 3
30 1285 31 3
1262 1273 1272 3
1272 1273 1260 3
1260 1271 1276 3
1264 1276 1271 3
22 2 1275 3
25 24 1274 3
1265 1269 1278 3
1262 1283 1269 3
35 1283 36 3
1261 1271 1277 3
1260 1277 1271 3
37 1281 38 3
28 1282 29 3
39 1280 40 3
26 1279 27 3
1273 1277 1260 3
1265 1277 1273 3
1262 1281 1283 3
1265 1284 1270 3
32 1284 33 3
1261 1270 1285 3
33 1278 34 3
2 1287 1275 3
25 1274 1286 3
33 1284 1278 3
40 1287 2 3
25 1286 26 3
1261 1285 1282 3
1272 1260 1288 3
23 22 1289 3
1264 1286 1274 3
1275 1287 1263 3
1276 1288 1260 3
1272 1288 1263 3
23 1290 24 3
1265 1278 1284 3
22 1275 1289 3
40 1280 1287 3
26 1286 1279 3
1274 1290 1266 3
1264 1279 1286 3
1263 1287 1280 3
1275 1266 1289 3
24 1290 1274 3
1266 1290 1289 3
23 1289 1290 3

Tetrahedra
6549
637 650 1368 648 10
250 1422 293 391 10
1176 1159 1780 1154 10
1581 1701 949 955 10
1312 1296 1300 1291 10
145 1360 1352 1377 10
789 782 781 1569 10
1685 1695 1761 988 10
1064 1012 1721 1016 10
1111 1140 1764 1128 10
1609 1610 1771 784 10
1106 1191 1704 1202 10
335 1457 206 336 10
1789 1273 1265 1680 10
1406 159 122 121 10
1406 1396 122 1375 10
945 989 1615 956 10
1724 1725 1070 1729 10
850 892 1650 901 10
1396 1406 122 121 10
314 319 1394 313 10
555 1507 494 624 10
204 335 1500 206 10
1389 101 154 102 10
134 1354 135 1355 10
1295 1308 1293 1319 10
857 856 852 1650 10
1383 65 1382 75 10
1629 869 1628 1651 10
1355 163 135 70 10
859 860 1208 1398 10
1346 1323 1304 1372 10
1772 1687 1586 1650 10
158 1390 179 137 10
438 412 1514 1527 10
1257 1300 1291 1294 10
1554 1555 1447 1426 10
1711 1753 1683 1602 10
1327 1393 1453 1429 10
1347 1405 94 95 10
1614 1694 1615 1666 10
448 367 1466 303 10
1695 954 991 992 10
1380 1488 1450 1473 10
1316 1301 1294 1291 10
448 367 556 1466 10
1723 1052 1079 1072 10
976 1617 1618 969 10
1617 976 975 969 10
392 1422 49 250 10
1617 881 1618 969 10
1617 975 881 969 10
786 808 1571 787 10
1640 1753 1683 1693 10
1256 1243 1295 1293 10
817 981 1611 982 10
778 831 1612 823 10
1635 1636 1612 823 10
1422 1425 1423 1355 10
1679 996 1043 995 10
149 168 170 1446 10
627 708 170 1446 10
1354 163 135 1355 10
84 1363 1357 53 10
1438 1558 148 1433 10
1465 1494 1424 1423 10
1687 959 927 943 10
1494 1423 1500 1424 10
1486 1457 1522 1529 10
1362 1367 1330 1333 10
274 1457 336 352 10
708 149 170 1446 10
1565 1512 674 1513 10
1347 1348 115 1434 10
545 1537 1518 527 10
1015 1016 1008 1714 10
379 119 1396 99 10
689 1370 1369 754 10
906 885 1591 907 10
1035 928 1656 1034 10
1028 29 1282 1018 10
1665 950 1698 1761 10
542 1537 544 605 10
1551 660 736 671 10
61 80 81 1408 10
1314 90 1308 91 10
1788 1266 1263 1275 10
1383 1354 1384 1382 10
22 1275 768 2 10
1175 1707 1782 1708 10
889 1655 1657 1034 10
1339 1340 1408 622 10
1020 1655 1021 1034 10
1713 1178 1177 1180 10
1711 1753 1709 1693 10
1655 889 1021 1034 10
1449 243 349 212 10
1441 1338 1546 1560 10
1765 1767 1716 1764 10
1235 1246 694 18 10
1392 110 1430 1394 10
1457 1522 518 1500 10
1202 1106 1105 1731 10
1397 1411 1408 174 10
808 863 861 1588 10
1235 634 1303 1248 10
1032 1715 1047 1044 10
1283 880 1281 37 10
783 795 1618 794 10
315 1479 1430 388 10
1621 1409 1618 1471 10
318 1491 317 255 10
249 1422 49 105 10
1422 249 49 250 10
1535 1534 1490 1503 10
1257 1296 1291 1300 10
1452 1394 1453 1430 10
1492 1452 430 1535 10
1765 1766 1716 1767 10
1340 1341 1343 1536 10
1541 1495 1342 1505 10
1111 1108 1715 1109 10
1201 1782 1182 1179 10
188 1425 172 187 10
807 863 1588 771 10
68 142 95 1378 10
1633 1614 1631 1637 10
1005 499 1031 1523 10
1671 1697 1689 1717 10
860 858 759 1398 10
1038 1765 1047 1112 10
1514 692 1528 628 10
7 1245 208 1238 10
738 188 1447 193 10
1435 686 657 687 10
106 113 1435 687 10
952 924 982 1612 10
899 1678 926 940 10
1597 1593 1598 1602 10
1632 1635 1634 799 10
1299 610 647 1310 10
1439 185 187 186 10
282 1454 228 297 10
659 685 1545 1556 10
873 780 1634 868 10
1133 1720 1135 1065 10
1694 1754 1709 1664 10
999 1757 1005 1030 10
1383 240 1463 1356 10
1062 1101 1709 1060 10
1660 890 933 1699 10
94 1405 1374 76 10
292 1455 355 332 10
1655 1658 1627 1657 10
1173 1120 1083 1729 10
561 662 604 1519 10
1298 1299 1304 1303 10
1658 1688 1657 1748 10
1305 1257 1291 1294 10
1257 1305 1291 1296 10
1405 123 1374 76 10
1669 1629 1781 1572 10
1366 347 309 1361 10
1438 1380 1390 1381 10
1405 94 95 76 10
1508 266 306 338 10
1620 1402 1398 1397 10
97 61 1408 1391 10
256 285 322 1458 10
1711 1002 1750 1001 10
1049 1069 1689 1057 10
1527 1528 1560 1559 10
1431 1318 329 1432 10
1435 113 742 687 10
1013 1069 1057 1689 10
1431 155 324 323 10
1042 1048 1659 1085 10
1689 1671 1057 897 10
695 1107 1403 696 10
1425 185 187 1439 10
1439 1425 1423 1424 10
1389 102 154 177 10
660 732 661 1536 10
1530 1539 564 563 10
412 1514 1527 1516 10
1314 91 66 154 10
114 1347 115 1434 10
160 247 1443 1434 10
641 1495 1547 1540 10
94 1405 1434 160 10
130 1367 167 1446 10
1363 84 1357 56 10
599 1340 1343 1536 10
139 59 1397 174 10
1315 327 245 209 10
1315 257 1297 209 10
236 321 1239 8 10
1364 189 1371 193 10
1363 1457 1486 1358 10
1321 321 284 1239 10
493 1533 670 494 10
1389 178 1385 162 10
1061 1754 1060 1086 10
1061 1708 1754 1086 10
1353 1449 212 200 10
409 461 429 1535 10
165 166 167 1446 10
1353 1448 1449 200 10
1217 1149 1215 1773 10
471 491 1496 410 10
1765 1766 1706 1750 10
1318 393 1307 1315 10
462 11 447 1234 10
149 140 150 1381 10
1224 1296 1234 1306 10
1312 503 1313 582 10
11 12 447 1234 10
991 1702 826 816 10
296 1353 212 200 10
1494 221 293 391 10
1422 1494 293 391 10
1318 1489 1317 1307 10
163 69 70 1355 10
1353 283 200 296 10
113 1435 742 741 10
1353 1448 200 283 10
91 90 1250 5 10
1637 1600 1631 1599 10
1558 651 684 148 10
1773 1628 1148 1161 10
171 1354 163 135 10
1776 1773 1161 1628 10
1367 133 167 1446 10
133 165 167 1446 10
165 166 1446 170 10
735 659 1556 654 10
1237 21 43 1 10
1773 1776 1161 1215 10
1697 1687 1642 1643 10
1521 415 414 1519 10
1542 682 748 746 10
155 1431 316 101 10
747 1542 748 746 10
182 698 1377 164 10
1723 1052 1751 1079 10
445 499 1005 1523 10
1431 324 316 1386 10
1431 155 316 324 10
795 67 85 1409 10
883 918 1617 881 10
1620 1397 1618 1621 10
1357 120 98 1414 10
1567 1146 1219 1216 10
679 1548 1395 1368 10
1623 1400 1764 1716 10
1571 1598 1595 1624 10
84 1357 98 53 10
1237 1254 1231 1303 10
1357 84 98 120 10
1620 782 759 1569 10
74 363 1382 75 10
1119 1609 776 1118 10
1392 97 111 131 10
1555 1428 1447 1426 10
119 1376 124 48 10
1376 119 124 1357 10
1720 1776 1722 1721 10
1095 1468 281 463 10
188 738 1447 186 10
1428 1555 1447 1365 10
98 360 1414 99 10
1373 640 1556 654 10
223 204 422 1500 10
121 380 1443 160 10
1426 1428 1447 1427 10
1457 353 299 336 10
139 59 138 1397 10
1546 722 1526 551 10
1546 1552 1326 1339 10
1670 1650 927 901 10
1596 866 1594 1125 10
169 149 150 1381 10
729 1561 707 1563 10
864 769 865 1585 10
69 1422 70 1355 10
75 1383 134 371 10
1457 299 206 336 10
1386 214 211 219 10
195 43 44 1319 10
236 1245 208 7 10
1685 1695 1702 1703 10
1406 1549 1369 1368 10
91 4 1233 66 10
1285 1270 1741 1261 10
1739 1273 1272 1260 10
1557 1373 1372 1556 10
1308 1295 1309 1319 10
194 1376 48 190 10
1697 1687 959 1642 10
1446 627 697 170 10
428 227 304 1452 10
256 1458 1471 1477 10
1785 1736 1735 1714 10
555 1507 624 1524 10
198 192 1371 189 10
1580 1684 990 922 10
983 989 1685 945 10
1215 1776 1144 1138 10
1197 1169 1729 1173 10
1765 1750 1748 1716 10
1465 1384 1355 1559 10
776 1609 777 1118 10
363 1451 240 241 10
1399 1121 1398 1768 10
610 17 694 1246 10
305 201 215 1452 10
264 1464 239 213 10
74 1392 1394 110 10
1632 1633 1631 1637 10
1454 516 228 273 10
1093 1002 1713 1711 10
1776 1720 1138 1721 10
938 928 946 1656 10
464 445 463 1458 10
1451 74 1394 313 10
1318 327 232 245 10
1324 1759 1568 1786 10
477 1515 475 420 10
1698 1685 1611 1703 10
285 256 279 1458 10
358 357 1466 359 10
1630 1637 1631 1599 10
1324 1759 1744 1768 10
516 1454 228 424 10
1158 1609 1160 1770 10
305 1452 215 291 10
652 1551 1442 1339 10
1464 218 239 213 10
227 1492 226 203 10
173 175 112 1391 10
1084 1733 1150 1050 10
1688 1746 1656 1748 10
1313 1312 1317 1307 10
1449 345 482 1474 10
1785 1727 1729 1576 10
1746 1045 1743 1742 10
1054 1705 1731 1011 10
1778 1220 763 1606 10
691 1528 628 706 10
1724 1668 1663 1725 10
1452 1451 215 291 10
1442 652 687 657 10
983 1685 923 945 10
1642 980 1641 834 10
1658 1593 1400 1766 10
1737 1669 1781 1572 10
1012 1142 1139 1721 10
1476 483 1513 1474 10
1723 1672 1673 1660 10
1508 280 459 1497 10
178 108 1385 157 10
523 337 1460 252 10
1635 1633 1638 1614 10
1301 1312 1317 1313 10
1630 1632 1631 1637 10
1610 1734 1770 1780 10
1296 1312 502 446 10
961 1013 897 1689 10
1367 127 128 52 10
1508 522 459 280 10
1301 1302 1317 1310 10
1461 1520 300 271 10
766 964 819 1686 10
1335 1363 1421 1427 10
1363 1457 1421 1427 10
1354 1384 1355 1356 10
62 198 755 1371 10
647 1299 1300 1236 10
840 869 853 1629 10
1152 1158 1160 1770 10
1384 1465 1355 1356 10
1473 1488 1525 1562 10
301 337 1473 238 10
363 1451 1382 1383 10
1600 1580 1644 1578 10
1239 1255 9 284 10
74 110 1394 313 10
1492 201 1452 319 10
831 1635 1634 1601 10
547 556 330 1466 10
328 201 1492 319 10
1239 321 9 8 10
273 1454 1455 297 10
613 1548 629 1368 10
1472 1380 1563 1420 10
1262 1645 1272 1267 10
1687 1697 1717 1643 10
321 1239 9 284 10
1255 10 9 284 10
1643 1670 1651 1586 10
782 789 759 1569 10
1455 354 332 297 10
354 1455 1361 297 10
1454 273 228 297 10
301 1461 252 300 10
1457 1358 1466 1486 10
296 1353 307 310 10
1478 292 244 242 10
231 280 225 1456 10
1645 880 978 1281 10
244 1478 242 1483 10
94 1374 60 76 10
251 1520 300 1459 10
1367 1482 1362 1330 10
1353 1449 349 212 10
1305 1258 1294 1297 10
1745 1757 1742 1758 10
619 618 710 1395 10
1357 1358 1486 1414 10
1254 1237 78 1303 10
262 246 1445 381 10
1312 594 502 446 10
1396 379 381 1445 10
1412 1396 381 1445 10
1444 246 295 307 10
1458 1469 1506 1523 10
1355 1422 70 49 10
803 1287 1566 1280 10
269 1383 75 371 10
1422 1425 1355 69 10
1757 1540 1742 1758 10
1775 1162 1585 1776 10
963 937 962 1697 10
802 1583 1164 1628 10
295 1444 307 283 10
1314 387 89 323 10
1314 210 323 1410 10
46 1247 1237 1 10
1296 1229 1232 1252 10
1524 555 616 624 10
1521 1525 1459 1460 10
1309 1432 1320 1317 10
210 1314 323 387 10
1584 1629 1628 1651 10
1482 1367 1329 1330 10
1578 1648 1628 806 10
1652 1681 1627 1688 10
315 1479 388 153 10
691 626 692 1544 10
587 415 452 1519 10
1436 1455 1329 1330 10
1455 1482 1329 1330 10
1429 97 1408 1391 10
1341 1429 1339 1408 10
1454 298 282 339 10
1390 364 179 137 10
104 57 1417 248 10
624 1545 723 625 10
1531 546 550 567 10
106 1435 107 1442 10
1747 1746 1742 1745 10
1501 223 456 423 10
1515 223 420 456 10
612 695 1343 1336 10
1172 1116 1174 1708 10
665 1555 608 609 10
457 543 434 1522 10
743 731 1439 744 10
1371 1370 680 749 10
507 1498 460 573 10
97 1392 1393 131 10
1569 1620 1398 759 10
321 1321 1306 1239 10
1229 1300 1241 1226 10
587 452 586 1519 10
1521 455 465 479 10
1322 751 1303 1310 10
1743 1746 1742 1747 10
1753 1694 1755 1709 10
1694 1753 1755 1614 10
55 1363 56 84 10
10 1321 284 1255 10
197 194 1376 63 10
623 613 1548 630 10
1392 74 1382 161 10
1045 1088 1742 1745 10
1302 1301 1317 1313 10
1491 1479 1480 1411 10
1502 1534 1506 498 10
1273 1739 1272 1680 10
1441 1393 131 1442 10
215 1451 241 291 10
485 401 1497 460 10
1373 1557 1558 1556 10
599 695 1343 612 10
1321 1251 462 1306 10
1294 1305 1307 1291 10
1314 91 154 89 10
1478 292 356 244 10
181 42 152 1333 10
145 1360 83 146 10
592 1489 1307 1313 10
1507 1524 1525 1562 10
1507 1438 1562 1488 10
1314 90 89 387 10
1485 51 346 1362 10
272 220 420 1515 10
1376 1357 1364 1486 10
751 1299 1303 1310 10
467 438 1462 478 10
1639 1710 1579 1604 10
477 475 1462 476 10
1737 1749 1721 1735 10
876 1616 875 874 10
1645 1283 1680 880 10
1209 1189 1190 1540 10
1023 1022 1706 1112 10
916 1601 972 1592 10
543 488 1538 537 10
1189 641 1190 1540 10
1704 1279 1203 1192 10
1583 1164 1628 1161 10
999 1468 463 1005 10
1772 1687 1574 1586 10
383 1491 1490 1477 10
1652 1616 1676 1617 10
88 80 196 1408 10
1342 602 599 1536 10
1279 1704 1203 1740 10
1681 1616 1652 1625 10
1342 695 1343 599 10
1279 27 1203 1192 10
1279 26 1203 27 10
1266 1783 1264 1274 10
1662 1661 1659 1751 10
401 1498 512 492 10
1498 507 460 401 10
452 604 586 1519 10
1498 1456 1497 460 10
727 730 728 1553 10
552 496 510 1499 10
442 451 1462 476 10
1498 507 401 512 10
893 957 1664 985 10
1134 1176 1135 1719 10
335 422 1500 518 10
1647 773 1599 1193 10
1691 1697 1690 1696 10
954 1581 953 992 10
587 399 414 1518 10
1622 1623 1786 1624 10
1700 1759 1328 1758 10
1327 1392 1393 1391 10
553 415 407 1525 10
731 1554 748 690 10
714 1439 1440 1528 10
106 652 1442 1339 10
553 436 1525 407 10
81 80 88 1408 10
721 1511 720 719 10
1524 715 625 616 10
1074 1665 1663 1076 10
1759 1324 1568 1768 10
1611 991 816 1702 10
1514 588 589 1516 10
1270 993 1741 1679 10
1145 1763 1114 1216 10
1402 1759 1568 1768 10
1185 1603 780 1200 10
1707 1091 1708 1174 10
1713 1093 1707 1094 10
1743 1747 1742 1768 10
1287 40 1280 803 10
1779 1608 1732 1738 10
1549 1548 1496 469 10
1465 1423 1424 1559 10
1295 1223 1240 1258 10
244 368 369 1484 10
1485 1360 51 1333 10
1757 1030 1031 1005 10
1520 455 222 427 10
1345 1541 1523 1470 10
1220 1168 763 1606 10
1295 1256 1240 1223 10
789 760 759 1569 10
1498 573 1456 460 10
1464 272 264 265 10
1685 1698 1761 1703 10
1642 834 842 836 10
573 231 1456 460 10
207 389 1479 1411 10
90 1308 1250 1253 10
1204 1740 1203 1202 10
1308 90 1250 91 10
1521 465 1460 479 10
397 492 554 1497 10
1537 607 544 605 10
1555 608 609 1538 10
1399 1569 1398 759 10
1767 1594 1777 1595 10
860 1399 1398 759 10
1308 1228 1250 1253 10
1000 1711 1750 1001 10
1228 1308 1250 1233 10
1181 1201 1589 1131 10
1405 1347 94 1434 10
1511 1331 1543 1548 10
1312 1301 515 1313 10
75 65 1382 161 10
740 737 1564 615 10
1366 1482 1467 1361 10
1054 1731 1027 1011 10
247 1444 1443 1434 10
1006 1028 30 1285 10
23 1184 1290 24 10
1153 1730 1157 1105 10
1348 370 1484 1352 10
679 618 631 1395 10
1043 915 1096 1677 10
695 1403 1343 1336 10
1444 1405 1443 1434 10
1643 1642 1641 1651 10
340 217 339 1467 10
1376 48 1375 63 10
487 1555 488 608 10
1403 695 1343 1342 10
119 1396 1375 122 10
218 269 1356 239 10
1749 1671 1689 1717 10
626 617 692 1526 10
1548 1331 1543 1395 10
305 289 1452 291 10
19 1235 634 751 10
1292 1533 1302 1313 10
1314 210 208 387 10
251 523 479 1460 10
753 1340 1339 622 10
1431 324 1386 214 10
1561 724 1553 729 10
1508 522 466 459 10
685 1373 1558 1556 10
1464 218 1356 239 10
1765 1111 1764 1715 10
1405 1448 1404 1434 10
1435 1442 687 657 10
240 269 239 1356 10
1367 1418 1419 1446 10
1489 1313 1317 1307 10
260 259 1455 333 10
1783 1266 1264 1276 10
188 186 1447 187 10
269 240 1383 1356 10
1740 1279 1264 1286 10
1545 659 723 625 10
1545 624 723 670 10
600 610 1310 611 10
1419 1518 1553 1332 10
730 620 1553 683 10
1360 1377 83 1333 10
1301 581 647 577 10
1558 1433 1388 1385 10
620 662 718 1553 10
1191 1192 28 1268 10
1464 240 239 1356 10
119 48 122 1375 10
1451 1452 215 1394 10
94 1347 96 114 10
1376 1407 1369 1375 10
1192 27 28 1268 10
1045 1743 1742 1024 10
253 318 1477 384 10
1126 1594 1218 1125 10
893 1077 985 1664 10
478 477 1462 476 10
859 860 1398 858 10
1601 830 829 1592 10
711 701 1564 737 10
379 1396 378 99 10
675 630 1548 629 10
1354 171 156 135 10
1387 1389 1388 1385 10
152 1377 83 144 10
1380 1381 1563 1420 10
663 1518 1519 1553 10
1439 743 186 1447 10
1279 27 1192 1268 10
1778 1779 1774 1787 10
1463 289 291 1487 10
1451 1463 291 1487 10
954 983 1685 981 10
1191 1704 1192 1268 10
761 793 1624 788 10
1360 50 51 1333 10
1298 1293 1304 1294 10
1322 1303 1304 1310 10
1319 1322 1303 1304 10
1320 1319 1304 1346 10
1454 282 224 339 10
1319 1322 1304 1346 10
1320 1346 1304 1372 10
1259 1299 1300 1294 10
1309 1316 1317 1304 10
747 756 748 1542 10
1622 786 1571 787 10
243 244 242 1483 10
1596 1597 1777 1595 10
303 350 1466 352 10
1485 354 355 1455 10
1259 1298 1299 1294 10
1531 546 569 547 10
1295 1297 1307 1294 10
1590 793 762 877 10
1464 263 264 290 10
1571 808 761 787 10
1353 1350 1449 1448 10
400 471 472 1496 10
1309 1295 1307 1294 10
1198 804 774 1599 10
1199 1194 1599 1193 10
789 1570 788 760 10
111 1392 1382 161 10
191 126 189 1364 10
360 375 1414 99 10
1476 1351 1474 1513 10
1376 62 1375 1369 10
1376 1396 1414 1407 10
1511 673 486 719 10
1671 1049 1689 1057 10
227 201 305 1452 10
653 1511 674 1565 10
1571 1594 1595 1588 10
1295 1309 1307 1297 10
1713 1178 1777 1706 10
1565 1511 674 1512 10
269 363 1383 240 10
1316 1294 1307 1291 10
1603 1632 1604 1634 10
831 1635 1601 1612 10
1528 1544 1526 1560 10
1656 1674 998 1745 10
74 75 1382 161 10
1000 1711 1036 1037 10
1338 1462 1463 1509 10
884 1593 1654 1602 10
1501 413 504 456 10
98 1357 1414 1358 10
744 743 186 1439 10
560 617 1526 408 10
799 811 1634 868 10
1224 1257 1229 1296 10
1009 1071 1660 1672 10
833 830 1634 1587 10
457 1530 543 1522 10
854 837 797 1644 10
1530 457 549 540 10
366 376 1466 357 10
1427 1457 1421 1500 10
1224 1242 1306 1230 10
846 844 845 1644 10
1578 824 825 797 10
23 1123 849 1289 10
405 1504 583 585 10
1492 1481 1490 1480 10
1352 1377 1484 1437 10
428 1452 304 1509 10
1565 705 655 557 10
1502 1504 583 498 10
360 361 1414 358 10
704 1564 1543 1565 10
233 529 1475 234 10
584 1502 583 498 10
585 1504 583 1502 10
425 402 1518 525 10
597 1537 664 1419 10
436 524 466 1460 10
1376 1370 62 1369 10
1642 935 835 1670 10
1518 458 586 527 10
728 730 729 1553 10
1488 1507 1525 1562 10
584 585 583 1502 10
1295 1293 1304 1319 10
1775 1574 1586 1780 10
1311 1556 1372 1323 10
186 743 690 1447 10
1309 1315 1317 1307 10
1394 1327 1453 1430 10
1309 1432 1410 1320 10
1505 1504 1503 1506 10
717 724 718 1561 10
790 1616 1617 874 10
902 890 1660 903 10
1542 747 680 746 10
435 1454 517 432 10
934 912 1699 933 10
10 1251 1321 1255 10
1393 1392 1382 131 10
1544 626 722 713 10
644 1542 645 563 10
1366 1418 1482 1367 10
890 1661 1660 903 10
696 1336 1398 1547 10
1640 1601 1638 1612 10
983 924 923 1685 10
485 397 1497 401 10
1711 1000 1683 1037 10
680 1542 746 681 10
905 942 1627 917 10
1616 876 929 932 10
1314 1309 1410 1320 10
1520 1518 1467 1493 10
1354 1441 1384 1382 10
652 106 622 1339 10
68 95 151 1378 10
653 705 1565 674 10
1347 1405 95 1404 10
1363 1357 1364 56 10
106 93 622 1339 10
113 1435 183 107 10
1309 1314 1319 1320 10
1314 1410 154 1320 10
1319 1314 154 1320 10
908 882 1676 914 10
757 1399 860 759 10
1518 1419 1467 1493 10
1429 97 1339 1408 10
1337 1403 1343 1342 10
1403 1337 1343 1336 10
1441 1393 1382 131 10
1069 1056 1689 1690 10
1386 266 329 219 10
1666 1665 1663 1725 10
1482 1455 1362 1330 10
370 1348 368 118 10
1749 1691 1689 1690 10
1337 1344 1345 1342 10
401 1498 1497 460 10
1776 1215 1144 1161 10
1608 1739 1784 1732 10
1051 1100 915 1659 10
1778 1606 763 814 10
598 753 45 1343 10
1580 1701 1581 1696 10
1455 1485 1362 1330 10
1064 1016 1721 1040 10
1789 1277 1270 1265 10
1646 766 852 791 10
1769 1632 1782 1182 10
905 885 1627 1655 10
602 601 661 1342 10
1601 871 972 1592 10
974 872 1592 871 10
831 1635 1612 823 10
1580 1701 1703 1581 10
863 833 1587 771 10
52 1367 1362 1333 10
1674 999 994 1035 10
795 1409 1618 138 10
285 1458 286 281 10
1581 1701 1703 1761 10
843 840 842 1651 10
1435 106 687 1442 10
1723 1671 1749 1717 10
1504 1495 576 1523 10
1581 954 953 949 10
840 869 1629 1651 10
835 935 901 1670 10
1776 1775 1722 1586 10
106 652 687 1442 10
1663 887 1761 1667 10
1687 1642 1643 1670 10
963 1697 959 958 10
1629 1578 1781 1628 10
1068 1069 1066 1690 10
1074 1003 1663 1724 10
947 1655 1657 889 10
1697 1691 1690 1689 10
1597 1593 1595 1598 10
1762 1600 1703 1637 10
1711 1000 1036 1001 10
1590 1591 762 1598 10
704 699 1543 700 10
196 88 1408 45 10
918 1616 1676 1681 10
1581 954 1695 992 10
885 1593 1655 1654 10
963 960 1697 961 10
181 42 1333 167 10
1695 954 949 988 10
1754 1694 1725 1664 10
960 1671 1697 961 10
1782 1710 1579 1755 10
947 1655 889 1021 10
1319 47 1346 1320 10
1778 814 764 838 10
1284 1090 32 993 10
1284 32 1270 993 10
1715 1743 1748 1044 10
1571 807 1588 1598 10
47 1319 1346 44 10
944 902 933 1692 10
176 47 1346 44 10
1081 1754 1099 1060 10
1701 1581 949 1761 10
1074 1724 1663 1725 10
986 989 1615 1698 10
1685 981 1611 991 10
1709 1101 1099 1060 10
1331 1565 1543 1395 10
1328 1700 1758 1470 10
1093 1711 1709 1101 10
1537 597 632 1419 10
1084 1078 1718 1079 10
1504 1502 1503 1506 10
1009 1671 987 897 10
1671 1723 1749 1058 10
1067 1726 1075 1056 10
1596 1597 1595 1598 10
1006 993 1741 1270 10
1058 1749 1049 1053 10
1713 1711 1706 1712 10
725 1537 1329 726 10
1537 702 1329 726 10
1752 1659 1699 1682 10
263 442 521 1509 10
1537 702 726 632 10
900 35 1269 34 10
1671 1749 1049 1058 10
1009 902 1660 903 10
1278 1653 939 995 10
1723 1058 1672 1072 10
1606 1778 1774 1787 10
1643 1642 1651 1670 10
1600 837 1631 867 10
1207 859 1208 1398 10
1184 1123 1783 1221 10
1537 597 702 632 10
1661 1051 913 1659 10
725 1537 726 632 10
1501 470 504 413 10
1098 1074 1663 1076 10
1668 1760 1667 1761 10
921 1684 948 1641 10
1379 1473 287 1359 10
1126 1594 1125 1127 10
610 611 647 1310 10
1688 1656 1657 1748 10
1287 1788 1566 1263 10
1760 1726 1667 1690 10
1584 1629 1572 1628 10
1129 1210 1743 1108 10
1032 1743 1715 1044 10
1153 1730 1105 1731 10
809 1788 785 1566 10
803 815 1280 1566 10
1344 1337 1343 1342 10
1645 968 1680 1582 10
1201 1782 1179 1180 10
641 1102 1540 1547 10
1567 786 758 1218 10
1149 1130 1147 1773 10
1622 1623 1624 1595 10
1593 1597 1766 1401 10
843 847 1651 851 10
1765 1214 1767 1140 10
386 1409 85 92 10
1750 1658 1748 1716 10
113 106 1435 107 10
1721 1776 1722 1572 10
1105 1730 1157 1774 10
1287 796 768 2 10
1287 1263 1566 1280 10
792 1606 1607 813 10
1387 1389 72 316 10
1295 1243 1294 1293 10
1231 1235 1303 1248 10
1084 1078 1014 1718 10
1636 846 839 823 10
1730 1153 1027 1731 10
216 217 268 1359 10
340 1366 347 308 10
1245 236 1239 8 10
934 1687 1650 927 10
1273 1739 1277 1260 10
851 1772 784 1771 10
1158 1152 1159 1770 10
1734 1723 1673 1751 10
999 1468 1757 1745 10
217 1461 1359 216 10
1302 1311 1310 611 10
819 818 791 1686 10
46 47 44 1319 10
766 819 791 1686 10
800 1646 852 791 10
116 143 1352 96 10
1126 1622 1218 1594 10
1461 217 1359 1493 10
287 1461 216 1359 10
1620 767 858 759 10
59 1409 138 1397 10
1039 1038 1750 1748 10
373 287 216 1359 10
259 344 260 1474 10
1006 1285 1270 1741 10
55 1363 1335 56 10
1776 1721 1215 1773 10
1554 682 621 748 10
1464 1494 1356 218 10
1139 1142 1215 1721 10
1292 1302 1317 1313 10
1247 46 3 1 10
1247 1227 1293 1237 10
1507 1438 1388 1545 10
641 1107 1102 1547 10
1124 696 1398 1121 10
879 1409 878 384 10
1233 1308 66 1293 10
1301 1310 1317 1304 10
126 1335 125 69 10
1767 1594 1595 1764 10
46 1247 66 1293 10
610 1299 647 1236 10
1578 1580 1644 797 10
1480 1479 1408 1411 10
16 1249 1236 647 10
274 1457 352 395 10
173 175 1408 174 10
477 416 1515 456 10
610 16 1236 647 10
363 74 1382 1451 10
1411 173 1408 174 10
937 1697 958 1641 10
1287 1788 1263 1275 10
169 158 147 1381 10
1684 1669 1696 1641 10
1288 1788 1263 1272 10
1407 1406 1369 1375 10
1479 173 1408 1411 10
921 841 1641 842 10
1393 97 1429 1391 10
546 1530 550 540 10
482 344 258 1474 10
1485 1362 1330 1333 10
1285 1028 1282 1741 10
4 91 1233 1250 10
557 558 1513 674 10
1648 1578 1647 855 10
1231 1298 1293 1303 10
793 1570 788 790 10
178 1389 176 102 10
1210 1102 1742 1190 10
319 314 1394 1430 10
1227 1308 1233 1293 10
1247 1227 1233 1293 10
59 795 138 1409 10
1504 585 642 661 10
833 832 868 1634 10
423 422 433 1500 10
13 406 12 1244 10
1224 1306 1234 1230 10
1388 1389 1320 1385 10
1243 1295 1294 1223 10
1544 1546 1526 1560 10
1556 1373 1372 1323 10
158 150 157 1433 10
1539 571 564 563 10
1438 708 140 148 10
155 1431 1410 323 10
873 833 868 1634 10
1431 155 1410 101 10
1102 1540 1768 1742 10
1334 1428 1486 1365 10
1514 1527 1528 1560 10
1384 1465 1560 1559 10
324 1431 323 320 10
1386 1488 1450 1388 10
828 1591 1598 762 10
786 1622 1571 1594 10
820 792 791 1686 10
1390 158 1381 147 10
129 169 147 1381 10
1521 1520 455 1459 10
1765 1214 1706 1767 10
455 1520 251 1459 10
455 1521 1459 479 10
1341 1344 1325 1345 10
1397 1409 1618 1621 10
1481 1341 1325 1345 10
1163 769 1771 1585 10
1176 1718 1135 1719 10
1345 1337 1470 1471 10
1409 879 1471 384 10
695 696 1336 612 10
1205 1774 1151 1187 10
1749 1721 1722 1572 10
498 1504 576 1506 10
501 444 1506 443 10
833 830 1587 771 10
53 1357 98 1358 10
351 53 98 1358 10
778 817 839 1612 10
351 353 348 1358 10
1278 1265 1653 1679 10
997 1006 1741 1010 10
353 1363 348 1358 10
1723 1574 1734 1673 10
1759 1619 1652 1676 10
1683 884 1654 1602 10
348 351 1358 53 10
1363 348 1358 53 10
1284 1090 33 32 10
1574 1717 1722 1586 10
918 1617 881 1676 10
887 941 1690 1066 10
935 1642 958 959 10
1684 827 841 922 10
887 1007 1667 1663 10
1600 837 854 1644 10
882 918 881 1676 10
1572 1629 1781 1628 10
1723 1058 1072 1053 10
1555 1542 1365 1538 10
1373 1558 1385 651 10
882 879 1676 881 10
1550 680 603 681 10
931 1590 762 877 10
686 744 742 1440 10
950 1698 1761 988 10
1691 1697 1696 1669 10
1726 1736 1760 1724 10
1002 1093 1713 1023 10
1737 1773 1781 1575 10
1665 986 985 1664 10
1776 1584 1722 1572 10
1574 1718 1780 1719 10
1684 990 948 1581 10
1640 957 936 956 10
744 714 1439 1440 10
963 1697 962 961 10
1611 1685 1702 1703 10
1194 1195 1599 1193 10
1528 1544 1560 1559 10
1526 1546 1510 1560 10
185 1439 1440 186 10
1384 1354 1355 1559 10
1409 879 1618 1471 10
1557 1388 1320 1385 10
1344 1337 1397 1343 10
1557 1373 1385 1372 10
1557 1558 1388 1385 10
1041 996 1096 1677 10
1587 833 873 1634 10
863 1587 1588 771 10
1314 210 1410 1315 10
573 1489 1313 1456 10
1567 1399 1216 1122 10
640 646 1323 752 10
1432 1318 1309 1410 10
1431 1318 1432 1410 10
1256 1295 1308 1293 10
1315 1318 1410 1309 10
1314 1315 1410 1309 10
1321 1239 1255 1230 10
1527 1465 1424 1559 10
1363 1364 1427 1335 10
1364 126 1427 1335 10
1360 1377 1484 1352 10
1457 1363 1486 1427 10
1494 1465 1424 1516 10
1465 1527 1424 1516 10
1517 1514 589 1516 10
1390 1387 1388 1433 10
670 672 723 1556 10
757 1399 1208 860 10
156 111 1382 161 10
325 207 388 1479 10
1352 1377 1437 1378 10
1676 1621 1618 1471 10
1449 243 1483 349 10
402 1454 432 425 10
1265 1278 1653 1269 10
259 334 1455 333 10
1520 425 525 427 10
1757 1005 1031 1523 10
510 409 398 1535 10
455 1520 222 251 10
298 1366 1467 1361 10
275 276 202 1449 10
1494 1464 1465 1462 10
1371 1364 1447 1365 10
1351 1331 1512 1349 10
1544 1441 1546 1560 10
1508 522 306 1460 10
1544 1441 1560 1559 10
289 1452 1487 1509 10
1384 1338 1462 1463 10
211 237 374 1450 10
416 1515 1516 1462 10
211 312 1450 374 10
711 1564 643 702 10
559 558 439 1513 10
1392 74 161 73 10
1146 1126 1127 1594 10
830 833 1634 832 10
1401 1597 1605 1602 10
779 804 1198 1630 10
1379 373 287 237 10
1557 1373 1558 1385 10
1009 1071 1672 1073 10
1581 937 955 953 10
1692 934 1699 933 10
248 103 372 1359 10
937 1581 955 1696 10
1277 1789 1741 1732 10
1730 1153 1157 1150 10
465 436 1460 524 10
1387 1390 1450 365 10
1379 237 287 1473 10
1743 1763 1747 1768 10
1152 1155 1770 1157 10
1323 1346 1385 1372 10
1373 1323 1385 1372 10
885 905 1627 917 10
428 461 1509 484 10
1028 29 30 1285 10
1370 1542 1365 1371 10
574 431 1490 591 10
552 496 1499 497 10
1676 879 1618 881 10
1285 1282 1261 1741 10
1422 1494 391 1356 10
1733 1734 1751 1718 10
1534 1502 511 498 10
1502 584 511 498 10
902 1692 1660 933 10
890 902 1660 933 10
1312 1296 404 1300 10
1498 507 1313 573 10
1314 1308 66 91 10
1256 1227 1243 1293 10
257 1315 245 209 10
522 337 306 1460 10
1321 10 278 462 10
491 539 1512 411 10
1744 1759 1758 1768 10
898 1283 36 880 10
1537 607 664 458 10
1298 1259 1231 1243 10
1346 1320 1385 1372 10
77 1374 60 86 10
50 100 1360 51 10
426 1520 222 427 10
561 1524 693 1519 10
1615 1640 1638 1612 10
712 497 1552 1502 10
1507 555 1525 1524 10
392 1422 391 1356 10
436 419 553 1525 10
354 347 1361 346 10
1320 1557 1385 1372 10
223 220 204 1500 10
1402 1568 1569 1398 10
470 1501 528 488 10
126 1425 172 188 10
350 357 1466 358 10
470 1501 504 528 10
1344 1342 1343 1536 10
795 67 1409 59 10
439 559 1513 541 10
1219 1567 1216 1122 10
182 698 1333 1377 10
545 607 544 1537 10
158 169 150 1381 10
1485 355 362 356 10
214 1386 329 219 10
1681 1688 1656 1657 10
633 614 1322 195 10
1541 1495 1758 1547 10
1763 1104 1114 1768 10
1507 1524 1562 1545 10
1561 1438 1562 1545 10
689 688 1369 1550 10
1438 1507 1562 1545 10
1422 392 391 250 10
415 561 1519 1524 10
132 63 86 1375 10
357 366 367 1466 10
561 604 452 1519 10
729 1561 1563 1553 10
435 535 1537 474 10
1454 224 228 424 10
390 373 268 1359 10
1737 1691 1760 1575 10
1227 1256 1308 1293 10
698 725 1329 726 10
1243 1298 1294 1293 10
937 1697 1696 962 10
117 116 118 1348 10
955 937 1696 962 10
1645 967 815 821 10
1084 1733 1751 1718 10
1571 761 1624 787 10
1658 1688 1627 1657 10
794 1617 1569 1618 10
1571 866 1594 1588 10
866 1596 1594 1588 10
1481 1341 1345 1480 10
1527 412 1516 416 10
938 908 1676 914 10
1501 1494 1500 1424 10
1670 935 901 927 10
1565 705 557 674 10
1697 963 959 943 10
384 1477 1471 1411 10
1590 1593 1591 1598 10
483 520 1474 482 10
366 556 1466 330 10
945 1685 923 1615 10
1409 384 1471 1411 10
1366 340 347 298 10
373 1379 372 364 10
885 906 1591 884 10
1639 1604 1579 1614 10
236 1245 1239 1297 10
1743 1110 1742 1024 10
1303 1299 1304 1310 10
1237 1231 1293 1303 10
1537 542 534 1329 10
1614 1633 1755 1637 10
425 1520 525 1518 10
1380 1488 1473 1562 10
1604 1633 1579 1614 10
345 344 482 1474 10
1360 100 1485 51 10
42 50 83 1333 10
1540 1209 1742 1190 10
1767 1400 1716 1764 10
951 1601 871 972 10
1000 1026 1683 1037 10
1026 1000 1683 1654 10
130 103 127 1417 10
1601 951 952 972 10
1063 1059 1099 1693 10
1619 1676 1621 1618 10
153 67 173 1411 10
1541 1328 1403 1547 10
1665 986 984 985 10
1077 1665 984 985 10
1608 1739 1732 1738 10
67 153 92 1411 10
513 582 515 1313 10
1705 1025 1677 1741 10
1653 898 900 910 10
1102 1540 1742 1190 10
1458 1468 322 1471 10
1409 67 92 1411 10
1324 1747 1768 1744 10
497 552 551 1499 10
1752 1659 1682 1677 10
1104 1103 1768 1102 10
1753 1639 1712 1709 10
1665 1074 1663 1725 10
1727 1762 1724 1725 10
256 322 920 1471 10
1041 993 1679 997 10
1530 548 549 543 10
1746 1656 998 1745 10
1517 441 589 1514 10
1491 207 1479 1411 10
1464 442 1462 265 10
1464 1494 218 213 10
1045 1746 1745 1742 10
1704 1731 1732 1741 10
1789 1277 1741 1270 10
1270 1277 1741 1261 10
1675 1759 1745 1688 10
1344 1325 1345 1342 10
996 1043 1096 1677 10
1071 1009 1660 903 10
256 1458 322 1471 10
1671 1717 1672 1692 10
1469 1345 1471 1477 10
960 1671 1692 1697 10
592 1489 277 1307 10
1697 1671 1692 1717 10
1687 1697 1692 1717 10
1055 1052 1079 1751 10
1730 1054 1027 1050 10
1345 1469 1471 1470 10
370 1348 1484 368 10
370 100 1484 146 10
100 1360 1484 146 10
1084 1718 1751 1079 10
356 100 1484 369 10
162 158 157 1433 10
1752 1659 1705 1751 10
1521 1520 417 455 10
999 1674 998 1035 10
97 93 1339 1408 10
727 1419 632 1553 10
1498 401 1497 492 10
1720 1723 1722 1719 10
402 526 1537 1518 10
67 59 173 1411 10
1316 1301 1304 1294 10
1718 1176 1780 1719 10
1704 1740 1731 1202 10
345 344 1474 242 10
225 1318 232 229 10
1789 1270 1741 1679 10
1740 1271 1732 1784 10
1700 1468 1675 1745 10
1398 1121 1547 1768 10
607 1537 606 605 10
1468 1700 1757 1745 10
701 711 1564 703 10
1564 615 1395 619 10
1775 1162 1144 1154 10
407 1521 414 417 10
776 769 1771 1163 10
1438 1507 1388 1488 10
1035 1674 998 1656 10
1054 1025 1705 1011 10
59 67 1409 1411 10
1438 1561 1562 1563 10
1705 1731 1011 1741 10
140 1438 1381 1563 10
1221 1184 1222 1783 10
1520 222 300 271 10
1243 1298 1293 1231 10
1783 1184 1222 1183 10
1314 1308 1309 1319 10
1431 1389 1387 316 10
1025 1705 1011 1741 10
1390 158 1387 1433 10
1010 997 1011 1741 10
997 1025 1011 1741 10
1554 1555 1426 1424 10
1308 91 1233 66 10
1554 1517 1555 1424 10
280 1456 460 1497 10
1454 298 1467 1361 10
624 1524 625 616 10
16 610 1236 17 10
428 461 430 1452 10
1545 1557 1558 1388 10
662 663 1519 1553 10
1403 1107 641 1547 10
724 717 716 1561 10
672 1311 735 1556 10
298 1454 1467 339 10
1227 1243 1293 1231 10
1558 685 716 684 10
46 43 1293 1319 10
717 659 685 1545 10
78 43 195 1303 10
393 1318 1307 1489 10
1367 1329 1330 1333 10
1754 1709 1099 1060 10
425 1454 432 424 10
1099 1709 1664 1693 10
894 1026 1037 1683 10
1698 1665 1666 1664 10
1418 1367 1419 1482 10
1026 1019 1683 894 10
1518 1472 1459 1332 10
1299 1298 1304 1294 10
147 1379 1359 1381 10
129 169 1381 1446 10
1392 1327 1430 1391 10
474 542 534 1537 10
1666 1694 1615 1664 10
1077 893 1063 1664 10
1485 100 1484 356 10
600 611 1310 733 10
1299 610 1310 694 10
1428 1334 1424 1555 10
1778 1220 764 763 10
1079 1084 1050 1751 10
1055 1079 1050 1751 10
1101 1037 1709 1099 10
1478 1565 1437 1436 10
439 539 440 1513 10
819 967 765 1582 10
211 288 237 1450 10
1207 1124 1398 1121 10
211 288 1450 219 10
1327 1393 1429 1391 10
1386 211 1450 219 10
1159 1158 1780 1154 10
649 637 1368 648 10
1117 776 1771 1163 10
266 288 219 1450 10
1760 1701 1667 1761 10
1665 1074 1082 1076 10
1687 1697 959 943 10
773 1198 774 1599 10
1386 266 219 1450 10
1386 1488 266 1450 10
1630 1194 1199 1170 10
902 1009 1660 1672 10
1464 1465 1462 1463 10
1211 1648 1115 1647 10
1062 1093 1709 1101 10
899 1678 888 909 10
1603 1171 780 1200 10
1568 1399 1569 1398 10
807 808 761 1571 10
442 263 1463 1509 10
1464 263 1463 442 10
1458 464 286 281 10
889 928 1656 946 10
856 857 836 1670 10
263 289 290 1463 10
1102 641 1540 1190 10
1648 1211 855 1647 10
1464 263 290 1463 10
630 613 1548 629 10
575 1088 1757 1540 10
1671 961 987 897 10
1653 1278 1679 995 10
1616 918 1676 1617 10
1674 908 938 970 10
1674 970 938 928 10
130 1367 128 167 10
1088 575 1089 1540 10
1399 1207 1398 1121 10
1594 1622 1595 1764 10
696 1403 1336 1547 10
1491 318 1477 255 10
234 1448 343 202 10
1590 931 929 877 10
1575 1691 1696 1781 10
821 1645 977 978 10
1671 960 1692 987 10
1744 1745 1742 1758 10
1669 1691 1781 1696 10
1578 1669 1781 1696 10
1723 1671 1672 1058 10
1769 1175 1782 1708 10
837 846 1636 798 10
1613 1635 1612 1638 10
1452 289 1487 291 10
1491 383 226 255 10
1646 766 791 1686 10
833 1587 873 862 10
1640 884 1683 1602 10
1006 1285 31 1270 10
536 535 1474 514 10
926 1678 1677 1043 10
1129 1111 1764 1128 10
1176 1775 1780 1719 10
1058 1671 1672 1073 10
1013 1689 1057 897 10
1104 1129 1763 1128 10
1713 1093 1094 1023 10
1145 1104 1763 1128 10
1632 1769 1633 1637 10
1763 1129 1764 1128 10
1707 1091 1062 1086 10
1145 1763 1764 1128 10
1653 939 1043 940 10
1120 1714 1143 1141 10
1674 1675 1745 1656 10
1120 1015 1714 1141 10
871 974 972 1592 10
1724 1726 1008 1004 10
1455 1478 1329 1474 10
1318 393 1315 245 10
1009 1671 897 1073 10
1756 1666 1725 1755 10
1452 461 430 1535 10
1642 1670 836 1651 10
1502 1534 1503 1506 10
535 1455 1329 1474 10
509 409 1535 508 10
1329 535 1474 534 10
1063 1099 1664 1693 10
900 1278 939 34 10
1726 1749 1075 1056 10
1736 1785 1649 1727 10
1571 1622 1624 1595 10
1574 1723 1734 1718 10
1534 500 1535 508 10
1630 1632 1167 1170 10
1514 441 589 453 10
1002 1711 1036 1001 10
1769 1632 1167 1630 10
617 454 1526 408 10
782 767 138 1620 10
535 536 1474 534 10
1570 789 1569 760 10
1666 1668 1663 1761 10
1064 1720 1133 1065 10
1649 1600 1599 1647 10
1202 1731 1105 1206 10
837 1600 774 867 10
1581 1701 955 1696 10
1113 1765 1214 1112 10
1770 1609 1160 1774 10
1609 1610 1774 1770 10
1277 1739 1789 1732 10
1105 1157 1151 1774 10
495 418 437 1510 10
1731 1730 1105 1774 10
1546 1499 551 1510 10
1508 1507 1456 1497 10
1130 1147 1647 1193 10
758 1567 1219 1122 10
1354 65 156 1382 10
43 46 44 1319 10
155 101 154 1410 10
46 1247 1293 1237 10
610 1299 1246 694 10
634 633 1303 1248 10
46 1237 43 1 10
1433 108 141 157 10
1363 1335 1421 54 10
1704 1191 1192 1202 10
1451 1452 1487 291 10
951 870 871 1601 10
1778 763 764 814 10
1273 1277 1789 1265 10
1278 1284 1265 1679 10
1090 996 993 1679 10
1259 1298 1231 1226 10
1432 1318 329 1456 10
1259 1300 1241 1294 10
1785 1130 1647 1195 10
140 1438 148 1433 10
1227 1256 1228 1308 10
1238 1308 1253 1228 10
210 327 1315 209 10
1257 1223 1294 1242 10
485 419 466 1497 10
1389 1431 1410 101 10
1090 1284 995 1679 10
1257 1229 1300 1241 10
1239 1306 1297 1230 10
1499 429 398 1510 10
1347 94 96 95 10
1485 51 1362 1333 10
1377 182 164 619 10
1661 1662 1699 1673 10
926 1678 1043 940 10
620 662 1553 683 10
698 133 1367 697 10
257 236 1297 209 10
90 1314 89 91 10
578 13 1232 1244 10
1524 561 693 616 10
1332 1380 1562 1563 10
1348 1350 1484 1483 10
236 208 1297 209 10
1245 208 1238 1297 10
492 494 554 1497 10
1783 1740 1784 1264 10
1715 1765 1716 1764 10
246 379 1445 381 10
1358 1486 1414 1466 10
494 1507 554 1497 10
1376 119 1396 1375 10
397 419 1497 554 10
63 64 86 1375 10
744 1439 186 1440 10
1130 1149 1196 1773 10
1217 1197 1196 1785 10
1551 652 1442 657 10
475 442 1462 476 10
77 123 76 1374 10
1022 1214 1706 1112 10
251 455 1459 479 10
1458 445 1506 590 10
1681 919 942 914 10
1425 1426 1427 1424 10
319 241 1394 313 10
1568 1324 1786 1768 10
335 1457 518 1500 10
1314 1315 1309 1297 10
1308 1314 1309 1297 10
428 484 1509 521 10
1554 731 706 1439 10
1517 1554 628 1528 10
1764 1146 1128 1213 10
1537 643 606 605 10
1406 1396 1443 121 10
379 246 1445 380 10
675 630 699 1548 10
1431 324 214 320 10
136 1379 372 1359 10
1309 1295 1304 1319 10
1431 1386 329 214 10
1318 225 329 1456 10
1409 1397 1471 1621 10
1251 11 462 1234 10
1494 220 1515 1500 10
223 1501 1500 423 10
422 433 1500 518 10
1312 1296 1306 446 10
1528 1554 628 706 10
1334 1501 1500 1424 10
1501 470 413 588 10
1415 1376 1414 1407 10
1555 665 608 667 10
454 1514 1526 408 10
1542 1371 1447 1365 10
1517 441 628 666 10
220 223 1515 1500 10
438 1527 1462 416 10
172 1425 185 187 10
1554 682 748 1555 10
647 1301 1300 1310 10
1299 647 1300 1310 10
208 7 1238 6 10
753 652 1339 638 10
1619 1759 1569 1621 10
1551 660 1552 1536 10
1479 325 1430 388 10
1502 1504 1503 1536 10
705 704 1543 1565 10
630 623 721 1548 10
38 1267 39 822 10
152 182 1333 1377 10
1350 1351 1437 1483 10
1584 1776 1628 1572 10
805 802 1164 1628 10
1293 1295 1304 1294 10
1601 916 1640 1592 10
885 1593 1627 1655 10
1571 1588 1595 1598 10
1402 1759 1328 1621 10
248 57 1417 261 10
1570 1616 1569 790 10
1504 576 1506 1523 10
103 104 127 1417 10
1425 126 69 1335 10
126 1425 69 172 10
1178 1713 1777 1180 10
640 1373 1556 1323 10
1175 1769 1782 1179 10
833 863 1587 861 10
1425 1422 1335 69 10
1322 1310 1304 1323 10
989 986 1615 956 10
1324 1688 1786 1747 10
807 808 1571 1588 10
980 921 948 1641 10
1130 1195 1193 1647 10
82 87 1346 108 10
1432 1389 1320 1388 10
1584 1776 1722 1586 10
752 1322 1323 1310 10
1734 1662 1751 1673 10
734 640 1323 752 10
840 1629 842 1651 10
356 244 369 1484 10
631 1405 1404 151 10
1710 1639 1579 1755 10
1592 1640 1638 1602 10
1091 1116 1086 1708 10
1626 1652 1627 1688 10
932 1590 929 1625 10
1468 908 971 322 10
1616 932 929 1625 10
882 879 920 1676 10
1342 1504 661 1536 10
133 1446 697 170 10
150 1433 141 157 10
1101 1711 1709 1037 10
753 1340 45 1343 10
1094 1707 1091 1062 10
1116 1172 1083 1728 10
108 1433 141 651 10
1337 1403 1547 1336 10
599 598 612 1343 10
247 380 160 1443 10
1662 1661 1699 1659 10
902 944 987 1692 10
1077 1665 1082 1076 10
1348 1353 115 1434 10
1733 1730 1150 1050 10
94 159 1374 160 10
1080 1723 1078 1079 10
1383 65 75 134 10
1383 1354 65 134 10
1619 1759 1621 1676 10
495 552 1510 560 10
782 781 1569 794 10
1681 1616 1676 1652 10
790 1616 1569 1617 10
1777 1766 1401 1706 10
905 947 1627 942 10
158 1390 137 147 10
1402 1620 1569 1621 10
575 1495 579 1189 10
770 851 784 1771 10
1609 1606 1160 1774 10
115 247 1434 310 10
1728 1756 1729 1725 10
253 879 1471 920 10
1479 315 173 153 10
1736 1737 1760 1575 10
1749 1049 1040 1056 10
1392 97 1393 1391 10
1762 1668 1760 1724 10
88 93 1408 622 10
1251 1321 1255 1230 10
1392 74 73 110 10
406 1296 502 446 10
1225 1239 1297 1230 10
275 202 199 1449 10
734 1311 735 733 10
345 275 199 1449 10
243 345 199 1449 10
311 1353 349 296 10
1455 1482 1362 1361 10
1485 1455 1362 1361 10
1482 1366 1362 1361 10
1374 77 60 76 10
1402 1337 1398 1397 10
1218 1567 1219 758 10
202 1448 343 235 10
1347 1348 1434 1404 10
202 1448 235 200 10
1499 552 1510 495 10
1367 1366 1362 1482 10
309 1366 1361 1362 10
437 1514 1526 1560 10
1367 1366 309 1362 10
1396 1376 1375 1407 10
1469 1458 1470 1523 10
1386 1431 329 1432 10
225 1318 329 232 10
560 1526 551 1510 10
298 1454 282 297 10
329 1318 326 232 10
552 560 551 1510 10
337 306 1473 238 10
1350 1448 1351 1449 10
276 533 421 1476 10
1379 1380 1450 1473 10
306 337 1473 1460 10
523 522 524 1460 10
1548 1511 1496 469 10
1467 217 271 1493 10
688 1549 1369 1550 10
1504 1502 661 1536 10
1461 301 270 300 10
754 62 1369 648 10
1494 220 221 213 10
1464 264 239 290 10
1386 1387 1450 365 10
1777 1782 1605 1589 10
1494 221 218 213 10
695 602 599 1342 10
1488 1386 1432 1388 10
1312 592 1307 1313 10
1431 1389 1388 1387 10
1389 1431 1388 1432 10
1386 1431 1388 1387 10
1431 1386 1388 1432 10
462 1321 593 278 10
1201 1603 1782 1589 10
1451 240 241 291 10
779 1632 1630 1170 10
227 305 304 1452 10
361 1457 1358 1466 10
1051 1661 890 903 10
1688 1681 1627 1657 10
1597 1598 1605 1602 10
1733 1156 1718 1014 10
1776 1583 1628 1161 10
1387 1386 1450 1388 10
692 1544 1526 1528 10
1080 1723 1072 1053 10
237 1473 1450 238 10
1639 1605 1638 1602 10
807 1588 1598 771 10
1131 1596 1589 1777 10
1588 1596 1595 1598 10
1194 1630 1167 1170 10
1622 1146 1764 1594 10
1514 692 1526 1528 10
1431 214 326 320 10
17 610 1236 1246 10
119 120 1414 99 10
1225 1245 1238 1297 10
120 98 1414 99 10
1347 117 115 1348 10
108 1433 1385 157 10
1438 1390 1433 1381 10
1348 311 368 118 10
363 269 1383 75 10
1528 1439 1440 1559 10
1409 67 85 92 10
1769 1175 1166 1179 10
1423 1439 1424 1559 10
1681 1688 1676 1656 10
1379 1390 1381 147 10
1438 1545 1558 1388 10
1386 324 316 312 10
353 1457 1363 1358 10
1543 679 1395 710 10
618 631 1395 151 10
1357 1363 1358 53 10
1363 56 1364 1335 10
341 293 1421 342 10
1370 1539 1365 1542 10
360 98 1414 1358 10
341 342 1421 54 10
1491 207 318 317 10
175 61 1391 1408 10
879 1676 1618 1471 10
1409 1397 1618 138 10
215 1452 319 1394 10
215 1451 1394 241 10
1327 1392 1430 1394 10
1469 1458 1506 590 10
293 299 1421 342 10
1499 552 551 1510 10
370 368 1484 369 10
50 100 146 1360 10
1557 1432 1320 1388 10
1367 309 52 1362 10
1377 1360 1436 1333 10
422 223 1500 423 10
1521 1459 479 1460 10
1357 119 120 1414 10
393 1318 229 245 10
1320 1389 1346 1385 10
185 1439 1355 1440 10
179 1390 1387 365 10
324 1386 214 312 10
1354 185 1355 1440 10
184 185 1440 183 10
1495 1504 1342 1505 10
1321 321 394 284 10
185 184 1440 1354 10
1340 753 45 622 10
1435 184 1440 183 10
1469 1458 590 382 10
1321 1239 284 1255 10
289 305 1452 304 10
363 1451 1383 240 10
1318 1431 329 326 10
1301 1302 515 1313 10
184 1435 1440 1354 10
225 266 329 1456 10
10 1321 278 284 10
1299 1235 1246 694 10
269 392 391 1356 10
1464 442 1463 1462 10
1452 289 304 1509 10
504 1501 456 423 10
1462 442 1463 1509 10
1502 1534 511 1535 10
290 289 291 1463 10
461 428 1509 1452 10
201 1452 319 215 10
574 1534 1490 1535 10
1468 1700 1676 1471 10
227 201 1492 203 10
1620 782 794 138 10
1457 335 518 274 10
1337 1344 1397 1345 10
1334 1457 1522 1486 10
1688 1675 1676 1656 10
1237 43 1303 1293 10
1321 321 1306 394 10
342 1363 1421 54 10
279 383 1477 255 10
807 1571 761 762 10
1509 1338 1487 1463 10
1549 1548 1349 1496 10
1384 1338 1463 1487 10
1501 403 504 528 10
1312 582 1313 515 10
582 1312 404 515 10
241 1451 1394 313 10
93 97 81 1408 10
1337 1470 1471 1621 10
448 302 1529 595 10
1640 1753 1602 1683 10
1397 1337 1471 1621 10
483 396 533 1476 10
1418 1419 1467 1482 10
243 244 1483 349 10
376 357 359 1466 10
560 437 1526 1510 10
523 524 479 1460 10
894 1019 1683 904 10
560 495 437 1510 10
879 253 1471 384 10
1505 1504 1506 1523 10
1415 1413 1414 1466 10
1535 1492 1490 430 10
1521 1520 1459 1518 10
471 400 410 1496 10
1478 244 356 1484 10
574 1535 1490 430 10
490 1511 1512 489 10
574 431 430 1490 10
893 1059 1693 894 10
1495 1504 1505 1523 10
459 280 460 1497 10
419 397 1497 485 10
1476 1351 1513 1512 10
280 1508 1456 1497 10
1377 152 83 1333 10
337 522 523 1460 10
722 1546 671 668 10
1541 1495 1505 1523 10
588 412 413 1516 10
584 496 1502 511 10
1514 412 588 1516 10
1541 1495 1523 1758 10
464 1458 286 590 10
500 1534 511 498 10
1534 1502 1503 1535 10
1439 186 187 1447 10
1505 1541 1523 1345 10
218 269 391 1356 10
574 1534 1535 508 10
584 506 585 1502 10
461 1452 1509 1535 10
227 428 430 1452 10
1492 227 430 1452 10
256 279 1458 1477 10
251 1459 252 1460 10
727 1419 725 632 10
340 298 1467 339 10
94 1347 114 1434 10
457 1530 1522 1529 10
457 480 1529 595 10
1554 665 682 1555 10
357 350 1466 303 10
549 1530 550 564 10
480 457 1529 1530 10
1342 599 1343 1536 10
1325 1505 1345 1342 10
970 1674 994 928 10
1530 548 563 564 10
1530 549 550 540 10
457 1522 596 1529 10
1325 1344 1536 1342 10
595 457 596 1529 10
1341 1344 1536 1325 10
1367 698 1329 1333 10
627 728 1446 697 10
325 314 319 1430 10
1499 1326 1453 1510 10
1371 756 755 749 10
699 675 1543 700 10
1491 1492 1490 1480 10
608 1538 537 538 10
518 1522 1529 596 10
689 1370 754 755 10
1399 1568 1786 1768 10
1757 999 1745 1030 10
1517 1554 1528 1424 10
1502 712 661 1536 10
1744 1747 1742 1745 10
1757 1088 1745 1742 10
130 129 1446 166 10
487 1555 608 667 10
173 1391 112 109 10
1499 429 1509 1535 10
289 263 1509 1463 10
626 1544 722 1526 10
185 1425 1355 1439 10
552 510 495 1499 10
1341 1344 1343 1536 10
1496 471 450 473 10
1495 1541 1342 1403 10
1505 1504 1342 1536 10
1104 1129 1768 1763 10
259 344 1474 258 10
1088 1757 1540 1742 10
1537 607 458 527 10
545 474 1537 544 10
693 662 1519 1553 10
1511 1548 1543 699 10
182 152 180 1377 10
1565 1564 655 703 10
1533 1292 1498 1313 10
1377 1378 1395 1437 10
683 597 664 1553 10
608 1555 488 1538 10
1439 714 706 1528 10
679 1548 1543 1395 10
480 448 1529 595 10
1542 1555 609 1538 10
1110 1209 1742 1024 10
597 1419 664 1553 10
93 1339 1408 622 10
1524 693 1519 1553 10
1514 454 692 628 10
441 454 1514 628 10
1419 1472 1518 1332 10
1433 108 1385 651 10
182 1377 180 619 10
1107 601 1403 641 10
119 1376 48 1375 10
650 1368 648 1369 10
1468 1674 1675 1745 10
696 1103 1547 1121 10
1548 613 1549 1368 10
1533 1557 1556 1545 10
1557 1545 1558 1556 10
1207 1399 1122 1121 10
1759 1700 1328 1621 10
198 756 755 1371 10
1370 754 755 62 10
1370 689 1369 1550 10
689 650 754 1369 10
1370 1542 1371 680 10
1272 1267 1566 1263 10
1026 1019 1021 1654 10
866 808 861 1588 10
555 415 1524 616 10
830 831 812 1634 10
873 1603 780 1185 10
1632 1171 780 1603 10
1272 1645 1566 1267 10
812 811 832 1634 10
830 831 1634 1601 10
1639 1753 1755 1709 10
1695 1581 1703 1761 10
827 1684 841 825 10
1753 1639 1755 1614 10
1762 1736 1649 1727 10
1697 1643 1641 1669 10
960 963 1697 943 10
1642 1697 1641 958 10
841 1684 1641 1578 10
1769 1782 1579 1755 10
1669 1697 1696 1641 10
471 491 473 1496 10
1588 866 862 861 10
695 601 602 1342 10
1666 1694 1725 1755 10
1674 1468 1675 1676 10
189 192 1371 193 10
1425 1426 1447 1427 10
974 973 972 1592 10
973 974 1591 1592 10
973 916 972 1592 10
1688 1746 1745 1656 10
916 1640 1592 884 10
903 1071 1085 1660 10
973 906 916 1592 10
906 973 1591 1592 10
955 1701 949 887 10
1684 1580 1581 1696 10
769 776 1771 864 10
820 1566 810 785 10
1646 792 800 784 10
1646 965 1686 1699 10
1661 1662 1673 1751 10
1367 130 128 127 10
835 1642 1670 836 10
1610 792 1646 784 10
942 1681 914 946 10
1581 954 949 1695 10
1685 954 1695 988 10
906 916 1592 884 10
1566 809 810 785 10
820 818 765 1582 10
1278 33 939 34 10
937 948 953 1581 10
980 1642 958 935 10
1075 1749 1040 1056 10
1591 906 1592 884 10
588 1514 453 408 10
977 1645 968 880 10
1653 1678 1677 1680 10
1587 833 861 862 10
834 1642 935 835 10
912 909 1699 913 10
1645 1262 1272 1680 10
928 889 1656 1034 10
1189 1209 1089 1540 10
1499 497 1532 1546 10
821 1645 822 815 10
1509 289 304 521 10
1597 1766 1777 1595 10
1757 1088 1030 1745 10
1458 1468 1005 463 10
1495 405 579 1189 10
1181 1131 1589 1777 10
1409 386 878 384 10
428 1509 304 521 10
1162 1583 1585 1776 10
848 864 865 1585 10
1661 1659 913 1699 10
1671 1058 1057 1073 10
890 913 933 1699 10
1100 1042 1659 1085 10
1692 1660 933 1699 10
843 869 840 1651 10
1078 1723 1718 1079 10
1080 1723 1079 1072 10
976 783 85 1618 10
1777 1597 1589 1605 10
783 976 1617 1618 10
783 976 874 1617 10
974 931 1591 772 10
1658 1655 1750 1748 10
1596 1186 1131 1589 10
1616 790 875 874 10
1626 1590 1627 1625 10
1003 1068 1007 1667 10
1632 1603 1782 1182 10
873 1603 1634 780 10
1762 1666 1576 1637 10
773 1198 1599 1193 10
1635 1613 1631 1614 10
1639 1604 1638 1605 10
1580 1581 1703 1702 10
909 1659 913 926 10
824 841 1578 825 10
1078 1718 1135 1014 10
1723 1749 1058 1053 10
1106 1153 1105 1731 10
1698 1613 1666 1631 10
1278 33 995 939 10
1176 1156 1014 1718 10
1679 1653 1043 1677 10
899 1653 939 900 10
1710 1782 1579 1604 10
913 912 933 1699 10
1607 1606 1774 1787 10
838 1788 785 809 10
909 1678 1659 926 10
1603 1201 1782 1182 10
1632 1171 1603 1182 10
1666 1614 1637 1631 10
1002 1093 1036 1711 10
1633 1635 1631 1614 10
1129 1104 1768 1102 10
1724 1008 1729 1070 10
1710 1639 1755 1709 10
1090 1284 33 995 10
1137 1767 1213 1777 10
1713 1782 1777 1180 10
1613 1614 1666 1631 10
1678 899 926 909 10
633 634 20 1248 10
1300 1257 1241 1294 10
1679 1789 1677 1741 10
614 646 1322 1323 10
1653 1278 939 900 10
1577 1611 1644 1702 10
610 1299 1236 1246 10
1577 1636 1644 1611 10
1224 1296 1229 1232 10
1305 1257 1294 1242 10
1611 1702 816 1644 10
71 87 1346 1323 10
1653 899 939 940 10
1431 1410 323 320 10
947 889 1657 946 10
1284 993 1270 1679 10
1278 900 1269 34 10
1278 1653 1269 900 10
1623 1786 1716 1764 10
1752 1659 1677 1705 10
854 1578 1644 797 10
990 1580 922 826 10
1788 1739 1787 1582 10
1259 1243 1294 1223 10
1308 208 1297 1238 10
1295 1308 1309 1297 10
821 1645 978 1281 10
321 1239 1306 1297 10
1311 611 735 733 10
1258 1295 1294 1297 10
1656 889 1657 1034 10
1318 232 229 245 10
856 835 1670 836 10
1481 1325 1536 1503 10
1283 36 880 37 10
880 978 1281 37 10
61 97 1408 81 10
318 253 1477 254 10
1262 1645 1267 1281 10
38 978 37 1281 10
1412 358 359 375 10
1698 1685 1761 988 10
1383 269 1356 371 10
1376 119 1414 1396 10
738 186 690 1447 10
1650 892 927 901 10
1423 1425 1427 1424 10
55 1335 54 58 10
731 714 1439 744 10
960 944 943 1692 10
1455 354 355 332 10
126 1425 1427 1335 10
1481 1341 1536 1325 10
1003 1074 1004 1724 10
944 934 943 1692 10
1491 1480 1477 1411 10
1422 105 70 49 10
1054 1730 1027 1731 10
55 1363 84 53 10
1494 1422 293 1421 10
1019 1026 1683 1654 10
1435 184 183 107 10
1760 1701 1690 1667 10
1425 1439 1423 1355 10
1648 1773 1781 1628 10
480 1530 546 540 10
1580 1701 1696 1578 10
237 1379 1450 1473 10
501 576 499 1506 10
455 1520 417 427 10
1473 237 287 238 10
561 415 1519 452 10
1507 1533 1545 1557 10
1495 575 576 1523 10
1090 996 1679 995 10
1284 1278 33 995 10
1659 1678 1682 1677 10
1684 1580 1696 1578 10
1521 415 1519 1525 10
1578 1684 1669 1696 10
1367 1537 1419 1482 10
1350 1351 1483 1449 10
273 1455 332 297 10
1318 1432 1309 1317 10
1760 1691 1696 1575 10
1301 1312 515 404 10
519 536 1513 1474 10
536 439 1513 541 10
1542 680 1550 681 10
1056 1068 1690 1069 10
1697 941 1690 1696 10
653 1511 699 673 10
1548 675 1543 699 10
1578 1648 1781 1628 10
1694 1754 1755 1709 10
1614 1633 1579 1755 10
545 474 526 1537 10
1058 1671 1057 1049 10
129 1381 1420 1446 10
535 474 534 1537 10
276 1475 421 234 10
474 435 526 1537 10
435 402 526 1537 10
1454 402 435 1537 10
1398 1402 1768 1547 10
1758 1540 1768 1547 10
1713 1093 1711 1709 10
1511 721 673 719 10
1671 961 897 1689 10
1769 1782 1755 1708 10
1454 402 1537 1518 10
1753 1709 1693 1664 10
1379 1380 1381 1390 10
1488 1390 1450 1388 10
1665 1077 1082 1664 10
1697 1717 1643 1669 10
1093 1707 1062 1709 10
792 1646 800 791 10
1469 1345 1523 1470 10
856 857 1670 1650 10
1701 887 1690 1667 10
1139 1012 1721 1133 10
1674 970 994 1095 10
1674 1468 970 1095 10
1623 1626 1624 1595 10
999 1674 994 1095 10
1468 1674 999 1095 10
830 812 832 1634 10
1600 837 774 854 10
1093 1713 1707 1709 10
827 1580 1644 826 10
1337 1336 1547 1398 10
1711 1713 1709 1712 10
973 906 1591 907 10
889 1656 1657 946 10
1540 1102 1768 1547 10
860 1399 1208 1398 10
1088 1045 1030 1745 10
1585 1775 1586 1771 10
1584 1717 1722 1572 10
1181 1136 1131 1777 10
1772 851 1650 1586 10
1658 1593 1655 1627 10
1639 1710 1712 1709 10
1691 1737 1781 1575 10
1709 1037 1693 1099 10
1028 1704 1282 1741 10
996 1041 993 1679 10
1582 1682 1686 966 10
1739 1682 1582 1680 10
931 1590 932 907 10
1262 1273 1272 1680 10
1749 1726 1075 1735 10
1668 1760 1761 1703 10
1581 1695 1703 1702 10
1726 1749 1737 1735 10
1749 1737 1721 1572 10
1204 1132 1203 1740 10
1775 1574 1780 1719 10
1574 1723 1722 1717 10
921 1684 1641 841 10
1775 1574 1722 1586 10
1286 1183 25 1274 10
1723 1574 1722 1719 10
1628 1164 1148 1161 10
1574 1775 1722 1719 10
1458 445 1005 1523 10
576 575 1031 1523 10
1648 1211 1212 805 10
828 807 1598 771 10
1195 1785 1599 1647 10
1674 1468 999 1745 10
1648 1773 1147 1647 10
1603 1171 1201 1182 10
1147 1648 1115 1212 10
1033 1656 1748 1657 10
1178 1181 1777 1137 10
1181 1178 1777 1180 10
1093 1707 1094 1062 10
779 1198 1199 1630 10
1746 1656 1748 1033 10
1609 1158 1160 1117 10
1238 1253 385 6 10
1119 1609 1160 1117 10
158 162 179 1387 10
91 4 5 1250 10
1033 1655 1657 1748 10
1743 1746 1748 1044 10
677 688 603 1550 10
866 1596 1186 1125 10
751 1235 694 18 10
1596 1594 1127 1125 10
503 1312 502 582 10
1596 1127 1186 1125 10
1322 1323 1304 1346 10
1311 672 735 611 10
1600 1577 1703 1631 10
1220 1778 764 1221 10
1668 1762 1760 1703 10
1698 1666 1761 1703 10
1730 1731 1738 1774 10
1123 23 1290 1289 10
1723 1574 1719 1718 10
1731 1779 1738 1774 10
1733 1084 1150 1014 10
1182 1632 1170 1167 10
1632 1171 1182 1170 10
256 253 1471 920 10
253 384 1477 1471 10
1480 1491 1477 1490 10
779 1630 1199 1170 10
1618 85 969 878 10
59 1409 1397 1411 10
196 45 1408 1343 10
779 1171 1632 1170 10
298 1454 297 1361 10
546 1531 569 567 10
1455 1454 1361 297 10
1564 740 1377 1329 10
402 1454 435 432 10
1400 1767 1595 1764 10
1515 272 475 420 10
497 1499 551 1546 10
1739 1752 1787 1682 10
1554 1439 1528 1424 10
731 1554 621 748 10
1299 1236 1246 1226 10
1308 91 1250 1233 10
1739 1682 1787 1582 10
1554 731 621 706 10
1542 1370 1550 680 10
1582 1682 1787 1686 10
1239 1321 1306 1230 10
1525 1521 1459 1562 10
1498 513 512 492 10
1321 1251 1306 1230 10
1533 672 669 670 10
394 1321 284 278 10
1539 1370 1550 1542 10
1258 1225 1240 1297 10
406 1296 1234 1244 10
1788 1288 1263 1266 10
40 803 39 1280 10
1419 1332 1553 1563 10
989 1685 1615 1698 10
1266 1289 1783 1290 10
1279 1132 1286 1740 10
1289 1123 1783 1290 10
897 1671 1057 1073 10
1671 1009 1672 1073 10
1123 1184 1783 1290 10
1723 1078 1718 1719 10
1318 1489 1456 1317 10
1295 1223 1258 1294 10
1235 1299 1303 751 10
1704 1740 1202 1203 10
1372 1320 1317 1304 10
1557 1432 1317 1320 10
178 1389 1385 1346 10
87 71 1346 108 10
779 1632 780 799 10
1433 1387 1388 1385 10
1308 1314 1297 208 10
87 44 82 1346 10
90 5 385 1253 10
1230 1225 1258 1297 10
1537 643 1329 702 10
643 1564 1329 702 10
1006 993 1270 31 10
740 698 1329 726 10
1300 404 577 580 10
558 559 557 1513 10
46 1247 3 66 10
1557 1320 1317 1372 10
1251 462 1306 1234 10
1329 542 534 541 10
1389 162 72 102 10
1104 1103 1114 1768 10
754 1370 1369 62 10
1325 1481 1345 1503 10
660 712 1552 1536 10
198 756 1371 192 10
56 191 190 1364 10
84 1357 56 124 10
1505 1325 1345 1503 10
1419 1537 725 632 10
1405 1347 1434 1404 10
143 142 144 1378 10
799 867 1631 798 10
172 1425 1355 185 10
636 859 1336 635 10
1405 123 631 1368 10
246 1444 247 307 10
123 1405 1374 1368 10
117 1347 114 96 10
679 678 1368 631 10
1347 95 1378 1404 10
314 110 1394 1430 10
1479 315 1430 1391 10
1491 325 1430 1479 10
1637 1630 1576 1599 10
1396 119 121 122 10
1396 119 1414 99 10
1329 1436 1330 1333 10
1549 688 677 1550 10
1377 152 180 144 10
133 165 1446 170 10
1376 194 48 63 10
1769 1630 1576 1637 10
1379 1380 1359 1381 10
1418 1366 1417 1367 10
48 132 122 1375 10
1769 1169 1576 1630 10
1380 1472 1563 1332 10
1380 1438 1562 1563 10
1557 1507 1388 1545 10
1426 1425 1447 1439 10
56 126 1335 125 10
1335 69 58 125 10
1494 1464 1356 1465 10
110 1391 109 73 10
158 150 1433 1381 10
1390 158 1433 1381 10
149 169 1446 1381 10
1425 188 1447 187 10
113 1435 741 183 10
1555 1542 1447 1365 10
149 168 1446 169 10
214 1386 211 312 10
1389 162 1385 1387 10
312 374 365 1450 10
216 373 1359 268 10
373 1379 287 1359 10
1533 1292 1456 1498 10
1525 1473 1562 1459 10
1380 1379 1450 1390 10
1465 1384 1463 1356 10
353 1363 342 348 10
1472 1380 1459 1332 10
1473 1380 1562 1459 10
1380 1332 1562 1459 10
1458 1469 1471 1477 10
436 465 1460 1525 10
533 483 1476 482 10
345 1449 1483 1474 10
275 345 482 1449 10
1121 1103 1547 1768 10
451 478 1462 476 10
575 1088 1031 1757 10
1354 1383 1384 1356 10
416 412 1516 413 10
1458 286 590 382 10
204 205 206 1500 10
1384 1338 1560 1462 10
467 438 437 1560 10
1700 1676 1471 1621 10
1617 783 1618 794 10
652 1551 1339 638 10
1552 1551 1536 1339 10
314 315 1430 388 10
1409 795 1618 85 10
795 783 1618 85 10
1397 59 1411 174 10
451 442 1509 521 10
495 418 1510 398 10
348 1363 342 54 10
1494 1423 1421 1500 10
438 1527 1560 1462 10
1457 353 361 1358 10
1415 1413 1407 1414 10
1454 516 517 432 10
1565 557 1513 674 10
1455 260 333 332 10
519 520 514 1474 10
1465 1384 1560 1462 10
1527 1465 1560 1462 10
480 448 449 1529 10
522 1508 338 280 10
1475 276 421 1476 10
1301 1312 1300 1291 10
1486 1415 1414 1466 10
1376 1364 1365 1486 10
1364 1376 1365 1371 10
509 409 510 1535 10
1478 1483 1474 242 10
334 259 1455 481 10
1107 1103 1547 696 10
409 461 1535 508 10
1504 498 576 583 10
461 574 1535 508 10
1675 1688 1745 1656 10
1420 1381 1563 1446 10
545 607 1537 527 10
1492 1481 1326 1532 10
688 623 1549 677 10
467 438 1560 1462 10
484 461 1509 429 10
110 314 1394 313 10
263 1464 265 442 10
1546 1499 1326 1532 10
429 1499 1509 1510 10
413 1501 1516 456 10
509 510 511 1535 10
1534 500 511 1535 10
1499 510 495 398 10
500 509 511 1535 10
1465 1527 1560 1559 10
1451 240 1463 1383 10
59 173 1411 174 10
1485 100 362 51 10
1544 722 1546 713 10
1544 691 713 714 10
1610 1770 1573 1774 10
520 259 514 1474 10
535 481 517 1455 10
1537 1482 1329 1455 10
539 558 1513 439 10
1483 345 1474 242 10
1610 1734 1573 1770 10
1752 1705 1738 1573 10
457 1530 549 543 10
1542 645 746 681 10
1531 568 567 566 10
744 741 742 1440 10
361 360 1414 1358 10
741 744 186 1440 10
741 1435 742 1440 10
1555 1428 1426 1424 10
1515 1494 1516 1462 10
1426 1428 1427 1424 10
1338 1546 1510 1326 10
429 418 398 1510 10
1423 1439 1559 1355 10
601 695 1107 1403 10
1465 1423 1559 1355 10
1737 1721 1572 1773 10
443 501 499 1506 10
1567 1399 1786 1768 10
1749 1717 1572 1722 10
1596 1597 1589 1777 10
1578 1648 1647 1781 10
1488 1438 1562 1380 10
1482 1454 1467 1361 10
288 237 1450 238 10
390 248 372 1359 10
166 168 1446 170 10
1773 1737 1781 1572 10
750 751 1322 752 10
750 633 614 1322 10
769 864 1771 1585 10
864 848 1771 1585 10
1738 1730 1774 1573 10
1162 1165 1585 1163 10
1775 1165 1585 1162 10
1720 1776 1134 1719 10
1554 1517 628 666 10
1158 1159 1780 1770 10
731 714 706 1439 10
609 1542 645 746 10
1574 1772 1780 1734 10
737 701 1564 615 10
1604 1782 1589 1605 10
1626 1623 1400 1595 10
1622 1571 1624 787 10
1378 1404 1395 1437 10
1544 626 692 1526 10
1626 1623 1624 1786 10
1652 1626 1624 1786 10
656 1565 655 557 10
1616 1570 1652 1625 10
846 837 1636 1644 10
949 950 1761 988 10
887 1701 1761 1667 10
1581 1695 949 1761 10
1603 1782 1589 1604 10
1681 1616 1625 930 10
1567 1622 1786 1624 10
741 1435 1440 183 10
1570 1567 1786 1624 10
1554 1439 706 1528 10
682 1542 748 1555 10
1439 1355 1440 1559 10
1567 1570 760 1624 10
1491 1492 1480 1430 10
1622 786 1218 1594 10
1580 827 1644 797 10
799 1632 1631 1630 10
159 132 60 1374 10
1620 1569 1621 1618 10
858 1620 759 1398 10
792 1646 791 1686 10
1635 1632 1631 799 10
1574 1772 1586 1780 10
1119 1609 1118 1606 10
1399 1568 1569 1786 10
783 1617 874 794 10
1642 842 1641 1651 10
786 866 1571 808 10
1622 1623 1764 1786 10
1587 863 1588 861 10
1616 1652 1569 1617 10
1775 1776 1585 1586 10
834 1642 835 836 10
1663 1668 1667 1761 10
967 1645 977 821 10
796 1287 803 40 10
1701 1760 1690 1696 10
1726 1749 1056 1690 10
1697 1642 1641 1643 10
980 1642 935 834 10
908 1674 938 1676 10
207 318 384 1411 10
1610 1772 1780 1771 10
980 1642 1641 958 10
1597 1598 1589 1605 10
1597 1596 1589 1598 10
782 767 1620 759 10
1671 1749 1689 1049 10
1760 1691 1690 1696 10
961 941 1013 1689 10
1697 941 961 1689 10
780 799 1634 868 10
1753 1640 1602 1638 10
887 950 1761 949 10
1762 1600 1649 1703 10
1685 991 1611 1702 10
1685 1695 991 1702 10
981 817 1611 816 10
991 981 1611 816 10
1051 1661 913 890 10
827 1580 826 922 10
864 770 1771 848 10
909 1678 1682 1659 10
1752 1662 1699 1659 10
1045 1746 1044 1029 10
902 1672 1660 1692 10
1111 1129 1715 1108 10
1608 1779 1787 1738 10
1658 1626 1627 1688 10
1129 1743 1715 1108 10
1765 1047 1112 1109 10
973 931 1591 974 10
1113 1765 1112 1109 10
1590 1593 1626 1627 10
876 1616 883 932 10
1591 828 1598 1592 10
951 817 1612 982 10
1753 1640 1638 1615 10
1087 1116 1083 1728 10
977 1645 880 978 10
1698 1666 1615 1664 10
1580 1684 1581 990 10
1760 1701 1761 1703 10
1665 1698 1666 1761 10
1581 955 949 953 10
1037 1711 1709 1693 10
1726 1736 1735 1737 10
1698 1613 1615 1666 10
1724 1046 1070 1725 10
1042 1041 1096 1677 10
1678 1682 1677 1680 10
1753 1694 1709 1664 10
1789 1270 1679 1265 10
1061 1708 1725 1754 10
1772 1574 1673 1734 10
1623 1400 1595 1764 10
1604 1639 1638 1614 10
1661 1051 1085 903 10
941 1697 1690 1689 10
1577 1611 1702 1703 10
1036 1711 1101 1037 10
1766 1658 1716 1400 10
1711 1037 1683 1693 10
1002 1038 1750 1001 10
1176 1775 1144 1154 10
1733 1734 1780 1770 10
1734 1733 1780 1718 10
1733 1156 1770 1780 10
1708 1061 1725 1728 10
1156 1733 1718 1780 10
1747 1744 1742 1768 10
1088 1045 1742 1024 10
1759 1652 1688 1676 10
1341 1552 1536 1339 10
1468 1700 1675 1676 10
957 1640 1615 956 10
1770 1152 1157 1774 10
1277 1271 1732 1261 10
856 850 852 1650 10
1648 1773 1647 1781 10
1770 1733 1774 1157 10
1776 1720 1722 1719 10
1059 893 1693 1063 10
1666 1665 1725 1664 10
1584 1583 1628 1776 10
1776 1773 1628 1572 10
1653 1678 1043 1677 10
1156 1733 1150 1014 10
1718 1176 1135 1014 10
1184 1783 1274 1183 10
1736 1726 1760 1737 10
805 1164 1148 1628 10
1636 1635 1631 798 10
1633 1769 1755 1637 10
1598 1587 1589 1605 10
1593 1597 1401 1602 10
1635 799 1631 798 10
1489 230 573 592 10
779 1171 780 1632 10
832 811 868 1634 10
1769 1632 1630 1637 10
1665 1666 1663 1761 10
462 1321 1306 593 10
809 803 1566 810 10
1649 1600 1647 1578 10
1629 841 1641 1578 10
1578 1684 1641 1669 10
1198 1199 1599 1193 10
1243 1256 1295 1223 10
581 1301 404 577 10
1629 1578 1641 1669 10
1301 1312 404 1300 10
462 1306 447 593 10
1697 937 1696 1641 10
1000 1026 1020 1654 10
1246 17 694 18 10
1711 1683 1654 1602 10
1000 1711 1683 1654 10
1306 462 447 1234 10
1711 1000 1750 1654 10
1316 1309 1307 1294 10
1432 1318 1456 1317 10
87 71 614 1323 10
1750 1000 1020 1654 10
1006 993 997 1741 10
1655 1750 1020 1654 10
1750 1593 1401 1654 10
1711 1750 1401 1654 10
166 130 167 1446 10
1741 1731 1732 1738 10
29 1028 1282 1285 10
1788 1739 1784 1787 10
401 397 1497 492 10
611 1311 1310 733 10
1373 685 654 1556 10
522 1508 306 338 10
46 1237 1293 43 10
1489 393 277 1307 10
1316 1301 1317 1304 10
1724 1668 1760 1667 10
1724 1003 1663 1667 10
1726 1003 1724 1667 10
1295 1258 1240 1297 10
1620 1402 1569 1398 10
1377 1436 1484 1437 10
1003 1067 1068 1667 10
1348 1352 1484 1437 10
712 660 661 1536 10
601 695 1403 1342 10
1505 1541 1345 1342 10
1337 1541 1328 1403 10
292 1478 356 1485 10
309 347 346 1361 10
61 175 174 1408 10
1504 1505 1503 1536 10
602 639 599 1536 10
1397 41 1343 1336 10
1103 1107 1547 1102 10
184 171 1354 185 10
1363 1364 1486 1427 10
171 184 1354 156 10
134 1355 135 70 10
1485 354 362 355 10
1499 495 1510 398 10
454 1514 692 1526 10
298 347 1361 354 10
1364 1371 1447 193 10
740 1564 619 615 10
1726 1067 1003 1667 10
1273 1265 1680 1269 10
1262 1273 1680 1269 10
727 1419 1446 725 10
71 1323 1346 1385 10
1492 1452 1453 1430 10
1262 1645 1283 1680 10
1492 227 226 430 10
497 1552 1532 1546 10
506 496 1502 584 10
467 451 478 1462 10
318 254 1477 255 10
898 1283 1680 1653 10
1705 1730 1738 1573 10
1283 898 1680 880 10
1653 1283 1680 1269 10
1283 1262 1680 1269 10
197 198 62 1371 10
957 893 1664 1693 10
895 894 1693 1683 10
895 957 1693 894 10
662 604 1519 663 10
1640 895 1693 1683 10
1518 587 586 1519 10
957 895 1693 1640 10
1301 1300 1294 1291 10
523 251 252 1460 10
246 262 1445 295 10
1444 246 1445 295 10
851 1772 1771 1586 10
1445 1412 359 381 10
1711 1002 1706 1750 10
1002 1713 1706 1023 10
1541 1337 1345 1342 10
1470 1700 1471 1621 10
1713 1002 1706 1711 10
405 1504 642 1495 10
1002 1038 1023 1706 10
1038 1765 1706 1750 10
181 698 1333 182 10
1002 1038 1706 1750 10
1780 1772 1586 1771 10
520 259 1474 258 10
1758 1744 1768 1742 10
1436 1478 1484 1437 10
1485 1478 356 1484 10
1720 1134 1135 1719 10
1505 1325 1503 1536 10
522 1508 466 1460 10
1718 1078 1135 1719 10
1315 393 394 245 10
244 1478 1483 1484 10
1459 251 479 1460 10
465 1521 1460 1525 10
1789 1741 1732 1738 10
1739 1789 1732 1738 10
708 1438 140 1563 10
1098 1007 891 1663 10
545 526 1518 1537 10
524 522 466 1460 10
110 1392 1430 1391 10
1458 279 286 382 10
1340 1341 1536 1339 10
383 1491 1477 255 10
602 639 1536 732 10
506 496 497 1502 10
263 1464 264 265 10
1452 1499 1509 1535 10
1535 1502 1503 1532 10
1731 1779 1732 1738 10
493 1533 669 670 10
1740 1779 1732 1731 10
1545 685 1558 1556 10
1402 1337 1547 1398 10
685 659 654 1556 10
1665 896 891 984 10
1337 1328 1547 1403 10
1524 1507 624 1545 10
1433 162 1385 157 10
1088 1209 1024 1742 10
162 178 1385 157 10
1209 1210 1742 1190 10
1587 1588 862 861 10
1663 1098 1076 891 10
1064 1720 1721 1133 10
1210 1110 1209 1742 10
1765 1766 1750 1716 10
1540 1758 1768 1742 10
1063 893 1693 1664 10
1713 1022 1706 1023 10
1723 1718 1079 1751 10
1328 1541 1758 1547 10
776 770 1771 864 10
1610 1772 1734 1780 10
890 1661 913 1699 10
818 820 1686 1582 10
1622 1571 1594 1595 10
1102 1103 1768 1547 10
854 824 1578 797 10
841 1684 1578 825 10
1082 1077 1063 1664 10
819 818 1686 1582 10
1597 1777 1401 1605 10
1198 1630 1599 1199 10
1403 1495 1547 641 10
1568 1402 1768 1398 10
1694 1754 1725 1755 10
1337 1402 1547 1328 10
1399 1568 1768 1398 10
1697 1642 959 958 10
1734 1574 1718 1780 10
1495 1541 1403 1547 10
1468 999 1757 1005 10
1675 1759 1688 1676 10
1165 1775 1585 1771 10
1032 1045 1024 1743 10
1541 1470 1758 1523 10
1468 999 463 1095 10
1110 1210 1743 1742 10
1652 1681 1688 1676 10
908 882 920 1676 10
1766 1658 1750 1716 10
1609 1158 1117 1771 10
947 1655 1627 1657 10
464 445 1458 590 10
1770 1610 1780 1771 10
1003 1007 1663 1667 10
1003 1074 1663 1098 10
1649 1578 1647 1781 10
1609 1610 1770 1771 10
983 924 1685 981 10
1165 1163 1771 1585 10
1749 1723 1722 1720 10
921 834 842 1641 10
1749 1717 1669 1572 10
1736 1727 1724 1729 10
1120 1097 1083 1729 10
1736 1785 1727 1729 10
1116 1172 1728 1708 10
1649 1762 1727 1576 10
1165 1117 1771 1163 10
1110 1032 1024 1743 10
1153 1730 1027 1150 10
1165 1158 1771 1117 10
1140 1214 1767 1137 10
916 1601 952 972 10
1158 1770 1780 1771 10
1495 1540 1758 1547 10
1140 1137 1767 1213 10
1727 1724 1729 1725 10
1594 1596 1777 1595 10
830 831 1601 829 10
1763 1567 1764 1786 10
1106 1704 1731 1202 10
1132 26 1203 1279 10
1008 1097 1729 1070 10
1158 1609 1770 1771 10
1776 1162 1161 1144 10
1707 1713 1092 1177 10
1769 1632 1182 1167 10
1169 1769 1166 1167 10
26 1132 25 1286 10
1184 1290 24 1274 10
1739 1608 1784 1787 10
1123 1184 1290 23 10
1779 1608 1787 1784 10
101 1389 72 102 10
1389 101 72 316 10
1279 1704 1740 1268 10
43 1237 1303 78 10
1740 1779 1783 1784 10
1704 1740 1732 1731 10
753 598 599 1343 10
1704 1279 1192 1268 10
81 93 1408 88 10
1340 1341 1339 1408 10
1399 1207 1208 1398 10
61 80 1408 174 10
767 1620 858 1397 10
45 1340 1408 1343 10
1570 789 788 790 10
1390 364 365 179 10
123 1405 631 151 10
1377 1360 1484 1436 10
1367 127 52 309 10
1350 1348 1484 1437 10
1775 1780 1586 1771 10
152 181 1333 182 10
94 159 60 1374 10
1537 535 1455 1329 10
1785 1649 1576 1599 10
396 533 1476 421 10
1649 1785 1647 1599 10
1785 1195 1599 1576 10
309 51 52 1362 10
1314 1308 1319 66 10
1169 1195 1576 1599 10
1363 55 54 53 10
1210 1110 1743 1108 10
1506 576 499 1523 10
46 1293 66 1319 10
47 46 66 1319 10
1308 1293 1319 66 10
1249 16 15 647 10
1397 1337 1336 1343 10
513 503 1313 512 10
1554 621 628 706 10
652 753 1339 622 10
636 1124 612 1336 10
1537 458 1518 527 10
1498 513 1313 512 10
1345 1480 1411 1477 10
389 1479 1411 153 10
1498 507 512 1313 10
507 503 512 1313 10
1478 1483 1484 1437 10
117 1347 115 114 10
1367 1537 1482 1329 10
678 637 629 1368 10
247 114 115 1434 10
133 1367 697 1446 10
1353 311 1348 115 10
1254 1231 1303 1248 10
1380 1438 1563 1381 10
279 383 382 1477 10
1561 724 729 707 10
431 591 382 1490 10
383 431 382 1490 10
1360 50 83 146 10
50 1360 83 1333 10
145 1360 1377 83 10
150 140 141 1433 10
815 765 1566 810 10
800 857 1650 851 10
842 1629 1641 1651 10
803 815 1566 810 10
648 64 1375 86 10
1435 686 742 1440 10
744 714 1440 686 10
285 279 286 1458 10
1340 753 599 1343 10
1091 1707 1708 1086 10
1724 1046 1004 1070 10
1635 831 812 823 10
1374 132 60 86 10
465 524 1460 479 10
1391 73 112 109 10
1725 1728 1070 1729 10
412 1514 588 408 10
132 1374 1375 86 10
1520 251 300 222 10
1374 648 1375 86 10
1374 77 648 86 10
1412 1396 1414 99 10
1396 1412 378 99 10
375 1412 1414 99 10
378 1412 375 99 10
1183 1132 1286 25 10
1379 136 372 364 10
1123 838 849 1783 10
1473 1461 287 1359 10
390 373 1359 372 10
1282 29 28 1018 10
127 104 57 1417 10
1289 1123 849 1783 10
1287 796 2 40 10
175 61 112 1391 10
61 97 112 1391 10
1275 1287 768 2 10
103 104 1417 248 10
308 1366 309 57 10
55 56 1335 125 10
111 1392 161 73 10
1306 1251 1234 1230 10
21 1237 78 1254 10
1237 21 78 43 10
1309 1316 1304 1294 10
1473 1525 1460 1459 10
101 1389 154 1410 10
1354 65 134 135 10
1520 1467 271 1493 10
217 339 1467 271 10
103 136 372 1359 10
1451 363 313 241 10
74 363 313 1451 10
794 795 1618 138 10
1620 794 1618 138 10
615 1564 1395 1543 10
1348 311 118 115 10
1511 653 699 1543 10
123 1405 151 76 10
145 1377 144 83 10
50 42 52 1333 10
1520 1461 1493 271 10
363 1383 1382 75 10
270 1461 300 271 10
631 1404 1395 151 10
618 68 1395 619 10
249 1422 105 58 10
1390 1387 1450 1388 10
1379 1380 1473 1359 10
646 1322 1323 752 10
1404 1378 1395 151 10
637 613 629 1368 10
1237 1227 1293 1231 10
646 750 614 1322 10
140 1433 148 141 10
1245 236 208 1297 10
1245 1225 1239 1297 10
1396 1412 381 378 10
379 1396 381 378 10
5 90 1250 1253 10
468 484 521 1509 10
269 392 1356 371 10
1412 381 378 375 10
529 1475 234 421 10
55 1335 58 125 10
1376 64 1375 62 10
119 379 1396 121 10
117 1348 118 115 10
240 1464 1463 1356 10
1454 282 228 224 10
176 44 1346 82 10
1169 1194 1195 1599 10
1454 1537 1455 1482 10
71 1373 1323 1385 10
1521 455 417 465 10
415 1521 414 407 10
465 1521 407 417 10
1613 1635 1638 1614 10
415 587 414 1519 10
299 205 293 1421 10
1501 1494 1515 1500 10
468 451 1509 521 10
1357 56 190 1364 10
179 162 72 1387 10
1376 1357 190 1364 10
1390 158 179 1387 10
1492 1491 1490 226 10
1341 1340 1343 1408 10
1185 1186 862 1589 10
1479 389 388 153 10
639 1340 599 1536 10
1458 445 1523 1506 10
501 498 576 1506 10
639 1340 1536 1551 10
1613 1615 1638 1612 10
1491 1492 317 203 10
360 351 1358 361 10
952 924 1612 923 10
360 351 98 1358 10
353 351 361 1358 10
119 1376 1414 1357 10
1386 312 365 1450 10
108 71 1346 1385 10
1418 1419 1493 1467 10
1387 179 365 72 10
1353 1444 1448 283 10
103 248 1417 1359 10
1601 952 1612 923 10
923 1685 1612 1615 10
1446 1419 1553 1563 10
1367 130 127 1417 10
1511 721 720 1548 10
1554 1426 1447 1439 10
1548 1511 469 720 10
1420 103 1417 1359 10
438 416 1462 478 10
477 1515 1462 475 10
270 1461 216 287 10
335 1457 1500 206 10
1511 719 473 469 10
412 438 416 1527 10
924 1685 1612 923 10
217 1461 216 270 10
1429 1393 1453 1326 10
1526 437 1560 1510 10
1517 1501 1424 1516 10
1501 588 413 1516 10
1499 510 398 1535 10
1331 1511 1565 1512 10
215 241 1394 319 10
340 261 268 1417 10
1652 1626 1627 1625 10
1461 217 1493 271 10
1511 490 473 719 10
444 500 1534 508 10
415 1521 407 1525 10
574 444 1534 508 10
1537 535 1329 534 10
292 1478 260 242 10
100 370 1484 369 10
519 483 1513 440 10
469 1496 450 473 10
659 1545 723 1556 10
459 485 1497 460 10
542 656 541 1329 10
1511 1496 469 473 10
1511 653 486 673 10
1498 573 1313 1456 10
876 1616 929 875 10
1061 1728 1070 1725 10
439 519 1513 440 10
438 1514 408 437 10
454 441 1514 453 10
536 519 1513 439 10
1476 1449 482 1474 10
533 276 482 1476 10
1640 923 1612 1615 10
588 1514 589 453 10
1457 1334 1522 1500 10
1531 568 569 567 10
480 457 1530 540 10
1530 546 550 1531 10
1531 568 547 569 10
1492 328 317 203 10
1640 1601 1612 923 10
1564 711 655 703 10
1492 1491 226 203 10
203 1491 226 255 10
280 231 460 1456 10
116 145 1352 143 10
520 482 258 1474 10
1590 877 929 1625 10
793 1590 1624 1625 10
1061 1087 1070 1728 10
1590 793 877 1625 10
1757 1088 1031 1030 10
1189 575 1540 1089 10
555 1507 554 494 10
399 587 505 1518 10
1518 545 527 505 10
1518 587 505 586 10
527 1518 505 586 10
753 1340 599 638 10
1340 639 599 638 10
1253 5 385 6 10
734 600 752 1310 10
1397 1337 1398 1336 10
493 513 1498 492 10
717 1561 718 715 10
1397 858 1336 1398 10
859 1207 1124 1398 10
696 1124 1398 1336 10
967 819 979 1582 10
1406 1396 1375 1407 10
95 1378 1404 151 10
675 1548 679 629 10
793 1570 1625 1624 10
613 637 650 1368 10
1381 1380 1359 1420 10
659 717 625 1545 10
1468 322 971 281 10
1545 1524 625 624 10
474 542 1537 544 10
657 1551 736 671 10
639 1551 736 638 10
623 676 1549 677 10
1542 1539 563 644 10
623 613 1549 1548 10
639 1340 1551 638 10
1370 62 755 1371 10
1455 1478 1436 1329 10
711 737 1564 702 10
71 1373 651 658 10
970 1468 281 1095 10
1545 670 723 1556 10
1468 970 281 971 10
303 448 395 1529 10
1418 1366 1482 1467 10
197 194 189 1371 10
964 965 966 1686 10
1353 283 296 307 10
1353 1444 283 307 10
197 64 1376 62 10
1410 210 323 320 10
327 210 1410 320 10
613 623 1549 688 10
1371 192 1447 193 10
48 132 1375 63 10
193 1364 1427 1447 10
876 1616 975 883 10
1479 1491 1480 1430 10
704 701 1564 703 10
705 704 1565 703 10
704 1564 1565 703 10
1603 1185 1589 1200 10
711 1564 655 643 10
1626 1590 1625 1624 10
1593 1626 1400 1595 10
793 1570 1624 788 10
1740 1271 1264 1268 10
1570 1652 1624 1786 10
1681 1652 1627 1625 10
1650 1687 1670 927 10
1332 1518 1553 1519 10
934 892 1699 912 10
1731 1705 1738 1741 10
1574 1723 1717 1673 10
1738 1779 1787 1774 10
1636 846 823 798 10
1361 1485 346 1362 10
884 1640 1592 1602 10
686 1435 742 687 10
309 1361 346 1362 10
854 1600 1644 1578 10
51 309 346 1362 10
819 964 966 1686 10
1739 1273 1789 1680 10
838 1788 809 768 10
22 23 849 1289 10
1616 1570 1569 1652 10
526 402 525 1518 10
1620 767 138 1397 10
767 139 138 1397 10
1569 1619 1621 1618 10
883 1616 975 1617 10
1652 1619 1569 1617 10
1617 1619 1569 1618 10
1665 950 896 984 10
817 951 1612 778 10
1397 1620 1618 138 10
1726 1724 1760 1667 10
1279 1740 1264 1268 10
1619 1617 1676 1618 10
996 1041 1679 1677 10
1684 1580 827 922 10
1620 794 1569 1618 10
844 827 1644 826 10
824 854 1578 806 10
853 824 1578 806 10
406 12 1234 447 10
843 869 1651 847 10
12 406 1234 1244 10
948 937 958 1641 10
963 937 1697 958 10
980 948 958 1641 10
990 1684 948 922 10
1684 921 948 922 10
1071 1052 1085 1660 10
1687 1574 1717 1673 10
1308 1238 1253 385 10
960 1671 961 987 10
1211 1648 855 806 10
960 944 1692 987 10
831 1635 812 1634 10
1688 1747 1716 1786 10
1037 1059 1693 1099 10
1613 1614 1615 1666 10
1308 208 1238 385 10
1746 1688 1745 1747 10
773 1211 1647 855 10
1671 1697 961 1689 10
1750 1039 1020 1001 10
1672 1058 1073 1072 10
1668 1724 1663 1667 10
19 634 1248 20 10
1201 1131 1200 1589 10
560 617 551 1526 10
1514 1528 1526 1560 10
904 1019 1654 1021 10
1509 1499 1453 1510 10
1658 1593 1766 1750 10
1593 1658 1655 1750 10
1022 1713 1094 1023 10
837 846 845 1644 10
837 797 1644 845 10
1150 1730 1027 1050 10
1637 1600 1703 1631 10
827 844 1644 797 10
1752 1662 1659 1751 10
797 844 1644 845 10
1720 1064 1053 1065 10
1723 1749 1053 1720 10
1131 1186 1200 1589 10
1080 1723 1053 1078 10
1106 1191 1017 1704 10
695 1403 1336 696 10
1152 1774 1187 1151 10
1132 1279 1203 1740 10
1186 1185 1200 1589 10
1685 989 1615 945 10
1713 1707 1092 1094 10
1175 1707 1708 1174 10
916 1640 884 936 10
1129 1111 1715 1764 10
986 1665 1698 1664 10
1597 1766 1401 1777 10
1511 653 674 486 10
1594 1596 1595 1588 10
831 870 1601 829 10
1149 1773 1148 1161 10
1610 1772 1771 784 10
770 851 1771 848 10
895 1640 936 884 10
674 1511 486 489 10
1211 773 1647 1115 10
1544 722 1526 1546 10
1630 1194 1599 1199 10
454 1514 408 453 10
1549 1548 469 720 10
1514 437 1526 408 10
437 560 1526 408 10
1511 719 469 720 10
472 471 450 1496 10
802 805 801 1628 10
1678 1653 1043 940 10
1133 1720 1138 1134 10
1678 899 1653 940 10
1084 1733 1718 1014 10
404 1301 1300 577 10
1720 1776 1138 1134 10
1301 647 1300 577 10
895 957 936 1640 10
779 804 1630 799 10
1197 1785 1714 1729 10
1632 779 1630 799 10
1182 1769 1167 1179 10
1782 1769 1182 1179 10
1597 1593 1766 1595 10
1649 1701 1760 1703 10
1685 989 988 1698 10
989 983 1685 988 10
490 1511 486 719 10
1788 1778 1783 838 10
491 539 489 1512 10
1783 1184 1274 1290 10
490 491 489 1512 10
1409 386 85 878 10
503 594 502 1312 10
996 1679 1043 1677 10
1409 85 1618 878 10
1273 1739 1789 1277 10
989 950 988 1698 10
1284 1090 993 1679 10
1201 1603 1589 1200 10
669 1533 515 1302 10
493 1533 515 669 10
1788 1645 1566 1272 10
1276 1783 1784 1264 10
1235 1299 751 694 10
1065 1720 1135 1719 10
195 1322 1303 1319 10
1293 1319 1303 1304 10
1309 1315 1307 1297 10
1720 1133 1135 1134 10
1257 1296 1300 1229 10
1507 1533 1557 1456 10
1065 1078 1719 1135 10
506 712 661 1502 10
585 1504 1502 661 10
1325 1505 1342 1536 10
1485 292 355 356 10
1360 145 1352 146 10
1552 1551 1546 668 10
1476 483 1474 482 10
1731 1704 1011 1741 10
536 519 514 1474 10
1171 1603 1201 1200 10
296 1353 349 212 10
1730 1705 1050 1751 10
1730 1054 1050 1705 10
543 1522 528 434 10
448 303 1466 1529 10
1363 1357 1486 1364 10
1406 1405 1368 1374 10
273 1455 333 332 10
1360 146 1352 1484 10
1387 1386 316 365 10
1488 1380 1450 1390 10
1207 1399 1208 1122 10
1700 1328 1621 1470 10
635 196 1343 45 10
1140 1764 1128 1213 10
1140 1767 1764 1213 10
1495 1504 642 1342 10
1551 639 736 660 10
929 1616 1625 875 10
877 929 1625 875 10
1357 1363 1486 1358 10
422 204 335 1500 10
877 793 875 1625 10
1049 1749 1040 1053 10
1491 203 317 255 10
384 318 1477 1411 10
1676 879 920 1471 10
1397 1344 1343 1408 10
1056 1749 1689 1690 10
1551 1552 1546 1339 10
483 519 1513 1474 10
1772 1687 1673 1574 10
1613 1614 1638 1615 10
912 892 1699 965 10
1499 1452 1509 1453 10
1551 1340 1536 1339 10
201 227 1492 1452 10
1052 1055 1085 1751 10
1468 1458 1470 1471 10
139 767 41 1397 10
1713 1022 1094 1092 10
418 467 437 1510 10
1022 1713 1178 1092 10
1495 575 579 576 10
722 617 1526 551 10
1763 1567 1786 1768 10
1189 1495 642 641 10
405 1495 642 1189 10
1366 340 298 1467 10
402 1454 425 1518 10
562 1531 550 567 10
1376 64 63 1375 10
1733 1156 1150 1157 10
358 361 1414 1466 10
1639 1753 1638 1614 10
1614 1694 1638 1615 10
1730 1733 1150 1157 10
1501 470 487 488 10
1355 371 49 70 10
1425 1439 187 1447 10
1542 682 609 1555 10
1530 548 564 549 10
1403 1495 642 1342 10
1517 1501 487 1555 10
1567 1622 1764 1786 10
1674 999 998 1745 10
1617 1676 1618 881 10
1620 782 1569 794 10
1754 1708 1725 1755 10
948 990 953 1581 10
834 1642 842 1641 10
1694 1666 1725 1664 10
1611 817 982 1612 10
983 954 1685 988 10
792 1606 813 775 10
1594 786 1218 1125 10
1622 1126 1146 1594 10
1766 1593 1401 1750 10
1145 1146 1128 1764 10
800 857 852 1650 10
1692 1672 1660 1673 10
1650 1687 1586 1670 10
601 1403 642 1342 10
1168 1606 1118 763 10
1168 1119 1118 1606 10
696 1124 1336 612 10
598 635 1343 45 10
1567 1570 1569 760 10
1570 1652 1786 1569 10
1754 1708 1755 1709 10
1632 1635 1631 1633 10
1639 1753 1602 1638 10
1601 1640 1638 1592 10
1296 578 404 580 10
1054 1730 1731 1705 10
1671 1723 1672 1717 10
1127 1596 1186 1131 10
1661 903 1085 1660 10
1195 1647 1599 1193 10
1136 1596 1127 1131 10
696 1121 1547 1398 10
893 957 894 1693 10
1633 1604 1638 1614 10
1726 1067 1008 1004 10
1067 1726 1008 1075 10
1081 1046 1754 1060 10
1648 1147 1115 1647 10
1715 1743 1764 1716 10
1622 1623 1595 1764 10
1039 1038 1748 1044 10
1103 1114 1768 1121 10
1775 1176 1780 1154 10
1162 1775 1144 1776 10
1723 1749 1722 1717 10
1584 1629 1669 1572 10
1773 1572 1781 1628 10
1749 1720 1722 1721 10
1578 1629 1781 1669 10
1733 1730 1774 1157 10
404 1296 580 1300 10
997 993 1679 1741 10
705 1565 655 703 10
1132 26 1279 1286 10
968 1582 979 966 10
1146 1594 1127 1213 10
1694 1753 1638 1615 10
1546 722 551 668 10
1318 1315 1317 1309 10
1769 1166 1167 1179 10
497 1546 551 668 10
1778 1221 1222 1783 10
1220 1778 1222 1188 10
898 35 36 1283 10
1778 1220 1222 1221 10
899 1653 900 910 10
934 892 927 1650 10
1785 1130 1196 1773 10
1217 1149 1773 1196 10
1753 1694 1638 1614 10
289 263 521 1509 10
1785 1217 1773 1196 10
1130 1785 1196 1195 10
1785 1197 1196 1195 10
1495 575 1540 1189 10
1449 199 212 200 10
266 1488 1508 306 10
1541 1328 1758 1470 10
1495 1189 1540 641 10
1537 597 606 702 10
1461 301 287 270 10
1759 1744 1758 1745 10
1520 1461 300 1459 10
1518 399 525 505 10
51 1485 346 362 10
519 483 520 1474 10
643 1537 606 702 10
1296 1224 1244 1232 10
1316 1309 1317 1307 10
1537 597 664 606 10
425 1520 426 427 10
1298 1259 1299 1226 10
1431 214 329 326 10
1251 10 462 11 10
14 15 580 1252 10
607 1537 664 606 10
1249 647 15 577 10
1521 1332 1459 1562 10
578 406 1244 1296 10
1783 1266 1290 1274 10
1184 24 1183 1274 10
1288 1260 1276 1784 10
665 682 1555 609 10
1517 487 589 667 10
1539 571 563 644 10
1543 615 710 1395 10
1370 1371 755 749 10
1517 487 667 1555 10
615 619 710 1395 10
688 689 603 1550 10
756 1371 680 749 10
650 688 1369 689 10
820 1582 765 1566 10
415 561 1524 616 10
715 1524 693 616 10
991 1695 992 1702 10
201 328 1492 203 10
820 1788 1582 1566 10
1295 1309 1304 1294 10
1259 1298 1294 1243 10
503 594 1312 1313 10
1635 1601 1612 1638 10
594 503 507 1313 10
1315 1318 1317 1307 10
1312 594 592 1313 10
594 507 573 1313 10
592 594 573 1313 10
1489 592 573 1313 10
156 65 161 1382 10
1655 905 904 1021 10
1711 1753 1712 1709 10
1766 1400 1716 1767 10
1683 1019 1654 904 10
1713 1178 1092 1177 10
1000 1750 1020 1001 10
1442 1546 1326 1339 10
1393 1442 1339 131 10
1552 1341 1326 1339 10
1341 1429 1326 1339 10
1094 1707 1092 1091 10
1782 1175 1179 1180 10
1393 1442 1326 1339 10
1715 1032 1047 1109 10
1429 1393 1326 1339 10
1695 1581 992 1702 10
1580 990 992 826 10
1640 895 1683 884 10
1483 1350 1484 1437 10
1707 1091 1177 1092 10
631 679 1395 1368 10
1478 1485 1436 1484 10
116 370 1352 146 10
610 600 1310 694 10
990 1580 992 1581 10
754 650 648 1369 10
1581 1580 992 1702 10
10 1251 462 1321 10
1405 160 1443 1434 10
1530 548 538 563 10
1565 1564 1543 1395 10
1702 991 826 992 10
325 1491 1430 1492 10
1357 84 120 124 10
48 1376 124 190 10
1364 191 190 189 10
1357 1376 190 124 10
1357 119 124 120 10
56 1357 190 124 10
110 314 315 1430 10
1465 1384 1462 1463 10
68 142 1378 180 10
1341 1344 1345 1480 10
615 1543 710 700 10
65 1354 156 135 10
1512 1475 1349 1496 10
1377 1564 1395 619 10
1442 1551 1546 1339 10
93 97 1339 131 10
738 745 1447 690 10
217 1461 270 271 10
178 1389 1346 176 10
1386 1431 1387 316 10
1558 1433 1385 651 10
1389 1431 101 316 10
158 162 1387 1433 10
1452 319 1394 1430 10
1405 1444 1448 1434 10
1452 1492 319 1430 10
1580 1702 826 992 10
1461 1472 1493 1359 10
1444 1353 1448 1434 10
1438 1561 1563 707 10
1353 115 1434 310 10
1538 608 609 538 10
325 314 1430 388 10
207 389 388 1479 10
153 389 92 1411 10
1507 1488 1508 1456 10
1380 1472 1359 1420 10
627 708 1446 728 10
1472 1419 1518 1493 10
1247 1233 66 1293 10
689 1370 755 749 10
739 1550 603 681 10
1341 1429 1408 1480 10
194 197 1376 1371 10
1520 425 426 1467 10
198 197 189 1371 10
739 644 1550 681 10
1457 335 274 336 10
220 1494 221 205 10
221 1494 293 205 10
425 1454 1467 1518 10
1520 425 1467 1518 10
442 475 1462 265 10
574 461 1535 430 10
1469 1458 1471 1470 10
389 207 384 1411 10
1296 1224 1234 1244 10
640 1373 658 654 10
1341 1344 1480 1408 10
146 370 1352 1484 10
1485 1360 1436 1484 10
1461 1472 1459 1493 10
679 618 1395 710 10
145 116 1352 146 10
1520 1461 1459 1493 10
236 1245 7 8 10
1318 327 326 232 10
1765 1715 1047 1109 10
1520 426 222 271 10
327 1318 1315 245 10
1518 1520 1459 1493 10
1520 426 271 1467 10
1454 516 432 424 10
1472 1518 1459 1493 10
1504 1502 1506 498 10
415 1524 1519 1525 10
1332 1521 1519 1562 10
283 1448 200 235 10
381 1412 359 375 10
857 843 1651 851 10
243 1449 199 212 10
311 1353 296 310 10
1518 1521 1519 1332 10
1525 1524 1519 1562 10
1353 311 115 310 10
114 247 160 1434 10
1521 1525 1519 1562 10
354 298 297 1361 10
308 1366 347 309 10
1485 354 1455 1361 10
298 1366 1361 347 10
152 42 83 1333 10
883 1617 975 881 10
1337 1345 1397 1471 10
895 894 1683 904 10
1754 1709 1664 1099 10
366 367 1466 556 10
1457 353 336 352 10
1502 511 1532 1535 10
55 1363 54 1335 10
1502 496 1532 511 10
1392 110 73 1391 10
1502 497 1552 1532 10
1464 1465 1463 1356 10
496 497 1502 1532 10
704 705 1543 699 10
653 1511 1565 1543 10
1511 1331 1565 1543 10
353 1457 361 352 10
947 905 1655 1021 10
72 1387 316 365 10
211 1386 1450 312 10
208 1238 385 6 10
653 705 1543 1565 10
1389 176 102 177 10
705 653 1543 699 10
1373 685 658 654 10
1081 1082 1063 1664 10
1081 1063 1099 1664 10
1754 1081 1099 1664 10
1298 1293 1303 1304 10
1527 416 1516 1462 10
1501 1494 1516 1515 10
1465 1527 1516 1462 10
526 1518 525 505 10
1520 399 417 427 10
1545 1533 670 1556 10
1533 672 670 1556 10
662 561 693 1519 10
1498 1292 1456 1313 10
1521 1518 1459 1332 10
1567 1399 1569 1786 10
1524 1561 1562 1545 10
272 1464 264 213 10
1570 1567 1569 1786 10
1652 1759 1786 1569 10
1512 1511 674 489 10
1619 1759 1652 1569 10
1759 1568 1786 1569 10
964 766 1646 1686 10
915 926 1677 1043 10
1659 1678 1677 926 10
915 1659 1677 926 10
403 1501 504 423 10
249 341 1421 54 10
909 1678 888 1682 10
925 909 888 1682 10
1646 964 1686 965 10
568 1531 530 566 10
1025 1041 1042 1677 10
529 400 472 1496 10
488 608 1538 537 10
1263 1267 1566 1280 10
457 1522 434 596 10
1766 1400 1767 1595 10
1297 1305 1307 1294 10
578 406 1296 502 10
1457 1486 1466 1529 10
1376 1370 1365 1371 10
1730 1705 1738 1731 10
660 1551 1552 668 10
487 1501 488 1555 10
1554 665 621 682 10
1551 660 671 668 10
751 1299 1310 694 10
1740 1704 1732 1268 10
1261 1271 1732 1268 10
1700 1468 1470 1471 10
1254 21 20 78 10
1337 1328 1470 1621 10
1620 1402 1397 1621 10
1402 1337 1397 1621 10
1355 1354 1440 1559 10
1337 1402 1328 1621 10
1546 1551 671 668 10
799 1632 780 1634 10
1632 1603 780 1634 10
804 1198 1630 1599 10
712 497 668 1552 10
773 1647 1115 1193 10
686 1435 657 713 10
1360 100 1484 1485 10
1348 1350 1404 1437 10
1552 497 668 1546 10
437 467 1560 1510 10
617 454 692 1526 10
1647 1147 1115 1193 10
1546 722 671 713 10
506 497 712 1502 10
1147 1648 1212 1148 10
1672 1071 1660 1072 10
1723 1672 1660 1072 10
1546 1338 1510 1560 10
1052 1723 1660 1072 10
1071 1052 1660 1072 10
1354 1441 1559 1384 10
185 741 1440 183 10
1717 1723 1672 1673 10
614 87 1322 195 10
71 646 614 1323 10
634 1235 1303 751 10
1607 1606 1787 813 10
1733 1730 1050 1751 10
1223 1259 1241 1294 10
1609 777 1118 775 10
1723 1734 1718 1751 10
1717 1584 1586 1643 10
1084 1733 1050 1751 10
787 761 1624 788 10
708 1438 709 148 10
1409 1397 1411 1471 10
879 881 878 1618 10
818 820 791 1686 10
818 819 765 1582 10
1788 1645 1582 1566 10
911 898 880 1680 10
1265 1653 1680 1269 10
1661 890 1660 1699 10
1692 1660 1699 1673 10
931 1590 929 932 10
828 872 829 1592 10
1626 1652 1624 1625 10
1687 1692 1699 1673 10
921 1684 841 922 10
934 1687 1699 1650 10
1717 1584 1722 1586 10
1773 1149 1215 1161 10
1687 934 1699 1692 10
934 944 933 1692 10
1785 1649 1727 1576 10
1183 24 25 1274 10
1211 1648 806 805 10
1136 1596 1131 1777 10
1788 1272 1566 1263 10
1635 1601 1638 1634 10
986 1698 1615 1664 10
1593 1655 1654 1750 10
828 1591 762 772 10
807 828 1598 762 10
947 905 1627 1655 10
1593 1658 1626 1627 10
1766 1767 1777 1595 10
1655 904 1654 1021 10
1724 1004 1008 1070 10
1668 1762 1666 1725 10
1762 1668 1724 1725 10
925 1682 888 966 10
1694 1753 1615 1664 10
1074 1046 1725 1082 10
1665 1074 1725 1082 10
1778 1188 1774 1779 10
1753 1711 1683 1693 10
1778 1606 1774 1188 10
1277 1261 1732 1741 10
1271 1740 1732 1268 10
1270 1284 1679 1265 10
1739 1752 1789 1738 10
1723 1660 1673 1751 10
1723 1052 1660 1751 10
1660 1661 1673 1751 10
1731 1106 1027 1011 10
1766 1767 1706 1777 10
1713 1022 1178 1706 10
1178 1137 1777 1706 10
1214 1765 1706 1112 10
1178 1214 1137 1706 10
1022 1178 1706 1214 10
1715 1765 1748 1716 10
1688 1658 1716 1748 10
1038 1039 1750 1001 10
1743 1129 1715 1764 10
1129 1743 1763 1764 10
1743 1715 1748 1716 10
1697 961 1696 962 10
1071 1672 1073 1072 10
1766 1765 1706 1767 10
986 957 985 1664 10
1711 1093 1036 1101 10
1726 1067 1004 1003 10
1367 698 697 1329 10
1726 1003 1004 1724 10
1046 1061 1070 1725 10
1736 1726 1735 1714 10
1721 1737 1735 1773 10
1537 1367 697 1329 10
1655 1658 1657 1748 10
999 1030 998 1745 10
445 1458 1005 463 10
1257 1223 1241 1294 10
675 1543 700 710 10
675 679 1543 710 10
735 659 723 1556 10
1668 1666 1663 1725 10
672 735 723 1556 10
1614 1694 1666 1755 10
19 1235 1248 634 10
1145 1104 1114 1763 10
600 752 1310 694 10
19 1235 751 18 10
1648 1773 1628 1148 10
1593 1658 1400 1626 10
1587 1588 771 1598 10
646 750 1322 752 10
1152 1157 1774 1151 10
1153 1106 1027 1731 10
1551 652 736 638 10
652 1551 736 657 10
1233 4 3 66 10
1116 1091 1174 1708 10
1247 1233 3 66 10
1707 1175 1177 1174 10
1091 1707 1177 1174 10
1387 162 1385 1433 10
1301 1302 1310 611 10
724 1561 716 707 10
1542 644 645 681 10
677 739 1550 603 10
765 820 1566 810 10
1606 814 813 775 10
1607 1610 1573 1774 10
1192 1704 1202 1203 10
1542 682 746 609 10
1704 1191 1017 1018 10
1622 1567 1218 786 10
1121 1399 1122 1216 10
1567 760 758 786 10
760 1567 758 757 10
767 1397 858 41 10
1397 41 1336 858 10
1344 1341 1343 1408 10
178 176 1346 82 10
90 1308 1253 385 10
1308 1227 1233 1228 10
807 1571 762 1598 10
1606 1609 1118 775 10
1235 1299 1246 1226 10
1397 1620 858 1398 10
41 79 1336 858 10
763 1606 1118 775 10
1606 763 814 775 10
1028 1704 1017 1018 10
1704 1028 1282 1018 10
1296 578 1232 1244 10
1494 1422 1421 1423 10
64 197 1376 63 10
993 32 1270 31 10
1422 1335 69 58 10
1737 1691 1781 1669 10
1006 30 31 1285 10
134 371 1355 70 10
578 13 1244 406 10
792 1607 1686 813 10
581 1301 515 404 10
13 578 1232 14 10
820 792 1686 813 10
1306 1305 1307 1297 10
1607 1686 813 1787 10
448 302 395 1529 10
503 513 1313 582 10
1788 1582 1787 813 10
1788 820 1582 813 10
1686 1582 813 1787 10
633 195 1322 1303 10
633 78 195 1303 10
205 1494 293 1421 10
1423 1427 1421 1500 10
348 1363 54 53 10
820 1582 813 1686 10
1581 990 953 992 10
205 1494 1421 1500 10
114 94 1434 160 10
100 1485 362 356 10
1762 1649 1760 1703 10
373 1379 1359 372 10
1482 1454 1361 1455 10
1666 1668 1761 1703 10
1558 1438 1388 1433 10
1438 1390 1388 1433 10
1580 1702 1644 826 10
178 1389 102 162 10
1386 312 316 365 10
162 1389 72 1387 10
1611 817 839 816 10
1038 1765 1750 1748 10
1626 1652 1688 1786 10
1766 1593 1400 1595 10
576 499 1523 1031 10
262 1445 359 381 10
223 1501 1515 1500 10
1762 1668 1666 1703 10
1501 1494 1424 1516 10
1439 1528 1424 1559 10
1528 1527 1424 1559 10
1544 1528 1440 1559 10
1544 714 1440 1528 10
741 185 1440 186 10
1384 1383 1463 1356 10
585 506 661 1502 10
429 461 1509 1535 10
1337 1541 1403 1342 10
1552 1546 1326 1532 10
626 691 713 1544 10
497 496 1499 1532 10
429 484 468 1509 10
1509 1452 1487 1453 10
1526 1546 551 1510 10
467 451 1509 468 10
1509 289 1463 1487 10
617 626 722 1526 10
1554 1426 1439 1424 10
816 844 839 1644 10
1354 1383 65 1382 10
1646 800 852 1650 10
1504 405 642 585 10
412 438 1514 408 10
1546 1499 1510 1326 10
220 223 420 1515 10
477 1515 420 456 10
223 1501 456 1515 10
1494 1465 1516 1462 10
1501 1515 1516 456 10
1426 1425 1439 1424 10
575 1757 1031 1523 10
691 1544 692 1528 10
692 691 1528 628 10
649 678 1368 637 10
1511 490 486 489 10
361 1358 1414 1466 10
367 357 1466 303 10
350 361 358 1466 10
1698 1666 1703 1631 10
1666 1637 1703 1631 10
1666 1762 1703 1637 10
712 660 1552 668 10
859 79 1336 635 10
451 442 1462 1509 10
1583 1584 1628 1651 10
712 1502 1552 1536 10
500 509 1535 508 10
1565 1478 1329 1436 10
1548 675 679 1543 10
980 921 1641 834 10
879 1409 1618 878 10
881 1618 969 878 10
808 866 1571 1588 10
807 863 808 1588 10
1007 896 891 1663 10
1632 1603 1604 1782 10
1636 1577 1631 1611 10
1785 1736 1714 1729 10
918 1616 883 1617 10
1675 1674 1676 1656 10
1479 153 173 1411 10
976 85 969 1618 10
1665 1663 1076 891 10
1665 896 1663 891 10
1674 1468 1676 908 10
1674 938 1676 1656 10
892 850 1650 964 10
1665 1077 891 1076 10
1077 1665 891 984 10
1697 941 1696 961 10
1584 1643 1651 1586 10
1674 928 938 1656 10
1619 1652 1676 1617 10
95 142 96 1378 10
1681 1656 946 1657 10
1648 1211 1115 1212 10
1721 1776 1572 1773 10
805 806 801 1628 10
1687 1643 1586 1670 10
892 934 1699 1650 10
1660 1661 1699 1673 10
1284 1278 995 1679 10
1695 949 1761 988 10
526 545 1518 505 10
1003 1007 1098 1663 10
1347 95 96 1378 10
143 142 1378 96 10
1633 1769 1579 1755 10
1639 1614 1579 1755 10
1077 1665 985 1664 10
1724 1074 1004 1046 10
1012 1064 1721 1133 10
805 1648 806 1628 10
1785 1736 1649 1575 10
883 1616 919 930 10
1775 1776 1722 1719 10
1152 1155 1159 1770 10
1757 1700 1758 1745 10
1652 1570 1624 1625 10
1616 1681 919 930 10
1403 1107 1547 696 10
896 1007 887 1663 10
1695 1685 1761 1703 10
1724 1074 1046 1725 10
1701 887 1761 949 10
532 331 233 1791 10
330 331 532 1791 10
532 233 531 1791 10
1445 295 262 1793 10
1444 295 1445 1793 10
262 295 294 1793 10
267 377 262 1795 10
331 377 267 1795 10
366 331 330 1796 10
377 331 366 1796 10
531 547 330 1797 10
568 547 531 1797 10
532 531 330 1791 10
376 1466 359 1413 10
359 1412 1445 1413 10
376 377 366 1796 10
556 547 449 1466 10
1529 1466 449 1416 10
469 565 566 1798 10
572 565 469 1798 10
530 566 1531 1799 10
568 1531 547 1797 10
1549 1496 1349 1799 10
1496 1475 1349 1799 10
1415 1407 1413 1416 10
1466 1415 1413 1416 10
1530 1539 1416 1531 10
1445 359 1413 1794 10
449 547 1416 1466 10
547 1531 1416 1797 10
1413 1416 1407 1797 10
1407 1416 1531 1797 10
331 377 1795 1796 10
531 1797 330 1791 10
1550 1801 739 1800 10
1349 1549 1799 1803 10
1531 1804 530 1799 10
1791 1804 1794 1790 10
1804 1805 1407 1807 10
1807 1808 1790 1810 10
565 566 1798 567 10
566 1531 1798 567 10
739 571 1801 644 10
1550 739 1801 644 10
1549 1496 1799 469 10
572 739 1800 676 10
262 1793 1792 1445 10
267 331 1806 343 10
1407 1807 1808 1804 10
1458 382 1477 279 10
1477 382 1458 1469 10
820 785 1788 1566 10
1788 785 820 813 10
1310 733 734 600 10
734 733 1310 1311 10
789 1569 790 1570 10
790 1569 789 781 10
918 919 1616 1681 10
1616 919 918 883 10
1442 1326 1441 1393 10
1441 1326 1442 1546 10
1441 1338 1326 1546 10
1242 1306 1258 1305 10
1258 1306 1242 1230 10
1306 1297 1258 1305 10
1258 1297 1306 1230 10
260 1474 1455 259 10
1455 1474 260 1478 10
839 1612 823 778 10
823 1612 839 1636 10
1612 831 870 1601 10
1612 870 831 778 10
951 1612 870 1601 10
951 870 1612 778 10
1612 951 952 1601 10
1612 952 951 982 10
1329 725 697 1537 10
697 725 1329 698 10
945 923 1640 1615 10
1640 923 945 936 10
945 1640 956 1615 10
956 1640 945 936 10
839 1612 1611 1636 10
1611 1612 839 817 10
325 1492 317 1491 10
317 1492 325 328 10
185 1354 172 171 10
172 1354 185 1355 10
1354 163 172 171 10
172 163 1354 1355 10
1494 391 218 221 10
218 391 1494 1356 10
361 1466 352 1457 10
352 1466 361 350 10
1433 148 651 1558 10
651 148 1433 141 10
955 961 1696 941 10
955 1696 961 962 10
1034 1655 1033 1020 10
1034 1033 1655 1657 10
1408 622 45 88 10
45 622 1408 1340 10
126 56 1364 191 10
1364 56 126 1335 10
173 1391 1408 175 10
1408 1391 173 1479 10
38 1281 821 978 10
660 639 1536 1551 10
660 1536 639 732 10
859 1336 1124 636 10
1124 1336 859 1398 10
1339 638 1340 753 10
1340 638 1339 1551 10
1468 970 908 1674 10
908 970 1468 971 10
151 95 1405 1404 10
151 1405 95 76 10
326 1431 1410 1318 10
326 1410 1431 320 10
327 326 1410 1318 10
327 1410 326 320 10
1624 788 760 787 10
760 788 1624 1570 10
1438 1488 1390 1380 10
1390 1488 1438 1388 10
1438 708 707 1563 10
707 708 1438 709 10
1464 290 240 1463 10
240 290 1464 239 10
595 1529 518 302 10
518 1529 595 596 10
106 1339 107 93 10
107 1339 106 1442 10
1339 131 107 93 10
107 131 1339 1442 10
1343 612 636 598 10
1343 636 612 1336 10
635 1343 636 598 10
635 636 1343 1336 10
192 738 1447 193 10
1447 738 192 745 10
866 1594 786 1571 10
786 1594 866 1125 10
693 1553 718 662 10
666 1554 667 665 10
667 1554 666 1517 10
1554 1555 667 665 10
667 1555 1554 1517 10
1215 1138 1721 1776 10
1721 1138 1215 1139 10
930 1616 932 883 10
930 932 1616 1625 10
1382 131 111 156 10
111 131 1382 1392 10
1454 425 426 424 10
426 425 1454 1467 10
1454 426 224 424 10
942 1681 917 919 10
942 917 1681 1627 10
917 1681 930 919 10
291 1463 240 290 10
240 1463 291 1451 10
1138 1721 1133 1139 10
1133 1721 1138 1720 10
1612 924 1611 1685 10
1612 1611 924 982 10
1611 924 981 1685 10
1611 981 924 982 10
463 1458 281 464 10
281 1458 463 1468 10
243 1483 345 1449 10
345 1483 243 242 10
1422 293 341 250 10
341 293 1422 1421 10
1422 341 249 250 10
249 341 1422 1421 10
466 1497 459 485 10
459 1497 466 1508 10
1485 1436 1455 1478 10
1455 1436 1485 1330 10
1714 1197 1217 1785 10
1714 1217 1197 1143 10
438 1514 1560 1527 10
1560 1514 438 437 10
287 1473 301 1461 10
287 301 1473 238 10
1021 1654 1020 1026 10
1020 1654 1021 1655 10
252 300 1459 251 10
1459 300 252 1461 10
140 1433 1381 1438 10
1381 1433 140 150 10
1422 392 1355 1356 10
1355 392 1422 49 10
392 371 1355 1356 10
1355 371 392 49 10
794 790 1617 874 10
1287 768 1788 1275 10
1055 1025 1705 1054 10
1055 1705 1025 1048 10
1314 323 155 1410 10
155 323 1314 89 10
1314 155 154 1410 10
154 155 1314 89 10
1525 407 465 1521 10
465 407 1525 436 10
1351 1483 1478 1437 10
1478 1483 1351 1474 10
1351 1478 1565 1437 10
1553 730 724 620 10
1553 724 730 729 10
547 546 1416 1531 10
547 1416 546 449 10
1416 546 1530 1531 10
383 1490 226 431 10
226 1490 383 1491 10
482 1449 276 275 10
276 1449 482 1476 10
1485 354 346 362 10
346 354 1485 1361 10
528 1334 488 1501 10
488 1334 1555 1501 10
488 1555 1334 1538 10
543 537 1530 548 10
1530 537 543 1538 10
537 538 1530 548 10
1530 538 537 1538 10
1777 1213 1594 1767 10
281 1458 322 285 10
322 1458 281 1468 10
458 604 1519 586 10
1519 604 458 663 10
458 1519 1518 586 10
1518 1519 458 663 10
414 1519 1518 1521 10
1518 1519 414 587 10
1520 399 525 1518 10
525 399 1520 427 10
1216 1763 1768 1567 10
1216 1768 1763 1114 10
1399 1216 1768 1567 10
1784 1271 1264 1740 10
1784 1264 1271 1276 10
888 1680 911 968 10
1704 1011 1028 1017 10
966 1582 819 1686 10
966 819 1582 979 10
1648 1148 805 1212 10
805 1148 1648 1628 10
265 272 1462 1464 10
265 1462 272 475 10
1462 1515 272 475 10
1787 1739 1738 1752 10
1787 1738 1739 1608 10
41 1343 79 196 10
79 1343 41 1336 10
1343 635 79 196 10
79 635 1343 1336 10
786 1567 787 1622 10
786 787 1567 760 10
787 1567 1624 1622 10
787 1624 1567 760 10
1377 698 740 164 10
740 698 1377 1329 10
393 229 1489 230 10
1489 229 393 1318 10
394 1321 277 1306 10
394 277 1321 278 10
277 1321 593 1306 10
277 593 1321 278 10
188 1425 1427 126 10
188 1427 1425 1447 10
193 1427 188 1447 10
1296 1229 580 1300 10
580 1229 1296 1252 10
1229 577 580 1300 10
1783 1264 1286 1740 10
1286 1264 1783 1274 10
1183 1286 1783 1274 10
1553 724 718 620 10
1553 718 724 1561 10
149 140 1563 708 10
1563 140 149 1381 10
149 1563 1446 708 10
1446 1563 149 1381 10
858 1336 859 79 10
859 1336 858 1398 10
1375 648 62 64 10
1375 62 648 1369 10
716 1438 707 1561 10
716 707 1438 709 10
1324 1688 1744 1759 10
1744 1688 1324 1747 10
1688 1745 1744 1759 10
1744 1745 1688 1747 10
1467 1482 1518 1454 10
1518 1482 1467 1419 10
1482 1537 1518 1454 10
1518 1537 1482 1419 10
260 1474 242 1478 10
242 1474 260 344 10
1312 593 1306 1307 10
593 592 1312 594 10
1312 592 593 1307 10
1537 458 1419 1518 10
1419 458 1537 664 10
123 1368 77 649 10
77 1368 123 1374 10
1368 648 77 649 10
77 648 1368 1374 10
530 568 1797 1531 10
530 1797 568 531 10
1791 1797 530 531 10
1456 1317 1557 1432 10
132 122 1406 159 10
1406 122 132 1375 10
132 1406 1374 159 10
1374 1406 132 1375 10
1569 794 790 1617 10
790 794 1569 781 10
1659 1085 1751 1661 10
1659 1085 1051 1100 10
1051 1085 1659 1661 10
154 1320 47 1319 10
47 1320 154 177 10
1320 154 1389 1410 10
1320 1389 154 177 10
1593 884 885 1591 10
1235 1299 1298 1303 10
1298 1299 1235 1226 10
1235 1298 1231 1303 10
1231 1298 1235 1226 10
919 882 1681 918 10
919 1681 882 914 10
1681 882 1676 918 10
1681 1676 882 914 10
1680 968 880 911 10
880 968 1680 1645 10
661 602 1536 732 10
661 1536 602 1342 10
967 1645 979 977 10
979 1645 967 1582 10
1645 968 979 977 10
979 968 1645 1582 10
1752 1607 1610 1573 10
931 1591 907 973 10
907 1591 931 1590 10
1333 167 133 181 10
133 167 1333 1367 10
1333 133 698 181 10
698 133 1333 1367 10
1156 1157 1770 1155 10
1770 1157 1156 1733 10
1765 1111 1109 1113 10
1109 1111 1765 1715 10
1333 167 128 1367 10
128 167 1333 42 10
1333 128 52 1367 10
52 128 1333 42 10
1404 631 1368 1405 10
1404 1368 631 1395 10
1548 1368 1404 1395 10
1061 1754 1046 1060 10
1046 1754 1061 1725 10
946 1681 938 1656 10
946 938 1681 914 10
938 1681 1676 1656 10
938 1676 1681 914 10
1119 1606 1160 1609 10
1160 1606 1119 1168 10
828 1592 772 872 10
772 1592 828 1591 10
1592 974 772 872 10
772 974 1592 1591 10
632 597 1553 1419 10
632 1553 597 683 10
1743 1044 1045 1746 10
1045 1044 1743 1032 10
730 632 1553 727 10
1553 632 730 683 10
1048 1025 1659 1705 10
1659 1025 1048 1042 10
1025 1677 1659 1705 10
1659 1677 1025 1042 10
1786 1759 1688 1324 10
1786 1688 1759 1652 10
1085 1751 1660 1052 10
1660 1751 1085 1661 10
1783 1276 1288 1266 10
1288 1276 1783 1784 10
1783 1288 1788 1266 10
1788 1288 1783 1784 10
1140 1764 1765 1111 10
1765 1764 1140 1767 10
321 1297 236 1239 10
236 1297 321 257 10
1117 1609 776 1119 10
1117 776 1609 1771 10
1359 217 1417 1493 10
1359 1417 217 268 10
1417 340 217 268 10
1582 1739 1645 1788 10
1582 1645 1739 1680 10
1645 1739 1272 1788 10
1645 1272 1739 1680 10
1252 1296 578 1232 10
1252 578 1296 580 10
14 1252 578 1232 10
14 578 1252 580 10
631 1368 649 678 10
649 1368 631 123 10
393 394 1307 1315 10
1307 394 393 277 10
1307 1306 394 277 10
734 1310 1323 1311 10
1323 1310 734 752 10
1395 1565 1351 1331 10
1395 1351 1565 1437 10
855 1578 1600 854 10
855 1600 1578 1647 10
774 855 1600 854 10
1578 855 806 854 10
806 855 1578 1648 10
1765 1047 1044 1038 10
1044 1047 1765 1715 10
1765 1044 1748 1038 10
1748 1044 1765 1715 10
398 1535 429 1499 10
429 1535 398 409 10
1411 318 1491 207 10
1411 1491 318 1477 10
628 1517 1514 441 10
628 1514 1517 1528 10
256 253 1477 1471 10
1477 253 256 254 10
1220 1606 1188 1168 10
1188 1606 1220 1778 10
1542 756 680 747 10
1542 680 756 1371 10
1774 1205 1206 1779 10
1774 1206 1205 1151 10
1105 1206 1774 1151 10
1049 1689 1056 1749 10
1056 1689 1049 1069 10
1410 327 1315 210 10
1410 1315 327 1318 10
230 277 1489 393 10
1489 277 230 592 10
416 1516 456 413 10
456 1516 416 1515 10
1395 151 68 618 10
68 151 1395 1378 10
68 1395 180 1378 10
180 1395 68 619 10
1395 1377 180 1378 10
180 1377 1395 619 10
1371 194 190 1376 10
1371 190 194 189 10
1364 1371 190 1376 10
1364 190 1371 189 10
1334 1365 1555 1428 10
1555 1365 1334 1538 10
1532 1499 1492 1535 10
1532 1492 1499 1326 10
1492 1499 1452 1535 10
1714 1016 1141 1015 10
1714 1141 1016 1735 10
415 1525 555 1524 10
555 1525 415 553 10
555 1525 554 1507 10
554 1525 555 553 10
554 419 1525 553 10
1354 1435 1559 1441 10
1354 1559 1435 1440 10
1559 1435 1544 1441 10
1559 1544 1435 1440 10
518 395 1457 274 10
1461 252 1473 301 10
252 337 1473 301 10
1473 337 252 1460 10
690 1554 743 731 10
690 743 1554 1447 10
743 1554 1439 731 10
743 1439 1554 1447 10
189 188 1427 126 10
189 1427 188 193 10
1364 189 1427 126 10
1364 1427 189 193 10
1649 1760 1736 1762 10
1736 1760 1649 1575 10
136 147 1359 103 10
1359 147 136 1379 10
1760 1649 1696 1701 10
1760 1696 1649 1575 10
1696 1649 1578 1701 10
1697 943 1692 960 10
1692 943 1697 1687 10
725 728 1446 727 10
725 1446 728 697 10
702 1564 726 737 10
702 726 1564 1329 10
726 1564 740 737 10
726 740 1564 1329 10
734 1556 640 654 10
1556 735 734 1311 10
734 735 1556 654 10
995 1653 1043 1679 10
995 1043 1653 939 10
619 740 1377 1564 10
619 1377 740 164 10
1408 196 41 80 10
1408 41 196 1343 10
1397 41 1408 1343 10
998 1656 1029 1035 10
1029 1656 998 1746 10
1656 1033 1029 1035 10
1029 1033 1656 1746 10
1313 515 1533 1302 10
1759 1328 1547 1402 10
1547 1328 1759 1758 10
1759 1547 1768 1402 10
1768 1547 1759 1758 10
1513 1351 1478 1565 10
1513 1478 1351 1474 10
1329 1513 1478 1565 10
1329 1478 1513 1474 10
1427 1424 1500 1423 10
1424 1428 1500 1334 10
1424 1500 1428 1427 10
1500 1428 1457 1334 10
1500 1457 1428 1427 10
1457 1428 1486 1334 10
1457 1486 1428 1427 10
1436 1377 1565 1437 10
1377 1565 1395 1564 10
1377 1395 1565 1437 10
266 1450 306 288 10
306 1450 266 1488 10
1450 238 306 288 10
1696 1781 1649 1575 10
1649 1781 1696 1578 10
1674 1035 928 1656 10
928 1035 1674 994 10
535 1474 481 1455 10
481 1474 535 514 10
1474 259 481 1455 10
481 259 1474 514 10
1474 534 1513 1329 10
1513 534 1474 536 10
534 541 1513 1329 10
1513 541 534 536 10
1167 1630 1169 1769 10
1169 1630 1167 1194 10
1656 1034 1033 1035 10
1033 1034 1656 1657 10
467 1509 418 468 10
418 1509 467 1510 10
1509 429 418 468 10
418 429 1509 1510 10
1147 1773 1148 1149 10
1148 1773 1147 1648 10
869 1628 853 1629 10
853 1628 869 801 10
853 806 1628 801 10
1764 1567 1146 1622 10
1553 1446 727 1419 10
727 1446 1553 728 10
1500 220 205 1494 10
1500 205 220 204 10
1300 1226 1236 1299 10
1236 1226 1300 1229 10
1774 1152 1160 1770 10
1774 1160 1152 1187 10
1300 1259 1226 1299 10
1300 1226 1259 1241 10
43 1303 1319 195 10
1319 1303 43 1293 10
1739 1682 1789 1752 10
1789 1682 1739 1680 10
1682 1677 1789 1752 10
1789 1677 1682 1680 10
411 440 1476 396 10
1476 440 483 396 10
1476 483 440 1513 10
1294 1242 1258 1305 10
1258 1242 1294 1223 10
1127 1213 1596 1136 10
1596 1213 1127 1594 10
1213 1777 1596 1136 10
1596 1777 1213 1594 10
234 1448 276 1475 10
234 276 1448 202 10
276 1449 1448 202 10
1764 1213 1594 1146 10
1594 1213 1764 1767 10
277 1307 593 592 10
593 1307 277 1306 10
647 1301 611 581 10
647 611 1301 1310 10
292 1455 260 1478 10
260 1455 292 332 10
195 1319 1346 1322 10
1346 1319 195 44 10
195 1346 87 1322 10
87 1346 195 44 10
1743 1768 1129 1763 10
840 853 1578 1629 10
1578 853 840 824 10
840 1578 841 1629 10
841 1578 840 824 10
1086 1707 1709 1062 10
1086 1709 1707 1708 10
1754 1709 1086 1708 10
734 1323 1556 1311 10
1556 1323 734 640 10
1762 1637 1599 1600 10
1599 1637 1762 1576 10
1762 1599 1649 1600 10
1649 1599 1762 1576 10
1206 1731 1774 1779 10
1206 1774 1731 1105 10
1176 1138 1776 1134 10
1776 1138 1176 1144 10
1775 1776 1176 1144 10
1188 1205 1774 1779 10
1774 1205 1188 1187 10
836 1651 857 843 10
857 1651 836 1670 10
160 1374 1406 159 10
121 160 1406 159 10
121 1406 160 1443 10
1586 1717 1687 1574 10
1586 1687 1717 1643 10
1351 1404 1448 1350 10
1297 1238 1228 1308 10
1228 1238 1297 1225 10
1240 1228 1297 1225 10
449 1466 448 556 10
448 1466 449 1529 10
690 756 1542 748 10
200 1449 202 1448 10
200 202 1449 199 10
679 629 1368 678 10
1368 629 679 1548 10
1455 333 1454 273 10
1454 333 1455 334 10
333 516 1454 273 10
1454 516 333 334 10
306 1473 1450 1488 10
1450 1473 306 238 10
1371 1376 62 197 10
1371 62 1376 1370 10
477 1462 416 478 10
416 1462 477 1515 10
1494 1464 272 213 10
272 1494 220 1515 10
220 1494 272 213 10
1323 87 1322 614 10
1323 1322 87 1346 10
1693 1037 894 1059 10
1693 894 1037 1683 10
1414 358 375 360 10
375 358 1414 1412 10
1363 353 299 1457 10
1363 299 353 342 10
1421 1363 299 1457 10
1421 299 1363 342 10
1680 1682 888 1678 10
1455 292 1485 1478 10
1455 1485 292 355 10
1411 1345 1471 1397 10
1411 1471 1345 1477 10
1432 1388 1507 1488 10
1507 1388 1432 1557 10
1432 1507 1456 1488 10
1456 1507 1432 1557 10
1377 1333 1329 698 10
1329 1333 1377 1436 10
481 516 1454 334 10
481 1454 516 517 10
1455 481 1454 334 10
1455 1454 481 517 10
1326 1429 1492 1453 10
92 1411 386 1409 10
386 1411 92 389 10
1411 384 386 1409 10
386 384 1411 389 10
430 1490 226 1492 10
226 1490 430 431 10
1501 588 589 470 10
589 588 1501 1516 10
1501 589 487 470 10
1517 441 667 589 10
667 441 1517 666 10
1338 1510 1453 1326 10
1338 1453 1393 1326 10
1393 1453 1338 1487 10
1338 1393 1441 1326 10
1236 1229 647 1249 10
647 1229 1236 1300 10
1229 577 647 1249 10
647 577 1229 1300 10
395 518 1529 302 10
493 1498 1313 1533 10
1313 1498 493 513 10
493 1313 515 1533 10
515 1313 493 513 10
1560 1384 1441 1338 10
1560 1441 1384 1559 10
1511 699 630 1548 10
630 699 1511 673 10
1511 630 721 1548 10
721 630 1511 673 10
1378 180 144 1377 10
144 180 1378 142 10
1553 664 662 663 10
662 664 1553 683 10
664 663 1419 458 10
664 1419 663 1553 10
1419 663 1518 458 10
1419 1518 663 1553 10
1283 1281 1645 1262 10
1645 1281 1283 880 10
1578 853 1628 1629 10
1578 1628 853 806 10
1567 757 759 1399 10
759 757 1567 760 10
1567 759 1569 1399 10
1569 759 1567 760 10
1528 714 691 1544 10
1528 691 714 706 10
1401 1750 1706 1766 10
1030 1029 1746 1045 10
1030 1746 1029 998 10
1745 1030 1746 1045 10
1745 1746 1030 998 10
1752 1789 1741 1677 10
1741 1789 1752 1738 10
1752 1741 1705 1677 10
1705 1741 1752 1738 10
1650 964 965 892 10
1650 965 964 1646 10
1699 1650 965 892 10
1699 965 1650 1646 10
836 1651 842 1642 10
842 1651 836 843 10
39 815 1280 803 10
1631 1611 1698 1613 10
1645 822 1281 821 10
1281 822 1645 1267 10
822 38 1281 821 10
1281 38 822 1267 10
1053 1720 1719 1723 10
1053 1719 1720 1065 10
1078 1053 1719 1723 10
1078 1719 1053 1065 10
887 1690 1007 1066 10
1007 1690 887 1667 10
1690 1068 1007 1066 10
1007 1068 1690 1667 10
1214 1111 1765 1113 10
1765 1111 1214 1140 10
1591 762 931 1590 10
931 762 1591 772 10
816 1644 826 844 10
826 1644 816 1702 10
1051 926 1659 915 10
1659 926 1051 913 10
1653 1283 900 898 10
1653 900 1283 1269 10
900 1283 35 898 10
900 35 1283 1269 10
1491 325 207 317 10
207 325 1491 1479 10
1499 1453 1492 1452 10
1492 1453 1499 1326 10
885 1654 884 1593 10
884 1654 885 886 10
1417 340 308 1366 10
1417 308 340 261 10
57 1417 308 1366 10
57 308 1417 261 10
1456 266 1488 1508 10
557 656 1513 559 10
557 1513 656 1565 10
1513 1329 656 1565 10
1377 1329 1565 1564 10
1565 1329 1377 1436 10
923 1601 936 1640 10
923 936 1601 952 10
936 1601 916 1640 10
936 916 1601 952 10
1121 1216 1768 1399 10
1768 1216 1121 1114 10
986 1698 950 989 10
1176 1719 1776 1775 10
1776 1719 1176 1134 10
1773 1130 1647 1785 10
1773 1647 1130 1147 10
1746 1033 1039 1029 10
1039 1033 1746 1748 10
1746 1039 1044 1029 10
1044 1039 1746 1748 10
1703 1631 1611 1698 10
1611 1631 1703 1577 10
1498 492 494 493 10
494 492 1498 1497 10
1498 494 1533 493 10
1655 885 886 905 10
1655 886 885 1654 10
904 1655 886 905 10
904 886 1655 1654 10
841 1629 842 840 10
841 842 1629 1641 10
1419 1563 1472 1332 10
1705 1050 1055 1054 10
1055 1050 1705 1751 10
1028 1006 1741 1285 10
1741 1006 1028 1010 10
71 1385 651 1373 10
651 1385 71 108 10
1355 172 69 1425 10
1355 69 172 163 10
1550 1370 1407 1369 10
1370 1376 1407 1369 10
1537 725 1446 1419 10
1446 725 1537 697 10
1537 1446 1367 1419 10
1367 1446 1537 697 10
1417 268 390 261 10
390 268 1417 1359 10
1417 390 248 261 10
248 390 1417 1359 10
256 1477 255 279 10
255 1477 256 254 10
1470 1337 1541 1328 10
1470 1541 1337 1345 10
1351 1565 1512 1331 10
1512 1565 1351 1513 10
562 1798 567 565 10
567 1798 562 1531 10
570 572 1798 565 10
562 570 1798 565 10
1630 1169 1599 1194 10
1630 1599 1169 1576 10
1445 379 1443 1396 10
1445 1443 379 380 10
1443 379 121 1396 10
1443 121 379 380 10
1576 1195 1197 1785 10
1197 1195 1576 1169 10
1576 1197 1729 1785 10
1729 1197 1576 1169 10
535 1455 435 1537 10
435 1455 535 517 10
1455 1454 435 1537 10
435 1454 1455 517 10
713 1442 1435 657 10
1573 1733 1730 1774 10
1770 1573 1733 1734 10
1770 1733 1573 1774 10
1748 1039 1020 1750 10
1748 1020 1039 1033 10
1655 1748 1020 1750 10
1655 1020 1748 1033 10
576 1504 579 1495 10
576 579 1504 583 10
579 1504 405 1495 10
579 405 1504 583 10
1628 865 869 801 10
802 1628 865 1583 10
802 865 1628 801 10
1435 713 1440 1544 10
1440 713 1435 686 10
713 714 1440 1544 10
1440 714 713 686 10
775 770 1609 777 10
775 1609 770 784 10
1609 1771 770 784 10
957 1615 986 956 10
986 1615 957 1664 10
941 1689 1066 1013 10
1066 1689 941 1690 10
1689 1069 1066 1013 10
1066 1069 1689 1690 10
1708 1769 1172 1728 10
1769 1172 1169 1166 10
909 1699 925 912 10
925 1699 909 1682 10
1699 965 925 912 10
1156 1770 1159 1155 10
1159 1770 1156 1780 10
757 1567 1208 1399 10
757 1208 1567 758 10
1208 1567 1122 1399 10
1208 1122 1567 758 10
1162 1158 1775 1165 10
1162 1775 1158 1154 10
1775 1780 1158 1154 10
1669 1749 1737 1691 10
1669 1737 1749 1572 10
1401 1654 1602 1711 10
1602 1654 1401 1593 10
1667 1067 1690 1726 10
1667 1690 1067 1068 10
1690 1067 1056 1726 10
1690 1056 1067 1068 10
1706 1038 1112 1765 10
1706 1112 1038 1023 10
1028 1741 1011 1704 10
1011 1741 1028 1010 10
1699 1687 1772 1650 10
1699 1772 1687 1673 10
499 1506 445 443 10
499 445 1506 1523 10
837 1631 798 1636 10
798 1631 837 867 10
1590 932 930 1625 10
930 932 1590 907 10
1740 1188 1205 1204 10
1740 1205 1188 1779 10
1206 1740 1205 1204 10
1206 1205 1740 1779 10
1202 1740 1206 1204 10
1158 1771 1775 1165 10
1775 1771 1158 1780 10
1333 51 52 50 10
1333 52 51 1362 10
1486 1466 1416 1415 10
1416 1466 1486 1529 10
382 1490 1477 383 10
1477 1490 382 1469 10
865 1651 1628 869 10
1628 1651 865 1583 10
1213 1181 1777 1136 10
1213 1777 1181 1137 10
1635 823 798 1636 10
798 823 1635 812 10
1106 1704 1011 1731 10
1011 1704 1106 1017 10
245 321 1315 257 10
245 1315 321 394 10
1315 321 1297 257 10
1348 116 1347 117 10
1348 1347 116 1352 10
1347 116 96 117 10
1347 96 116 1352 10
169 166 1446 129 10
1446 166 169 168 10
447 594 1306 446 10
447 1306 594 593 10
1306 594 1312 446 10
1306 1312 594 593 10
178 1346 108 82 10
108 1346 178 1385 10
715 1561 693 1524 10
715 693 1561 718 10
693 1561 1553 1524 10
693 1553 1561 718 10
1542 644 1550 1539 10
1550 644 1542 681 10
625 717 1561 1545 10
625 1561 717 715 10
1524 625 1561 1545 10
1524 1561 625 715 10
716 1558 709 1438 10
716 709 1558 684 10
709 1558 148 1438 10
709 148 1558 684 10
1353 307 1434 1444 10
1434 307 1353 310 10
307 247 1434 1444 10
1434 247 307 310 10
762 1624 1571 761 10
793 762 1624 1590 10
793 1624 762 761 10
1687 943 934 1692 10
934 943 1687 927 10
1616 975 976 876 10
976 975 1616 1617 10
1616 976 874 876 10
874 976 1616 1617 10
986 1665 950 1698 10
950 1665 986 984 10
991 1685 954 1695 10
991 954 1685 981 10
1087 1086 1708 1061 10
1708 1086 1087 1116 10
1087 1708 1728 1061 10
1728 1708 1087 1116 10
848 851 1651 847 10
1249 1229 580 1252 10
580 1229 1249 577 10
1249 580 15 1252 10
15 580 1249 577 10
1729 1169 1172 1173 10
1083 1729 1172 1173 10
1083 1172 1729 1728 10
445 1506 444 443 10
444 1506 445 590 10
1550 689 749 1370 10
1550 749 689 603 10
680 1550 749 1370 10
680 749 1550 603 10
1301 515 669 581 10
669 515 1301 1302 10
1301 669 611 581 10
611 669 1301 1302 10
751 1322 634 750 10
634 1322 751 1303 10
1322 633 634 750 10
634 633 1322 1303 10
1257 1305 1224 1242 10
1224 1305 1257 1296 10
1305 1306 1224 1242 10
1224 1306 1305 1296 10
1469 1503 1534 1506 10
1534 1503 1469 1490 10
97 1339 1393 1429 10
1393 1339 97 131 10
875 1625 790 1616 10
790 1625 875 793 10
1625 1570 790 1616 10
790 1570 1625 793 10
1492 1430 1429 1480 10
1430 1429 1391 1327 10
642 1342 661 601 10
661 1342 642 1504 10
1501 1555 1424 1334 10
1424 1555 1501 1517 10
1741 1282 1732 1704 10
1741 1732 1282 1261 10
1732 1282 1268 1704 10
1732 1268 1282 1261 10
902 1672 987 1009 10
987 1672 902 1692 10
1672 1671 987 1009 10
987 1671 1672 1692 10
1717 1584 1669 1572 10
1669 1584 1717 1643 10
642 1403 641 1495 10
641 1403 642 601 10
1352 96 1378 1347 10
1378 96 1352 143 10
311 1348 349 1353 10
349 1348 311 368 10
1783 1740 1188 1779 10
1188 1783 1778 1222 10
1778 1783 1188 1779 10
1784 1271 1260 1276 10
815 1645 765 967 10
815 765 1645 1566 10
765 1645 1582 967 10
765 1582 1645 1566 10
1453 1430 1429 1492 10
1429 1430 1453 1327 10
116 1348 370 118 10
370 1348 116 1352 10
1365 1530 1542 1539 10
1365 1542 1530 1538 10
1542 1530 563 1539 10
1564 704 700 701 10
1564 700 704 1543 10
615 1564 700 701 10
615 700 1564 1543 10
154 1319 66 1314 10
66 1319 154 47 10
325 1492 319 328 10
319 1492 325 1430 10
1374 160 1405 94 10
1432 1488 266 1386 10
1432 266 1488 1456 10
329 1432 266 1386 10
329 266 1432 1456 10
1490 444 574 591 10
1490 574 444 1534 10
1373 685 684 658 10
684 685 1373 1558 10
1373 684 651 658 10
651 684 1373 1558 10
1297 209 210 1315 10
210 209 1297 208 10
1297 210 1314 1315 10
1314 210 1297 208 10
511 1532 510 496 10
510 1532 511 1535 10
1532 1499 510 496 10
510 1499 1532 1535 10
1379 237 374 373 10
374 237 1379 1450 10
1379 374 364 373 10
208 1314 385 1308 10
208 385 1314 387 10
385 1314 90 1308 10
385 90 1314 387 10
1082 1664 1725 1665 10
1373 640 646 1323 10
646 640 1373 658 10
1373 646 71 1323 10
71 646 1373 658 10
728 1553 1563 1446 10
1563 1553 728 729 10
707 1563 728 729 10
1310 751 752 1322 10
1310 752 751 694 10
1696 941 1701 955 10
1696 1701 941 1690 10
1701 941 887 955 10
1701 887 941 1690 10
433 434 1522 596 10
433 1522 518 596 10
518 1522 433 1500 10
1554 665 628 621 10
628 665 1554 666 10
1705 1055 1085 1048 10
1705 1085 1055 1751 10
1659 1705 1085 1048 10
1659 1085 1705 1751 10
1046 1754 1082 1081 10
1082 1754 1046 1725 10
1754 1664 1082 1081 10
1082 1664 1754 1725 10
1042 1677 1100 1659 10
1100 1677 1042 1096 10
1677 915 1100 1659 10
1100 915 1677 1096 10
1679 997 1677 1041 10
1679 1677 997 1741 10
1677 997 1025 1041 10
1677 1025 997 1741 10
1706 1137 1767 1214 10
1706 1767 1137 1777 10
1721 1040 1720 1064 10
1720 1040 1721 1749 10
1040 1053 1720 1064 10
1720 1053 1040 1749 10
866 1596 862 1186 10
862 1596 866 1588 10
1596 1589 862 1186 10
1777 1180 1589 1181 10
1589 1180 1777 1782 10
1180 1201 1589 1181 10
1589 1201 1180 1782 10
1704 1018 1268 1191 10
1268 1018 1704 1282 10
1018 28 1268 1191 10
1268 28 1018 1282 10
58 1422 70 69 10
58 70 1422 105 10
1554 690 1555 748 10
1555 690 1554 1447 10
690 1542 1555 748 10
1555 1542 690 1447 10
677 1550 1800 1549 10
1800 1550 677 739 10
677 1800 676 1549 10
676 1800 677 739 10
1161 1583 1162 1776 10
1161 1162 1583 1164 10
839 1611 1644 1636 10
839 1644 1611 816 10
839 1644 846 1636 10
846 1644 839 844 10
865 1585 1651 848 10
1651 1585 865 1583 10
865 1585 802 1583 10
802 1585 865 769 10
802 1163 1585 769 10
1600 1578 1703 1580 10
1703 1578 1600 1649 10
1578 1701 1703 1580 10
1703 1701 1578 1649 10
829 1601 872 870 10
829 872 1601 1592 10
872 1601 871 870 10
872 871 1601 1592 10
1749 1669 1697 1691 10
1697 1669 1749 1717 10
1749 1697 1689 1691 10
1689 1697 1749 1717 10
1699 1662 1772 1673 10
1662 1772 1734 1610 10
1662 1734 1772 1673 10
909 1699 1659 1682 10
1659 1699 909 913 10
896 1665 1761 950 10
896 1761 1665 1663 10
887 896 1761 950 10
887 1761 896 1663 10
1391 315 173 1479 10
1391 173 315 109 10
1156 1780 1176 1159 10
1176 1780 1156 1718 10
110 1391 315 109 10
315 1391 110 1430 10
1448 1793 283 1444 10
1793 295 283 1444 10
283 295 1793 294 10
330 1466 1797 547 10
1797 1466 1416 547 10
1797 1416 1466 1413 10
366 1466 1796 330 10
1796 1466 1797 330 10
1796 1797 1466 1413 10
1413 376 1794 359 10
1413 1794 376 1796 10
376 1466 1796 366 10
1796 1466 376 1413 10
1800 720 676 1549 10
1800 676 720 572 10
1549 1369 1407 1406 10
1407 1369 1549 1550 10
1802 1444 1443 1445 10
1800 1798 1549 1550 10
1799 1531 1798 566 10
1396 1802 1406 1443 10
1396 1445 1802 1443 10
330 1791 1796 331 10
1796 1791 330 1797 10
267 1795 1806 331 10
1791 1790 530 1804 10
1801 1539 644 571 10
644 1539 1801 1550 10
1798 1550 1539 1531 10
1791 1794 1806 1790 10
233 343 1806 331 10
1791 1806 233 1790 10
233 1806 1791 331 10
1803 1805 1407 1804 10
1809 1806 343 267 10
1806 1809 1795 267 10
1445 1444 1810 1802 10
1810 1802 1805 1807 10
1790 1810 1805 1807 10
1807 1802 1808 1810 10
1802 1445 1808 1810 10
1799 1804 1803 1531 10
1794 1445 1808 1413 10
1312 1291 1305 1296 10
1305 1291 1312 1307 10
1312 1305 1306 1296 10
1306 1305 1312 1307 10
1786 1716 1626 1623 10
1716 1626 1400 1658 10
1716 1400 1626 1623 10
1441 184 1354 1435 10
1442 107 1441 1435 10
1442 1441 107 131 10
107 184 1441 1435 10
107 1441 184 131 10
1506 498 500 501 10
500 498 1506 1534 10
1506 500 444 501 10
444 500 1506 1534 10
1415 1407 1370 1376 10
1370 1407 1415 1416 10
1370 1365 1486 1376 10
1415 1370 1486 1376 10
1486 1370 1415 1416 10
1709 1060 1086 1062 10
1086 1060 1709 1754 10
1294 1301 1310 1300 10
1294 1310 1301 1304 10
1299 1294 1310 1300 10
1299 1310 1294 1304 10
643 655 1329 1564 10
1329 655 643 656 10
655 1565 1329 1564 10
1329 1565 655 656 10
1535 1492 1481 1490 10
1481 1492 1535 1532 10
1535 1481 1503 1490 10
1503 1481 1535 1532 10
624 1507 670 1545 10
624 670 1507 494 10
670 1507 1533 1545 10
670 1533 1507 494 10
1146 1216 1764 1145 10
1764 1216 1146 1567 10
1216 1763 1764 1145 10
1764 1763 1216 1567 10
1345 1397 1480 1344 10
1480 1397 1345 1411 10
1397 1408 1480 1344 10
1480 1408 1397 1411 10
716 1561 1558 1438 10
1561 1545 1558 1438 10
590 382 1490 1469 10
1490 382 590 591 10
444 1490 590 591 10
1778 1221 1123 764 10
1123 1221 1778 1783 10
1778 1123 838 764 10
838 1123 1778 1783 10
1585 1162 1164 1583 10
1585 1164 1162 1163 10
802 1585 1164 1583 10
802 1164 1585 1163 10
1753 1615 1693 1640 10
1693 1615 1753 1664 10
1615 957 1693 1640 10
1693 957 1615 1664 10
1600 1577 1580 1703 10
1580 1577 1600 1644 10
1577 1702 1580 1703 10
1580 1702 1577 1644 10
1629 1584 1643 1651 10
1643 1584 1629 1669 10
1629 1643 1641 1651 10
1641 1643 1629 1669 10
1437 1404 1351 1350 10
1437 1351 1404 1395 10
948 1581 1696 1684 10
1696 1581 948 937 10
948 1696 1641 1684 10
1641 1696 948 937 10
966 1682 968 1582 10
966 968 1682 888 10
968 1682 1680 1582 10
968 1680 1682 888 10
1372 1311 1557 1556 10
1404 1348 1353 1350 10
1404 1353 1348 1434 10
1448 1404 1353 1350 10
1448 1353 1404 1434 10
1636 1635 1611 1631 10
1611 1635 1636 1612 10
1635 1613 1611 1631 10
1611 1613 1635 1612 10
1646 1699 1772 1650 10
1772 1646 784 1610 10
1624 1598 762 1571 10
762 1598 1624 1590 10
1406 1368 1375 1374 10
1375 1368 1406 1369 10
1368 648 1375 1374 10
1375 648 1368 1369 10
1304 1320 1309 1319 10
1304 1309 1320 1317 10
1700 1759 1676 1621 10
1676 1759 1700 1675 10
1677 1653 1789 1679 10
1677 1789 1653 1680 10
1789 1653 1265 1679 10
1789 1265 1653 1680 10
1168 1188 1774 1606 10
1774 1188 1168 1187 10
1168 1774 1160 1606 10
1160 1774 1168 1187 10
800 1646 1772 1650 10
1772 1646 800 784 10
800 1772 851 1650 10
851 1772 800 784 10
869 848 1651 847 10
1651 848 869 865 10
1142 1217 1714 1143 10
1714 1142 1141 1735 10
1141 1142 1714 1143 10
1146 1567 1126 1622 10
1146 1126 1567 1219 10
1126 1567 1218 1622 10
1126 1218 1567 1219 10
1631 1599 804 1630 10
804 1631 799 867 10
799 1631 804 1630 10
898 910 1680 911 10
1680 910 898 1653 10
1680 1678 899 1653 10
910 899 1680 911 10
1680 899 910 1653 10
1494 1422 1355 1356 10
1355 1422 1494 1423 10
1494 1355 1465 1356 10
1465 1355 1494 1423 10
799 1634 798 1635 10
798 1634 799 811 10
1634 812 798 1635 10
798 812 1634 811 10
1715 1032 1110 1743 10
1715 1110 1032 1109 10
1108 1715 1110 1743 10
1108 1110 1715 1109 10
1406 1405 160 1443 10
160 1405 1406 1374 10
1349 1331 1511 1548 10
1349 1511 1331 1512 10
1496 1349 1511 1548 10
1496 1511 1349 1512 10
1401 1711 1706 1750 10
1401 1706 1711 1712 10
1525 1488 1508 1507 10
1419 1472 1418 1493 10
1509 1338 1453 1487 10
1453 1338 1509 1510 10
1503 1469 1481 1345 10
1503 1481 1469 1490 10
1481 1469 1480 1345 10
1481 1480 1469 1490 10
1480 1469 1477 1345 10
1480 1477 1469 1490 10
1469 1503 1505 1345 10
1505 1503 1469 1506 10
1469 1505 1523 1345 10
1523 1505 1469 1506 10
1758 1495 1757 1540 10
1758 1757 1495 1523 10
1757 1495 575 1540 10
1757 575 1495 1523 10
1548 720 676 721 10
676 720 1548 1549 10
1548 676 623 721 10
623 676 1548 1549 10
1527 1424 1517 1528 10
1517 1424 1527 1516 10
1527 1517 1514 1528 10
1514 1517 1527 1516 10
1798 562 571 570 10
1579 1633 1782 1769 10
1579 1782 1633 1604 10
1782 1633 1632 1769 10
1782 1632 1633 1604 10
1709 1708 1710 1707 10
1709 1710 1708 1755 10
1710 1708 1782 1707 10
1710 1782 1708 1755 10
1716 1688 1626 1658 10
1716 1626 1688 1786 10
1577 1636 1600 1644 10
1600 1636 1577 1631 10
1636 837 1600 1644 10
1600 837 1636 1631 10
776 1609 770 777 10
770 1609 776 1771 10
1456 1313 1317 1489 10
1317 1313 1456 1292 10
1615 1685 1611 1698 10
1615 1611 1685 1612 10
1613 1615 1611 1698 10
1613 1611 1615 1612 10
1713 1709 1710 1707 10
1710 1709 1713 1712 10
1713 1710 1782 1707 10
1782 1710 1713 1712 10
1626 1590 1598 1593 10
1626 1598 1590 1624 10
1595 1626 1598 1593 10
1595 1598 1626 1624 10
1724 1736 1762 1727 10
1724 1762 1736 1760 10
1760 1737 1749 1691 10
1749 1737 1760 1726 10
1760 1749 1690 1691 10
1690 1749 1760 1726 10
1788 813 814 785 10
814 1788 838 1778 10
838 1788 814 785 10
848 1771 1651 851 10
1651 1771 848 1585 10
1771 1586 1651 851 10
1651 1586 1771 1585 10
1474 1449 1351 1476 10
1474 1351 1449 1483 10
1333 1436 1485 1360 10
1333 1485 1436 1330 10
1372 1317 1310 1304 10
1310 1372 1323 1311 10
1323 1372 1310 1304 10
1422 1335 249 1421 10
249 1335 1422 58 10
1335 54 249 1421 10
249 54 1335 58 10
1470 1758 1757 1700 10
1757 1758 1470 1523 10
1470 1757 1468 1700 10
1544 1435 1442 1441 10
1442 1435 1544 713 10
1544 1442 1546 1441 10
1546 1442 1544 713 10
1650 857 1651 851 10
1650 1651 857 1670 10
1586 1650 1651 851 10
1586 1651 1650 1670 10
1638 1587 1604 1634 10
1638 1604 1587 1605 10
1604 1589 1587 1605 10
1748 1743 1747 1746 10
1748 1747 1743 1716 10
1688 1748 1747 1746 10
1688 1747 1748 1716 10
1776 1585 1584 1583 10
1584 1585 1776 1586 10
1585 1651 1584 1583 10
1584 1651 1585 1586 10
685 1545 1561 717 10
1561 1545 685 1558 10
685 1561 716 717 10
716 1561 685 1558 10
1784 1779 1732 1740 10
1784 1732 1779 1608 10
1779 1783 1787 1778 10
1787 1783 1779 1784 10
1783 1788 1787 1778 10
1787 1788 1783 1784 10
421 410 1476 396 10
1476 410 411 396 10
573 1489 231 230 10
573 231 1489 1456 10
231 1489 229 230 10
1402 1759 1569 1568 10
1569 1759 1402 1621 10
796 768 1788 1287 10
1788 768 796 809 10
796 1788 1566 1287 10
1566 1788 796 809 10
796 1566 803 1287 10
803 1566 796 809 10
491 410 1512 1496 10
1512 410 491 411 10
1512 1476 410 411 10
1540 1088 1209 1089 10
1540 1209 1088 1742 10
1506 590 1490 1469 10
1490 590 1506 444 10
1506 1490 1534 1469 10
1534 1490 1506 444 10
1296 502 582 578 10
582 502 1296 1312 10
1296 582 404 578 10
404 582 1296 1312 10
1473 1459 252 1461 10
252 1459 1473 1460 10
1288 1272 1739 1788 10
1739 1272 1288 1260 10
1288 1739 1784 1788 10
1784 1739 1288 1260 10
1404 1348 1352 1347 10
1404 1352 1348 1437 10
1378 1404 1352 1347 10
1378 1352 1404 1437 10
1311 672 1533 1556 10
1311 1533 1557 1556 10
1557 1533 1311 1302 10
1635 1632 1604 1633 10
1604 1632 1635 1634 10
1635 1604 1638 1633 10
1638 1604 1635 1634 10
1708 1725 1756 1728 10
1756 1725 1708 1755 10
1708 1756 1769 1728 10
1769 1756 1708 1755 10
1350 1449 1348 1353 10
1348 1449 1350 1483 10
1449 349 1348 1353 10
1348 349 1449 1483 10
1646 1607 792 1610 10
1646 792 1607 1686 10
1745 1700 1759 1675 10
1745 1759 1700 1758 10
529 1475 1790 233 10
529 1790 1791 233 10
1791 1790 529 530 10
529 1791 531 233 10
531 1791 529 530 10
1531 1549 1803 1799 10
1549 1798 1531 1550 10
1531 1798 1549 1799 10
1804 1797 1413 1407 10
1804 1531 1797 1407 10
1806 1790 1792 1809 10
1792 1790 1806 1794 10
1806 1792 1795 1809 10
1795 1792 1806 1794 10
469 1799 1798 566 10
469 1798 1799 1549 10
1407 1531 1803 1804 10
1795 1809 294 267 10
262 1795 294 267 10
1795 1806 1796 1794 10
1796 1806 1795 331 10
1806 1791 1796 1794 10
1796 1791 1806 331 10
1405 1406 1805 1802 10
1804 1808 1413 1794 10
1804 1413 1808 1407 10
884 886 1683 1654 10
1683 886 884 895 10
886 904 1683 1654 10
1683 904 886 895 10
1447 756 1371 1542 10
756 690 1447 745 10
1447 690 756 1542 10
446 1296 447 406 10
447 1296 446 1306 10
1296 1234 447 406 10
447 1234 1296 1306 10
849 838 1788 1783 10
1788 838 849 768 10
147 1379 137 136 10
137 1379 147 1390 10
1379 364 137 136 10
137 364 1379 1390 10
828 771 1592 829 10
1592 771 828 1598 10
771 830 1592 829 10
1454 426 271 224 10
1454 271 426 1467 10
339 1454 271 224 10
339 271 1454 1467 10
1468 322 1676 908 10
1468 1676 322 1471 10
1676 322 920 908 10
1676 920 322 1471 10
467 1462 1509 451 10
1334 488 543 528 10
1334 543 488 1538 10
1522 1334 543 528 10
1521 417 1518 414 10
1521 1518 417 1520 10
1518 417 399 414 10
1518 399 417 1520 10
888 1680 899 911 10
899 1680 888 1678 10
272 1462 1494 1515 10
1494 1462 272 1464 10
775 1609 792 1606 10
792 1609 775 784 10
792 1610 1609 784 10
1580 827 825 1684 10
1580 825 827 797 10
1578 1580 825 1684 10
1578 825 1580 797 10
20 1254 633 1248 10
633 1254 20 78 10
1254 1303 633 1248 10
633 1303 1254 78 10
855 1600 1599 774 10
855 1599 1600 1647 10
773 855 1599 774 10
773 1599 855 1647 10
41 1408 139 1397 10
41 139 1408 80 10
139 1408 174 1397 10
139 174 1408 80 10
1175 1177 1782 1707 10
1782 1177 1175 1180 10
1177 1713 1782 1707 10
1782 1713 1177 1180 10
1456 1292 1557 1317 10
1557 1292 1456 1533 10
1292 1302 1557 1317 10
1557 1302 1292 1533 10
1638 1634 1592 1587 10
1592 1634 1638 1601 10
1634 830 1592 1587 10
1592 830 1634 1601 10
371 1383 1354 1356 10
371 1354 1383 134 10
1355 371 1354 1356 10
1355 1354 371 134 10
1512 1475 1351 1349 10
1475 1351 1476 1512 10
1228 1297 1295 1240 10
1228 1295 1297 1308 10
1256 1228 1295 1240 10
1256 1295 1228 1308 10
650 613 1369 688 10
650 1369 613 1368 10
1369 613 1549 688 10
1369 1549 613 1368 10
321 1306 1315 1297 10
321 1315 1306 394 10
1315 1306 1307 1297 10
1315 1307 1306 394 10
728 708 1563 707 10
728 1563 708 1446 10
1457 1529 518 1522 10
1457 518 1529 395 10
1501 1517 589 1516 10
1501 589 1517 487 10
538 1542 563 645 10
1542 609 538 1538 10
538 609 1542 645 10
815 1267 1280 1566 10
1645 815 1267 822 10
1645 1267 815 1566 10
771 1587 1592 830 10
1592 1587 771 1598 10
39 815 1267 1280 10
1267 815 39 822 10
1728 1769 1729 1756 10
1729 1769 1576 1756 10
1729 1576 1769 1169 10
656 541 1513 559 10
656 1513 541 1329 10
1721 1040 1735 1749 10
1735 1040 1721 1016 10
1040 1075 1735 1749 10
1735 1075 1040 1016 10
1445 380 1444 1443 10
1444 380 1445 246 10
380 247 1444 1443 10
1444 247 380 246 10
1742 1210 1768 1102 10
1768 1210 1742 1743 10
1210 1129 1768 1102 10
1768 1129 1210 1743 10
713 1442 671 1546 10
671 1442 713 657 10
1442 1551 671 1546 10
671 1551 1442 657 10
930 1681 1627 1625 10
930 1627 1681 917 10
1590 930 1627 1625 10
1769 1172 1729 1169 10
1729 1172 1769 1728 10
1711 1712 1602 1401 10
1602 1712 1711 1753 10
1712 1605 1602 1401 10
1712 1639 1602 1605 10
1712 1602 1639 1753 10
1197 1714 1173 1729 10
1173 1714 1197 1143 10
1714 1120 1173 1729 10
1173 1120 1714 1143 10
1740 1206 1731 1202 10
1740 1731 1206 1779 10
1368 1549 1405 1406 10
1519 1562 1553 1332 10
1553 1562 1519 1524 10
1553 1561 1562 1524 10
1706 1712 1777 1713 10
1777 1712 1706 1401 10
1712 1782 1777 1713 10
1712 1605 1777 1782 10
1712 1777 1605 1401 10
349 1348 1484 1483 10
1484 1348 349 368 10
349 1484 244 1483 10
244 1484 349 368 10
1260 1784 1732 1271 10
1732 1784 1260 1739 10
1260 1732 1277 1271 10
1277 1732 1260 1739 10
1510 1509 1462 1338 10
1510 1462 1509 467 10
1560 1510 1462 1338 10
1560 1462 1510 467 10
1542 1530 538 563 10
538 1530 1542 1538 10
1351 1331 1404 1395 10
1404 1331 1351 1349 10
1331 1548 1404 1395 10
1404 1548 1331 1349 10
147 1359 1420 1381 10
147 1420 1359 103 10
129 147 1420 1381 10
129 1420 147 103 10
1379 374 1390 364 10
1379 1390 374 1450 10
1390 374 365 364 10
1390 365 374 1450 10
1666 1756 1762 1576 10
1762 1756 1666 1725 10
1756 1727 1762 1576 10
1762 1727 1756 1725 10
1756 1729 1727 1576 10
1727 1729 1756 1725 10
352 1466 1529 1457 10
352 1529 1466 303 10
395 352 1529 1457 10
395 1529 352 303 10
1466 359 1412 358 10
1466 1412 359 1413 10
1414 1466 1412 358 10
1414 1412 1466 1413 10
1805 1475 1405 1448 10
1805 1405 1475 1349 10
1405 1475 1404 1448 10
1405 1404 1475 1349 10
1404 1475 1351 1448 10
1404 1351 1475 1349 10
1549 1407 1531 1803 10
1549 1531 1407 1550 10
1443 1802 1405 1444 10
1405 1802 1443 1406 10
1549 1803 1805 1407 10
1805 1803 1549 1349 10
1549 1805 1406 1407 10
1800 571 739 572 10
1800 739 571 1801 10
1539 1798 562 571 10
1539 562 1798 1531 10
564 1539 562 571 10
1798 571 572 570 10
1798 572 571 1800 10
343 294 1809 267 10
1805 1804 1790 1807 10
1448 1810 1793 1444 10
1810 1445 1793 1444 10
1444 1810 1805 1448 10
1805 1810 1444 1802 10
1444 1805 1405 1448 10
1405 1805 1444 1802 10
1808 1802 1396 1445 10
1808 1396 1412 1445 10
1808 1412 1413 1445 10
1008 1016 1735 1714 10
1008 1735 1016 1075 10
1726 1008 1735 1714 10
1726 1735 1008 1075 10
1451 1487 1384 1463 10
1451 1384 1383 1463 10
1383 1384 1451 1382 10
192 1447 756 1371 10
756 1447 192 745 10
1312 1317 1316 1301 10
1316 1317 1312 1307 10
1312 1316 1291 1301 10
1291 1316 1312 1307 10
1410 1389 1432 1431 10
1410 1432 1389 1320 10
1320 47 176 177 10
1320 176 47 1346 10
1389 1320 176 177 10
1389 176 1320 1346 10
184 156 1382 1354 10
1382 156 184 131 10
184 1382 1441 1354 10
1441 1382 184 131 10
306 1508 1473 1488 10
306 1473 1508 1460 10
1473 1508 1525 1488 10
1473 1525 1508 1460 10
1786 1768 1747 1763 10
1747 1768 1786 1324 10
804 774 1600 867 10
1600 774 804 1599 10
804 1600 1631 867 10
1631 1600 804 1599 10
674 1512 558 1513 10
558 1512 674 489 10
1512 539 558 1513 10
558 539 1512 489 10
1712 1639 1604 1710 10
1712 1604 1639 1605 10
1782 1712 1604 1710 10
1782 1604 1712 1605 10
1497 554 1525 1507 10
1525 554 1497 419 10
1497 1525 1508 1507 10
1408 1479 1429 1391 10
1408 1429 1479 1480 10
1429 1479 1430 1391 10
1429 1430 1479 1480 10
1649 1575 1773 1785 10
1773 1575 1649 1781 10
1649 1773 1647 1785 10
1647 1773 1649 1781 10
1598 1605 1592 1587 10
1592 1605 1598 1602 10
1605 1638 1592 1587 10
1592 1638 1605 1602 10
1418 1446 1472 1419 10
1472 1446 1418 1420 10
1446 1563 1472 1419 10
1472 1563 1446 1420 10
1536 1481 1552 1341 10
1552 1481 1326 1341 10
1552 1326 1481 1532 10
1670 856 850 835 10
1670 850 856 1650 10
901 1670 850 835 10
901 850 1670 1650 10
1787 1686 1752 1607 10
1752 1686 1787 1682 10
1752 1699 1686 1682 10
542 1329 605 656 10
605 1329 542 1537 10
1329 643 605 656 10
605 643 1329 1537 10
1451 1452 1453 1487 10
1453 1452 1451 1394 10
1392 1451 74 1394 10
74 1451 1392 1382 10
103 1420 130 129 10
130 1420 103 1417 10
1420 1446 130 129 10
473 1511 1512 490 10
473 1512 1511 1496 10
491 473 1512 490 10
491 1512 473 1496 10
550 562 1539 1531 10
550 1539 562 564 10
1530 550 1539 1531 10
1530 1539 550 564 10
1637 1666 1755 1614 10
1788 1266 1289 1783 10
1289 1266 1788 1275 10
1788 1289 849 1783 10
1787 1752 1573 1607 10
1787 1573 1752 1738 10
1774 1787 1573 1607 10
1774 1573 1787 1738 10
1692 1673 1717 1672 10
1717 1673 1692 1687 10
1573 1751 1752 1705 10
1573 1730 1751 1705 10
1552 1502 1503 1536 10
1503 1502 1552 1532 10
1552 1503 1481 1536 10
1481 1503 1552 1532 10
1798 572 720 469 10
1798 720 572 1800 10
1549 1798 720 469 10
1549 720 1798 1800 10
1591 884 1602 1593 10
1591 1602 884 1592 10
1598 1591 1602 1593 10
1598 1602 1591 1592 10
1610 1752 1646 1607 10
1752 1686 1646 1607 10
1646 1686 1752 1699 10
1175 1174 1769 1166 10
1769 1174 1175 1708 10
1174 1172 1769 1166 10
1769 1172 1174 1708 10
1448 276 1476 1449 10
1476 276 1448 1475 10
1448 1476 1351 1449 10
1351 1476 1448 1475 10
1338 1393 1384 1441 10
1338 1384 1393 1487 10
1384 1393 1382 1441 10
1769 1756 1637 1576 10
1637 1756 1769 1755 10
1756 1666 1637 1576 10
1637 1666 1756 1755 10
1610 1662 1573 1734 10
1573 1662 1610 1752 10
1662 1751 1573 1734 10
1573 1751 1662 1752 10
97 1391 111 112 10
111 1391 97 1392 10
1391 73 111 112 10
111 73 1391 1392 10
1573 1733 1751 1730 10
1751 1733 1573 1734 10
1008 1714 1097 1015 10
1097 1714 1008 1729 10
1714 1120 1097 1015 10
1097 1120 1714 1729 10
436 466 1525 1460 10
436 1525 466 419 10
1525 466 1508 1460 10
145 1352 144 1377 10
144 1352 145 143 10
1352 1378 144 1377 10
144 1378 1352 143 10
1793 283 1809 1448 10
1793 1809 283 294 10
343 1809 235 1448 10
343 235 1809 294 10
1809 283 235 1448 10
1809 235 283 294 10
1794 377 359 376 10
377 1796 1794 1795 10
1794 1796 377 376 10
571 1801 1798 1800 10
571 1798 1801 1539 10
1798 1801 1550 1800 10
1798 1550 1801 1539 10
1807 1805 1406 1802 10
1807 1406 1805 1407 10
1396 1808 1406 1802 10
1396 1406 1808 1407 10
1808 1807 1406 1802 10
1808 1406 1807 1407 10
1810 1792 1793 1445 10
1808 1794 1792 1445 10
1792 1794 1808 1790 10
1810 1808 1792 1445 10
1792 1808 1810 1790 10
440 411 1512 539 10
1512 411 440 1476 10
440 1512 1513 539 10
1513 1512 440 1476 10
1421 1427 1425 1335 10
1421 1425 1427 1423 10
1422 1421 1425 1335 10
1422 1425 1421 1423 10
449 480 1416 546 10
449 1416 480 1529 10
1416 480 1530 546 10
1416 1530 480 1529 10
1470 1757 1458 1468 10
1470 1458 1757 1523 10
1458 1757 1005 1468 10
1458 1005 1757 1523 10
1587 1604 1603 1589 10
1603 1604 1587 1634 10
873 1603 1587 1634 10
231 1489 225 229 10
225 1489 231 1456 10
1489 1318 225 229 10
225 1318 1489 1456 10
1773 1142 1735 1721 10
1142 1215 1773 1217 10
1773 1215 1142 1721 10
1575 1773 1735 1737 10
1735 1773 1575 1785 10
1575 1735 1736 1737 10
1736 1735 1575 1785 10
530 1797 1804 1531 10
1804 1797 530 1791 10
1805 1405 1549 1406 10
1549 1405 1805 1349 10
1334 543 1530 1522 10
1334 1530 543 1538 10
1365 1530 1334 1538 10
930 1627 907 1590 10
930 907 1627 917 10
907 885 1627 917 10
1562 1553 1563 1561 10
1563 1553 1562 1332 10
1808 1396 1414 1412 10
1808 1414 1396 1407 10
1413 1808 1414 1412 10
1413 1414 1808 1407 10
1016 1721 1141 1012 10
1141 1721 1016 1735 10
1721 1142 1141 1012 10
1141 1142 1721 1735 10
1476 1475 410 421 10
400 529 1475 1496 10
1475 529 400 421 10
410 400 1475 1496 10
1475 400 410 421 10
1370 1539 1407 1416 10
1407 1539 1370 1550 10
1539 1531 1407 1416 10
1407 1531 1539 1550 10
1393 1487 1451 1453 10
1392 1451 1393 1382 10
814 1606 1787 1778 10
814 1787 1606 813 10
1788 814 1787 1778 10
1788 1787 814 813 10
403 528 1522 434 10
403 1522 433 434 10
1185 1603 1587 873 10
1185 1587 1603 1589 10
862 1185 1587 873 10
862 1587 1185 1589 10
1743 1764 1747 1763 10
1747 1764 1743 1716 10
1764 1786 1747 1763 10
1747 1786 1764 1716 10
1418 1467 1417 1366 10
1417 1467 1418 1493 10
1467 340 1417 1366 10
1486 1414 1376 1357 10
1376 1414 1486 1415 10
1480 1341 1326 1481 10
1480 1326 1341 1429 10
1492 1480 1326 1481 10
1492 1326 1480 1429 10
1591 907 1593 1590 10
1593 907 1591 885 10
907 1627 1593 1590 10
1593 1627 907 885 10
1598 1596 1587 1588 10
1598 1587 1596 1589 10
1587 1596 862 1588 10
1587 862 1596 1589 10
1642 935 927 959 10
927 935 1642 1670 10
1642 927 1687 959 10
1687 927 1642 1670 10
1380 1459 1461 1472 10
1461 1459 1380 1473 10
1380 1461 1359 1472 10
1359 1461 1380 1473 10
1512 1475 410 1476 10
1512 410 1475 1496 10
1083 1728 1097 1087 10
1083 1097 1728 1729 10
1097 1728 1070 1087 10
1097 1070 1728 1729 10
669 1533 1311 672 10
669 1311 1533 1302 10
611 669 1311 672 10
611 1311 669 1302 10
1367 1417 57 1366 10
57 1417 1367 127 10
1367 57 309 1366 10
309 57 1367 127 10
466 1497 1525 1508 10
1525 1497 466 419 10
1486 1334 1530 1522 10
1530 1334 1486 1365 10
403 1501 1522 528 10
1501 1334 1522 528 10
1522 1334 1501 1500 10
1796 1794 1797 1413 10
1796 1797 1794 1791 10
1797 1794 1804 1413 10
1797 1804 1794 1791 10
942 947 1657 946 10
942 1657 947 1627 10
1681 942 1657 946 10
1681 1657 942 1627 10
1368 1404 1349 1548 10
1368 1349 1404 1405 10
1549 1368 1349 1548 10
1549 1349 1368 1405 10
217 1417 1467 340 10
1467 1417 217 1493 10
1498 494 1507 1533 10
1498 1507 494 1497 10
1456 1498 1507 1533 10
1456 1507 1498 1497 10
1188 1783 1204 1740 10
1204 1783 1188 1222 10
1204 1183 1783 1222 10
1662 1772 1646 1699 10
1662 1646 1772 1610 10
1752 1662 1646 1699 10
1752 1646 1662 1610 10
1486 1370 1539 1365 10
1539 1370 1486 1416 10
1486 1539 1530 1365 10
1530 1539 1486 1416 10
1302 1557 1372 1311 10
1372 1557 1302 1317 10
1302 1372 1310 1311 10
1310 1372 1302 1317 10
1486 1427 1365 1428 10
1365 1427 1486 1364 10
1427 1447 1365 1428 10
1365 1447 1427 1364 10
234 343 1475 233 10
234 1475 343 1448 10
343 1475 1809 1448 10
1804 1805 1799 1803 10
1805 1349 1799 1803 10
1799 1349 1805 1475 10
1804 1808 1790 1807 10
1790 1808 1804 1794 10
1418 1472 1417 1493 10
1418 1417 1472 1420 10
1417 1472 1359 1493 10
1417 1359 1472 1420 10
1788 1289 768 849 10
1788 768 1289 1275 10
768 1289 22 849 10
768 22 1289 1275 10
792 1610 1606 1609 10
1606 1610 792 1607 10
1610 1774 1606 1609 10
1606 1774 1610 1607 10
299 1457 1500 1421 10
1500 1457 299 206 10
299 1500 205 1421 10
205 1500 299 206 10
266 1508 225 338 10
225 1508 266 1456 10
1508 280 225 338 10
225 280 1508 1456 10
1529 1530 1486 1416 10
1529 1486 1530 1522 10
433 423 1501 403 10
433 1501 423 1500 10
1522 433 1501 403 10
1522 1501 433 1500 10
1724 1736 1714 1726 10
1724 1714 1736 1729 10
1008 1724 1714 1726 10
1008 1714 1724 1729 10
262 1792 294 1795 10
294 1792 262 1793 10
1792 1809 294 1795 10
294 1809 1792 1793 10
1809 1792 1810 1790 10
1810 1792 1809 1793 10
1448 1810 1809 1793 10
1714 1142 1773 1217 10
1773 1142 1714 1735 10
1714 1773 1785 1217 10
1785 1773 1714 1735 10
1790 1799 530 1804 10
1805 1790 1799 1475 10
1805 1799 1790 1804 10
964 1650 766 850 10
766 1650 964 1646 10
1650 852 766 850 10
766 852 1650 1646 10
966 1682 965 925 10
965 1682 966 1686 10
1682 1699 965 925 10
965 1699 1682 1686 10
343 1806 1790 233 10
343 1790 1806 1809 10
1475 343 1790 233 10
1475 1790 343 1809 10
1384 1451 1393 1487 10
1393 1451 1384 1382 10
1792 262 1794 1795 10
1792 1794 262 1445 10
1794 359 262 1445 10
1418 1446 130 1420 10
130 1446 1418 1367 10
1418 130 1417 1420 10
1417 130 1418 1367 10
1451 1393 1327 1392 10
1451 1327 1393 1453 10
1394 1451 1327 1392 10
1394 1327 1451 1453 10
1783 1204 1132 1183 10
1132 1204 1783 1740 10
1783 1132 1286 1183 10
1286 1132 1783 1740 10
1475 1809 1810 1790 10
1810 1809 1475 1448 10
1475 1810 1805 1790 10
1805 1810 1475 1448 10
529 1496 1799 1475 10
529 1799 1790 1475 10
1790 1799 529 530 10
566 472 1799 530 10
472 529 1799 530 10
1799 529 472 1496 10
262 377 1794 1795 10
1794 377 262 359 10
472 1799 450 566 10
472 450 1799 1496 10
450 1799 469 566 10
450 469 1799 1496 10
