MeshVersionFormatted 9
Dimension 3
Vertices
3587
0.115 0 0 9
0 0.115 0 9
-0.115 0 0 9
0 -0.115 0 9
0 0.115 0.5 10
0.115 0 0.5 10
-0.115 0 0.5 10
0 -0.115 0.5 10
0.11382946581125 0.016366206436618 0 9
0.11034169194213 0.032399244116937 0 9
0.10460767940828 0.047772726621096 0 9
0.096744156178504 0.062173694158456 0 9
0.086911200899016 0.075308984578807 0 9
0.075308984224478 0.086911201206043 0 9
0.062173693845103 0.096744156379884 0 9
0.047772726350821 0.10460767953171 0 9
0.032399243928234 0.11034169199753 0 9
0.016366206346039 0.11382946582427 0 9
-0.016366206436618 0.11382946581125 0 9
-0.032399244116937 0.11034169194213 0 9
-0.047772726621096 0.10460767940828 0 9
-0.062173694158456 0.096744156178504 0 9
-0.075308984578807 0.086911200899016 0 9
-0.086911201206043 0.075308984224478 0 9
-0.096744156379884 0.062173693845103 0 9
-0.10460767953171 0.047772726350821 0 9
-0.11034169199753 0.032399243928234 0 9
-0.11382946582427 0.016366206346039 0 9
-0.11382946581125 -0.016366206436618 0 9
-0.11034169194213 -0.032399244116937 0 9
-0.10460767940828 -0.047772726621096 0 9
-0.096744156178504 -0.062173694158456 0 9
-0.086911200899016 -0.075308984578807 0 9
-0.075308984224478 -0.086911201206043 0 9
-0.062173693845103 -0.096744156379884 0 9
-0.047772726350821 -0.10460767953171 0 9
-0.032399243928234 -0.11034169199753 0 9
-0.016366206346039 -0.11382946582427 0 9
0.016366206436618 -0.11382946581125 0 9
0.032399244116937 -0.11034169194213 0 9
0.047772726621096 -0.10460767940828 0 9
0.062173694158456 -0.096744156178504 0 9
0.075308984578807 -0.086911200899016 0 9
0.086911201206043 -0.075308984224478 0 9
0.096744156379884 -0.062173693845103 0 9
0.10460767953171 -0.047772726350821 0 9
0.11034169199753 -0.032399243928234 0 9
0.11382946582427 -0.016366206346039 0 9
0.016366206346039 0.11382946582427 0.5 10
0.032399243928234 0.11034169199753 0.5 10
0.047772726350821 0.10460767953171 0.5 10
0.062173693845103 0.096744156379884 0.5 10
0.075308984224478 0.086911201206043 0.5 10
0.086911200899016 0.075308984578807 0.5 10
0.096744156178504 0.062173694158456 0.5 10
0.10460767940828 0.047772726621096 0.5 10
0.11034169194213 0.032399244116937 0.5 10
0.11382946581125 0.016366206436618 0.5 10
0 0.115 0.03125 6
0 0.115 0.0625 6
0 0.115 0.09375 6
0 0.115 0.125 6
0 0.115 0.15625 6
0 0.115 0.1875 6
0 0.115 0.21875 6
0 0.115 0.25 6
0 0.115 0.28125 6
0 0.115 0.3125 6
0 0.115 0.34375 6
0 0.115 0.375 6
0 0.115 0.40625 6
0 0.115 0.4375 6
0 0.115 0.46875 6
0.115 0 0.03125 6
0.115 0 0.0625 6
0.115 0 0.09375 6
0.115 0 0.125 6
0.115 0 0.15625 6
0.115 0 0.1875 6
0.115 0 0.21875 6
0.115 0 0.25 6
0.115 0 0.28125 6
0.115 0 0.3125 6
0.115 0 0.34375 6
0.115 0 0.375 6
0.115 0 0.40625 6
0.115 0 0.4375 6
0.115 0 0.46875 6
-0.11382946582427 0.016366206346039 0.5 10
-0.11034169199753 0.032399243928234 0.5 10
-0.10460767953171 0.047772726350821 0.5 10
-0.096744156379884 0.062173693845103 0.5 10
-0.086911201206043 0.075308984224478 0.5 10
-0.075308984578807 0.086911200899016 0.5 10
-0.062173694158456 0.096744156178504 0.5 10
-0.047772726621096 0.10460767940828 0.5 10
-0.032399244116937 0.11034169194213 0.5 10
-0.016366206436618 0.11382946581125 0.5 10
-0.115 0 0.03125 6
-0.115 0 0.0625 6
-0.115 0 0.09375 6
-0.115 0 0.125 6
-0.115 0 0.15625 6
-0.115 0 0.1875 6
-0.115 0 0.21875 6
-0.115 0 0.25 6
-0.115 0 0.28125 6
-0.115 0 0.3125 6
-0.115 0 0.34375 6
-0.115 0 0.375 6
-0.115 0 0.40625 6
-0.115 0 0.4375 6
-0.115 0 0.46875 6
-0.016366206346039 -0.11382946582427 0.5 10
-0.032399243928234 -0.11034169199753 0.5 10
-0.047772726350821 -0.10460767953171 0.5 10
-0.062173693845103 -0.096744156379884 0.5 10
-0.075308984224478 -0.086911201206043 0.5 10
-0.086911200899016 -0.075308984578807 0.5 10
-0.096744156178504 -0.062173694158456 0.5 10
-0.10460767940828 -0.047772726621096 0.5 10
-0.11034169194213 -0.032399244116937 0.5 10
-0.11382946581125 -0.016366206436618 0.5 10
0 -0.115 0.03125 6
0 -0.115 0.0625 6
0 -0.115 0.09375 6
0 -0.115 0.125 6
0 -0.115 0.15625 6
0 -0.115 0.1875 6
0 -0.115 0.21875 6
0 -0.115 0.25 6
0 -0.115 0.28125 6
0 -0.115 0.3125 6
0 -0.115 0.34375 6
0 -0.115 0.375 6
0 -0.115 0.40625 6
0 -0.115 0.4375 6
0 -0.115 0.46875 6
0.11382946582427 -0.016366206346039 0.5 10
0.11034169199753 -0.032399243928234 0.5 10
0.10460767953171 -0.047772726350821 0.5 10
0.096744156379884 -0.062173693845103 0.5 10
0.086911201206043 -0.075308984224478 0.5 10
0.075308984578807 -0.086911200899016 0.5 10
0.062173694158456 -0.096744156178504 0.5 10
0.047772726621096 -0.10460767940828 0.5 10
0.032399244116937 -0.11034169194213 0.5 10
0.016366206436618 -0.11382946581125 0.5 10
0.099660907831442 -0.024123654038056 0 4
-0.097315801629762 0.021182328968982 0 4
0.021178776446218 0.099443474933538 0 4
-0.020588530602104 -0.096938640534049 0 4
-0.048163199509539 0.088204314066964 0 4
-0.08839687015823 -0.048446857113664 0 4
0.047576310747021 -0.088275070538116 0 4
0.088925202718544 0.047455588493893 0 4
0.062341232638032 0.08091164060328 0 4
-0.080406492160963 0.060214046894555 0 4
-0.059540594304292 -0.08298200259806 0 4
0.081096933480965 -0.059728151242058 0 4
-0.0088021279190941 0.10138106442827 0 4
-0.10024118240736 -0.007169390877671 0 4
0.0061971350067443 -0.10233551643531 0 4
0.10161612595333 0.0077919560215061 0 4
-0.06210276852089 0.080696856674076 0 4
-0.049147212707099 0.072275850926137 0 4
-0.034529882768054 0.079370672464565 0 4
-0.035506887840358 0.063206032418692 0 4
-0.020690809913913 0.070553945255999 0 4
-0.02159122081505 0.054199054231191 0 4
-0.036436455873292 0.046872291541529 0 4
-0.022513657812702 0.037829173070548 0 4
-0.0078304489124631 0.045209835905212 0 4
-0.008750542778007 0.028828141346453 0 4
-0.023399862249748 0.02143978375861 0 4
-0.009666655132231 0.012444604818355 0 4
0.0049826190187038 0.019833199103721 0 4
0.0040575462039539 0.0034511160004492 0 4
-0.010592590022387 -0.0039373441161106 0 4
0.003131283620123 -0.012930772812445 0 4
0.017781701010944 -0.0055423591244797 0 4
-0.011519050906616 -0.020319200534725 0 4
0.0022047350682949 -0.029312613813051 0 4
-0.025242796161524 -0.011325794231431 0 4
-0.012445647116545 -0.0367010335652 0 4
0.0012781163002091 -0.045694442942966 0 4
0.015928515327202 -0.038306026046883 0 4
0.015001879796432 -0.054687852329939 0 4
0.029652276481345 -0.047299435032065 0 4
-0.013372277586179 -0.053082860713336 0 4
-0.027096032729842 -0.04408945275409 0 4
-0.02802267266427 -0.060471278279916 0 4
-0.041746428008198 -0.051477870292021 0 4
0.030578918264764 -0.030917609815295 0 4
0.044302674919671 -0.039911018032936 0 4
0.045229316994231 -0.023529192868997 0 4
0.058953072946402 -0.032522600965223 0 4
0.059879714954901 -0.016140775791323 0 4
-0.04081978598033 -0.035096045117526 0 4
0.046155959172035 -0.0071473677168315 0 4
0.060806356982145 0.00024104938305884 0 4
0.047082601189615 0.0092344574586712 0 4
0.061732998946782 0.016622874573783 0 4
0.048009243154314 0.025616282652205 0 4
-0.055470183158475 -0.042484462335271 0 4
-0.054543541243941 -0.026102637137943 0 4
0.043376033105908 -0.056292843243383 0 4
-0.014523904456044 -0.06901856074993 0 4
0.062505281796229 0.032769150929337 0 4
0.048910158597457 0.041958849700593 0 4
0.034281199615144 0.034603147709773 0 4
0.035207126947843 0.050983882384357 0 4
0.075981752594217 0.024061673575222 0 4
0.063011960888015 0.049017076154157 0 4
0.020560182413743 0.043600739291389 0 4
0.021487282293768 0.059983259500196 0 4
0.035858131094081 0.066945090050236 0 4
0.073744068960895 -0.0087078959279608 0 4
-0.068797075234495 -0.032885448469137 0 4
-0.068201152994323 -0.017008294783813 0 4
-0.053605875199111 -0.0097039895836852 0 4
-0.067327793637471 -0.00070777778774711 0 4
-0.052689220950772 0.0066625945185289 0 4
-0.066675992250045 0.015938345244907 0 4
-0.051820513268711 0.023117078590831 0 4
-0.066511888320358 0.033045600525485 0 4
-0.082917694669769 -0.024497646208886 0 4
-0.028806472418035 -0.079712562978212 0 4
-0.055867121549737 -0.058057970689714 0 4
-0.0812539874465 0.0087813009652132 0 4
0.02281074659894 0.075417299501767 0 4
0.0078275330082179 0.068823254247059 0 4
0.036724910897538 0.082256024617645 0 4
0.0095153439720148 0.08553155370347 0 4
-0.018334058118417 0.087781175986142 0 4
-0.063825180895279 0.065501917626745 0 4
-0.051027177833652 0.055993136108949 0 4
-0.066199645124404 0.049763826434052 0 4
-0.080542154601644 0.04259997793402 0 4
-0.081559945651525 0.026280552319563 0 4
-0.0051769010934998 0.077269586701271 0 4
-0.051518164051129 0.039870571559248 0 4
-0.0067706446480666 0.061442031562978 0 4
-0.03711330388636 0.030431496154642 0 4
-0.038050917573854 0.014062430072467 0 4
0.0059058132024504 0.036214950388652 0 4
0.018708000782898 0.010839522588797 0 4
-0.085129277603856 -0.0079373963271819 0 4
0.00031398199302985 -0.062001914812751 0 4
0.014182262090595 -0.070884430878527 0 4
0.049368635760523 0.057710757510202 0 4
-0.04203127518643 -0.067393235798299 0 4
-0.045192371556571 -0.081686120181765 0 4
-0.0015696797299611 -0.077395459310714 0 4
0.016855147473364 -0.021924199203361 0 4
0.074861873094064 0.0079686370845967 0 4
0.028743472748243 -0.063650385926095 0 4
0.028635078834593 -0.079830070038691 0 4
0.04348779156703 -0.072624549533431 0 4
0.057099789148425 -0.065286251353874 0 4
0.072935194654105 -0.025096382664395 0 4
0.073721330091182 -0.043887201569825 0 4
0.086749583202051 -0.032800297638351 0 4
0.058026431100898 -0.048904426162354 0 4
0.033358056301553 0.01822678740314 0 4
-0.072054949889341 -0.049444213094108 0 4
-0.069595873987199 -0.069119542252912 0 4
0.031505541058045 -0.014535781394596 0 4
-0.026169409378123 -0.027707624373419 0 4
-0.024319887093539 0.005058547574753 0 4
-0.038966501421492 -0.0023323948533717 0 4
-0.039891318230754 -0.018711414216229 0 4
0.032431976585848 0.0018458765357836 0 4
0.019632645222415 0.027219724414245 0 4
0.0068560558297131 0.052560202641024 0 4
0.06233600770515 0.065097254040852 0 4
0.033779590207774 -0.094643212105839 0 4
-0.033793815682916 0.095190116399297 0 4
0.013676729419099 -0.088379097265118 0 4
-0.0066431743165029 -0.092883714127666 0 4
0.087767333075957 -0.00047932014906196 0 4
0.076266168282193 0.039905567173017 0 4
0.092425388000257 0.032939744415133 0 4
0.078297227678237 0.058977723139521 0 4
-0.096521877541955 0.0064186576248931 0 4
0.089048248889514 0.01573207858279 0 4
0.059697588797192 -0.080396698470498 0 4
-0.098096141261408 -0.020703311862866 0 4
-0.094303872005402 -0.03517760374994 0 4
0.0059611397935584 0.10075330566602 0 4
0.071297956137894 -0.07088308448297 0 4
-0.094443516373797 0.036771845081883 0 4
0.090338713570439 -0.047221526431213 0 4
0.1004840147208 -0.0084567744704764 0 4
-0.037621342225068 -0.094438152669547 0 4
0.049454383646626 0.090568941884419 0 4
-0.021939090454796 0.10170470291342 0 4
0.020483781037434 -0.10190579671193 0 4
-0.014426352304529 -0.083189787540114 0 4
0.049231725307776 0.073075734405846 0 4
0.086890183740876 -0.016610720814717 0 4
0.035587969454864 0.095783267484609 0 4
-0.082740610222458 -0.060898658239589 0 4
0.10154271628254 0.021566956756105 0 4
0.073038930628983 0.0734413607137 0 4
0.067673239615934 -0.057667220707898 0 4
-0.074067789024669 0.074067788722702 0 4
-0.081463154592598 -0.037245836576194 0 4
-0.091811669207641 0.050146351720084 0 4
-0.007501805274159 -0.10469059187004 0 4
0.098339715226636 -0.036863489677335 0 4
-0.0029382787518172 0.089951143571104 0 4
-0.054298409591797 -0.071137784500013 0 4
-0.050460145656371 -0.092091622272194 0 4
0.025997775459746 0.087481791942804 0 4
0.11382946581125 0.016366206436618 0.03125 6
0.11382946581125 0.016366206436618 0.0625 6
0.11382946581125 0.016366206436618 0.09375 6
0.11382946581125 0.016366206436618 0.125 6
0.11382946581125 0.016366206436618 0.15625 6
0.11382946581125 0.016366206436618 0.1875 6
0.11382946581125 0.016366206436618 0.21875 6
0.11382946581125 0.016366206436618 0.25 6
0.11382946581125 0.016366206436618 0.28125 6
0.11382946581125 0.016366206436618 0.3125 6
0.11382946581125 0.016366206436618 0.34375 6
0.11382946581125 0.016366206436618 0.375 6
0.11382946581125 0.016366206436618 0.40625 6
0.11382946581125 0.016366206436618 0.4375 6
0.11382946581125 0.016366206436618 0.46875 6
0.11034169194213 0.032399244116937 0.03125 6
0.11034169194213 0.032399244116937 0.0625 6
0.11034169194213 0.032399244116937 0.09375 6
0.11034169194213 0.032399244116937 0.125 6
0.11034169194213 0.032399244116937 0.15625 6
0.11034169194213 0.032399244116937 0.1875 6
0.11034169194213 0.032399244116937 0.21875 6
0.11034169194213 0.032399244116937 0.25 6
0.11034169194213 0.032399244116937 0.28125 6
0.11034169194213 0.032399244116937 0.3125 6
0.11034169194213 0.032399244116937 0.34375 6
0.11034169194213 0.032399244116937 0.375 6
0.11034169194213 0.032399244116937 0.40625 6
0.11034169194213 0.032399244116937 0.4375 6
0.11034169194213 0.032399244116937 0.46875 6
0.10460767940828 0.047772726621096 0.03125 6
0.10460767940828 0.047772726621096 0.0625 6
0.10460767940828 0.047772726621096 0.09375 6
0.10460767940828 0.047772726621096 0.125 6
0.10460767940828 0.047772726621096 0.15625 6
0.10460767940828 0.047772726621096 0.1875 6
0.10460767940828 0.047772726621096 0.21875 6
0.10460767940828 0.047772726621096 0.25 6
0.10460767940828 0.047772726621096 0.28125 6
0.10460767940828 0.047772726621096 0.3125 6
0.10460767940828 0.047772726621096 0.34375 6
0.10460767940828 0.047772726621096 0.375 6
0.10460767940828 0.047772726621096 0.40625 6
0.10460767940828 0.047772726621096 0.4375 6
0.10460767940828 0.047772726621096 0.46875 6
0.096744156178504 0.062173694158456 0.03125 6
0.096744156178504 0.062173694158456 0.0625 6
0.096744156178504 0.062173694158456 0.09375 6
0.096744156178504 0.062173694158456 0.125 6
0.096744156178504 0.062173694158456 0.15625 6
0.096744156178504 0.062173694158456 0.1875 6
0.096744156178504 0.062173694158456 0.21875 6
0.096744156178504 0.062173694158456 0.25 6
0.096744156178504 0.062173694158456 0.28125 6
0.096744156178504 0.062173694158456 0.3125 6
0.096744156178504 0.062173694158456 0.34375 6
0.096744156178504 0.062173694158456 0.375 6
0.096744156178504 0.062173694158456 0.40625 6
0.096744156178504 0.062173694158456 0.4375 6
0.096744156178504 0.062173694158456 0.46875 6
0.086911200899016 0.075308984578807 0.03125 6
0.086911200899016 0.075308984578807 0.0625 6
0.086911200899016 0.075308984578807 0.09375 6
0.086911200899016 0.075308984578807 0.125 6
0.086911200899016 0.075308984578807 0.15625 6
0.086911200899016 0.075308984578807 0.1875 6
0.086911200899016 0.075308984578807 0.21875 6
0.086911200899016 0.075308984578807 0.25 6
0.086911200899016 0.075308984578807 0.28125 6
0.086911200899016 0.075308984578807 0.3125 6
0.086911200899016 0.075308984578807 0.34375 6
0.086911200899016 0.075308984578807 0.375 6
0.086911200899016 0.075308984578807 0.40625 6
0.086911200899016 0.075308984578807 0.4375 6
0.086911200899016 0.075308984578807 0.46875 6
0.075308984224478 0.086911201206043 0.03125 6
0.075308984224478 0.086911201206043 0.0625 6
0.075308984224478 0.086911201206043 0.09375 6
0.075308984224478 0.086911201206043 0.125 6
0.075308984224478 0.086911201206043 0.15625 6
0.075308984224478 0.086911201206043 0.1875 6
0.075308984224478 0.086911201206043 0.21875 6
0.075308984224478 0.086911201206043 0.25 6
0.075308984224478 0.086911201206043 0.28125 6
0.075308984224478 0.086911201206043 0.3125 6
0.075308984224478 0.086911201206043 0.34375 6
0.075308984224478 0.086911201206043 0.375 6
0.075308984224478 0.086911201206043 0.40625 6
0.075308984224478 0.086911201206043 0.4375 6
0.075308984224478 0.086911201206043 0.46875 6
0.062173693845103 0.096744156379884 0.03125 6
0.062173693845103 0.096744156379884 0.0625 6
0.062173693845103 0.096744156379884 0.09375 6
0.062173693845103 0.096744156379884 0.125 6
0.062173693845103 0.096744156379884 0.15625 6
0.062173693845103 0.096744156379884 0.1875 6
0.062173693845103 0.096744156379884 0.21875 6
0.062173693845103 0.096744156379884 0.25 6
0.062173693845103 0.096744156379884 0.28125 6
0.062173693845103 0.096744156379884 0.3125 6
0.062173693845103 0.096744156379884 0.34375 6
0.062173693845103 0.096744156379884 0.375 6
0.062173693845103 0.096744156379884 0.40625 6
0.062173693845103 0.096744156379884 0.4375 6
0.062173693845103 0.096744156379884 0.46875 6
0.047772726350821 0.10460767953171 0.03125 6
0.047772726350821 0.10460767953171 0.0625 6
0.047772726350821 0.10460767953171 0.09375 6
0.047772726350821 0.10460767953171 0.125 6
0.047772726350821 0.10460767953171 0.15625 6
0.047772726350821 0.10460767953171 0.1875 6
0.047772726350821 0.10460767953171 0.21875 6
0.047772726350821 0.10460767953171 0.25 6
0.047772726350821 0.10460767953171 0.28125 6
0.047772726350821 0.10460767953171 0.3125 6
0.047772726350821 0.10460767953171 0.34375 6
0.047772726350821 0.10460767953171 0.375 6
0.047772726350821 0.10460767953171 0.40625 6
0.047772726350821 0.10460767953171 0.4375 6
0.047772726350821 0.10460767953171 0.46875 6
0.032399243928234 0.11034169199753 0.03125 6
0.032399243928234 0.11034169199753 0.0625 6
0.032399243928234 0.11034169199753 0.09375 6
0.032399243928234 0.11034169199753 0.125 6
0.032399243928234 0.11034169199753 0.15625 6
0.032399243928234 0.11034169199753 0.1875 6
0.032399243928234 0.11034169199753 0.21875 6
0.032399243928234 0.11034169199753 0.25 6
0.032399243928234 0.11034169199753 0.28125 6
0.032399243928234 0.11034169199753 0.3125 6
0.032399243928234 0.11034169199753 0.34375 6
0.032399243928234 0.11034169199753 0.375 6
0.032399243928234 0.11034169199753 0.40625 6
0.032399243928234 0.11034169199753 0.4375 6
0.032399243928234 0.11034169199753 0.46875 6
0.016366206346039 0.11382946582427 0.03125 6
0.016366206346039 0.11382946582427 0.0625 6
0.016366206346039 0.11382946582427 0.09375 6
0.016366206346039 0.11382946582427 0.125 6
0.016366206346039 0.11382946582427 0.15625 6
0.016366206346039 0.11382946582427 0.1875 6
0.016366206346039 0.11382946582427 0.21875 6
0.016366206346039 0.11382946582427 0.25 6
0.016366206346039 0.11382946582427 0.28125 6
0.016366206346039 0.11382946582427 0.3125 6
0.016366206346039 0.11382946582427 0.34375 6
0.016366206346039 0.11382946582427 0.375 6
0.016366206346039 0.11382946582427 0.40625 6
0.016366206346039 0.11382946582427 0.4375 6
0.016366206346039 0.11382946582427 0.46875 6
-0.016366206436618 0.11382946581125 0.03125 6
-0.016366206436618 0.11382946581125 0.0625 6
-0.016366206436618 0.11382946581125 0.09375 6
-0.016366206436618 0.11382946581125 0.125 6
-0.016366206436618 0.11382946581125 0.15625 6
-0.016366206436618 0.11382946581125 0.1875 6
-0.016366206436618 0.11382946581125 0.21875 6
-0.016366206436618 0.11382946581125 0.25 6
-0.016366206436618 0.11382946581125 0.28125 6
-0.016366206436618 0.11382946581125 0.3125 6
-0.016366206436618 0.11382946581125 0.34375 6
-0.016366206436618 0.11382946581125 0.375 6
-0.016366206436618 0.11382946581125 0.40625 6
-0.016366206436618 0.11382946581125 0.4375 6
-0.016366206436618 0.11382946581125 0.46875 6
-0.032399244116937 0.11034169194213 0.03125 6
-0.032399244116937 0.11034169194213 0.0625 6
-0.032399244116937 0.11034169194213 0.09375 6
-0.032399244116937 0.11034169194213 0.125 6
-0.032399244116937 0.11034169194213 0.15625 6
-0.032399244116937 0.11034169194213 0.1875 6
-0.032399244116937 0.11034169194213 0.21875 6
-0.032399244116937 0.11034169194213 0.25 6
-0.032399244116937 0.11034169194213 0.28125 6
-0.032399244116937 0.11034169194213 0.3125 6
-0.032399244116937 0.11034169194213 0.34375 6
-0.032399244116937 0.11034169194213 0.375 6
-0.032399244116937 0.11034169194213 0.40625 6
-0.032399244116937 0.11034169194213 0.4375 6
-0.032399244116937 0.11034169194213 0.46875 6
-0.047772726621096 0.10460767940828 0.03125 6
-0.047772726621096 0.10460767940828 0.0625 6
-0.047772726621096 0.10460767940828 0.09375 6
-0.047772726621096 0.10460767940828 0.125 6
-0.047772726621096 0.10460767940828 0.15625 6
-0.047772726621096 0.10460767940828 0.1875 6
-0.047772726621096 0.10460767940828 0.21875 6
-0.047772726621096 0.10460767940828 0.25 6
-0.047772726621096 0.10460767940828 0.28125 6
-0.047772726621096 0.10460767940828 0.3125 6
-0.047772726621096 0.10460767940828 0.34375 6
-0.047772726621096 0.10460767940828 0.375 6
-0.047772726621096 0.10460767940828 0.40625 6
-0.047772726621096 0.10460767940828 0.4375 6
-0.047772726621096 0.10460767940828 0.46875 6
-0.062173694158456 0.096744156178504 0.03125 6
-0.062173694158456 0.096744156178504 0.0625 6
-0.062173694158456 0.096744156178504 0.09375 6
-0.062173694158456 0.096744156178504 0.125 6
-0.062173694158456 0.096744156178504 0.15625 6
-0.062173694158456 0.096744156178504 0.1875 6
-0.062173694158456 0.096744156178504 0.21875 6
-0.062173694158456 0.096744156178504 0.25 6
-0.062173694158456 0.096744156178504 0.28125 6
-0.062173694158456 0.096744156178504 0.3125 6
-0.062173694158456 0.096744156178504 0.34375 6
-0.062173694158456 0.096744156178504 0.375 6
-0.062173694158456 0.096744156178504 0.40625 6
-0.062173694158456 0.096744156178504 0.4375 6
-0.062173694158456 0.096744156178504 0.46875 6
-0.075308984578807 0.086911200899016 0.03125 6
-0.075308984578807 0.086911200899016 0.0625 6
-0.075308984578807 0.086911200899016 0.09375 6
-0.075308984578807 0.086911200899016 0.125 6
-0.075308984578807 0.086911200899016 0.15625 6
-0.075308984578807 0.086911200899016 0.1875 6
-0.075308984578807 0.086911200899016 0.21875 6
-0.075308984578807 0.086911200899016 0.25 6
-0.075308984578807 0.086911200899016 0.28125 6
-0.075308984578807 0.086911200899016 0.3125 6
-0.075308984578807 0.086911200899016 0.34375 6
-0.075308984578807 0.086911200899016 0.375 6
-0.075308984578807 0.086911200899016 0.40625 6
-0.075308984578807 0.086911200899016 0.4375 6
-0.075308984578807 0.086911200899016 0.46875 6
-0.086911201206043 0.075308984224478 0.03125 6
-0.086911201206043 0.075308984224478 0.0625 6
-0.086911201206043 0.075308984224478 0.09375 6
-0.086911201206043 0.075308984224478 0.125 6
-0.086911201206043 0.075308984224478 0.15625 6
-0.086911201206043 0.075308984224478 0.1875 6
-0.086911201206043 0.075308984224478 0.21875 6
-0.086911201206043 0.075308984224478 0.25 6
-0.086911201206043 0.075308984224478 0.28125 6
-0.086911201206043 0.075308984224478 0.3125 6
-0.086911201206043 0.075308984224478 0.34375 6
-0.086911201206043 0.075308984224478 0.375 6
-0.086911201206043 0.075308984224478 0.40625 6
-0.086911201206043 0.075308984224478 0.4375 6
-0.086911201206043 0.075308984224478 0.46875 6
-0.096744156379884 0.062173693845103 0.03125 6
-0.096744156379884 0.062173693845103 0.0625 6
-0.096744156379884 0.062173693845103 0.09375 6
-0.096744156379884 0.062173693845103 0.125 6
-0.096744156379884 0.062173693845103 0.15625 6
-0.096744156379884 0.062173693845103 0.1875 6
-0.096744156379884 0.062173693845103 0.21875 6
-0.096744156379884 0.062173693845103 0.25 6
-0.096744156379884 0.062173693845103 0.28125 6
-0.096744156379884 0.062173693845103 0.3125 6
-0.096744156379884 0.062173693845103 0.34375 6
-0.096744156379884 0.062173693845103 0.375 6
-0.096744156379884 0.062173693845103 0.40625 6
-0.096744156379884 0.062173693845103 0.4375 6
-0.096744156379884 0.062173693845103 0.46875 6
-0.10460767953171 0.047772726350821 0.03125 6
-0.10460767953171 0.047772726350821 0.0625 6
-0.10460767953171 0.047772726350821 0.09375 6
-0.10460767953171 0.047772726350821 0.125 6
-0.10460767953171 0.047772726350821 0.15625 6
-0.10460767953171 0.047772726350821 0.1875 6
-0.10460767953171 0.047772726350821 0.21875 6
-0.10460767953171 0.047772726350821 0.25 6
-0.10460767953171 0.047772726350821 0.28125 6
-0.10460767953171 0.047772726350821 0.3125 6
-0.10460767953171 0.047772726350821 0.34375 6
-0.10460767953171 0.047772726350821 0.375 6
-0.10460767953171 0.047772726350821 0.40625 6
-0.10460767953171 0.047772726350821 0.4375 6
-0.10460767953171 0.047772726350821 0.46875 6
-0.11034169199753 0.032399243928234 0.03125 6
-0.11034169199753 0.032399243928234 0.0625 6
-0.11034169199753 0.032399243928234 0.09375 6
-0.11034169199753 0.032399243928234 0.125 6
-0.11034169199753 0.032399243928234 0.15625 6
-0.11034169199753 0.032399243928234 0.1875 6
-0.11034169199753 0.032399243928234 0.21875 6
-0.11034169199753 0.032399243928234 0.25 6
-0.11034169199753 0.032399243928234 0.28125 6
-0.11034169199753 0.032399243928234 0.3125 6
-0.11034169199753 0.032399243928234 0.34375 6
-0.11034169199753 0.032399243928234 0.375 6
-0.11034169199753 0.032399243928234 0.40625 6
-0.11034169199753 0.032399243928234 0.4375 6
-0.11034169199753 0.032399243928234 0.46875 6
-0.11382946582427 0.016366206346039 0.03125 6
-0.11382946582427 0.016366206346039 0.0625 6
-0.11382946582427 0.016366206346039 0.09375 6
-0.11382946582427 0.016366206346039 0.125 6
-0.11382946582427 0.016366206346039 0.15625 6
-0.11382946582427 0.016366206346039 0.1875 6
-0.11382946582427 0.016366206346039 0.21875 6
-0.11382946582427 0.016366206346039 0.25 6
-0.11382946582427 0.016366206346039 0.28125 6
-0.11382946582427 0.016366206346039 0.3125 6
-0.11382946582427 0.016366206346039 0.34375 6
-0.11382946582427 0.016366206346039 0.375 6
-0.11382946582427 0.016366206346039 0.40625 6
-0.11382946582427 0.016366206346039 0.4375 6
-0.11382946582427 0.016366206346039 0.46875 6
-0.11382946581125 -0.016366206436618 0.03125 6
-0.11382946581125 -0.016366206436618 0.0625 6
-0.11382946581125 -0.016366206436618 0.09375 6
-0.11382946581125 -0.016366206436618 0.125 6
-0.11382946581125 -0.016366206436618 0.15625 6
-0.11382946581125 -0.016366206436618 0.1875 6
-0.11382946581125 -0.016366206436618 0.21875 6
-0.11382946581125 -0.016366206436618 0.25 6
-0.11382946581125 -0.016366206436618 0.28125 6
-0.11382946581125 -0.016366206436618 0.3125 6
-0.11382946581125 -0.016366206436618 0.34375 6
-0.11382946581125 -0.016366206436618 0.375 6
-0.11382946581125 -0.016366206436618 0.40625 6
-0.11382946581125 -0.016366206436618 0.4375 6
-0.11382946581125 -0.016366206436618 0.46875 6
-0.11034169194213 -0.032399244116937 0.03125 6
-0.11034169194213 -0.032399244116937 0.0625 6
-0.11034169194213 -0.032399244116937 0.09375 6
-0.11034169194213 -0.032399244116937 0.125 6
-0.11034169194213 -0.032399244116937 0.15625 6
-0.11034169194213 -0.032399244116937 0.1875 6
-0.11034169194213 -0.032399244116937 0.21875 6
-0.11034169194213 -0.032399244116937 0.25 6
-0.11034169194213 -0.032399244116937 0.28125 6
-0.11034169194213 -0.032399244116937 0.3125 6
-0.11034169194213 -0.032399244116937 0.34375 6
-0.11034169194213 -0.032399244116937 0.375 6
-0.11034169194213 -0.032399244116937 0.40625 6
-0.11034169194213 -0.032399244116937 0.4375 6
-0.11034169194213 -0.032399244116937 0.46875 6
-0.10460767940828 -0.047772726621096 0.03125 6
-0.10460767940828 -0.047772726621096 0.0625 6
-0.10460767940828 -0.047772726621096 0.09375 6
-0.10460767940828 -0.047772726621096 0.125 6
-0.10460767940828 -0.047772726621096 0.15625 6
-0.10460767940828 -0.047772726621096 0.1875 6
-0.10460767940828 -0.047772726621096 0.21875 6
-0.10460767940828 -0.047772726621096 0.25 6
-0.10460767940828 -0.047772726621096 0.28125 6
-0.10460767940828 -0.047772726621096 0.3125 6
-0.10460767940828 -0.047772726621096 0.34375 6
-0.10460767940828 -0.047772726621096 0.375 6
-0.10460767940828 -0.047772726621096 0.40625 6
-0.10460767940828 -0.047772726621096 0.4375 6
-0.10460767940828 -0.047772726621096 0.46875 6
-0.096744156178504 -0.062173694158456 0.03125 6
-0.096744156178504 -0.062173694158456 0.0625 6
-0.096744156178504 -0.062173694158456 0.09375 6
-0.096744156178504 -0.062173694158456 0.125 6
-0.096744156178504 -0.062173694158456 0.15625 6
-0.096744156178504 -0.062173694158456 0.1875 6
-0.096744156178504 -0.062173694158456 0.21875 6
-0.096744156178504 -0.062173694158456 0.25 6
-0.096744156178504 -0.062173694158456 0.28125 6
-0.096744156178504 -0.062173694158456 0.3125 6
-0.096744156178504 -0.062173694158456 0.34375 6
-0.096744156178504 -0.062173694158456 0.375 6
-0.096744156178504 -0.062173694158456 0.40625 6
-0.096744156178504 -0.062173694158456 0.4375 6
-0.096744156178504 -0.062173694158456 0.46875 6
-0.086911200899016 -0.075308984578807 0.03125 6
-0.086911200899016 -0.075308984578807 0.0625 6
-0.086911200899016 -0.075308984578807 0.09375 6
-0.086911200899016 -0.075308984578807 0.125 6
-0.086911200899016 -0.075308984578807 0.15625 6
-0.086911200899016 -0.075308984578807 0.1875 6
-0.086911200899016 -0.075308984578807 0.21875 6
-0.086911200899016 -0.075308984578807 0.25 6
-0.086911200899016 -0.075308984578807 0.28125 6
-0.086911200899016 -0.075308984578807 0.3125 6
-0.086911200899016 -0.075308984578807 0.34375 6
-0.086911200899016 -0.075308984578807 0.375 6
-0.086911200899016 -0.075308984578807 0.40625 6
-0.086911200899016 -0.075308984578807 0.4375 6
-0.086911200899016 -0.075308984578807 0.46875 6
-0.075308984224478 -0.086911201206043 0.03125 6
-0.075308984224478 -0.086911201206043 0.0625 6
-0.075308984224478 -0.086911201206043 0.09375 6
-0.075308984224478 -0.086911201206043 0.125 6
-0.075308984224478 -0.086911201206043 0.15625 6
-0.075308984224478 -0.086911201206043 0.1875 6
-0.075308984224478 -0.086911201206043 0.21875 6
-0.075308984224478 -0.086911201206043 0.25 6
-0.075308984224478 -0.086911201206043 0.28125 6
-0.075308984224478 -0.086911201206043 0.3125 6
-0.075308984224478 -0.086911201206043 0.34375 6
-0.075308984224478 -0.086911201206043 0.375 6
-0.075308984224478 -0.086911201206043 0.40625 6
-0.075308984224478 -0.086911201206043 0.4375 6
-0.075308984224478 -0.086911201206043 0.46875 6
-0.062173693845103 -0.096744156379884 0.03125 6
-0.062173693845103 -0.096744156379884 0.0625 6
-0.062173693845103 -0.096744156379884 0.09375 6
-0.062173693845103 -0.096744156379884 0.125 6
-0.062173693845103 -0.096744156379884 0.15625 6
-0.062173693845103 -0.096744156379884 0.1875 6
-0.062173693845103 -0.096744156379884 0.21875 6
-0.062173693845103 -0.096744156379884 0.25 6
-0.062173693845103 -0.096744156379884 0.28125 6
-0.062173693845103 -0.096744156379884 0.3125 6
-0.062173693845103 -0.096744156379884 0.34375 6
-0.062173693845103 -0.096744156379884 0.375 6
-0.062173693845103 -0.096744156379884 0.40625 6
-0.062173693845103 -0.096744156379884 0.4375 6
-0.062173693845103 -0.096744156379884 0.46875 6
-0.047772726350821 -0.10460767953171 0.03125 6
-0.047772726350821 -0.10460767953171 0.0625 6
-0.047772726350821 -0.10460767953171 0.09375 6
-0.047772726350821 -0.10460767953171 0.125 6
-0.047772726350821 -0.10460767953171 0.15625 6
-0.047772726350821 -0.10460767953171 0.1875 6
-0.047772726350821 -0.10460767953171 0.21875 6
-0.047772726350821 -0.10460767953171 0.25 6
-0.047772726350821 -0.10460767953171 0.28125 6
-0.047772726350821 -0.10460767953171 0.3125 6
-0.047772726350821 -0.10460767953171 0.34375 6
-0.047772726350821 -0.10460767953171 0.375 6
-0.047772726350821 -0.10460767953171 0.40625 6
-0.047772726350821 -0.10460767953171 0.4375 6
-0.047772726350821 -0.10460767953171 0.46875 6
-0.032399243928234 -0.11034169199753 0.03125 6
-0.032399243928234 -0.11034169199753 0.0625 6
-0.032399243928234 -0.11034169199753 0.09375 6
-0.032399243928234 -0.11034169199753 0.125 6
-0.032399243928234 -0.11034169199753 0.15625 6
-0.032399243928234 -0.11034169199753 0.1875 6
-0.032399243928234 -0.11034169199753 0.21875 6
-0.032399243928234 -0.11034169199753 0.25 6
-0.032399243928234 -0.11034169199753 0.28125 6
-0.032399243928234 -0.11034169199753 0.3125 6
-0.032399243928234 -0.11034169199753 0.34375 6
-0.032399243928234 -0.11034169199753 0.375 6
-0.032399243928234 -0.11034169199753 0.40625 6
-0.032399243928234 -0.11034169199753 0.4375 6
-0.032399243928234 -0.11034169199753 0.46875 6
-0.016366206346039 -0.11382946582427 0.03125 6
-0.016366206346039 -0.11382946582427 0.0625 6
-0.016366206346039 -0.11382946582427 0.09375 6
-0.016366206346039 -0.11382946582427 0.125 6
-0.016366206346039 -0.11382946582427 0.15625 6
-0.016366206346039 -0.11382946582427 0.1875 6
-0.016366206346039 -0.11382946582427 0.21875 6
-0.016366206346039 -0.11382946582427 0.25 6
-0.016366206346039 -0.11382946582427 0.28125 6
-0.016366206346039 -0.11382946582427 0.3125 6
-0.016366206346039 -0.11382946582427 0.34375 6
-0.016366206346039 -0.11382946582427 0.375 6
-0.016366206346039 -0.11382946582427 0.40625 6
-0.016366206346039 -0.11382946582427 0.4375 6
-0.016366206346039 -0.11382946582427 0.46875 6
0.016366206436618 -0.11382946581125 0.03125 6
0.016366206436618 -0.11382946581125 0.0625 6
0.016366206436618 -0.11382946581125 0.09375 6
0.016366206436618 -0.11382946581125 0.125 6
0.016366206436618 -0.11382946581125 0.15625 6
0.016366206436618 -0.11382946581125 0.1875 6
0.016366206436618 -0.11382946581125 0.21875 6
0.016366206436618 -0.11382946581125 0.25 6
0.016366206436618 -0.11382946581125 0.28125 6
0.016366206436618 -0.11382946581125 0.3125 6
0.016366206436618 -0.11382946581125 0.34375 6
0.016366206436618 -0.11382946581125 0.375 6
0.016366206436618 -0.11382946581125 0.40625 6
0.016366206436618 -0.11382946581125 0.4375 6
0.016366206436618 -0.11382946581125 0.46875 6
0.032399244116937 -0.11034169194213 0.03125 6
0.032399244116937 -0.11034169194213 0.0625 6
0.032399244116937 -0.11034169194213 0.09375 6
0.032399244116937 -0.11034169194213 0.125 6
0.032399244116937 -0.11034169194213 0.15625 6
0.032399244116937 -0.11034169194213 0.1875 6
0.032399244116937 -0.11034169194213 0.21875 6
0.032399244116937 -0.11034169194213 0.25 6
0.032399244116937 -0.11034169194213 0.28125 6
0.032399244116937 -0.11034169194213 0.3125 6
0.032399244116937 -0.11034169194213 0.34375 6
0.032399244116937 -0.11034169194213 0.375 6
0.032399244116937 -0.11034169194213 0.40625 6
0.032399244116937 -0.11034169194213 0.4375 6
0.032399244116937 -0.11034169194213 0.46875 6
0.047772726621096 -0.10460767940828 0.03125 6
0.047772726621096 -0.10460767940828 0.0625 6
0.047772726621096 -0.10460767940828 0.09375 6
0.047772726621096 -0.10460767940828 0.125 6
0.047772726621096 -0.10460767940828 0.15625 6
0.047772726621096 -0.10460767940828 0.1875 6
0.047772726621096 -0.10460767940828 0.21875 6
0.047772726621096 -0.10460767940828 0.25 6
0.047772726621096 -0.10460767940828 0.28125 6
0.047772726621096 -0.10460767940828 0.3125 6
0.047772726621096 -0.10460767940828 0.34375 6
0.047772726621096 -0.10460767940828 0.375 6
0.047772726621096 -0.10460767940828 0.40625 6
0.047772726621096 -0.10460767940828 0.4375 6
0.047772726621096 -0.10460767940828 0.46875 6
0.062173694158456 -0.096744156178504 0.03125 6
0.062173694158456 -0.096744156178504 0.0625 6
0.062173694158456 -0.096744156178504 0.09375 6
0.062173694158456 -0.096744156178504 0.125 6
0.062173694158456 -0.096744156178504 0.15625 6
0.062173694158456 -0.096744156178504 0.1875 6
0.062173694158456 -0.096744156178504 0.21875 6
0.062173694158456 -0.096744156178504 0.25 6
0.062173694158456 -0.096744156178504 0.28125 6
0.062173694158456 -0.096744156178504 0.3125 6
0.062173694158456 -0.096744156178504 0.34375 6
0.062173694158456 -0.096744156178504 0.375 6
0.062173694158456 -0.096744156178504 0.40625 6
0.062173694158456 -0.096744156178504 0.4375 6
0.062173694158456 -0.096744156178504 0.46875 6
0.075308984578807 -0.086911200899016 0.03125 6
0.075308984578807 -0.086911200899016 0.0625 6
0.075308984578807 -0.086911200899016 0.09375 6
0.075308984578807 -0.086911200899016 0.125 6
0.075308984578807 -0.086911200899016 0.15625 6
0.075308984578807 -0.086911200899016 0.1875 6
0.075308984578807 -0.086911200899016 0.21875 6
0.075308984578807 -0.086911200899016 0.25 6
0.075308984578807 -0.086911200899016 0.28125 6
0.075308984578807 -0.086911200899016 0.3125 6
0.075308984578807 -0.086911200899016 0.34375 6
0.075308984578807 -0.086911200899016 0.375 6
0.075308984578807 -0.086911200899016 0.40625 6
0.075308984578807 -0.086911200899016 0.4375 6
0.075308984578807 -0.086911200899016 0.46875 6
0.086911201206043 -0.075308984224478 0.03125 6
0.086911201206043 -0.075308984224478 0.0625 6
0.086911201206043 -0.075308984224478 0.09375 6
0.086911201206043 -0.075308984224478 0.125 6
0.086911201206043 -0.075308984224478 0.15625 6
0.086911201206043 -0.075308984224478 0.1875 6
0.086911201206043 -0.075308984224478 0.21875 6
0.086911201206043 -0.075308984224478 0.25 6
0.086911201206043 -0.075308984224478 0.28125 6
0.086911201206043 -0.075308984224478 0.3125 6
0.086911201206043 -0.075308984224478 0.34375 6
0.086911201206043 -0.075308984224478 0.375 6
0.086911201206043 -0.075308984224478 0.40625 6
0.086911201206043 -0.075308984224478 0.4375 6
0.086911201206043 -0.075308984224478 0.46875 6
0.096744156379884 -0.062173693845103 0.03125 6
0.096744156379884 -0.062173693845103 0.0625 6
0.096744156379884 -0.062173693845103 0.09375 6
0.096744156379884 -0.062173693845103 0.125 6
0.096744156379884 -0.062173693845103 0.15625 6
0.096744156379884 -0.062173693845103 0.1875 6
0.096744156379884 -0.062173693845103 0.21875 6
0.096744156379884 -0.062173693845103 0.25 6
0.096744156379884 -0.062173693845103 0.28125 6
0.096744156379884 -0.062173693845103 0.3125 6
0.096744156379884 -0.062173693845103 0.34375 6
0.096744156379884 -0.062173693845103 0.375 6
0.096744156379884 -0.062173693845103 0.40625 6
0.096744156379884 -0.062173693845103 0.4375 6
0.096744156379884 -0.062173693845103 0.46875 6
0.10460767953171 -0.047772726350821 0.03125 6
0.10460767953171 -0.047772726350821 0.0625 6
0.10460767953171 -0.047772726350821 0.09375 6
0.10460767953171 -0.047772726350821 0.125 6
0.10460767953171 -0.047772726350821 0.15625 6
0.10460767953171 -0.047772726350821 0.1875 6
0.10460767953171 -0.047772726350821 0.21875 6
0.10460767953171 -0.047772726350821 0.25 6
0.10460767953171 -0.047772726350821 0.28125 6
0.10460767953171 -0.047772726350821 0.3125 6
0.10460767953171 -0.047772726350821 0.34375 6
0.10460767953171 -0.047772726350821 0.375 6
0.10460767953171 -0.047772726350821 0.40625 6
0.10460767953171 -0.047772726350821 0.4375 6
0.10460767953171 -0.047772726350821 0.46875 6
0.11034169199753 -0.032399243928234 0.03125 6
0.11034169199753 -0.032399243928234 0.0625 6
0.11034169199753 -0.032399243928234 0.09375 6
0.11034169199753 -0.032399243928234 0.125 6
0.11034169199753 -0.032399243928234 0.15625 6
0.11034169199753 -0.032399243928234 0.1875 6
0.11034169199753 -0.032399243928234 0.21875 6
0.11034169199753 -0.032399243928234 0.25 6
0.11034169199753 -0.032399243928234 0.28125 6
0.11034169199753 -0.032399243928234 0.3125 6
0.11034169199753 -0.032399243928234 0.34375 6
0.11034169199753 -0.032399243928234 0.375 6
0.11034169199753 -0.032399243928234 0.40625 6
0.11034169199753 -0.032399243928234 0.4375 6
0.11034169199753 -0.032399243928234 0.46875 6
0.11382946582427 -0.016366206346039 0.03125 6
0.11382946582427 -0.016366206346039 0.0625 6
0.11382946582427 -0.016366206346039 0.09375 6
0.11382946582427 -0.016366206346039 0.125 6
0.11382946582427 -0.016366206346039 0.15625 6
0.11382946582427 -0.016366206346039 0.1875 6
0.11382946582427 -0.016366206346039 0.21875 6
0.11382946582427 -0.016366206346039 0.25 6
0.11382946582427 -0.016366206346039 0.28125 6
0.11382946582427 -0.016366206346039 0.3125 6
0.11382946582427 -0.016366206346039 0.34375 6
0.11382946582427 -0.016366206346039 0.375 6
0.11382946582427 -0.016366206346039 0.40625 6
0.11382946582427 -0.016366206346039 0.4375 6
0.11382946582427 -0.016366206346039 0.46875 6
0.099660907831442 -0.024123654038056 0.5 5
-0.097315801629762 0.021182328968982 0.5 5
0.021178776446218 0.099443474933538 0.5 5
-0.020588530602104 -0.096938640534049 0.5 5
-0.048163199509539 0.088204314066964 0.5 5
-0.08839687015823 -0.048446857113664 0.5 5
0.047576310747021 -0.088275070538116 0.5 5
0.088925202718544 0.047455588493893 0.5 5
0.062341232638032 0.08091164060328 0.5 5
-0.080406492160963 0.060214046894555 0.5 5
-0.059540594304292 -0.08298200259806 0.5 5
0.081096933480965 -0.059728151242058 0.5 5
-0.0088021279190941 0.10138106442827 0.5 5
-0.10024118240736 -0.007169390877671 0.5 5
0.0061971350067443 -0.10233551643531 0.5 5
0.10161612595333 0.0077919560215061 0.5 5
-0.06210276852089 0.080696856674076 0.5 5
-0.049147212707099 0.072275850926137 0.5 5
-0.034529882768054 0.079370672464565 0.5 5
-0.035506887840358 0.063206032418692 0.5 5
-0.020690809913913 0.070553945255999 0.5 5
-0.02159122081505 0.054199054231191 0.5 5
-0.036436455873292 0.046872291541529 0.5 5
-0.022513657812702 0.037829173070548 0.5 5
-0.0078304489124631 0.045209835905212 0.5 5
-0.008750542778007 0.028828141346453 0.5 5
-0.023399862249748 0.02143978375861 0.5 5
-0.009666655132231 0.012444604818355 0.5 5
0.0049826190187038 0.019833199103721 0.5 5
0.0040575462039539 0.0034511160004492 0.5 5
-0.010592590022387 -0.0039373441161106 0.5 5
0.003131283620123 -0.012930772812445 0.5 5
0.017781701010944 -0.0055423591244797 0.5 5
-0.011519050906616 -0.020319200534725 0.5 5
0.0022047350682949 -0.029312613813051 0.5 5
-0.025242796161524 -0.011325794231431 0.5 5
-0.012445647116545 -0.0367010335652 0.5 5
0.0012781163002091 -0.045694442942966 0.5 5
0.015928515327202 -0.038306026046883 0.5 5
0.015001879796432 -0.054687852329939 0.5 5
0.029652276481345 -0.047299435032065 0.5 5
-0.013372277586179 -0.053082860713336 0.5 5
-0.027096032729842 -0.04408945275409 0.5 5
-0.02802267266427 -0.060471278279916 0.5 5
-0.041746428008198 -0.051477870292021 0.5 5
0.030578918264764 -0.030917609815295 0.5 5
0.044302674919671 -0.039911018032936 0.5 5
0.045229316994231 -0.023529192868997 0.5 5
0.058953072946402 -0.032522600965223 0.5 5
0.059879714954901 -0.016140775791323 0.5 5
-0.04081978598033 -0.035096045117526 0.5 5
0.046155959172035 -0.0071473677168315 0.5 5
0.060806356982145 0.00024104938305884 0.5 5
0.047082601189615 0.0092344574586712 0.5 5
0.061732998946782 0.016622874573783 0.5 5
0.048009243154314 0.025616282652205 0.5 5
-0.055470183158475 -0.042484462335271 0.5 5
-0.054543541243941 -0.026102637137943 0.5 5
0.043376033105908 -0.056292843243383 0.5 5
-0.014523904456044 -0.06901856074993 0.5 5
0.062505281796229 0.032769150929337 0.5 5
0.048910158597457 0.041958849700593 0.5 5
0.034281199615144 0.034603147709773 0.5 5
0.035207126947843 0.050983882384357 0.5 5
0.075981752594217 0.024061673575222 0.5 5
0.063011960888015 0.049017076154157 0.5 5
0.020560182413743 0.043600739291389 0.5 5
0.021487282293768 0.059983259500196 0.5 5
0.035858131094081 0.066945090050236 0.5 5
0.073744068960895 -0.0087078959279608 0.5 5
-0.068797075234495 -0.032885448469137 0.5 5
-0.068201152994323 -0.017008294783813 0.5 5
-0.053605875199111 -0.0097039895836852 0.5 5
-0.067327793637471 -0.00070777778774711 0.5 5
-0.052689220950772 0.0066625945185289 0.5 5
-0.066675992250045 0.015938345244907 0.5 5
-0.051820513268711 0.023117078590831 0.5 5
-0.066511888320358 0.033045600525485 0.5 5
-0.082917694669769 -0.024497646208886 0.5 5
-0.028806472418035 -0.079712562978212 0.5 5
-0.055867121549737 -0.058057970689714 0.5 5
-0.0812539874465 0.0087813009652132 0.5 5
0.02281074659894 0.075417299501767 0.5 5
0.0078275330082179 0.068823254247059 0.5 5
0.036724910897538 0.082256024617645 0.5 5
0.0095153439720148 0.08553155370347 0.5 5
-0.018334058118417 0.087781175986142 0.5 5
-0.063825180895279 0.065501917626745 0.5 5
-0.051027177833652 0.055993136108949 0.5 5
-0.066199645124404 0.049763826434052 0.5 5
-0.080542154601644 0.04259997793402 0.5 5
-0.081559945651525 0.026280552319563 0.5 5
-0.0051769010934998 0.077269586701271 0.5 5
-0.051518164051129 0.039870571559248 0.5 5
-0.0067706446480666 0.061442031562978 0.5 5
-0.03711330388636 0.030431496154642 0.5 5
-0.038050917573854 0.014062430072467 0.5 5
0.0059058132024504 0.036214950388652 0.5 5
0.018708000782898 0.010839522588797 0.5 5
-0.085129277603856 -0.0079373963271819 0.5 5
0.00031398199302985 -0.062001914812751 0.5 5
0.014182262090595 -0.070884430878527 0.5 5
0.049368635760523 0.057710757510202 0.5 5
-0.04203127518643 -0.067393235798299 0.5 5
-0.045192371556571 -0.081686120181765 0.5 5
-0.0015696797299611 -0.077395459310714 0.5 5
0.016855147473364 -0.021924199203361 0.5 5
0.074861873094064 0.0079686370845967 0.5 5
0.028743472748243 -0.063650385926095 0.5 5
0.028635078834593 -0.079830070038691 0.5 5
0.04348779156703 -0.072624549533431 0.5 5
0.057099789148425 -0.065286251353874 0.5 5
0.072935194654105 -0.025096382664395 0.5 5
0.073721330091182 -0.043887201569825 0.5 5
0.086749583202051 -0.032800297638351 0.5 5
0.058026431100898 -0.048904426162354 0.5 5
0.033358056301553 0.01822678740314 0.5 5
-0.072054949889341 -0.049444213094108 0.5 5
-0.069595873987199 -0.069119542252912 0.5 5
0.031505541058045 -0.014535781394596 0.5 5
-0.026169409378123 -0.027707624373419 0.5 5
-0.024319887093539 0.005058547574753 0.5 5
-0.038966501421492 -0.0023323948533717 0.5 5
-0.039891318230754 -0.018711414216229 0.5 5
0.032431976585848 0.0018458765357836 0.5 5
0.019632645222415 0.027219724414245 0.5 5
0.0068560558297131 0.052560202641024 0.5 5
0.06233600770515 0.065097254040852 0.5 5
0.033779590207774 -0.094643212105839 0.5 5
-0.033793815682916 0.095190116399297 0.5 5
0.013676729419099 -0.088379097265118 0.5 5
-0.0066431743165029 -0.092883714127666 0.5 5
0.087767333075957 -0.00047932014906196 0.5 5
0.076266168282193 0.039905567173017 0.5 5
0.092425388000257 0.032939744415133 0.5 5
0.078297227678237 0.058977723139521 0.5 5
-0.096521877541955 0.0064186576248931 0.5 5
0.089048248889514 0.01573207858279 0.5 5
0.059697588797192 -0.080396698470498 0.5 5
-0.098096141261408 -0.020703311862866 0.5 5
-0.094303872005402 -0.03517760374994 0.5 5
0.0059611397935584 0.10075330566602 0.5 5
0.071297956137894 -0.07088308448297 0.5 5
-0.094443516373797 0.036771845081883 0.5 5
0.090338713570439 -0.047221526431213 0.5 5
0.1004840147208 -0.0084567744704764 0.5 5
-0.037621342225068 -0.094438152669547 0.5 5
0.049454383646626 0.090568941884419 0.5 5
-0.021939090454796 0.10170470291342 0.5 5
0.020483781037434 -0.10190579671193 0.5 5
-0.014426352304529 -0.083189787540114 0.5 5
0.049231725307776 0.073075734405846 0.5 5
0.086890183740876 -0.016610720814717 0.5 5
0.035587969454864 0.095783267484609 0.5 5
-0.082740610222458 -0.060898658239589 0.5 5
0.10154271628254 0.021566956756105 0.5 5
0.073038930628983 0.0734413607137 0.5 5
0.067673239615934 -0.057667220707898 0.5 5
-0.074067789024669 0.074067788722702 0.5 5
-0.081463154592598 -0.037245836576194 0.5 5
-0.091811669207641 0.050146351720084 0.5 5
-0.007501805274159 -0.10469059187004 0.5 5
0.098339715226636 -0.036863489677335 0.5 5
-0.0029382787518172 0.089951143571104 0.5 5
-0.054298409591797 -0.071137784500013 0.5 5
-0.050460145656371 -0.092091622272194 0.5 5
0.025997775459746 0.087481791942804 0.5 5
0.099660907831442 -0.024123654038056 0.03125 15
0.099660907831442 -0.024123654038056 0.0625 15
0.099660907831442 -0.024123654038056 0.09375 15
0.099660907831442 -0.024123654038056 0.125 15
0.099660907831442 -0.024123654038056 0.15625 15
0.099660907831442 -0.024123654038056 0.1875 15
0.099660907831442 -0.024123654038056 0.21875 15
0.099660907831442 -0.024123654038056 0.25 15
0.099660907831442 -0.024123654038056 0.28125 15
0.099660907831442 -0.024123654038056 0.3125 15
0.099660907831442 -0.024123654038056 0.34375 15
0.099660907831442 -0.024123654038056 0.375 15
0.099660907831442 -0.024123654038056 0.40625 15
0.099660907831442 -0.024123654038056 0.4375 15
0.099660907831442 -0.024123654038056 0.46875 15
-0.097315801629762 0.021182328968982 0.03125 15
-0.097315801629762 0.021182328968982 0.0625 15
-0.097315801629762 0.021182328968982 0.09375 15
-0.097315801629762 0.021182328968982 0.125 15
-0.097315801629762 0.021182328968982 0.15625 15
-0.097315801629762 0.021182328968982 0.1875 15
-0.097315801629762 0.021182328968982 0.21875 15
-0.097315801629762 0.021182328968982 0.25 15
-0.097315801629762 0.021182328968982 0.28125 15
-0.097315801629762 0.021182328968982 0.3125 15
-0.097315801629762 0.021182328968982 0.34375 15
-0.097315801629762 0.021182328968982 0.375 15
-0.097315801629762 0.021182328968982 0.40625 15
-0.097315801629762 0.021182328968982 0.4375 15
-0.097315801629762 0.021182328968982 0.46875 15
0.021178776446218 0.099443474933538 0.03125 15
0.021178776446218 0.099443474933538 0.0625 15
0.021178776446218 0.099443474933538 0.09375 15
0.021178776446218 0.099443474933538 0.125 15
0.021178776446218 0.099443474933538 0.15625 15
0.021178776446218 0.099443474933538 0.1875 15
0.021178776446218 0.099443474933538 0.21875 15
0.021178776446218 0.099443474933538 0.25 15
0.021178776446218 0.099443474933538 0.28125 15
0.021178776446218 0.099443474933538 0.3125 15
0.021178776446218 0.099443474933538 0.34375 15
0.021178776446218 0.099443474933538 0.375 15
0.021178776446218 0.099443474933538 0.40625 15
0.021178776446218 0.099443474933538 0.4375 15
0.021178776446218 0.099443474933538 0.46875 15
-0.020588530602104 -0.096938640534049 0.03125 15
-0.020588530602104 -0.096938640534049 0.0625 15
-0.020588530602104 -0.096938640534049 0.09375 15
-0.020588530602104 -0.096938640534049 0.125 15
-0.020588530602104 -0.096938640534049 0.15625 15
-0.020588530602104 -0.096938640534049 0.1875 15
-0.020588530602104 -0.096938640534049 0.21875 15
-0.020588530602104 -0.096938640534049 0.25 15
-0.020588530602104 -0.096938640534049 0.28125 15
-0.020588530602104 -0.096938640534049 0.3125 15
-0.020588530602104 -0.096938640534049 0.34375 15
-0.020588530602104 -0.096938640534049 0.375 15
-0.020588530602104 -0.096938640534049 0.40625 15
-0.020588530602104 -0.096938640534049 0.4375 15
-0.020588530602104 -0.096938640534049 0.46875 15
-0.048163199509539 0.088204314066964 0.03125 15
-0.048163199509539 0.088204314066964 0.0625 15
-0.048163199509539 0.088204314066964 0.09375 15
-0.048163199509539 0.088204314066964 0.125 15
-0.048163199509539 0.088204314066964 0.15625 15
-0.048163199509539 0.088204314066964 0.1875 15
-0.048163199509539 0.088204314066964 0.21875 15
-0.048163199509539 0.088204314066964 0.25 15
-0.048163199509539 0.088204314066964 0.28125 15
-0.048163199509539 0.088204314066964 0.3125 15
-0.048163199509539 0.088204314066964 0.34375 15
-0.048163199509539 0.088204314066964 0.375 15
-0.048163199509539 0.088204314066964 0.40625 15
-0.048163199509539 0.088204314066964 0.4375 15
-0.048163199509539 0.088204314066964 0.46875 15
-0.08839687015823 -0.048446857113664 0.03125 15
-0.08839687015823 -0.048446857113664 0.0625 15
-0.08839687015823 -0.048446857113664 0.09375 15
-0.08839687015823 -0.048446857113664 0.125 15
-0.08839687015823 -0.048446857113664 0.15625 15
-0.08839687015823 -0.048446857113664 0.1875 15
-0.08839687015823 -0.048446857113664 0.21875 15
-0.08839687015823 -0.048446857113664 0.25 15
-0.08839687015823 -0.048446857113664 0.28125 15
-0.08839687015823 -0.048446857113664 0.3125 15
-0.08839687015823 -0.048446857113664 0.34375 15
-0.08839687015823 -0.048446857113664 0.375 15
-0.08839687015823 -0.048446857113664 0.40625 15
-0.08839687015823 -0.048446857113664 0.4375 15
-0.08839687015823 -0.048446857113664 0.46875 15
0.047576310747021 -0.088275070538116 0.03125 15
0.047576310747021 -0.088275070538116 0.0625 15
0.047576310747021 -0.088275070538116 0.09375 15
0.047576310747021 -0.088275070538116 0.125 15
0.047576310747021 -0.088275070538116 0.15625 15
0.047576310747021 -0.088275070538116 0.1875 15
0.047576310747021 -0.088275070538116 0.21875 15
0.047576310747021 -0.088275070538116 0.25 15
0.047576310747021 -0.088275070538116 0.28125 15
0.047576310747021 -0.088275070538116 0.3125 15
0.047576310747021 -0.088275070538116 0.34375 15
0.047576310747021 -0.088275070538116 0.375 15
0.047576310747021 -0.088275070538116 0.40625 15
0.047576310747021 -0.088275070538116 0.4375 15
0.047576310747021 -0.088275070538116 0.46875 15
0.088925202718544 0.047455588493893 0.03125 15
0.088925202718544 0.047455588493893 0.0625 15
0.088925202718544 0.047455588493893 0.09375 15
0.088925202718544 0.047455588493893 0.125 15
0.088925202718544 0.047455588493893 0.15625 15
0.088925202718544 0.047455588493893 0.1875 15
0.088925202718544 0.047455588493893 0.21875 15
0.088925202718544 0.047455588493893 0.25 15
0.088925202718544 0.047455588493893 0.28125 15
0.088925202718544 0.047455588493893 0.3125 15
0.088925202718544 0.047455588493893 0.34375 15
0.088925202718544 0.047455588493893 0.375 15
0.088925202718544 0.047455588493893 0.40625 15
0.088925202718544 0.047455588493893 0.4375 15
0.088925202718544 0.047455588493893 0.46875 15
0.062341232638032 0.08091164060328 0.03125 15
0.062341232638032 0.08091164060328 0.0625 15
0.062341232638032 0.08091164060328 0.09375 15
0.062341232638032 0.08091164060328 0.125 15
0.062341232638032 0.08091164060328 0.15625 15
0.062341232638032 0.08091164060328 0.1875 15
0.062341232638032 0.08091164060328 0.21875 15
0.062341232638032 0.08091164060328 0.25 15
0.062341232638032 0.08091164060328 0.28125 15
0.062341232638032 0.08091164060328 0.3125 15
0.062341232638032 0.08091164060328 0.34375 15
0.062341232638032 0.08091164060328 0.375 15
0.062341232638032 0.08091164060328 0.40625 15
0.062341232638032 0.08091164060328 0.4375 15
0.062341232638032 0.08091164060328 0.46875 15
-0.080406492160963 0.060214046894555 0.03125 15
-0.080406492160963 0.060214046894555 0.0625 15
-0.080406492160963 0.060214046894555 0.09375 15
-0.080406492160963 0.060214046894555 0.125 15
-0.080406492160963 0.060214046894555 0.15625 15
-0.080406492160963 0.060214046894555 0.1875 15
-0.080406492160963 0.060214046894555 0.21875 15
-0.080406492160963 0.060214046894555 0.25 15
-0.080406492160963 0.060214046894555 0.28125 15
-0.080406492160963 0.060214046894555 0.3125 15
-0.080406492160963 0.060214046894555 0.34375 15
-0.080406492160963 0.060214046894555 0.375 15
-0.080406492160963 0.060214046894555 0.40625 15
-0.080406492160963 0.060214046894555 0.4375 15
-0.080406492160963 0.060214046894555 0.46875 15
-0.059540594304292 -0.08298200259806 0.03125 15
-0.059540594304292 -0.08298200259806 0.0625 15
-0.059540594304292 -0.08298200259806 0.09375 15
-0.059540594304292 -0.08298200259806 0.125 15
-0.059540594304292 -0.08298200259806 0.15625 15
-0.059540594304292 -0.08298200259806 0.1875 15
-0.059540594304292 -0.08298200259806 0.21875 15
-0.059540594304292 -0.08298200259806 0.25 15
-0.059540594304292 -0.08298200259806 0.28125 15
-0.059540594304292 -0.08298200259806 0.3125 15
-0.059540594304292 -0.08298200259806 0.34375 15
-0.059540594304292 -0.08298200259806 0.375 15
-0.059540594304292 -0.08298200259806 0.40625 15
-0.059540594304292 -0.08298200259806 0.4375 15
-0.059540594304292 -0.08298200259806 0.46875 15
0.081096933480965 -0.059728151242058 0.03125 15
0.081096933480965 -0.059728151242058 0.0625 15
0.081096933480965 -0.059728151242058 0.09375 15
0.081096933480965 -0.059728151242058 0.125 15
0.081096933480965 -0.059728151242058 0.15625 15
0.081096933480965 -0.059728151242058 0.1875 15
0.081096933480965 -0.059728151242058 0.21875 15
0.081096933480965 -0.059728151242058 0.25 15
0.081096933480965 -0.059728151242058 0.28125 15
0.081096933480965 -0.059728151242058 0.3125 15
0.081096933480965 -0.059728151242058 0.34375 15
0.081096933480965 -0.059728151242058 0.375 15
0.081096933480965 -0.059728151242058 0.40625 15
0.081096933480965 -0.059728151242058 0.4375 15
0.081096933480965 -0.059728151242058 0.46875 15
-0.0088021279190941 0.10138106442827 0.03125 15
-0.0088021279190941 0.10138106442827 0.0625 15
-0.0088021279190941 0.10138106442827 0.09375 15
-0.0088021279190941 0.10138106442827 0.125 15
-0.0088021279190941 0.10138106442827 0.15625 15
-0.0088021279190941 0.10138106442827 0.1875 15
-0.0088021279190941 0.10138106442827 0.21875 15
-0.0088021279190941 0.10138106442827 0.25 15
-0.0088021279190941 0.10138106442827 0.28125 15
-0.0088021279190941 0.10138106442827 0.3125 15
-0.0088021279190941 0.10138106442827 0.34375 15
-0.0088021279190941 0.10138106442827 0.375 15
-0.0088021279190941 0.10138106442827 0.40625 15
-0.0088021279190941 0.10138106442827 0.4375 15
-0.0088021279190941 0.10138106442827 0.46875 15
-0.10024118240736 -0.007169390877671 0.03125 15
-0.10024118240736 -0.007169390877671 0.0625 15
-0.10024118240736 -0.007169390877671 0.09375 15
-0.10024118240736 -0.007169390877671 0.125 15
-0.10024118240736 -0.007169390877671 0.15625 15
-0.10024118240736 -0.007169390877671 0.1875 15
-0.10024118240736 -0.007169390877671 0.21875 15
-0.10024118240736 -0.007169390877671 0.25 15
-0.10024118240736 -0.007169390877671 0.28125 15
-0.10024118240736 -0.007169390877671 0.3125 15
-0.10024118240736 -0.007169390877671 0.34375 15
-0.10024118240736 -0.007169390877671 0.375 15
-0.10024118240736 -0.007169390877671 0.40625 15
-0.10024118240736 -0.007169390877671 0.4375 15
-0.10024118240736 -0.007169390877671 0.46875 15
0.0061971350067443 -0.10233551643531 0.03125 15
0.0061971350067443 -0.10233551643531 0.0625 15
0.0061971350067443 -0.10233551643531 0.09375 15
0.0061971350067443 -0.10233551643531 0.125 15
0.0061971350067443 -0.10233551643531 0.15625 15
0.0061971350067443 -0.10233551643531 0.1875 15
0.0061971350067443 -0.10233551643531 0.21875 15
0.0061971350067443 -0.10233551643531 0.25 15
0.0061971350067443 -0.10233551643531 0.28125 15
0.0061971350067443 -0.10233551643531 0.3125 15
0.0061971350067443 -0.10233551643531 0.34375 15
0.0061971350067443 -0.10233551643531 0.375 15
0.0061971350067443 -0.10233551643531 0.40625 15
0.0061971350067443 -0.10233551643531 0.4375 15
0.0061971350067443 -0.10233551643531 0.46875 15
0.10161612595333 0.0077919560215061 0.03125 15
0.10161612595333 0.0077919560215061 0.0625 15
0.10161612595333 0.0077919560215061 0.09375 15
0.10161612595333 0.0077919560215061 0.125 15
0.10161612595333 0.0077919560215061 0.15625 15
0.10161612595333 0.0077919560215061 0.1875 15
0.10161612595333 0.0077919560215061 0.21875 15
0.10161612595333 0.0077919560215061 0.25 15
0.10161612595333 0.0077919560215061 0.28125 15
0.10161612595333 0.0077919560215061 0.3125 15
0.10161612595333 0.0077919560215061 0.34375 15
0.10161612595333 0.0077919560215061 0.375 15
0.10161612595333 0.0077919560215061 0.40625 15
0.10161612595333 0.0077919560215061 0.4375 15
0.10161612595333 0.0077919560215061 0.46875 15
-0.06210276852089 0.080696856674076 0.03125 15
-0.06210276852089 0.080696856674076 0.0625 15
-0.06210276852089 0.080696856674076 0.09375 15
-0.06210276852089 0.080696856674076 0.125 15
-0.06210276852089 0.080696856674076 0.15625 15
-0.06210276852089 0.080696856674076 0.1875 15
-0.06210276852089 0.080696856674076 0.21875 15
-0.06210276852089 0.080696856674076 0.25 15
-0.06210276852089 0.080696856674076 0.28125 15
-0.06210276852089 0.080696856674076 0.3125 15
-0.06210276852089 0.080696856674076 0.34375 15
-0.06210276852089 0.080696856674076 0.375 15
-0.06210276852089 0.080696856674076 0.40625 15
-0.06210276852089 0.080696856674076 0.4375 15
-0.06210276852089 0.080696856674076 0.46875 15
-0.049147212707099 0.072275850926137 0.03125 15
-0.049147212707099 0.072275850926137 0.0625 15
-0.049147212707099 0.072275850926137 0.09375 15
-0.049147212707099 0.072275850926137 0.125 15
-0.049147212707099 0.072275850926137 0.15625 15
-0.049147212707099 0.072275850926137 0.1875 15
-0.049147212707099 0.072275850926137 0.21875 15
-0.049147212707099 0.072275850926137 0.25 15
-0.049147212707099 0.072275850926137 0.28125 15
-0.049147212707099 0.072275850926137 0.3125 15
-0.049147212707099 0.072275850926137 0.34375 15
-0.049147212707099 0.072275850926137 0.375 15
-0.049147212707099 0.072275850926137 0.40625 15
-0.049147212707099 0.072275850926137 0.4375 15
-0.049147212707099 0.072275850926137 0.46875 15
-0.034529882768054 0.079370672464565 0.03125 15
-0.034529882768054 0.079370672464565 0.0625 15
-0.034529882768054 0.079370672464565 0.09375 15
-0.034529882768054 0.079370672464565 0.125 15
-0.034529882768054 0.079370672464565 0.15625 15
-0.034529882768054 0.079370672464565 0.1875 15
-0.034529882768054 0.079370672464565 0.21875 15
-0.034529882768054 0.079370672464565 0.25 15
-0.034529882768054 0.079370672464565 0.28125 15
-0.034529882768054 0.079370672464565 0.3125 15
-0.034529882768054 0.079370672464565 0.34375 15
-0.034529882768054 0.079370672464565 0.375 15
-0.034529882768054 0.079370672464565 0.40625 15
-0.034529882768054 0.079370672464565 0.4375 15
-0.034529882768054 0.079370672464565 0.46875 15
-0.035506887840358 0.063206032418692 0.03125 15
-0.035506887840358 0.063206032418692 0.0625 15
-0.035506887840358 0.063206032418692 0.09375 15
-0.035506887840358 0.063206032418692 0.125 15
-0.035506887840358 0.063206032418692 0.15625 15
-0.035506887840358 0.063206032418692 0.1875 15
-0.035506887840358 0.063206032418692 0.21875 15
-0.035506887840358 0.063206032418692 0.25 15
-0.035506887840358 0.063206032418692 0.28125 15
-0.035506887840358 0.063206032418692 0.3125 15
-0.035506887840358 0.063206032418692 0.34375 15
-0.035506887840358 0.063206032418692 0.375 15
-0.035506887840358 0.063206032418692 0.40625 15
-0.035506887840358 0.063206032418692 0.4375 15
-0.035506887840358 0.063206032418692 0.46875 15
-0.020690809913913 0.070553945255999 0.03125 15
-0.020690809913913 0.070553945255999 0.0625 15
-0.020690809913913 0.070553945255999 0.09375 15
-0.020690809913913 0.070553945255999 0.125 15
-0.020690809913913 0.070553945255999 0.15625 15
-0.020690809913913 0.070553945255999 0.1875 15
-0.020690809913913 0.070553945255999 0.21875 15
-0.020690809913913 0.070553945255999 0.25 15
-0.020690809913913 0.070553945255999 0.28125 15
-0.020690809913913 0.070553945255999 0.3125 15
-0.020690809913913 0.070553945255999 0.34375 15
-0.020690809913913 0.070553945255999 0.375 15
-0.020690809913913 0.070553945255999 0.40625 15
-0.020690809913913 0.070553945255999 0.4375 15
-0.020690809913913 0.070553945255999 0.46875 15
-0.02159122081505 0.054199054231191 0.03125 15
-0.02159122081505 0.054199054231191 0.0625 15
-0.02159122081505 0.054199054231191 0.09375 15
-0.02159122081505 0.054199054231191 0.125 15
-0.02159122081505 0.054199054231191 0.15625 15
-0.02159122081505 0.054199054231191 0.1875 15
-0.02159122081505 0.054199054231191 0.21875 15
-0.02159122081505 0.054199054231191 0.25 15
-0.02159122081505 0.054199054231191 0.28125 15
-0.02159122081505 0.054199054231191 0.3125 15
-0.02159122081505 0.054199054231191 0.34375 15
-0.02159122081505 0.054199054231191 0.375 15
-0.02159122081505 0.054199054231191 0.40625 15
-0.02159122081505 0.054199054231191 0.4375 15
-0.02159122081505 0.054199054231191 0.46875 15
-0.036436455873292 0.046872291541529 0.03125 15
-0.036436455873292 0.046872291541529 0.0625 15
-0.036436455873292 0.046872291541529 0.09375 15
-0.036436455873292 0.046872291541529 0.125 15
-0.036436455873292 0.046872291541529 0.15625 15
-0.036436455873292 0.046872291541529 0.1875 15
-0.036436455873292 0.046872291541529 0.21875 15
-0.036436455873292 0.046872291541529 0.25 15
-0.036436455873292 0.046872291541529 0.28125 15
-0.036436455873292 0.046872291541529 0.3125 15
-0.036436455873292 0.046872291541529 0.34375 15
-0.036436455873292 0.046872291541529 0.375 15
-0.036436455873292 0.046872291541529 0.40625 15
-0.036436455873292 0.046872291541529 0.4375 15
-0.036436455873292 0.046872291541529 0.46875 15
-0.022513657812702 0.037829173070548 0.03125 15
-0.022513657812702 0.037829173070548 0.0625 15
-0.022513657812702 0.037829173070548 0.09375 15
-0.022513657812702 0.037829173070548 0.125 15
-0.022513657812702 0.037829173070548 0.15625 15
-0.022513657812702 0.037829173070548 0.1875 15
-0.022513657812702 0.037829173070548 0.21875 15
-0.022513657812702 0.037829173070548 0.25 15
-0.022513657812702 0.037829173070548 0.28125 15
-0.022513657812702 0.037829173070548 0.3125 15
-0.022513657812702 0.037829173070548 0.34375 15
-0.022513657812702 0.037829173070548 0.375 15
-0.022513657812702 0.037829173070548 0.40625 15
-0.022513657812702 0.037829173070548 0.4375 15
-0.022513657812702 0.037829173070548 0.46875 15
-0.0078304489124631 0.045209835905212 0.03125 15
-0.0078304489124631 0.045209835905212 0.0625 15
-0.0078304489124631 0.045209835905212 0.09375 15
-0.0078304489124631 0.045209835905212 0.125 15
-0.0078304489124631 0.045209835905212 0.15625 15
-0.0078304489124631 0.045209835905212 0.1875 15
-0.0078304489124631 0.045209835905212 0.21875 15
-0.0078304489124631 0.045209835905212 0.25 15
-0.0078304489124631 0.045209835905212 0.28125 15
-0.0078304489124631 0.045209835905212 0.3125 15
-0.0078304489124631 0.045209835905212 0.34375 15
-0.0078304489124631 0.045209835905212 0.375 15
-0.0078304489124631 0.045209835905212 0.40625 15
-0.0078304489124631 0.045209835905212 0.4375 15
-0.0078304489124631 0.045209835905212 0.46875 15
-0.008750542778007 0.028828141346453 0.03125 15
-0.008750542778007 0.028828141346453 0.0625 15
-0.008750542778007 0.028828141346453 0.09375 15
-0.008750542778007 0.028828141346453 0.125 15
-0.008750542778007 0.028828141346453 0.15625 15
-0.008750542778007 0.028828141346453 0.1875 15
-0.008750542778007 0.028828141346453 0.21875 15
-0.008750542778007 0.028828141346453 0.25 15
-0.008750542778007 0.028828141346453 0.28125 15
-0.008750542778007 0.028828141346453 0.3125 15
-0.008750542778007 0.028828141346453 0.34375 15
-0.008750542778007 0.028828141346453 0.375 15
-0.008750542778007 0.028828141346453 0.40625 15
-0.008750542778007 0.028828141346453 0.4375 15
-0.008750542778007 0.028828141346453 0.46875 15
-0.023399862249748 0.02143978375861 0.03125 15
-0.023399862249748 0.02143978375861 0.0625 15
-0.023399862249748 0.02143978375861 0.09375 15
-0.023399862249748 0.02143978375861 0.125 15
-0.023399862249748 0.02143978375861 0.15625 15
-0.023399862249748 0.02143978375861 0.1875 15
-0.023399862249748 0.02143978375861 0.21875 15
-0.023399862249748 0.02143978375861 0.25 15
-0.023399862249748 0.02143978375861 0.28125 15
-0.023399862249748 0.02143978375861 0.3125 15
-0.023399862249748 0.02143978375861 0.34375 15
-0.023399862249748 0.02143978375861 0.375 15
-0.023399862249748 0.02143978375861 0.40625 15
-0.023399862249748 0.02143978375861 0.4375 15
-0.023399862249748 0.02143978375861 0.46875 15
-0.009666655132231 0.012444604818355 0.03125 15
-0.009666655132231 0.012444604818355 0.0625 15
-0.009666655132231 0.012444604818355 0.09375 15
-0.009666655132231 0.012444604818355 0.125 15
-0.009666655132231 0.012444604818355 0.15625 15
-0.009666655132231 0.012444604818355 0.1875 15
-0.009666655132231 0.012444604818355 0.21875 15
-0.009666655132231 0.012444604818355 0.25 15
-0.009666655132231 0.012444604818355 0.28125 15
-0.009666655132231 0.012444604818355 0.3125 15
-0.009666655132231 0.012444604818355 0.34375 15
-0.009666655132231 0.012444604818355 0.375 15
-0.009666655132231 0.012444604818355 0.40625 15
-0.009666655132231 0.012444604818355 0.4375 15
-0.009666655132231 0.012444604818355 0.46875 15
0.0049826190187038 0.019833199103721 0.03125 15
0.0049826190187038 0.019833199103721 0.0625 15
0.0049826190187038 0.019833199103721 0.09375 15
0.0049826190187038 0.019833199103721 0.125 15
0.0049826190187038 0.019833199103721 0.15625 15
0.0049826190187038 0.019833199103721 0.1875 15
0.0049826190187038 0.019833199103721 0.21875 15
0.0049826190187038 0.019833199103721 0.25 15
0.0049826190187038 0.019833199103721 0.28125 15
0.0049826190187038 0.019833199103721 0.3125 15
0.0049826190187038 0.019833199103721 0.34375 15
0.0049826190187038 0.019833199103721 0.375 15
0.0049826190187038 0.019833199103721 0.40625 15
0.0049826190187038 0.019833199103721 0.4375 15
0.0049826190187038 0.019833199103721 0.46875 15
0.0040575462039539 0.0034511160004492 0.03125 15
0.0040575462039539 0.0034511160004492 0.0625 15
0.0040575462039539 0.0034511160004492 0.09375 15
0.0040575462039539 0.0034511160004492 0.125 15
0.0040575462039539 0.0034511160004492 0.15625 15
0.0040575462039539 0.0034511160004492 0.1875 15
0.0040575462039539 0.0034511160004492 0.21875 15
0.0040575462039539 0.0034511160004492 0.25 15
0.0040575462039539 0.0034511160004492 0.28125 15
0.0040575462039539 0.0034511160004492 0.3125 15
0.0040575462039539 0.0034511160004492 0.34375 15
0.0040575462039539 0.0034511160004492 0.375 15
0.0040575462039539 0.0034511160004492 0.40625 15
0.0040575462039539 0.0034511160004492 0.4375 15
0.0040575462039539 0.0034511160004492 0.46875 15
-0.010592590022387 -0.0039373441161106 0.03125 15
-0.010592590022387 -0.0039373441161106 0.0625 15
-0.010592590022387 -0.0039373441161106 0.09375 15
-0.010592590022387 -0.0039373441161106 0.125 15
-0.010592590022387 -0.0039373441161106 0.15625 15
-0.010592590022387 -0.0039373441161106 0.1875 15
-0.010592590022387 -0.0039373441161106 0.21875 15
-0.010592590022387 -0.0039373441161106 0.25 15
-0.010592590022387 -0.0039373441161106 0.28125 15
-0.010592590022387 -0.0039373441161106 0.3125 15
-0.010592590022387 -0.0039373441161106 0.34375 15
-0.010592590022387 -0.0039373441161106 0.375 15
-0.010592590022387 -0.0039373441161106 0.40625 15
-0.010592590022387 -0.0039373441161106 0.4375 15
-0.010592590022387 -0.0039373441161106 0.46875 15
0.003131283620123 -0.012930772812445 0.03125 15
0.003131283620123 -0.012930772812445 0.0625 15
0.003131283620123 -0.012930772812445 0.09375 15
0.003131283620123 -0.012930772812445 0.125 15
0.003131283620123 -0.012930772812445 0.15625 15
0.003131283620123 -0.012930772812445 0.1875 15
0.003131283620123 -0.012930772812445 0.21875 15
0.003131283620123 -0.012930772812445 0.25 15
0.003131283620123 -0.012930772812445 0.28125 15
0.003131283620123 -0.012930772812445 0.3125 15
0.003131283620123 -0.012930772812445 0.34375 15
0.003131283620123 -0.012930772812445 0.375 15
0.003131283620123 -0.012930772812445 0.40625 15
0.003131283620123 -0.012930772812445 0.4375 15
0.003131283620123 -0.012930772812445 0.46875 15
0.017781701010944 -0.0055423591244797 0.03125 15
0.017781701010944 -0.0055423591244797 0.0625 15
0.017781701010944 -0.0055423591244797 0.09375 15
0.017781701010944 -0.0055423591244797 0.125 15
0.017781701010944 -0.0055423591244797 0.15625 15
0.017781701010944 -0.0055423591244797 0.1875 15
0.017781701010944 -0.0055423591244797 0.21875 15
0.017781701010944 -0.0055423591244797 0.25 15
0.017781701010944 -0.0055423591244797 0.28125 15
0.017781701010944 -0.0055423591244797 0.3125 15
0.017781701010944 -0.0055423591244797 0.34375 15
0.017781701010944 -0.0055423591244797 0.375 15
0.017781701010944 -0.0055423591244797 0.40625 15
0.017781701010944 -0.0055423591244797 0.4375 15
0.017781701010944 -0.0055423591244797 0.46875 15
-0.011519050906616 -0.020319200534725 0.03125 15
-0.011519050906616 -0.020319200534725 0.0625 15
-0.011519050906616 -0.020319200534725 0.09375 15
-0.011519050906616 -0.020319200534725 0.125 15
-0.011519050906616 -0.020319200534725 0.15625 15
-0.011519050906616 -0.020319200534725 0.1875 15
-0.011519050906616 -0.020319200534725 0.21875 15
-0.011519050906616 -0.020319200534725 0.25 15
-0.011519050906616 -0.020319200534725 0.28125 15
-0.011519050906616 -0.020319200534725 0.3125 15
-0.011519050906616 -0.020319200534725 0.34375 15
-0.011519050906616 -0.020319200534725 0.375 15
-0.011519050906616 -0.020319200534725 0.40625 15
-0.011519050906616 -0.020319200534725 0.4375 15
-0.011519050906616 -0.020319200534725 0.46875 15
0.0022047350682949 -0.029312613813051 0.03125 15
0.0022047350682949 -0.029312613813051 0.0625 15
0.0022047350682949 -0.029312613813051 0.09375 15
0.0022047350682949 -0.029312613813051 0.125 15
0.0022047350682949 -0.029312613813051 0.15625 15
0.0022047350682949 -0.029312613813051 0.1875 15
0.0022047350682949 -0.029312613813051 0.21875 15
0.0022047350682949 -0.029312613813051 0.25 15
0.0022047350682949 -0.029312613813051 0.28125 15
0.0022047350682949 -0.029312613813051 0.3125 15
0.0022047350682949 -0.029312613813051 0.34375 15
0.0022047350682949 -0.029312613813051 0.375 15
0.0022047350682949 -0.029312613813051 0.40625 15
0.0022047350682949 -0.029312613813051 0.4375 15
0.0022047350682949 -0.029312613813051 0.46875 15
-0.025242796161524 -0.011325794231431 0.03125 15
-0.025242796161524 -0.011325794231431 0.0625 15
-0.025242796161524 -0.011325794231431 0.09375 15
-0.025242796161524 -0.011325794231431 0.125 15
-0.025242796161524 -0.011325794231431 0.15625 15
-0.025242796161524 -0.011325794231431 0.1875 15
-0.025242796161524 -0.011325794231431 0.21875 15
-0.025242796161524 -0.011325794231431 0.25 15
-0.025242796161524 -0.011325794231431 0.28125 15
-0.025242796161524 -0.011325794231431 0.3125 15
-0.025242796161524 -0.011325794231431 0.34375 15
-0.025242796161524 -0.011325794231431 0.375 15
-0.025242796161524 -0.011325794231431 0.40625 15
-0.025242796161524 -0.011325794231431 0.4375 15
-0.025242796161524 -0.011325794231431 0.46875 15
-0.012445647116545 -0.0367010335652 0.03125 15
-0.012445647116545 -0.0367010335652 0.0625 15
-0.012445647116545 -0.0367010335652 0.09375 15
-0.012445647116545 -0.0367010335652 0.125 15
-0.012445647116545 -0.0367010335652 0.15625 15
-0.012445647116545 -0.0367010335652 0.1875 15
-0.012445647116545 -0.0367010335652 0.21875 15
-0.012445647116545 -0.0367010335652 0.25 15
-0.012445647116545 -0.0367010335652 0.28125 15
-0.012445647116545 -0.0367010335652 0.3125 15
-0.012445647116545 -0.0367010335652 0.34375 15
-0.012445647116545 -0.0367010335652 0.375 15
-0.012445647116545 -0.0367010335652 0.40625 15
-0.012445647116545 -0.0367010335652 0.4375 15
-0.012445647116545 -0.0367010335652 0.46875 15
0.0012781163002091 -0.045694442942966 0.03125 15
0.0012781163002091 -0.045694442942966 0.0625 15
0.0012781163002091 -0.045694442942966 0.09375 15
0.0012781163002091 -0.045694442942966 0.125 15
0.0012781163002091 -0.045694442942966 0.15625 15
0.0012781163002091 -0.045694442942966 0.1875 15
0.0012781163002091 -0.045694442942966 0.21875 15
0.0012781163002091 -0.045694442942966 0.25 15
0.0012781163002091 -0.045694442942966 0.28125 15
0.0012781163002091 -0.045694442942966 0.3125 15
0.0012781163002091 -0.045694442942966 0.34375 15
0.0012781163002091 -0.045694442942966 0.375 15
0.0012781163002091 -0.045694442942966 0.40625 15
0.0012781163002091 -0.045694442942966 0.4375 15
0.0012781163002091 -0.045694442942966 0.46875 15
0.015928515327202 -0.038306026046883 0.03125 15
0.015928515327202 -0.038306026046883 0.0625 15
0.015928515327202 -0.038306026046883 0.09375 15
0.015928515327202 -0.038306026046883 0.125 15
0.015928515327202 -0.038306026046883 0.15625 15
0.015928515327202 -0.038306026046883 0.1875 15
0.015928515327202 -0.038306026046883 0.21875 15
0.015928515327202 -0.038306026046883 0.25 15
0.015928515327202 -0.038306026046883 0.28125 15
0.015928515327202 -0.038306026046883 0.3125 15
0.015928515327202 -0.038306026046883 0.34375 15
0.015928515327202 -0.038306026046883 0.375 15
0.015928515327202 -0.038306026046883 0.40625 15
0.015928515327202 -0.038306026046883 0.4375 15
0.015928515327202 -0.038306026046883 0.46875 15
0.015001879796432 -0.054687852329939 0.03125 15
0.015001879796432 -0.054687852329939 0.0625 15
0.015001879796432 -0.054687852329939 0.09375 15
0.015001879796432 -0.054687852329939 0.125 15
0.015001879796432 -0.054687852329939 0.15625 15
0.015001879796432 -0.054687852329939 0.1875 15
0.015001879796432 -0.054687852329939 0.21875 15
0.015001879796432 -0.054687852329939 0.25 15
0.015001879796432 -0.054687852329939 0.28125 15
0.015001879796432 -0.054687852329939 0.3125 15
0.015001879796432 -0.054687852329939 0.34375 15
0.015001879796432 -0.054687852329939 0.375 15
0.015001879796432 -0.054687852329939 0.40625 15
0.015001879796432 -0.054687852329939 0.4375 15
0.015001879796432 -0.054687852329939 0.46875 15
0.029652276481345 -0.047299435032065 0.03125 15
0.029652276481345 -0.047299435032065 0.0625 15
0.029652276481345 -0.047299435032065 0.09375 15
0.029652276481345 -0.047299435032065 0.125 15
0.029652276481345 -0.047299435032065 0.15625 15
0.029652276481345 -0.047299435032065 0.1875 15
0.029652276481345 -0.047299435032065 0.21875 15
0.029652276481345 -0.047299435032065 0.25 15
0.029652276481345 -0.047299435032065 0.28125 15
0.029652276481345 -0.047299435032065 0.3125 15
0.029652276481345 -0.047299435032065 0.34375 15
0.029652276481345 -0.047299435032065 0.375 15
0.029652276481345 -0.047299435032065 0.40625 15
0.029652276481345 -0.047299435032065 0.4375 15
0.029652276481345 -0.047299435032065 0.46875 15
-0.013372277586179 -0.053082860713336 0.03125 15
-0.013372277586179 -0.053082860713336 0.0625 15
-0.013372277586179 -0.053082860713336 0.09375 15
-0.013372277586179 -0.053082860713336 0.125 15
-0.013372277586179 -0.053082860713336 0.15625 15
-0.013372277586179 -0.053082860713336 0.1875 15
-0.013372277586179 -0.053082860713336 0.21875 15
-0.013372277586179 -0.053082860713336 0.25 15
-0.013372277586179 -0.053082860713336 0.28125 15
-0.013372277586179 -0.053082860713336 0.3125 15
-0.013372277586179 -0.053082860713336 0.34375 15
-0.013372277586179 -0.053082860713336 0.375 15
-0.013372277586179 -0.053082860713336 0.40625 15
-0.013372277586179 -0.053082860713336 0.4375 15
-0.013372277586179 -0.053082860713336 0.46875 15
-0.027096032729842 -0.04408945275409 0.03125 15
-0.027096032729842 -0.04408945275409 0.0625 15
-0.027096032729842 -0.04408945275409 0.09375 15
-0.027096032729842 -0.04408945275409 0.125 15
-0.027096032729842 -0.04408945275409 0.15625 15
-0.027096032729842 -0.04408945275409 0.1875 15
-0.027096032729842 -0.04408945275409 0.21875 15
-0.027096032729842 -0.04408945275409 0.25 15
-0.027096032729842 -0.04408945275409 0.28125 15
-0.027096032729842 -0.04408945275409 0.3125 15
-0.027096032729842 -0.04408945275409 0.34375 15
-0.027096032729842 -0.04408945275409 0.375 15
-0.027096032729842 -0.04408945275409 0.40625 15
-0.027096032729842 -0.04408945275409 0.4375 15
-0.027096032729842 -0.04408945275409 0.46875 15
-0.02802267266427 -0.060471278279916 0.03125 15
-0.02802267266427 -0.060471278279916 0.0625 15
-0.02802267266427 -0.060471278279916 0.09375 15
-0.02802267266427 -0.060471278279916 0.125 15
-0.02802267266427 -0.060471278279916 0.15625 15
-0.02802267266427 -0.060471278279916 0.1875 15
-0.02802267266427 -0.060471278279916 0.21875 15
-0.02802267266427 -0.060471278279916 0.25 15
-0.02802267266427 -0.060471278279916 0.28125 15
-0.02802267266427 -0.060471278279916 0.3125 15
-0.02802267266427 -0.060471278279916 0.34375 15
-0.02802267266427 -0.060471278279916 0.375 15
-0.02802267266427 -0.060471278279916 0.40625 15
-0.02802267266427 -0.060471278279916 0.4375 15
-0.02802267266427 -0.060471278279916 0.46875 15
-0.041746428008198 -0.051477870292021 0.03125 15
-0.041746428008198 -0.051477870292021 0.0625 15
-0.041746428008198 -0.051477870292021 0.09375 15
-0.041746428008198 -0.051477870292021 0.125 15
-0.041746428008198 -0.051477870292021 0.15625 15
-0.041746428008198 -0.051477870292021 0.1875 15
-0.041746428008198 -0.051477870292021 0.21875 15
-0.041746428008198 -0.051477870292021 0.25 15
-0.041746428008198 -0.051477870292021 0.28125 15
-0.041746428008198 -0.051477870292021 0.3125 15
-0.041746428008198 -0.051477870292021 0.34375 15
-0.041746428008198 -0.051477870292021 0.375 15
-0.041746428008198 -0.051477870292021 0.40625 15
-0.041746428008198 -0.051477870292021 0.4375 15
-0.041746428008198 -0.051477870292021 0.46875 15
0.030578918264764 -0.030917609815295 0.03125 15
0.030578918264764 -0.030917609815295 0.0625 15
0.030578918264764 -0.030917609815295 0.09375 15
0.030578918264764 -0.030917609815295 0.125 15
0.030578918264764 -0.030917609815295 0.15625 15
0.030578918264764 -0.030917609815295 0.1875 15
0.030578918264764 -0.030917609815295 0.21875 15
0.030578918264764 -0.030917609815295 0.25 15
0.030578918264764 -0.030917609815295 0.28125 15
0.030578918264764 -0.030917609815295 0.3125 15
0.030578918264764 -0.030917609815295 0.34375 15
0.030578918264764 -0.030917609815295 0.375 15
0.030578918264764 -0.030917609815295 0.40625 15
0.030578918264764 -0.030917609815295 0.4375 15
0.030578918264764 -0.030917609815295 0.46875 15
0.044302674919671 -0.039911018032936 0.03125 15
0.044302674919671 -0.039911018032936 0.0625 15
0.044302674919671 -0.039911018032936 0.09375 15
0.044302674919671 -0.039911018032936 0.125 15
0.044302674919671 -0.039911018032936 0.15625 15
0.044302674919671 -0.039911018032936 0.1875 15
0.044302674919671 -0.039911018032936 0.21875 15
0.044302674919671 -0.039911018032936 0.25 15
0.044302674919671 -0.039911018032936 0.28125 15
0.044302674919671 -0.039911018032936 0.3125 15
0.044302674919671 -0.039911018032936 0.34375 15
0.044302674919671 -0.039911018032936 0.375 15
0.044302674919671 -0.039911018032936 0.40625 15
0.044302674919671 -0.039911018032936 0.4375 15
0.044302674919671 -0.039911018032936 0.46875 15
0.045229316994231 -0.023529192868997 0.03125 15
0.045229316994231 -0.023529192868997 0.0625 15
0.045229316994231 -0.023529192868997 0.09375 15
0.045229316994231 -0.023529192868997 0.125 15
0.045229316994231 -0.023529192868997 0.15625 15
0.045229316994231 -0.023529192868997 0.1875 15
0.045229316994231 -0.023529192868997 0.21875 15
0.045229316994231 -0.023529192868997 0.25 15
0.045229316994231 -0.023529192868997 0.28125 15
0.045229316994231 -0.023529192868997 0.3125 15
0.045229316994231 -0.023529192868997 0.34375 15
0.045229316994231 -0.023529192868997 0.375 15
0.045229316994231 -0.023529192868997 0.40625 15
0.045229316994231 -0.023529192868997 0.4375 15
0.045229316994231 -0.023529192868997 0.46875 15
0.058953072946402 -0.032522600965223 0.03125 15
0.058953072946402 -0.032522600965223 0.0625 15
0.058953072946402 -0.032522600965223 0.09375 15
0.058953072946402 -0.032522600965223 0.125 15
0.058953072946402 -0.032522600965223 0.15625 15
0.058953072946402 -0.032522600965223 0.1875 15
0.058953072946402 -0.032522600965223 0.21875 15
0.058953072946402 -0.032522600965223 0.25 15
0.058953072946402 -0.032522600965223 0.28125 15
0.058953072946402 -0.032522600965223 0.3125 15
0.058953072946402 -0.032522600965223 0.34375 15
0.058953072946402 -0.032522600965223 0.375 15
0.058953072946402 -0.032522600965223 0.40625 15
0.058953072946402 -0.032522600965223 0.4375 15
0.058953072946402 -0.032522600965223 0.46875 15
0.059879714954901 -0.016140775791323 0.03125 15
0.059879714954901 -0.016140775791323 0.0625 15
0.059879714954901 -0.016140775791323 0.09375 15
0.059879714954901 -0.016140775791323 0.125 15
0.059879714954901 -0.016140775791323 0.15625 15
0.059879714954901 -0.016140775791323 0.1875 15
0.059879714954901 -0.016140775791323 0.21875 15
0.059879714954901 -0.016140775791323 0.25 15
0.059879714954901 -0.016140775791323 0.28125 15
0.059879714954901 -0.016140775791323 0.3125 15
0.059879714954901 -0.016140775791323 0.34375 15
0.059879714954901 -0.016140775791323 0.375 15
0.059879714954901 -0.016140775791323 0.40625 15
0.059879714954901 -0.016140775791323 0.4375 15
0.059879714954901 -0.016140775791323 0.46875 15
-0.04081978598033 -0.035096045117526 0.03125 15
-0.04081978598033 -0.035096045117526 0.0625 15
-0.04081978598033 -0.035096045117526 0.09375 15
-0.04081978598033 -0.035096045117526 0.125 15
-0.04081978598033 -0.035096045117526 0.15625 15
-0.04081978598033 -0.035096045117526 0.1875 15
-0.04081978598033 -0.035096045117526 0.21875 15
-0.04081978598033 -0.035096045117526 0.25 15
-0.04081978598033 -0.035096045117526 0.28125 15
-0.04081978598033 -0.035096045117526 0.3125 15
-0.04081978598033 -0.035096045117526 0.34375 15
-0.04081978598033 -0.035096045117526 0.375 15
-0.04081978598033 -0.035096045117526 0.40625 15
-0.04081978598033 -0.035096045117526 0.4375 15
-0.04081978598033 -0.035096045117526 0.46875 15
0.046155959172035 -0.0071473677168315 0.03125 15
0.046155959172035 -0.0071473677168315 0.0625 15
0.046155959172035 -0.0071473677168315 0.09375 15
0.046155959172035 -0.0071473677168315 0.125 15
0.046155959172035 -0.0071473677168315 0.15625 15
0.046155959172035 -0.0071473677168315 0.1875 15
0.046155959172035 -0.0071473677168315 0.21875 15
0.046155959172035 -0.0071473677168315 0.25 15
0.046155959172035 -0.0071473677168315 0.28125 15
0.046155959172035 -0.0071473677168315 0.3125 15
0.046155959172035 -0.0071473677168315 0.34375 15
0.046155959172035 -0.0071473677168315 0.375 15
0.046155959172035 -0.0071473677168315 0.40625 15
0.046155959172035 -0.0071473677168315 0.4375 15
0.046155959172035 -0.0071473677168315 0.46875 15
0.060806356982145 0.00024104938305884 0.03125 15
0.060806356982145 0.00024104938305884 0.0625 15
0.060806356982145 0.00024104938305884 0.09375 15
0.060806356982145 0.00024104938305884 0.125 15
0.060806356982145 0.00024104938305884 0.15625 15
0.060806356982145 0.00024104938305884 0.1875 15
0.060806356982145 0.00024104938305884 0.21875 15
0.060806356982145 0.00024104938305884 0.25 15
0.060806356982145 0.00024104938305884 0.28125 15
0.060806356982145 0.00024104938305884 0.3125 15
0.060806356982145 0.00024104938305884 0.34375 15
0.060806356982145 0.00024104938305884 0.375 15
0.060806356982145 0.00024104938305884 0.40625 15
0.060806356982145 0.00024104938305884 0.4375 15
0.060806356982145 0.00024104938305884 0.46875 15
0.047082601189615 0.0092344574586712 0.03125 15
0.047082601189615 0.0092344574586712 0.0625 15
0.047082601189615 0.0092344574586712 0.09375 15
0.047082601189615 0.0092344574586712 0.125 15
0.047082601189615 0.0092344574586712 0.15625 15
0.047082601189615 0.0092344574586712 0.1875 15
0.047082601189615 0.0092344574586712 0.21875 15
0.047082601189615 0.0092344574586712 0.25 15
0.047082601189615 0.0092344574586712 0.28125 15
0.047082601189615 0.0092344574586712 0.3125 15
0.047082601189615 0.0092344574586712 0.34375 15
0.047082601189615 0.0092344574586712 0.375 15
0.047082601189615 0.0092344574586712 0.40625 15
0.047082601189615 0.0092344574586712 0.4375 15
0.047082601189615 0.0092344574586712 0.46875 15
0.061732998946782 0.016622874573783 0.03125 15
0.061732998946782 0.016622874573783 0.0625 15
0.061732998946782 0.016622874573783 0.09375 15
0.061732998946782 0.016622874573783 0.125 15
0.061732998946782 0.016622874573783 0.15625 15
0.061732998946782 0.016622874573783 0.1875 15
0.061732998946782 0.016622874573783 0.21875 15
0.061732998946782 0.016622874573783 0.25 15
0.061732998946782 0.016622874573783 0.28125 15
0.061732998946782 0.016622874573783 0.3125 15
0.061732998946782 0.016622874573783 0.34375 15
0.061732998946782 0.016622874573783 0.375 15
0.061732998946782 0.016622874573783 0.40625 15
0.061732998946782 0.016622874573783 0.4375 15
0.061732998946782 0.016622874573783 0.46875 15
0.048009243154314 0.025616282652205 0.03125 15
0.048009243154314 0.025616282652205 0.0625 15
0.048009243154314 0.025616282652205 0.09375 15
0.048009243154314 0.025616282652205 0.125 15
0.048009243154314 0.025616282652205 0.15625 15
0.048009243154314 0.025616282652205 0.1875 15
0.048009243154314 0.025616282652205 0.21875 15
0.048009243154314 0.025616282652205 0.25 15
0.048009243154314 0.025616282652205 0.28125 15
0.048009243154314 0.025616282652205 0.3125 15
0.048009243154314 0.025616282652205 0.34375 15
0.048009243154314 0.025616282652205 0.375 15
0.048009243154314 0.025616282652205 0.40625 15
0.048009243154314 0.025616282652205 0.4375 15
0.048009243154314 0.025616282652205 0.46875 15
-0.055470183158475 -0.042484462335271 0.03125 15
-0.055470183158475 -0.042484462335271 0.0625 15
-0.055470183158475 -0.042484462335271 0.09375 15
-0.055470183158475 -0.042484462335271 0.125 15
-0.055470183158475 -0.042484462335271 0.15625 15
-0.055470183158475 -0.042484462335271 0.1875 15
-0.055470183158475 -0.042484462335271 0.21875 15
-0.055470183158475 -0.042484462335271 0.25 15
-0.055470183158475 -0.042484462335271 0.28125 15
-0.055470183158475 -0.042484462335271 0.3125 15
-0.055470183158475 -0.042484462335271 0.34375 15
-0.055470183158475 -0.042484462335271 0.375 15
-0.055470183158475 -0.042484462335271 0.40625 15
-0.055470183158475 -0.042484462335271 0.4375 15
-0.055470183158475 -0.042484462335271 0.46875 15
-0.054543541243941 -0.026102637137943 0.03125 15
-0.054543541243941 -0.026102637137943 0.0625 15
-0.054543541243941 -0.026102637137943 0.09375 15
-0.054543541243941 -0.026102637137943 0.125 15
-0.054543541243941 -0.026102637137943 0.15625 15
-0.054543541243941 -0.026102637137943 0.1875 15
-0.054543541243941 -0.026102637137943 0.21875 15
-0.054543541243941 -0.026102637137943 0.25 15
-0.054543541243941 -0.026102637137943 0.28125 15
-0.054543541243941 -0.026102637137943 0.3125 15
-0.054543541243941 -0.026102637137943 0.34375 15
-0.054543541243941 -0.026102637137943 0.375 15
-0.054543541243941 -0.026102637137943 0.40625 15
-0.054543541243941 -0.026102637137943 0.4375 15
-0.054543541243941 -0.026102637137943 0.46875 15
0.043376033105908 -0.056292843243383 0.03125 15
0.043376033105908 -0.056292843243383 0.0625 15
0.043376033105908 -0.056292843243383 0.09375 15
0.043376033105908 -0.056292843243383 0.125 15
0.043376033105908 -0.056292843243383 0.15625 15
0.043376033105908 -0.056292843243383 0.1875 15
0.043376033105908 -0.056292843243383 0.21875 15
0.043376033105908 -0.056292843243383 0.25 15
0.043376033105908 -0.056292843243383 0.28125 15
0.043376033105908 -0.056292843243383 0.3125 15
0.043376033105908 -0.056292843243383 0.34375 15
0.043376033105908 -0.056292843243383 0.375 15
0.043376033105908 -0.056292843243383 0.40625 15
0.043376033105908 -0.056292843243383 0.4375 15
0.043376033105908 -0.056292843243383 0.46875 15
-0.014523904456044 -0.06901856074993 0.03125 15
-0.014523904456044 -0.06901856074993 0.0625 15
-0.014523904456044 -0.06901856074993 0.09375 15
-0.014523904456044 -0.06901856074993 0.125 15
-0.014523904456044 -0.06901856074993 0.15625 15
-0.014523904456044 -0.06901856074993 0.1875 15
-0.014523904456044 -0.06901856074993 0.21875 15
-0.014523904456044 -0.06901856074993 0.25 15
-0.014523904456044 -0.06901856074993 0.28125 15
-0.014523904456044 -0.06901856074993 0.3125 15
-0.014523904456044 -0.06901856074993 0.34375 15
-0.014523904456044 -0.06901856074993 0.375 15
-0.014523904456044 -0.06901856074993 0.40625 15
-0.014523904456044 -0.06901856074993 0.4375 15
-0.014523904456044 -0.06901856074993 0.46875 15
0.062505281796229 0.032769150929337 0.03125 15
0.062505281796229 0.032769150929337 0.0625 15
0.062505281796229 0.032769150929337 0.09375 15
0.062505281796229 0.032769150929337 0.125 15
0.062505281796229 0.032769150929337 0.15625 15
0.062505281796229 0.032769150929337 0.1875 15
0.062505281796229 0.032769150929337 0.21875 15
0.062505281796229 0.032769150929337 0.25 15
0.062505281796229 0.032769150929337 0.28125 15
0.062505281796229 0.032769150929337 0.3125 15
0.062505281796229 0.032769150929337 0.34375 15
0.062505281796229 0.032769150929337 0.375 15
0.062505281796229 0.032769150929337 0.40625 15
0.062505281796229 0.032769150929337 0.4375 15
0.062505281796229 0.032769150929337 0.46875 15
0.048910158597457 0.041958849700593 0.03125 15
0.048910158597457 0.041958849700593 0.0625 15
0.048910158597457 0.041958849700593 0.09375 15
0.048910158597457 0.041958849700593 0.125 15
0.048910158597457 0.041958849700593 0.15625 15
0.048910158597457 0.041958849700593 0.1875 15
0.048910158597457 0.041958849700593 0.21875 15
0.048910158597457 0.041958849700593 0.25 15
0.048910158597457 0.041958849700593 0.28125 15
0.048910158597457 0.041958849700593 0.3125 15
0.048910158597457 0.041958849700593 0.34375 15
0.048910158597457 0.041958849700593 0.375 15
0.048910158597457 0.041958849700593 0.40625 15
0.048910158597457 0.041958849700593 0.4375 15
0.048910158597457 0.041958849700593 0.46875 15
0.034281199615144 0.034603147709773 0.03125 15
0.034281199615144 0.034603147709773 0.0625 15
0.034281199615144 0.034603147709773 0.09375 15
0.034281199615144 0.034603147709773 0.125 15
0.034281199615144 0.034603147709773 0.15625 15
0.034281199615144 0.034603147709773 0.1875 15
0.034281199615144 0.034603147709773 0.21875 15
0.034281199615144 0.034603147709773 0.25 15
0.034281199615144 0.034603147709773 0.28125 15
0.034281199615144 0.034603147709773 0.3125 15
0.034281199615144 0.034603147709773 0.34375 15
0.034281199615144 0.034603147709773 0.375 15
0.034281199615144 0.034603147709773 0.40625 15
0.034281199615144 0.034603147709773 0.4375 15
0.034281199615144 0.034603147709773 0.46875 15
0.035207126947843 0.050983882384357 0.03125 15
0.035207126947843 0.050983882384357 0.0625 15
0.035207126947843 0.050983882384357 0.09375 15
0.035207126947843 0.050983882384357 0.125 15
0.035207126947843 0.050983882384357 0.15625 15
0.035207126947843 0.050983882384357 0.1875 15
0.035207126947843 0.050983882384357 0.21875 15
0.035207126947843 0.050983882384357 0.25 15
0.035207126947843 0.050983882384357 0.28125 15
0.035207126947843 0.050983882384357 0.3125 15
0.035207126947843 0.050983882384357 0.34375 15
0.035207126947843 0.050983882384357 0.375 15
0.035207126947843 0.050983882384357 0.40625 15
0.035207126947843 0.050983882384357 0.4375 15
0.035207126947843 0.050983882384357 0.46875 15
0.075981752594217 0.024061673575222 0.03125 15
0.075981752594217 0.024061673575222 0.0625 15
0.075981752594217 0.024061673575222 0.09375 15
0.075981752594217 0.024061673575222 0.125 15
0.075981752594217 0.024061673575222 0.15625 15
0.075981752594217 0.024061673575222 0.1875 15
0.075981752594217 0.024061673575222 0.21875 15
0.075981752594217 0.024061673575222 0.25 15
0.075981752594217 0.024061673575222 0.28125 15
0.075981752594217 0.024061673575222 0.3125 15
0.075981752594217 0.024061673575222 0.34375 15
0.075981752594217 0.024061673575222 0.375 15
0.075981752594217 0.024061673575222 0.40625 15
0.075981752594217 0.024061673575222 0.4375 15
0.075981752594217 0.024061673575222 0.46875 15
0.063011960888015 0.049017076154157 0.03125 15
0.063011960888015 0.049017076154157 0.0625 15
0.063011960888015 0.049017076154157 0.09375 15
0.063011960888015 0.049017076154157 0.125 15
0.063011960888015 0.049017076154157 0.15625 15
0.063011960888015 0.049017076154157 0.1875 15
0.063011960888015 0.049017076154157 0.21875 15
0.063011960888015 0.049017076154157 0.25 15
0.063011960888015 0.049017076154157 0.28125 15
0.063011960888015 0.049017076154157 0.3125 15
0.063011960888015 0.049017076154157 0.34375 15
0.063011960888015 0.049017076154157 0.375 15
0.063011960888015 0.049017076154157 0.40625 15
0.063011960888015 0.049017076154157 0.4375 15
0.063011960888015 0.049017076154157 0.46875 15
0.020560182413743 0.043600739291389 0.03125 15
0.020560182413743 0.043600739291389 0.0625 15
0.020560182413743 0.043600739291389 0.09375 15
0.020560182413743 0.043600739291389 0.125 15
0.020560182413743 0.043600739291389 0.15625 15
0.020560182413743 0.043600739291389 0.1875 15
0.020560182413743 0.043600739291389 0.21875 15
0.020560182413743 0.043600739291389 0.25 15
0.020560182413743 0.043600739291389 0.28125 15
0.020560182413743 0.043600739291389 0.3125 15
0.020560182413743 0.043600739291389 0.34375 15
0.020560182413743 0.043600739291389 0.375 15
0.020560182413743 0.043600739291389 0.40625 15
0.020560182413743 0.043600739291389 0.4375 15
0.020560182413743 0.043600739291389 0.46875 15
0.021487282293768 0.059983259500196 0.03125 15
0.021487282293768 0.059983259500196 0.0625 15
0.021487282293768 0.059983259500196 0.09375 15
0.021487282293768 0.059983259500196 0.125 15
0.021487282293768 0.059983259500196 0.15625 15
0.021487282293768 0.059983259500196 0.1875 15
0.021487282293768 0.059983259500196 0.21875 15
0.021487282293768 0.059983259500196 0.25 15
0.021487282293768 0.059983259500196 0.28125 15
0.021487282293768 0.059983259500196 0.3125 15
0.021487282293768 0.059983259500196 0.34375 15
0.021487282293768 0.059983259500196 0.375 15
0.021487282293768 0.059983259500196 0.40625 15
0.021487282293768 0.059983259500196 0.4375 15
0.021487282293768 0.059983259500196 0.46875 15
0.035858131094081 0.066945090050236 0.03125 15
0.035858131094081 0.066945090050236 0.0625 15
0.035858131094081 0.066945090050236 0.09375 15
0.035858131094081 0.066945090050236 0.125 15
0.035858131094081 0.066945090050236 0.15625 15
0.035858131094081 0.066945090050236 0.1875 15
0.035858131094081 0.066945090050236 0.21875 15
0.035858131094081 0.066945090050236 0.25 15
0.035858131094081 0.066945090050236 0.28125 15
0.035858131094081 0.066945090050236 0.3125 15
0.035858131094081 0.066945090050236 0.34375 15
0.035858131094081 0.066945090050236 0.375 15
0.035858131094081 0.066945090050236 0.40625 15
0.035858131094081 0.066945090050236 0.4375 15
0.035858131094081 0.066945090050236 0.46875 15
0.073744068960895 -0.0087078959279608 0.03125 15
0.073744068960895 -0.0087078959279608 0.0625 15
0.073744068960895 -0.0087078959279608 0.09375 15
0.073744068960895 -0.0087078959279608 0.125 15
0.073744068960895 -0.0087078959279608 0.15625 15
0.073744068960895 -0.0087078959279608 0.1875 15
0.073744068960895 -0.0087078959279608 0.21875 15
0.073744068960895 -0.0087078959279608 0.25 15
0.073744068960895 -0.0087078959279608 0.28125 15
0.073744068960895 -0.0087078959279608 0.3125 15
0.073744068960895 -0.0087078959279608 0.34375 15
0.073744068960895 -0.0087078959279608 0.375 15
0.073744068960895 -0.0087078959279608 0.40625 15
0.073744068960895 -0.0087078959279608 0.4375 15
0.073744068960895 -0.0087078959279608 0.46875 15
-0.068797075234495 -0.032885448469137 0.03125 15
-0.068797075234495 -0.032885448469137 0.0625 15
-0.068797075234495 -0.032885448469137 0.09375 15
-0.068797075234495 -0.032885448469137 0.125 15
-0.068797075234495 -0.032885448469137 0.15625 15
-0.068797075234495 -0.032885448469137 0.1875 15
-0.068797075234495 -0.032885448469137 0.21875 15
-0.068797075234495 -0.032885448469137 0.25 15
-0.068797075234495 -0.032885448469137 0.28125 15
-0.068797075234495 -0.032885448469137 0.3125 15
-0.068797075234495 -0.032885448469137 0.34375 15
-0.068797075234495 -0.032885448469137 0.375 15
-0.068797075234495 -0.032885448469137 0.40625 15
-0.068797075234495 -0.032885448469137 0.4375 15
-0.068797075234495 -0.032885448469137 0.46875 15
-0.068201152994323 -0.017008294783813 0.03125 15
-0.068201152994323 -0.017008294783813 0.0625 15
-0.068201152994323 -0.017008294783813 0.09375 15
-0.068201152994323 -0.017008294783813 0.125 15
-0.068201152994323 -0.017008294783813 0.15625 15
-0.068201152994323 -0.017008294783813 0.1875 15
-0.068201152994323 -0.017008294783813 0.21875 15
-0.068201152994323 -0.017008294783813 0.25 15
-0.068201152994323 -0.017008294783813 0.28125 15
-0.068201152994323 -0.017008294783813 0.3125 15
-0.068201152994323 -0.017008294783813 0.34375 15
-0.068201152994323 -0.017008294783813 0.375 15
-0.068201152994323 -0.017008294783813 0.40625 15
-0.068201152994323 -0.017008294783813 0.4375 15
-0.068201152994323 -0.017008294783813 0.46875 15
-0.053605875199111 -0.0097039895836852 0.03125 15
-0.053605875199111 -0.0097039895836852 0.0625 15
-0.053605875199111 -0.0097039895836852 0.09375 15
-0.053605875199111 -0.0097039895836852 0.125 15
-0.053605875199111 -0.0097039895836852 0.15625 15
-0.053605875199111 -0.0097039895836852 0.1875 15
-0.053605875199111 -0.0097039895836852 0.21875 15
-0.053605875199111 -0.0097039895836852 0.25 15
-0.053605875199111 -0.0097039895836852 0.28125 15
-0.053605875199111 -0.0097039895836852 0.3125 15
-0.053605875199111 -0.0097039895836852 0.34375 15
-0.053605875199111 -0.0097039895836852 0.375 15
-0.053605875199111 -0.0097039895836852 0.40625 15
-0.053605875199111 -0.0097039895836852 0.4375 15
-0.053605875199111 -0.0097039895836852 0.46875 15
-0.067327793637471 -0.00070777778774711 0.03125 15
-0.067327793637471 -0.00070777778774711 0.0625 15
-0.067327793637471 -0.00070777778774711 0.09375 15
-0.067327793637471 -0.00070777778774711 0.125 15
-0.067327793637471 -0.00070777778774711 0.15625 15
-0.067327793637471 -0.00070777778774711 0.1875 15
-0.067327793637471 -0.00070777778774711 0.21875 15
-0.067327793637471 -0.00070777778774711 0.25 15
-0.067327793637471 -0.00070777778774711 0.28125 15
-0.067327793637471 -0.00070777778774711 0.3125 15
-0.067327793637471 -0.00070777778774711 0.34375 15
-0.067327793637471 -0.00070777778774711 0.375 15
-0.067327793637471 -0.00070777778774711 0.40625 15
-0.067327793637471 -0.00070777778774711 0.4375 15
-0.067327793637471 -0.00070777778774711 0.46875 15
-0.052689220950772 0.0066625945185289 0.03125 15
-0.052689220950772 0.0066625945185289 0.0625 15
-0.052689220950772 0.0066625945185289 0.09375 15
-0.052689220950772 0.0066625945185289 0.125 15
-0.052689220950772 0.0066625945185289 0.15625 15
-0.052689220950772 0.0066625945185289 0.1875 15
-0.052689220950772 0.0066625945185289 0.21875 15
-0.052689220950772 0.0066625945185289 0.25 15
-0.052689220950772 0.0066625945185289 0.28125 15
-0.052689220950772 0.0066625945185289 0.3125 15
-0.052689220950772 0.0066625945185289 0.34375 15
-0.052689220950772 0.0066625945185289 0.375 15
-0.052689220950772 0.0066625945185289 0.40625 15
-0.052689220950772 0.0066625945185289 0.4375 15
-0.052689220950772 0.0066625945185289 0.46875 15
-0.066675992250045 0.015938345244907 0.03125 15
-0.066675992250045 0.015938345244907 0.0625 15
-0.066675992250045 0.015938345244907 0.09375 15
-0.066675992250045 0.015938345244907 0.125 15
-0.066675992250045 0.015938345244907 0.15625 15
-0.066675992250045 0.015938345244907 0.1875 15
-0.066675992250045 0.015938345244907 0.21875 15
-0.066675992250045 0.015938345244907 0.25 15
-0.066675992250045 0.015938345244907 0.28125 15
-0.066675992250045 0.015938345244907 0.3125 15
-0.066675992250045 0.015938345244907 0.34375 15
-0.066675992250045 0.015938345244907 0.375 15
-0.066675992250045 0.015938345244907 0.40625 15
-0.066675992250045 0.015938345244907 0.4375 15
-0.066675992250045 0.015938345244907 0.46875 15
-0.051820513268711 0.023117078590831 0.03125 15
-0.051820513268711 0.023117078590831 0.0625 15
-0.051820513268711 0.023117078590831 0.09375 15
-0.051820513268711 0.023117078590831 0.125 15
-0.051820513268711 0.023117078590831 0.15625 15
-0.051820513268711 0.023117078590831 0.1875 15
-0.051820513268711 0.023117078590831 0.21875 15
-0.051820513268711 0.023117078590831 0.25 15
-0.051820513268711 0.023117078590831 0.28125 15
-0.051820513268711 0.023117078590831 0.3125 15
-0.051820513268711 0.023117078590831 0.34375 15
-0.051820513268711 0.023117078590831 0.375 15
-0.051820513268711 0.023117078590831 0.40625 15
-0.051820513268711 0.023117078590831 0.4375 15
-0.051820513268711 0.023117078590831 0.46875 15
-0.066511888320358 0.033045600525485 0.03125 15
-0.066511888320358 0.033045600525485 0.0625 15
-0.066511888320358 0.033045600525485 0.09375 15
-0.066511888320358 0.033045600525485 0.125 15
-0.066511888320358 0.033045600525485 0.15625 15
-0.066511888320358 0.033045600525485 0.1875 15
-0.066511888320358 0.033045600525485 0.21875 15
-0.066511888320358 0.033045600525485 0.25 15
-0.066511888320358 0.033045600525485 0.28125 15
-0.066511888320358 0.033045600525485 0.3125 15
-0.066511888320358 0.033045600525485 0.34375 15
-0.066511888320358 0.033045600525485 0.375 15
-0.066511888320358 0.033045600525485 0.40625 15
-0.066511888320358 0.033045600525485 0.4375 15
-0.066511888320358 0.033045600525485 0.46875 15
-0.082917694669769 -0.024497646208886 0.03125 15
-0.082917694669769 -0.024497646208886 0.0625 15
-0.082917694669769 -0.024497646208886 0.09375 15
-0.082917694669769 -0.024497646208886 0.125 15
-0.082917694669769 -0.024497646208886 0.15625 15
-0.082917694669769 -0.024497646208886 0.1875 15
-0.082917694669769 -0.024497646208886 0.21875 15
-0.082917694669769 -0.024497646208886 0.25 15
-0.082917694669769 -0.024497646208886 0.28125 15
-0.082917694669769 -0.024497646208886 0.3125 15
-0.082917694669769 -0.024497646208886 0.34375 15
-0.082917694669769 -0.024497646208886 0.375 15
-0.082917694669769 -0.024497646208886 0.40625 15
-0.082917694669769 -0.024497646208886 0.4375 15
-0.082917694669769 -0.024497646208886 0.46875 15
-0.028806472418035 -0.079712562978212 0.03125 15
-0.028806472418035 -0.079712562978212 0.0625 15
-0.028806472418035 -0.079712562978212 0.09375 15
-0.028806472418035 -0.079712562978212 0.125 15
-0.028806472418035 -0.079712562978212 0.15625 15
-0.028806472418035 -0.079712562978212 0.1875 15
-0.028806472418035 -0.079712562978212 0.21875 15
-0.028806472418035 -0.079712562978212 0.25 15
-0.028806472418035 -0.079712562978212 0.28125 15
-0.028806472418035 -0.079712562978212 0.3125 15
-0.028806472418035 -0.079712562978212 0.34375 15
-0.028806472418035 -0.079712562978212 0.375 15
-0.028806472418035 -0.079712562978212 0.40625 15
-0.028806472418035 -0.079712562978212 0.4375 15
-0.028806472418035 -0.079712562978212 0.46875 15
-0.055867121549737 -0.058057970689714 0.03125 15
-0.055867121549737 -0.058057970689714 0.0625 15
-0.055867121549737 -0.058057970689714 0.09375 15
-0.055867121549737 -0.058057970689714 0.125 15
-0.055867121549737 -0.058057970689714 0.15625 15
-0.055867121549737 -0.058057970689714 0.1875 15
-0.055867121549737 -0.058057970689714 0.21875 15
-0.055867121549737 -0.058057970689714 0.25 15
-0.055867121549737 -0.058057970689714 0.28125 15
-0.055867121549737 -0.058057970689714 0.3125 15
-0.055867121549737 -0.058057970689714 0.34375 15
-0.055867121549737 -0.058057970689714 0.375 15
-0.055867121549737 -0.058057970689714 0.40625 15
-0.055867121549737 -0.058057970689714 0.4375 15
-0.055867121549737 -0.058057970689714 0.46875 15
-0.0812539874465 0.0087813009652132 0.03125 15
-0.0812539874465 0.0087813009652132 0.0625 15
-0.0812539874465 0.0087813009652132 0.09375 15
-0.0812539874465 0.0087813009652132 0.125 15
-0.0812539874465 0.0087813009652132 0.15625 15
-0.0812539874465 0.0087813009652132 0.1875 15
-0.0812539874465 0.0087813009652132 0.21875 15
-0.0812539874465 0.0087813009652132 0.25 15
-0.0812539874465 0.0087813009652132 0.28125 15
-0.0812539874465 0.0087813009652132 0.3125 15
-0.0812539874465 0.0087813009652132 0.34375 15
-0.0812539874465 0.0087813009652132 0.375 15
-0.0812539874465 0.0087813009652132 0.40625 15
-0.0812539874465 0.0087813009652132 0.4375 15
-0.0812539874465 0.0087813009652132 0.46875 15
0.02281074659894 0.075417299501767 0.03125 15
0.02281074659894 0.075417299501767 0.0625 15
0.02281074659894 0.075417299501767 0.09375 15
0.02281074659894 0.075417299501767 0.125 15
0.02281074659894 0.075417299501767 0.15625 15
0.02281074659894 0.075417299501767 0.1875 15
0.02281074659894 0.075417299501767 0.21875 15
0.02281074659894 0.075417299501767 0.25 15
0.02281074659894 0.075417299501767 0.28125 15
0.02281074659894 0.075417299501767 0.3125 15
0.02281074659894 0.075417299501767 0.34375 15
0.02281074659894 0.075417299501767 0.375 15
0.02281074659894 0.075417299501767 0.40625 15
0.02281074659894 0.075417299501767 0.4375 15
0.02281074659894 0.075417299501767 0.46875 15
0.0078275330082179 0.068823254247059 0.03125 15
0.0078275330082179 0.068823254247059 0.0625 15
0.0078275330082179 0.068823254247059 0.09375 15
0.0078275330082179 0.068823254247059 0.125 15
0.0078275330082179 0.068823254247059 0.15625 15
0.0078275330082179 0.068823254247059 0.1875 15
0.0078275330082179 0.068823254247059 0.21875 15
0.0078275330082179 0.068823254247059 0.25 15
0.0078275330082179 0.068823254247059 0.28125 15
0.0078275330082179 0.068823254247059 0.3125 15
0.0078275330082179 0.068823254247059 0.34375 15
0.0078275330082179 0.068823254247059 0.375 15
0.0078275330082179 0.068823254247059 0.40625 15
0.0078275330082179 0.068823254247059 0.4375 15
0.0078275330082179 0.068823254247059 0.46875 15
0.036724910897538 0.082256024617645 0.03125 15
0.036724910897538 0.082256024617645 0.0625 15
0.036724910897538 0.082256024617645 0.09375 15
0.036724910897538 0.082256024617645 0.125 15
0.036724910897538 0.082256024617645 0.15625 15
0.036724910897538 0.082256024617645 0.1875 15
0.036724910897538 0.082256024617645 0.21875 15
0.036724910897538 0.082256024617645 0.25 15
0.036724910897538 0.082256024617645 0.28125 15
0.036724910897538 0.082256024617645 0.3125 15
0.036724910897538 0.082256024617645 0.34375 15
0.036724910897538 0.082256024617645 0.375 15
0.036724910897538 0.082256024617645 0.40625 15
0.036724910897538 0.082256024617645 0.4375 15
0.036724910897538 0.082256024617645 0.46875 15
0.0095153439720148 0.08553155370347 0.03125 15
0.0095153439720148 0.08553155370347 0.0625 15
0.0095153439720148 0.08553155370347 0.09375 15
0.0095153439720148 0.08553155370347 0.125 15
0.0095153439720148 0.08553155370347 0.15625 15
0.0095153439720148 0.08553155370347 0.1875 15
0.0095153439720148 0.08553155370347 0.21875 15
0.0095153439720148 0.08553155370347 0.25 15
0.0095153439720148 0.08553155370347 0.28125 15
0.0095153439720148 0.08553155370347 0.3125 15
0.0095153439720148 0.08553155370347 0.34375 15
0.0095153439720148 0.08553155370347 0.375 15
0.0095153439720148 0.08553155370347 0.40625 15
0.0095153439720148 0.08553155370347 0.4375 15
0.0095153439720148 0.08553155370347 0.46875 15
-0.018334058118417 0.087781175986142 0.03125 15
-0.018334058118417 0.087781175986142 0.0625 15
-0.018334058118417 0.087781175986142 0.09375 15
-0.018334058118417 0.087781175986142 0.125 15
-0.018334058118417 0.087781175986142 0.15625 15
-0.018334058118417 0.087781175986142 0.1875 15
-0.018334058118417 0.087781175986142 0.21875 15
-0.018334058118417 0.087781175986142 0.25 15
-0.018334058118417 0.087781175986142 0.28125 15
-0.018334058118417 0.087781175986142 0.3125 15
-0.018334058118417 0.087781175986142 0.34375 15
-0.018334058118417 0.087781175986142 0.375 15
-0.018334058118417 0.087781175986142 0.40625 15
-0.018334058118417 0.087781175986142 0.4375 15
-0.018334058118417 0.087781175986142 0.46875 15
-0.063825180895279 0.065501917626745 0.03125 15
-0.063825180895279 0.065501917626745 0.0625 15
-0.063825180895279 0.065501917626745 0.09375 15
-0.063825180895279 0.065501917626745 0.125 15
-0.063825180895279 0.065501917626745 0.15625 15
-0.063825180895279 0.065501917626745 0.1875 15
-0.063825180895279 0.065501917626745 0.21875 15
-0.063825180895279 0.065501917626745 0.25 15
-0.063825180895279 0.065501917626745 0.28125 15
-0.063825180895279 0.065501917626745 0.3125 15
-0.063825180895279 0.065501917626745 0.34375 15
-0.063825180895279 0.065501917626745 0.375 15
-0.063825180895279 0.065501917626745 0.40625 15
-0.063825180895279 0.065501917626745 0.4375 15
-0.063825180895279 0.065501917626745 0.46875 15
-0.051027177833652 0.055993136108949 0.03125 15
-0.051027177833652 0.055993136108949 0.0625 15
-0.051027177833652 0.055993136108949 0.09375 15
-0.051027177833652 0.055993136108949 0.125 15
-0.051027177833652 0.055993136108949 0.15625 15
-0.051027177833652 0.055993136108949 0.1875 15
-0.051027177833652 0.055993136108949 0.21875 15
-0.051027177833652 0.055993136108949 0.25 15
-0.051027177833652 0.055993136108949 0.28125 15
-0.051027177833652 0.055993136108949 0.3125 15
-0.051027177833652 0.055993136108949 0.34375 15
-0.051027177833652 0.055993136108949 0.375 15
-0.051027177833652 0.055993136108949 0.40625 15
-0.051027177833652 0.055993136108949 0.4375 15
-0.051027177833652 0.055993136108949 0.46875 15
-0.066199645124404 0.049763826434052 0.03125 15
-0.066199645124404 0.049763826434052 0.0625 15
-0.066199645124404 0.049763826434052 0.09375 15
-0.066199645124404 0.049763826434052 0.125 15
-0.066199645124404 0.049763826434052 0.15625 15
-0.066199645124404 0.049763826434052 0.1875 15
-0.066199645124404 0.049763826434052 0.21875 15
-0.066199645124404 0.049763826434052 0.25 15
-0.066199645124404 0.049763826434052 0.28125 15
-0.066199645124404 0.049763826434052 0.3125 15
-0.066199645124404 0.049763826434052 0.34375 15
-0.066199645124404 0.049763826434052 0.375 15
-0.066199645124404 0.049763826434052 0.40625 15
-0.066199645124404 0.049763826434052 0.4375 15
-0.066199645124404 0.049763826434052 0.46875 15
-0.080542154601644 0.04259997793402 0.03125 15
-0.080542154601644 0.04259997793402 0.0625 15
-0.080542154601644 0.04259997793402 0.09375 15
-0.080542154601644 0.04259997793402 0.125 15
-0.080542154601644 0.04259997793402 0.15625 15
-0.080542154601644 0.04259997793402 0.1875 15
-0.080542154601644 0.04259997793402 0.21875 15
-0.080542154601644 0.04259997793402 0.25 15
-0.080542154601644 0.04259997793402 0.28125 15
-0.080542154601644 0.04259997793402 0.3125 15
-0.080542154601644 0.04259997793402 0.34375 15
-0.080542154601644 0.04259997793402 0.375 15
-0.080542154601644 0.04259997793402 0.40625 15
-0.080542154601644 0.04259997793402 0.4375 15
-0.080542154601644 0.04259997793402 0.46875 15
-0.081559945651525 0.026280552319563 0.03125 15
-0.081559945651525 0.026280552319563 0.0625 15
-0.081559945651525 0.026280552319563 0.09375 15
-0.081559945651525 0.026280552319563 0.125 15
-0.081559945651525 0.026280552319563 0.15625 15
-0.081559945651525 0.026280552319563 0.1875 15
-0.081559945651525 0.026280552319563 0.21875 15
-0.081559945651525 0.026280552319563 0.25 15
-0.081559945651525 0.026280552319563 0.28125 15
-0.081559945651525 0.026280552319563 0.3125 15
-0.081559945651525 0.026280552319563 0.34375 15
-0.081559945651525 0.026280552319563 0.375 15
-0.081559945651525 0.026280552319563 0.40625 15
-0.081559945651525 0.026280552319563 0.4375 15
-0.081559945651525 0.026280552319563 0.46875 15
-0.0051769010934998 0.077269586701271 0.03125 15
-0.0051769010934998 0.077269586701271 0.0625 15
-0.0051769010934998 0.077269586701271 0.09375 15
-0.0051769010934998 0.077269586701271 0.125 15
-0.0051769010934998 0.077269586701271 0.15625 15
-0.0051769010934998 0.077269586701271 0.1875 15
-0.0051769010934998 0.077269586701271 0.21875 15
-0.0051769010934998 0.077269586701271 0.25 15
-0.0051769010934998 0.077269586701271 0.28125 15
-0.0051769010934998 0.077269586701271 0.3125 15
-0.0051769010934998 0.077269586701271 0.34375 15
-0.0051769010934998 0.077269586701271 0.375 15
-0.0051769010934998 0.077269586701271 0.40625 15
-0.0051769010934998 0.077269586701271 0.4375 15
-0.0051769010934998 0.077269586701271 0.46875 15
-0.051518164051129 0.039870571559248 0.03125 15
-0.051518164051129 0.039870571559248 0.0625 15
-0.051518164051129 0.039870571559248 0.09375 15
-0.051518164051129 0.039870571559248 0.125 15
-0.051518164051129 0.039870571559248 0.15625 15
-0.051518164051129 0.039870571559248 0.1875 15
-0.051518164051129 0.039870571559248 0.21875 15
-0.051518164051129 0.039870571559248 0.25 15
-0.051518164051129 0.039870571559248 0.28125 15
-0.051518164051129 0.039870571559248 0.3125 15
-0.051518164051129 0.039870571559248 0.34375 15
-0.051518164051129 0.039870571559248 0.375 15
-0.051518164051129 0.039870571559248 0.40625 15
-0.051518164051129 0.039870571559248 0.4375 15
-0.051518164051129 0.039870571559248 0.46875 15
-0.0067706446480666 0.061442031562978 0.03125 15
-0.0067706446480666 0.061442031562978 0.0625 15
-0.0067706446480666 0.061442031562978 0.09375 15
-0.0067706446480666 0.061442031562978 0.125 15
-0.0067706446480666 0.061442031562978 0.15625 15
-0.0067706446480666 0.061442031562978 0.1875 15
-0.0067706446480666 0.061442031562978 0.21875 15
-0.0067706446480666 0.061442031562978 0.25 15
-0.0067706446480666 0.061442031562978 0.28125 15
-0.0067706446480666 0.061442031562978 0.3125 15
-0.0067706446480666 0.061442031562978 0.34375 15
-0.0067706446480666 0.061442031562978 0.375 15
-0.0067706446480666 0.061442031562978 0.40625 15
-0.0067706446480666 0.061442031562978 0.4375 15
-0.0067706446480666 0.061442031562978 0.46875 15
-0.03711330388636 0.030431496154642 0.03125 15
-0.03711330388636 0.030431496154642 0.0625 15
-0.03711330388636 0.030431496154642 0.09375 15
-0.03711330388636 0.030431496154642 0.125 15
-0.03711330388636 0.030431496154642 0.15625 15
-0.03711330388636 0.030431496154642 0.1875 15
-0.03711330388636 0.030431496154642 0.21875 15
-0.03711330388636 0.030431496154642 0.25 15
-0.03711330388636 0.030431496154642 0.28125 15
-0.03711330388636 0.030431496154642 0.3125 15
-0.03711330388636 0.030431496154642 0.34375 15
-0.03711330388636 0.030431496154642 0.375 15
-0.03711330388636 0.030431496154642 0.40625 15
-0.03711330388636 0.030431496154642 0.4375 15
-0.03711330388636 0.030431496154642 0.46875 15
-0.038050917573854 0.014062430072467 0.03125 15
-0.038050917573854 0.014062430072467 0.0625 15
-0.038050917573854 0.014062430072467 0.09375 15
-0.038050917573854 0.014062430072467 0.125 15
-0.038050917573854 0.014062430072467 0.15625 15
-0.038050917573854 0.014062430072467 0.1875 15
-0.038050917573854 0.014062430072467 0.21875 15
-0.038050917573854 0.014062430072467 0.25 15
-0.038050917573854 0.014062430072467 0.28125 15
-0.038050917573854 0.014062430072467 0.3125 15
-0.038050917573854 0.014062430072467 0.34375 15
-0.038050917573854 0.014062430072467 0.375 15
-0.038050917573854 0.014062430072467 0.40625 15
-0.038050917573854 0.014062430072467 0.4375 15
-0.038050917573854 0.014062430072467 0.46875 15
0.0059058132024504 0.036214950388652 0.03125 15
0.0059058132024504 0.036214950388652 0.0625 15
0.0059058132024504 0.036214950388652 0.09375 15
0.0059058132024504 0.036214950388652 0.125 15
0.0059058132024504 0.036214950388652 0.15625 15
0.0059058132024504 0.036214950388652 0.1875 15
0.0059058132024504 0.036214950388652 0.21875 15
0.0059058132024504 0.036214950388652 0.25 15
0.0059058132024504 0.036214950388652 0.28125 15
0.0059058132024504 0.036214950388652 0.3125 15
0.0059058132024504 0.036214950388652 0.34375 15
0.0059058132024504 0.036214950388652 0.375 15
0.0059058132024504 0.036214950388652 0.40625 15
0.0059058132024504 0.036214950388652 0.4375 15
0.0059058132024504 0.036214950388652 0.46875 15
0.018708000782898 0.010839522588797 0.03125 15
0.018708000782898 0.010839522588797 0.0625 15
0.018708000782898 0.010839522588797 0.09375 15
0.018708000782898 0.010839522588797 0.125 15
0.018708000782898 0.010839522588797 0.15625 15
0.018708000782898 0.010839522588797 0.1875 15
0.018708000782898 0.010839522588797 0.21875 15
0.018708000782898 0.010839522588797 0.25 15
0.018708000782898 0.010839522588797 0.28125 15
0.018708000782898 0.010839522588797 0.3125 15
0.018708000782898 0.010839522588797 0.34375 15
0.018708000782898 0.010839522588797 0.375 15
0.018708000782898 0.010839522588797 0.40625 15
0.018708000782898 0.010839522588797 0.4375 15
0.018708000782898 0.010839522588797 0.46875 15
-0.085129277603856 -0.0079373963271819 0.03125 15
-0.085129277603856 -0.0079373963271819 0.0625 15
-0.085129277603856 -0.0079373963271819 0.09375 15
-0.085129277603856 -0.0079373963271819 0.125 15
-0.085129277603856 -0.0079373963271819 0.15625 15
-0.085129277603856 -0.0079373963271819 0.1875 15
-0.085129277603856 -0.0079373963271819 0.21875 15
-0.085129277603856 -0.0079373963271819 0.25 15
-0.085129277603856 -0.0079373963271819 0.28125 15
-0.085129277603856 -0.0079373963271819 0.3125 15
-0.085129277603856 -0.0079373963271819 0.34375 15
-0.085129277603856 -0.0079373963271819 0.375 15
-0.085129277603856 -0.0079373963271819 0.40625 15
-0.085129277603856 -0.0079373963271819 0.4375 15
-0.085129277603856 -0.0079373963271819 0.46875 15
0.00031398199302985 -0.062001914812751 0.03125 15
0.00031398199302985 -0.062001914812751 0.0625 15
0.00031398199302985 -0.062001914812751 0.09375 15
0.00031398199302985 -0.062001914812751 0.125 15
0.00031398199302985 -0.062001914812751 0.15625 15
0.00031398199302985 -0.062001914812751 0.1875 15
0.00031398199302985 -0.062001914812751 0.21875 15
0.00031398199302985 -0.062001914812751 0.25 15
0.00031398199302985 -0.062001914812751 0.28125 15
0.00031398199302985 -0.062001914812751 0.3125 15
0.00031398199302985 -0.062001914812751 0.34375 15
0.00031398199302985 -0.062001914812751 0.375 15
0.00031398199302985 -0.062001914812751 0.40625 15
0.00031398199302985 -0.062001914812751 0.4375 15
0.00031398199302985 -0.062001914812751 0.46875 15
0.014182262090595 -0.070884430878527 0.03125 15
0.014182262090595 -0.070884430878527 0.0625 15
0.014182262090595 -0.070884430878527 0.09375 15
0.014182262090595 -0.070884430878527 0.125 15
0.014182262090595 -0.070884430878527 0.15625 15
0.014182262090595 -0.070884430878527 0.1875 15
0.014182262090595 -0.070884430878527 0.21875 15
0.014182262090595 -0.070884430878527 0.25 15
0.014182262090595 -0.070884430878527 0.28125 15
0.014182262090595 -0.070884430878527 0.3125 15
0.014182262090595 -0.070884430878527 0.34375 15
0.014182262090595 -0.070884430878527 0.375 15
0.014182262090595 -0.070884430878527 0.40625 15
0.014182262090595 -0.070884430878527 0.4375 15
0.014182262090595 -0.070884430878527 0.46875 15
0.049368635760523 0.057710757510202 0.03125 15
0.049368635760523 0.057710757510202 0.0625 15
0.049368635760523 0.057710757510202 0.09375 15
0.049368635760523 0.057710757510202 0.125 15
0.049368635760523 0.057710757510202 0.15625 15
0.049368635760523 0.057710757510202 0.1875 15
0.049368635760523 0.057710757510202 0.21875 15
0.049368635760523 0.057710757510202 0.25 15
0.049368635760523 0.057710757510202 0.28125 15
0.049368635760523 0.057710757510202 0.3125 15
0.049368635760523 0.057710757510202 0.34375 15
0.049368635760523 0.057710757510202 0.375 15
0.049368635760523 0.057710757510202 0.40625 15
0.049368635760523 0.057710757510202 0.4375 15
0.049368635760523 0.057710757510202 0.46875 15
-0.04203127518643 -0.067393235798299 0.03125 15
-0.04203127518643 -0.067393235798299 0.0625 15
-0.04203127518643 -0.067393235798299 0.09375 15
-0.04203127518643 -0.067393235798299 0.125 15
-0.04203127518643 -0.067393235798299 0.15625 15
-0.04203127518643 -0.067393235798299 0.1875 15
-0.04203127518643 -0.067393235798299 0.21875 15
-0.04203127518643 -0.067393235798299 0.25 15
-0.04203127518643 -0.067393235798299 0.28125 15
-0.04203127518643 -0.067393235798299 0.3125 15
-0.04203127518643 -0.067393235798299 0.34375 15
-0.04203127518643 -0.067393235798299 0.375 15
-0.04203127518643 -0.067393235798299 0.40625 15
-0.04203127518643 -0.067393235798299 0.4375 15
-0.04203127518643 -0.067393235798299 0.46875 15
-0.045192371556571 -0.081686120181765 0.03125 15
-0.045192371556571 -0.081686120181765 0.0625 15
-0.045192371556571 -0.081686120181765 0.09375 15
-0.045192371556571 -0.081686120181765 0.125 15
-0.045192371556571 -0.081686120181765 0.15625 15
-0.045192371556571 -0.081686120181765 0.1875 15
-0.045192371556571 -0.081686120181765 0.21875 15
-0.045192371556571 -0.081686120181765 0.25 15
-0.045192371556571 -0.081686120181765 0.28125 15
-0.045192371556571 -0.081686120181765 0.3125 15
-0.045192371556571 -0.081686120181765 0.34375 15
-0.045192371556571 -0.081686120181765 0.375 15
-0.045192371556571 -0.081686120181765 0.40625 15
-0.045192371556571 -0.081686120181765 0.4375 15
-0.045192371556571 -0.081686120181765 0.46875 15
-0.0015696797299611 -0.077395459310714 0.03125 15
-0.0015696797299611 -0.077395459310714 0.0625 15
-0.0015696797299611 -0.077395459310714 0.09375 15
-0.0015696797299611 -0.077395459310714 0.125 15
-0.0015696797299611 -0.077395459310714 0.15625 15
-0.0015696797299611 -0.077395459310714 0.1875 15
-0.0015696797299611 -0.077395459310714 0.21875 15
-0.0015696797299611 -0.077395459310714 0.25 15
-0.0015696797299611 -0.077395459310714 0.28125 15
-0.0015696797299611 -0.077395459310714 0.3125 15
-0.0015696797299611 -0.077395459310714 0.34375 15
-0.0015696797299611 -0.077395459310714 0.375 15
-0.0015696797299611 -0.077395459310714 0.40625 15
-0.0015696797299611 -0.077395459310714 0.4375 15
-0.0015696797299611 -0.077395459310714 0.46875 15
0.016855147473364 -0.021924199203361 0.03125 15
0.016855147473364 -0.021924199203361 0.0625 15
0.016855147473364 -0.021924199203361 0.09375 15
0.016855147473364 -0.021924199203361 0.125 15
0.016855147473364 -0.021924199203361 0.15625 15
0.016855147473364 -0.021924199203361 0.1875 15
0.016855147473364 -0.021924199203361 0.21875 15
0.016855147473364 -0.021924199203361 0.25 15
0.016855147473364 -0.021924199203361 0.28125 15
0.016855147473364 -0.021924199203361 0.3125 15
0.016855147473364 -0.021924199203361 0.34375 15
0.016855147473364 -0.021924199203361 0.375 15
0.016855147473364 -0.021924199203361 0.40625 15
0.016855147473364 -0.021924199203361 0.4375 15
0.016855147473364 -0.021924199203361 0.46875 15
0.074861873094064 0.0079686370845967 0.03125 15
0.074861873094064 0.0079686370845967 0.0625 15
0.074861873094064 0.0079686370845967 0.09375 15
0.074861873094064 0.0079686370845967 0.125 15
0.074861873094064 0.0079686370845967 0.15625 15
0.074861873094064 0.0079686370845967 0.1875 15
0.074861873094064 0.0079686370845967 0.21875 15
0.074861873094064 0.0079686370845967 0.25 15
0.074861873094064 0.0079686370845967 0.28125 15
0.074861873094064 0.0079686370845967 0.3125 15
0.074861873094064 0.0079686370845967 0.34375 15
0.074861873094064 0.0079686370845967 0.375 15
0.074861873094064 0.0079686370845967 0.40625 15
0.074861873094064 0.0079686370845967 0.4375 15
0.074861873094064 0.0079686370845967 0.46875 15
0.028743472748243 -0.063650385926095 0.03125 15
0.028743472748243 -0.063650385926095 0.0625 15
0.028743472748243 -0.063650385926095 0.09375 15
0.028743472748243 -0.063650385926095 0.125 15
0.028743472748243 -0.063650385926095 0.15625 15
0.028743472748243 -0.063650385926095 0.1875 15
0.028743472748243 -0.063650385926095 0.21875 15
0.028743472748243 -0.063650385926095 0.25 15
0.028743472748243 -0.063650385926095 0.28125 15
0.028743472748243 -0.063650385926095 0.3125 15
0.028743472748243 -0.063650385926095 0.34375 15
0.028743472748243 -0.063650385926095 0.375 15
0.028743472748243 -0.063650385926095 0.40625 15
0.028743472748243 -0.063650385926095 0.4375 15
0.028743472748243 -0.063650385926095 0.46875 15
0.028635078834593 -0.079830070038691 0.03125 15
0.028635078834593 -0.079830070038691 0.0625 15
0.028635078834593 -0.079830070038691 0.09375 15
0.028635078834593 -0.079830070038691 0.125 15
0.028635078834593 -0.079830070038691 0.15625 15
0.028635078834593 -0.079830070038691 0.1875 15
0.028635078834593 -0.079830070038691 0.21875 15
0.028635078834593 -0.079830070038691 0.25 15
0.028635078834593 -0.079830070038691 0.28125 15
0.028635078834593 -0.079830070038691 0.3125 15
0.028635078834593 -0.079830070038691 0.34375 15
0.028635078834593 -0.079830070038691 0.375 15
0.028635078834593 -0.079830070038691 0.40625 15
0.028635078834593 -0.079830070038691 0.4375 15
0.028635078834593 -0.079830070038691 0.46875 15
0.04348779156703 -0.072624549533431 0.03125 15
0.04348779156703 -0.072624549533431 0.0625 15
0.04348779156703 -0.072624549533431 0.09375 15
0.04348779156703 -0.072624549533431 0.125 15
0.04348779156703 -0.072624549533431 0.15625 15
0.04348779156703 -0.072624549533431 0.1875 15
0.04348779156703 -0.072624549533431 0.21875 15
0.04348779156703 -0.072624549533431 0.25 15
0.04348779156703 -0.072624549533431 0.28125 15
0.04348779156703 -0.072624549533431 0.3125 15
0.04348779156703 -0.072624549533431 0.34375 15
0.04348779156703 -0.072624549533431 0.375 15
0.04348779156703 -0.072624549533431 0.40625 15
0.04348779156703 -0.072624549533431 0.4375 15
0.04348779156703 -0.072624549533431 0.46875 15
0.057099789148425 -0.065286251353874 0.03125 15
0.057099789148425 -0.065286251353874 0.0625 15
0.057099789148425 -0.065286251353874 0.09375 15
0.057099789148425 -0.065286251353874 0.125 15
0.057099789148425 -0.065286251353874 0.15625 15
0.057099789148425 -0.065286251353874 0.1875 15
0.057099789148425 -0.065286251353874 0.21875 15
0.057099789148425 -0.065286251353874 0.25 15
0.057099789148425 -0.065286251353874 0.28125 15
0.057099789148425 -0.065286251353874 0.3125 15
0.057099789148425 -0.065286251353874 0.34375 15
0.057099789148425 -0.065286251353874 0.375 15
0.057099789148425 -0.065286251353874 0.40625 15
0.057099789148425 -0.065286251353874 0.4375 15
0.057099789148425 -0.065286251353874 0.46875 15
0.072935194654105 -0.025096382664395 0.03125 15
0.072935194654105 -0.025096382664395 0.0625 15
0.072935194654105 -0.025096382664395 0.09375 15
0.072935194654105 -0.025096382664395 0.125 15
0.072935194654105 -0.025096382664395 0.15625 15
0.072935194654105 -0.025096382664395 0.1875 15
0.072935194654105 -0.025096382664395 0.21875 15
0.072935194654105 -0.025096382664395 0.25 15
0.072935194654105 -0.025096382664395 0.28125 15
0.072935194654105 -0.025096382664395 0.3125 15
0.072935194654105 -0.025096382664395 0.34375 15
0.072935194654105 -0.025096382664395 0.375 15
0.072935194654105 -0.025096382664395 0.40625 15
0.072935194654105 -0.025096382664395 0.4375 15
0.072935194654105 -0.025096382664395 0.46875 15
0.073721330091182 -0.043887201569825 0.03125 15
0.073721330091182 -0.043887201569825 0.0625 15
0.073721330091182 -0.043887201569825 0.09375 15
0.073721330091182 -0.043887201569825 0.125 15
0.073721330091182 -0.043887201569825 0.15625 15
0.073721330091182 -0.043887201569825 0.1875 15
0.073721330091182 -0.043887201569825 0.21875 15
0.073721330091182 -0.043887201569825 0.25 15
0.073721330091182 -0.043887201569825 0.28125 15
0.073721330091182 -0.043887201569825 0.3125 15
0.073721330091182 -0.043887201569825 0.34375 15
0.073721330091182 -0.043887201569825 0.375 15
0.073721330091182 -0.043887201569825 0.40625 15
0.073721330091182 -0.043887201569825 0.4375 15
0.073721330091182 -0.043887201569825 0.46875 15
0.086749583202051 -0.032800297638351 0.03125 15
0.086749583202051 -0.032800297638351 0.0625 15
0.086749583202051 -0.032800297638351 0.09375 15
0.086749583202051 -0.032800297638351 0.125 15
0.086749583202051 -0.032800297638351 0.15625 15
0.086749583202051 -0.032800297638351 0.1875 15
0.086749583202051 -0.032800297638351 0.21875 15
0.086749583202051 -0.032800297638351 0.25 15
0.086749583202051 -0.032800297638351 0.28125 15
0.086749583202051 -0.032800297638351 0.3125 15
0.086749583202051 -0.032800297638351 0.34375 15
0.086749583202051 -0.032800297638351 0.375 15
0.086749583202051 -0.032800297638351 0.40625 15
0.086749583202051 -0.032800297638351 0.4375 15
0.086749583202051 -0.032800297638351 0.46875 15
0.058026431100898 -0.048904426162354 0.03125 15
0.058026431100898 -0.048904426162354 0.0625 15
0.058026431100898 -0.048904426162354 0.09375 15
0.058026431100898 -0.048904426162354 0.125 15
0.058026431100898 -0.048904426162354 0.15625 15
0.058026431100898 -0.048904426162354 0.1875 15
0.058026431100898 -0.048904426162354 0.21875 15
0.058026431100898 -0.048904426162354 0.25 15
0.058026431100898 -0.048904426162354 0.28125 15
0.058026431100898 -0.048904426162354 0.3125 15
0.058026431100898 -0.048904426162354 0.34375 15
0.058026431100898 -0.048904426162354 0.375 15
0.058026431100898 -0.048904426162354 0.40625 15
0.058026431100898 -0.048904426162354 0.4375 15
0.058026431100898 -0.048904426162354 0.46875 15
0.033358056301553 0.01822678740314 0.03125 15
0.033358056301553 0.01822678740314 0.0625 15
0.033358056301553 0.01822678740314 0.09375 15
0.033358056301553 0.01822678740314 0.125 15
0.033358056301553 0.01822678740314 0.15625 15
0.033358056301553 0.01822678740314 0.1875 15
0.033358056301553 0.01822678740314 0.21875 15
0.033358056301553 0.01822678740314 0.25 15
0.033358056301553 0.01822678740314 0.28125 15
0.033358056301553 0.01822678740314 0.3125 15
0.033358056301553 0.01822678740314 0.34375 15
0.033358056301553 0.01822678740314 0.375 15
0.033358056301553 0.01822678740314 0.40625 15
0.033358056301553 0.01822678740314 0.4375 15
0.033358056301553 0.01822678740314 0.46875 15
-0.072054949889341 -0.049444213094108 0.03125 15
-0.072054949889341 -0.049444213094108 0.0625 15
-0.072054949889341 -0.049444213094108 0.09375 15
-0.072054949889341 -0.049444213094108 0.125 15
-0.072054949889341 -0.049444213094108 0.15625 15
-0.072054949889341 -0.049444213094108 0.1875 15
-0.072054949889341 -0.049444213094108 0.21875 15
-0.072054949889341 -0.049444213094108 0.25 15
-0.072054949889341 -0.049444213094108 0.28125 15
-0.072054949889341 -0.049444213094108 0.3125 15
-0.072054949889341 -0.049444213094108 0.34375 15
-0.072054949889341 -0.049444213094108 0.375 15
-0.072054949889341 -0.049444213094108 0.40625 15
-0.072054949889341 -0.049444213094108 0.4375 15
-0.072054949889341 -0.049444213094108 0.46875 15
-0.069595873987199 -0.069119542252912 0.03125 15
-0.069595873987199 -0.069119542252912 0.0625 15
-0.069595873987199 -0.069119542252912 0.09375 15
-0.069595873987199 -0.069119542252912 0.125 15
-0.069595873987199 -0.069119542252912 0.15625 15
-0.069595873987199 -0.069119542252912 0.1875 15
-0.069595873987199 -0.069119542252912 0.21875 15
-0.069595873987199 -0.069119542252912 0.25 15
-0.069595873987199 -0.069119542252912 0.28125 15
-0.069595873987199 -0.069119542252912 0.3125 15
-0.069595873987199 -0.069119542252912 0.34375 15
-0.069595873987199 -0.069119542252912 0.375 15
-0.069595873987199 -0.069119542252912 0.40625 15
-0.069595873987199 -0.069119542252912 0.4375 15
-0.069595873987199 -0.069119542252912 0.46875 15
0.031505541058045 -0.014535781394596 0.03125 15
0.031505541058045 -0.014535781394596 0.0625 15
0.031505541058045 -0.014535781394596 0.09375 15
0.031505541058045 -0.014535781394596 0.125 15
0.031505541058045 -0.014535781394596 0.15625 15
0.031505541058045 -0.014535781394596 0.1875 15
0.031505541058045 -0.014535781394596 0.21875 15
0.031505541058045 -0.014535781394596 0.25 15
0.031505541058045 -0.014535781394596 0.28125 15
0.031505541058045 -0.014535781394596 0.3125 15
0.031505541058045 -0.014535781394596 0.34375 15
0.031505541058045 -0.014535781394596 0.375 15
0.031505541058045 -0.014535781394596 0.40625 15
0.031505541058045 -0.014535781394596 0.4375 15
0.031505541058045 -0.014535781394596 0.46875 15
-0.026169409378123 -0.027707624373419 0.03125 15
-0.026169409378123 -0.027707624373419 0.0625 15
-0.026169409378123 -0.027707624373419 0.09375 15
-0.026169409378123 -0.027707624373419 0.125 15
-0.026169409378123 -0.027707624373419 0.15625 15
-0.026169409378123 -0.027707624373419 0.1875 15
-0.026169409378123 -0.027707624373419 0.21875 15
-0.026169409378123 -0.027707624373419 0.25 15
-0.026169409378123 -0.027707624373419 0.28125 15
-0.026169409378123 -0.027707624373419 0.3125 15
-0.026169409378123 -0.027707624373419 0.34375 15
-0.026169409378123 -0.027707624373419 0.375 15
-0.026169409378123 -0.027707624373419 0.40625 15
-0.026169409378123 -0.027707624373419 0.4375 15
-0.026169409378123 -0.027707624373419 0.46875 15
-0.024319887093539 0.005058547574753 0.03125 15
-0.024319887093539 0.005058547574753 0.0625 15
-0.024319887093539 0.005058547574753 0.09375 15
-0.024319887093539 0.005058547574753 0.125 15
-0.024319887093539 0.005058547574753 0.15625 15
-0.024319887093539 0.005058547574753 0.1875 15
-0.024319887093539 0.005058547574753 0.21875 15
-0.024319887093539 0.005058547574753 0.25 15
-0.024319887093539 0.005058547574753 0.28125 15
-0.024319887093539 0.005058547574753 0.3125 15
-0.024319887093539 0.005058547574753 0.34375 15
-0.024319887093539 0.005058547574753 0.375 15
-0.024319887093539 0.005058547574753 0.40625 15
-0.024319887093539 0.005058547574753 0.4375 15
-0.024319887093539 0.005058547574753 0.46875 15
-0.038966501421492 -0.0023323948533717 0.03125 15
-0.038966501421492 -0.0023323948533717 0.0625 15
-0.038966501421492 -0.0023323948533717 0.09375 15
-0.038966501421492 -0.0023323948533717 0.125 15
-0.038966501421492 -0.0023323948533717 0.15625 15
-0.038966501421492 -0.0023323948533717 0.1875 15
-0.038966501421492 -0.0023323948533717 0.21875 15
-0.038966501421492 -0.0023323948533717 0.25 15
-0.038966501421492 -0.0023323948533717 0.28125 15
-0.038966501421492 -0.0023323948533717 0.3125 15
-0.038966501421492 -0.0023323948533717 0.34375 15
-0.038966501421492 -0.0023323948533717 0.375 15
-0.038966501421492 -0.0023323948533717 0.40625 15
-0.038966501421492 -0.0023323948533717 0.4375 15
-0.038966501421492 -0.0023323948533717 0.46875 15
-0.039891318230754 -0.018711414216229 0.03125 15
-0.039891318230754 -0.018711414216229 0.0625 15
-0.039891318230754 -0.018711414216229 0.09375 15
-0.039891318230754 -0.018711414216229 0.125 15
-0.039891318230754 -0.018711414216229 0.15625 15
-0.039891318230754 -0.018711414216229 0.1875 15
-0.039891318230754 -0.018711414216229 0.21875 15
-0.039891318230754 -0.018711414216229 0.25 15
-0.039891318230754 -0.018711414216229 0.28125 15
-0.039891318230754 -0.018711414216229 0.3125 15
-0.039891318230754 -0.018711414216229 0.34375 15
-0.039891318230754 -0.018711414216229 0.375 15
-0.039891318230754 -0.018711414216229 0.40625 15
-0.039891318230754 -0.018711414216229 0.4375 15
-0.039891318230754 -0.018711414216229 0.46875 15
0.032431976585848 0.0018458765357836 0.03125 15
0.032431976585848 0.0018458765357836 0.0625 15
0.032431976585848 0.0018458765357836 0.09375 15
0.032431976585848 0.0018458765357836 0.125 15
0.032431976585848 0.0018458765357836 0.15625 15
0.032431976585848 0.0018458765357836 0.1875 15
0.032431976585848 0.0018458765357836 0.21875 15
0.032431976585848 0.0018458765357836 0.25 15
0.032431976585848 0.0018458765357836 0.28125 15
0.032431976585848 0.0018458765357836 0.3125 15
0.032431976585848 0.0018458765357836 0.34375 15
0.032431976585848 0.0018458765357836 0.375 15
0.032431976585848 0.0018458765357836 0.40625 15
0.032431976585848 0.0018458765357836 0.4375 15
0.032431976585848 0.0018458765357836 0.46875 15
0.019632645222415 0.027219724414245 0.03125 15
0.019632645222415 0.027219724414245 0.0625 15
0.019632645222415 0.027219724414245 0.09375 15
0.019632645222415 0.027219724414245 0.125 15
0.019632645222415 0.027219724414245 0.15625 15
0.019632645222415 0.027219724414245 0.1875 15
0.019632645222415 0.027219724414245 0.21875 15
0.019632645222415 0.027219724414245 0.25 15
0.019632645222415 0.027219724414245 0.28125 15
0.019632645222415 0.027219724414245 0.3125 15
0.019632645222415 0.027219724414245 0.34375 15
0.019632645222415 0.027219724414245 0.375 15
0.019632645222415 0.027219724414245 0.40625 15
0.019632645222415 0.027219724414245 0.4375 15
0.019632645222415 0.027219724414245 0.46875 15
0.0068560558297131 0.052560202641024 0.03125 15
0.0068560558297131 0.052560202641024 0.0625 15
0.0068560558297131 0.052560202641024 0.09375 15
0.0068560558297131 0.052560202641024 0.125 15
0.0068560558297131 0.052560202641024 0.15625 15
0.0068560558297131 0.052560202641024 0.1875 15
0.0068560558297131 0.052560202641024 0.21875 15
0.0068560558297131 0.052560202641024 0.25 15
0.0068560558297131 0.052560202641024 0.28125 15
0.0068560558297131 0.052560202641024 0.3125 15
0.0068560558297131 0.052560202641024 0.34375 15
0.0068560558297131 0.052560202641024 0.375 15
0.0068560558297131 0.052560202641024 0.40625 15
0.0068560558297131 0.052560202641024 0.4375 15
0.0068560558297131 0.052560202641024 0.46875 15
0.06233600770515 0.065097254040852 0.03125 15
0.06233600770515 0.065097254040852 0.0625 15
0.06233600770515 0.065097254040852 0.09375 15
0.06233600770515 0.065097254040852 0.125 15
0.06233600770515 0.065097254040852 0.15625 15
0.06233600770515 0.065097254040852 0.1875 15
0.06233600770515 0.065097254040852 0.21875 15
0.06233600770515 0.065097254040852 0.25 15
0.06233600770515 0.065097254040852 0.28125 15
0.06233600770515 0.065097254040852 0.3125 15
0.06233600770515 0.065097254040852 0.34375 15
0.06233600770515 0.065097254040852 0.375 15
0.06233600770515 0.065097254040852 0.40625 15
0.06233600770515 0.065097254040852 0.4375 15
0.06233600770515 0.065097254040852 0.46875 15
0.033779590207774 -0.094643212105839 0.03125 15
0.033779590207774 -0.094643212105839 0.0625 15
0.033779590207774 -0.094643212105839 0.09375 15
0.033779590207774 -0.094643212105839 0.125 15
0.033779590207774 -0.094643212105839 0.15625 15
0.033779590207774 -0.094643212105839 0.1875 15
0.033779590207774 -0.094643212105839 0.21875 15
0.033779590207774 -0.094643212105839 0.25 15
0.033779590207774 -0.094643212105839 0.28125 15
0.033779590207774 -0.094643212105839 0.3125 15
0.033779590207774 -0.094643212105839 0.34375 15
0.033779590207774 -0.094643212105839 0.375 15
0.033779590207774 -0.094643212105839 0.40625 15
0.033779590207774 -0.094643212105839 0.4375 15
0.033779590207774 -0.094643212105839 0.46875 15
-0.033793815682916 0.095190116399297 0.03125 15
-0.033793815682916 0.095190116399297 0.0625 15
-0.033793815682916 0.095190116399297 0.09375 15
-0.033793815682916 0.095190116399297 0.125 15
-0.033793815682916 0.095190116399297 0.15625 15
-0.033793815682916 0.095190116399297 0.1875 15
-0.033793815682916 0.095190116399297 0.21875 15
-0.033793815682916 0.095190116399297 0.25 15
-0.033793815682916 0.095190116399297 0.28125 15
-0.033793815682916 0.095190116399297 0.3125 15
-0.033793815682916 0.095190116399297 0.34375 15
-0.033793815682916 0.095190116399297 0.375 15
-0.033793815682916 0.095190116399297 0.40625 15
-0.033793815682916 0.095190116399297 0.4375 15
-0.033793815682916 0.095190116399297 0.46875 15
0.013676729419099 -0.088379097265118 0.03125 15
0.013676729419099 -0.088379097265118 0.0625 15
0.013676729419099 -0.088379097265118 0.09375 15
0.013676729419099 -0.088379097265118 0.125 15
0.013676729419099 -0.088379097265118 0.15625 15
0.013676729419099 -0.088379097265118 0.1875 15
0.013676729419099 -0.088379097265118 0.21875 15
0.013676729419099 -0.088379097265118 0.25 15
0.013676729419099 -0.088379097265118 0.28125 15
0.013676729419099 -0.088379097265118 0.3125 15
0.013676729419099 -0.088379097265118 0.34375 15
0.013676729419099 -0.088379097265118 0.375 15
0.013676729419099 -0.088379097265118 0.40625 15
0.013676729419099 -0.088379097265118 0.4375 15
0.013676729419099 -0.088379097265118 0.46875 15
-0.0066431743165029 -0.092883714127666 0.03125 15
-0.0066431743165029 -0.092883714127666 0.0625 15
-0.0066431743165029 -0.092883714127666 0.09375 15
-0.0066431743165029 -0.092883714127666 0.125 15
-0.0066431743165029 -0.092883714127666 0.15625 15
-0.0066431743165029 -0.092883714127666 0.1875 15
-0.0066431743165029 -0.092883714127666 0.21875 15
-0.0066431743165029 -0.092883714127666 0.25 15
-0.0066431743165029 -0.092883714127666 0.28125 15
-0.0066431743165029 -0.092883714127666 0.3125 15
-0.0066431743165029 -0.092883714127666 0.34375 15
-0.0066431743165029 -0.092883714127666 0.375 15
-0.0066431743165029 -0.092883714127666 0.40625 15
-0.0066431743165029 -0.092883714127666 0.4375 15
-0.0066431743165029 -0.092883714127666 0.46875 15
0.087767333075957 -0.00047932014906196 0.03125 15
0.087767333075957 -0.00047932014906196 0.0625 15
0.087767333075957 -0.00047932014906196 0.09375 15
0.087767333075957 -0.00047932014906196 0.125 15
0.087767333075957 -0.00047932014906196 0.15625 15
0.087767333075957 -0.00047932014906196 0.1875 15
0.087767333075957 -0.00047932014906196 0.21875 15
0.087767333075957 -0.00047932014906196 0.25 15
0.087767333075957 -0.00047932014906196 0.28125 15
0.087767333075957 -0.00047932014906196 0.3125 15
0.087767333075957 -0.00047932014906196 0.34375 15
0.087767333075957 -0.00047932014906196 0.375 15
0.087767333075957 -0.00047932014906196 0.40625 15
0.087767333075957 -0.00047932014906196 0.4375 15
0.087767333075957 -0.00047932014906196 0.46875 15
0.076266168282193 0.039905567173017 0.03125 15
0.076266168282193 0.039905567173017 0.0625 15
0.076266168282193 0.039905567173017 0.09375 15
0.076266168282193 0.039905567173017 0.125 15
0.076266168282193 0.039905567173017 0.15625 15
0.076266168282193 0.039905567173017 0.1875 15
0.076266168282193 0.039905567173017 0.21875 15
0.076266168282193 0.039905567173017 0.25 15
0.076266168282193 0.039905567173017 0.28125 15
0.076266168282193 0.039905567173017 0.3125 15
0.076266168282193 0.039905567173017 0.34375 15
0.076266168282193 0.039905567173017 0.375 15
0.076266168282193 0.039905567173017 0.40625 15
0.076266168282193 0.039905567173017 0.4375 15
0.076266168282193 0.039905567173017 0.46875 15
0.092425388000257 0.032939744415133 0.03125 15
0.092425388000257 0.032939744415133 0.0625 15
0.092425388000257 0.032939744415133 0.09375 15
0.092425388000257 0.032939744415133 0.125 15
0.092425388000257 0.032939744415133 0.15625 15
0.092425388000257 0.032939744415133 0.1875 15
0.092425388000257 0.032939744415133 0.21875 15
0.092425388000257 0.032939744415133 0.25 15
0.092425388000257 0.032939744415133 0.28125 15
0.092425388000257 0.032939744415133 0.3125 15
0.092425388000257 0.032939744415133 0.34375 15
0.092425388000257 0.032939744415133 0.375 15
0.092425388000257 0.032939744415133 0.40625 15
0.092425388000257 0.032939744415133 0.4375 15
0.092425388000257 0.032939744415133 0.46875 15
0.078297227678237 0.058977723139521 0.03125 15
0.078297227678237 0.058977723139521 0.0625 15
0.078297227678237 0.058977723139521 0.09375 15
0.078297227678237 0.058977723139521 0.125 15
0.078297227678237 0.058977723139521 0.15625 15
0.078297227678237 0.058977723139521 0.1875 15
0.078297227678237 0.058977723139521 0.21875 15
0.078297227678237 0.058977723139521 0.25 15
0.078297227678237 0.058977723139521 0.28125 15
0.078297227678237 0.058977723139521 0.3125 15
0.078297227678237 0.058977723139521 0.34375 15
0.078297227678237 0.058977723139521 0.375 15
0.078297227678237 0.058977723139521 0.40625 15
0.078297227678237 0.058977723139521 0.4375 15
0.078297227678237 0.058977723139521 0.46875 15
-0.096521877541955 0.0064186576248931 0.03125 15
-0.096521877541955 0.0064186576248931 0.0625 15
-0.096521877541955 0.0064186576248931 0.09375 15
-0.096521877541955 0.0064186576248931 0.125 15
-0.096521877541955 0.0064186576248931 0.15625 15
-0.096521877541955 0.0064186576248931 0.1875 15
-0.096521877541955 0.0064186576248931 0.21875 15
-0.096521877541955 0.0064186576248931 0.25 15
-0.096521877541955 0.0064186576248931 0.28125 15
-0.096521877541955 0.0064186576248931 0.3125 15
-0.096521877541955 0.0064186576248931 0.34375 15
-0.096521877541955 0.0064186576248931 0.375 15
-0.096521877541955 0.0064186576248931 0.40625 15
-0.096521877541955 0.0064186576248931 0.4375 15
-0.096521877541955 0.0064186576248931 0.46875 15
0.089048248889514 0.01573207858279 0.03125 15
0.089048248889514 0.01573207858279 0.0625 15
0.089048248889514 0.01573207858279 0.09375 15
0.089048248889514 0.01573207858279 0.125 15
0.089048248889514 0.01573207858279 0.15625 15
0.089048248889514 0.01573207858279 0.1875 15
0.089048248889514 0.01573207858279 0.21875 15
0.089048248889514 0.01573207858279 0.25 15
0.089048248889514 0.01573207858279 0.28125 15
0.089048248889514 0.01573207858279 0.3125 15
0.089048248889514 0.01573207858279 0.34375 15
0.089048248889514 0.01573207858279 0.375 15
0.089048248889514 0.01573207858279 0.40625 15
0.089048248889514 0.01573207858279 0.4375 15
0.089048248889514 0.01573207858279 0.46875 15
0.059697588797192 -0.080396698470498 0.03125 15
0.059697588797192 -0.080396698470498 0.0625 15
0.059697588797192 -0.080396698470498 0.09375 15
0.059697588797192 -0.080396698470498 0.125 15
0.059697588797192 -0.080396698470498 0.15625 15
0.059697588797192 -0.080396698470498 0.1875 15
0.059697588797192 -0.080396698470498 0.21875 15
0.059697588797192 -0.080396698470498 0.25 15
0.059697588797192 -0.080396698470498 0.28125 15
0.059697588797192 -0.080396698470498 0.3125 15
0.059697588797192 -0.080396698470498 0.34375 15
0.059697588797192 -0.080396698470498 0.375 15
0.059697588797192 -0.080396698470498 0.40625 15
0.059697588797192 -0.080396698470498 0.4375 15
0.059697588797192 -0.080396698470498 0.46875 15
-0.098096141261408 -0.020703311862866 0.03125 15
-0.098096141261408 -0.020703311862866 0.0625 15
-0.098096141261408 -0.020703311862866 0.09375 15
-0.098096141261408 -0.020703311862866 0.125 15
-0.098096141261408 -0.020703311862866 0.15625 15
-0.098096141261408 -0.020703311862866 0.1875 15
-0.098096141261408 -0.020703311862866 0.21875 15
-0.098096141261408 -0.020703311862866 0.25 15
-0.098096141261408 -0.020703311862866 0.28125 15
-0.098096141261408 -0.020703311862866 0.3125 15
-0.098096141261408 -0.020703311862866 0.34375 15
-0.098096141261408 -0.020703311862866 0.375 15
-0.098096141261408 -0.020703311862866 0.40625 15
-0.098096141261408 -0.020703311862866 0.4375 15
-0.098096141261408 -0.020703311862866 0.46875 15
-0.094303872005402 -0.03517760374994 0.03125 15
-0.094303872005402 -0.03517760374994 0.0625 15
-0.094303872005402 -0.03517760374994 0.09375 15
-0.094303872005402 -0.03517760374994 0.125 15
-0.094303872005402 -0.03517760374994 0.15625 15
-0.094303872005402 -0.03517760374994 0.1875 15
-0.094303872005402 -0.03517760374994 0.21875 15
-0.094303872005402 -0.03517760374994 0.25 15
-0.094303872005402 -0.03517760374994 0.28125 15
-0.094303872005402 -0.03517760374994 0.3125 15
-0.094303872005402 -0.03517760374994 0.34375 15
-0.094303872005402 -0.03517760374994 0.375 15
-0.094303872005402 -0.03517760374994 0.40625 15
-0.094303872005402 -0.03517760374994 0.4375 15
-0.094303872005402 -0.03517760374994 0.46875 15
0.0059611397935584 0.10075330566602 0.03125 15
0.0059611397935584 0.10075330566602 0.0625 15
0.0059611397935584 0.10075330566602 0.09375 15
0.0059611397935584 0.10075330566602 0.125 15
0.0059611397935584 0.10075330566602 0.15625 15
0.0059611397935584 0.10075330566602 0.1875 15
0.0059611397935584 0.10075330566602 0.21875 15
0.0059611397935584 0.10075330566602 0.25 15
0.0059611397935584 0.10075330566602 0.28125 15
0.0059611397935584 0.10075330566602 0.3125 15
0.0059611397935584 0.10075330566602 0.34375 15
0.0059611397935584 0.10075330566602 0.375 15
0.0059611397935584 0.10075330566602 0.40625 15
0.0059611397935584 0.10075330566602 0.4375 15
0.0059611397935584 0.10075330566602 0.46875 15
0.071297956137894 -0.07088308448297 0.03125 15
0.071297956137894 -0.07088308448297 0.0625 15
0.071297956137894 -0.07088308448297 0.09375 15
0.071297956137894 -0.07088308448297 0.125 15
0.071297956137894 -0.07088308448297 0.15625 15
0.071297956137894 -0.07088308448297 0.1875 15
0.071297956137894 -0.07088308448297 0.21875 15
0.071297956137894 -0.07088308448297 0.25 15
0.071297956137894 -0.07088308448297 0.28125 15
0.071297956137894 -0.07088308448297 0.3125 15
0.071297956137894 -0.07088308448297 0.34375 15
0.071297956137894 -0.07088308448297 0.375 15
0.071297956137894 -0.07088308448297 0.40625 15
0.071297956137894 -0.07088308448297 0.4375 15
0.071297956137894 -0.07088308448297 0.46875 15
-0.094443516373797 0.036771845081883 0.03125 15
-0.094443516373797 0.036771845081883 0.0625 15
-0.094443516373797 0.036771845081883 0.09375 15
-0.094443516373797 0.036771845081883 0.125 15
-0.094443516373797 0.036771845081883 0.15625 15
-0.094443516373797 0.036771845081883 0.1875 15
-0.094443516373797 0.036771845081883 0.21875 15
-0.094443516373797 0.036771845081883 0.25 15
-0.094443516373797 0.036771845081883 0.28125 15
-0.094443516373797 0.036771845081883 0.3125 15
-0.094443516373797 0.036771845081883 0.34375 15
-0.094443516373797 0.036771845081883 0.375 15
-0.094443516373797 0.036771845081883 0.40625 15
-0.094443516373797 0.036771845081883 0.4375 15
-0.094443516373797 0.036771845081883 0.46875 15
0.090338713570439 -0.047221526431213 0.03125 15
0.090338713570439 -0.047221526431213 0.0625 15
0.090338713570439 -0.047221526431213 0.09375 15
0.090338713570439 -0.047221526431213 0.125 15
0.090338713570439 -0.047221526431213 0.15625 15
0.090338713570439 -0.047221526431213 0.1875 15
0.090338713570439 -0.047221526431213 0.21875 15
0.090338713570439 -0.047221526431213 0.25 15
0.090338713570439 -0.047221526431213 0.28125 15
0.090338713570439 -0.047221526431213 0.3125 15
0.090338713570439 -0.047221526431213 0.34375 15
0.090338713570439 -0.047221526431213 0.375 15
0.090338713570439 -0.047221526431213 0.40625 15
0.090338713570439 -0.047221526431213 0.4375 15
0.090338713570439 -0.047221526431213 0.46875 15
0.1004840147208 -0.0084567744704764 0.03125 15
0.1004840147208 -0.0084567744704764 0.0625 15
0.1004840147208 -0.0084567744704764 0.09375 15
0.1004840147208 -0.0084567744704764 0.125 15
0.1004840147208 -0.0084567744704764 0.15625 15
0.1004840147208 -0.0084567744704764 0.1875 15
0.1004840147208 -0.0084567744704764 0.21875 15
0.1004840147208 -0.0084567744704764 0.25 15
0.1004840147208 -0.0084567744704764 0.28125 15
0.1004840147208 -0.0084567744704764 0.3125 15
0.1004840147208 -0.0084567744704764 0.34375 15
0.1004840147208 -0.0084567744704764 0.375 15
0.1004840147208 -0.0084567744704764 0.40625 15
0.1004840147208 -0.0084567744704764 0.4375 15
0.1004840147208 -0.0084567744704764 0.46875 15
-0.037621342225068 -0.094438152669547 0.03125 15
-0.037621342225068 -0.094438152669547 0.0625 15
-0.037621342225068 -0.094438152669547 0.09375 15
-0.037621342225068 -0.094438152669547 0.125 15
-0.037621342225068 -0.094438152669547 0.15625 15
-0.037621342225068 -0.094438152669547 0.1875 15
-0.037621342225068 -0.094438152669547 0.21875 15
-0.037621342225068 -0.094438152669547 0.25 15
-0.037621342225068 -0.094438152669547 0.28125 15
-0.037621342225068 -0.094438152669547 0.3125 15
-0.037621342225068 -0.094438152669547 0.34375 15
-0.037621342225068 -0.094438152669547 0.375 15
-0.037621342225068 -0.094438152669547 0.40625 15
-0.037621342225068 -0.094438152669547 0.4375 15
-0.037621342225068 -0.094438152669547 0.46875 15
0.049454383646626 0.090568941884419 0.03125 15
0.049454383646626 0.090568941884419 0.0625 15
0.049454383646626 0.090568941884419 0.09375 15
0.049454383646626 0.090568941884419 0.125 15
0.049454383646626 0.090568941884419 0.15625 15
0.049454383646626 0.090568941884419 0.1875 15
0.049454383646626 0.090568941884419 0.21875 15
0.049454383646626 0.090568941884419 0.25 15
0.049454383646626 0.090568941884419 0.28125 15
0.049454383646626 0.090568941884419 0.3125 15
0.049454383646626 0.090568941884419 0.34375 15
0.049454383646626 0.090568941884419 0.375 15
0.049454383646626 0.090568941884419 0.40625 15
0.049454383646626 0.090568941884419 0.4375 15
0.049454383646626 0.090568941884419 0.46875 15
-0.021939090454796 0.10170470291342 0.03125 15
-0.021939090454796 0.10170470291342 0.0625 15
-0.021939090454796 0.10170470291342 0.09375 15
-0.021939090454796 0.10170470291342 0.125 15
-0.021939090454796 0.10170470291342 0.15625 15
-0.021939090454796 0.10170470291342 0.1875 15
-0.021939090454796 0.10170470291342 0.21875 15
-0.021939090454796 0.10170470291342 0.25 15
-0.021939090454796 0.10170470291342 0.28125 15
-0.021939090454796 0.10170470291342 0.3125 15
-0.021939090454796 0.10170470291342 0.34375 15
-0.021939090454796 0.10170470291342 0.375 15
-0.021939090454796 0.10170470291342 0.40625 15
-0.021939090454796 0.10170470291342 0.4375 15
-0.021939090454796 0.10170470291342 0.46875 15
0.020483781037434 -0.10190579671193 0.03125 15
0.020483781037434 -0.10190579671193 0.0625 15
0.020483781037434 -0.10190579671193 0.09375 15
0.020483781037434 -0.10190579671193 0.125 15
0.020483781037434 -0.10190579671193 0.15625 15
0.020483781037434 -0.10190579671193 0.1875 15
0.020483781037434 -0.10190579671193 0.21875 15
0.020483781037434 -0.10190579671193 0.25 15
0.020483781037434 -0.10190579671193 0.28125 15
0.020483781037434 -0.10190579671193 0.3125 15
0.020483781037434 -0.10190579671193 0.34375 15
0.020483781037434 -0.10190579671193 0.375 15
0.020483781037434 -0.10190579671193 0.40625 15
0.020483781037434 -0.10190579671193 0.4375 15
0.020483781037434 -0.10190579671193 0.46875 15
-0.014426352304529 -0.083189787540114 0.03125 15
-0.014426352304529 -0.083189787540114 0.0625 15
-0.014426352304529 -0.083189787540114 0.09375 15
-0.014426352304529 -0.083189787540114 0.125 15
-0.014426352304529 -0.083189787540114 0.15625 15
-0.014426352304529 -0.083189787540114 0.1875 15
-0.014426352304529 -0.083189787540114 0.21875 15
-0.014426352304529 -0.083189787540114 0.25 15
-0.014426352304529 -0.083189787540114 0.28125 15
-0.014426352304529 -0.083189787540114 0.3125 15
-0.014426352304529 -0.083189787540114 0.34375 15
-0.014426352304529 -0.083189787540114 0.375 15
-0.014426352304529 -0.083189787540114 0.40625 15
-0.014426352304529 -0.083189787540114 0.4375 15
-0.014426352304529 -0.083189787540114 0.46875 15
0.049231725307776 0.073075734405846 0.03125 15
0.049231725307776 0.073075734405846 0.0625 15
0.049231725307776 0.073075734405846 0.09375 15
0.049231725307776 0.073075734405846 0.125 15
0.049231725307776 0.073075734405846 0.15625 15
0.049231725307776 0.073075734405846 0.1875 15
0.049231725307776 0.073075734405846 0.21875 15
0.049231725307776 0.073075734405846 0.25 15
0.049231725307776 0.073075734405846 0.28125 15
0.049231725307776 0.073075734405846 0.3125 15
0.049231725307776 0.073075734405846 0.34375 15
0.049231725307776 0.073075734405846 0.375 15
0.049231725307776 0.073075734405846 0.40625 15
0.049231725307776 0.073075734405846 0.4375 15
0.049231725307776 0.073075734405846 0.46875 15
0.086890183740876 -0.016610720814717 0.03125 15
0.086890183740876 -0.016610720814717 0.0625 15
0.086890183740876 -0.016610720814717 0.09375 15
0.086890183740876 -0.016610720814717 0.125 15
0.086890183740876 -0.016610720814717 0.15625 15
0.086890183740876 -0.016610720814717 0.1875 15
0.086890183740876 -0.016610720814717 0.21875 15
0.086890183740876 -0.016610720814717 0.25 15
0.086890183740876 -0.016610720814717 0.28125 15
0.086890183740876 -0.016610720814717 0.3125 15
0.086890183740876 -0.016610720814717 0.34375 15
0.086890183740876 -0.016610720814717 0.375 15
0.086890183740876 -0.016610720814717 0.40625 15
0.086890183740876 -0.016610720814717 0.4375 15
0.086890183740876 -0.016610720814717 0.46875 15
0.035587969454864 0.095783267484609 0.03125 15
0.035587969454864 0.095783267484609 0.0625 15
0.035587969454864 0.095783267484609 0.09375 15
0.035587969454864 0.095783267484609 0.125 15
0.035587969454864 0.095783267484609 0.15625 15
0.035587969454864 0.095783267484609 0.1875 15
0.035587969454864 0.095783267484609 0.21875 15
0.035587969454864 0.095783267484609 0.25 15
0.035587969454864 0.095783267484609 0.28125 15
0.035587969454864 0.095783267484609 0.3125 15
0.035587969454864 0.095783267484609 0.34375 15
0.035587969454864 0.095783267484609 0.375 15
0.035587969454864 0.095783267484609 0.40625 15
0.035587969454864 0.095783267484609 0.4375 15
0.035587969454864 0.095783267484609 0.46875 15
-0.082740610222458 -0.060898658239589 0.03125 15
-0.082740610222458 -0.060898658239589 0.0625 15
-0.082740610222458 -0.060898658239589 0.09375 15
-0.082740610222458 -0.060898658239589 0.125 15
-0.082740610222458 -0.060898658239589 0.15625 15
-0.082740610222458 -0.060898658239589 0.1875 15
-0.082740610222458 -0.060898658239589 0.21875 15
-0.082740610222458 -0.060898658239589 0.25 15
-0.082740610222458 -0.060898658239589 0.28125 15
-0.082740610222458 -0.060898658239589 0.3125 15
-0.082740610222458 -0.060898658239589 0.34375 15
-0.082740610222458 -0.060898658239589 0.375 15
-0.082740610222458 -0.060898658239589 0.40625 15
-0.082740610222458 -0.060898658239589 0.4375 15
-0.082740610222458 -0.060898658239589 0.46875 15
0.10154271628254 0.021566956756105 0.03125 15
0.10154271628254 0.021566956756105 0.0625 15
0.10154271628254 0.021566956756105 0.09375 15
0.10154271628254 0.021566956756105 0.125 15
0.10154271628254 0.021566956756105 0.15625 15
0.10154271628254 0.021566956756105 0.1875 15
0.10154271628254 0.021566956756105 0.21875 15
0.10154271628254 0.021566956756105 0.25 15
0.10154271628254 0.021566956756105 0.28125 15
0.10154271628254 0.021566956756105 0.3125 15
0.10154271628254 0.021566956756105 0.34375 15
0.10154271628254 0.021566956756105 0.375 15
0.10154271628254 0.021566956756105 0.40625 15
0.10154271628254 0.021566956756105 0.4375 15
0.10154271628254 0.021566956756105 0.46875 15
0.073038930628983 0.0734413607137 0.03125 15
0.073038930628983 0.0734413607137 0.0625 15
0.073038930628983 0.0734413607137 0.09375 15
0.073038930628983 0.0734413607137 0.125 15
0.073038930628983 0.0734413607137 0.15625 15
0.073038930628983 0.0734413607137 0.1875 15
0.073038930628983 0.0734413607137 0.21875 15
0.073038930628983 0.0734413607137 0.25 15
0.073038930628983 0.0734413607137 0.28125 15
0.073038930628983 0.0734413607137 0.3125 15
0.073038930628983 0.0734413607137 0.34375 15
0.073038930628983 0.0734413607137 0.375 15
0.073038930628983 0.0734413607137 0.40625 15
0.073038930628983 0.0734413607137 0.4375 15
0.073038930628983 0.0734413607137 0.46875 15
0.067673239615934 -0.057667220707898 0.03125 15
0.067673239615934 -0.057667220707898 0.0625 15
0.067673239615934 -0.057667220707898 0.09375 15
0.067673239615934 -0.057667220707898 0.125 15
0.067673239615934 -0.057667220707898 0.15625 15
0.067673239615934 -0.057667220707898 0.1875 15
0.067673239615934 -0.057667220707898 0.21875 15
0.067673239615934 -0.057667220707898 0.25 15
0.067673239615934 -0.057667220707898 0.28125 15
0.067673239615934 -0.057667220707898 0.3125 15
0.067673239615934 -0.057667220707898 0.34375 15
0.067673239615934 -0.057667220707898 0.375 15
0.067673239615934 -0.057667220707898 0.40625 15
0.067673239615934 -0.057667220707898 0.4375 15
0.067673239615934 -0.057667220707898 0.46875 15
-0.074067789024669 0.074067788722702 0.03125 15
-0.074067789024669 0.074067788722702 0.0625 15
-0.074067789024669 0.074067788722702 0.09375 15
-0.074067789024669 0.074067788722702 0.125 15
-0.074067789024669 0.074067788722702 0.15625 15
-0.074067789024669 0.074067788722702 0.1875 15
-0.074067789024669 0.074067788722702 0.21875 15
-0.074067789024669 0.074067788722702 0.25 15
-0.074067789024669 0.074067788722702 0.28125 15
-0.074067789024669 0.074067788722702 0.3125 15
-0.074067789024669 0.074067788722702 0.34375 15
-0.074067789024669 0.074067788722702 0.375 15
-0.074067789024669 0.074067788722702 0.40625 15
-0.074067789024669 0.074067788722702 0.4375 15
-0.074067789024669 0.074067788722702 0.46875 15
-0.081463154592598 -0.037245836576194 0.03125 15
-0.081463154592598 -0.037245836576194 0.0625 15
-0.081463154592598 -0.037245836576194 0.09375 15
-0.081463154592598 -0.037245836576194 0.125 15
-0.081463154592598 -0.037245836576194 0.15625 15
-0.081463154592598 -0.037245836576194 0.1875 15
-0.081463154592598 -0.037245836576194 0.21875 15
-0.081463154592598 -0.037245836576194 0.25 15
-0.081463154592598 -0.037245836576194 0.28125 15
-0.081463154592598 -0.037245836576194 0.3125 15
-0.081463154592598 -0.037245836576194 0.34375 15
-0.081463154592598 -0.037245836576194 0.375 15
-0.081463154592598 -0.037245836576194 0.40625 15
-0.081463154592598 -0.037245836576194 0.4375 15
-0.081463154592598 -0.037245836576194 0.46875 15
-0.091811669207641 0.050146351720084 0.03125 15
-0.091811669207641 0.050146351720084 0.0625 15
-0.091811669207641 0.050146351720084 0.09375 15
-0.091811669207641 0.050146351720084 0.125 15
-0.091811669207641 0.050146351720084 0.15625 15
-0.091811669207641 0.050146351720084 0.1875 15
-0.091811669207641 0.050146351720084 0.21875 15
-0.091811669207641 0.050146351720084 0.25 15
-0.091811669207641 0.050146351720084 0.28125 15
-0.091811669207641 0.050146351720084 0.3125 15
-0.091811669207641 0.050146351720084 0.34375 15
-0.091811669207641 0.050146351720084 0.375 15
-0.091811669207641 0.050146351720084 0.40625 15
-0.091811669207641 0.050146351720084 0.4375 15
-0.091811669207641 0.050146351720084 0.46875 15
-0.007501805274159 -0.10469059187004 0.03125 15
-0.007501805274159 -0.10469059187004 0.0625 15
-0.007501805274159 -0.10469059187004 0.09375 15
-0.007501805274159 -0.10469059187004 0.125 15
-0.007501805274159 -0.10469059187004 0.15625 15
-0.007501805274159 -0.10469059187004 0.1875 15
-0.007501805274159 -0.10469059187004 0.21875 15
-0.007501805274159 -0.10469059187004 0.25 15
-0.007501805274159 -0.10469059187004 0.28125 15
-0.007501805274159 -0.10469059187004 0.3125 15
-0.007501805274159 -0.10469059187004 0.34375 15
-0.007501805274159 -0.10469059187004 0.375 15
-0.007501805274159 -0.10469059187004 0.40625 15
-0.007501805274159 -0.10469059187004 0.4375 15
-0.007501805274159 -0.10469059187004 0.46875 15
0.098339715226636 -0.036863489677335 0.03125 15
0.098339715226636 -0.036863489677335 0.0625 15
0.098339715226636 -0.036863489677335 0.09375 15
0.098339715226636 -0.036863489677335 0.125 15
0.098339715226636 -0.036863489677335 0.15625 15
0.098339715226636 -0.036863489677335 0.1875 15
0.098339715226636 -0.036863489677335 0.21875 15
0.098339715226636 -0.036863489677335 0.25 15
0.098339715226636 -0.036863489677335 0.28125 15
0.098339715226636 -0.036863489677335 0.3125 15
0.098339715226636 -0.036863489677335 0.34375 15
0.098339715226636 -0.036863489677335 0.375 15
0.098339715226636 -0.036863489677335 0.40625 15
0.098339715226636 -0.036863489677335 0.4375 15
0.098339715226636 -0.036863489677335 0.46875 15
-0.0029382787518172 0.089951143571104 0.03125 15
-0.0029382787518172 0.089951143571104 0.0625 15
-0.0029382787518172 0.089951143571104 0.09375 15
-0.0029382787518172 0.089951143571104 0.125 15
-0.0029382787518172 0.089951143571104 0.15625 15
-0.0029382787518172 0.089951143571104 0.1875 15
-0.0029382787518172 0.089951143571104 0.21875 15
-0.0029382787518172 0.089951143571104 0.25 15
-0.0029382787518172 0.089951143571104 0.28125 15
-0.0029382787518172 0.089951143571104 0.3125 15
-0.0029382787518172 0.089951143571104 0.34375 15
-0.0029382787518172 0.089951143571104 0.375 15
-0.0029382787518172 0.089951143571104 0.40625 15
-0.0029382787518172 0.089951143571104 0.4375 15
-0.0029382787518172 0.089951143571104 0.46875 15
-0.054298409591797 -0.071137784500013 0.03125 15
-0.054298409591797 -0.071137784500013 0.0625 15
-0.054298409591797 -0.071137784500013 0.09375 15
-0.054298409591797 -0.071137784500013 0.125 15
-0.054298409591797 -0.071137784500013 0.15625 15
-0.054298409591797 -0.071137784500013 0.1875 15
-0.054298409591797 -0.071137784500013 0.21875 15
-0.054298409591797 -0.071137784500013 0.25 15
-0.054298409591797 -0.071137784500013 0.28125 15
-0.054298409591797 -0.071137784500013 0.3125 15
-0.054298409591797 -0.071137784500013 0.34375 15
-0.054298409591797 -0.071137784500013 0.375 15
-0.054298409591797 -0.071137784500013 0.40625 15
-0.054298409591797 -0.071137784500013 0.4375 15
-0.054298409591797 -0.071137784500013 0.46875 15
-0.050460145656371 -0.092091622272194 0.03125 15
-0.050460145656371 -0.092091622272194 0.0625 15
-0.050460145656371 -0.092091622272194 0.09375 15
-0.050460145656371 -0.092091622272194 0.125 15
-0.050460145656371 -0.092091622272194 0.15625 15
-0.050460145656371 -0.092091622272194 0.1875 15
-0.050460145656371 -0.092091622272194 0.21875 15
-0.050460145656371 -0.092091622272194 0.25 15
-0.050460145656371 -0.092091622272194 0.28125 15
-0.050460145656371 -0.092091622272194 0.3125 15
-0.050460145656371 -0.092091622272194 0.34375 15
-0.050460145656371 -0.092091622272194 0.375 15
-0.050460145656371 -0.092091622272194 0.40625 15
-0.050460145656371 -0.092091622272194 0.4375 15
-0.050460145656371 -0.092091622272194 0.46875 15
0.025997775459746 0.087481791942804 0.03125 15
0.025997775459746 0.087481791942804 0.0625 15
0.025997775459746 0.087481791942804 0.09375 15
0.025997775459746 0.087481791942804 0.125 15
0.025997775459746 0.087481791942804 0.15625 15
0.025997775459746 0.087481791942804 0.1875 15
0.025997775459746 0.087481791942804 0.21875 15
0.025997775459746 0.087481791942804 0.25 15
0.025997775459746 0.087481791942804 0.28125 15
0.025997775459746 0.087481791942804 0.3125 15
0.025997775459746 0.087481791942804 0.34375 15
0.025997775459746 0.087481791942804 0.375 15
0.025997775459746 0.087481791942804 0.40625 15
0.025997775459746 0.087481791942804 0.4375 15
0.025997775459746 0.087481791942804 0.46875 15

Edges
88
1 9 9
9 10 9
10 11 9
11 12 9
12 13 9
13 14 9
14 15 9
15 16 9
16 17 9
17 18 9
18 2 9
2 19 9
19 20 9
20 21 9
21 22 9
22 23 9
23 24 9
24 25 9
25 26 9
26 27 9
27 28 9
28 3 9
3 29 9
29 30 9
30 31 9
31 32 9
32 33 9
33 34 9
34 35 9
35 36 9
36 37 9
37 38 9
38 4 9
4 39 9
39 40 9
40 41 9
41 42 9
42 43 9
43 44 9
44 45 9
45 46 9
46 47 9
47 48 9
48 1 9
5 49 10
49 50 10
50 51 10
51 52 10
52 53 10
53 54 10
54 55 10
55 56 10
56 57 10
57 58 10
58 6 10
7 89 10
89 90 10
90 91 10
91 92 10
92 93 10
93 94 10
94 95 10
95 96 10
96 97 10
97 98 10
98 5 10
8 114 10
114 115 10
115 116 10
116 117 10
117 118 10
118 119 10
119 120 10
120 121 10
121 122 10
122 123 10
123 7 10
6 139 10
139 140 10
140 141 10
141 142 10
142 143 10
143 144 10
144 145 10
145 146 10
146 147 10
147 148 10
148 8 10

Triangles
2160
152 228 295 4
12 13 284 4
228 152 299 4
227 248 288 4
248 162 288 4
10 11 283 4
28 3 285 4
150 230 240 4
258 155 259 4
155 258 277 4
33 34 267 4
11 156 283 4
34 159 267 4
260 259 287 4
230 150 285 4
277 258 279 4
279 254 280 4
277 279 298 4
163 279 280 4
259 155 287 4
284 13 305 4
262 160 293 4
156 12 284 4
226 238 239 4
226 239 240 4
162 248 285 4
228 253 295 4
150 28 285 4
3 162 285 4
294 281 301 4
248 230 285 4
230 224 240 4
160 262 306 4
238 226 242 4
224 226 240 4
149 294 301 4
236 158 238 4
237 238 242 4
263 262 293 4
10 283 304 4
171 168 237 4
238 158 239 4
240 239 292 4
256 281 286 4
171 237 242 4
234 151 290 4
168 166 237 4
296 233 300 4
227 288 289 4
266 154 303 4
214 282 284 4
242 225 244 4
150 240 292 4
260 287 291 4
41 155 277 4
40 41 277 4
226 225 242 4
171 242 244 4
232 241 243 4
232 234 241 4
241 169 243 4
243 173 275 4
232 243 275 4
170 173 243 4
175 244 245 4
244 225 245 4
175 172 244 4
246 177 274 4
173 246 275 4
215 246 274 4
174 177 246 4
175 245 270 4
176 175 270 4
247 181 273 4
177 247 274 4
2 19 161 4
3 29 162 4
4 39 163 4
1 9 164 4
265 247 273 4
178 181 247 4
21 22 153 4
31 32 154 4
41 42 155 4
11 12 156 4
249 208 254 4
190 208 249 4
222 230 248 4
181 180 255 4
210 214 251 4
218 198 261 4
201 218 256 4
268 200 273 4
222 224 230 4
181 268 273 4
181 255 268 4
261 262 263 4
186 185 190 4
216 217 231 4
207 260 264 4
193 229 252 4
190 192 208 4
220 221 222 4
208 192 228 4
261 197 262 4
222 223 224 4
216 212 217 4
231 217 233 4
183 182 185 4
204 209 210 4
215 212 216 4
211 210 212 4
198 197 261 4
201 198 218 4
194 189 195 4
220 222 248 4
220 206 221 4
187 189 194 4
222 221 223 4
186 190 249 4
204 210 211 4
202 204 265 4
190 191 192 4
190 185 191 4
219 206 220 4
180 183 255 4
228 252 253 4
179 176 270 4
196 195 197 4
195 207 264 4
182 179 184 4
250 249 254 4
224 225 226 4
212 210 251 4
183 185 186 4
227 220 248 4
210 209 214 4
187 188 189 4
202 203 204 4
180 179 182 4
211 212 215 4
194 195 196 4
193 205 229 4
200 202 273 4
178 180 181 4
203 201 256 4
216 231 232 4
213 203 256 4
207 259 260 4
224 223 225 4
228 192 252 4
232 231 234 4
197 195 264 4
180 182 183 4
17 18 151 4
183 187 255 4
27 28 150 4
37 38 152 4
199 269 272 4
187 194 255 4
204 203 209 4
206 199 272 4
189 188 257 4
183 186 187 4
182 184 269 4
191 185 269 4
269 184 272 4
187 186 188 4
196 197 198 4
195 189 207 4
217 212 251 4
204 211 265 4
188 250 257 4
219 220 227 4
209 203 213 4
192 193 252 4
257 250 258 4
185 182 269 4
192 191 193 4
200 201 202 4
229 266 267 4
229 205 266 4
47 48 149 4
262 197 264 4
205 199 206 4
205 206 219 4
200 198 201 4
199 191 269 4
202 201 203 4
188 186 249 4
194 196 268 4
196 198 200 4
188 249 250 4
24 25 158 4
34 35 159 4
178 179 180 4
14 15 157 4
257 258 259 4
207 189 257 4
202 265 273 4
196 200 268 4
184 270 271 4
255 194 268 4
270 245 271 4
44 45 160 4
225 223 245 4
184 179 270 4
193 199 205 4
221 206 272 4
193 191 199 4
207 257 259 4
205 219 266 4
223 221 271 4
184 271 272 4
245 223 271 4
271 221 272 4
177 178 247 4
178 176 179 4
265 211 274 4
247 265 274 4
211 215 274 4
177 176 178 4
174 176 177 4
174 175 176 4
246 215 275 4
215 216 275 4
173 174 246 4
174 172 175 4
216 232 275 4
173 172 174 4
172 171 244 4
170 172 173 4
170 171 172 4
235 169 241 4
169 170 243 4
170 168 171 4
167 169 235 4
169 168 170 4
161 235 312 4
154 266 308 4
237 236 238 4
167 168 169 4
166 236 237 4
167 166 168 4
281 164 286 4
151 234 315 4
267 159 313 4
166 165 236 4
153 166 167 4
167 235 278 4
157 296 300 4
21 153 278 4
20 21 278 4
282 156 284 4
250 254 279 4
33 267 303 4
235 161 297 4
156 282 283 4
214 209 282 4
251 214 276 4
213 256 286 4
263 149 301 4
159 253 313 4
267 266 303 4
254 208 299 4
233 217 300 4
261 263 301 4
153 167 278 4
258 250 279 4
282 213 283 4
262 264 306 4
266 219 308 4
235 241 312 4
234 231 315 4
229 267 313 4
253 252 313 4
256 218 281 4
153 165 166 4
158 236 307 4
280 254 299 4
276 157 300 4
251 276 300 4
260 291 306 4
209 213 282 4
234 290 312 4
227 289 308 4
276 284 305 4
253 159 314 4
22 23 165 4
42 43 287 4
43 44 291 4
153 22 165 4
155 42 287 4
31 154 289 4
2 161 290 4
44 160 291 4
1 164 294 4
18 2 290 4
151 18 290 4
30 31 289 4
48 1 294 4
149 48 294 4
45 46 293 4
29 30 288 4
162 29 288 4
26 27 292 4
27 150 292 4
160 45 293 4
36 37 295 4
281 218 301 4
164 281 294 4
157 15 296 4
279 163 298 4
283 213 286 4
37 152 295 4
39 40 298 4
239 158 309 4
149 263 311 4
152 280 299 4
17 151 302 4
276 214 284 4
32 33 303 4
164 9 304 4
278 235 297 4
19 20 297 4
14 157 305 4
161 19 297 4
24 158 307 4
15 16 296 4
158 25 309 4
4 163 310 4
152 38 310 4
159 35 314 4
47 149 311 4
163 39 298 4
40 277 298 4
236 165 307 4
208 228 299 4
217 251 300 4
292 239 309 4
218 261 301 4
157 276 305 4
16 17 302 4
154 32 303 4
9 10 304 4
163 280 310 4
280 152 310 4
20 278 297 4
287 43 291 4
288 30 289 4
290 161 312 4
291 160 306 4
13 14 305 4
264 260 306 4
23 24 307 4
219 227 308 4
286 164 304 4
263 293 311 4
25 26 309 4
38 4 310 4
46 47 311 4
36 295 314 4
283 286 304 4
165 23 307 4
241 234 312 4
252 229 313 4
35 36 314 4
231 233 315 4
296 16 302 4
233 296 302 4
26 292 309 4
295 253 314 4
293 46 311 4
289 154 308 4
302 151 315 4
233 302 315 4
74 316 1 6
1 316 9 6
75 317 74 6
74 317 316 6
76 318 75 6
75 318 317 6
77 319 76 6
76 319 318 6
78 320 77 6
77 320 319 6
79 321 78 6
78 321 320 6
80 322 79 6
79 322 321 6
81 323 80 6
80 323 322 6
82 324 81 6
81 324 323 6
83 325 82 6
82 325 324 6
84 326 83 6
83 326 325 6
85 327 84 6
84 327 326 6
86 328 85 6
85 328 327 6
87 329 86 6
86 329 328 6
88 330 87 6
87 330 329 6
6 58 88 6
88 58 330 6
316 331 9 6
9 331 10 6
317 332 316 6
316 332 331 6
318 333 317 6
317 333 332 6
319 334 318 6
318 334 333 6
320 335 319 6
319 335 334 6
321 336 320 6
320 336 335 6
322 337 321 6
321 337 336 6
323 338 322 6
322 338 337 6
324 339 323 6
323 339 338 6
325 340 324 6
324 340 339 6
326 341 325 6
325 341 340 6
327 342 326 6
326 342 341 6
328 343 327 6
327 343 342 6
329 344 328 6
328 344 343 6
330 345 329 6
329 345 344 6
58 57 330 6
330 57 345 6
331 346 10 6
10 346 11 6
332 347 331 6
331 347 346 6
333 348 332 6
332 348 347 6
334 349 333 6
333 349 348 6
335 350 334 6
334 350 349 6
336 351 335 6
335 351 350 6
337 352 336 6
336 352 351 6
338 353 337 6
337 353 352 6
339 354 338 6
338 354 353 6
340 355 339 6
339 355 354 6
341 356 340 6
340 356 355 6
342 357 341 6
341 357 356 6
343 358 342 6
342 358 357 6
344 359 343 6
343 359 358 6
345 360 344 6
344 360 359 6
57 56 345 6
345 56 360 6
346 12 11 6
346 361 12 6
347 361 346 6
347 362 361 6
348 362 347 6
348 363 362 6
349 363 348 6
349 364 363 6
350 364 349 6
350 365 364 6
351 365 350 6
351 366 365 6
352 366 351 6
352 367 366 6
353 367 352 6
353 368 367 6
354 368 353 6
354 369 368 6
355 369 354 6
355 370 369 6
356 370 355 6
356 371 370 6
357 371 356 6
357 372 371 6
358 372 357 6
358 373 372 6
359 373 358 6
359 374 373 6
360 374 359 6
360 375 374 6
56 375 360 6
56 55 375 6
361 376 12 6
12 376 13 6
362 377 361 6
361 377 376 6
363 378 362 6
362 378 377 6
364 379 363 6
363 379 378 6
365 380 364 6
364 380 379 6
366 381 365 6
365 381 380 6
367 382 366 6
366 382 381 6
368 383 367 6
367 383 382 6
369 384 368 6
368 384 383 6
370 385 369 6
369 385 384 6
371 386 370 6
370 386 385 6
372 387 371 6
371 387 386 6
373 388 372 6
372 388 387 6
374 389 373 6
373 389 388 6
375 390 374 6
374 390 389 6
55 54 375 6
375 54 390 6
376 391 13 6
13 391 14 6
377 392 376 6
376 392 391 6
378 393 377 6
377 393 392 6
379 394 378 6
378 394 393 6
380 395 379 6
379 395 394 6
381 396 380 6
380 396 395 6
382 397 381 6
381 397 396 6
383 398 382 6
382 398 397 6
384 399 383 6
383 399 398 6
385 400 384 6
384 400 399 6
386 401 385 6
385 401 400 6
387 402 386 6
386 402 401 6
388 403 387 6
387 403 402 6
389 404 388 6
388 404 403 6
390 405 389 6
389 405 404 6
54 53 390 6
390 53 405 6
391 406 14 6
14 406 15 6
392 407 391 6
391 407 406 6
393 408 392 6
392 408 407 6
394 409 393 6
393 409 408 6
395 410 394 6
394 410 409 6
396 411 395 6
395 411 410 6
397 412 396 6
396 412 411 6
398 413 397 6
397 413 412 6
399 414 398 6
398 414 413 6
400 415 399 6
399 415 414 6
401 416 400 6
400 416 415 6
402 417 401 6
401 417 416 6
403 418 402 6
402 418 417 6
404 419 403 6
403 419 418 6
405 420 404 6
404 420 419 6
53 52 405 6
405 52 420 6
406 421 15 6
15 421 16 6
407 422 406 6
406 422 421 6
408 423 407 6
407 423 422 6
409 424 408 6
408 424 423 6
410 425 409 6
409 425 424 6
411 426 410 6
410 426 425 6
412 427 411 6
411 427 426 6
413 428 412 6
412 428 427 6
414 429 413 6
413 429 428 6
415 430 414 6
414 430 429 6
416 431 415 6
415 431 430 6
417 432 416 6
416 432 431 6
418 433 417 6
417 433 432 6
419 434 418 6
418 434 433 6
420 435 419 6
419 435 434 6
52 51 420 6
420 51 435 6
421 436 16 6
16 436 17 6
422 437 421 6
421 437 436 6
423 438 422 6
422 438 437 6
424 439 423 6
423 439 438 6
425 440 424 6
424 440 439 6
426 441 425 6
425 441 440 6
427 442 426 6
426 442 441 6
428 443 427 6
427 443 442 6
429 444 428 6
428 444 443 6
430 445 429 6
429 445 444 6
431 446 430 6
430 446 445 6
432 447 431 6
431 447 446 6
433 448 432 6
432 448 447 6
434 449 433 6
433 449 448 6
435 450 434 6
434 450 449 6
51 50 435 6
435 50 450 6
436 451 17 6
17 451 18 6
437 452 436 6
436 452 451 6
438 453 437 6
437 453 452 6
439 454 438 6
438 454 453 6
440 455 439 6
439 455 454 6
441 456 440 6
440 456 455 6
442 457 441 6
441 457 456 6
443 458 442 6
442 458 457 6
444 459 443 6
443 459 458 6
445 460 444 6
444 460 459 6
446 461 445 6
445 461 460 6
447 462 446 6
446 462 461 6
448 463 447 6
447 463 462 6
449 464 448 6
448 464 463 6
450 465 449 6
449 465 464 6
50 49 450 6
450 49 465 6
451 59 18 6
18 59 2 6
452 60 451 6
451 60 59 6
453 61 452 6
452 61 60 6
454 62 453 6
453 62 61 6
455 63 454 6
454 63 62 6
456 64 455 6
455 64 63 6
457 65 456 6
456 65 64 6
458 66 457 6
457 66 65 6
459 67 458 6
458 67 66 6
460 68 459 6
459 68 67 6
461 69 460 6
460 69 68 6
462 70 461 6
461 70 69 6
463 71 462 6
462 71 70 6
464 72 463 6
463 72 71 6
465 73 464 6
464 73 72 6
49 5 465 6
465 5 73 6
59 466 2 6
2 466 19 6
60 467 59 6
59 467 466 6
61 468 60 6
60 468 467 6
62 469 61 6
61 469 468 6
63 470 62 6
62 470 469 6
64 471 63 6
63 471 470 6
65 472 64 6
64 472 471 6
66 473 65 6
65 473 472 6
67 474 66 6
66 474 473 6
68 475 67 6
67 475 474 6
69 476 68 6
68 476 475 6
70 477 69 6
69 477 476 6
71 478 70 6
70 478 477 6
72 479 71 6
71 479 478 6
73 480 72 6
72 480 479 6
5 98 73 6
73 98 480 6
466 481 19 6
19 481 20 6
467 482 466 6
466 482 481 6
468 483 467 6
467 483 482 6
469 484 468 6
468 484 483 6
470 485 469 6
469 485 484 6
471 486 470 6
470 486 485 6
472 487 471 6
471 487 486 6
473 488 472 6
472 488 487 6
474 489 473 6
473 489 488 6
475 490 474 6
474 490 489 6
476 491 475 6
475 491 490 6
477 492 476 6
476 492 491 6
478 493 477 6
477 493 492 6
479 494 478 6
478 494 493 6
480 495 479 6
479 495 494 6
98 97 480 6
480 97 495 6
481 496 20 6
20 496 21 6
482 497 481 6
481 497 496 6
483 498 482 6
482 498 497 6
484 499 483 6
483 499 498 6
485 500 484 6
484 500 499 6
486 501 485 6
485 501 500 6
487 502 486 6
486 502 501 6
488 503 487 6
487 503 502 6
489 504 488 6
488 504 503 6
490 505 489 6
489 505 504 6
491 506 490 6
490 506 505 6
492 507 491 6
491 507 506 6
493 508 492 6
492 508 507 6
494 509 493 6
493 509 508 6
495 510 494 6
494 510 509 6
97 96 495 6
495 96 510 6
496 511 21 6
21 511 22 6
497 512 496 6
496 512 511 6
498 513 497 6
497 513 512 6
499 514 498 6
498 514 513 6
500 515 499 6
499 515 514 6
501 516 500 6
500 516 515 6
502 517 501 6
501 517 516 6
503 518 502 6
502 518 517 6
504 519 503 6
503 519 518 6
505 520 504 6
504 520 519 6
506 521 505 6
505 521 520 6
507 522 506 6
506 522 521 6
508 523 507 6
507 523 522 6
509 524 508 6
508 524 523 6
510 525 509 6
509 525 524 6
96 95 510 6
510 95 525 6
511 526 22 6
22 526 23 6
512 527 511 6
511 527 526 6
513 528 512 6
512 528 527 6
514 529 513 6
513 529 528 6
515 530 514 6
514 530 529 6
516 531 515 6
515 531 530 6
517 532 516 6
516 532 531 6
518 533 517 6
517 533 532 6
519 534 518 6
518 534 533 6
520 535 519 6
519 535 534 6
521 536 520 6
520 536 535 6
522 537 521 6
521 537 536 6
523 538 522 6
522 538 537 6
524 539 523 6
523 539 538 6
525 540 524 6
524 540 539 6
95 94 525 6
525 94 540 6
526 541 23 6
23 541 24 6
527 542 526 6
526 542 541 6
528 543 527 6
527 543 542 6
529 544 528 6
528 544 543 6
530 545 529 6
529 545 544 6
531 546 530 6
530 546 545 6
532 547 531 6
531 547 546 6
533 548 532 6
532 548 547 6
534 549 533 6
533 549 548 6
535 550 534 6
534 550 549 6
536 551 535 6
535 551 550 6
537 552 536 6
536 552 551 6
538 553 537 6
537 553 552 6
539 554 538 6
538 554 553 6
540 555 539 6
539 555 554 6
94 93 540 6
540 93 555 6
541 556 24 6
24 556 25 6
542 557 541 6
541 557 556 6
543 558 542 6
542 558 557 6
544 559 543 6
543 559 558 6
545 560 544 6
544 560 559 6
546 561 545 6
545 561 560 6
547 562 546 6
546 562 561 6
548 563 547 6
547 563 562 6
549 564 548 6
548 564 563 6
550 565 549 6
549 565 564 6
551 566 550 6
550 566 565 6
552 567 551 6
551 567 566 6
553 568 552 6
552 568 567 6
554 569 553 6
553 569 568 6
555 570 554 6
554 570 569 6
93 92 555 6
555 92 570 6
556 571 25 6
25 571 26 6
557 572 556 6
556 572 571 6
558 573 557 6
557 573 572 6
559 574 558 6
558 574 573 6
560 575 559 6
559 575 574 6
561 576 560 6
560 576 575 6
562 577 561 6
561 577 576 6
563 578 562 6
562 578 577 6
564 579 563 6
563 579 578 6
565 580 564 6
564 580 579 6
566 581 565 6
565 581 580 6
567 582 566 6
566 582 581 6
568 583 567 6
567 583 582 6
569 584 568 6
568 584 583 6
570 585 569 6
569 585 584 6
92 91 570 6
570 91 585 6
571 586 26 6
26 586 27 6
572 587 571 6
571 587 586 6
573 588 572 6
572 588 587 6
574 589 573 6
573 589 588 6
575 590 574 6
574 590 589 6
576 591 575 6
575 591 590 6
577 592 576 6
576 592 591 6
578 593 577 6
577 593 592 6
579 594 578 6
578 594 593 6
580 595 579 6
579 595 594 6
581 596 580 6
580 596 595 6
582 597 581 6
581 597 596 6
583 598 582 6
582 598 597 6
584 599 583 6
583 599 598 6
585 600 584 6
584 600 599 6
91 90 585 6
585 90 600 6
586 601 27 6
27 601 28 6
587 602 586 6
586 602 601 6
588 603 587 6
587 603 602 6
589 604 588 6
588 604 603 6
590 605 589 6
589 605 604 6
591 606 590 6
590 606 605 6
592 607 591 6
591 607 606 6
593 608 592 6
592 608 607 6
594 609 593 6
593 609 608 6
595 610 594 6
594 610 609 6
596 611 595 6
595 611 610 6
597 612 596 6
596 612 611 6
598 613 597 6
597 613 612 6
599 614 598 6
598 614 613 6
600 615 599 6
599 615 614 6
90 89 600 6
600 89 615 6
601 99 28 6
28 99 3 6
602 100 601 6
601 100 99 6
603 101 602 6
602 101 100 6
604 102 603 6
603 102 101 6
605 103 604 6
604 103 102 6
606 104 605 6
605 104 103 6
607 105 606 6
606 105 104 6
608 106 607 6
607 106 105 6
609 107 608 6
608 107 106 6
610 108 609 6
609 108 107 6
611 109 610 6
610 109 108 6
612 110 611 6
611 110 109 6
613 111 612 6
612 111 110 6
614 112 613 6
613 112 111 6
615 113 614 6
614 113 112 6
89 7 615 6
615 7 113 6
99 29 3 6
99 616 29 6
100 616 99 6
100 617 616 6
101 617 100 6
101 618 617 6
102 618 101 6
102 619 618 6
103 619 102 6
103 620 619 6
104 620 103 6
104 621 620 6
105 621 104 6
105 622 621 6
106 622 105 6
106 623 622 6
107 623 106 6
107 624 623 6
108 624 107 6
108 625 624 6
109 625 108 6
109 626 625 6
110 626 109 6
110 627 626 6
111 627 110 6
111 628 627 6
112 628 111 6
112 629 628 6
113 629 112 6
113 630 629 6
7 630 113 6
7 123 630 6
616 631 29 6
29 631 30 6
617 632 616 6
616 632 631 6
618 633 617 6
617 633 632 6
619 634 618 6
618 634 633 6
620 635 619 6
619 635 634 6
621 636 620 6
620 636 635 6
622 637 621 6
621 637 636 6
623 638 622 6
622 638 637 6
624 639 623 6
623 639 638 6
625 640 624 6
624 640 639 6
626 641 625 6
625 641 640 6
627 642 626 6
626 642 641 6
628 643 627 6
627 643 642 6
629 644 628 6
628 644 643 6
630 645 629 6
629 645 644 6
123 122 630 6
630 122 645 6
631 646 30 6
30 646 31 6
632 647 631 6
631 647 646 6
633 648 632 6
632 648 647 6
634 649 633 6
633 649 648 6
635 650 634 6
634 650 649 6
636 651 635 6
635 651 650 6
637 652 636 6
636 652 651 6
638 653 637 6
637 653 652 6
639 654 638 6
638 654 653 6
640 655 639 6
639 655 654 6
641 656 640 6
640 656 655 6
642 657 641 6
641 657 656 6
643 658 642 6
642 658 657 6
644 659 643 6
643 659 658 6
645 660 644 6
644 660 659 6
122 121 645 6
645 121 660 6
646 661 31 6
31 661 32 6
647 662 646 6
646 662 661 6
648 663 647 6
647 663 662 6
649 664 648 6
648 664 663 6
650 665 649 6
649 665 664 6
651 666 650 6
650 666 665 6
652 667 651 6
651 667 666 6
653 668 652 6
652 668 667 6
654 669 653 6
653 669 668 6
655 670 654 6
654 670 669 6
656 671 655 6
655 671 670 6
657 672 656 6
656 672 671 6
658 673 657 6
657 673 672 6
659 674 658 6
658 674 673 6
660 675 659 6
659 675 674 6
121 120 660 6
660 120 675 6
661 676 32 6
32 676 33 6
662 677 661 6
661 677 676 6
663 678 662 6
662 678 677 6
664 679 663 6
663 679 678 6
665 680 664 6
664 680 679 6
666 681 665 6
665 681 680 6
667 682 666 6
666 682 681 6
668 683 667 6
667 683 682 6
669 684 668 6
668 684 683 6
670 685 669 6
669 685 684 6
671 686 670 6
670 686 685 6
672 687 671 6
671 687 686 6
673 688 672 6
672 688 687 6
674 689 673 6
673 689 688 6
675 690 674 6
674 690 689 6
120 119 675 6
675 119 690 6
676 691 33 6
33 691 34 6
677 692 676 6
676 692 691 6
678 693 677 6
677 693 692 6
679 694 678 6
678 694 693 6
680 695 679 6
679 695 694 6
681 696 680 6
680 696 695 6
682 697 681 6
681 697 696 6
683 698 682 6
682 698 697 6
684 699 683 6
683 699 698 6
685 700 684 6
684 700 699 6
686 701 685 6
685 701 700 6
687 702 686 6
686 702 701 6
688 703 687 6
687 703 702 6
689 704 688 6
688 704 703 6
690 705 689 6
689 705 704 6
119 118 690 6
690 118 705 6
691 35 34 6
691 706 35 6
692 706 691 6
692 707 706 6
693 707 692 6
693 708 707 6
694 708 693 6
694 709 708 6
695 709 694 6
695 710 709 6
696 710 695 6
696 711 710 6
697 711 696 6
697 712 711 6
698 712 697 6
698 713 712 6
699 713 698 6
699 714 713 6
700 714 699 6
700 715 714 6
701 715 700 6
701 716 715 6
702 716 701 6
702 717 716 6
703 717 702 6
703 718 717 6
704 718 703 6
704 719 718 6
705 719 704 6
705 720 719 6
118 720 705 6
118 117 720 6
706 721 35 6
35 721 36 6
707 722 706 6
706 722 721 6
708 723 707 6
707 723 722 6
709 724 708 6
708 724 723 6
710 725 709 6
709 725 724 6
711 726 710 6
710 726 725 6
712 727 711 6
711 727 726 6
713 728 712 6
712 728 727 6
714 729 713 6
713 729 728 6
715 730 714 6
714 730 729 6
716 731 715 6
715 731 730 6
717 732 716 6
716 732 731 6
718 733 717 6
717 733 732 6
719 734 718 6
718 734 733 6
720 735 719 6
719 735 734 6
117 116 720 6
720 116 735 6
721 736 36 6
36 736 37 6
722 737 721 6
721 737 736 6
723 738 722 6
722 738 737 6
724 739 723 6
723 739 738 6
725 740 724 6
724 740 739 6
726 741 725 6
725 741 740 6
727 742 726 6
726 742 741 6
728 743 727 6
727 743 742 6
729 744 728 6
728 744 743 6
730 745 729 6
729 745 744 6
731 746 730 6
730 746 745 6
732 747 731 6
731 747 746 6
733 748 732 6
732 748 747 6
734 749 733 6
733 749 748 6
735 750 734 6
734 750 749 6
116 115 735 6
735 115 750 6
736 751 37 6
37 751 38 6
737 752 736 6
736 752 751 6
738 753 737 6
737 753 752 6
739 754 738 6
738 754 753 6
740 755 739 6
739 755 754 6
741 756 740 6
740 756 755 6
742 757 741 6
741 757 756 6
743 758 742 6
742 758 757 6
744 759 743 6
743 759 758 6
745 760 744 6
744 760 759 6
746 761 745 6
745 761 760 6
747 762 746 6
746 762 761 6
748 763 747 6
747 763 762 6
749 764 748 6
748 764 763 6
750 765 749 6
749 765 764 6
115 114 750 6
750 114 765 6
751 124 38 6
38 124 4 6
752 125 751 6
751 125 124 6
753 126 752 6
752 126 125 6
754 127 753 6
753 127 126 6
755 128 754 6
754 128 127 6
756 129 755 6
755 129 128 6
757 130 756 6
756 130 129 6
758 131 757 6
757 131 130 6
759 132 758 6
758 132 131 6
760 133 759 6
759 133 132 6
761 134 760 6
760 134 133 6
762 135 761 6
761 135 134 6
763 136 762 6
762 136 135 6
764 137 763 6
763 137 136 6
765 138 764 6
764 138 137 6
114 8 765 6
765 8 138 6
124 766 4 6
4 766 39 6
125 767 124 6
124 767 766 6
126 768 125 6
125 768 767 6
127 769 126 6
126 769 768 6
128 770 127 6
127 770 769 6
129 771 128 6
128 771 770 6
130 772 129 6
129 772 771 6
131 773 130 6
130 773 772 6
132 774 131 6
131 774 773 6
133 775 132 6
132 775 774 6
134 776 133 6
133 776 775 6
135 777 134 6
134 777 776 6
136 778 135 6
135 778 777 6
137 779 136 6
136 779 778 6
138 780 137 6
137 780 779 6
8 148 138 6
138 148 780 6
766 781 39 6
39 781 40 6
767 782 766 6
766 782 781 6
768 783 767 6
767 783 782 6
769 784 768 6
768 784 783 6
770 785 769 6
769 785 784 6
771 786 770 6
770 786 785 6
772 787 771 6
771 787 786 6
773 788 772 6
772 788 787 6
774 789 773 6
773 789 788 6
775 790 774 6
774 790 789 6
776 791 775 6
775 791 790 6
777 792 776 6
776 792 791 6
778 793 777 6
777 793 792 6
779 794 778 6
778 794 793 6
780 795 779 6
779 795 794 6
148 147 780 6
780 147 795 6
781 796 40 6
40 796 41 6
782 797 781 6
781 797 796 6
783 798 782 6
782 798 797 6
784 799 783 6
783 799 798 6
785 800 784 6
784 800 799 6
786 801 785 6
785 801 800 6
787 802 786 6
786 802 801 6
788 803 787 6
787 803 802 6
789 804 788 6
788 804 803 6
790 805 789 6
789 805 804 6
791 806 790 6
790 806 805 6
792 807 791 6
791 807 806 6
793 808 792 6
792 808 807 6
794 809 793 6
793 809 808 6
795 810 794 6
794 810 809 6
147 146 795 6
795 146 810 6
796 42 41 6
796 811 42 6
797 811 796 6
797 812 811 6
798 812 797 6
798 813 812 6
799 813 798 6
799 814 813 6
800 814 799 6
800 815 814 6
801 815 800 6
801 816 815 6
802 816 801 6
802 817 816 6
803 817 802 6
803 818 817 6
804 818 803 6
804 819 818 6
805 819 804 6
805 820 819 6
806 820 805 6
806 821 820 6
807 821 806 6
807 822 821 6
808 822 807 6
808 823 822 6
809 823 808 6
809 824 823 6
810 824 809 6
810 825 824 6
146 825 810 6
146 145 825 6
811 826 42 6
42 826 43 6
812 827 811 6
811 827 826 6
813 828 812 6
812 828 827 6
814 829 813 6
813 829 828 6
815 830 814 6
814 830 829 6
816 831 815 6
815 831 830 6
817 832 816 6
816 832 831 6
818 833 817 6
817 833 832 6
819 834 818 6
818 834 833 6
820 835 819 6
819 835 834 6
821 836 820 6
820 836 835 6
822 837 821 6
821 837 836 6
823 838 822 6
822 838 837 6
824 839 823 6
823 839 838 6
825 840 824 6
824 840 839 6
145 144 825 6
825 144 840 6
826 841 43 6
43 841 44 6
827 842 826 6
826 842 841 6
828 843 827 6
827 843 842 6
829 844 828 6
828 844 843 6
830 845 829 6
829 845 844 6
831 846 830 6
830 846 845 6
832 847 831 6
831 847 846 6
833 848 832 6
832 848 847 6
834 849 833 6
833 849 848 6
835 850 834 6
834 850 849 6
836 851 835 6
835 851 850 6
837 852 836 6
836 852 851 6
838 853 837 6
837 853 852 6
839 854 838 6
838 854 853 6
840 855 839 6
839 855 854 6
144 143 840 6
840 143 855 6
841 856 44 6
44 856 45 6
842 857 841 6
841 857 856 6
843 858 842 6
842 858 857 6
844 859 843 6
843 859 858 6
845 860 844 6
844 860 859 6
846 861 845 6
845 861 860 6
847 862 846 6
846 862 861 6
848 863 847 6
847 863 862 6
849 864 848 6
848 864 863 6
850 865 849 6
849 865 864 6
851 866 850 6
850 866 865 6
852 867 851 6
851 867 866 6
853 868 852 6
852 868 867 6
854 869 853 6
853 869 868 6
855 870 854 6
854 870 869 6
143 142 855 6
855 142 870 6
856 871 45 6
45 871 46 6
857 872 856 6
856 872 871 6
858 873 857 6
857 873 872 6
859 874 858 6
858 874 873 6
860 875 859 6
859 875 874 6
861 876 860 6
860 876 875 6
862 877 861 6
861 877 876 6
863 878 862 6
862 878 877 6
864 879 863 6
863 879 878 6
865 880 864 6
864 880 879 6
866 881 865 6
865 881 880 6
867 882 866 6
866 882 881 6
868 883 867 6
867 883 882 6
869 884 868 6
868 884 883 6
870 885 869 6
869 885 884 6
142 141 870 6
870 141 885 6
871 886 46 6
46 886 47 6
872 887 871 6
871 887 886 6
873 888 872 6
872 888 887 6
874 889 873 6
873 889 888 6
875 890 874 6
874 890 889 6
876 891 875 6
875 891 890 6
877 892 876 6
876 892 891 6
878 893 877 6
877 893 892 6
879 894 878 6
878 894 893 6
880 895 879 6
879 895 894 6
881 896 880 6
880 896 895 6
882 897 881 6
881 897 896 6
883 898 882 6
882 898 897 6
884 899 883 6
883 899 898 6
885 900 884 6
884 900 899 6
141 140 885 6
885 140 900 6
886 901 47 6
47 901 48 6
887 902 886 6
886 902 901 6
888 903 887 6
887 903 902 6
889 904 888 6
888 904 903 6
890 905 889 6
889 905 904 6
891 906 890 6
890 906 905 6
892 907 891 6
891 907 906 6
893 908 892 6
892 908 907 6
894 909 893 6
893 909 908 6
895 910 894 6
894 910 909 6
896 911 895 6
895 911 910 6
897 912 896 6
896 912 911 6
898 913 897 6
897 913 912 6
899 914 898 6
898 914 913 6
900 915 899 6
899 915 914 6
140 139 900 6
900 139 915 6
901 74 48 6
48 74 1 6
902 75 901 6
901 75 74 6
903 76 902 6
902 76 75 6
904 77 903 6
903 77 76 6
905 78 904 6
904 78 77 6
906 79 905 6
905 79 78 6
907 80 906 6
906 80 79 6
908 81 907 6
907 81 80 6
909 82 908 6
908 82 81 6
910 83 909 6
909 83 82 6
911 84 910 6
910 84 83 6
912 85 911 6
911 85 84 6
913 86 912 6
912 86 85 6
914 87 913 6
913 87 86 6
915 88 914 6
914 88 87 6
139 6 915 6
915 6 88 6
919 995 1062 5
55 54 1051 5
995 919 1066 5
994 1015 1055 5
1015 929 1055 5
57 56 1050 5
89 7 1052 5
917 997 1007 5
1025 922 1026 5
922 1025 1044 5
119 118 1034 5
56 923 1050 5
118 926 1034 5
1027 1026 1054 5
997 917 1052 5
1044 1025 1046 5
1046 1021 1047 5
1044 1046 1065 5
930 1046 1047 5
1026 922 1054 5
1051 54 1072 5
1029 927 1060 5
923 55 1051 5
993 1005 1006 5
993 1006 1007 5
929 1015 1052 5
995 1020 1062 5
917 89 1052 5
7 929 1052 5
1061 1048 1068 5
1015 997 1052 5
997 991 1007 5
927 1029 1073 5
1005 993 1009 5
991 993 1007 5
916 1061 1068 5
1003 925 1005 5
1004 1005 1009 5
1030 1029 1060 5
57 1050 1071 5
938 935 1004 5
1005 925 1006 5
1007 1006 1059 5
1023 1048 1053 5
938 1004 1009 5
1001 918 1057 5
935 933 1004 5
1063 1000 1067 5
994 1055 1056 5
1033 921 1070 5
981 1049 1051 5
1009 992 1011 5
917 1007 1059 5
1027 1054 1058 5
146 922 1044 5
147 146 1044 5
993 992 1009 5
938 1009 1011 5
999 1008 1010 5
999 1001 1008 5
1008 936 1010 5
1010 940 1042 5
999 1010 1042 5
937 940 1010 5
942 1011 1012 5
1011 992 1012 5
942 939 1011 5
1013 944 1041 5
940 1013 1042 5
982 1013 1041 5
941 944 1013 5
942 1012 1037 5
943 942 1037 5
1014 948 1040 5
944 1014 1041 5
5 98 928 5
7 123 929 5
8 148 930 5
6 58 931 5
1032 1014 1040 5
945 948 1014 5
96 95 920 5
121 120 921 5
146 145 922 5
56 55 923 5
1016 975 1021 5
957 975 1016 5
989 997 1015 5
948 947 1022 5
977 981 1018 5
985 965 1028 5
968 985 1023 5
1035 967 1040 5
989 991 997 5
948 1035 1040 5
948 1022 1035 5
1028 1029 1030 5
953 952 957 5
983 984 998 5
974 1027 1031 5
960 996 1019 5
957 959 975 5
987 988 989 5
975 959 995 5
1028 964 1029 5
989 990 991 5
983 979 984 5
998 984 1000 5
950 949 952 5
971 976 977 5
982 979 983 5
978 977 979 5
965 964 1028 5
968 965 985 5
961 956 962 5
987 989 1015 5
987 973 988 5
954 956 961 5
989 988 990 5
953 957 1016 5
971 977 978 5
969 971 1032 5
957 958 959 5
957 952 958 5
986 973 987 5
947 950 1022 5
995 1019 1020 5
946 943 1037 5
963 962 964 5
962 974 1031 5
949 946 951 5
1017 1016 1021 5
991 992 993 5
979 977 1018 5
950 952 953 5
994 987 1015 5
977 976 981 5
954 955 956 5
969 970 971 5
947 946 949 5
978 979 982 5
961 962 963 5
960 972 996 5
967 969 1040 5
945 947 948 5
970 968 1023 5
983 998 999 5
980 970 1023 5
974 1026 1027 5
991 990 992 5
995 959 1019 5
999 998 1001 5
964 962 1031 5
947 949 950 5
50 49 918 5
950 954 1022 5
90 89 917 5
115 114 919 5
966 1036 1039 5
954 961 1022 5
971 970 976 5
973 966 1039 5
956 955 1024 5
950 953 954 5
949 951 1036 5
958 952 1036 5
1036 951 1039 5
954 953 955 5
963 964 965 5
962 956 974 5
984 979 1018 5
971 978 1032 5
955 1017 1024 5
986 987 994 5
976 970 980 5
959 960 1019 5
1024 1017 1025 5
952 949 1036 5
959 958 960 5
967 968 969 5
996 1033 1034 5
996 972 1033 5
140 139 916 5
1029 964 1031 5
972 966 973 5
972 973 986 5
967 965 968 5
966 958 1036 5
969 968 970 5
955 953 1016 5
961 963 1035 5
963 965 967 5
955 1016 1017 5
93 92 925 5
118 117 926 5
945 946 947 5
53 52 924 5
1024 1025 1026 5
974 956 1024 5
969 1032 1040 5
963 967 1035 5
951 1037 1038 5
1022 961 1035 5
1037 1012 1038 5
143 142 927 5
992 990 1012 5
951 946 1037 5
960 966 972 5
988 973 1039 5
960 958 966 5
974 1024 1026 5
972 986 1033 5
990 988 1038 5
951 1038 1039 5
1012 990 1038 5
1038 988 1039 5
944 945 1014 5
945 943 946 5
1032 978 1041 5
1014 1032 1041 5
978 982 1041 5
944 943 945 5
941 943 944 5
941 942 943 5
1013 982 1042 5
982 983 1042 5
940 941 1013 5
941 939 942 5
983 999 1042 5
940 939 941 5
939 938 1011 5
937 939 940 5
937 938 939 5
1002 936 1008 5
936 937 1010 5
937 935 938 5
934 936 1002 5
936 935 937 5
928 1002 1079 5
921 1033 1075 5
1004 1003 1005 5
934 935 936 5
933 1003 1004 5
934 933 935 5
1048 931 1053 5
918 1001 1082 5
1034 926 1080 5
933 932 1003 5
920 933 934 5
934 1002 1045 5
924 1063 1067 5
96 920 1045 5
97 96 1045 5
1049 923 1051 5
1017 1021 1046 5
119 1034 1070 5
1002 928 1064 5
923 1049 1050 5
981 976 1049 5
1018 981 1043 5
980 1023 1053 5
1030 916 1068 5
926 1020 1080 5
1034 1033 1070 5
1021 975 1066 5
1000 984 1067 5
1028 1030 1068 5
920 934 1045 5
1025 1017 1046 5
1049 980 1050 5
1029 1031 1073 5
1033 986 1075 5
1002 1008 1079 5
1001 998 1082 5
996 1034 1080 5
1020 1019 1080 5
1023 985 1048 5
920 932 933 5
925 1003 1074 5
1047 1021 1066 5
1043 924 1067 5
1018 1043 1067 5
1027 1058 1073 5
976 980 1049 5
1001 1057 1079 5
994 1056 1075 5
1043 1051 1072 5
1020 926 1081 5
95 94 932 5
145 144 1054 5
144 143 1058 5
920 95 932 5
922 145 1054 5
121 921 1056 5
5 928 1057 5
143 927 1058 5
6 931 1061 5
49 5 1057 5
918 49 1057 5
122 121 1056 5
139 6 1061 5
916 139 1061 5
142 141 1060 5
123 122 1055 5
929 123 1055 5
91 90 1059 5
90 917 1059 5
927 142 1060 5
116 115 1062 5
1048 985 1068 5
931 1048 1061 5
924 52 1063 5
1046 930 1065 5
1050 980 1053 5
115 919 1062 5
148 147 1065 5
1006 925 1076 5
916 1030 1078 5
919 1047 1066 5
50 918 1069 5
1043 981 1051 5
120 119 1070 5
931 58 1071 5
1045 1002 1064 5
98 97 1064 5
53 924 1072 5
928 98 1064 5
93 925 1074 5
52 51 1063 5
925 92 1076 5
8 930 1077 5
919 114 1077 5
926 117 1081 5
140 916 1078 5
930 148 1065 5
147 1044 1065 5
1003 932 1074 5
975 995 1066 5
984 1018 1067 5
1059 1006 1076 5
985 1028 1068 5
924 1043 1072 5
51 50 1069 5
921 120 1070 5
58 57 1071 5
930 1047 1077 5
1047 919 1077 5
97 1045 1064 5
1054 144 1058 5
1055 122 1056 5
1057 928 1079 5
1058 927 1073 5
54 53 1072 5
1031 1027 1073 5
94 93 1074 5
986 994 1075 5
1053 931 1071 5
1030 1060 1078 5
92 91 1076 5
114 8 1077 5
141 140 1078 5
116 1062 1081 5
1050 1053 1071 5
932 94 1074 5
1008 1001 1079 5
1019 996 1080 5
117 116 1081 5
998 1000 1082 5
1063 51 1069 5
1000 1063 1069 5
91 1059 1076 5
1062 1020 1081 5
1060 141 1078 5
1056 921 1075 5
1069 918 1082 5
1000 1069 1082 5

Tetrahedra
18048
152 228 295 3273 15
2268 1128 3273 228 15
228 1128 3273 152 15
1128 2268 3273 3274 15
2269 1129 3274 2268 15
2268 1129 3274 1128 15
1129 2269 3274 3275 15
2270 1130 3275 2269 15
2269 1130 3275 1129 15
1130 2270 3275 3276 15
2271 1131 3276 2270 15
2270 1131 3276 1130 15
1131 2271 3276 3277 15
2272 1132 3277 2271 15
2271 1132 3277 1131 15
1132 2272 3277 3278 15
2273 1133 3278 2272 15
2272 1133 3278 1132 15
1133 2273 3278 3279 15
2274 1134 3279 2273 15
2273 1134 3279 1133 15
1134 2274 3279 3280 15
2275 1135 3280 2274 15
2274 1135 3280 1134 15
1135 2275 3280 3281 15
2276 1136 3281 2275 15
2275 1136 3281 1135 15
1136 2276 3281 3282 15
2277 1137 3282 2276 15
2276 1137 3282 1136 15
1137 2277 3282 3283 15
2278 1138 3283 2277 15
2277 1138 3283 1137 15
1138 2278 3283 3284 15
2279 1139 3284 2278 15
2278 1139 3284 1138 15
1139 2279 3284 3285 15
2280 1140 3285 2279 15
2279 1140 3285 1139 15
1140 2280 3285 3286 15
2281 1141 3286 2280 15
2280 1141 3286 1140 15
1141 2281 3286 3287 15
2282 1142 3287 2281 15
2281 1142 3287 1141 15
1142 2282 3287 1062 15
995 919 1062 2282 15
2282 919 1062 1142 15
12 13 284 3108 15
376 361 3108 12 15
13 12 376 3108 15
361 376 3108 3109 15
377 362 3109 361 15
376 361 377 3109 15
362 377 3109 3110 15
378 363 3110 362 15
377 362 378 3110 15
363 378 3110 3111 15
379 364 3111 363 15
378 363 379 3111 15
364 379 3111 3112 15
380 365 3112 364 15
379 364 380 3112 15
365 380 3112 3113 15
381 366 3113 365 15
380 365 381 3113 15
366 381 3113 3114 15
382 367 3114 366 15
381 366 382 3114 15
367 382 3114 3115 15
383 368 3115 367 15
382 367 383 3115 15
368 383 3115 3116 15
384 369 3116 368 15
383 368 384 3116 15
369 384 3116 3117 15
385 370 3117 369 15
384 369 385 3117 15
370 385 3117 3118 15
386 371 3118 370 15
385 370 386 3118 15
371 386 3118 3119 15
387 372 3119 371 15
386 371 387 3119 15
372 387 3119 3120 15
388 373 3120 372 15
387 372 388 3120 15
373 388 3120 3121 15
389 374 3121 373 15
388 373 389 3121 15
374 389 3121 3122 15
390 375 3122 374 15
389 374 390 3122 15
375 390 3122 1051 15
54 55 1051 375 15
390 375 54 1051 15
228 152 299 3333 15
1128 2268 3333 228 15
152 228 1128 3333 15
2268 1128 3333 3334 15
1129 2269 3334 2268 15
1128 2268 1129 3334 15
2269 1129 3334 3335 15
1130 2270 3335 2269 15
1129 2269 1130 3335 15
2270 1130 3335 3336 15
1131 2271 3336 2270 15
1130 2270 1131 3336 15
2271 1131 3336 3337 15
1132 2272 3337 2271 15
1131 2271 1132 3337 15
2272 1132 3337 3338 15
1133 2273 3338 2272 15
1132 2272 1133 3338 15
2273 1133 3338 3339 15
1134 2274 3339 2273 15
1133 2273 1134 3339 15
2274 1134 3339 3340 15
1135 2275 3340 2274 15
1134 2274 1135 3340 15
2275 1135 3340 3341 15
1136 2276 3341 2275 15
1135 2275 1136 3341 15
2276 1136 3341 3342 15
1137 2277 3342 2276 15
1136 2276 1137 3342 15
2277 1137 3342 3343 15
1138 2278 3343 2277 15
1137 2277 1138 3343 15
2278 1138 3343 3344 15
1139 2279 3344 2278 15
1138 2278 1139 3344 15
2279 1139 3344 3345 15
1140 2280 3345 2279 15
1139 2279 1140 3345 15
2280 1140 3345 3346 15
1141 2281 3346 2280 15
1140 2280 1141 3346 15
2281 1141 3346 3347 15
1142 2282 3347 2281 15
1141 2281 1142 3347 15
2282 1142 3347 1066 15
919 995 1066 2282 15
1142 2282 919 1066 15
227 248 288 3168 15
2568 2253 3168 248 15
248 2253 3168 227 15
2253 2568 3168 3169 15
2569 2254 3169 2568 15
2568 2254 3169 2253 15
2254 2569 3169 3170 15
2570 2255 3170 2569 15
2569 2255 3170 2254 15
2255 2570 3170 3171 15
2571 2256 3171 2570 15
2570 2256 3171 2255 15
2256 2571 3171 3172 15
2572 2257 3172 2571 15
2571 2257 3172 2256 15
2257 2572 3172 3173 15
2573 2258 3173 2572 15
2572 2258 3173 2257 15
2258 2573 3173 3174 15
2574 2259 3174 2573 15
2573 2259 3174 2258 15
2259 2574 3174 3175 15
2575 2260 3175 2574 15
2574 2260 3175 2259 15
2260 2575 3175 3176 15
2576 2261 3176 2575 15
2575 2261 3176 2260 15
2261 2576 3176 3177 15
2577 2262 3177 2576 15
2576 2262 3177 2261 15
2262 2577 3177 3178 15
2578 2263 3178 2577 15
2577 2263 3178 2262 15
2263 2578 3178 3179 15
2579 2264 3179 2578 15
2578 2264 3179 2263 15
2264 2579 3179 3180 15
2580 2265 3180 2579 15
2579 2265 3180 2264 15
2265 2580 3180 3181 15
2581 2266 3181 2580 15
2580 2266 3181 2265 15
2266 2581 3181 3182 15
2582 2267 3182 2581 15
2581 2267 3182 2266 15
2267 2582 3182 1055 15
1015 994 1055 2582 15
2582 994 1055 2267 15
248 162 288 3168 15
1278 2568 3168 162 15
162 2568 3168 248 15
2568 1278 3168 3169 15
1279 2569 3169 1278 15
1278 2569 3169 2568 15
2569 1279 3169 3170 15
1280 2570 3170 1279 15
1279 2570 3170 2569 15
2570 1280 3170 3171 15
1281 2571 3171 1280 15
1280 2571 3171 2570 15
2571 1281 3171 3172 15
1282 2572 3172 1281 15
1281 2572 3172 2571 15
2572 1282 3172 3173 15
1283 2573 3173 1282 15
1282 2573 3173 2572 15
2573 1283 3173 3174 15
1284 2574 3174 1283 15
1283 2574 3174 2573 15
2574 1284 3174 3175 15
1285 2575 3175 1284 15
1284 2575 3175 2574 15
2575 1285 3175 3176 15
1286 2576 3176 1285 15
1285 2576 3176 2575 15
2576 1286 3176 3177 15
1287 2577 3177 1286 15
1286 2577 3177 2576 15
2577 1287 3177 3178 15
1288 2578 3178 1287 15
1287 2578 3178 2577 15
2578 1288 3178 3179 15
1289 2579 3179 1288 15
1288 2579 3179 2578 15
2579 1289 3179 3180 15
1290 2580 3180 1289 15
1289 2580 3180 2579 15
2580 1290 3180 3181 15
1291 2581 3181 1290 15
1290 2581 3181 2580 15
2581 1291 3181 3182 15
1292 2582 3182 1291 15
1291 2582 3182 2581 15
2582 1292 3182 1055 15
929 1015 1055 1292 15
1292 1015 1055 2582 15
10 11 283 3093 15
346 331 3093 10 15
11 10 346 3093 15
331 346 3093 3094 15
347 332 3094 331 15
346 331 347 3094 15
332 347 3094 3095 15
348 333 3095 332 15
347 332 348 3095 15
333 348 3095 3096 15
349 334 3096 333 15
348 333 349 3096 15
334 349 3096 3097 15
350 335 3097 334 15
349 334 350 3097 15
335 350 3097 3098 15
351 336 3098 335 15
350 335 351 3098 15
336 351 3098 3099 15
352 337 3099 336 15
351 336 352 3099 15
337 352 3099 3100 15
353 338 3100 337 15
352 337 353 3100 15
338 353 3100 3101 15
354 339 3101 338 15
353 338 354 3101 15
339 354 3101 3102 15
355 340 3102 339 15
354 339 355 3102 15
340 355 3102 3103 15
356 341 3103 340 15
355 340 356 3103 15
341 356 3103 3104 15
357 342 3104 341 15
356 341 357 3104 15
342 357 3104 3105 15
358 343 3105 342 15
357 342 358 3105 15
343 358 3105 3106 15
359 344 3106 343 15
358 343 359 3106 15
344 359 3106 3107 15
360 345 3107 344 15
359 344 360 3107 15
345 360 3107 1050 15
56 57 1050 345 15
360 345 56 1050 15
28 3 285 3123 15
99 601 3123 28 15
3 28 99 3123 15
601 99 3123 3124 15
100 602 3124 601 15
99 601 100 3124 15
602 100 3124 3125 15
101 603 3125 602 15
100 602 101 3125 15
603 101 3125 3126 15
102 604 3126 603 15
101 603 102 3126 15
604 102 3126 3127 15
103 605 3127 604 15
102 604 103 3127 15
605 103 3127 3128 15
104 606 3128 605 15
103 605 104 3128 15
606 104 3128 3129 15
105 607 3129 606 15
104 606 105 3129 15
607 105 3129 3130 15
106 608 3130 607 15
105 607 106 3130 15
608 106 3130 3131 15
107 609 3131 608 15
106 608 107 3131 15
609 107 3131 3132 15
108 610 3132 609 15
107 609 108 3132 15
610 108 3132 3133 15
109 611 3133 610 15
108 610 109 3133 15
611 109 3133 3134 15
110 612 3134 611 15
109 611 110 3134 15
612 110 3134 3135 15
111 613 3135 612 15
110 612 111 3135 15
613 111 3135 3136 15
112 614 3136 613 15
111 613 112 3136 15
614 112 3136 3137 15
113 615 3137 614 15
112 614 113 3137 15
615 113 3137 1052 15
7 89 1052 615 15
113 615 7 1052 15
150 230 240 2448 15
2298 1098 2448 230 15
230 1098 2448 150 15
1098 2298 2448 2449 15
2299 1099 2449 2298 15
2298 1099 2449 1098 15
1099 2299 2449 2450 15
2300 1100 2450 2299 15
2299 1100 2450 1099 15
1100 2300 2450 2451 15
2301 1101 2451 2300 15
2300 1101 2451 1100 15
1101 2301 2451 2452 15
2302 1102 2452 2301 15
2301 1102 2452 1101 15
1102 2302 2452 2453 15
2303 1103 2453 2302 15
2302 1103 2453 1102 15
1103 2303 2453 2454 15
2304 1104 2454 2303 15
2303 1104 2454 1103 15
1104 2304 2454 2455 15
2305 1105 2455 2304 15
2304 1105 2455 1104 15
1105 2305 2455 2456 15
2306 1106 2456 2305 15
2305 1106 2456 1105 15
1106 2306 2456 2457 15
2307 1107 2457 2306 15
2306 1107 2457 1106 15
1107 2307 2457 2458 15
2308 1108 2458 2307 15
2307 1108 2458 1107 15
1108 2308 2458 2459 15
2309 1109 2459 2308 15
2308 1109 2459 1108 15
1109 2309 2459 2460 15
2310 1110 2460 2309 15
2309 1110 2460 1109 15
1110 2310 2460 2461 15
2311 1111 2461 2310 15
2310 1111 2461 1110 15
1111 2311 2461 2462 15
2312 1112 2462 2311 15
2311 1112 2462 1111 15
1112 2312 2462 1007 15
997 917 1007 2312 15
2312 917 1007 1112 15
258 155 259 2733 15
1173 2718 2733 155 15
155 2718 2733 258 15
2718 1173 2733 2734 15
1174 2719 2734 1173 15
1173 2719 2734 2718 15
2719 1174 2734 2735 15
1175 2720 2735 1174 15
1174 2720 2735 2719 15
2720 1175 2735 2736 15
1176 2721 2736 1175 15
1175 2721 2736 2720 15
2721 1176 2736 2737 15
1177 2722 2737 1176 15
1176 2722 2737 2721 15
2722 1177 2737 2738 15
1178 2723 2738 1177 15
1177 2723 2738 2722 15
2723 1178 2738 2739 15
1179 2724 2739 1178 15
1178 2724 2739 2723 15
2724 1179 2739 2740 15
1180 2725 2740 1179 15
1179 2725 2740 2724 15
2725 1180 2740 2741 15
1181 2726 2741 1180 15
1180 2726 2741 2725 15
2726 1181 2741 2742 15
1182 2727 2742 1181 15
1181 2727 2742 2726 15
2727 1182 2742 2743 15
1183 2728 2743 1182 15
1182 2728 2743 2727 15
2728 1183 2743 2744 15
1184 2729 2744 1183 15
1183 2729 2744 2728 15
2729 1184 2744 2745 15
1185 2730 2745 1184 15
1184 2730 2745 2729 15
2730 1185 2745 2746 15
1186 2731 2746 1185 15
1185 2731 2746 2730 15
2731 1186 2746 2747 15
1187 2732 2747 1186 15
1186 2732 2747 2731 15
2732 1187 2747 1026 15
922 1025 1026 1187 15
1187 1025 1026 2732 15
155 258 277 3003 15
2718 1173 3003 155 15
258 155 2718 3003 15
1173 2718 3003 3004 15
2719 1174 3004 1173 15
2718 1173 2719 3004 15
1174 2719 3004 3005 15
2720 1175 3005 1174 15
2719 1174 2720 3005 15
1175 2720 3005 3006 15
2721 1176 3006 1175 15
2720 1175 2721 3006 15
1176 2721 3006 3007 15
2722 1177 3007 1176 15
2721 1176 2722 3007 15
1177 2722 3007 3008 15
2723 1178 3008 1177 15
2722 1177 2723 3008 15
1178 2723 3008 3009 15
2724 1179 3009 1178 15
2723 1178 2724 3009 15
1179 2724 3009 3010 15
2725 1180 3010 1179 15
2724 1179 2725 3010 15
1180 2725 3010 3011 15
2726 1181 3011 1180 15
2725 1180 2726 3011 15
1181 2726 3011 3012 15
2727 1182 3012 1181 15
2726 1181 2727 3012 15
1182 2727 3012 3013 15
2728 1183 3013 1182 15
2727 1182 2728 3013 15
1183 2728 3013 3014 15
2729 1184 3014 1183 15
2728 1183 2729 3014 15
1184 2729 3014 3015 15
2730 1185 3015 1184 15
2729 1184 2730 3015 15
1185 2730 3015 3016 15
2731 1186 3016 1185 15
2730 1185 2731 3016 15
1186 2731 3016 3017 15
2732 1187 3017 1186 15
2731 1186 2732 3017 15
1187 2732 3017 1044 15
1025 922 1044 1187 15
2732 1187 1025 1044 15
33 34 267 2853 15
691 676 2853 33 15
34 33 691 2853 15
676 691 2853 2854 15
692 677 2854 676 15
691 676 692 2854 15
677 692 2854 2855 15
693 678 2855 677 15
692 677 693 2855 15
678 693 2855 2856 15
694 679 2856 678 15
693 678 694 2856 15
679 694 2856 2857 15
695 680 2857 679 15
694 679 695 2857 15
680 695 2857 2858 15
696 681 2858 680 15
695 680 696 2858 15
681 696 2858 2859 15
697 682 2859 681 15
696 681 697 2859 15
682 697 2859 2860 15
698 683 2860 682 15
697 682 698 2860 15
683 698 2860 2861 15
699 684 2861 683 15
698 683 699 2861 15
684 699 2861 2862 15
700 685 2862 684 15
699 684 700 2862 15
685 700 2862 2863 15
701 686 2863 685 15
700 685 701 2863 15
686 701 2863 2864 15
702 687 2864 686 15
701 686 702 2864 15
687 702 2864 2865 15
703 688 2865 687 15
702 687 703 2865 15
688 703 2865 2866 15
704 689 2866 688 15
703 688 704 2866 15
689 704 2866 2867 15
705 690 2867 689 15
704 689 705 2867 15
690 705 2867 1034 15
118 119 1034 690 15
705 690 118 1034 15
11 156 283 3093 15
1188 346 3093 156 15
156 346 3093 11 15
346 1188 3093 3094 15
1189 347 3094 1188 15
1188 347 3094 346 15
347 1189 3094 3095 15
1190 348 3095 1189 15
1189 348 3095 347 15
348 1190 3095 3096 15
1191 349 3096 1190 15
1190 349 3096 348 15
349 1191 3096 3097 15
1192 350 3097 1191 15
1191 350 3097 349 15
350 1192 3097 3098 15
1193 351 3098 1192 15
1192 351 3098 350 15
351 1193 3098 3099 15
1194 352 3099 1193 15
1193 352 3099 351 15
352 1194 3099 3100 15
1195 353 3100 1194 15
1194 353 3100 352 15
353 1195 3100 3101 15
1196 354 3101 1195 15
1195 354 3101 353 15
354 1196 3101 3102 15
1197 355 3102 1196 15
1196 355 3102 354 15
355 1197 3102 3103 15
1198 356 3103 1197 15
1197 356 3103 355 15
356 1198 3103 3104 15
1199 357 3104 1198 15
1198 357 3104 356 15
357 1199 3104 3105 15
1200 358 3105 1199 15
1199 358 3105 357 15
358 1200 3105 3106 15
1201 359 3106 1200 15
1200 359 3106 358 15
359 1201 3106 3107 15
1202 360 3107 1201 15
1201 360 3107 359 15
360 1202 3107 1050 15
923 56 1050 1202 15
1202 56 1050 360 15
34 159 267 2853 15
1233 691 2853 159 15
159 691 2853 34 15
691 1233 2853 2854 15
1234 692 2854 1233 15
1233 692 2854 691 15
692 1234 2854 2855 15
1235 693 2855 1234 15
1234 693 2855 692 15
693 1235 2855 2856 15
1236 694 2856 1235 15
1235 694 2856 693 15
694 1236 2856 2857 15
1237 695 2857 1236 15
1236 695 2857 694 15
695 1237 2857 2858 15
1238 696 2858 1237 15
1237 696 2858 695 15
696 1238 2858 2859 15
1239 697 2859 1238 15
1238 697 2859 696 15
697 1239 2859 2860 15
1240 698 2860 1239 15
1239 698 2860 697 15
698 1240 2860 2861 15
1241 699 2861 1240 15
1240 699 2861 698 15
699 1241 2861 2862 15
1242 700 2862 1241 15
1241 700 2862 699 15
700 1242 2862 2863 15
1243 701 2863 1242 15
1242 701 2863 700 15
701 1243 2863 2864 15
1244 702 2864 1243 15
1243 702 2864 701 15
702 1244 2864 2865 15
1245 703 2865 1244 15
1244 703 2865 702 15
703 1245 2865 2866 15
1246 704 2866 1245 15
1245 704 2866 703 15
704 1246 2866 2867 15
1247 705 2867 1246 15
1246 705 2867 704 15
705 1247 2867 1034 15
926 118 1034 1247 15
1247 118 1034 705 15
260 259 287 3153 15
2733 2748 3153 259 15
259 2748 3153 260 15
2748 2733 3153 3154 15
2734 2749 3154 2733 15
2733 2749 3154 2748 15
2749 2734 3154 3155 15
2735 2750 3155 2734 15
2734 2750 3155 2749 15
2750 2735 3155 3156 15
2736 2751 3156 2735 15
2735 2751 3156 2750 15
2751 2736 3156 3157 15
2737 2752 3157 2736 15
2736 2752 3157 2751 15
2752 2737 3157 3158 15
2738 2753 3158 2737 15
2737 2753 3158 2752 15
2753 2738 3158 3159 15
2739 2754 3159 2738 15
2738 2754 3159 2753 15
2754 2739 3159 3160 15
2740 2755 3160 2739 15
2739 2755 3160 2754 15
2755 2740 3160 3161 15
2741 2756 3161 2740 15
2740 2756 3161 2755 15
2756 2741 3161 3162 15
2742 2757 3162 2741 15
2741 2757 3162 2756 15
2757 2742 3162 3163 15
2743 2758 3163 2742 15
2742 2758 3163 2757 15
2758 2743 3163 3164 15
2744 2759 3164 2743 15
2743 2759 3164 2758 15
2759 2744 3164 3165 15
2745 2760 3165 2744 15
2744 2760 3165 2759 15
2760 2745 3165 3166 15
2746 2761 3166 2745 15
2745 2761 3166 2760 15
2761 2746 3166 3167 15
2747 2762 3167 2746 15
2746 2762 3167 2761 15
2762 2747 3167 1054 15
1026 1027 1054 2747 15
2747 1027 1054 2762 15
230 150 285 3123 15
1098 2298 3123 230 15
150 230 1098 3123 15
2298 1098 3123 3124 15
1099 2299 3124 2298 15
1098 2298 1099 3124 15
2299 1099 3124 3125 15
1100 2300 3125 2299 15
1099 2299 1100 3125 15
2300 1100 3125 3126 15
1101 2301 3126 2300 15
1100 2300 1101 3126 15
2301 1101 3126 3127 15
1102 2302 3127 2301 15
1101 2301 1102 3127 15
2302 1102 3127 3128 15
1103 2303 3128 2302 15
1102 2302 1103 3128 15
2303 1103 3128 3129 15
1104 2304 3129 2303 15
1103 2303 1104 3129 15
2304 1104 3129 3130 15
1105 2305 3130 2304 15
1104 2304 1105 3130 15
2305 1105 3130 3131 15
1106 2306 3131 2305 15
1105 2305 1106 3131 15
2306 1106 3131 3132 15
1107 2307 3132 2306 15
1106 2306 1107 3132 15
2307 1107 3132 3133 15
1108 2308 3133 2307 15
1107 2307 1108 3133 15
2308 1108 3133 3134 15
1109 2309 3134 2308 15
1108 2308 1109 3134 15
2309 1109 3134 3135 15
1110 2310 3135 2309 15
1109 2309 1110 3135 15
2310 1110 3135 3136 15
1111 2311 3136 2310 15
1110 2310 1111 3136 15
2311 1111 3136 3137 15
1112 2312 3137 2311 15
1111 2311 1112 3137 15
2312 1112 3137 1052 15
917 997 1052 2312 15
1112 2312 917 1052 15
277 258 279 3033 15
2718 3003 3033 258 15
258 3003 3033 277 15
3003 2718 3033 3034 15
2719 3004 3034 2718 15
2718 3004 3034 3003 15
3004 2719 3034 3035 15
2720 3005 3035 2719 15
2719 3005 3035 3004 15
3005 2720 3035 3036 15
2721 3006 3036 2720 15
2720 3006 3036 3005 15
3006 2721 3036 3037 15
2722 3007 3037 2721 15
2721 3007 3037 3006 15
3007 2722 3037 3038 15
2723 3008 3038 2722 15
2722 3008 3038 3007 15
3008 2723 3038 3039 15
2724 3009 3039 2723 15
2723 3009 3039 3008 15
3009 2724 3039 3040 15
2725 3010 3040 2724 15
2724 3010 3040 3009 15
3010 2725 3040 3041 15
2726 3011 3041 2725 15
2725 3011 3041 3010 15
3011 2726 3041 3042 15
2727 3012 3042 2726 15
2726 3012 3042 3011 15
3012 2727 3042 3043 15
2728 3013 3043 2727 15
2727 3013 3043 3012 15
3013 2728 3043 3044 15
2729 3014 3044 2728 15
2728 3014 3044 3013 15
3014 2729 3044 3045 15
2730 3015 3045 2729 15
2729 3015 3045 3014 15
3015 2730 3045 3046 15
2731 3016 3046 2730 15
2730 3016 3046 3015 15
3016 2731 3046 3047 15
2732 3017 3047 2731 15
2731 3017 3047 3016 15
3017 2732 3047 1046 15
1025 1044 1046 2732 15
2732 1044 1046 3017 15
279 254 280 3048 15
2658 3033 3048 254 15
254 3033 3048 279 15
3033 2658 3048 3049 15
2659 3034 3049 2658 15
2658 3034 3049 3033 15
3034 2659 3049 3050 15
2660 3035 3050 2659 15
2659 3035 3050 3034 15
3035 2660 3050 3051 15
2661 3036 3051 2660 15
2660 3036 3051 3035 15
3036 2661 3051 3052 15
2662 3037 3052 2661 15
2661 3037 3052 3036 15
3037 2662 3052 3053 15
2663 3038 3053 2662 15
2662 3038 3053 3037 15
3038 2663 3053 3054 15
2664 3039 3054 2663 15
2663 3039 3054 3038 15
3039 2664 3054 3055 15
2665 3040 3055 2664 15
2664 3040 3055 3039 15
3040 2665 3055 3056 15
2666 3041 3056 2665 15
2665 3041 3056 3040 15
3041 2666 3056 3057 15
2667 3042 3057 2666 15
2666 3042 3057 3041 15
3042 2667 3057 3058 15
2668 3043 3058 2667 15
2667 3043 3058 3042 15
3043 2668 3058 3059 15
2669 3044 3059 2668 15
2668 3044 3059 3043 15
3044 2669 3059 3060 15
2670 3045 3060 2669 15
2669 3045 3060 3044 15
3045 2670 3060 3061 15
2671 3046 3061 2670 15
2670 3046 3061 3045 15
3046 2671 3061 3062 15
2672 3047 3062 2671 15
2671 3047 3062 3046 15
3047 2672 3062 1047 15
1021 1046 1047 2672 15
2672 1046 1047 3047 15
277 279 298 3318 15
3033 3003 3318 277 15
279 277 3033 3318 15
3003 3033 3318 3319 15
3034 3004 3319 3003 15
3033 3003 3034 3319 15
3004 3034 3319 3320 15
3035 3005 3320 3004 15
3034 3004 3035 3320 15
3005 3035 3320 3321 15
3036 3006 3321 3005 15
3035 3005 3036 3321 15
3006 3036 3321 3322 15
3037 3007 3322 3006 15
3036 3006 3037 3322 15
3007 3037 3322 3323 15
3038 3008 3323 3007 15
3037 3007 3038 3323 15
3008 3038 3323 3324 15
3039 3009 3324 3008 15
3038 3008 3039 3324 15
3009 3039 3324 3325 15
3040 3010 3325 3009 15
3039 3009 3040 3325 15
3010 3040 3325 3326 15
3041 3011 3326 3010 15
3040 3010 3041 3326 15
3011 3041 3326 3327 15
3042 3012 3327 3011 15
3041 3011 3042 3327 15
3012 3042 3327 3328 15
3043 3013 3328 3012 15
3042 3012 3043 3328 15
3013 3043 3328 3329 15
3044 3014 3329 3013 15
3043 3013 3044 3329 15
3014 3044 3329 3330 15
3045 3015 3330 3014 15
3044 3014 3045 3330 15
3015 3045 3330 3331 15
3046 3016 3331 3015 15
3045 3015 3046 3331 15
3016 3046 3331 3332 15
3047 3017 3332 3016 15
3046 3016 3047 3332 15
3017 3047 3332 1065 15
1046 1044 1065 3017 15
3047 3017 1046 1065 15
163 279 280 3048 15
3033 1293 3048 279 15
279 1293 3048 163 15
1293 3033 3048 3049 15
3034 1294 3049 3033 15
3033 1294 3049 1293 15
1294 3034 3049 3050 15
3035 1295 3050 3034 15
3034 1295 3050 1294 15
1295 3035 3050 3051 15
3036 1296 3051 3035 15
3035 1296 3051 1295 15
1296 3036 3051 3052 15
3037 1297 3052 3036 15
3036 1297 3052 1296 15
1297 3037 3052 3053 15
3038 1298 3053 3037 15
3037 1298 3053 1297 15
1298 3038 3053 3054 15
3039 1299 3054 3038 15
3038 1299 3054 1298 15
1299 3039 3054 3055 15
3040 1300 3055 3039 15
3039 1300 3055 1299 15
1300 3040 3055 3056 15
3041 1301 3056 3040 15
3040 1301 3056 1300 15
1301 3041 3056 3057 15
3042 1302 3057 3041 15
3041 1302 3057 1301 15
1302 3042 3057 3058 15
3043 1303 3058 3042 15
3042 1303 3058 1302 15
1303 3043 3058 3059 15
3044 1304 3059 3043 15
3043 1304 3059 1303 15
1304 3044 3059 3060 15
3045 1305 3060 3044 15
3044 1305 3060 1304 15
1305 3045 3060 3061 15
3046 1306 3061 3045 15
3045 1306 3061 1305 15
1306 3046 3061 3062 15
3047 1307 3062 3046 15
3046 1307 3062 1306 15
1307 3047 3062 1047 15
1046 930 1047 3047 15
3047 930 1047 1307 15
259 155 287 3153 15
1173 2733 3153 155 15
155 2733 3153 259 15
2733 1173 3153 3154 15
1174 2734 3154 1173 15
1173 2734 3154 2733 15
2734 1174 3154 3155 15
1175 2735 3155 1174 15
1174 2735 3155 2734 15
2735 1175 3155 3156 15
1176 2736 3156 1175 15
1175 2736 3156 2735 15
2736 1176 3156 3157 15
1177 2737 3157 1176 15
1176 2737 3157 2736 15
2737 1177 3157 3158 15
1178 2738 3158 1177 15
1177 2738 3158 2737 15
2738 1178 3158 3159 15
1179 2739 3159 1178 15
1178 2739 3159 2738 15
2739 1179 3159 3160 15
1180 2740 3160 1179 15
1179 2740 3160 2739 15
2740 1180 3160 3161 15
1181 2741 3161 1180 15
1180 2741 3161 2740 15
2741 1181 3161 3162 15
1182 2742 3162 1181 15
1181 2742 3162 2741 15
2742 1182 3162 3163 15
1183 2743 3163 1182 15
1182 2743 3163 2742 15
2743 1183 3163 3164 15
1184 2744 3164 1183 15
1183 2744 3164 2743 15
2744 1184 3164 3165 15
1185 2745 3165 1184 15
1184 2745 3165 2744 15
2745 1185 3165 3166 15
1186 2746 3166 1185 15
1185 2746 3166 2745 15
2746 1186 3166 3167 15
1187 2747 3167 1186 15
1186 2747 3167 2746 15
2747 1187 3167 1054 15
922 1026 1054 1187 15
1187 1026 1054 2747 15
284 13 305 3423 15
376 3108 3423 13 15
13 3108 3423 284 15
3108 376 3423 3424 15
377 3109 3424 376 15
376 3109 3424 3108 15
3109 377 3424 3425 15
378 3110 3425 377 15
377 3110 3425 3109 15
3110 378 3425 3426 15
379 3111 3426 378 15
378 3111 3426 3110 15
3111 379 3426 3427 15
380 3112 3427 379 15
379 3112 3427 3111 15
3112 380 3427 3428 15
381 3113 3428 380 15
380 3113 3428 3112 15
3113 381 3428 3429 15
382 3114 3429 381 15
381 3114 3429 3113 15
3114 382 3429 3430 15
383 3115 3430 382 15
382 3115 3430 3114 15
3115 383 3430 3431 15
384 3116 3431 383 15
383 3116 3431 3115 15
3116 384 3431 3432 15
385 3117 3432 384 15
384 3117 3432 3116 15
3117 385 3432 3433 15
386 3118 3433 385 15
385 3118 3433 3117 15
3118 386 3433 3434 15
387 3119 3434 386 15
386 3119 3434 3118 15
3119 387 3434 3435 15
388 3120 3435 387 15
387 3120 3435 3119 15
3120 388 3435 3436 15
389 3121 3436 388 15
388 3121 3436 3120 15
3121 389 3436 3437 15
390 3122 3437 389 15
389 3122 3437 3121 15
3122 390 3437 1072 15
54 1051 1072 390 15
390 1051 1072 3122 15
262 160 293 3243 15
1248 2778 3243 160 15
160 2778 3243 262 15
2778 1248 3243 3244 15
1249 2779 3244 1248 15
1248 2779 3244 2778 15
2779 1249 3244 3245 15
1250 2780 3245 1249 15
1249 2780 3245 2779 15
2780 1250 3245 3246 15
1251 2781 3246 1250 15
1250 2781 3246 2780 15
2781 1251 3246 3247 15
1252 2782 3247 1251 15
1251 2782 3247 2781 15
2782 1252 3247 3248 15
1253 2783 3248 1252 15
1252 2783 3248 2782 15
2783 1253 3248 3249 15
1254 2784 3249 1253 15
1253 2784 3249 2783 15
2784 1254 3249 3250 15
1255 2785 3250 1254 15
1254 2785 3250 2784 15
2785 1255 3250 3251 15
1256 2786 3251 1255 15
1255 2786 3251 2785 15
2786 1256 3251 3252 15
1257 2787 3252 1256 15
1256 2787 3252 2786 15
2787 1257 3252 3253 15
1258 2788 3253 1257 15
1257 2788 3253 2787 15
2788 1258 3253 3254 15
1259 2789 3254 1258 15
1258 2789 3254 2788 15
2789 1259 3254 3255 15
1260 2790 3255 1259 15
1259 2790 3255 2789 15
2790 1260 3255 3256 15
1261 2791 3256 1260 15
1260 2791 3256 2790 15
2791 1261 3256 3257 15
1262 2792 3257 1261 15
1261 2792 3257 2791 15
2792 1262 3257 1060 15
927 1029 1060 1262 15
1262 1029 1060 2792 15
156 12 284 3108 15
361 1188 3108 12 15
12 1188 3108 156 15
1188 361 3108 3109 15
362 1189 3109 361 15
361 1189 3109 1188 15
1189 362 3109 3110 15
363 1190 3110 362 15
362 1190 3110 1189 15
1190 363 3110 3111 15
364 1191 3111 363 15
363 1191 3111 1190 15
1191 364 3111 3112 15
365 1192 3112 364 15
364 1192 3112 1191 15
1192 365 3112 3113 15
366 1193 3113 365 15
365 1193 3113 1192 15
1193 366 3113 3114 15
367 1194 3114 366 15
366 1194 3114 1193 15
1194 367 3114 3115 15
368 1195 3115 367 15
367 1195 3115 1194 15
1195 368 3115 3116 15
369 1196 3116 368 15
368 1196 3116 1195 15
1196 369 3116 3117 15
370 1197 3117 369 15
369 1197 3117 1196 15
1197 370 3117 3118 15
371 1198 3118 370 15
370 1198 3118 1197 15
1198 371 3118 3119 15
372 1199 3119 371 15
371 1199 3119 1198 15
1199 372 3119 3120 15
373 1200 3120 372 15
372 1200 3120 1199 15
1200 373 3120 3121 15
374 1201 3121 373 15
373 1201 3121 1200 15
1201 374 3121 3122 15
375 1202 3122 374 15
374 1202 3122 1201 15
1202 375 3122 1051 15
55 923 1051 375 15
375 923 1051 1202 15
226 238 239 2433 15
2418 2238 2433 238 15
238 2238 2433 226 15
2238 2418 2433 2434 15
2419 2239 2434 2418 15
2418 2239 2434 2238 15
2239 2419 2434 2435 15
2420 2240 2435 2419 15
2419 2240 2435 2239 15
2240 2420 2435 2436 15
2421 2241 2436 2420 15
2420 2241 2436 2240 15
2241 2421 2436 2437 15
2422 2242 2437 2421 15
2421 2242 2437 2241 15
2242 2422 2437 2438 15
2423 2243 2438 2422 15
2422 2243 2438 2242 15
2243 2423 2438 2439 15
2424 2244 2439 2423 15
2423 2244 2439 2243 15
2244 2424 2439 2440 15
2425 2245 2440 2424 15
2424 2245 2440 2244 15
2245 2425 2440 2441 15
2426 2246 2441 2425 15
2425 2246 2441 2245 15
2246 2426 2441 2442 15
2427 2247 2442 2426 15
2426 2247 2442 2246 15
2247 2427 2442 2443 15
2428 2248 2443 2427 15
2427 2248 2443 2247 15
2248 2428 2443 2444 15
2429 2249 2444 2428 15
2428 2249 2444 2248 15
2249 2429 2444 2445 15
2430 2250 2445 2429 15
2429 2250 2445 2249 15
2250 2430 2445 2446 15
2431 2251 2446 2430 15
2430 2251 2446 2250 15
2251 2431 2446 2447 15
2432 2252 2447 2431 15
2431 2252 2447 2251 15
2252 2432 2447 1006 15
1005 993 1006 2432 15
2432 993 1006 2252 15
226 239 240 2448 15
2433 2238 2448 226 15
239 226 2433 2448 15
2238 2433 2448 2449 15
2434 2239 2449 2238 15
2433 2238 2434 2449 15
2239 2434 2449 2450 15
2435 2240 2450 2239 15
2434 2239 2435 2450 15
2240 2435 2450 2451 15
2436 2241 2451 2240 15
2435 2240 2436 2451 15
2241 2436 2451 2452 15
2437 2242 2452 2241 15
2436 2241 2437 2452 15
2242 2437 2452 2453 15
2438 2243 2453 2242 15
2437 2242 2438 2453 15
2243 2438 2453 2454 15
2439 2244 2454 2243 15
2438 2243 2439 2454 15
2244 2439 2454 2455 15
2440 2245 2455 2244 15
2439 2244 2440 2455 15
2245 2440 2455 2456 15
2441 2246 2456 2245 15
2440 2245 2441 2456 15
2246 2441 2456 2457 15
2442 2247 2457 2246 15
2441 2246 2442 2457 15
2247 2442 2457 2458 15
2443 2248 2458 2247 15
2442 2247 2443 2458 15
2248 2443 2458 2459 15
2444 2249 2459 2248 15
2443 2248 2444 2459 15
2249 2444 2459 2460 15
2445 2250 2460 2249 15
2444 2249 2445 2460 15
2250 2445 2460 2461 15
2446 2251 2461 2250 15
2445 2250 2446 2461 15
2251 2446 2461 2462 15
2447 2252 2462 2251 15
2446 2251 2447 2462 15
2252 2447 2462 1007 15
1006 993 1007 2252 15
2447 2252 1006 1007 15
162 248 285 3123 15
2568 1278 3123 162 15
248 162 2568 3123 15
1278 2568 3123 3124 15
2569 1279 3124 1278 15
2568 1278 2569 3124 15
1279 2569 3124 3125 15
2570 1280 3125 1279 15
2569 1279 2570 3125 15
1280 2570 3125 3126 15
2571 1281 3126 1280 15
2570 1280 2571 3126 15
1281 2571 3126 3127 15
2572 1282 3127 1281 15
2571 1281 2572 3127 15
1282 2572 3127 3128 15
2573 1283 3128 1282 15
2572 1282 2573 3128 15
1283 2573 3128 3129 15
2574 1284 3129 1283 15
2573 1283 2574 3129 15
1284 2574 3129 3130 15
2575 1285 3130 1284 15
2574 1284 2575 3130 15
1285 2575 3130 3131 15
2576 1286 3131 1285 15
2575 1285 2576 3131 15
1286 2576 3131 3132 15
2577 1287 3132 1286 15
2576 1286 2577 3132 15
1287 2577 3132 3133 15
2578 1288 3133 1287 15
2577 1287 2578 3133 15
1288 2578 3133 3134 15
2579 1289 3134 1288 15
2578 1288 2579 3134 15
1289 2579 3134 3135 15
2580 1290 3135 1289 15
2579 1289 2580 3135 15
1290 2580 3135 3136 15
2581 1291 3136 1290 15
2580 1290 2581 3136 15
1291 2581 3136 3137 15
2582 1292 3137 1291 15
2581 1291 2582 3137 15
1292 2582 3137 1052 15
1015 929 1052 1292 15
2582 1292 1015 1052 15
228 253 295 3273 15
2643 2268 3273 253 15
253 2268 3273 228 15
2268 2643 3273 3274 15
2644 2269 3274 2643 15
2643 2269 3274 2268 15
2269 2644 3274 3275 15
2645 2270 3275 2644 15
2644 2270 3275 2269 15
2270 2645 3275 3276 15
2646 2271 3276 2645 15
2645 2271 3276 2270 15
2271 2646 3276 3277 15
2647 2272 3277 2646 15
2646 2272 3277 2271 15
2272 2647 3277 3278 15
2648 2273 3278 2647 15
2647 2273 3278 2272 15
2273 2648 3278 3279 15
2649 2274 3279 2648 15
2648 2274 3279 2273 15
2274 2649 3279 3280 15
2650 2275 3280 2649 15
2649 2275 3280 2274 15
2275 2650 3280 3281 15
2651 2276 3281 2650 15
2650 2276 3281 2275 15
2276 2651 3281 3282 15
2652 2277 3282 2651 15
2651 2277 3282 2276 15
2277 2652 3282 3283 15
2653 2278 3283 2652 15
2652 2278 3283 2277 15
2278 2653 3283 3284 15
2654 2279 3284 2653 15
2653 2279 3284 2278 15
2279 2654 3284 3285 15
2655 2280 3285 2654 15
2654 2280 3285 2279 15
2280 2655 3285 3286 15
2656 2281 3286 2655 15
2655 2281 3286 2280 15
2281 2656 3286 3287 15
2657 2282 3287 2656 15
2656 2282 3287 2281 15
2282 2657 3287 1062 15
1020 995 1062 2657 15
2657 995 1062 2282 15
150 28 285 3123 15
601 1098 3123 28 15
28 1098 3123 150 15
1098 601 3123 3124 15
602 1099 3124 601 15
601 1099 3124 1098 15
1099 602 3124 3125 15
603 1100 3125 602 15
602 1100 3125 1099 15
1100 603 3125 3126 15
604 1101 3126 603 15
603 1101 3126 1100 15
1101 604 3126 3127 15
605 1102 3127 604 15
604 1102 3127 1101 15
1102 605 3127 3128 15
606 1103 3128 605 15
605 1103 3128 1102 15
1103 606 3128 3129 15
607 1104 3129 606 15
606 1104 3129 1103 15
1104 607 3129 3130 15
608 1105 3130 607 15
607 1105 3130 1104 15
1105 608 3130 3131 15
609 1106 3131 608 15
608 1106 3131 1105 15
1106 609 3131 3132 15
610 1107 3132 609 15
609 1107 3132 1106 15
1107 610 3132 3133 15
611 1108 3133 610 15
610 1108 3133 1107 15
1108 611 3133 3134 15
612 1109 3134 611 15
611 1109 3134 1108 15
1109 612 3134 3135 15
613 1110 3135 612 15
612 1110 3135 1109 15
1110 613 3135 3136 15
614 1111 3136 613 15
613 1111 3136 1110 15
1111 614 3136 3137 15
615 1112 3137 614 15
614 1112 3137 1111 15
1112 615 3137 1052 15
89 917 1052 615 15
615 917 1052 1112 15
3 162 285 3123 15
1278 99 3123 162 15
162 99 3123 3 15
99 1278 3123 3124 15
1279 100 3124 1278 15
1278 100 3124 99 15
100 1279 3124 3125 15
1280 101 3125 1279 15
1279 101 3125 100 15
101 1280 3125 3126 15
1281 102 3126 1280 15
1280 102 3126 101 15
102 1281 3126 3127 15
1282 103 3127 1281 15
1281 103 3127 102 15
103 1282 3127 3128 15
1283 104 3128 1282 15
1282 104 3128 103 15
104 1283 3128 3129 15
1284 105 3129 1283 15
1283 105 3129 104 15
105 1284 3129 3130 15
1285 106 3130 1284 15
1284 106 3130 105 15
106 1285 3130 3131 15
1286 107 3131 1285 15
1285 107 3131 106 15
107 1286 3131 3132 15
1287 108 3132 1286 15
1286 108 3132 107 15
108 1287 3132 3133 15
1288 109 3133 1287 15
1287 109 3133 108 15
109 1288 3133 3134 15
1289 110 3134 1288 15
1288 110 3134 109 15
110 1289 3134 3135 15
1290 111 3135 1289 15
1289 111 3135 110 15
111 1290 3135 3136 15
1291 112 3136 1290 15
1290 112 3136 111 15
112 1291 3136 3137 15
1292 113 3137 1291 15
1291 113 3137 112 15
113 1292 3137 1052 15
929 7 1052 1292 15
1292 7 1052 113 15
294 281 301 3363 15
3063 3258 3363 281 15
281 3258 3363 294 15
3258 3063 3363 3364 15
3064 3259 3364 3063 15
3063 3259 3364 3258 15
3259 3064 3364 3365 15
3065 3260 3365 3064 15
3064 3260 3365 3259 15
3260 3065 3365 3366 15
3066 3261 3366 3065 15
3065 3261 3366 3260 15
3261 3066 3366 3367 15
3067 3262 3367 3066 15
3066 3262 3367 3261 15
3262 3067 3367 3368 15
3068 3263 3368 3067 15
3067 3263 3368 3262 15
3263 3068 3368 3369 15
3069 3264 3369 3068 15
3068 3264 3369 3263 15
3264 3069 3369 3370 15
3070 3265 3370 3069 15
3069 3265 3370 3264 15
3265 3070 3370 3371 15
3071 3266 3371 3070 15
3070 3266 3371 3265 15
3266 3071 3371 3372 15
3072 3267 3372 3071 15
3071 3267 3372 3266 15
3267 3072 3372 3373 15
3073 3268 3373 3072 15
3072 3268 3373 3267 15
3268 3073 3373 3374 15
3074 3269 3374 3073 15
3073 3269 3374 3268 15
3269 3074 3374 3375 15
3075 3270 3375 3074 15
3074 3270 3375 3269 15
3270 3075 3375 3376 15
3076 3271 3376 3075 15
3075 3271 3376 3270 15
3271 3076 3376 3377 15
3077 3272 3377 3076 15
3076 3272 3377 3271 15
3272 3077 3377 1068 15
1048 1061 1068 3077 15
3077 1061 1068 3272 15
248 230 285 3123 15
2298 2568 3123 230 15
230 2568 3123 248 15
2568 2298 3123 3124 15
2299 2569 3124 2298 15
2298 2569 3124 2568 15
2569 2299 3124 3125 15
2300 2570 3125 2299 15
2299 2570 3125 2569 15
2570 2300 3125 3126 15
2301 2571 3126 2300 15
2300 2571 3126 2570 15
2571 2301 3126 3127 15
2302 2572 3127 2301 15
2301 2572 3127 2571 15
2572 2302 3127 3128 15
2303 2573 3128 2302 15
2302 2573 3128 2572 15
2573 2303 3128 3129 15
2304 2574 3129 2303 15
2303 2574 3129 2573 15
2574 2304 3129 3130 15
2305 2575 3130 2304 15
2304 2575 3130 2574 15
2575 2305 3130 3131 15
2306 2576 3131 2305 15
2305 2576 3131 2575 15
2576 2306 3131 3132 15
2307 2577 3132 2306 15
2306 2577 3132 2576 15
2577 2307 3132 3133 15
2308 2578 3133 2307 15
2307 2578 3133 2577 15
2578 2308 3133 3134 15
2309 2579 3134 2308 15
2308 2579 3134 2578 15
2579 2309 3134 3135 15
2310 2580 3135 2309 15
2309 2580 3135 2579 15
2580 2310 3135 3136 15
2311 2581 3136 2310 15
2310 2581 3136 2580 15
2581 2311 3136 3137 15
2312 2582 3137 2311 15
2311 2582 3137 2581 15
2582 2312 3137 1052 15
997 1015 1052 2312 15
2312 1015 1052 2582 15
230 224 240 2448 15
2208 2298 2448 224 15
224 2298 2448 230 15
2298 2208 2448 2449 15
2209 2299 2449 2208 15
2208 2299 2449 2298 15
2299 2209 2449 2450 15
2210 2300 2450 2209 15
2209 2300 2450 2299 15
2300 2210 2450 2451 15
2211 2301 2451 2210 15
2210 2301 2451 2300 15
2301 2211 2451 2452 15
2212 2302 2452 2211 15
2211 2302 2452 2301 15
2302 2212 2452 2453 15
2213 2303 2453 2212 15
2212 2303 2453 2302 15
2303 2213 2453 2454 15
2214 2304 2454 2213 15
2213 2304 2454 2303 15
2304 2214 2454 2455 15
2215 2305 2455 2214 15
2214 2305 2455 2304 15
2305 2215 2455 2456 15
2216 2306 2456 2215 15
2215 2306 2456 2305 15
2306 2216 2456 2457 15
2217 2307 2457 2216 15
2216 2307 2457 2306 15
2307 2217 2457 2458 15
2218 2308 2458 2217 15
2217 2308 2458 2307 15
2308 2218 2458 2459 15
2219 2309 2459 2218 15
2218 2309 2459 2308 15
2309 2219 2459 2460 15
2220 2310 2460 2219 15
2219 2310 2460 2309 15
2310 2220 2460 2461 15
2221 2311 2461 2220 15
2220 2311 2461 2310 15
2311 2221 2461 2462 15
2222 2312 2462 2221 15
2221 2312 2462 2311 15
2312 2222 2462 1007 15
991 997 1007 2222 15
2222 997 1007 2312 15
160 262 306 3438 15
2778 1248 3438 160 15
262 160 2778 3438 15
1248 2778 3438 3439 15
2779 1249 3439 1248 15
2778 1248 2779 3439 15
1249 2779 3439 3440 15
2780 1250 3440 1249 15
2779 1249 2780 3440 15
1250 2780 3440 3441 15
2781 1251 3441 1250 15
2780 1250 2781 3441 15
1251 2781 3441 3442 15
2782 1252 3442 1251 15
2781 1251 2782 3442 15
1252 2782 3442 3443 15
2783 1253 3443 1252 15
2782 1252 2783 3443 15
1253 2783 3443 3444 15
2784 1254 3444 1253 15
2783 1253 2784 3444 15
1254 2784 3444 3445 15
2785 1255 3445 1254 15
2784 1254 2785 3445 15
1255 2785 3445 3446 15
2786 1256 3446 1255 15
2785 1255 2786 3446 15
1256 2786 3446 3447 15
2787 1257 3447 1256 15
2786 1256 2787 3447 15
1257 2787 3447 3448 15
2788 1258 3448 1257 15
2787 1257 2788 3448 15
1258 2788 3448 3449 15
2789 1259 3449 1258 15
2788 1258 2789 3449 15
1259 2789 3449 3450 15
2790 1260 3450 1259 15
2789 1259 2790 3450 15
1260 2790 3450 3451 15
2791 1261 3451 1260 15
2790 1260 2791 3451 15
1261 2791 3451 3452 15
2792 1262 3452 1261 15
2791 1261 2792 3452 15
1262 2792 3452 1073 15
1029 927 1073 1262 15
2792 1262 1029 1073 15
238 226 242 2478 15
2238 2418 2478 238 15
226 238 2238 2478 15
2418 2238 2478 2479 15
2239 2419 2479 2418 15
2238 2418 2239 2479 15
2419 2239 2479 2480 15
2240 2420 2480 2419 15
2239 2419 2240 2480 15
2420 2240 2480 2481 15
2241 2421 2481 2420 15
2240 2420 2241 2481 15
2421 2241 2481 2482 15
2242 2422 2482 2421 15
2241 2421 2242 2482 15
2422 2242 2482 2483 15
2243 2423 2483 2422 15
2242 2422 2243 2483 15
2423 2243 2483 2484 15
2244 2424 2484 2423 15
2243 2423 2244 2484 15
2424 2244 2484 2485 15
2245 2425 2485 2424 15
2244 2424 2245 2485 15
2425 2245 2485 2486 15
2246 2426 2486 2425 15
2245 2425 2246 2486 15
2426 2246 2486 2487 15
2247 2427 2487 2426 15
2246 2426 2247 2487 15
2427 2247 2487 2488 15
2248 2428 2488 2427 15
2247 2427 2248 2488 15
2428 2248 2488 2489 15
2249 2429 2489 2428 15
2248 2428 2249 2489 15
2429 2249 2489 2490 15
2250 2430 2490 2429 15
2249 2429 2250 2490 15
2430 2250 2490 2491 15
2251 2431 2491 2430 15
2250 2430 2251 2491 15
2431 2251 2491 2492 15
2252 2432 2492 2431 15
2251 2431 2252 2492 15
2432 2252 2492 1009 15
993 1005 1009 2432 15
2252 2432 993 1009 15
224 226 240 2448 15
2238 2208 2448 226 15
226 2208 2448 224 15
2208 2238 2448 2449 15
2239 2209 2449 2238 15
2238 2209 2449 2208 15
2209 2239 2449 2450 15
2240 2210 2450 2239 15
2239 2210 2450 2209 15
2210 2240 2450 2451 15
2241 2211 2451 2240 15
2240 2211 2451 2210 15
2211 2241 2451 2452 15
2242 2212 2452 2241 15
2241 2212 2452 2211 15
2212 2242 2452 2453 15
2243 2213 2453 2242 15
2242 2213 2453 2212 15
2213 2243 2453 2454 15
2244 2214 2454 2243 15
2243 2214 2454 2213 15
2214 2244 2454 2455 15
2245 2215 2455 2244 15
2244 2215 2455 2214 15
2215 2245 2455 2456 15
2246 2216 2456 2245 15
2245 2216 2456 2215 15
2216 2246 2456 2457 15
2247 2217 2457 2246 15
2246 2217 2457 2216 15
2217 2247 2457 2458 15
2248 2218 2458 2247 15
2247 2218 2458 2217 15
2218 2248 2458 2459 15
2249 2219 2459 2248 15
2248 2219 2459 2218 15
2219 2249 2459 2460 15
2250 2220 2460 2249 15
2249 2220 2460 2219 15
2220 2250 2460 2461 15
2251 2221 2461 2250 15
2250 2221 2461 2220 15
2221 2251 2461 2462 15
2252 2222 2462 2251 15
2251 2222 2462 2221 15
2222 2252 2462 1007 15
993 991 1007 2252 15
2252 991 1007 2222 15
149 294 301 3363 15
3258 1083 3363 294 15
294 1083 3363 149 15
1083 3258 3363 3364 15
3259 1084 3364 3258 15
3258 1084 3364 1083 15
1084 3259 3364 3365 15
3260 1085 3365 3259 15
3259 1085 3365 1084 15
1085 3260 3365 3366 15
3261 1086 3366 3260 15
3260 1086 3366 1085 15
1086 3261 3366 3367 15
3262 1087 3367 3261 15
3261 1087 3367 1086 15
1087 3262 3367 3368 15
3263 1088 3368 3262 15
3262 1088 3368 1087 15
1088 3263 3368 3369 15
3264 1089 3369 3263 15
3263 1089 3369 1088 15
1089 3264 3369 3370 15
3265 1090 3370 3264 15
3264 1090 3370 1089 15
1090 3265 3370 3371 15
3266 1091 3371 3265 15
3265 1091 3371 1090 15
1091 3266 3371 3372 15
3267 1092 3372 3266 15
3266 1092 3372 1091 15
1092 3267 3372 3373 15
3268 1093 3373 3267 15
3267 1093 3373 1092 15
1093 3268 3373 3374 15
3269 1094 3374 3268 15
3268 1094 3374 1093 15
1094 3269 3374 3375 15
3270 1095 3375 3269 15
3269 1095 3375 1094 15
1095 3270 3375 3376 15
3271 1096 3376 3270 15
3270 1096 3376 1095 15
1096 3271 3376 3377 15
3272 1097 3377 3271 15
3271 1097 3377 1096 15
1097 3272 3377 1068 15
1061 916 1068 3272 15
3272 916 1068 1097 15
236 158 238 2418 15
1218 2388 2418 158 15
158 2388 2418 236 15
2388 1218 2418 2419 15
1219 2389 2419 1218 15
1218 2389 2419 2388 15
2389 1219 2419 2420 15
1220 2390 2420 1219 15
1219 2390 2420 2389 15
2390 1220 2420 2421 15
1221 2391 2421 1220 15
1220 2391 2421 2390 15
2391 1221 2421 2422 15
1222 2392 2422 1221 15
1221 2392 2422 2391 15
2392 1222 2422 2423 15
1223 2393 2423 1222 15
1222 2393 2423 2392 15
2393 1223 2423 2424 15
1224 2394 2424 1223 15
1223 2394 2424 2393 15
2394 1224 2424 2425 15
1225 2395 2425 1224 15
1224 2395 2425 2394 15
2395 1225 2425 2426 15
1226 2396 2426 1225 15
1225 2396 2426 2395 15
2396 1226 2426 2427 15
1227 2397 2427 1226 15
1226 2397 2427 2396 15
2397 1227 2427 2428 15
1228 2398 2428 1227 15
1227 2398 2428 2397 15
2398 1228 2428 2429 15
1229 2399 2429 1228 15
1228 2399 2429 2398 15
2399 1229 2429 2430 15
1230 2400 2430 1229 15
1229 2400 2430 2399 15
2400 1230 2430 2431 15
1231 2401 2431 1230 15
1230 2401 2431 2400 15
2401 1231 2431 2432 15
1232 2402 2432 1231 15
1231 2402 2432 2401 15
2402 1232 2432 1005 15
925 1003 1005 1232 15
1232 1003 1005 2402 15
237 238 242 2478 15
2418 2403 2478 238 15
238 2403 2478 237 15
2403 2418 2478 2479 15
2419 2404 2479 2418 15
2418 2404 2479 2403 15
2404 2419 2479 2480 15
2420 2405 2480 2419 15
2419 2405 2480 2404 15
2405 2420 2480 2481 15
2421 2406 2481 2420 15
2420 2406 2481 2405 15
2406 2421 2481 2482 15
2422 2407 2482 2421 15
2421 2407 2482 2406 15
2407 2422 2482 2483 15
2423 2408 2483 2422 15
2422 2408 2483 2407 15
2408 2423 2483 2484 15
2424 2409 2484 2423 15
2423 2409 2484 2408 15
2409 2424 2484 2485 15
2425 2410 2485 2424 15
2424 2410 2485 2409 15
2410 2425 2485 2486 15
2426 2411 2486 2425 15
2425 2411 2486 2410 15
2411 2426 2486 2487 15
2427 2412 2487 2426 15
2426 2412 2487 2411 15
2412 2427 2487 2488 15
2428 2413 2488 2427 15
2427 2413 2488 2412 15
2413 2428 2488 2489 15
2429 2414 2489 2428 15
2428 2414 2489 2413 15
2414 2429 2489 2490 15
2430 2415 2490 2429 15
2429 2415 2490 2414 15
2415 2430 2490 2491 15
2431 2416 2491 2430 15
2430 2416 2491 2415 15
2416 2431 2491 2492 15
2432 2417 2492 2431 15
2431 2417 2492 2416 15
2417 2432 2492 1009 15
1005 1004 1009 2432 15
2432 1004 1009 2417 15
263 262 293 3243 15
2778 2793 3243 262 15
262 2793 3243 263 15
2793 2778 3243 3244 15
2779 2794 3244 2778 15
2778 2794 3244 2793 15
2794 2779 3244 3245 15
2780 2795 3245 2779 15
2779 2795 3245 2794 15
2795 2780 3245 3246 15
2781 2796 3246 2780 15
2780 2796 3246 2795 15
2796 2781 3246 3247 15
2782 2797 3247 2781 15
2781 2797 3247 2796 15
2797 2782 3247 3248 15
2783 2798 3248 2782 15
2782 2798 3248 2797 15
2798 2783 3248 3249 15
2784 2799 3249 2783 15
2783 2799 3249 2798 15
2799 2784 3249 3250 15
2785 2800 3250 2784 15
2784 2800 3250 2799 15
2800 2785 3250 3251 15
2786 2801 3251 2785 15
2785 2801 3251 2800 15
2801 2786 3251 3252 15
2787 2802 3252 2786 15
2786 2802 3252 2801 15
2802 2787 3252 3253 15
2788 2803 3253 2787 15
2787 2803 3253 2802 15
2803 2788 3253 3254 15
2789 2804 3254 2788 15
2788 2804 3254 2803 15
2804 2789 3254 3255 15
2790 2805 3255 2789 15
2789 2805 3255 2804 15
2805 2790 3255 3256 15
2791 2806 3256 2790 15
2790 2806 3256 2805 15
2806 2791 3256 3257 15
2792 2807 3257 2791 15
2791 2807 3257 2806 15
2807 2792 3257 1060 15
1029 1030 1060 2792 15
2792 1030 1060 2807 15
10 283 304 3408 15
3093 331 3408 10 15
283 10 3093 3408 15
331 3093 3408 3409 15
3094 332 3409 331 15
3093 331 3094 3409 15
332 3094 3409 3410 15
3095 333 3410 332 15
3094 332 3095 3410 15
333 3095 3410 3411 15
3096 334 3411 333 15
3095 333 3096 3411 15
334 3096 3411 3412 15
3097 335 3412 334 15
3096 334 3097 3412 15
335 3097 3412 3413 15
3098 336 3413 335 15
3097 335 3098 3413 15
336 3098 3413 3414 15
3099 337 3414 336 15
3098 336 3099 3414 15
337 3099 3414 3415 15
3100 338 3415 337 15
3099 337 3100 3415 15
338 3100 3415 3416 15
3101 339 3416 338 15
3100 338 3101 3416 15
339 3101 3416 3417 15
3102 340 3417 339 15
3101 339 3102 3417 15
340 3102 3417 3418 15
3103 341 3418 340 15
3102 340 3103 3418 15
341 3103 3418 3419 15
3104 342 3419 341 15
3103 341 3104 3419 15
342 3104 3419 3420 15
3105 343 3420 342 15
3104 342 3105 3420 15
343 3105 3420 3421 15
3106 344 3421 343 15
3105 343 3106 3421 15
344 3106 3421 3422 15
3107 345 3422 344 15
3106 344 3107 3422 15
345 3107 3422 1071 15
1050 57 1071 345 15
3107 345 1050 1071 15
171 168 237 2403 15
1368 1413 2403 168 15
168 1413 2403 171 15
1413 1368 2403 2404 15
1369 1414 2404 1368 15
1368 1414 2404 1413 15
1414 1369 2404 2405 15
1370 1415 2405 1369 15
1369 1415 2405 1414 15
1415 1370 2405 2406 15
1371 1416 2406 1370 15
1370 1416 2406 1415 15
1416 1371 2406 2407 15
1372 1417 2407 1371 15
1371 1417 2407 1416 15
1417 1372 2407 2408 15
1373 1418 2408 1372 15
1372 1418 2408 1417 15
1418 1373 2408 2409 15
1374 1419 2409 1373 15
1373 1419 2409 1418 15
1419 1374 2409 2410 15
1375 1420 2410 1374 15
1374 1420 2410 1419 15
1420 1375 2410 2411 15
1376 1421 2411 1375 15
1375 1421 2411 1420 15
1421 1376 2411 2412 15
1377 1422 2412 1376 15
1376 1422 2412 1421 15
1422 1377 2412 2413 15
1378 1423 2413 1377 15
1377 1423 2413 1422 15
1423 1378 2413 2414 15
1379 1424 2414 1378 15
1378 1424 2414 1423 15
1424 1379 2414 2415 15
1380 1425 2415 1379 15
1379 1425 2415 1424 15
1425 1380 2415 2416 15
1381 1426 2416 1380 15
1380 1426 2416 1425 15
1426 1381 2416 2417 15
1382 1427 2417 1381 15
1381 1427 2417 1426 15
1427 1382 2417 1004 15
935 938 1004 1382 15
1382 938 1004 1427 15
238 158 239 2433 15
1218 2418 2433 158 15
158 2418 2433 238 15
2418 1218 2433 2434 15
1219 2419 2434 1218 15
1218 2419 2434 2418 15
2419 1219 2434 2435 15
1220 2420 2435 1219 15
1219 2420 2435 2419 15
2420 1220 2435 2436 15
1221 2421 2436 1220 15
1220 2421 2436 2420 15
2421 1221 2436 2437 15
1222 2422 2437 1221 15
1221 2422 2437 2421 15
2422 1222 2437 2438 15
1223 2423 2438 1222 15
1222 2423 2438 2422 15
2423 1223 2438 2439 15
1224 2424 2439 1223 15
1223 2424 2439 2423 15
2424 1224 2439 2440 15
1225 2425 2440 1224 15
1224 2425 2440 2424 15
2425 1225 2440 2441 15
1226 2426 2441 1225 15
1225 2426 2441 2425 15
2426 1226 2441 2442 15
1227 2427 2442 1226 15
1226 2427 2442 2426 15
2427 1227 2442 2443 15
1228 2428 2443 1227 15
1227 2428 2443 2427 15
2428 1228 2443 2444 15
1229 2429 2444 1228 15
1228 2429 2444 2428 15
2429 1229 2444 2445 15
1230 2430 2445 1229 15
1229 2430 2445 2429 15
2430 1230 2445 2446 15
1231 2431 2446 1230 15
1230 2431 2446 2430 15
2431 1231 2446 2447 15
1232 2432 2447 1231 15
1231 2432 2447 2431 15
2432 1232 2447 1006 15
925 1005 1006 1232 15
1232 1005 1006 2432 15
240 239 292 3228 15
2433 2448 3228 239 15
239 2448 3228 240 15
2448 2433 3228 3229 15
2434 2449 3229 2433 15
2433 2449 3229 2448 15
2449 2434 3229 3230 15
2435 2450 3230 2434 15
2434 2450 3230 2449 15
2450 2435 3230 3231 15
2436 2451 3231 2435 15
2435 2451 3231 2450 15
2451 2436 3231 3232 15
2437 2452 3232 2436 15
2436 2452 3232 2451 15
2452 2437 3232 3233 15
2438 2453 3233 2437 15
2437 2453 3233 2452 15
2453 2438 3233 3234 15
2439 2454 3234 2438 15
2438 2454 3234 2453 15
2454 2439 3234 3235 15
2440 2455 3235 2439 15
2439 2455 3235 2454 15
2455 2440 3235 3236 15
2441 2456 3236 2440 15
2440 2456 3236 2455 15
2456 2441 3236 3237 15
2442 2457 3237 2441 15
2441 2457 3237 2456 15
2457 2442 3237 3238 15
2443 2458 3238 2442 15
2442 2458 3238 2457 15
2458 2443 3238 3239 15
2444 2459 3239 2443 15
2443 2459 3239 2458 15
2459 2444 3239 3240 15
2445 2460 3240 2444 15
2444 2460 3240 2459 15
2460 2445 3240 3241 15
2446 2461 3241 2445 15
2445 2461 3241 2460 15
2461 2446 3241 3242 15
2447 2462 3242 2446 15
2446 2462 3242 2461 15
2462 2447 3242 1059 15
1006 1007 1059 2447 15
2447 1007 1059 2462 15
256 281 286 3138 15
3063 2688 3138 281 15
281 2688 3138 256 15
2688 3063 3138 3139 15
3064 2689 3139 3063 15
3063 2689 3139 2688 15
2689 3064 3139 3140 15
3065 2690 3140 3064 15
3064 2690 3140 2689 15
2690 3065 3140 3141 15
3066 2691 3141 3065 15
3065 2691 3141 2690 15
2691 3066 3141 3142 15
3067 2692 3142 3066 15
3066 2692 3142 2691 15
2692 3067 3142 3143 15
3068 2693 3143 3067 15
3067 2693 3143 2692 15
2693 3068 3143 3144 15
3069 2694 3144 3068 15
3068 2694 3144 2693 15
2694 3069 3144 3145 15
3070 2695 3145 3069 15
3069 2695 3145 2694 15
2695 3070 3145 3146 15
3071 2696 3146 3070 15
3070 2696 3146 2695 15
2696 3071 3146 3147 15
3072 2697 3147 3071 15
3071 2697 3147 2696 15
2697 3072 3147 3148 15
3073 2698 3148 3072 15
3072 2698 3148 2697 15
2698 3073 3148 3149 15
3074 2699 3149 3073 15
3073 2699 3149 2698 15
2699 3074 3149 3150 15
3075 2700 3150 3074 15
3074 2700 3150 2699 15
2700 3075 3150 3151 15
3076 2701 3151 3075 15
3075 2701 3151 2700 15
2701 3076 3151 3152 15
3077 2702 3152 3076 15
3076 2702 3152 2701 15
2702 3077 3152 1053 15
1048 1023 1053 3077 15
3077 1023 1053 2702 15
171 237 242 2478 15
2403 1413 2478 171 15
237 171 2403 2478 15
1413 2403 2478 2479 15
2404 1414 2479 1413 15
2403 1413 2404 2479 15
1414 2404 2479 2480 15
2405 1415 2480 1414 15
2404 1414 2405 2480 15
1415 2405 2480 2481 15
2406 1416 2481 1415 15
2405 1415 2406 2481 15
1416 2406 2481 2482 15
2407 1417 2482 1416 15
2406 1416 2407 2482 15
1417 2407 2482 2483 15
2408 1418 2483 1417 15
2407 1417 2408 2483 15
1418 2408 2483 2484 15
2409 1419 2484 1418 15
2408 1418 2409 2484 15
1419 2409 2484 2485 15
2410 1420 2485 1419 15
2409 1419 2410 2485 15
1420 2410 2485 2486 15
2411 1421 2486 1420 15
2410 1420 2411 2486 15
1421 2411 2486 2487 15
2412 1422 2487 1421 15
2411 1421 2412 2487 15
1422 2412 2487 2488 15
2413 1423 2488 1422 15
2412 1422 2413 2488 15
1423 2413 2488 2489 15
2414 1424 2489 1423 15
2413 1423 2414 2489 15
1424 2414 2489 2490 15
2415 1425 2490 1424 15
2414 1424 2415 2490 15
1425 2415 2490 2491 15
2416 1426 2491 1425 15
2415 1425 2416 2491 15
1426 2416 2491 2492 15
2417 1427 2492 1426 15
2416 1426 2417 2492 15
1427 2417 2492 1009 15
1004 938 1009 1427 15
2417 1427 1004 1009 15
234 151 290 3198 15
1113 2358 3198 151 15
151 2358 3198 234 15
2358 1113 3198 3199 15
1114 2359 3199 1113 15
1113 2359 3199 2358 15
2359 1114 3199 3200 15
1115 2360 3200 1114 15
1114 2360 3200 2359 15
2360 1115 3200 3201 15
1116 2361 3201 1115 15
1115 2361 3201 2360 15
2361 1116 3201 3202 15
1117 2362 3202 1116 15
1116 2362 3202 2361 15
2362 1117 3202 3203 15
1118 2363 3203 1117 15
1117 2363 3203 2362 15
2363 1118 3203 3204 15
1119 2364 3204 1118 15
1118 2364 3204 2363 15
2364 1119 3204 3205 15
1120 2365 3205 1119 15
1119 2365 3205 2364 15
2365 1120 3205 3206 15
1121 2366 3206 1120 15
1120 2366 3206 2365 15
2366 1121 3206 3207 15
1122 2367 3207 1121 15
1121 2367 3207 2366 15
2367 1122 3207 3208 15
1123 2368 3208 1122 15
1122 2368 3208 2367 15
2368 1123 3208 3209 15
1124 2369 3209 1123 15
1123 2369 3209 2368 15
2369 1124 3209 3210 15
1125 2370 3210 1124 15
1124 2370 3210 2369 15
2370 1125 3210 3211 15
1126 2371 3211 1125 15
1125 2371 3211 2370 15
2371 1126 3211 3212 15
1127 2372 3212 1126 15
1126 2372 3212 2371 15
2372 1127 3212 1057 15
918 1001 1057 1127 15
1127 1001 1057 2372 15
168 166 237 2403 15
1338 1368 2403 166 15
166 1368 2403 168 15
1368 1338 2403 2404 15
1339 1369 2404 1338 15
1338 1369 2404 1368 15
1369 1339 2404 2405 15
1340 1370 2405 1339 15
1339 1370 2405 1369 15
1370 1340 2405 2406 15
1341 1371 2406 1340 15
1340 1371 2406 1370 15
1371 1341 2406 2407 15
1342 1372 2407 1341 15
1341 1372 2407 1371 15
1372 1342 2407 2408 15
1343 1373 2408 1342 15
1342 1373 2408 1372 15
1373 1343 2408 2409 15
1344 1374 2409 1343 15
1343 1374 2409 1373 15
1374 1344 2409 2410 15
1345 1375 2410 1344 15
1344 1375 2410 1374 15
1375 1345 2410 2411 15
1346 1376 2411 1345 15
1345 1376 2411 1375 15
1376 1346 2411 2412 15
1347 1377 2412 1346 15
1346 1377 2412 1376 15
1377 1347 2412 2413 15
1348 1378 2413 1347 15
1347 1378 2413 1377 15
1378 1348 2413 2414 15
1349 1379 2414 1348 15
1348 1379 2414 1378 15
1379 1349 2414 2415 15
1350 1380 2415 1349 15
1349 1380 2415 1379 15
1380 1350 2415 2416 15
1351 1381 2416 1350 15
1350 1381 2416 1380 15
1381 1351 2416 2417 15
1352 1382 2417 1351 15
1351 1382 2417 1381 15
1382 1352 2417 1004 15
933 935 1004 1352 15
1352 935 1004 1382 15
296 233 300 3348 15
2343 3288 3348 233 15
233 3288 3348 296 15
3288 2343 3348 3349 15
2344 3289 3349 2343 15
2343 3289 3349 3288 15
3289 2344 3349 3350 15
2345 3290 3350 2344 15
2344 3290 3350 3289 15
3290 2345 3350 3351 15
2346 3291 3351 2345 15
2345 3291 3351 3290 15
3291 2346 3351 3352 15
2347 3292 3352 2346 15
2346 3292 3352 3291 15
3292 2347 3352 3353 15
2348 3293 3353 2347 15
2347 3293 3353 3292 15
3293 2348 3353 3354 15
2349 3294 3354 2348 15
2348 3294 3354 3293 15
3294 2349 3354 3355 15
2350 3295 3355 2349 15
2349 3295 3355 3294 15
3295 2350 3355 3356 15
2351 3296 3356 2350 15
2350 3296 3356 3295 15
3296 2351 3356 3357 15
2352 3297 3357 2351 15
2351 3297 3357 3296 15
3297 2352 3357 3358 15
2353 3298 3358 2352 15
2352 3298 3358 3297 15
3298 2353 3358 3359 15
2354 3299 3359 2353 15
2353 3299 3359 3298 15
3299 2354 3359 3360 15
2355 3300 3360 2354 15
2354 3300 3360 3299 15
3300 2355 3360 3361 15
2356 3301 3361 2355 15
2355 3301 3361 3300 15
3301 2356 3361 3362 15
2357 3302 3362 2356 15
2356 3302 3362 3301 15
3302 2357 3362 1067 15
1000 1063 1067 2357 15
2357 1063 1067 3302 15
227 288 289 3183 15
3168 2253 3183 227 15
288 227 3168 3183 15
2253 3168 3183 3184 15
3169 2254 3184 2253 15
3168 2253 3169 3184 15
2254 3169 3184 3185 15
3170 2255 3185 2254 15
3169 2254 3170 3185 15
2255 3170 3185 3186 15
3171 2256 3186 2255 15
3170 2255 3171 3186 15
2256 3171 3186 3187 15
3172 2257 3187 2256 15
3171 2256 3172 3187 15
2257 3172 3187 3188 15
3173 2258 3188 2257 15
3172 2257 3173 3188 15
2258 3173 3188 3189 15
3174 2259 3189 2258 15
3173 2258 3174 3189 15
2259 3174 3189 3190 15
3175 2260 3190 2259 15
3174 2259 3175 3190 15
2260 3175 3190 3191 15
3176 2261 3191 2260 15
3175 2260 3176 3191 15
2261 3176 3191 3192 15
3177 2262 3192 2261 15
3176 2261 3177 3192 15
2262 3177 3192 3193 15
3178 2263 3193 2262 15
3177 2262 3178 3193 15
2263 3178 3193 3194 15
3179 2264 3194 2263 15
3178 2263 3179 3194 15
2264 3179 3194 3195 15
3180 2265 3195 2264 15
3179 2264 3180 3195 15
2265 3180 3195 3196 15
3181 2266 3196 2265 15
3180 2265 3181 3196 15
2266 3181 3196 3197 15
3182 2267 3197 2266 15
3181 2266 3182 3197 15
2267 3182 3197 1056 15
1055 994 1056 2267 15
3182 2267 1055 1056 15
266 154 303 3393 15
1158 2838 3393 154 15
154 2838 3393 266 15
2838 1158 3393 3394 15
1159 2839 3394 1158 15
1158 2839 3394 2838 15
2839 1159 3394 3395 15
1160 2840 3395 1159 15
1159 2840 3395 2839 15
2840 1160 3395 3396 15
1161 2841 3396 1160 15
1160 2841 3396 2840 15
2841 1161 3396 3397 15
1162 2842 3397 1161 15
1161 2842 3397 2841 15
2842 1162 3397 3398 15
1163 2843 3398 1162 15
1162 2843 3398 2842 15
2843 1163 3398 3399 15
1164 2844 3399 1163 15
1163 2844 3399 2843 15
2844 1164 3399 3400 15
1165 2845 3400 1164 15
1164 2845 3400 2844 15
2845 1165 3400 3401 15
1166 2846 3401 1165 15
1165 2846 3401 2845 15
2846 1166 3401 3402 15
1167 2847 3402 1166 15
1166 2847 3402 2846 15
2847 1167 3402 3403 15
1168 2848 3403 1167 15
1167 2848 3403 2847 15
2848 1168 3403 3404 15
1169 2849 3404 1168 15
1168 2849 3404 2848 15
2849 1169 3404 3405 15
1170 2850 3405 1169 15
1169 2850 3405 2849 15
2850 1170 3405 3406 15
1171 2851 3406 1170 15
1170 2851 3406 2850 15
2851 1171 3406 3407 15
1172 2852 3407 1171 15
1171 2852 3407 2851 15
2852 1172 3407 1070 15
921 1033 1070 1172 15
1172 1033 1070 2852 15
214 282 284 3108 15
3078 2058 3108 282 15
282 2058 3108 214 15
2058 3078 3108 3109 15
3079 2059 3109 3078 15
3078 2059 3109 2058 15
2059 3079 3109 3110 15
3080 2060 3110 3079 15
3079 2060 3110 2059 15
2060 3080 3110 3111 15
3081 2061 3111 3080 15
3080 2061 3111 2060 15
2061 3081 3111 3112 15
3082 2062 3112 3081 15
3081 2062 3112 2061 15
2062 3082 3112 3113 15
3083 2063 3113 3082 15
3082 2063 3113 2062 15
2063 3083 3113 3114 15
3084 2064 3114 3083 15
3083 2064 3114 2063 15
2064 3084 3114 3115 15
3085 2065 3115 3084 15
3084 2065 3115 2064 15
2065 3085 3115 3116 15
3086 2066 3116 3085 15
3085 2066 3116 2065 15
2066 3086 3116 3117 15
3087 2067 3117 3086 15
3086 2067 3117 2066 15
2067 3087 3117 3118 15
3088 2068 3118 3087 15
3087 2068 3118 2067 15
2068 3088 3118 3119 15
3089 2069 3119 3088 15
3088 2069 3119 2068 15
2069 3089 3119 3120 15
3090 2070 3120 3089 15
3089 2070 3120 2069 15
2070 3090 3120 3121 15
3091 2071 3121 3090 15
3090 2071 3121 2070 15
2071 3091 3121 3122 15
3092 2072 3122 3091 15
3091 2072 3122 2071 15
2072 3092 3122 1051 15
1049 981 1051 3092 15
3092 981 1051 2072 15
242 225 244 2508 15
2223 2478 2508 225 15
225 2478 2508 242 15
2478 2223 2508 2509 15
2224 2479 2509 2223 15
2223 2479 2509 2478 15
2479 2224 2509 2510 15
2225 2480 2510 2224 15
2224 2480 2510 2479 15
2480 2225 2510 2511 15
2226 2481 2511 2225 15
2225 2481 2511 2480 15
2481 2226 2511 2512 15
2227 2482 2512 2226 15
2226 2482 2512 2481 15
2482 2227 2512 2513 15
2228 2483 2513 2227 15
2227 2483 2513 2482 15
2483 2228 2513 2514 15
2229 2484 2514 2228 15
2228 2484 2514 2483 15
2484 2229 2514 2515 15
2230 2485 2515 2229 15
2229 2485 2515 2484 15
2485 2230 2515 2516 15
2231 2486 2516 2230 15
2230 2486 2516 2485 15
2486 2231 2516 2517 15
2232 2487 2517 2231 15
2231 2487 2517 2486 15
2487 2232 2517 2518 15
2233 2488 2518 2232 15
2232 2488 2518 2487 15
2488 2233 2518 2519 15
2234 2489 2519 2233 15
2233 2489 2519 2488 15
2489 2234 2519 2520 15
2235 2490 2520 2234 15
2234 2490 2520 2489 15
2490 2235 2520 2521 15
2236 2491 2521 2235 15
2235 2491 2521 2490 15
2491 2236 2521 2522 15
2237 2492 2522 2236 15
2236 2492 2522 2491 15
2492 2237 2522 1011 15
992 1009 1011 2237 15
2237 1009 1011 2492 15
150 240 292 3228 15
2448 1098 3228 150 15
240 150 2448 3228 15
1098 2448 3228 3229 15
2449 1099 3229 1098 15
2448 1098 2449 3229 15
1099 2449 3229 3230 15
2450 1100 3230 1099 15
2449 1099 2450 3230 15
1100 2450 3230 3231 15
2451 1101 3231 1100 15
2450 1100 2451 3231 15
1101 2451 3231 3232 15
2452 1102 3232 1101 15
2451 1101 2452 3232 15
1102 2452 3232 3233 15
2453 1103 3233 1102 15
2452 1102 2453 3233 15
1103 2453 3233 3234 15
2454 1104 3234 1103 15
2453 1103 2454 3234 15
1104 2454 3234 3235 15
2455 1105 3235 1104 15
2454 1104 2455 3235 15
1105 2455 3235 3236 15
2456 1106 3236 1105 15
2455 1105 2456 3236 15
1106 2456 3236 3237 15
2457 1107 3237 1106 15
2456 1106 2457 3237 15
1107 2457 3237 3238 15
2458 1108 3238 1107 15
2457 1107 2458 3238 15
1108 2458 3238 3239 15
2459 1109 3239 1108 15
2458 1108 2459 3239 15
1109 2459 3239 3240 15
2460 1110 3240 1109 15
2459 1109 2460 3240 15
1110 2460 3240 3241 15
2461 1111 3241 1110 15
2460 1110 2461 3241 15
1111 2461 3241 3242 15
2462 1112 3242 1111 15
2461 1111 2462 3242 15
1112 2462 3242 1059 15
1007 917 1059 1112 15
2462 1112 1007 1059 15
260 287 291 3213 15
3153 2748 3213 260 15
287 260 3153 3213 15
2748 3153 3213 3214 15
3154 2749 3214 2748 15
3153 2748 3154 3214 15
2749 3154 3214 3215 15
3155 2750 3215 2749 15
3154 2749 3155 3215 15
2750 3155 3215 3216 15
3156 2751 3216 2750 15
3155 2750 3156 3216 15
2751 3156 3216 3217 15
3157 2752 3217 2751 15
3156 2751 3157 3217 15
2752 3157 3217 3218 15
3158 2753 3218 2752 15
3157 2752 3158 3218 15
2753 3158 3218 3219 15
3159 2754 3219 2753 15
3158 2753 3159 3219 15
2754 3159 3219 3220 15
3160 2755 3220 2754 15
3159 2754 3160 3220 15
2755 3160 3220 3221 15
3161 2756 3221 2755 15
3160 2755 3161 3221 15
2756 3161 3221 3222 15
3162 2757 3222 2756 15
3161 2756 3162 3222 15
2757 3162 3222 3223 15
3163 2758 3223 2757 15
3162 2757 3163 3223 15
2758 3163 3223 3224 15
3164 2759 3224 2758 15
3163 2758 3164 3224 15
2759 3164 3224 3225 15
3165 2760 3225 2759 15
3164 2759 3165 3225 15
2760 3165 3225 3226 15
3166 2761 3226 2760 15
3165 2760 3166 3226 15
2761 3166 3226 3227 15
3167 2762 3227 2761 15
3166 2761 3167 3227 15
2762 3167 3227 1058 15
1054 1027 1058 2762 15
3167 2762 1054 1058 15
41 155 277 3003 15
1173 796 3003 155 15
155 796 3003 41 15
796 1173 3003 3004 15
1174 797 3004 1173 15
1173 797 3004 796 15
797 1174 3004 3005 15
1175 798 3005 1174 15
1174 798 3005 797 15
798 1175 3005 3006 15
1176 799 3006 1175 15
1175 799 3006 798 15
799 1176 3006 3007 15
1177 800 3007 1176 15
1176 800 3007 799 15
800 1177 3007 3008 15
1178 801 3008 1177 15
1177 801 3008 800 15
801 1178 3008 3009 15
1179 802 3009 1178 15
1178 802 3009 801 15
802 1179 3009 3010 15
1180 803 3010 1179 15
1179 803 3010 802 15
803 1180 3010 3011 15
1181 804 3011 1180 15
1180 804 3011 803 15
804 1181 3011 3012 15
1182 805 3012 1181 15
1181 805 3012 804 15
805 1182 3012 3013 15
1183 806 3013 1182 15
1182 806 3013 805 15
806 1183 3013 3014 15
1184 807 3014 1183 15
1183 807 3014 806 15
807 1184 3014 3015 15
1185 808 3015 1184 15
1184 808 3015 807 15
808 1185 3015 3016 15
1186 809 3016 1185 15
1185 809 3016 808 15
809 1186 3016 3017 15
1187 810 3017 1186 15
1186 810 3017 809 15
810 1187 3017 1044 15
922 146 1044 1187 15
1187 146 1044 810 15
40 41 277 3003 15
796 781 3003 40 15
41 40 796 3003 15
781 796 3003 3004 15
797 782 3004 781 15
796 781 797 3004 15
782 797 3004 3005 15
798 783 3005 782 15
797 782 798 3005 15
783 798 3005 3006 15
799 784 3006 783 15
798 783 799 3006 15
784 799 3006 3007 15
800 785 3007 784 15
799 784 800 3007 15
785 800 3007 3008 15
801 786 3008 785 15
800 785 801 3008 15
786 801 3008 3009 15
802 787 3009 786 15
801 786 802 3009 15
787 802 3009 3010 15
803 788 3010 787 15
802 787 803 3010 15
788 803 3010 3011 15
804 789 3011 788 15
803 788 804 3011 15
789 804 3011 3012 15
805 790 3012 789 15
804 789 805 3012 15
790 805 3012 3013 15
806 791 3013 790 15
805 790 806 3013 15
791 806 3013 3014 15
807 792 3014 791 15
806 791 807 3014 15
792 807 3014 3015 15
808 793 3015 792 15
807 792 808 3015 15
793 808 3015 3016 15
809 794 3016 793 15
808 793 809 3016 15
794 809 3016 3017 15
810 795 3017 794 15
809 794 810 3017 15
795 810 3017 1044 15
146 147 1044 795 15
810 795 146 1044 15
226 225 242 2478 15
2223 2238 2478 225 15
225 2238 2478 226 15
2238 2223 2478 2479 15
2224 2239 2479 2223 15
2223 2239 2479 2238 15
2239 2224 2479 2480 15
2225 2240 2480 2224 15
2224 2240 2480 2239 15
2240 2225 2480 2481 15
2226 2241 2481 2225 15
2225 2241 2481 2240 15
2241 2226 2481 2482 15
2227 2242 2482 2226 15
2226 2242 2482 2241 15
2242 2227 2482 2483 15
2228 2243 2483 2227 15
2227 2243 2483 2242 15
2243 2228 2483 2484 15
2229 2244 2484 2228 15
2228 2244 2484 2243 15
2244 2229 2484 2485 15
2230 2245 2485 2229 15
2229 2245 2485 2244 15
2245 2230 2485 2486 15
2231 2246 2486 2230 15
2230 2246 2486 2245 15
2246 2231 2486 2487 15
2232 2247 2487 2231 15
2231 2247 2487 2246 15
2247 2232 2487 2488 15
2233 2248 2488 2232 15
2232 2248 2488 2247 15
2248 2233 2488 2489 15
2234 2249 2489 2233 15
2233 2249 2489 2248 15
2249 2234 2489 2490 15
2235 2250 2490 2234 15
2234 2250 2490 2249 15
2250 2235 2490 2491 15
2236 2251 2491 2235 15
2235 2251 2491 2250 15
2251 2236 2491 2492 15
2237 2252 2492 2236 15
2236 2252 2492 2251 15
2252 2237 2492 1009 15
992 993 1009 2237 15
2237 993 1009 2252 15
171 242 244 2508 15
2478 1413 2508 171 15
242 171 2478 2508 15
1413 2478 2508 2509 15
2479 1414 2509 1413 15
2478 1413 2479 2509 15
1414 2479 2509 2510 15
2480 1415 2510 1414 15
2479 1414 2480 2510 15
1415 2480 2510 2511 15
2481 1416 2511 1415 15
2480 1415 2481 2511 15
1416 2481 2511 2512 15
2482 1417 2512 1416 15
2481 1416 2482 2512 15
1417 2482 2512 2513 15
2483 1418 2513 1417 15
2482 1417 2483 2513 15
1418 2483 2513 2514 15
2484 1419 2514 1418 15
2483 1418 2484 2514 15
1419 2484 2514 2515 15
2485 1420 2515 1419 15
2484 1419 2485 2515 15
1420 2485 2515 2516 15
2486 1421 2516 1420 15
2485 1420 2486 2516 15
1421 2486 2516 2517 15
2487 1422 2517 1421 15
2486 1421 2487 2517 15
1422 2487 2517 2518 15
2488 1423 2518 1422 15
2487 1422 2488 2518 15
1423 2488 2518 2519 15
2489 1424 2519 1423 15
2488 1423 2489 2519 15
1424 2489 2519 2520 15
2490 1425 2520 1424 15
2489 1424 2490 2520 15
1425 2490 2520 2521 15
2491 1426 2521 1425 15
2490 1425 2491 2521 15
1426 2491 2521 2522 15
2492 1427 2522 1426 15
2491 1426 2492 2522 15
1427 2492 2522 1011 15
1009 938 1011 1427 15
2492 1427 1009 1011 15
232 241 243 2493 15
2463 2328 2493 241 15
241 2328 2493 232 15
2328 2463 2493 2494 15
2464 2329 2494 2463 15
2463 2329 2494 2328 15
2329 2464 2494 2495 15
2465 2330 2495 2464 15
2464 2330 2495 2329 15
2330 2465 2495 2496 15
2466 2331 2496 2465 15
2465 2331 2496 2330 15
2331 2466 2496 2497 15
2467 2332 2497 2466 15
2466 2332 2497 2331 15
2332 2467 2497 2498 15
2468 2333 2498 2467 15
2467 2333 2498 2332 15
2333 2468 2498 2499 15
2469 2334 2499 2468 15
2468 2334 2499 2333 15
2334 2469 2499 2500 15
2470 2335 2500 2469 15
2469 2335 2500 2334 15
2335 2470 2500 2501 15
2471 2336 2501 2470 15
2470 2336 2501 2335 15
2336 2471 2501 2502 15
2472 2337 2502 2471 15
2471 2337 2502 2336 15
2337 2472 2502 2503 15
2473 2338 2503 2472 15
2472 2338 2503 2337 15
2338 2473 2503 2504 15
2474 2339 2504 2473 15
2473 2339 2504 2338 15
2339 2474 2504 2505 15
2475 2340 2505 2474 15
2474 2340 2505 2339 15
2340 2475 2505 2506 15
2476 2341 2506 2475 15
2475 2341 2506 2340 15
2341 2476 2506 2507 15
2477 2342 2507 2476 15
2476 2342 2507 2341 15
2342 2477 2507 1010 15
1008 999 1010 2477 15
2477 999 1010 2342 15
232 234 241 2328 15
2358 2328 2463 234 15
234 2328 2463 241 15
2328 2358 2463 2329 15
2359 2329 2464 2358 15
2358 2329 2464 2463 15
2329 2359 2464 2330 15
2360 2330 2465 2359 15
2359 2330 2465 2464 15
2330 2360 2465 2331 15
2361 2331 2466 2360 15
2360 2331 2466 2465 15
2331 2361 2466 2332 15
2362 2332 2467 2361 15
2361 2332 2467 2466 15
2332 2362 2467 2333 15
2363 2333 2468 2362 15
2362 2333 2468 2467 15
2333 2363 2468 2334 15
2364 2334 2469 2363 15
2363 2334 2469 2468 15
2334 2364 2469 2335 15
2365 2335 2470 2364 15
2364 2335 2470 2469 15
2335 2365 2470 2336 15
2366 2336 2471 2365 15
2365 2336 2471 2470 15
2336 2366 2471 2337 15
2367 2337 2472 2366 15
2366 2337 2472 2471 15
2337 2367 2472 2338 15
2368 2338 2473 2367 15
2367 2338 2473 2472 15
2338 2368 2473 2339 15
2369 2339 2474 2368 15
2368 2339 2474 2473 15
2339 2369 2474 2340 15
2370 2340 2475 2369 15
2369 2340 2475 2474 15
2340 2370 2475 2341 15
2371 2341 2476 2370 15
2370 2341 2476 2475 15
2341 2371 2476 2342 15
2372 2342 2477 2371 15
2371 2342 2477 2476 15
2342 2372 2477 999 15
1001 999 1008 2372 15
2372 999 1008 2477 15
241 169 243 2493 15
1383 2463 2493 169 15
169 2463 2493 241 15
2463 1383 2493 2494 15
1384 2464 2494 1383 15
1383 2464 2494 2463 15
2464 1384 2494 2495 15
1385 2465 2495 1384 15
1384 2465 2495 2464 15
2465 1385 2495 2496 15
1386 2466 2496 1385 15
1385 2466 2496 2465 15
2466 1386 2496 2497 15
1387 2467 2497 1386 15
1386 2467 2497 2466 15
2467 1387 2497 2498 15
1388 2468 2498 1387 15
1387 2468 2498 2467 15
2468 1388 2498 2499 15
1389 2469 2499 1388 15
1388 2469 2499 2468 15
2469 1389 2499 2500 15
1390 2470 2500 1389 15
1389 2470 2500 2469 15
2470 1390 2500 2501 15
1391 2471 2501 1390 15
1390 2471 2501 2470 15
2471 1391 2501 2502 15
1392 2472 2502 1391 15
1391 2472 2502 2471 15
2472 1392 2502 2503 15
1393 2473 2503 1392 15
1392 2473 2503 2472 15
2473 1393 2503 2504 15
1394 2474 2504 1393 15
1393 2474 2504 2473 15
2474 1394 2504 2505 15
1395 2475 2505 1394 15
1394 2475 2505 2474 15
2475 1395 2505 2506 15
1396 2476 2506 1395 15
1395 2476 2506 2475 15
2476 1396 2506 2507 15
1397 2477 2507 1396 15
1396 2477 2507 2476 15
2477 1397 2507 1010 15
936 1008 1010 1397 15
1397 1008 1010 2477 15
243 173 275 2973 15
1443 2493 2973 173 15
173 2493 2973 243 15
2493 1443 2973 2974 15
1444 2494 2974 1443 15
1443 2494 2974 2493 15
2494 1444 2974 2975 15
1445 2495 2975 1444 15
1444 2495 2975 2494 15
2495 1445 2975 2976 15
1446 2496 2976 1445 15
1445 2496 2976 2495 15
2496 1446 2976 2977 15
1447 2497 2977 1446 15
1446 2497 2977 2496 15
2497 1447 2977 2978 15
1448 2498 2978 1447 15
1447 2498 2978 2497 15
2498 1448 2978 2979 15
1449 2499 2979 1448 15
1448 2499 2979 2498 15
2499 1449 2979 2980 15
1450 2500 2980 1449 15
1449 2500 2980 2499 15
2500 1450 2980 2981 15
1451 2501 2981 1450 15
1450 2501 2981 2500 15
2501 1451 2981 2982 15
1452 2502 2982 1451 15
1451 2502 2982 2501 15
2502 1452 2982 2983 15
1453 2503 2983 1452 15
1452 2503 2983 2502 15
2503 1453 2983 2984 15
1454 2504 2984 1453 15
1453 2504 2984 2503 15
2504 1454 2984 2985 15
1455 2505 2985 1454 15
1454 2505 2985 2504 15
2505 1455 2985 2986 15
1456 2506 2986 1455 15
1455 2506 2986 2505 15
2506 1456 2986 2987 15
1457 2507 2987 1456 15
1456 2507 2987 2506 15
2507 1457 2987 1042 15
940 1010 1042 1457 15
1457 1010 1042 2507 15
232 243 275 2973 15
2493 2328 2973 232 15
243 232 2493 2973 15
2328 2493 2973 2974 15
2494 2329 2974 2328 15
2493 2328 2494 2974 15
2329 2494 2974 2975 15
2495 2330 2975 2329 15
2494 2329 2495 2975 15
2330 2495 2975 2976 15
2496 2331 2976 2330 15
2495 2330 2496 2976 15
2331 2496 2976 2977 15
2497 2332 2977 2331 15
2496 2331 2497 2977 15
2332 2497 2977 2978 15
2498 2333 2978 2332 15
2497 2332 2498 2978 15
2333 2498 2978 2979 15
2499 2334 2979 2333 15
2498 2333 2499 2979 15
2334 2499 2979 2980 15
2500 2335 2980 2334 15
2499 2334 2500 2980 15
2335 2500 2980 2981 15
2501 2336 2981 2335 15
2500 2335 2501 2981 15
2336 2501 2981 2982 15
2502 2337 2982 2336 15
2501 2336 2502 2982 15
2337 2502 2982 2983 15
2503 2338 2983 2337 15
2502 2337 2503 2983 15
2338 2503 2983 2984 15
2504 2339 2984 2338 15
2503 2338 2504 2984 15
2339 2504 2984 2985 15
2505 2340 2985 2339 15
2504 2339 2505 2985 15
2340 2505 2985 2986 15
2506 2341 2986 2340 15
2505 2340 2506 2986 15
2341 2506 2986 2987 15
2507 2342 2987 2341 15
2506 2341 2507 2987 15
2342 2507 2987 1042 15
1010 999 1042 2342 15
2507 2342 1010 1042 15
170 173 243 2493 15
1443 1398 2493 173 15
173 1398 2493 170 15
1398 1443 2493 2494 15
1444 1399 2494 1443 15
1443 1399 2494 1398 15
1399 1444 2494 2495 15
1445 1400 2495 1444 15
1444 1400 2495 1399 15
1400 1445 2495 2496 15
1446 1401 2496 1445 15
1445 1401 2496 1400 15
1401 1446 2496 2497 15
1447 1402 2497 1446 15
1446 1402 2497 1401 15
1402 1447 2497 2498 15
1448 1403 2498 1447 15
1447 1403 2498 1402 15
1403 1448 2498 2499 15
1449 1404 2499 1448 15
1448 1404 2499 1403 15
1404 1449 2499 2500 15
1450 1405 2500 1449 15
1449 1405 2500 1404 15
1405 1450 2500 2501 15
1451 1406 2501 1450 15
1450 1406 2501 1405 15
1406 1451 2501 2502 15
1452 1407 2502 1451 15
1451 1407 2502 1406 15
1407 1452 2502 2503 15
1453 1408 2503 1452 15
1452 1408 2503 1407 15
1408 1453 2503 2504 15
1454 1409 2504 1453 15
1453 1409 2504 1408 15
1409 1454 2504 2505 15
1455 1410 2505 1454 15
1454 1410 2505 1409 15
1410 1455 2505 2506 15
1456 1411 2506 1455 15
1455 1411 2506 1410 15
1411 1456 2506 2507 15
1457 1412 2507 1456 15
1456 1412 2507 1411 15
1412 1457 2507 1010 15
940 937 1010 1457 15
1457 937 1010 1412 15
175 244 245 2523 15
2508 1473 2523 244 15
244 1473 2523 175 15
1473 2508 2523 2524 15
2509 1474 2524 2508 15
2508 1474 2524 1473 15
1474 2509 2524 2525 15
2510 1475 2525 2509 15
2509 1475 2525 1474 15
1475 2510 2525 2526 15
2511 1476 2526 2510 15
2510 1476 2526 1475 15
1476 2511 2526 2527 15
2512 1477 2527 2511 15
2511 1477 2527 1476 15
1477 2512 2527 2528 15
2513 1478 2528 2512 15
2512 1478 2528 1477 15
1478 2513 2528 2529 15
2514 1479 2529 2513 15
2513 1479 2529 1478 15
1479 2514 2529 2530 15
2515 1480 2530 2514 15
2514 1480 2530 1479 15
1480 2515 2530 2531 15
2516 1481 2531 2515 15
2515 1481 2531 1480 15
1481 2516 2531 2532 15
2517 1482 2532 2516 15
2516 1482 2532 1481 15
1482 2517 2532 2533 15
2518 1483 2533 2517 15
2517 1483 2533 1482 15
1483 2518 2533 2534 15
2519 1484 2534 2518 15
2518 1484 2534 1483 15
1484 2519 2534 2535 15
2520 1485 2535 2519 15
2519 1485 2535 1484 15
1485 2520 2535 2536 15
2521 1486 2536 2520 15
2520 1486 2536 1485 15
1486 2521 2536 2537 15
2522 1487 2537 2521 15
2521 1487 2537 1486 15
1487 2522 2537 1012 15
1011 942 1012 2522 15
2522 942 1012 1487 15
244 225 245 2523 15
2223 2508 2523 225 15
225 2508 2523 244 15
2508 2223 2523 2524 15
2224 2509 2524 2223 15
2223 2509 2524 2508 15
2509 2224 2524 2525 15
2225 2510 2525 2224 15
2224 2510 2525 2509 15
2510 2225 2525 2526 15
2226 2511 2526 2225 15
2225 2511 2526 2510 15
2511 2226 2526 2527 15
2227 2512 2527 2226 15
2226 2512 2527 2511 15
2512 2227 2527 2528 15
2228 2513 2528 2227 15
2227 2513 2528 2512 15
2513 2228 2528 2529 15
2229 2514 2529 2228 15
2228 2514 2529 2513 15
2514 2229 2529 2530 15
2230 2515 2530 2229 15
2229 2515 2530 2514 15
2515 2230 2530 2531 15
2231 2516 2531 2230 15
2230 2516 2531 2515 15
2516 2231 2531 2532 15
2232 2517 2532 2231 15
2231 2517 2532 2516 15
2517 2232 2532 2533 15
2233 2518 2533 2232 15
2232 2518 2533 2517 15
2518 2233 2533 2534 15
2234 2519 2534 2233 15
2233 2519 2534 2518 15
2519 2234 2534 2535 15
2235 2520 2535 2234 15
2234 2520 2535 2519 15
2520 2235 2535 2536 15
2236 2521 2536 2235 15
2235 2521 2536 2520 15
2521 2236 2536 2537 15
2237 2522 2537 2236 15
2236 2522 2537 2521 15
2522 2237 2537 1012 15
992 1011 1012 2237 15
2237 1011 1012 2522 15
175 172 244 1473 15
1428 1473 2508 172 15
172 1473 2508 244 15
1473 1428 2508 1474 15
1429 1474 2509 1428 15
1428 1474 2509 2508 15
1474 1429 2509 1475 15
1430 1475 2510 1429 15
1429 1475 2510 2509 15
1475 1430 2510 1476 15
1431 1476 2511 1430 15
1430 1476 2511 2510 15
1476 1431 2511 1477 15
1432 1477 2512 1431 15
1431 1477 2512 2511 15
1477 1432 2512 1478 15
1433 1478 2513 1432 15
1432 1478 2513 2512 15
1478 1433 2513 1479 15
1434 1479 2514 1433 15
1433 1479 2514 2513 15
1479 1434 2514 1480 15
1435 1480 2515 1434 15
1434 1480 2515 2514 15
1480 1435 2515 1481 15
1436 1481 2516 1435 15
1435 1481 2516 2515 15
1481 1436 2516 1482 15
1437 1482 2517 1436 15
1436 1482 2517 2516 15
1482 1437 2517 1483 15
1438 1483 2518 1437 15
1437 1483 2518 2517 15
1483 1438 2518 1484 15
1439 1484 2519 1438 15
1438 1484 2519 2518 15
1484 1439 2519 1485 15
1440 1485 2520 1439 15
1439 1485 2520 2519 15
1485 1440 2520 1486 15
1441 1486 2521 1440 15
1440 1486 2521 2520 15
1486 1441 2521 1487 15
1442 1487 2522 1441 15
1441 1487 2522 2521 15
1487 1442 2522 942 15
939 942 1011 1442 15
1442 942 1011 2522 15
246 177 274 2958 15
1503 2538 2958 177 15
177 2538 2958 246 15
2538 1503 2958 2959 15
1504 2539 2959 1503 15
1503 2539 2959 2538 15
2539 1504 2959 2960 15
1505 2540 2960 1504 15
1504 2540 2960 2539 15
2540 1505 2960 2961 15
1506 2541 2961 1505 15
1505 2541 2961 2540 15
2541 1506 2961 2962 15
1507 2542 2962 1506 15
1506 2542 2962 2541 15
2542 1507 2962 2963 15
1508 2543 2963 1507 15
1507 2543 2963 2542 15
2543 1508 2963 2964 15
1509 2544 2964 1508 15
1508 2544 2964 2543 15
2544 1509 2964 2965 15
1510 2545 2965 1509 15
1509 2545 2965 2544 15
2545 1510 2965 2966 15
1511 2546 2966 1510 15
1510 2546 2966 2545 15
2546 1511 2966 2967 15
1512 2547 2967 1511 15
1511 2547 2967 2546 15
2547 1512 2967 2968 15
1513 2548 2968 1512 15
1512 2548 2968 2547 15
2548 1513 2968 2969 15
1514 2549 2969 1513 15
1513 2549 2969 2548 15
2549 1514 2969 2970 15
1515 2550 2970 1514 15
1514 2550 2970 2549 15
2550 1515 2970 2971 15
1516 2551 2971 1515 15
1515 2551 2971 2550 15
2551 1516 2971 2972 15
1517 2552 2972 1516 15
1516 2552 2972 2551 15
2552 1517 2972 1041 15
944 1013 1041 1517 15
1517 1013 1041 2552 15
173 246 275 2973 15
2538 1443 2973 246 15
246 1443 2973 173 15
1443 2538 2973 2974 15
2539 1444 2974 2538 15
2538 1444 2974 1443 15
1444 2539 2974 2975 15
2540 1445 2975 2539 15
2539 1445 2975 1444 15
1445 2540 2975 2976 15
2541 1446 2976 2540 15
2540 1446 2976 1445 15
1446 2541 2976 2977 15
2542 1447 2977 2541 15
2541 1447 2977 1446 15
1447 2542 2977 2978 15
2543 1448 2978 2542 15
2542 1448 2978 1447 15
1448 2543 2978 2979 15
2544 1449 2979 2543 15
2543 1449 2979 1448 15
1449 2544 2979 2980 15
2545 1450 2980 2544 15
2544 1450 2980 1449 15
1450 2545 2980 2981 15
2546 1451 2981 2545 15
2545 1451 2981 1450 15
1451 2546 2981 2982 15
2547 1452 2982 2546 15
2546 1452 2982 1451 15
1452 2547 2982 2983 15
2548 1453 2983 2547 15
2547 1453 2983 1452 15
1453 2548 2983 2984 15
2549 1454 2984 2548 15
2548 1454 2984 1453 15
1454 2549 2984 2985 15
2550 1455 2985 2549 15
2549 1455 2985 1454 15
1455 2550 2985 2986 15
2551 1456 2986 2550 15
2550 1456 2986 1455 15
1456 2551 2986 2987 15
2552 1457 2987 2551 15
2551 1457 2987 1456 15
1457 2552 2987 1042 15
1013 940 1042 2552 15
2552 940 1042 1457 15
215 246 274 2958 15
2538 2073 2958 246 15
246 2073 2958 215 15
2073 2538 2958 2959 15
2539 2074 2959 2538 15
2538 2074 2959 2073 15
2074 2539 2959 2960 15
2540 2075 2960 2539 15
2539 2075 2960 2074 15
2075 2540 2960 2961 15
2541 2076 2961 2540 15
2540 2076 2961 2075 15
2076 2541 2961 2962 15
2542 2077 2962 2541 15
2541 2077 2962 2076 15
2077 2542 2962 2963 15
2543 2078 2963 2542 15
2542 2078 2963 2077 15
2078 2543 2963 2964 15
2544 2079 2964 2543 15
2543 2079 2964 2078 15
2079 2544 2964 2965 15
2545 2080 2965 2544 15
2544 2080 2965 2079 15
2080 2545 2965 2966 15
2546 2081 2966 2545 15
2545 2081 2966 2080 15
2081 2546 2966 2967 15
2547 2082 2967 2546 15
2546 2082 2967 2081 15
2082 2547 2967 2968 15
2548 2083 2968 2547 15
2547 2083 2968 2082 15
2083 2548 2968 2969 15
2549 2084 2969 2548 15
2548 2084 2969 2083 15
2084 2549 2969 2970 15
2550 2085 2970 2549 15
2549 2085 2970 2084 15
2085 2550 2970 2971 15
2551 2086 2971 2550 15
2550 2086 2971 2085 15
2086 2551 2971 2972 15
2552 2087 2972 2551 15
2551 2087 2972 2086 15
2087 2552 2972 1041 15
1013 982 1041 2552 15
2552 982 1041 2087 15
174 177 246 2538 15
1503 1458 2538 177 15
177 1458 2538 174 15
1458 1503 2538 2539 15
1504 1459 2539 1503 15
1503 1459 2539 1458 15
1459 1504 2539 2540 15
1505 1460 2540 1504 15
1504 1460 2540 1459 15
1460 1505 2540 2541 15
1506 1461 2541 1505 15
1505 1461 2541 1460 15
1461 1506 2541 2542 15
1507 1462 2542 1506 15
1506 1462 2542 1461 15
1462 1507 2542 2543 15
1508 1463 2543 1507 15
1507 1463 2543 1462 15
1463 1508 2543 2544 15
1509 1464 2544 1508 15
1508 1464 2544 1463 15
1464 1509 2544 2545 15
1510 1465 2545 1509 15
1509 1465 2545 1464 15
1465 1510 2545 2546 15
1511 1466 2546 1510 15
1510 1466 2546 1465 15
1466 1511 2546 2547 15
1512 1467 2547 1511 15
1511 1467 2547 1466 15
1467 1512 2547 2548 15
1513 1468 2548 1512 15
1512 1468 2548 1467 15
1468 1513 2548 2549 15
1514 1469 2549 1513 15
1513 1469 2549 1468 15
1469 1514 2549 2550 15
1515 1470 2550 1514 15
1514 1470 2550 1469 15
1470 1515 2550 2551 15
1516 1471 2551 1515 15
1515 1471 2551 1470 15
1471 1516 2551 2552 15
1517 1472 2552 1516 15
1516 1472 2552 1471 15
1472 1517 2552 1013 15
944 941 1013 1517 15
1517 941 1013 1472 15
175 245 270 2898 15
2523 1473 2898 175 15
245 175 2523 2898 15
1473 2523 2898 2899 15
2524 1474 2899 1473 15
2523 1473 2524 2899 15
1474 2524 2899 2900 15
2525 1475 2900 1474 15
2524 1474 2525 2900 15
1475 2525 2900 2901 15
2526 1476 2901 1475 15
2525 1475 2526 2901 15
1476 2526 2901 2902 15
2527 1477 2902 1476 15
2526 1476 2527 2902 15
1477 2527 2902 2903 15
2528 1478 2903 1477 15
2527 1477 2528 2903 15
1478 2528 2903 2904 15
2529 1479 2904 1478 15
2528 1478 2529 2904 15
1479 2529 2904 2905 15
2530 1480 2905 1479 15
2529 1479 2530 2905 15
1480 2530 2905 2906 15
2531 1481 2906 1480 15
2530 1480 2531 2906 15
1481 2531 2906 2907 15
2532 1482 2907 1481 15
2531 1481 2532 2907 15
1482 2532 2907 2908 15
2533 1483 2908 1482 15
2532 1482 2533 2908 15
1483 2533 2908 2909 15
2534 1484 2909 1483 15
2533 1483 2534 2909 15
1484 2534 2909 2910 15
2535 1485 2910 1484 15
2534 1484 2535 2910 15
1485 2535 2910 2911 15
2536 1486 2911 1485 15
2535 1485 2536 2911 15
1486 2536 2911 2912 15
2537 1487 2912 1486 15
2536 1486 2537 2912 15
1487 2537 2912 1037 15
1012 942 1037 1487 15
2537 1487 1012 1037 15
176 175 270 2898 15
1473 1488 2898 175 15
175 1488 2898 176 15
1488 1473 2898 2899 15
1474 1489 2899 1473 15
1473 1489 2899 1488 15
1489 1474 2899 2900 15
1475 1490 2900 1474 15
1474 1490 2900 1489 15
1490 1475 2900 2901 15
1476 1491 2901 1475 15
1475 1491 2901 1490 15
1491 1476 2901 2902 15
1477 1492 2902 1476 15
1476 1492 2902 1491 15
1492 1477 2902 2903 15
1478 1493 2903 1477 15
1477 1493 2903 1492 15
1493 1478 2903 2904 15
1479 1494 2904 1478 15
1478 1494 2904 1493 15
1494 1479 2904 2905 15
1480 1495 2905 1479 15
1479 1495 2905 1494 15
1495 1480 2905 2906 15
1481 1496 2906 1480 15
1480 1496 2906 1495 15
1496 1481 2906 2907 15
1482 1497 2907 1481 15
1481 1497 2907 1496 15
1497 1482 2907 2908 15
1483 1498 2908 1482 15
1482 1498 2908 1497 15
1498 1483 2908 2909 15
1484 1499 2909 1483 15
1483 1499 2909 1498 15
1499 1484 2909 2910 15
1485 1500 2910 1484 15
1484 1500 2910 1499 15
1500 1485 2910 2911 15
1486 1501 2911 1485 15
1485 1501 2911 1500 15
1501 1486 2911 2912 15
1487 1502 2912 1486 15
1486 1502 2912 1501 15
1502 1487 2912 1037 15
942 943 1037 1487 15
1487 943 1037 1502 15
247 181 273 2943 15
1563 2553 2943 181 15
181 2553 2943 247 15
2553 1563 2943 2944 15
1564 2554 2944 1563 15
1563 2554 2944 2553 15
2554 1564 2944 2945 15
1565 2555 2945 1564 15
1564 2555 2945 2554 15
2555 1565 2945 2946 15
1566 2556 2946 1565 15
1565 2556 2946 2555 15
2556 1566 2946 2947 15
1567 2557 2947 1566 15
1566 2557 2947 2556 15
2557 1567 2947 2948 15
1568 2558 2948 1567 15
1567 2558 2948 2557 15
2558 1568 2948 2949 15
1569 2559 2949 1568 15
1568 2559 2949 2558 15
2559 1569 2949 2950 15
1570 2560 2950 1569 15
1569 2560 2950 2559 15
2560 1570 2950 2951 15
1571 2561 2951 1570 15
1570 2561 2951 2560 15
2561 1571 2951 2952 15
1572 2562 2952 1571 15
1571 2562 2952 2561 15
2562 1572 2952 2953 15
1573 2563 2953 1572 15
1572 2563 2953 2562 15
2563 1573 2953 2954 15
1574 2564 2954 1573 15
1573 2564 2954 2563 15
2564 1574 2954 2955 15
1575 2565 2955 1574 15
1574 2565 2955 2564 15
2565 1575 2955 2956 15
1576 2566 2956 1575 15
1575 2566 2956 2565 15
2566 1576 2956 2957 15
1577 2567 2957 1576 15
1576 2567 2957 2566 15
2567 1577 2957 1040 15
948 1014 1040 1577 15
1577 1014 1040 2567 15
177 247 274 2958 15
2553 1503 2958 247 15
247 1503 2958 177 15
1503 2553 2958 2959 15
2554 1504 2959 2553 15
2553 1504 2959 1503 15
1504 2554 2959 2960 15
2555 1505 2960 2554 15
2554 1505 2960 1504 15
1505 2555 2960 2961 15
2556 1506 2961 2555 15
2555 1506 2961 1505 15
1506 2556 2961 2962 15
2557 1507 2962 2556 15
2556 1507 2962 1506 15
1507 2557 2962 2963 15
2558 1508 2963 2557 15
2557 1508 2963 1507 15
1508 2558 2963 2964 15
2559 1509 2964 2558 15
2558 1509 2964 1508 15
1509 2559 2964 2965 15
2560 1510 2965 2559 15
2559 1510 2965 1509 15
1510 2560 2965 2966 15
2561 1511 2966 2560 15
2560 1511 2966 1510 15
1511 2561 2966 2967 15
2562 1512 2967 2561 15
2561 1512 2967 1511 15
1512 2562 2967 2968 15
2563 1513 2968 2562 15
2562 1513 2968 1512 15
1513 2563 2968 2969 15
2564 1514 2969 2563 15
2563 1514 2969 1513 15
1514 2564 2969 2970 15
2565 1515 2970 2564 15
2564 1515 2970 1514 15
1515 2565 2970 2971 15
2566 1516 2971 2565 15
2565 1516 2971 1515 15
1516 2566 2971 2972 15
2567 1517 2972 2566 15
2566 1517 2972 1516 15
1517 2567 2972 1041 15
1014 944 1041 2567 15
2567 944 1041 1517 15
2 19 161 1263 15
466 59 1263 2 15
19 2 466 1263 15
59 466 1263 1264 15
467 60 1264 59 15
466 59 467 1264 15
60 467 1264 1265 15
468 61 1265 60 15
467 60 468 1265 15
61 468 1265 1266 15
469 62 1266 61 15
468 61 469 1266 15
62 469 1266 1267 15
470 63 1267 62 15
469 62 470 1267 15
63 470 1267 1268 15
471 64 1268 63 15
470 63 471 1268 15
64 471 1268 1269 15
472 65 1269 64 15
471 64 472 1269 15
65 472 1269 1270 15
473 66 1270 65 15
472 65 473 1270 15
66 473 1270 1271 15
474 67 1271 66 15
473 66 474 1271 15
67 474 1271 1272 15
475 68 1272 67 15
474 67 475 1272 15
68 475 1272 1273 15
476 69 1273 68 15
475 68 476 1273 15
69 476 1273 1274 15
477 70 1274 69 15
476 69 477 1274 15
70 477 1274 1275 15
478 71 1275 70 15
477 70 478 1275 15
71 478 1275 1276 15
479 72 1276 71 15
478 71 479 1276 15
72 479 1276 1277 15
480 73 1277 72 15
479 72 480 1277 15
73 480 1277 928 15
98 5 928 73 15
480 73 98 928 15
3 29 162 99 15
616 99 1278 29 15
29 99 1278 162 15
99 616 1278 100 15
617 100 1279 616 15
616 100 1279 1278 15
100 617 1279 101 15
618 101 1280 617 15
617 101 1280 1279 15
101 618 1280 102 15
619 102 1281 618 15
618 102 1281 1280 15
102 619 1281 103 15
620 103 1282 619 15
619 103 1282 1281 15
103 620 1282 104 15
621 104 1283 620 15
620 104 1283 1282 15
104 621 1283 105 15
622 105 1284 621 15
621 105 1284 1283 15
105 622 1284 106 15
623 106 1285 622 15
622 106 1285 1284 15
106 623 1285 107 15
624 107 1286 623 15
623 107 1286 1285 15
107 624 1286 108 15
625 108 1287 624 15
624 108 1287 1286 15
108 625 1287 109 15
626 109 1288 625 15
625 109 1288 1287 15
109 626 1288 110 15
627 110 1289 626 15
626 110 1289 1288 15
110 627 1289 111 15
628 111 1290 627 15
627 111 1290 1289 15
111 628 1290 112 15
629 112 1291 628 15
628 112 1291 1290 15
112 629 1291 113 15
630 113 1292 629 15
629 113 1292 1291 15
113 630 1292 7 15
123 7 929 630 15
630 7 929 1292 15
4 39 163 1293 15
766 124 1293 4 15
39 4 766 1293 15
124 766 1293 1294 15
767 125 1294 124 15
766 124 767 1294 15
125 767 1294 1295 15
768 126 1295 125 15
767 125 768 1295 15
126 768 1295 1296 15
769 127 1296 126 15
768 126 769 1296 15
127 769 1296 1297 15
770 128 1297 127 15
769 127 770 1297 15
128 770 1297 1298 15
771 129 1298 128 15
770 128 771 1298 15
129 771 1298 1299 15
772 130 1299 129 15
771 129 772 1299 15
130 772 1299 1300 15
773 131 1300 130 15
772 130 773 1300 15
131 773 1300 1301 15
774 132 1301 131 15
773 131 774 1301 15
132 774 1301 1302 15
775 133 1302 132 15
774 132 775 1302 15
133 775 1302 1303 15
776 134 1303 133 15
775 133 776 1303 15
134 776 1303 1304 15
777 135 1304 134 15
776 134 777 1304 15
135 777 1304 1305 15
778 136 1305 135 15
777 135 778 1305 15
136 778 1305 1306 15
779 137 1306 136 15
778 136 779 1306 15
137 779 1306 1307 15
780 138 1307 137 15
779 137 780 1307 15
138 780 1307 930 15
148 8 930 138 15
780 138 148 930 15
1 9 164 1308 15
316 74 1308 1 15
9 1 316 1308 15
74 316 1308 1309 15
317 75 1309 74 15
316 74 317 1309 15
75 317 1309 1310 15
318 76 1310 75 15
317 75 318 1310 15
76 318 1310 1311 15
319 77 1311 76 15
318 76 319 1311 15
77 319 1311 1312 15
320 78 1312 77 15
319 77 320 1312 15
78 320 1312 1313 15
321 79 1313 78 15
320 78 321 1313 15
79 321 1313 1314 15
322 80 1314 79 15
321 79 322 1314 15
80 322 1314 1315 15
323 81 1315 80 15
322 80 323 1315 15
81 323 1315 1316 15
324 82 1316 81 15
323 81 324 1316 15
82 324 1316 1317 15
325 83 1317 82 15
324 82 325 1317 15
83 325 1317 1318 15
326 84 1318 83 15
325 83 326 1318 15
84 326 1318 1319 15
327 85 1319 84 15
326 84 327 1319 15
85 327 1319 1320 15
328 86 1320 85 15
327 85 328 1320 15
86 328 1320 1321 15
329 87 1321 86 15
328 86 329 1321 15
87 329 1321 1322 15
330 88 1322 87 15
329 87 330 1322 15
88 330 1322 931 15
58 6 931 88 15
330 88 58 931 15
265 247 273 2943 15
2553 2823 2943 247 15
247 2823 2943 265 15
2823 2553 2943 2944 15
2554 2824 2944 2553 15
2553 2824 2944 2823 15
2824 2554 2944 2945 15
2555 2825 2945 2554 15
2554 2825 2945 2824 15
2825 2555 2945 2946 15
2556 2826 2946 2555 15
2555 2826 2946 2825 15
2826 2556 2946 2947 15
2557 2827 2947 2556 15
2556 2827 2947 2826 15
2827 2557 2947 2948 15
2558 2828 2948 2557 15
2557 2828 2948 2827 15
2828 2558 2948 2949 15
2559 2829 2949 2558 15
2558 2829 2949 2828 15
2829 2559 2949 2950 15
2560 2830 2950 2559 15
2559 2830 2950 2829 15
2830 2560 2950 2951 15
2561 2831 2951 2560 15
2560 2831 2951 2830 15
2831 2561 2951 2952 15
2562 2832 2952 2561 15
2561 2832 2952 2831 15
2832 2562 2952 2953 15
2563 2833 2953 2562 15
2562 2833 2953 2832 15
2833 2563 2953 2954 15
2564 2834 2954 2563 15
2563 2834 2954 2833 15
2834 2564 2954 2955 15
2565 2835 2955 2564 15
2564 2835 2955 2834 15
2835 2565 2955 2956 15
2566 2836 2956 2565 15
2565 2836 2956 2835 15
2836 2566 2956 2957 15
2567 2837 2957 2566 15
2566 2837 2957 2836 15
2837 2567 2957 1040 15
1014 1032 1040 2567 15
2567 1032 1040 2837 15
178 181 247 2553 15
1563 1518 2553 181 15
181 1518 2553 178 15
1518 1563 2553 2554 15
1564 1519 2554 1563 15
1563 1519 2554 1518 15
1519 1564 2554 2555 15
1565 1520 2555 1564 15
1564 1520 2555 1519 15
1520 1565 2555 2556 15
1566 1521 2556 1565 15
1565 1521 2556 1520 15
1521 1566 2556 2557 15
1567 1522 2557 1566 15
1566 1522 2557 1521 15
1522 1567 2557 2558 15
1568 1523 2558 1567 15
1567 1523 2558 1522 15
1523 1568 2558 2559 15
1569 1524 2559 1568 15
1568 1524 2559 1523 15
1524 1569 2559 2560 15
1570 1525 2560 1569 15
1569 1525 2560 1524 15
1525 1570 2560 2561 15
1571 1526 2561 1570 15
1570 1526 2561 1525 15
1526 1571 2561 2562 15
1572 1527 2562 1571 15
1571 1527 2562 1526 15
1527 1572 2562 2563 15
1573 1528 2563 1572 15
1572 1528 2563 1527 15
1528 1573 2563 2564 15
1574 1529 2564 1573 15
1573 1529 2564 1528 15
1529 1574 2564 2565 15
1575 1530 2565 1574 15
1574 1530 2565 1529 15
1530 1575 2565 2566 15
1576 1531 2566 1575 15
1575 1531 2566 1530 15
1531 1576 2566 2567 15
1577 1532 2567 1576 15
1576 1532 2567 1531 15
1532 1577 2567 1014 15
948 945 1014 1577 15
1577 945 1014 1532 15
21 22 153 1143 15
511 496 1143 21 15
22 21 511 1143 15
496 511 1143 1144 15
512 497 1144 496 15
511 496 512 1144 15
497 512 1144 1145 15
513 498 1145 497 15
512 497 513 1145 15
498 513 1145 1146 15
514 499 1146 498 15
513 498 514 1146 15
499 514 1146 1147 15
515 500 1147 499 15
514 499 515 1147 15
500 515 1147 1148 15
516 501 1148 500 15
515 500 516 1148 15
501 516 1148 1149 15
517 502 1149 501 15
516 501 517 1149 15
502 517 1149 1150 15
518 503 1150 502 15
517 502 518 1150 15
503 518 1150 1151 15
519 504 1151 503 15
518 503 519 1151 15
504 519 1151 1152 15
520 505 1152 504 15
519 504 520 1152 15
505 520 1152 1153 15
521 506 1153 505 15
520 505 521 1153 15
506 521 1153 1154 15
522 507 1154 506 15
521 506 522 1154 15
507 522 1154 1155 15
523 508 1155 507 15
522 507 523 1155 15
508 523 1155 1156 15
524 509 1156 508 15
523 508 524 1156 15
509 524 1156 1157 15
525 510 1157 509 15
524 509 525 1157 15
510 525 1157 920 15
95 96 920 510 15
525 510 95 920 15
31 32 154 1158 15
661 646 1158 31 15
32 31 661 1158 15
646 661 1158 1159 15
662 647 1159 646 15
661 646 662 1159 15
647 662 1159 1160 15
663 648 1160 647 15
662 647 663 1160 15
648 663 1160 1161 15
664 649 1161 648 15
663 648 664 1161 15
649 664 1161 1162 15
665 650 1162 649 15
664 649 665 1162 15
650 665 1162 1163 15
666 651 1163 650 15
665 650 666 1163 15
651 666 1163 1164 15
667 652 1164 651 15
666 651 667 1164 15
652 667 1164 1165 15
668 653 1165 652 15
667 652 668 1165 15
653 668 1165 1166 15
669 654 1166 653 15
668 653 669 1166 15
654 669 1166 1167 15
670 655 1167 654 15
669 654 670 1167 15
655 670 1167 1168 15
671 656 1168 655 15
670 655 671 1168 15
656 671 1168 1169 15
672 657 1169 656 15
671 656 672 1169 15
657 672 1169 1170 15
673 658 1170 657 15
672 657 673 1170 15
658 673 1170 1171 15
674 659 1171 658 15
673 658 674 1171 15
659 674 1171 1172 15
675 660 1172 659 15
674 659 675 1172 15
660 675 1172 921 15
120 121 921 660 15
675 660 120 921 15
41 42 155 796 15
811 796 1173 42 15
42 796 1173 155 15
796 811 1173 797 15
812 797 1174 811 15
811 797 1174 1173 15
797 812 1174 798 15
813 798 1175 812 15
812 798 1175 1174 15
798 813 1175 799 15
814 799 1176 813 15
813 799 1176 1175 15
799 814 1176 800 15
815 800 1177 814 15
814 800 1177 1176 15
800 815 1177 801 15
816 801 1178 815 15
815 801 1178 1177 15
801 816 1178 802 15
817 802 1179 816 15
816 802 1179 1178 15
802 817 1179 803 15
818 803 1180 817 15
817 803 1180 1179 15
803 818 1180 804 15
819 804 1181 818 15
818 804 1181 1180 15
804 819 1181 805 15
820 805 1182 819 15
819 805 1182 1181 15
805 820 1182 806 15
821 806 1183 820 15
820 806 1183 1182 15
806 821 1183 807 15
822 807 1184 821 15
821 807 1184 1183 15
807 822 1184 808 15
823 808 1185 822 15
822 808 1185 1184 15
808 823 1185 809 15
824 809 1186 823 15
823 809 1186 1185 15
809 824 1186 810 15
825 810 1187 824 15
824 810 1187 1186 15
810 825 1187 146 15
145 146 922 825 15
825 146 922 1187 15
11 12 156 346 15
361 346 1188 12 15
12 346 1188 156 15
346 361 1188 347 15
362 347 1189 361 15
361 347 1189 1188 15
347 362 1189 348 15
363 348 1190 362 15
362 348 1190 1189 15
348 363 1190 349 15
364 349 1191 363 15
363 349 1191 1190 15
349 364 1191 350 15
365 350 1192 364 15
364 350 1192 1191 15
350 365 1192 351 15
366 351 1193 365 15
365 351 1193 1192 15
351 366 1193 352 15
367 352 1194 366 15
366 352 1194 1193 15
352 367 1194 353 15
368 353 1195 367 15
367 353 1195 1194 15
353 368 1195 354 15
369 354 1196 368 15
368 354 1196 1195 15
354 369 1196 355 15
370 355 1197 369 15
369 355 1197 1196 15
355 370 1197 356 15
371 356 1198 370 15
370 356 1198 1197 15
356 371 1198 357 15
372 357 1199 371 15
371 357 1199 1198 15
357 372 1199 358 15
373 358 1200 372 15
372 358 1200 1199 15
358 373 1200 359 15
374 359 1201 373 15
373 359 1201 1200 15
359 374 1201 360 15
375 360 1202 374 15
374 360 1202 1201 15
360 375 1202 56 15
55 56 923 375 15
375 56 923 1202 15
249 208 254 2658 15
1968 2583 2658 208 15
208 2583 2658 249 15
2583 1968 2658 2659 15
1969 2584 2659 1968 15
1968 2584 2659 2583 15
2584 1969 2659 2660 15
1970 2585 2660 1969 15
1969 2585 2660 2584 15
2585 1970 2660 2661 15
1971 2586 2661 1970 15
1970 2586 2661 2585 15
2586 1971 2661 2662 15
1972 2587 2662 1971 15
1971 2587 2662 2586 15
2587 1972 2662 2663 15
1973 2588 2663 1972 15
1972 2588 2663 2587 15
2588 1973 2663 2664 15
1974 2589 2664 1973 15
1973 2589 2664 2588 15
2589 1974 2664 2665 15
1975 2590 2665 1974 15
1974 2590 2665 2589 15
2590 1975 2665 2666 15
1976 2591 2666 1975 15
1975 2591 2666 2590 15
2591 1976 2666 2667 15
1977 2592 2667 1976 15
1976 2592 2667 2591 15
2592 1977 2667 2668 15
1978 2593 2668 1977 15
1977 2593 2668 2592 15
2593 1978 2668 2669 15
1979 2594 2669 1978 15
1978 2594 2669 2593 15
2594 1979 2669 2670 15
1980 2595 2670 1979 15
1979 2595 2670 2594 15
2595 1980 2670 2671 15
1981 2596 2671 1980 15
1980 2596 2671 2595 15
2596 1981 2671 2672 15
1982 2597 2672 1981 15
1981 2597 2672 2596 15
2597 1982 2672 1021 15
975 1016 1021 1982 15
1982 1016 1021 2597 15
190 208 249 2583 15
1968 1698 2583 208 15
208 1698 2583 190 15
1698 1968 2583 2584 15
1969 1699 2584 1968 15
1968 1699 2584 1698 15
1699 1969 2584 2585 15
1970 1700 2585 1969 15
1969 1700 2585 1699 15
1700 1970 2585 2586 15
1971 1701 2586 1970 15
1970 1701 2586 1700 15
1701 1971 2586 2587 15
1972 1702 2587 1971 15
1971 1702 2587 1701 15
1702 1972 2587 2588 15
1973 1703 2588 1972 15
1972 1703 2588 1702 15
1703 1973 2588 2589 15
1974 1704 2589 1973 15
1973 1704 2589 1703 15
1704 1974 2589 2590 15
1975 1705 2590 1974 15
1974 1705 2590 1704 15
1705 1975 2590 2591 15
1976 1706 2591 1975 15
1975 1706 2591 1705 15
1706 1976 2591 2592 15
1977 1707 2592 1976 15
1976 1707 2592 1706 15
1707 1977 2592 2593 15
1978 1708 2593 1977 15
1977 1708 2593 1707 15
1708 1978 2593 2594 15
1979 1709 2594 1978 15
1978 1709 2594 1708 15
1709 1979 2594 2595 15
1980 1710 2595 1979 15
1979 1710 2595 1709 15
1710 1980 2595 2596 15
1981 1711 2596 1980 15
1980 1711 2596 1710 15
1711 1981 2596 2597 15
1982 1712 2597 1981 15
1981 1712 2597 1711 15
1712 1982 2597 1016 15
975 957 1016 1982 15
1982 957 1016 1712 15
222 230 248 2568 15
2298 2178 2568 230 15
230 2178 2568 222 15
2178 2298 2568 2569 15
2299 2179 2569 2298 15
2298 2179 2569 2178 15
2179 2299 2569 2570 15
2300 2180 2570 2299 15
2299 2180 2570 2179 15
2180 2300 2570 2571 15
2301 2181 2571 2300 15
2300 2181 2571 2180 15
2181 2301 2571 2572 15
2302 2182 2572 2301 15
2301 2182 2572 2181 15
2182 2302 2572 2573 15
2303 2183 2573 2302 15
2302 2183 2573 2182 15
2183 2303 2573 2574 15
2304 2184 2574 2303 15
2303 2184 2574 2183 15
2184 2304 2574 2575 15
2305 2185 2575 2304 15
2304 2185 2575 2184 15
2185 2305 2575 2576 15
2306 2186 2576 2305 15
2305 2186 2576 2185 15
2186 2306 2576 2577 15
2307 2187 2577 2306 15
2306 2187 2577 2186 15
2187 2307 2577 2578 15
2308 2188 2578 2307 15
2307 2188 2578 2187 15
2188 2308 2578 2579 15
2309 2189 2579 2308 15
2308 2189 2579 2188 15
2189 2309 2579 2580 15
2310 2190 2580 2309 15
2309 2190 2580 2189 15
2190 2310 2580 2581 15
2311 2191 2581 2310 15
2310 2191 2581 2190 15
2191 2311 2581 2582 15
2312 2192 2582 2311 15
2311 2192 2582 2191 15
2192 2312 2582 1015 15
997 989 1015 2312 15
2312 989 1015 2192 15
181 180 255 1563 15
1548 1563 2673 180 15
180 1563 2673 255 15
1563 1548 2673 1564 15
1549 1564 2674 1548 15
1548 1564 2674 2673 15
1564 1549 2674 1565 15
1550 1565 2675 1549 15
1549 1565 2675 2674 15
1565 1550 2675 1566 15
1551 1566 2676 1550 15
1550 1566 2676 2675 15
1566 1551 2676 1567 15
1552 1567 2677 1551 15
1551 1567 2677 2676 15
1567 1552 2677 1568 15
1553 1568 2678 1552 15
1552 1568 2678 2677 15
1568 1553 2678 1569 15
1554 1569 2679 1553 15
1553 1569 2679 2678 15
1569 1554 2679 1570 15
1555 1570 2680 1554 15
1554 1570 2680 2679 15
1570 1555 2680 1571 15
1556 1571 2681 1555 15
1555 1571 2681 2680 15
1571 1556 2681 1572 15
1557 1572 2682 1556 15
1556 1572 2682 2681 15
1572 1557 2682 1573 15
1558 1573 2683 1557 15
1557 1573 2683 2682 15
1573 1558 2683 1574 15
1559 1574 2684 1558 15
1558 1574 2684 2683 15
1574 1559 2684 1575 15
1560 1575 2685 1559 15
1559 1575 2685 2684 15
1575 1560 2685 1576 15
1561 1576 2686 1560 15
1560 1576 2686 2685 15
1576 1561 2686 1577 15
1562 1577 2687 1561 15
1561 1577 2687 2686 15
1577 1562 2687 948 15
947 948 1022 1562 15
1562 948 1022 2687 15
210 214 251 2613 15
2058 1998 2613 214 15
214 1998 2613 210 15
1998 2058 2613 2614 15
2059 1999 2614 2058 15
2058 1999 2614 1998 15
1999 2059 2614 2615 15
2060 2000 2615 2059 15
2059 2000 2615 1999 15
2000 2060 2615 2616 15
2061 2001 2616 2060 15
2060 2001 2616 2000 15
2001 2061 2616 2617 15
2062 2002 2617 2061 15
2061 2002 2617 2001 15
2002 2062 2617 2618 15
2063 2003 2618 2062 15
2062 2003 2618 2002 15
2003 2063 2618 2619 15
2064 2004 2619 2063 15
2063 2004 2619 2003 15
2004 2064 2619 2620 15
2065 2005 2620 2064 15
2064 2005 2620 2004 15
2005 2065 2620 2621 15
2066 2006 2621 2065 15
2065 2006 2621 2005 15
2006 2066 2621 2622 15
2067 2007 2622 2066 15
2066 2007 2622 2006 15
2007 2067 2622 2623 15
2068 2008 2623 2067 15
2067 2008 2623 2007 15
2008 2068 2623 2624 15
2069 2009 2624 2068 15
2068 2009 2624 2008 15
2009 2069 2624 2625 15
2070 2010 2625 2069 15
2069 2010 2625 2009 15
2010 2070 2625 2626 15
2071 2011 2626 2070 15
2070 2011 2626 2010 15
2011 2071 2626 2627 15
2072 2012 2627 2071 15
2071 2012 2627 2011 15
2012 2072 2627 1018 15
981 977 1018 2072 15
2072 977 1018 2012 15
218 198 261 2763 15
1818 2118 2763 198 15
198 2118 2763 218 15
2118 1818 2763 2764 15
1819 2119 2764 1818 15
1818 2119 2764 2118 15
2119 1819 2764 2765 15
1820 2120 2765 1819 15
1819 2120 2765 2119 15
2120 1820 2765 2766 15
1821 2121 2766 1820 15
1820 2121 2766 2120 15
2121 1821 2766 2767 15
1822 2122 2767 1821 15
1821 2122 2767 2121 15
2122 1822 2767 2768 15
1823 2123 2768 1822 15
1822 2123 2768 2122 15
2123 1823 2768 2769 15
1824 2124 2769 1823 15
1823 2124 2769 2123 15
2124 1824 2769 2770 15
1825 2125 2770 1824 15
1824 2125 2770 2124 15
2125 1825 2770 2771 15
1826 2126 2771 1825 15
1825 2126 2771 2125 15
2126 1826 2771 2772 15
1827 2127 2772 1826 15
1826 2127 2772 2126 15
2127 1827 2772 2773 15
1828 2128 2773 1827 15
1827 2128 2773 2127 15
2128 1828 2773 2774 15
1829 2129 2774 1828 15
1828 2129 2774 2128 15
2129 1829 2774 2775 15
1830 2130 2775 1829 15
1829 2130 2775 2129 15
2130 1830 2775 2776 15
1831 2131 2776 1830 15
1830 2131 2776 2130 15
2131 1831 2776 2777 15
1832 2132 2777 1831 15
1831 2132 2777 2131 15
2132 1832 2777 1028 15
965 985 1028 1832 15
1832 985 1028 2132 15
201 218 256 2688 15
2118 1863 2688 218 15
218 1863 2688 201 15
1863 2118 2688 2689 15
2119 1864 2689 2118 15
2118 1864 2689 1863 15
1864 2119 2689 2690 15
2120 1865 2690 2119 15
2119 1865 2690 1864 15
1865 2120 2690 2691 15
2121 1866 2691 2120 15
2120 1866 2691 1865 15
1866 2121 2691 2692 15
2122 1867 2692 2121 15
2121 1867 2692 1866 15
1867 2122 2692 2693 15
2123 1868 2693 2122 15
2122 1868 2693 1867 15
1868 2123 2693 2694 15
2124 1869 2694 2123 15
2123 1869 2694 1868 15
1869 2124 2694 2695 15
2125 1870 2695 2124 15
2124 1870 2695 1869 15
1870 2125 2695 2696 15
2126 1871 2696 2125 15
2125 1871 2696 1870 15
1871 2126 2696 2697 15
2127 1872 2697 2126 15
2126 1872 2697 1871 15
1872 2127 2697 2698 15
2128 1873 2698 2127 15
2127 1873 2698 1872 15
1873 2128 2698 2699 15
2129 1874 2699 2128 15
2128 1874 2699 1873 15
1874 2129 2699 2700 15
2130 1875 2700 2129 15
2129 1875 2700 1874 15
1875 2130 2700 2701 15
2131 1876 2701 2130 15
2130 1876 2701 1875 15
1876 2131 2701 2702 15
2132 1877 2702 2131 15
2131 1877 2702 1876 15
1877 2132 2702 1023 15
985 968 1023 2132 15
2132 968 1023 1877 15
268 200 273 2943 15
1848 2868 2943 200 15
200 2868 2943 268 15
2868 1848 2943 2944 15
1849 2869 2944 1848 15
1848 2869 2944 2868 15
2869 1849 2944 2945 15
1850 2870 2945 1849 15
1849 2870 2945 2869 15
2870 1850 2945 2946 15
1851 2871 2946 1850 15
1850 2871 2946 2870 15
2871 1851 2946 2947 15
1852 2872 2947 1851 15
1851 2872 2947 2871 15
2872 1852 2947 2948 15
1853 2873 2948 1852 15
1852 2873 2948 2872 15
2873 1853 2948 2949 15
1854 2874 2949 1853 15
1853 2874 2949 2873 15
2874 1854 2949 2950 15
1855 2875 2950 1854 15
1854 2875 2950 2874 15
2875 1855 2950 2951 15
1856 2876 2951 1855 15
1855 2876 2951 2875 15
2876 1856 2951 2952 15
1857 2877 2952 1856 15
1856 2877 2952 2876 15
2877 1857 2952 2953 15
1858 2878 2953 1857 15
1857 2878 2953 2877 15
2878 1858 2953 2954 15
1859 2879 2954 1858 15
1858 2879 2954 2878 15
2879 1859 2954 2955 15
1860 2880 2955 1859 15
1859 2880 2955 2879 15
2880 1860 2955 2956 15
1861 2881 2956 1860 15
1860 2881 2956 2880 15
2881 1861 2956 2957 15
1862 2882 2957 1861 15
1861 2882 2957 2881 15
2882 1862 2957 1040 15
967 1035 1040 1862 15
1862 1035 1040 2882 15
222 224 230 2178 15
2208 2178 2298 224 15
224 2178 2298 230 15
2178 2208 2298 2179 15
2209 2179 2299 2208 15
2208 2179 2299 2298 15
2179 2209 2299 2180 15
2210 2180 2300 2209 15
2209 2180 2300 2299 15
2180 2210 2300 2181 15
2211 2181 2301 2210 15
2210 2181 2301 2300 15
2181 2211 2301 2182 15
2212 2182 2302 2211 15
2211 2182 2302 2301 15
2182 2212 2302 2183 15
2213 2183 2303 2212 15
2212 2183 2303 2302 15
2183 2213 2303 2184 15
2214 2184 2304 2213 15
2213 2184 2304 2303 15
2184 2214 2304 2185 15
2215 2185 2305 2214 15
2214 2185 2305 2304 15
2185 2215 2305 2186 15
2216 2186 2306 2215 15
2215 2186 2306 2305 15
2186 2216 2306 2187 15
2217 2187 2307 2216 15
2216 2187 2307 2306 15
2187 2217 2307 2188 15
2218 2188 2308 2217 15
2217 2188 2308 2307 15
2188 2218 2308 2189 15
2219 2189 2309 2218 15
2218 2189 2309 2308 15
2189 2219 2309 2190 15
2220 2190 2310 2219 15
2219 2190 2310 2309 15
2190 2220 2310 2191 15
2221 2191 2311 2220 15
2220 2191 2311 2310 15
2191 2221 2311 2192 15
2222 2192 2312 2221 15
2221 2192 2312 2311 15
2192 2222 2312 989 15
991 989 997 2222 15
2222 989 997 2312 15
181 268 273 2943 15
2868 1563 2943 268 15
268 1563 2943 181 15
1563 2868 2943 2944 15
2869 1564 2944 2868 15
2868 1564 2944 1563 15
1564 2869 2944 2945 15
2870 1565 2945 2869 15
2869 1565 2945 1564 15
1565 2870 2945 2946 15
2871 1566 2946 2870 15
2870 1566 2946 1565 15
1566 2871 2946 2947 15
2872 1567 2947 2871 15
2871 1567 2947 1566 15
1567 2872 2947 2948 15
2873 1568 2948 2872 15
2872 1568 2948 1567 15
1568 2873 2948 2949 15
2874 1569 2949 2873 15
2873 1569 2949 1568 15
1569 2874 2949 2950 15
2875 1570 2950 2874 15
2874 1570 2950 1569 15
1570 2875 2950 2951 15
2876 1571 2951 2875 15
2875 1571 2951 1570 15
1571 2876 2951 2952 15
2877 1572 2952 2876 15
2876 1572 2952 1571 15
1572 2877 2952 2953 15
2878 1573 2953 2877 15
2877 1573 2953 1572 15
1573 2878 2953 2954 15
2879 1574 2954 2878 15
2878 1574 2954 1573 15
1574 2879 2954 2955 15
2880 1575 2955 2879 15
2879 1575 2955 1574 15
1575 2880 2955 2956 15
2881 1576 2956 2880 15
2880 1576 2956 1575 15
1576 2881 2956 2957 15
2882 1577 2957 2881 15
2881 1577 2957 1576 15
1577 2882 2957 1040 15
1035 948 1040 2882 15
2882 948 1040 1577 15
181 255 268 1563 15
2673 1563 2868 255 15
255 1563 2868 268 15
1563 2673 2868 1564 15
2674 1564 2869 2673 15
2673 1564 2869 2868 15
1564 2674 2869 1565 15
2675 1565 2870 2674 15
2674 1565 2870 2869 15
1565 2675 2870 1566 15
2676 1566 2871 2675 15
2675 1566 2871 2870 15
1566 2676 2871 1567 15
2677 1567 2872 2676 15
2676 1567 2872 2871 15
1567 2677 2872 1568 15
2678 1568 2873 2677 15
2677 1568 2873 2872 15
1568 2678 2873 1569 15
2679 1569 2874 2678 15
2678 1569 2874 2873 15
1569 2679 2874 1570 15
2680 1570 2875 2679 15
2679 1570 2875 2874 15
1570 2680 2875 1571 15
2681 1571 2876 2680 15
2680 1571 2876 2875 15
1571 2681 2876 1572 15
2682 1572 2877 2681 15
2681 1572 2877 2876 15
1572 2682 2877 1573 15
2683 1573 2878 2682 15
2682 1573 2878 2877 15
1573 2683 2878 1574 15
2684 1574 2879 2683 15
2683 1574 2879 2878 15
1574 2684 2879 1575 15
2685 1575 2880 2684 15
2684 1575 2880 2879 15
1575 2685 2880 1576 15
2686 1576 2881 2685 15
2685 1576 2881 2880 15
1576 2686 2881 1577 15
2687 1577 2882 2686 15
2686 1577 2882 2881 15
1577 2687 2882 948 15
1022 948 1035 2687 15
2687 948 1035 2882 15
261 262 263 2793 15
2778 2763 2793 262 15
262 2763 2793 261 15
2763 2778 2793 2794 15
2779 2764 2794 2778 15
2778 2764 2794 2763 15
2764 2779 2794 2795 15
2780 2765 2795 2779 15
2779 2765 2795 2764 15
2765 2780 2795 2796 15
2781 2766 2796 2780 15
2780 2766 2796 2765 15
2766 2781 2796 2797 15
2782 2767 2797 2781 15
2781 2767 2797 2766 15
2767 2782 2797 2798 15
2783 2768 2798 2782 15
2782 2768 2798 2767 15
2768 2783 2798 2799 15
2784 2769 2799 2783 15
2783 2769 2799 2768 15
2769 2784 2799 2800 15
2785 2770 2800 2784 15
2784 2770 2800 2769 15
2770 2785 2800 2801 15
2786 2771 2801 2785 15
2785 2771 2801 2770 15
2771 2786 2801 2802 15
2787 2772 2802 2786 15
2786 2772 2802 2771 15
2772 2787 2802 2803 15
2788 2773 2803 2787 15
2787 2773 2803 2772 15
2773 2788 2803 2804 15
2789 2774 2804 2788 15
2788 2774 2804 2773 15
2774 2789 2804 2805 15
2790 2775 2805 2789 15
2789 2775 2805 2774 15
2775 2790 2805 2806 15
2791 2776 2806 2790 15
2790 2776 2806 2775 15
2776 2791 2806 2807 15
2792 2777 2807 2791 15
2791 2777 2807 2776 15
2777 2792 2807 1030 15
1029 1028 1030 2792 15
2792 1028 1030 2777 15
186 185 190 1698 15
1623 1638 1698 185 15
185 1638 1698 186 15
1638 1623 1698 1699 15
1624 1639 1699 1623 15
1623 1639 1699 1638 15
1639 1624 1699 1700 15
1625 1640 1700 1624 15
1624 1640 1700 1639 15
1640 1625 1700 1701 15
1626 1641 1701 1625 15
1625 1641 1701 1640 15
1641 1626 1701 1702 15
1627 1642 1702 1626 15
1626 1642 1702 1641 15
1642 1627 1702 1703 15
1628 1643 1703 1627 15
1627 1643 1703 1642 15
1643 1628 1703 1704 15
1629 1644 1704 1628 15
1628 1644 1704 1643 15
1644 1629 1704 1705 15
1630 1645 1705 1629 15
1629 1645 1705 1644 15
1645 1630 1705 1706 15
1631 1646 1706 1630 15
1630 1646 1706 1645 15
1646 1631 1706 1707 15
1632 1647 1707 1631 15
1631 1647 1707 1646 15
1647 1632 1707 1708 15
1633 1648 1708 1632 15
1632 1648 1708 1647 15
1648 1633 1708 1709 15
1634 1649 1709 1633 15
1633 1649 1709 1648 15
1649 1634 1709 1710 15
1635 1650 1710 1634 15
1634 1650 1710 1649 15
1650 1635 1710 1711 15
1636 1651 1711 1635 15
1635 1651 1711 1650 15
1651 1636 1711 1712 15
1637 1652 1712 1636 15
1636 1652 1712 1651 15
1652 1637 1712 957 15
952 953 957 1637 15
1637 953 957 1652 15
216 217 231 2313 15
2103 2088 2313 217 15
217 2088 2313 216 15
2088 2103 2313 2314 15
2104 2089 2314 2103 15
2103 2089 2314 2088 15
2089 2104 2314 2315 15
2105 2090 2315 2104 15
2104 2090 2315 2089 15
2090 2105 2315 2316 15
2106 2091 2316 2105 15
2105 2091 2316 2090 15
2091 2106 2316 2317 15
2107 2092 2317 2106 15
2106 2092 2317 2091 15
2092 2107 2317 2318 15
2108 2093 2318 2107 15
2107 2093 2318 2092 15
2093 2108 2318 2319 15
2109 2094 2319 2108 15
2108 2094 2319 2093 15
2094 2109 2319 2320 15
2110 2095 2320 2109 15
2109 2095 2320 2094 15
2095 2110 2320 2321 15
2111 2096 2321 2110 15
2110 2096 2321 2095 15
2096 2111 2321 2322 15
2112 2097 2322 2111 15
2111 2097 2322 2096 15
2097 2112 2322 2323 15
2113 2098 2323 2112 15
2112 2098 2323 2097 15
2098 2113 2323 2324 15
2114 2099 2324 2113 15
2113 2099 2324 2098 15
2099 2114 2324 2325 15
2115 2100 2325 2114 15
2114 2100 2325 2099 15
2100 2115 2325 2326 15
2116 2101 2326 2115 15
2115 2101 2326 2100 15
2101 2116 2326 2327 15
2117 2102 2327 2116 15
2116 2102 2327 2101 15
2102 2117 2327 998 15
984 983 998 2117 15
2117 983 998 2102 15
207 260 264 2808 15
2748 1953 2808 260 15
260 1953 2808 207 15
1953 2748 2808 2809 15
2749 1954 2809 2748 15
2748 1954 2809 1953 15
1954 2749 2809 2810 15
2750 1955 2810 2749 15
2749 1955 2810 1954 15
1955 2750 2810 2811 15
2751 1956 2811 2750 15
2750 1956 2811 1955 15
1956 2751 2811 2812 15
2752 1957 2812 2751 15
2751 1957 2812 1956 15
1957 2752 2812 2813 15
2753 1958 2813 2752 15
2752 1958 2813 1957 15
1958 2753 2813 2814 15
2754 1959 2814 2753 15
2753 1959 2814 1958 15
1959 2754 2814 2815 15
2755 1960 2815 2754 15
2754 1960 2815 1959 15
1960 2755 2815 2816 15
2756 1961 2816 2755 15
2755 1961 2816 1960 15
1961 2756 2816 2817 15
2757 1962 2817 2756 15
2756 1962 2817 1961 15
1962 2757 2817 2818 15
2758 1963 2818 2757 15
2757 1963 2818 1962 15
1963 2758 2818 2819 15
2759 1964 2819 2758 15
2758 1964 2819 1963 15
1964 2759 2819 2820 15
2760 1965 2820 2759 15
2759 1965 2820 1964 15
1965 2760 2820 2821 15
2761 1966 2821 2760 15
2760 1966 2821 1965 15
1966 2761 2821 2822 15
2762 1967 2822 2761 15
2761 1967 2822 1966 15
1967 2762 2822 1031 15
1027 974 1031 2762 15
2762 974 1031 1967 15
193 229 252 2628 15
2283 1743 2628 229 15
229 1743 2628 193 15
1743 2283 2628 2629 15
2284 1744 2629 2283 15
2283 1744 2629 1743 15
1744 2284 2629 2630 15
2285 1745 2630 2284 15
2284 1745 2630 1744 15
1745 2285 2630 2631 15
2286 1746 2631 2285 15
2285 1746 2631 1745 15
1746 2286 2631 2632 15
2287 1747 2632 2286 15
2286 1747 2632 1746 15
1747 2287 2632 2633 15
2288 1748 2633 2287 15
2287 1748 2633 1747 15
1748 2288 2633 2634 15
2289 1749 2634 2288 15
2288 1749 2634 1748 15
1749 2289 2634 2635 15
2290 1750 2635 2289 15
2289 1750 2635 1749 15
1750 2290 2635 2636 15
2291 1751 2636 2290 15
2290 1751 2636 1750 15
1751 2291 2636 2637 15
2292 1752 2637 2291 15
2291 1752 2637 1751 15
1752 2292 2637 2638 15
2293 1753 2638 2292 15
2292 1753 2638 1752 15
1753 2293 2638 2639 15
2294 1754 2639 2293 15
2293 1754 2639 1753 15
1754 2294 2639 2640 15
2295 1755 2640 2294 15
2294 1755 2640 1754 15
1755 2295 2640 2641 15
2296 1756 2641 2295 15
2295 1756 2641 1755 15
1756 2296 2641 2642 15
2297 1757 2642 2296 15
2296 1757 2642 1756 15
1757 2297 2642 1019 15
996 960 1019 2297 15
2297 960 1019 1757 15
190 192 208 1698 15
1728 1698 1968 192 15
192 1698 1968 208 15
1698 1728 1968 1699 15
1729 1699 1969 1728 15
1728 1699 1969 1968 15
1699 1729 1969 1700 15
1730 1700 1970 1729 15
1729 1700 1970 1969 15
1700 1730 1970 1701 15
1731 1701 1971 1730 15
1730 1701 1971 1970 15
1701 1731 1971 1702 15
1732 1702 1972 1731 15
1731 1702 1972 1971 15
1702 1732 1972 1703 15
1733 1703 1973 1732 15
1732 1703 1973 1972 15
1703 1733 1973 1704 15
1734 1704 1974 1733 15
1733 1704 1974 1973 15
1704 1734 1974 1705 15
1735 1705 1975 1734 15
1734 1705 1975 1974 15
1705 1735 1975 1706 15
1736 1706 1976 1735 15
1735 1706 1976 1975 15
1706 1736 1976 1707 15
1737 1707 1977 1736 15
1736 1707 1977 1976 15
1707 1737 1977 1708 15
1738 1708 1978 1737 15
1737 1708 1978 1977 15
1708 1738 1978 1709 15
1739 1709 1979 1738 15
1738 1709 1979 1978 15
1709 1739 1979 1710 15
1740 1710 1980 1739 15
1739 1710 1980 1979 15
1710 1740 1980 1711 15
1741 1711 1981 1740 15
1740 1711 1981 1980 15
1711 1741 1981 1712 15
1742 1712 1982 1741 15
1741 1712 1982 1981 15
1712 1742 1982 957 15
959 957 975 1742 15
1742 957 975 1982 15
220 221 222 2178 15
2163 2148 2178 221 15
221 2148 2178 220 15
2148 2163 2178 2179 15
2164 2149 2179 2163 15
2163 2149 2179 2148 15
2149 2164 2179 2180 15
2165 2150 2180 2164 15
2164 2150 2180 2149 15
2150 2165 2180 2181 15
2166 2151 2181 2165 15
2165 2151 2181 2150 15
2151 2166 2181 2182 15
2167 2152 2182 2166 15
2166 2152 2182 2151 15
2152 2167 2182 2183 15
2168 2153 2183 2167 15
2167 2153 2183 2152 15
2153 2168 2183 2184 15
2169 2154 2184 2168 15
2168 2154 2184 2153 15
2154 2169 2184 2185 15
2170 2155 2185 2169 15
2169 2155 2185 2154 15
2155 2170 2185 2186 15
2171 2156 2186 2170 15
2170 2156 2186 2155 15
2156 2171 2186 2187 15
2172 2157 2187 2171 15
2171 2157 2187 2156 15
2157 2172 2187 2188 15
2173 2158 2188 2172 15
2172 2158 2188 2157 15
2158 2173 2188 2189 15
2174 2159 2189 2173 15
2173 2159 2189 2158 15
2159 2174 2189 2190 15
2175 2160 2190 2174 15
2174 2160 2190 2159 15
2160 2175 2190 2191 15
2176 2161 2191 2175 15
2175 2161 2191 2160 15
2161 2176 2191 2192 15
2177 2162 2192 2176 15
2176 2162 2192 2161 15
2162 2177 2192 989 15
988 987 989 2177 15
2177 987 989 2162 15
208 192 228 2268 15
1728 1968 2268 192 15
192 1968 2268 208 15
1968 1728 2268 2269 15
1729 1969 2269 1728 15
1728 1969 2269 1968 15
1969 1729 2269 2270 15
1730 1970 2270 1729 15
1729 1970 2270 1969 15
1970 1730 2270 2271 15
1731 1971 2271 1730 15
1730 1971 2271 1970 15
1971 1731 2271 2272 15
1732 1972 2272 1731 15
1731 1972 2272 1971 15
1972 1732 2272 2273 15
1733 1973 2273 1732 15
1732 1973 2273 1972 15
1973 1733 2273 2274 15
1734 1974 2274 1733 15
1733 1974 2274 1973 15
1974 1734 2274 2275 15
1735 1975 2275 1734 15
1734 1975 2275 1974 15
1975 1735 2275 2276 15
1736 1976 2276 1735 15
1735 1976 2276 1975 15
1976 1736 2276 2277 15
1737 1977 2277 1736 15
1736 1977 2277 1976 15
1977 1737 2277 2278 15
1738 1978 2278 1737 15
1737 1978 2278 1977 15
1978 1738 2278 2279 15
1739 1979 2279 1738 15
1738 1979 2279 1978 15
1979 1739 2279 2280 15
1740 1980 2280 1739 15
1739 1980 2280 1979 15
1980 1740 2280 2281 15
1741 1981 2281 1740 15
1740 1981 2281 1980 15
1981 1741 2281 2282 15
1742 1982 2282 1741 15
1741 1982 2282 1981 15
1982 1742 2282 995 15
959 975 995 1742 15
1742 975 995 1982 15
261 197 262 2763 15
1803 2763 2778 197 15
197 2763 2778 262 15
2763 1803 2778 2764 15
1804 2764 2779 1803 15
1803 2764 2779 2778 15
2764 1804 2779 2765 15
1805 2765 2780 1804 15
1804 2765 2780 2779 15
2765 1805 2780 2766 15
1806 2766 2781 1805 15
1805 2766 2781 2780 15
2766 1806 2781 2767 15
1807 2767 2782 1806 15
1806 2767 2782 2781 15
2767 1807 2782 2768 15
1808 2768 2783 1807 15
1807 2768 2783 2782 15
2768 1808 2783 2769 15
1809 2769 2784 1808 15
1808 2769 2784 2783 15
2769 1809 2784 2770 15
1810 2770 2785 1809 15
1809 2770 2785 2784 15
2770 1810 2785 2771 15
1811 2771 2786 1810 15
1810 2771 2786 2785 15
2771 1811 2786 2772 15
1812 2772 2787 1811 15
1811 2772 2787 2786 15
2772 1812 2787 2773 15
1813 2773 2788 1812 15
1812 2773 2788 2787 15
2773 1813 2788 2774 15
1814 2774 2789 1813 15
1813 2774 2789 2788 15
2774 1814 2789 2775 15
1815 2775 2790 1814 15
1814 2775 2790 2789 15
2775 1815 2790 2776 15
1816 2776 2791 1815 15
1815 2776 2791 2790 15
2776 1816 2791 2777 15
1817 2777 2792 1816 15
1816 2777 2792 2791 15
2777 1817 2792 1028 15
964 1028 1029 1817 15
1817 1028 1029 2792 15
222 223 224 2178 15
2193 2178 2208 223 15
223 2178 2208 224 15
2178 2193 2208 2179 15
2194 2179 2209 2193 15
2193 2179 2209 2208 15
2179 2194 2209 2180 15
2195 2180 2210 2194 15
2194 2180 2210 2209 15
2180 2195 2210 2181 15
2196 2181 2211 2195 15
2195 2181 2211 2210 15
2181 2196 2211 2182 15
2197 2182 2212 2196 15
2196 2182 2212 2211 15
2182 2197 2212 2183 15
2198 2183 2213 2197 15
2197 2183 2213 2212 15
2183 2198 2213 2184 15
2199 2184 2214 2198 15
2198 2184 2214 2213 15
2184 2199 2214 2185 15
2200 2185 2215 2199 15
2199 2185 2215 2214 15
2185 2200 2215 2186 15
2201 2186 2216 2200 15
2200 2186 2216 2215 15
2186 2201 2216 2187 15
2202 2187 2217 2201 15
2201 2187 2217 2216 15
2187 2202 2217 2188 15
2203 2188 2218 2202 15
2202 2188 2218 2217 15
2188 2203 2218 2189 15
2204 2189 2219 2203 15
2203 2189 2219 2218 15
2189 2204 2219 2190 15
2205 2190 2220 2204 15
2204 2190 2220 2219 15
2190 2205 2220 2191 15
2206 2191 2221 2205 15
2205 2191 2221 2220 15
2191 2206 2221 2192 15
2207 2192 2222 2206 15
2206 2192 2222 2221 15
2192 2207 2222 989 15
990 989 991 2207 15
2207 989 991 2222 15
216 212 217 2088 15
2028 2088 2103 212 15
212 2088 2103 217 15
2088 2028 2103 2089 15
2029 2089 2104 2028 15
2028 2089 2104 2103 15
2089 2029 2104 2090 15
2030 2090 2105 2029 15
2029 2090 2105 2104 15
2090 2030 2105 2091 15
2031 2091 2106 2030 15
2030 2091 2106 2105 15
2091 2031 2106 2092 15
2032 2092 2107 2031 15
2031 2092 2107 2106 15
2092 2032 2107 2093 15
2033 2093 2108 2032 15
2032 2093 2108 2107 15
2093 2033 2108 2094 15
2034 2094 2109 2033 15
2033 2094 2109 2108 15
2094 2034 2109 2095 15
2035 2095 2110 2034 15
2034 2095 2110 2109 15
2095 2035 2110 2096 15
2036 2096 2111 2035 15
2035 2096 2111 2110 15
2096 2036 2111 2097 15
2037 2097 2112 2036 15
2036 2097 2112 2111 15
2097 2037 2112 2098 15
2038 2098 2113 2037 15
2037 2098 2113 2112 15
2098 2038 2113 2099 15
2039 2099 2114 2038 15
2038 2099 2114 2113 15
2099 2039 2114 2100 15
2040 2100 2115 2039 15
2039 2100 2115 2114 15
2100 2040 2115 2101 15
2041 2101 2116 2040 15
2040 2101 2116 2115 15
2101 2041 2116 2102 15
2042 2102 2117 2041 15
2041 2102 2117 2116 15
2102 2042 2117 983 15
979 983 984 2042 15
2042 983 984 2117 15
231 217 233 2343 15
2103 2313 2343 217 15
217 2313 2343 231 15
2313 2103 2343 2344 15
2104 2314 2344 2103 15
2103 2314 2344 2313 15
2314 2104 2344 2345 15
2105 2315 2345 2104 15
2104 2315 2345 2314 15
2315 2105 2345 2346 15
2106 2316 2346 2105 15
2105 2316 2346 2315 15
2316 2106 2346 2347 15
2107 2317 2347 2106 15
2106 2317 2347 2316 15
2317 2107 2347 2348 15
2108 2318 2348 2107 15
2107 2318 2348 2317 15
2318 2108 2348 2349 15
2109 2319 2349 2108 15
2108 2319 2349 2318 15
2319 2109 2349 2350 15
2110 2320 2350 2109 15
2109 2320 2350 2319 15
2320 2110 2350 2351 15
2111 2321 2351 2110 15
2110 2321 2351 2320 15
2321 2111 2351 2352 15
2112 2322 2352 2111 15
2111 2322 2352 2321 15
2322 2112 2352 2353 15
2113 2323 2353 2112 15
2112 2323 2353 2322 15
2323 2113 2353 2354 15
2114 2324 2354 2113 15
2113 2324 2354 2323 15
2324 2114 2354 2355 15
2115 2325 2355 2114 15
2114 2325 2355 2324 15
2325 2115 2355 2356 15
2116 2326 2356 2115 15
2115 2326 2356 2325 15
2326 2116 2356 2357 15
2117 2327 2357 2116 15
2116 2327 2357 2326 15
2327 2117 2357 1000 15
984 998 1000 2117 15
2117 998 1000 2327 15
183 182 185 1593 15
1578 1593 1623 182 15
182 1593 1623 185 15
1593 1578 1623 1594 15
1579 1594 1624 1578 15
1578 1594 1624 1623 15
1594 1579 1624 1595 15
1580 1595 1625 1579 15
1579 1595 1625 1624 15
1595 1580 1625 1596 15
1581 1596 1626 1580 15
1580 1596 1626 1625 15
1596 1581 1626 1597 15
1582 1597 1627 1581 15
1581 1597 1627 1626 15
1597 1582 1627 1598 15
1583 1598 1628 1582 15
1582 1598 1628 1627 15
1598 1583 1628 1599 15
1584 1599 1629 1583 15
1583 1599 1629 1628 15
1599 1584 1629 1600 15
1585 1600 1630 1584 15
1584 1600 1630 1629 15
1600 1585 1630 1601 15
1586 1601 1631 1585 15
1585 1601 1631 1630 15
1601 1586 1631 1602 15
1587 1602 1632 1586 15
1586 1602 1632 1631 15
1602 1587 1632 1603 15
1588 1603 1633 1587 15
1587 1603 1633 1632 15
1603 1588 1633 1604 15
1589 1604 1634 1588 15
1588 1604 1634 1633 15
1604 1589 1634 1605 15
1590 1605 1635 1589 15
1589 1605 1635 1634 15
1605 1590 1635 1606 15
1591 1606 1636 1590 15
1590 1606 1636 1635 15
1606 1591 1636 1607 15
1592 1607 1637 1591 15
1591 1607 1637 1636 15
1607 1592 1637 950 15
949 950 952 1592 15
1592 950 952 1637 15
204 209 210 1998 15
1983 1908 1998 209 15
209 1908 1998 204 15
1908 1983 1998 1999 15
1984 1909 1999 1983 15
1983 1909 1999 1908 15
1909 1984 1999 2000 15
1985 1910 2000 1984 15
1984 1910 2000 1909 15
1910 1985 2000 2001 15
1986 1911 2001 1985 15
1985 1911 2001 1910 15
1911 1986 2001 2002 15
1987 1912 2002 1986 15
1986 1912 2002 1911 15
1912 1987 2002 2003 15
1988 1913 2003 1987 15
1987 1913 2003 1912 15
1913 1988 2003 2004 15
1989 1914 2004 1988 15
1988 1914 2004 1913 15
1914 1989 2004 2005 15
1990 1915 2005 1989 15
1989 1915 2005 1914 15
1915 1990 2005 2006 15
1991 1916 2006 1990 15
1990 1916 2006 1915 15
1916 1991 2006 2007 15
1992 1917 2007 1991 15
1991 1917 2007 1916 15
1917 1992 2007 2008 15
1993 1918 2008 1992 15
1992 1918 2008 1917 15
1918 1993 2008 2009 15
1994 1919 2009 1993 15
1993 1919 2009 1918 15
1919 1994 2009 2010 15
1995 1920 2010 1994 15
1994 1920 2010 1919 15
1920 1995 2010 2011 15
1996 1921 2011 1995 15
1995 1921 2011 1920 15
1921 1996 2011 2012 15
1997 1922 2012 1996 15
1996 1922 2012 1921 15
1922 1997 2012 977 15
976 971 977 1997 15
1997 971 977 1922 15
215 212 216 2088 15
2028 2073 2088 212 15
212 2073 2088 215 15
2073 2028 2088 2089 15
2029 2074 2089 2028 15
2028 2074 2089 2073 15
2074 2029 2089 2090 15
2030 2075 2090 2029 15
2029 2075 2090 2074 15
2075 2030 2090 2091 15
2031 2076 2091 2030 15
2030 2076 2091 2075 15
2076 2031 2091 2092 15
2032 2077 2092 2031 15
2031 2077 2092 2076 15
2077 2032 2092 2093 15
2033 2078 2093 2032 15
2032 2078 2093 2077 15
2078 2033 2093 2094 15
2034 2079 2094 2033 15
2033 2079 2094 2078 15
2079 2034 2094 2095 15
2035 2080 2095 2034 15
2034 2080 2095 2079 15
2080 2035 2095 2096 15
2036 2081 2096 2035 15
2035 2081 2096 2080 15
2081 2036 2096 2097 15
2037 2082 2097 2036 15
2036 2082 2097 2081 15
2082 2037 2097 2098 15
2038 2083 2098 2037 15
2037 2083 2098 2082 15
2083 2038 2098 2099 15
2039 2084 2099 2038 15
2038 2084 2099 2083 15
2084 2039 2099 2100 15
2040 2085 2100 2039 15
2039 2085 2100 2084 15
2085 2040 2100 2101 15
2041 2086 2101 2040 15
2040 2086 2101 2085 15
2086 2041 2101 2102 15
2042 2087 2102 2041 15
2041 2087 2102 2086 15
2087 2042 2102 983 15
979 982 983 2042 15
2042 982 983 2087 15
211 210 212 2028 15
1998 2013 2028 210 15
210 2013 2028 211 15
2013 1998 2028 2029 15
1999 2014 2029 1998 15
1998 2014 2029 2013 15
2014 1999 2029 2030 15
2000 2015 2030 1999 15
1999 2015 2030 2014 15
2015 2000 2030 2031 15
2001 2016 2031 2000 15
2000 2016 2031 2015 15
2016 2001 2031 2032 15
2002 2017 2032 2001 15
2001 2017 2032 2016 15
2017 2002 2032 2033 15
2003 2018 2033 2002 15
2002 2018 2033 2017 15
2018 2003 2033 2034 15
2004 2019 2034 2003 15
2003 2019 2034 2018 15
2019 2004 2034 2035 15
2005 2020 2035 2004 15
2004 2020 2035 2019 15
2020 2005 2035 2036 15
2006 2021 2036 2005 15
2005 2021 2036 2020 15
2021 2006 2036 2037 15
2007 2022 2037 2006 15
2006 2022 2037 2021 15
2022 2007 2037 2038 15
2008 2023 2038 2007 15
2007 2023 2038 2022 15
2023 2008 2038 2039 15
2009 2024 2039 2008 15
2008 2024 2039 2023 15
2024 2009 2039 2040 15
2010 2025 2040 2009 15
2009 2025 2040 2024 15
2025 2010 2040 2041 15
2011 2026 2041 2010 15
2010 2026 2041 2025 15
2026 2011 2041 2042 15
2012 2027 2042 2011 15
2011 2027 2042 2026 15
2027 2012 2042 979 15
977 978 979 2012 15
2012 978 979 2027 15
198 197 261 2763 15
1803 1818 2763 197 15
197 1818 2763 198 15
1818 1803 2763 2764 15
1804 1819 2764 1803 15
1803 1819 2764 1818 15
1819 1804 2764 2765 15
1805 1820 2765 1804 15
1804 1820 2765 1819 15
1820 1805 2765 2766 15
1806 1821 2766 1805 15
1805 1821 2766 1820 15
1821 1806 2766 2767 15
1807 1822 2767 1806 15
1806 1822 2767 1821 15
1822 1807 2767 2768 15
1808 1823 2768 1807 15
1807 1823 2768 1822 15
1823 1808 2768 2769 15
1809 1824 2769 1808 15
1808 1824 2769 1823 15
1824 1809 2769 2770 15
1810 1825 2770 1809 15
1809 1825 2770 1824 15
1825 1810 2770 2771 15
1811 1826 2771 1810 15
1810 1826 2771 1825 15
1826 1811 2771 2772 15
1812 1827 2772 1811 15
1811 1827 2772 1826 15
1827 1812 2772 2773 15
1813 1828 2773 1812 15
1812 1828 2773 1827 15
1828 1813 2773 2774 15
1814 1829 2774 1813 15
1813 1829 2774 1828 15
1829 1814 2774 2775 15
1815 1830 2775 1814 15
1814 1830 2775 1829 15
1830 1815 2775 2776 15
1816 1831 2776 1815 15
1815 1831 2776 1830 15
1831 1816 2776 2777 15
1817 1832 2777 1816 15
1816 1832 2777 1831 15
1832 1817 2777 1028 15
964 965 1028 1817 15
1817 965 1028 1832 15
201 198 218 1863 15
1818 1863 2118 198 15
198 1863 2118 218 15
1863 1818 2118 1864 15
1819 1864 2119 1818 15
1818 1864 2119 2118 15
1864 1819 2119 1865 15
1820 1865 2120 1819 15
1819 1865 2120 2119 15
1865 1820 2120 1866 15
1821 1866 2121 1820 15
1820 1866 2121 2120 15
1866 1821 2121 1867 15
1822 1867 2122 1821 15
1821 1867 2122 2121 15
1867 1822 2122 1868 15
1823 1868 2123 1822 15
1822 1868 2123 2122 15
1868 1823 2123 1869 15
1824 1869 2124 1823 15
1823 1869 2124 2123 15
1869 1824 2124 1870 15
1825 1870 2125 1824 15
1824 1870 2125 2124 15
1870 1825 2125 1871 15
1826 1871 2126 1825 15
1825 1871 2126 2125 15
1871 1826 2126 1872 15
1827 1872 2127 1826 15
1826 1872 2127 2126 15
1872 1827 2127 1873 15
1828 1873 2128 1827 15
1827 1873 2128 2127 15
1873 1828 2128 1874 15
1829 1874 2129 1828 15
1828 1874 2129 2128 15
1874 1829 2129 1875 15
1830 1875 2130 1829 15
1829 1875 2130 2129 15
1875 1830 2130 1876 15
1831 1876 2131 1830 15
1830 1876 2131 2130 15
1876 1831 2131 1877 15
1832 1877 2132 1831 15
1831 1877 2132 2131 15
1877 1832 2132 968 15
965 968 985 1832 15
1832 968 985 2132 15
194 189 195 1773 15
1683 1758 1773 189 15
189 1758 1773 194 15
1758 1683 1773 1774 15
1684 1759 1774 1683 15
1683 1759 1774 1758 15
1759 1684 1774 1775 15
1685 1760 1775 1684 15
1684 1760 1775 1759 15
1760 1685 1775 1776 15
1686 1761 1776 1685 15
1685 1761 1776 1760 15
1761 1686 1776 1777 15
1687 1762 1777 1686 15
1686 1762 1777 1761 15
1762 1687 1777 1778 15
1688 1763 1778 1687 15
1687 1763 1778 1762 15
1763 1688 1778 1779 15
1689 1764 1779 1688 15
1688 1764 1779 1763 15
1764 1689 1779 1780 15
1690 1765 1780 1689 15
1689 1765 1780 1764 15
1765 1690 1780 1781 15
1691 1766 1781 1690 15
1690 1766 1781 1765 15
1766 1691 1781 1782 15
1692 1767 1782 1691 15
1691 1767 1782 1766 15
1767 1692 1782 1783 15
1693 1768 1783 1692 15
1692 1768 1783 1767 15
1768 1693 1783 1784 15
1694 1769 1784 1693 15
1693 1769 1784 1768 15
1769 1694 1784 1785 15
1695 1770 1785 1694 15
1694 1770 1785 1769 15
1770 1695 1785 1786 15
1696 1771 1786 1695 15
1695 1771 1786 1770 15
1771 1696 1786 1787 15
1697 1772 1787 1696 15
1696 1772 1787 1771 15
1772 1697 1787 962 15
956 961 962 1697 15
1697 961 962 1772 15
220 222 248 2568 15
2178 2148 2568 220 15
222 220 2178 2568 15
2148 2178 2568 2569 15
2179 2149 2569 2148 15
2178 2148 2179 2569 15
2149 2179 2569 2570 15
2180 2150 2570 2149 15
2179 2149 2180 2570 15
2150 2180 2570 2571 15
2181 2151 2571 2150 15
2180 2150 2181 2571 15
2151 2181 2571 2572 15
2182 2152 2572 2151 15
2181 2151 2182 2572 15
2152 2182 2572 2573 15
2183 2153 2573 2152 15
2182 2152 2183 2573 15
2153 2183 2573 2574 15
2184 2154 2574 2153 15
2183 2153 2184 2574 15
2154 2184 2574 2575 15
2185 2155 2575 2154 15
2184 2154 2185 2575 15
2155 2185 2575 2576 15
2186 2156 2576 2155 15
2185 2155 2186 2576 15
2156 2186 2576 2577 15
2187 2157 2577 2156 15
2186 2156 2187 2577 15
2157 2187 2577 2578 15
2188 2158 2578 2157 15
2187 2157 2188 2578 15
2158 2188 2578 2579 15
2189 2159 2579 2158 15
2188 2158 2189 2579 15
2159 2189 2579 2580 15
2190 2160 2580 2159 15
2189 2159 2190 2580 15
2160 2190 2580 2581 15
2191 2161 2581 2160 15
2190 2160 2191 2581 15
2161 2191 2581 2582 15
2192 2162 2582 2161 15
2191 2161 2192 2582 15
2162 2192 2582 1015 15
989 987 1015 2162 15
2192 2162 989 1015 15
220 206 221 2148 15
1938 2148 2163 206 15
206 2148 2163 221 15
2148 1938 2163 2149 15
1939 2149 2164 1938 15
1938 2149 2164 2163 15
2149 1939 2164 2150 15
1940 2150 2165 1939 15
1939 2150 2165 2164 15
2150 1940 2165 2151 15
1941 2151 2166 1940 15
1940 2151 2166 2165 15
2151 1941 2166 2152 15
1942 2152 2167 1941 15
1941 2152 2167 2166 15
2152 1942 2167 2153 15
1943 2153 2168 1942 15
1942 2153 2168 2167 15
2153 1943 2168 2154 15
1944 2154 2169 1943 15
1943 2154 2169 2168 15
2154 1944 2169 2155 15
1945 2155 2170 1944 15
1944 2155 2170 2169 15
2155 1945 2170 2156 15
1946 2156 2171 1945 15
1945 2156 2171 2170 15
2156 1946 2171 2157 15
1947 2157 2172 1946 15
1946 2157 2172 2171 15
2157 1947 2172 2158 15
1948 2158 2173 1947 15
1947 2158 2173 2172 15
2158 1948 2173 2159 15
1949 2159 2174 1948 15
1948 2159 2174 2173 15
2159 1949 2174 2160 15
1950 2160 2175 1949 15
1949 2160 2175 2174 15
2160 1950 2175 2161 15
1951 2161 2176 1950 15
1950 2161 2176 2175 15
2161 1951 2176 2162 15
1952 2162 2177 1951 15
1951 2162 2177 2176 15
2162 1952 2177 987 15
973 987 988 1952 15
1952 987 988 2177 15
187 189 194 1758 15
1683 1653 1758 189 15
189 1653 1758 187 15
1653 1683 1758 1759 15
1684 1654 1759 1683 15
1683 1654 1759 1653 15
1654 1684 1759 1760 15
1685 1655 1760 1684 15
1684 1655 1760 1654 15
1655 1685 1760 1761 15
1686 1656 1761 1685 15
1685 1656 1761 1655 15
1656 1686 1761 1762 15
1687 1657 1762 1686 15
1686 1657 1762 1656 15
1657 1687 1762 1763 15
1688 1658 1763 1687 15
1687 1658 1763 1657 15
1658 1688 1763 1764 15
1689 1659 1764 1688 15
1688 1659 1764 1658 15
1659 1689 1764 1765 15
1690 1660 1765 1689 15
1689 1660 1765 1659 15
1660 1690 1765 1766 15
1691 1661 1766 1690 15
1690 1661 1766 1660 15
1661 1691 1766 1767 15
1692 1662 1767 1691 15
1691 1662 1767 1661 15
1662 1692 1767 1768 15
1693 1663 1768 1692 15
1692 1663 1768 1662 15
1663 1693 1768 1769 15
1694 1664 1769 1693 15
1693 1664 1769 1663 15
1664 1694 1769 1770 15
1695 1665 1770 1694 15
1694 1665 1770 1664 15
1665 1695 1770 1771 15
1696 1666 1771 1695 15
1695 1666 1771 1665 15
1666 1696 1771 1772 15
1697 1667 1772 1696 15
1696 1667 1772 1666 15
1667 1697 1772 961 15
956 954 961 1697 15
1697 954 961 1667 15
222 221 223 2178 15
2163 2178 2193 221 15
221 2178 2193 223 15
2178 2163 2193 2179 15
2164 2179 2194 2163 15
2163 2179 2194 2193 15
2179 2164 2194 2180 15
2165 2180 2195 2164 15
2164 2180 2195 2194 15
2180 2165 2195 2181 15
2166 2181 2196 2165 15
2165 2181 2196 2195 15
2181 2166 2196 2182 15
2167 2182 2197 2166 15
2166 2182 2197 2196 15
2182 2167 2197 2183 15
2168 2183 2198 2167 15
2167 2183 2198 2197 15
2183 2168 2198 2184 15
2169 2184 2199 2168 15
2168 2184 2199 2198 15
2184 2169 2199 2185 15
2170 2185 2200 2169 15
2169 2185 2200 2199 15
2185 2170 2200 2186 15
2171 2186 2201 2170 15
2170 2186 2201 2200 15
2186 2171 2201 2187 15
2172 2187 2202 2171 15
2171 2187 2202 2201 15
2187 2172 2202 2188 15
2173 2188 2203 2172 15
2172 2188 2203 2202 15
2188 2173 2203 2189 15
2174 2189 2204 2173 15
2173 2189 2204 2203 15
2189 2174 2204 2190 15
2175 2190 2205 2174 15
2174 2190 2205 2204 15
2190 2175 2205 2191 15
2176 2191 2206 2175 15
2175 2191 2206 2205 15
2191 2176 2206 2192 15
2177 2192 2207 2176 15
2176 2192 2207 2206 15
2192 2177 2207 989 15
988 989 990 2177 15
2177 989 990 2207 15
186 190 249 2583 15
1698 1638 2583 186 15
190 186 1698 2583 15
1638 1698 2583 2584 15
1699 1639 2584 1638 15
1698 1638 1699 2584 15
1639 1699 2584 2585 15
1700 1640 2585 1639 15
1699 1639 1700 2585 15
1640 1700 2585 2586 15
1701 1641 2586 1640 15
1700 1640 1701 2586 15
1641 1701 2586 2587 15
1702 1642 2587 1641 15
1701 1641 1702 2587 15
1642 1702 2587 2588 15
1703 1643 2588 1642 15
1702 1642 1703 2588 15
1643 1703 2588 2589 15
1704 1644 2589 1643 15
1703 1643 1704 2589 15
1644 1704 2589 2590 15
1705 1645 2590 1644 15
1704 1644 1705 2590 15
1645 1705 2590 2591 15
1706 1646 2591 1645 15
1705 1645 1706 2591 15
1646 1706 2591 2592 15
1707 1647 2592 1646 15
1706 1646 1707 2592 15
1647 1707 2592 2593 15
1708 1648 2593 1647 15
1707 1647 1708 2593 15
1648 1708 2593 2594 15
1709 1649 2594 1648 15
1708 1648 1709 2594 15
1649 1709 2594 2595 15
1710 1650 2595 1649 15
1709 1649 1710 2595 15
1650 1710 2595 2596 15
1711 1651 2596 1650 15
1710 1650 1711 2596 15
1651 1711 2596 2597 15
1712 1652 2597 1651 15
1711 1651 1712 2597 15
1652 1712 2597 1016 15
957 953 1016 1652 15
1712 1652 957 1016 15
204 210 211 2013 15
1998 1908 2013 204 15
210 204 1998 2013 15
1908 1998 2013 2014 15
1999 1909 2014 1908 15
1998 1908 1999 2014 15
1909 1999 2014 2015 15
2000 1910 2015 1909 15
1999 1909 2000 2015 15
1910 2000 2015 2016 15
2001 1911 2016 1910 15
2000 1910 2001 2016 15
1911 2001 2016 2017 15
2002 1912 2017 1911 15
2001 1911 2002 2017 15
1912 2002 2017 2018 15
2003 1913 2018 1912 15
2002 1912 2003 2018 15
1913 2003 2018 2019 15
2004 1914 2019 1913 15
2003 1913 2004 2019 15
1914 2004 2019 2020 15
2005 1915 2020 1914 15
2004 1914 2005 2020 15
1915 2005 2020 2021 15
2006 1916 2021 1915 15
2005 1915 2006 2021 15
1916 2006 2021 2022 15
2007 1917 2022 1916 15
2006 1916 2007 2022 15
1917 2007 2022 2023 15
2008 1918 2023 1917 15
2007 1917 2008 2023 15
1918 2008 2023 2024 15
2009 1919 2024 1918 15
2008 1918 2009 2024 15
1919 2009 2024 2025 15
2010 1920 2025 1919 15
2009 1919 2010 2025 15
1920 2010 2025 2026 15
2011 1921 2026 1920 15
2010 1920 2011 2026 15
1921 2011 2026 2027 15
2012 1922 2027 1921 15
2011 1921 2012 2027 15
1922 2012 2027 978 15
977 971 978 1922 15
2012 1922 977 978 15
202 204 265 2823 15
1908 1878 2823 204 15
204 1878 2823 202 15
1878 1908 2823 2824 15
1909 1879 2824 1908 15
1908 1879 2824 1878 15
1879 1909 2824 2825 15
1910 1880 2825 1909 15
1909 1880 2825 1879 15
1880 1910 2825 2826 15
1911 1881 2826 1910 15
1910 1881 2826 1880 15
1881 1911 2826 2827 15
1912 1882 2827 1911 15
1911 1882 2827 1881 15
1882 1912 2827 2828 15
1913 1883 2828 1912 15
1912 1883 2828 1882 15
1883 1913 2828 2829 15
1914 1884 2829 1913 15
1913 1884 2829 1883 15
1884 1914 2829 2830 15
1915 1885 2830 1914 15
1914 1885 2830 1884 15
1885 1915 2830 2831 15
1916 1886 2831 1915 15
1915 1886 2831 1885 15
1886 1916 2831 2832 15
1917 1887 2832 1916 15
1916 1887 2832 1886 15
1887 1917 2832 2833 15
1918 1888 2833 1917 15
1917 1888 2833 1887 15
1888 1918 2833 2834 15
1919 1889 2834 1918 15
1918 1889 2834 1888 15
1889 1919 2834 2835 15
1920 1890 2835 1919 15
1919 1890 2835 1889 15
1890 1920 2835 2836 15
1921 1891 2836 1920 15
1920 1891 2836 1890 15
1891 1921 2836 2837 15
1922 1892 2837 1921 15
1921 1892 2837 1891 15
1892 1922 2837 1032 15
971 969 1032 1922 15
1922 969 1032 1892 15
190 191 192 1698 15
1713 1698 1728 191 15
191 1698 1728 192 15
1698 1713 1728 1699 15
1714 1699 1729 1713 15
1713 1699 1729 1728 15
1699 1714 1729 1700 15
1715 1700 1730 1714 15
1714 1700 1730 1729 15
1700 1715 1730 1701 15
1716 1701 1731 1715 15
1715 1701 1731 1730 15
1701 1716 1731 1702 15
1717 1702 1732 1716 15
1716 1702 1732 1731 15
1702 1717 1732 1703 15
1718 1703 1733 1717 15
1717 1703 1733 1732 15
1703 1718 1733 1704 15
1719 1704 1734 1718 15
1718 1704 1734 1733 15
1704 1719 1734 1705 15
1720 1705 1735 1719 15
1719 1705 1735 1734 15
1705 1720 1735 1706 15
1721 1706 1736 1720 15
1720 1706 1736 1735 15
1706 1721 1736 1707 15
1722 1707 1737 1721 15
1721 1707 1737 1736 15
1707 1722 1737 1708 15
1723 1708 1738 1722 15
1722 1708 1738 1737 15
1708 1723 1738 1709 15
1724 1709 1739 1723 15
1723 1709 1739 1738 15
1709 1724 1739 1710 15
1725 1710 1740 1724 15
1724 1710 1740 1739 15
1710 1725 1740 1711 15
1726 1711 1741 1725 15
1725 1711 1741 1740 15
1711 1726 1741 1712 15
1727 1712 1742 1726 15
1726 1712 1742 1741 15
1712 1727 1742 957 15
958 957 959 1727 15
1727 957 959 1742 15
190 185 191 1698 15
1623 1698 1713 185 15
185 1698 1713 191 15
1698 1623 1713 1699 15
1624 1699 1714 1623 15
1623 1699 1714 1713 15
1699 1624 1714 1700 15
1625 1700 1715 1624 15
1624 1700 1715 1714 15
1700 1625 1715 1701 15
1626 1701 1716 1625 15
1625 1701 1716 1715 15
1701 1626 1716 1702 15
1627 1702 1717 1626 15
1626 1702 1717 1716 15
1702 1627 1717 1703 15
1628 1703 1718 1627 15
1627 1703 1718 1717 15
1703 1628 1718 1704 15
1629 1704 1719 1628 15
1628 1704 1719 1718 15
1704 1629 1719 1705 15
1630 1705 1720 1629 15
1629 1705 1720 1719 15
1705 1630 1720 1706 15
1631 1706 1721 1630 15
1630 1706 1721 1720 15
1706 1631 1721 1707 15
1632 1707 1722 1631 15
1631 1707 1722 1721 15
1707 1632 1722 1708 15
1633 1708 1723 1632 15
1632 1708 1723 1722 15
1708 1633 1723 1709 15
1634 1709 1724 1633 15
1633 1709 1724 1723 15
1709 1634 1724 1710 15
1635 1710 1725 1634 15
1634 1710 1725 1724 15
1710 1635 1725 1711 15
1636 1711 1726 1635 15
1635 1711 1726 1725 15
1711 1636 1726 1712 15
1637 1712 1727 1636 15
1636 1712 1727 1726 15
1712 1637 1727 957 15
952 957 958 1637 15
1637 957 958 1727 15
219 206 220 2148 15
1938 2133 2148 206 15
206 2133 2148 219 15
2133 1938 2148 2149 15
1939 2134 2149 1938 15
1938 2134 2149 2133 15
2134 1939 2149 2150 15
1940 2135 2150 1939 15
1939 2135 2150 2134 15
2135 1940 2150 2151 15
1941 2136 2151 1940 15
1940 2136 2151 2135 15
2136 1941 2151 2152 15
1942 2137 2152 1941 15
1941 2137 2152 2136 15
2137 1942 2152 2153 15
1943 2138 2153 1942 15
1942 2138 2153 2137 15
2138 1943 2153 2154 15
1944 2139 2154 1943 15
1943 2139 2154 2138 15
2139 1944 2154 2155 15
1945 2140 2155 1944 15
1944 2140 2155 2139 15
2140 1945 2155 2156 15
1946 2141 2156 1945 15
1945 2141 2156 2140 15
2141 1946 2156 2157 15
1947 2142 2157 1946 15
1946 2142 2157 2141 15
2142 1947 2157 2158 15
1948 2143 2158 1947 15
1947 2143 2158 2142 15
2143 1948 2158 2159 15
1949 2144 2159 1948 15
1948 2144 2159 2143 15
2144 1949 2159 2160 15
1950 2145 2160 1949 15
1949 2145 2160 2144 15
2145 1950 2160 2161 15
1951 2146 2161 1950 15
1950 2146 2161 2145 15
2146 1951 2161 2162 15
1952 2147 2162 1951 15
1951 2147 2162 2146 15
2147 1952 2162 987 15
973 986 987 1952 15
1952 986 987 2147 15
180 183 255 2673 15
1593 1548 2673 183 15
183 1548 2673 180 15
1548 1593 2673 2674 15
1594 1549 2674 1593 15
1593 1549 2674 1548 15
1549 1594 2674 2675 15
1595 1550 2675 1594 15
1594 1550 2675 1549 15
1550 1595 2675 2676 15
1596 1551 2676 1595 15
1595 1551 2676 1550 15
1551 1596 2676 2677 15
1597 1552 2677 1596 15
1596 1552 2677 1551 15
1552 1597 2677 2678 15
1598 1553 2678 1597 15
1597 1553 2678 1552 15
1553 1598 2678 2679 15
1599 1554 2679 1598 15
1598 1554 2679 1553 15
1554 1599 2679 2680 15
1600 1555 2680 1599 15
1599 1555 2680 1554 15
1555 1600 2680 2681 15
1601 1556 2681 1600 15
1600 1556 2681 1555 15
1556 1601 2681 2682 15
1602 1557 2682 1601 15
1601 1557 2682 1556 15
1557 1602 2682 2683 15
1603 1558 2683 1602 15
1602 1558 2683 1557 15
1558 1603 2683 2684 15
1604 1559 2684 1603 15
1603 1559 2684 1558 15
1559 1604 2684 2685 15
1605 1560 2685 1604 15
1604 1560 2685 1559 15
1560 1605 2685 2686 15
1606 1561 2686 1605 15
1605 1561 2686 1560 15
1561 1606 2686 2687 15
1607 1562 2687 1606 15
1606 1562 2687 1561 15
1562 1607 2687 1022 15
950 947 1022 1607 15
1607 947 1022 1562 15
228 252 253 2268 15
2628 2268 2643 252 15
252 2268 2643 253 15
2268 2628 2643 2269 15
2629 2269 2644 2628 15
2628 2269 2644 2643 15
2269 2629 2644 2270 15
2630 2270 2645 2629 15
2629 2270 2645 2644 15
2270 2630 2645 2271 15
2631 2271 2646 2630 15
2630 2271 2646 2645 15
2271 2631 2646 2272 15
2632 2272 2647 2631 15
2631 2272 2647 2646 15
2272 2632 2647 2273 15
2633 2273 2648 2632 15
2632 2273 2648 2647 15
2273 2633 2648 2274 15
2634 2274 2649 2633 15
2633 2274 2649 2648 15
2274 2634 2649 2275 15
2635 2275 2650 2634 15
2634 2275 2650 2649 15
2275 2635 2650 2276 15
2636 2276 2651 2635 15
2635 2276 2651 2650 15
2276 2636 2651 2277 15
2637 2277 2652 2636 15
2636 2277 2652 2651 15
2277 2637 2652 2278 15
2638 2278 2653 2637 15
2637 2278 2653 2652 15
2278 2638 2653 2279 15
2639 2279 2654 2638 15
2638 2279 2654 2653 15
2279 2639 2654 2280 15
2640 2280 2655 2639 15
2639 2280 2655 2654 15
2280 2640 2655 2281 15
2641 2281 2656 2640 15
2640 2281 2656 2655 15
2281 2641 2656 2282 15
2642 2282 2657 2641 15
2641 2282 2657 2656 15
2282 2642 2657 995 15
1019 995 1020 2642 15
2642 995 1020 2657 15
179 176 270 2898 15
1488 1533 2898 176 15
176 1533 2898 179 15
1533 1488 2898 2899 15
1489 1534 2899 1488 15
1488 1534 2899 1533 15
1534 1489 2899 2900 15
1490 1535 2900 1489 15
1489 1535 2900 1534 15
1535 1490 2900 2901 15
1491 1536 2901 1490 15
1490 1536 2901 1535 15
1536 1491 2901 2902 15
1492 1537 2902 1491 15
1491 1537 2902 1536 15
1537 1492 2902 2903 15
1493 1538 2903 1492 15
1492 1538 2903 1537 15
1538 1493 2903 2904 15
1494 1539 2904 1493 15
1493 1539 2904 1538 15
1539 1494 2904 2905 15
1495 1540 2905 1494 15
1494 1540 2905 1539 15
1540 1495 2905 2906 15
1496 1541 2906 1495 15
1495 1541 2906 1540 15
1541 1496 2906 2907 15
1497 1542 2907 1496 15
1496 1542 2907 1541 15
1542 1497 2907 2908 15
1498 1543 2908 1497 15
1497 1543 2908 1542 15
1543 1498 2908 2909 15
1499 1544 2909 1498 15
1498 1544 2909 1543 15
1544 1499 2909 2910 15
1500 1545 2910 1499 15
1499 1545 2910 1544 15
1545 1500 2910 2911 15
1501 1546 2911 1500 15
1500 1546 2911 1545 15
1546 1501 2911 2912 15
1502 1547 2912 1501 15
1501 1547 2912 1546 15
1547 1502 2912 1037 15
943 946 1037 1502 15
1502 946 1037 1547 15
196 195 197 1803 15
1773 1788 1803 195 15
195 1788 1803 196 15
1788 1773 1803 1804 15
1774 1789 1804 1773 15
1773 1789 1804 1788 15
1789 1774 1804 1805 15
1775 1790 1805 1774 15
1774 1790 1805 1789 15
1790 1775 1805 1806 15
1776 1791 1806 1775 15
1775 1791 1806 1790 15
1791 1776 1806 1807 15
1777 1792 1807 1776 15
1776 1792 1807 1791 15
1792 1777 1807 1808 15
1778 1793 1808 1777 15
1777 1793 1808 1792 15
1793 1778 1808 1809 15
1779 1794 1809 1778 15
1778 1794 1809 1793 15
1794 1779 1809 1810 15
1780 1795 1810 1779 15
1779 1795 1810 1794 15
1795 1780 1810 1811 15
1781 1796 1811 1780 15
1780 1796 1811 1795 15
1796 1781 1811 1812 15
1782 1797 1812 1781 15
1781 1797 1812 1796 15
1797 1782 1812 1813 15
1783 1798 1813 1782 15
1782 1798 1813 1797 15
1798 1783 1813 1814 15
1784 1799 1814 1783 15
1783 1799 1814 1798 15
1799 1784 1814 1815 15
1785 1800 1815 1784 15
1784 1800 1815 1799 15
1800 1785 1815 1816 15
1786 1801 1816 1785 15
1785 1801 1816 1800 15
1801 1786 1816 1817 15
1787 1802 1817 1786 15
1786 1802 1817 1801 15
1802 1787 1817 964 15
962 963 964 1787 15
1787 963 964 1802 15
195 207 264 2808 15
1953 1773 2808 207 15
207 1773 2808 195 15
1773 1953 2808 2809 15
1954 1774 2809 1953 15
1953 1774 2809 1773 15
1774 1954 2809 2810 15
1955 1775 2810 1954 15
1954 1775 2810 1774 15
1775 1955 2810 2811 15
1956 1776 2811 1955 15
1955 1776 2811 1775 15
1776 1956 2811 2812 15
1957 1777 2812 1956 15
1956 1777 2812 1776 15
1777 1957 2812 2813 15
1958 1778 2813 1957 15
1957 1778 2813 1777 15
1778 1958 2813 2814 15
1959 1779 2814 1958 15
1958 1779 2814 1778 15
1779 1959 2814 2815 15
1960 1780 2815 1959 15
1959 1780 2815 1779 15
1780 1960 2815 2816 15
1961 1781 2816 1960 15
1960 1781 2816 1780 15
1781 1961 2816 2817 15
1962 1782 2817 1961 15
1961 1782 2817 1781 15
1782 1962 2817 2818 15
1963 1783 2818 1962 15
1962 1783 2818 1782 15
1783 1963 2818 2819 15
1964 1784 2819 1963 15
1963 1784 2819 1783 15
1784 1964 2819 2820 15
1965 1785 2820 1964 15
1964 1785 2820 1784 15
1785 1965 2820 2821 15
1966 1786 2821 1965 15
1965 1786 2821 1785 15
1786 1966 2821 2822 15
1967 1787 2822 1966 15
1966 1787 2822 1786 15
1787 1967 2822 1031 15
974 962 1031 1967 15
1967 962 1031 1787 15
182 179 184 1608 15
1533 1578 1608 179 15
179 1578 1608 182 15
1578 1533 1608 1609 15
1534 1579 1609 1533 15
1533 1579 1609 1578 15
1579 1534 1609 1610 15
1535 1580 1610 1534 15
1534 1580 1610 1579 15
1580 1535 1610 1611 15
1536 1581 1611 1535 15
1535 1581 1611 1580 15
1581 1536 1611 1612 15
1537 1582 1612 1536 15
1536 1582 1612 1581 15
1582 1537 1612 1613 15
1538 1583 1613 1537 15
1537 1583 1613 1582 15
1583 1538 1613 1614 15
1539 1584 1614 1538 15
1538 1584 1614 1583 15
1584 1539 1614 1615 15
1540 1585 1615 1539 15
1539 1585 1615 1584 15
1585 1540 1615 1616 15
1541 1586 1616 1540 15
1540 1586 1616 1585 15
1586 1541 1616 1617 15
1542 1587 1617 1541 15
1541 1587 1617 1586 15
1587 1542 1617 1618 15
1543 1588 1618 1542 15
1542 1588 1618 1587 15
1588 1543 1618 1619 15
1544 1589 1619 1543 15
1543 1589 1619 1588 15
1589 1544 1619 1620 15
1545 1590 1620 1544 15
1544 1590 1620 1589 15
1590 1545 1620 1621 15
1546 1591 1621 1545 15
1545 1591 1621 1590 15
1591 1546 1621 1622 15
1547 1592 1622 1546 15
1546 1592 1622 1591 15
1592 1547 1622 951 15
946 949 951 1547 15
1547 949 951 1592 15
250 249 254 2658 15
2583 2598 2658 249 15
249 2598 2658 250 15
2598 2583 2658 2659 15
2584 2599 2659 2583 15
2583 2599 2659 2598 15
2599 2584 2659 2660 15
2585 2600 2660 2584 15
2584 2600 2660 2599 15
2600 2585 2660 2661 15
2586 2601 2661 2585 15
2585 2601 2661 2600 15
2601 2586 2661 2662 15
2587 2602 2662 2586 15
2586 2602 2662 2601 15
2602 2587 2662 2663 15
2588 2603 2663 2587 15
2587 2603 2663 2602 15
2603 2588 2663 2664 15
2589 2604 2664 2588 15
2588 2604 2664 2603 15
2604 2589 2664 2665 15
2590 2605 2665 2589 15
2589 2605 2665 2604 15
2605 2590 2665 2666 15
2591 2606 2666 2590 15
2590 2606 2666 2605 15
2606 2591 2666 2667 15
2592 2607 2667 2591 15
2591 2607 2667 2606 15
2607 2592 2667 2668 15
2593 2608 2668 2592 15
2592 2608 2668 2607 15
2608 2593 2668 2669 15
2594 2609 2669 2593 15
2593 2609 2669 2608 15
2609 2594 2669 2670 15
2595 2610 2670 2594 15
2594 2610 2670 2609 15
2610 2595 2670 2671 15
2596 2611 2671 2595 15
2595 2611 2671 2610 15
2611 2596 2671 2672 15
2597 2612 2672 2596 15
2596 2612 2672 2611 15
2612 2597 2672 1021 15
1016 1017 1021 2597 15
2597 1017 1021 2612 15
224 225 226 2208 15
2223 2208 2238 225 15
225 2208 2238 226 15
2208 2223 2238 2209 15
2224 2209 2239 2223 15
2223 2209 2239 2238 15
2209 2224 2239 2210 15
2225 2210 2240 2224 15
2224 2210 2240 2239 15
2210 2225 2240 2211 15
2226 2211 2241 2225 15
2225 2211 2241 2240 15
2211 2226 2241 2212 15
2227 2212 2242 2226 15
2226 2212 2242 2241 15
2212 2227 2242 2213 15
2228 2213 2243 2227 15
2227 2213 2243 2242 15
2213 2228 2243 2214 15
2229 2214 2244 2228 15
2228 2214 2244 2243 15
2214 2229 2244 2215 15
2230 2215 2245 2229 15
2229 2215 2245 2244 15
2215 2230 2245 2216 15
2231 2216 2246 2230 15
2230 2216 2246 2245 15
2216 2231 2246 2217 15
2232 2217 2247 2231 15
2231 2217 2247 2246 15
2217 2232 2247 2218 15
2233 2218 2248 2232 15
2232 2218 2248 2247 15
2218 2233 2248 2219 15
2234 2219 2249 2233 15
2233 2219 2249 2248 15
2219 2234 2249 2220 15
2235 2220 2250 2234 15
2234 2220 2250 2249 15
2220 2235 2250 2221 15
2236 2221 2251 2235 15
2235 2221 2251 2250 15
2221 2236 2251 2222 15
2237 2222 2252 2236 15
2236 2222 2252 2251 15
2222 2237 2252 991 15
992 991 993 2237 15
2237 991 993 2252 15
212 210 251 2613 15
1998 2028 2613 210 15
210 2028 2613 212 15
2028 1998 2613 2614 15
1999 2029 2614 1998 15
1998 2029 2614 2028 15
2029 1999 2614 2615 15
2000 2030 2615 1999 15
1999 2030 2615 2029 15
2030 2000 2615 2616 15
2001 2031 2616 2000 15
2000 2031 2616 2030 15
2031 2001 2616 2617 15
2002 2032 2617 2001 15
2001 2032 2617 2031 15
2032 2002 2617 2618 15
2003 2033 2618 2002 15
2002 2033 2618 2032 15
2033 2003 2618 2619 15
2004 2034 2619 2003 15
2003 2034 2619 2033 15
2034 2004 2619 2620 15
2005 2035 2620 2004 15
2004 2035 2620 2034 15
2035 2005 2620 2621 15
2006 2036 2621 2005 15
2005 2036 2621 2035 15
2036 2006 2621 2622 15
2007 2037 2622 2006 15
2006 2037 2622 2036 15
2037 2007 2622 2623 15
2008 2038 2623 2007 15
2007 2038 2623 2037 15
2038 2008 2623 2624 15
2009 2039 2624 2008 15
2008 2039 2624 2038 15
2039 2009 2624 2625 15
2010 2040 2625 2009 15
2009 2040 2625 2039 15
2040 2010 2625 2626 15
2011 2041 2626 2010 15
2010 2041 2626 2040 15
2041 2011 2626 2627 15
2012 2042 2627 2011 15
2011 2042 2627 2041 15
2042 2012 2627 1018 15
977 979 1018 2012 15
2012 979 1018 2042 15
183 185 186 1593 15
1623 1593 1638 185 15
185 1593 1638 186 15
1593 1623 1638 1594 15
1624 1594 1639 1623 15
1623 1594 1639 1638 15
1594 1624 1639 1595 15
1625 1595 1640 1624 15
1624 1595 1640 1639 15
1595 1625 1640 1596 15
1626 1596 1641 1625 15
1625 1596 1641 1640 15
1596 1626 1641 1597 15
1627 1597 1642 1626 15
1626 1597 1642 1641 15
1597 1627 1642 1598 15
1628 1598 1643 1627 15
1627 1598 1643 1642 15
1598 1628 1643 1599 15
1629 1599 1644 1628 15
1628 1599 1644 1643 15
1599 1629 1644 1600 15
1630 1600 1645 1629 15
1629 1600 1645 1644 15
1600 1630 1645 1601 15
1631 1601 1646 1630 15
1630 1601 1646 1645 15
1601 1631 1646 1602 15
1632 1602 1647 1631 15
1631 1602 1647 1646 15
1602 1632 1647 1603 15
1633 1603 1648 1632 15
1632 1603 1648 1647 15
1603 1633 1648 1604 15
1634 1604 1649 1633 15
1633 1604 1649 1648 15
1604 1634 1649 1605 15
1635 1605 1650 1634 15
1634 1605 1650 1649 15
1605 1635 1650 1606 15
1636 1606 1651 1635 15
1635 1606 1651 1650 15
1606 1636 1651 1607 15
1637 1607 1652 1636 15
1636 1607 1652 1651 15
1607 1637 1652 950 15
952 950 953 1637 15
1637 950 953 1652 15
227 220 248 2253 15
2148 2253 2568 220 15
220 2253 2568 248 15
2253 2148 2568 2254 15
2149 2254 2569 2148 15
2148 2254 2569 2568 15
2254 2149 2569 2255 15
2150 2255 2570 2149 15
2149 2255 2570 2569 15
2255 2150 2570 2256 15
2151 2256 2571 2150 15
2150 2256 2571 2570 15
2256 2151 2571 2257 15
2152 2257 2572 2151 15
2151 2257 2572 2571 15
2257 2152 2572 2258 15
2153 2258 2573 2152 15
2152 2258 2573 2572 15
2258 2153 2573 2259 15
2154 2259 2574 2153 15
2153 2259 2574 2573 15
2259 2154 2574 2260 15
2155 2260 2575 2154 15
2154 2260 2575 2574 15
2260 2155 2575 2261 15
2156 2261 2576 2155 15
2155 2261 2576 2575 15
2261 2156 2576 2262 15
2157 2262 2577 2156 15
2156 2262 2577 2576 15
2262 2157 2577 2263 15
2158 2263 2578 2157 15
2157 2263 2578 2577 15
2263 2158 2578 2264 15
2159 2264 2579 2158 15
2158 2264 2579 2578 15
2264 2159 2579 2265 15
2160 2265 2580 2159 15
2159 2265 2580 2579 15
2265 2160 2580 2266 15
2161 2266 2581 2160 15
2160 2266 2581 2580 15
2266 2161 2581 2267 15
2162 2267 2582 2161 15
2161 2267 2582 2581 15
2267 2162 2582 994 15
987 994 1015 2162 15
2162 994 1015 2582 15
210 209 214 1998 15
1983 1998 2058 209 15
209 1998 2058 214 15
1998 1983 2058 1999 15
1984 1999 2059 1983 15
1983 1999 2059 2058 15
1999 1984 2059 2000 15
1985 2000 2060 1984 15
1984 2000 2060 2059 15
2000 1985 2060 2001 15
1986 2001 2061 1985 15
1985 2001 2061 2060 15
2001 1986 2061 2002 15
1987 2002 2062 1986 15
1986 2002 2062 2061 15
2002 1987 2062 2003 15
1988 2003 2063 1987 15
1987 2003 2063 2062 15
2003 1988 2063 2004 15
1989 2004 2064 1988 15
1988 2004 2064 2063 15
2004 1989 2064 2005 15
1990 2005 2065 1989 15
1989 2005 2065 2064 15
2005 1990 2065 2006 15
1991 2006 2066 1990 15
1990 2006 2066 2065 15
2006 1991 2066 2007 15
1992 2007 2067 1991 15
1991 2007 2067 2066 15
2007 1992 2067 2008 15
1993 2008 2068 1992 15
1992 2008 2068 2067 15
2008 1993 2068 2009 15
1994 2009 2069 1993 15
1993 2009 2069 2068 15
2009 1994 2069 2010 15
1995 2010 2070 1994 15
1994 2010 2070 2069 15
2010 1995 2070 2011 15
1996 2011 2071 1995 15
1995 2011 2071 2070 15
2011 1996 2071 2012 15
1997 2012 2072 1996 15
1996 2012 2072 2071 15
2012 1997 2072 977 15
976 977 981 1997 15
1997 977 981 2072 15
187 188 189 1653 15
1668 1653 1683 188 15
188 1653 1683 189 15
1653 1668 1683 1654 15
1669 1654 1684 1668 15
1668 1654 1684 1683 15
1654 1669 1684 1655 15
1670 1655 1685 1669 15
1669 1655 1685 1684 15
1655 1670 1685 1656 15
1671 1656 1686 1670 15
1670 1656 1686 1685 15
1656 1671 1686 1657 15
1672 1657 1687 1671 15
1671 1657 1687 1686 15
1657 1672 1687 1658 15
1673 1658 1688 1672 15
1672 1658 1688 1687 15
1658 1673 1688 1659 15
1674 1659 1689 1673 15
1673 1659 1689 1688 15
1659 1674 1689 1660 15
1675 1660 1690 1674 15
1674 1660 1690 1689 15
1660 1675 1690 1661 15
1676 1661 1691 1675 15
1675 1661 1691 1690 15
1661 1676 1691 1662 15
1677 1662 1692 1676 15
1676 1662 1692 1691 15
1662 1677 1692 1663 15
1678 1663 1693 1677 15
1677 1663 1693 1692 15
1663 1678 1693 1664 15
1679 1664 1694 1678 15
1678 1664 1694 1693 15
1664 1679 1694 1665 15
1680 1665 1695 1679 15
1679 1665 1695 1694 15
1665 1680 1695 1666 15
1681 1666 1696 1680 15
1680 1666 1696 1695 15
1666 1681 1696 1667 15
1682 1667 1697 1681 15
1681 1667 1697 1696 15
1667 1682 1697 954 15
955 954 956 1682 15
1682 954 956 1697 15
202 203 204 1878 15
1893 1878 1908 203 15
203 1878 1908 204 15
1878 1893 1908 1879 15
1894 1879 1909 1893 15
1893 1879 1909 1908 15
1879 1894 1909 1880 15
1895 1880 1910 1894 15
1894 1880 1910 1909 15
1880 1895 1910 1881 15
1896 1881 1911 1895 15
1895 1881 1911 1910 15
1881 1896 1911 1882 15
1897 1882 1912 1896 15
1896 1882 1912 1911 15
1882 1897 1912 1883 15
1898 1883 1913 1897 15
1897 1883 1913 1912 15
1883 1898 1913 1884 15
1899 1884 1914 1898 15
1898 1884 1914 1913 15
1884 1899 1914 1885 15
1900 1885 1915 1899 15
1899 1885 1915 1914 15
1885 1900 1915 1886 15
1901 1886 1916 1900 15
1900 1886 1916 1915 15
1886 1901 1916 1887 15
1902 1887 1917 1901 15
1901 1887 1917 1916 15
1887 1902 1917 1888 15
1903 1888 1918 1902 15
1902 1888 1918 1917 15
1888 1903 1918 1889 15
1904 1889 1919 1903 15
1903 1889 1919 1918 15
1889 1904 1919 1890 15
1905 1890 1920 1904 15
1904 1890 1920 1919 15
1890 1905 1920 1891 15
1906 1891 1921 1905 15
1905 1891 1921 1920 15
1891 1906 1921 1892 15
1907 1892 1922 1906 15
1906 1892 1922 1921 15
1892 1907 1922 969 15
970 969 971 1907 15
1907 969 971 1922 15
180 179 182 1548 15
1533 1548 1578 179 15
179 1548 1578 182 15
1548 1533 1578 1549 15
1534 1549 1579 1533 15
1533 1549 1579 1578 15
1549 1534 1579 1550 15
1535 1550 1580 1534 15
1534 1550 1580 1579 15
1550 1535 1580 1551 15
1536 1551 1581 1535 15
1535 1551 1581 1580 15
1551 1536 1581 1552 15
1537 1552 1582 1536 15
1536 1552 1582 1581 15
1552 1537 1582 1553 15
1538 1553 1583 1537 15
1537 1553 1583 1582 15
1553 1538 1583 1554 15
1539 1554 1584 1538 15
1538 1554 1584 1583 15
1554 1539 1584 1555 15
1540 1555 1585 1539 15
1539 1555 1585 1584 15
1555 1540 1585 1556 15
1541 1556 1586 1540 15
1540 1556 1586 1585 15
1556 1541 1586 1557 15
1542 1557 1587 1541 15
1541 1557 1587 1586 15
1557 1542 1587 1558 15
1543 1558 1588 1542 15
1542 1558 1588 1587 15
1558 1543 1588 1559 15
1544 1559 1589 1543 15
1543 1559 1589 1588 15
1559 1544 1589 1560 15
1545 1560 1590 1544 15
1544 1560 1590 1589 15
1560 1545 1590 1561 15
1546 1561 1591 1545 15
1545 1561 1591 1590 15
1561 1546 1591 1562 15
1547 1562 1592 1546 15
1546 1562 1592 1591 15
1562 1547 1592 947 15
946 947 949 1547 15
1547 947 949 1592 15
211 212 215 2073 15
2028 2013 2073 211 15
212 211 2028 2073 15
2013 2028 2073 2074 15
2029 2014 2074 2013 15
2028 2013 2029 2074 15
2014 2029 2074 2075 15
2030 2015 2075 2014 15
2029 2014 2030 2075 15
2015 2030 2075 2076 15
2031 2016 2076 2015 15
2030 2015 2031 2076 15
2016 2031 2076 2077 15
2032 2017 2077 2016 15
2031 2016 2032 2077 15
2017 2032 2077 2078 15
2033 2018 2078 2017 15
2032 2017 2033 2078 15
2018 2033 2078 2079 15
2034 2019 2079 2018 15
2033 2018 2034 2079 15
2019 2034 2079 2080 15
2035 2020 2080 2019 15
2034 2019 2035 2080 15
2020 2035 2080 2081 15
2036 2021 2081 2020 15
2035 2020 2036 2081 15
2021 2036 2081 2082 15
2037 2022 2082 2021 15
2036 2021 2037 2082 15
2022 2037 2082 2083 15
2038 2023 2083 2022 15
2037 2022 2038 2083 15
2023 2038 2083 2084 15
2039 2024 2084 2023 15
2038 2023 2039 2084 15
2024 2039 2084 2085 15
2040 2025 2085 2024 15
2039 2024 2040 2085 15
2025 2040 2085 2086 15
2041 2026 2086 2025 15
2040 2025 2041 2086 15
2026 2041 2086 2087 15
2042 2027 2087 2026 15
2041 2026 2042 2087 15
2027 2042 2087 982 15
979 978 982 2027 15
2042 2027 979 982 15
194 195 196 1788 15
1773 1758 1788 194 15
195 194 1773 1788 15
1758 1773 1788 1789 15
1774 1759 1789 1758 15
1773 1758 1774 1789 15
1759 1774 1789 1790 15
1775 1760 1790 1759 15
1774 1759 1775 1790 15
1760 1775 1790 1791 15
1776 1761 1791 1760 15
1775 1760 1776 1791 15
1761 1776 1791 1792 15
1777 1762 1792 1761 15
1776 1761 1777 1792 15
1762 1777 1792 1793 15
1778 1763 1793 1762 15
1777 1762 1778 1793 15
1763 1778 1793 1794 15
1779 1764 1794 1763 15
1778 1763 1779 1794 15
1764 1779 1794 1795 15
1780 1765 1795 1764 15
1779 1764 1780 1795 15
1765 1780 1795 1796 15
1781 1766 1796 1765 15
1780 1765 1781 1796 15
1766 1781 1796 1797 15
1782 1767 1797 1766 15
1781 1766 1782 1797 15
1767 1782 1797 1798 15
1783 1768 1798 1767 15
1782 1767 1783 1798 15
1768 1783 1798 1799 15
1784 1769 1799 1768 15
1783 1768 1784 1799 15
1769 1784 1799 1800 15
1785 1770 1800 1769 15
1784 1769 1785 1800 15
1770 1785 1800 1801 15
1786 1771 1801 1770 15
1785 1770 1786 1801 15
1771 1786 1801 1802 15
1787 1772 1802 1771 15
1786 1771 1787 1802 15
1772 1787 1802 963 15
962 961 963 1772 15
1787 1772 962 963 15
193 205 229 1743 15
1923 1743 2283 205 15
205 1743 2283 229 15
1743 1923 2283 1744 15
1924 1744 2284 1923 15
1923 1744 2284 2283 15
1744 1924 2284 1745 15
1925 1745 2285 1924 15
1924 1745 2285 2284 15
1745 1925 2285 1746 15
1926 1746 2286 1925 15
1925 1746 2286 2285 15
1746 1926 2286 1747 15
1927 1747 2287 1926 15
1926 1747 2287 2286 15
1747 1927 2287 1748 15
1928 1748 2288 1927 15
1927 1748 2288 2287 15
1748 1928 2288 1749 15
1929 1749 2289 1928 15
1928 1749 2289 2288 15
1749 1929 2289 1750 15
1930 1750 2290 1929 15
1929 1750 2290 2289 15
1750 1930 2290 1751 15
1931 1751 2291 1930 15
1930 1751 2291 2290 15
1751 1931 2291 1752 15
1932 1752 2292 1931 15
1931 1752 2292 2291 15
1752 1932 2292 1753 15
1933 1753 2293 1932 15
1932 1753 2293 2292 15
1753 1933 2293 1754 15
1934 1754 2294 1933 15
1933 1754 2294 2293 15
1754 1934 2294 1755 15
1935 1755 2295 1934 15
1934 1755 2295 2294 15
1755 1935 2295 1756 15
1936 1756 2296 1935 15
1935 1756 2296 2295 15
1756 1936 2296 1757 15
1937 1757 2297 1936 15
1936 1757 2297 2296 15
1757 1937 2297 960 15
972 960 996 1937 15
1937 960 996 2297 15
200 202 273 2943 15
1878 1848 2943 202 15
202 1848 2943 200 15
1848 1878 2943 2944 15
1879 1849 2944 1878 15
1878 1849 2944 1848 15
1849 1879 2944 2945 15
1880 1850 2945 1879 15
1879 1850 2945 1849 15
1850 1880 2945 2946 15
1881 1851 2946 1880 15
1880 1851 2946 1850 15
1851 1881 2946 2947 15
1882 1852 2947 1881 15
1881 1852 2947 1851 15
1852 1882 2947 2948 15
1883 1853 2948 1882 15
1882 1853 2948 1852 15
1853 1883 2948 2949 15
1884 1854 2949 1883 15
1883 1854 2949 1853 15
1854 1884 2949 2950 15
1885 1855 2950 1884 15
1884 1855 2950 1854 15
1855 1885 2950 2951 15
1886 1856 2951 1885 15
1885 1856 2951 1855 15
1856 1886 2951 2952 15
1887 1857 2952 1886 15
1886 1857 2952 1856 15
1857 1887 2952 2953 15
1888 1858 2953 1887 15
1887 1858 2953 1857 15
1858 1888 2953 2954 15
1889 1859 2954 1888 15
1888 1859 2954 1858 15
1859 1889 2954 2955 15
1890 1860 2955 1889 15
1889 1860 2955 1859 15
1860 1890 2955 2956 15
1891 1861 2956 1890 15
1890 1861 2956 1860 15
1861 1891 2956 2957 15
1892 1862 2957 1891 15
1891 1862 2957 1861 15
1862 1892 2957 1040 15
969 967 1040 1892 15
1892 967 1040 1862 15
178 180 181 1518 15
1548 1518 1563 180 15
180 1518 1563 181 15
1518 1548 1563 1519 15
1549 1519 1564 1548 15
1548 1519 1564 1563 15
1519 1549 1564 1520 15
1550 1520 1565 1549 15
1549 1520 1565 1564 15
1520 1550 1565 1521 15
1551 1521 1566 1550 15
1550 1521 1566 1565 15
1521 1551 1566 1522 15
1552 1522 1567 1551 15
1551 1522 1567 1566 15
1522 1552 1567 1523 15
1553 1523 1568 1552 15
1552 1523 1568 1567 15
1523 1553 1568 1524 15
1554 1524 1569 1553 15
1553 1524 1569 1568 15
1524 1554 1569 1525 15
1555 1525 1570 1554 15
1554 1525 1570 1569 15
1525 1555 1570 1526 15
1556 1526 1571 1555 15
1555 1526 1571 1570 15
1526 1556 1571 1527 15
1557 1527 1572 1556 15
1556 1527 1572 1571 15
1527 1557 1572 1528 15
1558 1528 1573 1557 15
1557 1528 1573 1572 15
1528 1558 1573 1529 15
1559 1529 1574 1558 15
1558 1529 1574 1573 15
1529 1559 1574 1530 15
1560 1530 1575 1559 15
1559 1530 1575 1574 15
1530 1560 1575 1531 15
1561 1531 1576 1560 15
1560 1531 1576 1575 15
1531 1561 1576 1532 15
1562 1532 1577 1561 15
1561 1532 1577 1576 15
1532 1562 1577 945 15
947 945 948 1562 15
1562 945 948 1577 15
203 201 256 2688 15
1863 1893 2688 201 15
201 1893 2688 203 15
1893 1863 2688 2689 15
1864 1894 2689 1863 15
1863 1894 2689 1893 15
1894 1864 2689 2690 15
1865 1895 2690 1864 15
1864 1895 2690 1894 15
1895 1865 2690 2691 15
1866 1896 2691 1865 15
1865 1896 2691 1895 15
1896 1866 2691 2692 15
1867 1897 2692 1866 15
1866 1897 2692 1896 15
1897 1867 2692 2693 15
1868 1898 2693 1867 15
1867 1898 2693 1897 15
1898 1868 2693 2694 15
1869 1899 2694 1868 15
1868 1899 2694 1898 15
1899 1869 2694 2695 15
1870 1900 2695 1869 15
1869 1900 2695 1899 15
1900 1870 2695 2696 15
1871 1901 2696 1870 15
1870 1901 2696 1900 15
1901 1871 2696 2697 15
1872 1902 2697 1871 15
1871 1902 2697 1901 15
1902 1872 2697 2698 15
1873 1903 2698 1872 15
1872 1903 2698 1902 15
1903 1873 2698 2699 15
1874 1904 2699 1873 15
1873 1904 2699 1903 15
1904 1874 2699 2700 15
1875 1905 2700 1874 15
1874 1905 2700 1904 15
1905 1875 2700 2701 15
1876 1906 2701 1875 15
1875 1906 2701 1905 15
1906 1876 2701 2702 15
1877 1907 2702 1876 15
1876 1907 2702 1906 15
1907 1877 2702 1023 15
968 970 1023 1877 15
1877 970 1023 1907 15
216 231 232 2328 15
2313 2088 2328 216 15
231 216 2313 2328 15
2088 2313 2328 2329 15
2314 2089 2329 2088 15
2313 2088 2314 2329 15
2089 2314 2329 2330 15
2315 2090 2330 2089 15
2314 2089 2315 2330 15
2090 2315 2330 2331 15
2316 2091 2331 2090 15
2315 2090 2316 2331 15
2091 2316 2331 2332 15
2317 2092 2332 2091 15
2316 2091 2317 2332 15
2092 2317 2332 2333 15
2318 2093 2333 2092 15
2317 2092 2318 2333 15
2093 2318 2333 2334 15
2319 2094 2334 2093 15
2318 2093 2319 2334 15
2094 2319 2334 2335 15
2320 2095 2335 2094 15
2319 2094 2320 2335 15
2095 2320 2335 2336 15
2321 2096 2336 2095 15
2320 2095 2321 2336 15
2096 2321 2336 2337 15
2322 2097 2337 2096 15
2321 2096 2322 2337 15
2097 2322 2337 2338 15
2323 2098 2338 2097 15
2322 2097 2323 2338 15
2098 2323 2338 2339 15
2324 2099 2339 2098 15
2323 2098 2324 2339 15
2099 2324 2339 2340 15
2325 2100 2340 2099 15
2324 2099 2325 2340 15
2100 2325 2340 2341 15
2326 2101 2341 2100 15
2325 2100 2326 2341 15
2101 2326 2341 2342 15
2327 2102 2342 2101 15
2326 2101 2327 2342 15
2102 2327 2342 999 15
998 983 999 2102 15
2327 2102 998 999 15
213 203 256 2688 15
1893 2043 2688 203 15
203 2043 2688 213 15
2043 1893 2688 2689 15
1894 2044 2689 1893 15
1893 2044 2689 2043 15
2044 1894 2689 2690 15
1895 2045 2690 1894 15
1894 2045 2690 2044 15
2045 1895 2690 2691 15
1896 2046 2691 1895 15
1895 2046 2691 2045 15
2046 1896 2691 2692 15
1897 2047 2692 1896 15
1896 2047 2692 2046 15
2047 1897 2692 2693 15
1898 2048 2693 1897 15
1897 2048 2693 2047 15
2048 1898 2693 2694 15
1899 2049 2694 1898 15
1898 2049 2694 2048 15
2049 1899 2694 2695 15
1900 2050 2695 1899 15
1899 2050 2695 2049 15
2050 1900 2695 2696 15
1901 2051 2696 1900 15
1900 2051 2696 2050 15
2051 1901 2696 2697 15
1902 2052 2697 1901 15
1901 2052 2697 2051 15
2052 1902 2697 2698 15
1903 2053 2698 1902 15
1902 2053 2698 2052 15
2053 1903 2698 2699 15
1904 2054 2699 1903 15
1903 2054 2699 2053 15
2054 1904 2699 2700 15
1905 2055 2700 1904 15
1904 2055 2700 2054 15
2055 1905 2700 2701 15
1906 2056 2701 1905 15
1905 2056 2701 2055 15
2056 1906 2701 2702 15
1907 2057 2702 1906 15
1906 2057 2702 2056 15
2057 1907 2702 1023 15
970 980 1023 1907 15
1907 980 1023 2057 15
207 259 260 1953 15
2733 1953 2748 259 15
259 1953 2748 260 15
1953 2733 2748 1954 15
2734 1954 2749 2733 15
2733 1954 2749 2748 15
1954 2734 2749 1955 15
2735 1955 2750 2734 15
2734 1955 2750 2749 15
1955 2735 2750 1956 15
2736 1956 2751 2735 15
2735 1956 2751 2750 15
1956 2736 2751 1957 15
2737 1957 2752 2736 15
2736 1957 2752 2751 15
1957 2737 2752 1958 15
2738 1958 2753 2737 15
2737 1958 2753 2752 15
1958 2738 2753 1959 15
2739 1959 2754 2738 15
2738 1959 2754 2753 15
1959 2739 2754 1960 15
2740 1960 2755 2739 15
2739 1960 2755 2754 15
1960 2740 2755 1961 15
2741 1961 2756 2740 15
2740 1961 2756 2755 15
1961 2741 2756 1962 15
2742 1962 2757 2741 15
2741 1962 2757 2756 15
1962 2742 2757 1963 15
2743 1963 2758 2742 15
2742 1963 2758 2757 15
1963 2743 2758 1964 15
2744 1964 2759 2743 15
2743 1964 2759 2758 15
1964 2744 2759 1965 15
2745 1965 2760 2744 15
2744 1965 2760 2759 15
1965 2745 2760 1966 15
2746 1966 2761 2745 15
2745 1966 2761 2760 15
1966 2746 2761 1967 15
2747 1967 2762 2746 15
2746 1967 2762 2761 15
1967 2747 2762 974 15
1026 974 1027 2747 15
2747 974 1027 2762 15
224 223 225 2208 15
2193 2208 2223 223 15
223 2208 2223 225 15
2208 2193 2223 2209 15
2194 2209 2224 2193 15
2193 2209 2224 2223 15
2209 2194 2224 2210 15
2195 2210 2225 2194 15
2194 2210 2225 2224 15
2210 2195 2225 2211 15
2196 2211 2226 2195 15
2195 2211 2226 2225 15
2211 2196 2226 2212 15
2197 2212 2227 2196 15
2196 2212 2227 2226 15
2212 2197 2227 2213 15
2198 2213 2228 2197 15
2197 2213 2228 2227 15
2213 2198 2228 2214 15
2199 2214 2229 2198 15
2198 2214 2229 2228 15
2214 2199 2229 2215 15
2200 2215 2230 2199 15
2199 2215 2230 2229 15
2215 2200 2230 2216 15
2201 2216 2231 2200 15
2200 2216 2231 2230 15
2216 2201 2231 2217 15
2202 2217 2232 2201 15
2201 2217 2232 2231 15
2217 2202 2232 2218 15
2203 2218 2233 2202 15
2202 2218 2233 2232 15
2218 2203 2233 2219 15
2204 2219 2234 2203 15
2203 2219 2234 2233 15
2219 2204 2234 2220 15
2205 2220 2235 2204 15
2204 2220 2235 2234 15
2220 2205 2235 2221 15
2206 2221 2236 2205 15
2205 2221 2236 2235 15
2221 2206 2236 2222 15
2207 2222 2237 2206 15
2206 2222 2237 2236 15
2222 2207 2237 991 15
990 991 992 2207 15
2207 991 992 2237 15
228 192 252 2268 15
1728 2268 2628 192 15
192 2268 2628 252 15
2268 1728 2628 2269 15
1729 2269 2629 1728 15
1728 2269 2629 2628 15
2269 1729 2629 2270 15
1730 2270 2630 1729 15
1729 2270 2630 2629 15
2270 1730 2630 2271 15
1731 2271 2631 1730 15
1730 2271 2631 2630 15
2271 1731 2631 2272 15
1732 2272 2632 1731 15
1731 2272 2632 2631 15
2272 1732 2632 2273 15
1733 2273 2633 1732 15
1732 2273 2633 2632 15
2273 1733 2633 2274 15
1734 2274 2634 1733 15
1733 2274 2634 2633 15
2274 1734 2634 2275 15
1735 2275 2635 1734 15
1734 2275 2635 2634 15
2275 1735 2635 2276 15
1736 2276 2636 1735 15
1735 2276 2636 2635 15
2276 1736 2636 2277 15
1737 2277 2637 1736 15
1736 2277 2637 2636 15
2277 1737 2637 2278 15
1738 2278 2638 1737 15
1737 2278 2638 2637 15
2278 1738 2638 2279 15
1739 2279 2639 1738 15
1738 2279 2639 2638 15
2279 1739 2639 2280 15
1740 2280 2640 1739 15
1739 2280 2640 2639 15
2280 1740 2640 2281 15
1741 2281 2641 1740 15
1740 2281 2641 2640 15
2281 1741 2641 2282 15
1742 2282 2642 1741 15
1741 2282 2642 2641 15
2282 1742 2642 995 15
959 995 1019 1742 15
1742 995 1019 2642 15
232 231 234 2328 15
2313 2328 2358 231 15
231 2328 2358 234 15
2328 2313 2358 2329 15
2314 2329 2359 2313 15
2313 2329 2359 2358 15
2329 2314 2359 2330 15
2315 2330 2360 2314 15
2314 2330 2360 2359 15
2330 2315 2360 2331 15
2316 2331 2361 2315 15
2315 2331 2361 2360 15
2331 2316 2361 2332 15
2317 2332 2362 2316 15
2316 2332 2362 2361 15
2332 2317 2362 2333 15
2318 2333 2363 2317 15
2317 2333 2363 2362 15
2333 2318 2363 2334 15
2319 2334 2364 2318 15
2318 2334 2364 2363 15
2334 2319 2364 2335 15
2320 2335 2365 2319 15
2319 2335 2365 2364 15
2335 2320 2365 2336 15
2321 2336 2366 2320 15
2320 2336 2366 2365 15
2336 2321 2366 2337 15
2322 2337 2367 2321 15
2321 2337 2367 2366 15
2337 2322 2367 2338 15
2323 2338 2368 2322 15
2322 2338 2368 2367 15
2338 2323 2368 2339 15
2324 2339 2369 2323 15
2323 2339 2369 2368 15
2339 2324 2369 2340 15
2325 2340 2370 2324 15
2324 2340 2370 2369 15
2340 2325 2370 2341 15
2326 2341 2371 2325 15
2325 2341 2371 2370 15
2341 2326 2371 2342 15
2327 2342 2372 2326 15
2326 2342 2372 2371 15
2342 2327 2372 999 15
998 999 1001 2327 15
2327 999 1001 2372 15
197 195 264 2808 15
1773 1803 2808 195 15
195 1803 2808 197 15
1803 1773 2808 2809 15
1774 1804 2809 1773 15
1773 1804 2809 1803 15
1804 1774 2809 2810 15
1775 1805 2810 1774 15
1774 1805 2810 1804 15
1805 1775 2810 2811 15
1776 1806 2811 1775 15
1775 1806 2811 1805 15
1806 1776 2811 2812 15
1777 1807 2812 1776 15
1776 1807 2812 1806 15
1807 1777 2812 2813 15
1778 1808 2813 1777 15
1777 1808 2813 1807 15
1808 1778 2813 2814 15
1779 1809 2814 1778 15
1778 1809 2814 1808 15
1809 1779 2814 2815 15
1780 1810 2815 1779 15
1779 1810 2815 1809 15
1810 1780 2815 2816 15
1781 1811 2816 1780 15
1780 1811 2816 1810 15
1811 1781 2816 2817 15
1782 1812 2817 1781 15
1781 1812 2817 1811 15
1812 1782 2817 2818 15
1783 1813 2818 1782 15
1782 1813 2818 1812 15
1813 1783 2818 2819 15
1784 1814 2819 1783 15
1783 1814 2819 1813 15
1814 1784 2819 2820 15
1785 1815 2820 1784 15
1784 1815 2820 1814 15
1815 1785 2820 2821 15
1786 1816 2821 1785 15
1785 1816 2821 1815 15
1816 1786 2821 2822 15
1787 1817 2822 1786 15
1786 1817 2822 1816 15
1817 1787 2822 1031 15
962 964 1031 1787 15
1787 964 1031 1817 15
180 182 183 1548 15
1578 1548 1593 182 15
182 1548 1593 183 15
1548 1578 1593 1549 15
1579 1549 1594 1578 15
1578 1549 1594 1593 15
1549 1579 1594 1550 15
1580 1550 1595 1579 15
1579 1550 1595 1594 15
1550 1580 1595 1551 15
1581 1551 1596 1580 15
1580 1551 1596 1595 15
1551 1581 1596 1552 15
1582 1552 1597 1581 15
1581 1552 1597 1596 15
1552 1582 1597 1553 15
1583 1553 1598 1582 15
1582 1553 1598 1597 15
1553 1583 1598 1554 15
1584 1554 1599 1583 15
1583 1554 1599 1598 15
1554 1584 1599 1555 15
1585 1555 1600 1584 15
1584 1555 1600 1599 15
1555 1585 1600 1556 15
1586 1556 1601 1585 15
1585 1556 1601 1600 15
1556 1586 1601 1557 15
1587 1557 1602 1586 15
1586 1557 1602 1601 15
1557 1587 1602 1558 15
1588 1558 1603 1587 15
1587 1558 1603 1602 15
1558 1588 1603 1559 15
1589 1559 1604 1588 15
1588 1559 1604 1603 15
1559 1589 1604 1560 15
1590 1560 1605 1589 15
1589 1560 1605 1604 15
1560 1590 1605 1561 15
1591 1561 1606 1590 15
1590 1561 1606 1605 15
1561 1591 1606 1562 15
1592 1562 1607 1591 15
1591 1562 1607 1606 15
1562 1592 1607 947 15
949 947 950 1592 15
1592 947 950 1607 15
17 18 151 1113 15
451 436 1113 17 15
18 17 451 1113 15
436 451 1113 1114 15
452 437 1114 436 15
451 436 452 1114 15
437 452 1114 1115 15
453 438 1115 437 15
452 437 453 1115 15
438 453 1115 1116 15
454 439 1116 438 15
453 438 454 1116 15
439 454 1116 1117 15
455 440 1117 439 15
454 439 455 1117 15
440 455 1117 1118 15
456 441 1118 440 15
455 440 456 1118 15
441 456 1118 1119 15
457 442 1119 441 15
456 441 457 1119 15
442 457 1119 1120 15
458 443 1120 442 15
457 442 458 1120 15
443 458 1120 1121 15
459 444 1121 443 15
458 443 459 1121 15
444 459 1121 1122 15
460 445 1122 444 15
459 444 460 1122 15
445 460 1122 1123 15
461 446 1123 445 15
460 445 461 1123 15
446 461 1123 1124 15
462 447 1124 446 15
461 446 462 1124 15
447 462 1124 1125 15
463 448 1125 447 15
462 447 463 1125 15
448 463 1125 1126 15
464 449 1126 448 15
463 448 464 1126 15
449 464 1126 1127 15
465 450 1127 449 15
464 449 465 1127 15
450 465 1127 918 15
49 50 918 450 15
465 450 49 918 15
183 187 255 2673 15
1653 1593 2673 187 15
187 1593 2673 183 15
1593 1653 2673 2674 15
1654 1594 2674 1653 15
1653 1594 2674 1593 15
1594 1654 2674 2675 15
1655 1595 2675 1654 15
1654 1595 2675 1594 15
1595 1655 2675 2676 15
1656 1596 2676 1655 15
1655 1596 2676 1595 15
1596 1656 2676 2677 15
1657 1597 2677 1656 15
1656 1597 2677 1596 15
1597 1657 2677 2678 15
1658 1598 2678 1657 15
1657 1598 2678 1597 15
1598 1658 2678 2679 15
1659 1599 2679 1658 15
1658 1599 2679 1598 15
1599 1659 2679 2680 15
1660 1600 2680 1659 15
1659 1600 2680 1599 15
1600 1660 2680 2681 15
1661 1601 2681 1660 15
1660 1601 2681 1600 15
1601 1661 2681 2682 15
1662 1602 2682 1661 15
1661 1602 2682 1601 15
1602 1662 2682 2683 15
1663 1603 2683 1662 15
1662 1603 2683 1602 15
1603 1663 2683 2684 15
1664 1604 2684 1663 15
1663 1604 2684 1603 15
1604 1664 2684 2685 15
1665 1605 2685 1664 15
1664 1605 2685 1604 15
1605 1665 2685 2686 15
1666 1606 2686 1665 15
1665 1606 2686 1605 15
1606 1666 2686 2687 15
1667 1607 2687 1666 15
1666 1607 2687 1606 15
1607 1667 2687 1022 15
954 950 1022 1667 15
1667 950 1022 1607 15
27 28 150 1098 15
601 586 1098 27 15
28 27 601 1098 15
586 601 1098 1099 15
602 587 1099 586 15
601 586 602 1099 15
587 602 1099 1100 15
603 588 1100 587 15
602 587 603 1100 15
588 603 1100 1101 15
604 589 1101 588 15
603 588 604 1101 15
589 604 1101 1102 15
605 590 1102 589 15
604 589 605 1102 15
590 605 1102 1103 15
606 591 1103 590 15
605 590 606 1103 15
591 606 1103 1104 15
607 592 1104 591 15
606 591 607 1104 15
592 607 1104 1105 15
608 593 1105 592 15
607 592 608 1105 15
593 608 1105 1106 15
609 594 1106 593 15
608 593 609 1106 15
594 609 1106 1107 15
610 595 1107 594 15
609 594 610 1107 15
595 610 1107 1108 15
611 596 1108 595 15
610 595 611 1108 15
596 611 1108 1109 15
612 597 1109 596 15
611 596 612 1109 15
597 612 1109 1110 15
613 598 1110 597 15
612 597 613 1110 15
598 613 1110 1111 15
614 599 1111 598 15
613 598 614 1111 15
599 614 1111 1112 15
615 600 1112 599 15
614 599 615 1112 15
600 615 1112 917 15
89 90 917 600 15
615 600 89 917 15
37 38 152 1128 15
751 736 1128 37 15
38 37 751 1128 15
736 751 1128 1129 15
752 737 1129 736 15
751 736 752 1129 15
737 752 1129 1130 15
753 738 1130 737 15
752 737 753 1130 15
738 753 1130 1131 15
754 739 1131 738 15
753 738 754 1131 15
739 754 1131 1132 15
755 740 1132 739 15
754 739 755 1132 15
740 755 1132 1133 15
756 741 1133 740 15
755 740 756 1133 15
741 756 1133 1134 15
757 742 1134 741 15
756 741 757 1134 15
742 757 1134 1135 15
758 743 1135 742 15
757 742 758 1135 15
743 758 1135 1136 15
759 744 1136 743 15
758 743 759 1136 15
744 759 1136 1137 15
760 745 1137 744 15
759 744 760 1137 15
745 760 1137 1138 15
761 746 1138 745 15
760 745 761 1138 15
746 761 1138 1139 15
762 747 1139 746 15
761 746 762 1139 15
747 762 1139 1140 15
763 748 1140 747 15
762 747 763 1140 15
748 763 1140 1141 15
764 749 1141 748 15
763 748 764 1141 15
749 764 1141 1142 15
765 750 1142 749 15
764 749 765 1142 15
750 765 1142 919 15
114 115 919 750 15
765 750 114 919 15
199 269 272 2928 15
2883 1833 2928 269 15
269 1833 2928 199 15
1833 2883 2928 2929 15
2884 1834 2929 2883 15
2883 1834 2929 1833 15
1834 2884 2929 2930 15
2885 1835 2930 2884 15
2884 1835 2930 1834 15
1835 2885 2930 2931 15
2886 1836 2931 2885 15
2885 1836 2931 1835 15
1836 2886 2931 2932 15
2887 1837 2932 2886 15
2886 1837 2932 1836 15
1837 2887 2932 2933 15
2888 1838 2933 2887 15
2887 1838 2933 1837 15
1838 2888 2933 2934 15
2889 1839 2934 2888 15
2888 1839 2934 1838 15
1839 2889 2934 2935 15
2890 1840 2935 2889 15
2889 1840 2935 1839 15
1840 2890 2935 2936 15
2891 1841 2936 2890 15
2890 1841 2936 1840 15
1841 2891 2936 2937 15
2892 1842 2937 2891 15
2891 1842 2937 1841 15
1842 2892 2937 2938 15
2893 1843 2938 2892 15
2892 1843 2938 1842 15
1843 2893 2938 2939 15
2894 1844 2939 2893 15
2893 1844 2939 1843 15
1844 2894 2939 2940 15
2895 1845 2940 2894 15
2894 1845 2940 1844 15
1845 2895 2940 2941 15
2896 1846 2941 2895 15
2895 1846 2941 1845 15
1846 2896 2941 2942 15
2897 1847 2942 2896 15
2896 1847 2942 1846 15
1847 2897 2942 1039 15
1036 966 1039 2897 15
2897 966 1039 1847 15
187 194 255 2673 15
1758 1653 2673 187 15
194 187 1758 2673 15
1653 1758 2673 2674 15
1759 1654 2674 1653 15
1758 1653 1759 2674 15
1654 1759 2674 2675 15
1760 1655 2675 1654 15
1759 1654 1760 2675 15
1655 1760 2675 2676 15
1761 1656 2676 1655 15
1760 1655 1761 2676 15
1656 1761 2676 2677 15
1762 1657 2677 1656 15
1761 1656 1762 2677 15
1657 1762 2677 2678 15
1763 1658 2678 1657 15
1762 1657 1763 2678 15
1658 1763 2678 2679 15
1764 1659 2679 1658 15
1763 1658 1764 2679 15
1659 1764 2679 2680 15
1765 1660 2680 1659 15
1764 1659 1765 2680 15
1660 1765 2680 2681 15
1766 1661 2681 1660 15
1765 1660 1766 2681 15
1661 1766 2681 2682 15
1767 1662 2682 1661 15
1766 1661 1767 2682 15
1662 1767 2682 2683 15
1768 1663 2683 1662 15
1767 1662 1768 2683 15
1663 1768 2683 2684 15
1769 1664 2684 1663 15
1768 1663 1769 2684 15
1664 1769 2684 2685 15
1770 1665 2685 1664 15
1769 1664 1770 2685 15
1665 1770 2685 2686 15
1771 1666 2686 1665 15
1770 1665 1771 2686 15
1666 1771 2686 2687 15
1772 1667 2687 1666 15
1771 1666 1772 2687 15
1667 1772 2687 1022 15
961 954 1022 1667 15
1772 1667 961 1022 15
204 203 209 1908 15
1893 1908 1983 203 15
203 1908 1983 209 15
1908 1893 1983 1909 15
1894 1909 1984 1893 15
1893 1909 1984 1983 15
1909 1894 1984 1910 15
1895 1910 1985 1894 15
1894 1910 1985 1984 15
1910 1895 1985 1911 15
1896 1911 1986 1895 15
1895 1911 1986 1985 15
1911 1896 1986 1912 15
1897 1912 1987 1896 15
1896 1912 1987 1986 15
1912 1897 1987 1913 15
1898 1913 1988 1897 15
1897 1913 1988 1987 15
1913 1898 1988 1914 15
1899 1914 1989 1898 15
1898 1914 1989 1988 15
1914 1899 1989 1915 15
1900 1915 1990 1899 15
1899 1915 1990 1989 15
1915 1900 1990 1916 15
1901 1916 1991 1900 15
1900 1916 1991 1990 15
1916 1901 1991 1917 15
1902 1917 1992 1901 15
1901 1917 1992 1991 15
1917 1902 1992 1918 15
1903 1918 1993 1902 15
1902 1918 1993 1992 15
1918 1903 1993 1919 15
1904 1919 1994 1903 15
1903 1919 1994 1993 15
1919 1904 1994 1920 15
1905 1920 1995 1904 15
1904 1920 1995 1994 15
1920 1905 1995 1921 15
1906 1921 1996 1905 15
1905 1921 1996 1995 15
1921 1906 1996 1922 15
1907 1922 1997 1906 15
1906 1922 1997 1996 15
1922 1907 1997 971 15
970 971 976 1907 15
1907 971 976 1997 15
206 199 272 2928 15
1833 1938 2928 199 15
199 1938 2928 206 15
1938 1833 2928 2929 15
1834 1939 2929 1833 15
1833 1939 2929 1938 15
1939 1834 2929 2930 15
1835 1940 2930 1834 15
1834 1940 2930 1939 15
1940 1835 2930 2931 15
1836 1941 2931 1835 15
1835 1941 2931 1940 15
1941 1836 2931 2932 15
1837 1942 2932 1836 15
1836 1942 2932 1941 15
1942 1837 2932 2933 15
1838 1943 2933 1837 15
1837 1943 2933 1942 15
1943 1838 2933 2934 15
1839 1944 2934 1838 15
1838 1944 2934 1943 15
1944 1839 2934 2935 15
1840 1945 2935 1839 15
1839 1945 2935 1944 15
1945 1840 2935 2936 15
1841 1946 2936 1840 15
1840 1946 2936 1945 15
1946 1841 2936 2937 15
1842 1947 2937 1841 15
1841 1947 2937 1946 15
1947 1842 2937 2938 15
1843 1948 2938 1842 15
1842 1948 2938 1947 15
1948 1843 2938 2939 15
1844 1949 2939 1843 15
1843 1949 2939 1948 15
1949 1844 2939 2940 15
1845 1950 2940 1844 15
1844 1950 2940 1949 15
1950 1845 2940 2941 15
1846 1951 2941 1845 15
1845 1951 2941 1950 15
1951 1846 2941 2942 15
1847 1952 2942 1846 15
1846 1952 2942 1951 15
1952 1847 2942 1039 15
966 973 1039 1847 15
1847 973 1039 1952 15
189 188 257 2703 15
1668 1683 2703 188 15
188 1683 2703 189 15
1683 1668 2703 2704 15
1669 1684 2704 1668 15
1668 1684 2704 1683 15
1684 1669 2704 2705 15
1670 1685 2705 1669 15
1669 1685 2705 1684 15
1685 1670 2705 2706 15
1671 1686 2706 1670 15
1670 1686 2706 1685 15
1686 1671 2706 2707 15
1672 1687 2707 1671 15
1671 1687 2707 1686 15
1687 1672 2707 2708 15
1673 1688 2708 1672 15
1672 1688 2708 1687 15
1688 1673 2708 2709 15
1674 1689 2709 1673 15
1673 1689 2709 1688 15
1689 1674 2709 2710 15
1675 1690 2710 1674 15
1674 1690 2710 1689 15
1690 1675 2710 2711 15
1676 1691 2711 1675 15
1675 1691 2711 1690 15
1691 1676 2711 2712 15
1677 1692 2712 1676 15
1676 1692 2712 1691 15
1692 1677 2712 2713 15
1678 1693 2713 1677 15
1677 1693 2713 1692 15
1693 1678 2713 2714 15
1679 1694 2714 1678 15
1678 1694 2714 1693 15
1694 1679 2714 2715 15
1680 1695 2715 1679 15
1679 1695 2715 1694 15
1695 1680 2715 2716 15
1681 1696 2716 1680 15
1680 1696 2716 1695 15
1696 1681 2716 2717 15
1682 1697 2717 1681 15
1681 1697 2717 1696 15
1697 1682 2717 1024 15
955 956 1024 1682 15
1682 956 1024 1697 15
183 186 187 1593 15
1638 1593 1653 186 15
186 1593 1653 187 15
1593 1638 1653 1594 15
1639 1594 1654 1638 15
1638 1594 1654 1653 15
1594 1639 1654 1595 15
1640 1595 1655 1639 15
1639 1595 1655 1654 15
1595 1640 1655 1596 15
1641 1596 1656 1640 15
1640 1596 1656 1655 15
1596 1641 1656 1597 15
1642 1597 1657 1641 15
1641 1597 1657 1656 15
1597 1642 1657 1598 15
1643 1598 1658 1642 15
1642 1598 1658 1657 15
1598 1643 1658 1599 15
1644 1599 1659 1643 15
1643 1599 1659 1658 15
1599 1644 1659 1600 15
1645 1600 1660 1644 15
1644 1600 1660 1659 15
1600 1645 1660 1601 15
1646 1601 1661 1645 15
1645 1601 1661 1660 15
1601 1646 1661 1602 15
1647 1602 1662 1646 15
1646 1602 1662 1661 15
1602 1647 1662 1603 15
1648 1603 1663 1647 15
1647 1603 1663 1662 15
1603 1648 1663 1604 15
1649 1604 1664 1648 15
1648 1604 1664 1663 15
1604 1649 1664 1605 15
1650 1605 1665 1649 15
1649 1605 1665 1664 15
1605 1650 1665 1606 15
1651 1606 1666 1650 15
1650 1606 1666 1665 15
1606 1651 1666 1607 15
1652 1607 1667 1651 15
1651 1607 1667 1666 15
1607 1652 1667 950 15
953 950 954 1652 15
1652 950 954 1667 15
182 184 269 2883 15
1608 1578 2883 182 15
184 182 1608 2883 15
1578 1608 2883 2884 15
1609 1579 2884 1578 15
1608 1578 1609 2884 15
1579 1609 2884 2885 15
1610 1580 2885 1579 15
1609 1579 1610 2885 15
1580 1610 2885 2886 15
1611 1581 2886 1580 15
1610 1580 1611 2886 15
1581 1611 2886 2887 15
1612 1582 2887 1581 15
1611 1581 1612 2887 15
1582 1612 2887 2888 15
1613 1583 2888 1582 15
1612 1582 1613 2888 15
1583 1613 2888 2889 15
1614 1584 2889 1583 15
1613 1583 1614 2889 15
1584 1614 2889 2890 15
1615 1585 2890 1584 15
1614 1584 1615 2890 15
1585 1615 2890 2891 15
1616 1586 2891 1585 15
1615 1585 1616 2891 15
1586 1616 2891 2892 15
1617 1587 2892 1586 15
1616 1586 1617 2892 15
1587 1617 2892 2893 15
1618 1588 2893 1587 15
1617 1587 1618 2893 15
1588 1618 2893 2894 15
1619 1589 2894 1588 15
1618 1588 1619 2894 15
1589 1619 2894 2895 15
1620 1590 2895 1589 15
1619 1589 1620 2895 15
1590 1620 2895 2896 15
1621 1591 2896 1590 15
1620 1590 1621 2896 15
1591 1621 2896 2897 15
1622 1592 2897 1591 15
1621 1591 1622 2897 15
1592 1622 2897 1036 15
951 949 1036 1592 15
1622 1592 951 1036 15
191 185 269 2883 15
1623 1713 2883 185 15
185 1713 2883 191 15
1713 1623 2883 2884 15
1624 1714 2884 1623 15
1623 1714 2884 1713 15
1714 1624 2884 2885 15
1625 1715 2885 1624 15
1624 1715 2885 1714 15
1715 1625 2885 2886 15
1626 1716 2886 1625 15
1625 1716 2886 1715 15
1716 1626 2886 2887 15
1627 1717 2887 1626 15
1626 1717 2887 1716 15
1717 1627 2887 2888 15
1628 1718 2888 1627 15
1627 1718 2888 1717 15
1718 1628 2888 2889 15
1629 1719 2889 1628 15
1628 1719 2889 1718 15
1719 1629 2889 2890 15
1630 1720 2890 1629 15
1629 1720 2890 1719 15
1720 1630 2890 2891 15
1631 1721 2891 1630 15
1630 1721 2891 1720 15
1721 1631 2891 2892 15
1632 1722 2892 1631 15
1631 1722 2892 1721 15
1722 1632 2892 2893 15
1633 1723 2893 1632 15
1632 1723 2893 1722 15
1723 1633 2893 2894 15
1634 1724 2894 1633 15
1633 1724 2894 1723 15
1724 1634 2894 2895 15
1635 1725 2895 1634 15
1634 1725 2895 1724 15
1725 1635 2895 2896 15
1636 1726 2896 1635 15
1635 1726 2896 1725 15
1726 1636 2896 2897 15
1637 1727 2897 1636 15
1636 1727 2897 1726 15
1727 1637 2897 1036 15
952 958 1036 1637 15
1637 958 1036 1727 15
269 184 272 2928 15
1608 2883 2928 184 15
184 2883 2928 269 15
2883 1608 2928 2929 15
1609 2884 2929 1608 15
1608 2884 2929 2883 15
2884 1609 2929 2930 15
1610 2885 2930 1609 15
1609 2885 2930 2884 15
2885 1610 2930 2931 15
1611 2886 2931 1610 15
1610 2886 2931 2885 15
2886 1611 2931 2932 15
1612 2887 2932 1611 15
1611 2887 2932 2886 15
2887 1612 2932 2933 15
1613 2888 2933 1612 15
1612 2888 2933 2887 15
2888 1613 2933 2934 15
1614 2889 2934 1613 15
1613 2889 2934 2888 15
2889 1614 2934 2935 15
1615 2890 2935 1614 15
1614 2890 2935 2889 15
2890 1615 2935 2936 15
1616 2891 2936 1615 15
1615 2891 2936 2890 15
2891 1616 2936 2937 15
1617 2892 2937 1616 15
1616 2892 2937 2891 15
2892 1617 2937 2938 15
1618 2893 2938 1617 15
1617 2893 2938 2892 15
2893 1618 2938 2939 15
1619 2894 2939 1618 15
1618 2894 2939 2893 15
2894 1619 2939 2940 15
1620 2895 2940 1619 15
1619 2895 2940 2894 15
2895 1620 2940 2941 15
1621 2896 2941 1620 15
1620 2896 2941 2895 15
2896 1621 2941 2942 15
1622 2897 2942 1621 15
1621 2897 2942 2896 15
2897 1622 2942 1039 15
951 1036 1039 1622 15
1622 1036 1039 2897 15
187 186 188 1653 15
1638 1653 1668 186 15
186 1653 1668 188 15
1653 1638 1668 1654 15
1639 1654 1669 1638 15
1638 1654 1669 1668 15
1654 1639 1669 1655 15
1640 1655 1670 1639 15
1639 1655 1670 1669 15
1655 1640 1670 1656 15
1641 1656 1671 1640 15
1640 1656 1671 1670 15
1656 1641 1671 1657 15
1642 1657 1672 1641 15
1641 1657 1672 1671 15
1657 1642 1672 1658 15
1643 1658 1673 1642 15
1642 1658 1673 1672 15
1658 1643 1673 1659 15
1644 1659 1674 1643 15
1643 1659 1674 1673 15
1659 1644 1674 1660 15
1645 1660 1675 1644 15
1644 1660 1675 1674 15
1660 1645 1675 1661 15
1646 1661 1676 1645 15
1645 1661 1676 1675 15
1661 1646 1676 1662 15
1647 1662 1677 1646 15
1646 1662 1677 1676 15
1662 1647 1677 1663 15
1648 1663 1678 1647 15
1647 1663 1678 1677 15
1663 1648 1678 1664 15
1649 1664 1679 1648 15
1648 1664 1679 1678 15
1664 1649 1679 1665 15
1650 1665 1680 1649 15
1649 1665 1680 1679 15
1665 1650 1680 1666 15
1651 1666 1681 1650 15
1650 1666 1681 1680 15
1666 1651 1681 1667 15
1652 1667 1682 1651 15
1651 1667 1682 1681 15
1667 1652 1682 954 15
953 954 955 1652 15
1652 954 955 1682 15
196 197 198 1818 15
1803 1788 1818 196 15
197 196 1803 1818 15
1788 1803 1818 1819 15
1804 1789 1819 1788 15
1803 1788 1804 1819 15
1789 1804 1819 1820 15
1805 1790 1820 1789 15
1804 1789 1805 1820 15
1790 1805 1820 1821 15
1806 1791 1821 1790 15
1805 1790 1806 1821 15
1791 1806 1821 1822 15
1807 1792 1822 1791 15
1806 1791 1807 1822 15
1792 1807 1822 1823 15
1808 1793 1823 1792 15
1807 1792 1808 1823 15
1793 1808 1823 1824 15
1809 1794 1824 1793 15
1808 1793 1809 1824 15
1794 1809 1824 1825 15
1810 1795 1825 1794 15
1809 1794 1810 1825 15
1795 1810 1825 1826 15
1811 1796 1826 1795 15
1810 1795 1811 1826 15
1796 1811 1826 1827 15
1812 1797 1827 1796 15
1811 1796 1812 1827 15
1797 1812 1827 1828 15
1813 1798 1828 1797 15
1812 1797 1813 1828 15
1798 1813 1828 1829 15
1814 1799 1829 1798 15
1813 1798 1814 1829 15
1799 1814 1829 1830 15
1815 1800 1830 1799 15
1814 1799 1815 1830 15
1800 1815 1830 1831 15
1816 1801 1831 1800 15
1815 1800 1816 1831 15
1801 1816 1831 1832 15
1817 1802 1832 1801 15
1816 1801 1817 1832 15
1802 1817 1832 965 15
964 963 965 1802 15
1817 1802 964 965 15
195 189 207 1773 15
1683 1773 1953 189 15
189 1773 1953 207 15
1773 1683 1953 1774 15
1684 1774 1954 1683 15
1683 1774 1954 1953 15
1774 1684 1954 1775 15
1685 1775 1955 1684 15
1684 1775 1955 1954 15
1775 1685 1955 1776 15
1686 1776 1956 1685 15
1685 1776 1956 1955 15
1776 1686 1956 1777 15
1687 1777 1957 1686 15
1686 1777 1957 1956 15
1777 1687 1957 1778 15
1688 1778 1958 1687 15
1687 1778 1958 1957 15
1778 1688 1958 1779 15
1689 1779 1959 1688 15
1688 1779 1959 1958 15
1779 1689 1959 1780 15
1690 1780 1960 1689 15
1689 1780 1960 1959 15
1780 1690 1960 1781 15
1691 1781 1961 1690 15
1690 1781 1961 1960 15
1781 1691 1961 1782 15
1692 1782 1962 1691 15
1691 1782 1962 1961 15
1782 1692 1962 1783 15
1693 1783 1963 1692 15
1692 1783 1963 1962 15
1783 1693 1963 1784 15
1694 1784 1964 1693 15
1693 1784 1964 1963 15
1784 1694 1964 1785 15
1695 1785 1965 1694 15
1694 1785 1965 1964 15
1785 1695 1965 1786 15
1696 1786 1966 1695 15
1695 1786 1966 1965 15
1786 1696 1966 1787 15
1697 1787 1967 1696 15
1696 1787 1967 1966 15
1787 1697 1967 962 15
956 962 974 1697 15
1697 962 974 1967 15
217 212 251 2613 15
2028 2103 2613 212 15
212 2103 2613 217 15
2103 2028 2613 2614 15
2029 2104 2614 2028 15
2028 2104 2614 2103 15
2104 2029 2614 2615 15
2030 2105 2615 2029 15
2029 2105 2615 2104 15
2105 2030 2615 2616 15
2031 2106 2616 2030 15
2030 2106 2616 2105 15
2106 2031 2616 2617 15
2032 2107 2617 2031 15
2031 2107 2617 2106 15
2107 2032 2617 2618 15
2033 2108 2618 2032 15
2032 2108 2618 2107 15
2108 2033 2618 2619 15
2034 2109 2619 2033 15
2033 2109 2619 2108 15
2109 2034 2619 2620 15
2035 2110 2620 2034 15
2034 2110 2620 2109 15
2110 2035 2620 2621 15
2036 2111 2621 2035 15
2035 2111 2621 2110 15
2111 2036 2621 2622 15
2037 2112 2622 2036 15
2036 2112 2622 2111 15
2112 2037 2622 2623 15
2038 2113 2623 2037 15
2037 2113 2623 2112 15
2113 2038 2623 2624 15
2039 2114 2624 2038 15
2038 2114 2624 2113 15
2114 2039 2624 2625 15
2040 2115 2625 2039 15
2039 2115 2625 2114 15
2115 2040 2625 2626 15
2041 2116 2626 2040 15
2040 2116 2626 2115 15
2116 2041 2626 2627 15
2042 2117 2627 2041 15
2041 2117 2627 2116 15
2117 2042 2627 1018 15
979 984 1018 2042 15
2042 984 1018 2117 15
204 211 265 2823 15
2013 1908 2823 204 15
211 204 2013 2823 15
1908 2013 2823 2824 15
2014 1909 2824 1908 15
2013 1908 2014 2824 15
1909 2014 2824 2825 15
2015 1910 2825 1909 15
2014 1909 2015 2825 15
1910 2015 2825 2826 15
2016 1911 2826 1910 15
2015 1910 2016 2826 15
1911 2016 2826 2827 15
2017 1912 2827 1911 15
2016 1911 2017 2827 15
1912 2017 2827 2828 15
2018 1913 2828 1912 15
2017 1912 2018 2828 15
1913 2018 2828 2829 15
2019 1914 2829 1913 15
2018 1913 2019 2829 15
1914 2019 2829 2830 15
2020 1915 2830 1914 15
2019 1914 2020 2830 15
1915 2020 2830 2831 15
2021 1916 2831 1915 15
2020 1915 2021 2831 15
1916 2021 2831 2832 15
2022 1917 2832 1916 15
2021 1916 2022 2832 15
1917 2022 2832 2833 15
2023 1918 2833 1917 15
2022 1917 2023 2833 15
1918 2023 2833 2834 15
2024 1919 2834 1918 15
2023 1918 2024 2834 15
1919 2024 2834 2835 15
2025 1920 2835 1919 15
2024 1919 2025 2835 15
1920 2025 2835 2836 15
2026 1921 2836 1920 15
2025 1920 2026 2836 15
1921 2026 2836 2837 15
2027 1922 2837 1921 15
2026 1921 2027 2837 15
1922 2027 2837 1032 15
978 971 1032 1922 15
2027 1922 978 1032 15
188 250 257 2703 15
2598 1668 2703 250 15
250 1668 2703 188 15
1668 2598 2703 2704 15
2599 1669 2704 2598 15
2598 1669 2704 1668 15
1669 2599 2704 2705 15
2600 1670 2705 2599 15
2599 1670 2705 1669 15
1670 2600 2705 2706 15
2601 1671 2706 2600 15
2600 1671 2706 1670 15
1671 2601 2706 2707 15
2602 1672 2707 2601 15
2601 1672 2707 1671 15
1672 2602 2707 2708 15
2603 1673 2708 2602 15
2602 1673 2708 1672 15
1673 2603 2708 2709 15
2604 1674 2709 2603 15
2603 1674 2709 1673 15
1674 2604 2709 2710 15
2605 1675 2710 2604 15
2604 1675 2710 1674 15
1675 2605 2710 2711 15
2606 1676 2711 2605 15
2605 1676 2711 1675 15
1676 2606 2711 2712 15
2607 1677 2712 2606 15
2606 1677 2712 1676 15
1677 2607 2712 2713 15
2608 1678 2713 2607 15
2607 1678 2713 1677 15
1678 2608 2713 2714 15
2609 1679 2714 2608 15
2608 1679 2714 1678 15
1679 2609 2714 2715 15
2610 1680 2715 2609 15
2609 1680 2715 1679 15
1680 2610 2715 2716 15
2611 1681 2716 2610 15
2610 1681 2716 1680 15
1681 2611 2716 2717 15
2612 1682 2717 2611 15
2611 1682 2717 1681 15
1682 2612 2717 1024 15
1017 955 1024 2612 15
2612 955 1024 1682 15
219 220 227 2253 15
2148 2133 2253 219 15
220 219 2148 2253 15
2133 2148 2253 2254 15
2149 2134 2254 2133 15
2148 2133 2149 2254 15
2134 2149 2254 2255 15
2150 2135 2255 2134 15
2149 2134 2150 2255 15
2135 2150 2255 2256 15
2151 2136 2256 2135 15
2150 2135 2151 2256 15
2136 2151 2256 2257 15
2152 2137 2257 2136 15
2151 2136 2152 2257 15
2137 2152 2257 2258 15
2153 2138 2258 2137 15
2152 2137 2153 2258 15
2138 2153 2258 2259 15
2154 2139 2259 2138 15
2153 2138 2154 2259 15
2139 2154 2259 2260 15
2155 2140 2260 2139 15
2154 2139 2155 2260 15
2140 2155 2260 2261 15
2156 2141 2261 2140 15
2155 2140 2156 2261 15
2141 2156 2261 2262 15
2157 2142 2262 2141 15
2156 2141 2157 2262 15
2142 2157 2262 2263 15
2158 2143 2263 2142 15
2157 2142 2158 2263 15
2143 2158 2263 2264 15
2159 2144 2264 2143 15
2158 2143 2159 2264 15
2144 2159 2264 2265 15
2160 2145 2265 2144 15
2159 2144 2160 2265 15
2145 2160 2265 2266 15
2161 2146 2266 2145 15
2160 2145 2161 2266 15
2146 2161 2266 2267 15
2162 2147 2267 2146 15
2161 2146 2162 2267 15
2147 2162 2267 994 15
987 986 994 2147 15
2162 2147 987 994 15
209 203 213 2043 15
1893 1983 2043 203 15
203 1983 2043 209 15
1983 1893 2043 2044 15
1894 1984 2044 1893 15
1893 1984 2044 1983 15
1984 1894 2044 2045 15
1895 1985 2045 1894 15
1894 1985 2045 1984 15
1985 1895 2045 2046 15
1896 1986 2046 1895 15
1895 1986 2046 1985 15
1986 1896 2046 2047 15
1897 1987 2047 1896 15
1896 1987 2047 1986 15
1987 1897 2047 2048 15
1898 1988 2048 1897 15
1897 1988 2048 1987 15
1988 1898 2048 2049 15
1899 1989 2049 1898 15
1898 1989 2049 1988 15
1989 1899 2049 2050 15
1900 1990 2050 1899 15
1899 1990 2050 1989 15
1990 1900 2050 2051 15
1901 1991 2051 1900 15
1900 1991 2051 1990 15
1991 1901 2051 2052 15
1902 1992 2052 1901 15
1901 1992 2052 1991 15
1992 1902 2052 2053 15
1903 1993 2053 1902 15
1902 1993 2053 1992 15
1993 1903 2053 2054 15
1904 1994 2054 1903 15
1903 1994 2054 1993 15
1994 1904 2054 2055 15
1905 1995 2055 1904 15
1904 1995 2055 1994 15
1995 1905 2055 2056 15
1906 1996 2056 1905 15
1905 1996 2056 1995 15
1996 1906 2056 2057 15
1907 1997 2057 1906 15
1906 1997 2057 1996 15
1997 1907 2057 980 15
970 976 980 1907 15
1907 976 980 1997 15
192 193 252 2628 15
1743 1728 2628 193 15
193 1728 2628 192 15
1728 1743 2628 2629 15
1744 1729 2629 1743 15
1743 1729 2629 1728 15
1729 1744 2629 2630 15
1745 1730 2630 1744 15
1744 1730 2630 1729 15
1730 1745 2630 2631 15
1746 1731 2631 1745 15
1745 1731 2631 1730 15
1731 1746 2631 2632 15
1747 1732 2632 1746 15
1746 1732 2632 1731 15
1732 1747 2632 2633 15
1748 1733 2633 1747 15
1747 1733 2633 1732 15
1733 1748 2633 2634 15
1749 1734 2634 1748 15
1748 1734 2634 1733 15
1734 1749 2634 2635 15
1750 1735 2635 1749 15
1749 1735 2635 1734 15
1735 1750 2635 2636 15
1751 1736 2636 1750 15
1750 1736 2636 1735 15
1736 1751 2636 2637 15
1752 1737 2637 1751 15
1751 1737 2637 1736 15
1737 1752 2637 2638 15
1753 1738 2638 1752 15
1752 1738 2638 1737 15
1738 1753 2638 2639 15
1754 1739 2639 1753 15
1753 1739 2639 1738 15
1739 1754 2639 2640 15
1755 1740 2640 1754 15
1754 1740 2640 1739 15
1740 1755 2640 2641 15
1756 1741 2641 1755 15
1755 1741 2641 1740 15
1741 1756 2641 2642 15
1757 1742 2642 1756 15
1756 1742 2642 1741 15
1742 1757 2642 1019 15
960 959 1019 1757 15
1757 959 1019 1742 15
257 250 258 2718 15
2598 2703 2718 250 15
250 2703 2718 257 15
2703 2598 2718 2719 15
2599 2704 2719 2598 15
2598 2704 2719 2703 15
2704 2599 2719 2720 15
2600 2705 2720 2599 15
2599 2705 2720 2704 15
2705 2600 2720 2721 15
2601 2706 2721 2600 15
2600 2706 2721 2705 15
2706 2601 2721 2722 15
2602 2707 2722 2601 15
2601 2707 2722 2706 15
2707 2602 2722 2723 15
2603 2708 2723 2602 15
2602 2708 2723 2707 15
2708 2603 2723 2724 15
2604 2709 2724 2603 15
2603 2709 2724 2708 15
2709 2604 2724 2725 15
2605 2710 2725 2604 15
2604 2710 2725 2709 15
2710 2605 2725 2726 15
2606 2711 2726 2605 15
2605 2711 2726 2710 15
2711 2606 2726 2727 15
2607 2712 2727 2606 15
2606 2712 2727 2711 15
2712 2607 2727 2728 15
2608 2713 2728 2607 15
2607 2713 2728 2712 15
2713 2608 2728 2729 15
2609 2714 2729 2608 15
2608 2714 2729 2713 15
2714 2609 2729 2730 15
2610 2715 2730 2609 15
2609 2715 2730 2714 15
2715 2610 2730 2731 15
2611 2716 2731 2610 15
2610 2716 2731 2715 15
2716 2611 2731 2732 15
2612 2717 2732 2611 15
2611 2717 2732 2716 15
2717 2612 2732 1025 15
1017 1024 1025 2612 15
2612 1024 1025 2717 15
185 182 269 2883 15
1578 1623 2883 182 15
182 1623 2883 185 15
1623 1578 2883 2884 15
1579 1624 2884 1578 15
1578 1624 2884 1623 15
1624 1579 2884 2885 15
1580 1625 2885 1579 15
1579 1625 2885 1624 15
1625 1580 2885 2886 15
1581 1626 2886 1580 15
1580 1626 2886 1625 15
1626 1581 2886 2887 15
1582 1627 2887 1581 15
1581 1627 2887 1626 15
1627 1582 2887 2888 15
1583 1628 2888 1582 15
1582 1628 2888 1627 15
1628 1583 2888 2889 15
1584 1629 2889 1583 15
1583 1629 2889 1628 15
1629 1584 2889 2890 15
1585 1630 2890 1584 15
1584 1630 2890 1629 15
1630 1585 2890 2891 15
1586 1631 2891 1585 15
1585 1631 2891 1630 15
1631 1586 2891 2892 15
1587 1632 2892 1586 15
1586 1632 2892 1631 15
1632 1587 2892 2893 15
1588 1633 2893 1587 15
1587 1633 2893 1632 15
1633 1588 2893 2894 15
1589 1634 2894 1588 15
1588 1634 2894 1633 15
1634 1589 2894 2895 15
1590 1635 2895 1589 15
1589 1635 2895 1634 15
1635 1590 2895 2896 15
1591 1636 2896 1590 15
1590 1636 2896 1635 15
1636 1591 2896 2897 15
1592 1637 2897 1591 15
1591 1637 2897 1636 15
1637 1592 2897 1036 15
949 952 1036 1592 15
1592 952 1036 1637 15
192 191 193 1728 15
1713 1728 1743 191 15
191 1728 1743 193 15
1728 1713 1743 1729 15
1714 1729 1744 1713 15
1713 1729 1744 1743 15
1729 1714 1744 1730 15
1715 1730 1745 1714 15
1714 1730 1745 1744 15
1730 1715 1745 1731 15
1716 1731 1746 1715 15
1715 1731 1746 1745 15
1731 1716 1746 1732 15
1717 1732 1747 1716 15
1716 1732 1747 1746 15
1732 1717 1747 1733 15
1718 1733 1748 1717 15
1717 1733 1748 1747 15
1733 1718 1748 1734 15
1719 1734 1749 1718 15
1718 1734 1749 1748 15
1734 1719 1749 1735 15
1720 1735 1750 1719 15
1719 1735 1750 1749 15
1735 1720 1750 1736 15
1721 1736 1751 1720 15
1720 1736 1751 1750 15
1736 1721 1751 1737 15
1722 1737 1752 1721 15
1721 1737 1752 1751 15
1737 1722 1752 1738 15
1723 1738 1753 1722 15
1722 1738 1753 1752 15
1738 1723 1753 1739 15
1724 1739 1754 1723 15
1723 1739 1754 1753 15
1739 1724 1754 1740 15
1725 1740 1755 1724 15
1724 1740 1755 1754 15
1740 1725 1755 1741 15
1726 1741 1756 1725 15
1725 1741 1756 1755 15
1741 1726 1756 1742 15
1727 1742 1757 1726 15
1726 1742 1757 1756 15
1742 1727 1757 959 15
958 959 960 1727 15
1727 959 960 1757 15
200 201 202 1848 15
1863 1848 1878 201 15
201 1848 1878 202 15
1848 1863 1878 1849 15
1864 1849 1879 1863 15
1863 1849 1879 1878 15
1849 1864 1879 1850 15
1865 1850 1880 1864 15
1864 1850 1880 1879 15
1850 1865 1880 1851 15
1866 1851 1881 1865 15
1865 1851 1881 1880 15
1851 1866 1881 1852 15
1867 1852 1882 1866 15
1866 1852 1882 1881 15
1852 1867 1882 1853 15
1868 1853 1883 1867 15
1867 1853 1883 1882 15
1853 1868 1883 1854 15
1869 1854 1884 1868 15
1868 1854 1884 1883 15
1854 1869 1884 1855 15
1870 1855 1885 1869 15
1869 1855 1885 1884 15
1855 1870 1885 1856 15
1871 1856 1886 1870 15
1870 1856 1886 1885 15
1856 1871 1886 1857 15
1872 1857 1887 1871 15
1871 1857 1887 1886 15
1857 1872 1887 1858 15
1873 1858 1888 1872 15
1872 1858 1888 1887 15
1858 1873 1888 1859 15
1874 1859 1889 1873 15
1873 1859 1889 1888 15
1859 1874 1889 1860 15
1875 1860 1890 1874 15
1874 1860 1890 1889 15
1860 1875 1890 1861 15
1876 1861 1891 1875 15
1875 1861 1891 1890 15
1861 1876 1891 1862 15
1877 1862 1892 1876 15
1876 1862 1892 1891 15
1862 1877 1892 967 15
968 967 969 1877 15
1877 967 969 1892 15
229 266 267 2853 15
2838 2283 2853 266 15
266 2283 2853 229 15
2283 2838 2853 2854 15
2839 2284 2854 2838 15
2838 2284 2854 2283 15
2284 2839 2854 2855 15
2840 2285 2855 2839 15
2839 2285 2855 2284 15
2285 2840 2855 2856 15
2841 2286 2856 2840 15
2840 2286 2856 2285 15
2286 2841 2856 2857 15
2842 2287 2857 2841 15
2841 2287 2857 2286 15
2287 2842 2857 2858 15
2843 2288 2858 2842 15
2842 2288 2858 2287 15
2288 2843 2858 2859 15
2844 2289 2859 2843 15
2843 2289 2859 2288 15
2289 2844 2859 2860 15
2845 2290 2860 2844 15
2844 2290 2860 2289 15
2290 2845 2860 2861 15
2846 2291 2861 2845 15
2845 2291 2861 2290 15
2291 2846 2861 2862 15
2847 2292 2862 2846 15
2846 2292 2862 2291 15
2292 2847 2862 2863 15
2848 2293 2863 2847 15
2847 2293 2863 2292 15
2293 2848 2863 2864 15
2849 2294 2864 2848 15
2848 2294 2864 2293 15
2294 2849 2864 2865 15
2850 2295 2865 2849 15
2849 2295 2865 2294 15
2295 2850 2865 2866 15
2851 2296 2866 2850 15
2850 2296 2866 2295 15
2296 2851 2866 2867 15
2852 2297 2867 2851 15
2851 2297 2867 2296 15
2297 2852 2867 1034 15
1033 996 1034 2852 15
2852 996 1034 2297 15
229 205 266 2283 15
1923 2283 2838 205 15
205 2283 2838 266 15
2283 1923 2838 2284 15
1924 2284 2839 1923 15
1923 2284 2839 2838 15
2284 1924 2839 2285 15
1925 2285 2840 1924 15
1924 2285 2840 2839 15
2285 1925 2840 2286 15
1926 2286 2841 1925 15
1925 2286 2841 2840 15
2286 1926 2841 2287 15
1927 2287 2842 1926 15
1926 2287 2842 2841 15
2287 1927 2842 2288 15
1928 2288 2843 1927 15
1927 2288 2843 2842 15
2288 1928 2843 2289 15
1929 2289 2844 1928 15
1928 2289 2844 2843 15
2289 1929 2844 2290 15
1930 2290 2845 1929 15
1929 2290 2845 2844 15
2290 1930 2845 2291 15
1931 2291 2846 1930 15
1930 2291 2846 2845 15
2291 1931 2846 2292 15
1932 2292 2847 1931 15
1931 2292 2847 2846 15
2292 1932 2847 2293 15
1933 2293 2848 1932 15
1932 2293 2848 2847 15
2293 1933 2848 2294 15
1934 2294 2849 1933 15
1933 2294 2849 2848 15
2294 1934 2849 2295 15
1935 2295 2850 1934 15
1934 2295 2850 2849 15
2295 1935 2850 2296 15
1936 2296 2851 1935 15
1935 2296 2851 2850 15
2296 1936 2851 2297 15
1937 2297 2852 1936 15
1936 2297 2852 2851 15
2297 1937 2852 996 15
972 996 1033 1937 15
1937 996 1033 2852 15
47 48 149 1083 15
901 886 1083 47 15
48 47 901 1083 15
886 901 1083 1084 15
902 887 1084 886 15
901 886 902 1084 15
887 902 1084 1085 15
903 888 1085 887 15
902 887 903 1085 15
888 903 1085 1086 15
904 889 1086 888 15
903 888 904 1086 15
889 904 1086 1087 15
905 890 1087 889 15
904 889 905 1087 15
890 905 1087 1088 15
906 891 1088 890 15
905 890 906 1088 15
891 906 1088 1089 15
907 892 1089 891 15
906 891 907 1089 15
892 907 1089 1090 15
908 893 1090 892 15
907 892 908 1090 15
893 908 1090 1091 15
909 894 1091 893 15
908 893 909 1091 15
894 909 1091 1092 15
910 895 1092 894 15
909 894 910 1092 15
895 910 1092 1093 15
911 896 1093 895 15
910 895 911 1093 15
896 911 1093 1094 15
912 897 1094 896 15
911 896 912 1094 15
897 912 1094 1095 15
913 898 1095 897 15
912 897 913 1095 15
898 913 1095 1096 15
914 899 1096 898 15
913 898 914 1096 15
899 914 1096 1097 15
915 900 1097 899 15
914 899 915 1097 15
900 915 1097 916 15
139 140 916 900 15
915 900 139 916 15
262 197 264 2808 15
1803 2778 2808 197 15
197 2778 2808 262 15
2778 1803 2808 2809 15
1804 2779 2809 1803 15
1803 2779 2809 2778 15
2779 1804 2809 2810 15
1805 2780 2810 1804 15
1804 2780 2810 2779 15
2780 1805 2810 2811 15
1806 2781 2811 1805 15
1805 2781 2811 2780 15
2781 1806 2811 2812 15
1807 2782 2812 1806 15
1806 2782 2812 2781 15
2782 1807 2812 2813 15
1808 2783 2813 1807 15
1807 2783 2813 2782 15
2783 1808 2813 2814 15
1809 2784 2814 1808 15
1808 2784 2814 2783 15
2784 1809 2814 2815 15
1810 2785 2815 1809 15
1809 2785 2815 2784 15
2785 1810 2815 2816 15
1811 2786 2816 1810 15
1810 2786 2816 2785 15
2786 1811 2816 2817 15
1812 2787 2817 1811 15
1811 2787 2817 2786 15
2787 1812 2817 2818 15
1813 2788 2818 1812 15
1812 2788 2818 2787 15
2788 1813 2818 2819 15
1814 2789 2819 1813 15
1813 2789 2819 2788 15
2789 1814 2819 2820 15
1815 2790 2820 1814 15
1814 2790 2820 2789 15
2790 1815 2820 2821 15
1816 2791 2821 1815 15
1815 2791 2821 2790 15
2791 1816 2821 2822 15
1817 2792 2822 1816 15
1816 2792 2822 2791 15
2792 1817 2822 1031 15
964 1029 1031 1817 15
1817 1029 1031 2792 15
205 199 206 1938 15
1833 1923 1938 199 15
199 1923 1938 205 15
1923 1833 1938 1939 15
1834 1924 1939 1833 15
1833 1924 1939 1923 15
1924 1834 1939 1940 15
1835 1925 1940 1834 15
1834 1925 1940 1924 15
1925 1835 1940 1941 15
1836 1926 1941 1835 15
1835 1926 1941 1925 15
1926 1836 1941 1942 15
1837 1927 1942 1836 15
1836 1927 1942 1926 15
1927 1837 1942 1943 15
1838 1928 1943 1837 15
1837 1928 1943 1927 15
1928 1838 1943 1944 15
1839 1929 1944 1838 15
1838 1929 1944 1928 15
1929 1839 1944 1945 15
1840 1930 1945 1839 15
1839 1930 1945 1929 15
1930 1840 1945 1946 15
1841 1931 1946 1840 15
1840 1931 1946 1930 15
1931 1841 1946 1947 15
1842 1932 1947 1841 15
1841 1932 1947 1931 15
1932 1842 1947 1948 15
1843 1933 1948 1842 15
1842 1933 1948 1932 15
1933 1843 1948 1949 15
1844 1934 1949 1843 15
1843 1934 1949 1933 15
1934 1844 1949 1950 15
1845 1935 1950 1844 15
1844 1935 1950 1934 15
1935 1845 1950 1951 15
1846 1936 1951 1845 15
1845 1936 1951 1935 15
1936 1846 1951 1952 15
1847 1937 1952 1846 15
1846 1937 1952 1936 15
1937 1847 1952 973 15
966 972 973 1847 15
1847 972 973 1937 15
205 206 219 2133 15
1938 1923 2133 205 15
206 205 1938 2133 15
1923 1938 2133 2134 15
1939 1924 2134 1923 15
1938 1923 1939 2134 15
1924 1939 2134 2135 15
1940 1925 2135 1924 15
1939 1924 1940 2135 15
1925 1940 2135 2136 15
1941 1926 2136 1925 15
1940 1925 1941 2136 15
1926 1941 2136 2137 15
1942 1927 2137 1926 15
1941 1926 1942 2137 15
1927 1942 2137 2138 15
1943 1928 2138 1927 15
1942 1927 1943 2138 15
1928 1943 2138 2139 15
1944 1929 2139 1928 15
1943 1928 1944 2139 15
1929 1944 2139 2140 15
1945 1930 2140 1929 15
1944 1929 1945 2140 15
1930 1945 2140 2141 15
1946 1931 2141 1930 15
1945 1930 1946 2141 15
1931 1946 2141 2142 15
1947 1932 2142 1931 15
1946 1931 1947 2142 15
1932 1947 2142 2143 15
1948 1933 2143 1932 15
1947 1932 1948 2143 15
1933 1948 2143 2144 15
1949 1934 2144 1933 15
1948 1933 1949 2144 15
1934 1949 2144 2145 15
1950 1935 2145 1934 15
1949 1934 1950 2145 15
1935 1950 2145 2146 15
1951 1936 2146 1935 15
1950 1935 1951 2146 15
1936 1951 2146 2147 15
1952 1937 2147 1936 15
1951 1936 1952 2147 15
1937 1952 2147 986 15
973 972 986 1937 15
1952 1937 973 986 15
200 198 201 1848 15
1818 1848 1863 198 15
198 1848 1863 201 15
1848 1818 1863 1849 15
1819 1849 1864 1818 15
1818 1849 1864 1863 15
1849 1819 1864 1850 15
1820 1850 1865 1819 15
1819 1850 1865 1864 15
1850 1820 1865 1851 15
1821 1851 1866 1820 15
1820 1851 1866 1865 15
1851 1821 1866 1852 15
1822 1852 1867 1821 15
1821 1852 1867 1866 15
1852 1822 1867 1853 15
1823 1853 1868 1822 15
1822 1853 1868 1867 15
1853 1823 1868 1854 15
1824 1854 1869 1823 15
1823 1854 1869 1868 15
1854 1824 1869 1855 15
1825 1855 1870 1824 15
1824 1855 1870 1869 15
1855 1825 1870 1856 15
1826 1856 1871 1825 15
1825 1856 1871 1870 15
1856 1826 1871 1857 15
1827 1857 1872 1826 15
1826 1857 1872 1871 15
1857 1827 1872 1858 15
1828 1858 1873 1827 15
1827 1858 1873 1872 15
1858 1828 1873 1859 15
1829 1859 1874 1828 15
1828 1859 1874 1873 15
1859 1829 1874 1860 15
1830 1860 1875 1829 15
1829 1860 1875 1874 15
1860 1830 1875 1861 15
1831 1861 1876 1830 15
1830 1861 1876 1875 15
1861 1831 1876 1862 15
1832 1862 1877 1831 15
1831 1862 1877 1876 15
1862 1832 1877 967 15
965 967 968 1832 15
1832 967 968 1877 15
199 191 269 1833 15
1713 1833 2883 191 15
191 1833 2883 269 15
1833 1713 2883 1834 15
1714 1834 2884 1713 15
1713 1834 2884 2883 15
1834 1714 2884 1835 15
1715 1835 2885 1714 15
1714 1835 2885 2884 15
1835 1715 2885 1836 15
1716 1836 2886 1715 15
1715 1836 2886 2885 15
1836 1716 2886 1837 15
1717 1837 2887 1716 15
1716 1837 2887 2886 15
1837 1717 2887 1838 15
1718 1838 2888 1717 15
1717 1838 2888 2887 15
1838 1718 2888 1839 15
1719 1839 2889 1718 15
1718 1839 2889 2888 15
1839 1719 2889 1840 15
1720 1840 2890 1719 15
1719 1840 2890 2889 15
1840 1720 2890 1841 15
1721 1841 2891 1720 15
1720 1841 2891 2890 15
1841 1721 2891 1842 15
1722 1842 2892 1721 15
1721 1842 2892 2891 15
1842 1722 2892 1843 15
1723 1843 2893 1722 15
1722 1843 2893 2892 15
1843 1723 2893 1844 15
1724 1844 2894 1723 15
1723 1844 2894 2893 15
1844 1724 2894 1845 15
1725 1845 2895 1724 15
1724 1845 2895 2894 15
1845 1725 2895 1846 15
1726 1846 2896 1725 15
1725 1846 2896 2895 15
1846 1726 2896 1847 15
1727 1847 2897 1726 15
1726 1847 2897 2896 15
1847 1727 2897 966 15
958 966 1036 1727 15
1727 966 1036 2897 15
202 201 203 1878 15
1863 1878 1893 201 15
201 1878 1893 203 15
1878 1863 1893 1879 15
1864 1879 1894 1863 15
1863 1879 1894 1893 15
1879 1864 1894 1880 15
1865 1880 1895 1864 15
1864 1880 1895 1894 15
1880 1865 1895 1881 15
1866 1881 1896 1865 15
1865 1881 1896 1895 15
1881 1866 1896 1882 15
1867 1882 1897 1866 15
1866 1882 1897 1896 15
1882 1867 1897 1883 15
1868 1883 1898 1867 15
1867 1883 1898 1897 15
1883 1868 1898 1884 15
1869 1884 1899 1868 15
1868 1884 1899 1898 15
1884 1869 1899 1885 15
1870 1885 1900 1869 15
1869 1885 1900 1899 15
1885 1870 1900 1886 15
1871 1886 1901 1870 15
1870 1886 1901 1900 15
1886 1871 1901 1887 15
1872 1887 1902 1871 15
1871 1887 1902 1901 15
1887 1872 1902 1888 15
1873 1888 1903 1872 15
1872 1888 1903 1902 15
1888 1873 1903 1889 15
1874 1889 1904 1873 15
1873 1889 1904 1903 15
1889 1874 1904 1890 15
1875 1890 1905 1874 15
1874 1890 1905 1904 15
1890 1875 1905 1891 15
1876 1891 1906 1875 15
1875 1891 1906 1905 15
1891 1876 1906 1892 15
1877 1892 1907 1876 15
1876 1892 1907 1906 15
1892 1877 1907 969 15
968 969 970 1877 15
1877 969 970 1907 15
188 186 249 1668 15
1638 1668 2583 186 15
186 1668 2583 249 15
1668 1638 2583 1669 15
1639 1669 2584 1638 15
1638 1669 2584 2583 15
1669 1639 2584 1670 15
1640 1670 2585 1639 15
1639 1670 2585 2584 15
1670 1640 2585 1671 15
1641 1671 2586 1640 15
1640 1671 2586 2585 15
1671 1641 2586 1672 15
1642 1672 2587 1641 15
1641 1672 2587 2586 15
1672 1642 2587 1673 15
1643 1673 2588 1642 15
1642 1673 2588 2587 15
1673 1643 2588 1674 15
1644 1674 2589 1643 15
1643 1674 2589 2588 15
1674 1644 2589 1675 15
1645 1675 2590 1644 15
1644 1675 2590 2589 15
1675 1645 2590 1676 15
1646 1676 2591 1645 15
1645 1676 2591 2590 15
1676 1646 2591 1677 15
1647 1677 2592 1646 15
1646 1677 2592 2591 15
1677 1647 2592 1678 15
1648 1678 2593 1647 15
1647 1678 2593 2592 15
1678 1648 2593 1679 15
1649 1679 2594 1648 15
1648 1679 2594 2593 15
1679 1649 2594 1680 15
1650 1680 2595 1649 15
1649 1680 2595 2594 15
1680 1650 2595 1681 15
1651 1681 2596 1650 15
1650 1681 2596 2595 15
1681 1651 2596 1682 15
1652 1682 2597 1651 15
1651 1682 2597 2596 15
1682 1652 2597 955 15
953 955 1016 1652 15
1652 955 1016 2597 15
194 196 268 2868 15
1788 1758 2868 194 15
196 194 1788 2868 15
1758 1788 2868 2869 15
1789 1759 2869 1758 15
1788 1758 1789 2869 15
1759 1789 2869 2870 15
1790 1760 2870 1759 15
1789 1759 1790 2870 15
1760 1790 2870 2871 15
1791 1761 2871 1760 15
1790 1760 1791 2871 15
1761 1791 2871 2872 15
1792 1762 2872 1761 15
1791 1761 1792 2872 15
1762 1792 2872 2873 15
1793 1763 2873 1762 15
1792 1762 1793 2873 15
1763 1793 2873 2874 15
1794 1764 2874 1763 15
1793 1763 1794 2874 15
1764 1794 2874 2875 15
1795 1765 2875 1764 15
1794 1764 1795 2875 15
1765 1795 2875 2876 15
1796 1766 2876 1765 15
1795 1765 1796 2876 15
1766 1796 2876 2877 15
1797 1767 2877 1766 15
1796 1766 1797 2877 15
1767 1797 2877 2878 15
1798 1768 2878 1767 15
1797 1767 1798 2878 15
1768 1798 2878 2879 15
1799 1769 2879 1768 15
1798 1768 1799 2879 15
1769 1799 2879 2880 15
1800 1770 2880 1769 15
1799 1769 1800 2880 15
1770 1800 2880 2881 15
1801 1771 2881 1770 15
1800 1770 1801 2881 15
1771 1801 2881 2882 15
1802 1772 2882 1771 15
1801 1771 1802 2882 15
1772 1802 2882 1035 15
963 961 1035 1772 15
1802 1772 963 1035 15
196 198 200 1848 15
1818 1788 1848 196 15
198 196 1818 1848 15
1788 1818 1848 1849 15
1819 1789 1849 1788 15
1818 1788 1819 1849 15
1789 1819 1849 1850 15
1820 1790 1850 1789 15
1819 1789 1820 1850 15
1790 1820 1850 1851 15
1821 1791 1851 1790 15
1820 1790 1821 1851 15
1791 1821 1851 1852 15
1822 1792 1852 1791 15
1821 1791 1822 1852 15
1792 1822 1852 1853 15
1823 1793 1853 1792 15
1822 1792 1823 1853 15
1793 1823 1853 1854 15
1824 1794 1854 1793 15
1823 1793 1824 1854 15
1794 1824 1854 1855 15
1825 1795 1855 1794 15
1824 1794 1825 1855 15
1795 1825 1855 1856 15
1826 1796 1856 1795 15
1825 1795 1826 1856 15
1796 1826 1856 1857 15
1827 1797 1857 1796 15
1826 1796 1827 1857 15
1797 1827 1857 1858 15
1828 1798 1858 1797 15
1827 1797 1828 1858 15
1798 1828 1858 1859 15
1829 1799 1859 1798 15
1828 1798 1829 1859 15
1799 1829 1859 1860 15
1830 1800 1860 1799 15
1829 1799 1830 1860 15
1800 1830 1860 1861 15
1831 1801 1861 1800 15
1830 1800 1831 1861 15
1801 1831 1861 1862 15
1832 1802 1862 1801 15
1831 1801 1832 1862 15
1802 1832 1862 967 15
965 963 967 1802 15
1832 1802 965 967 15
188 249 250 1668 15
2583 1668 2598 249 15
249 1668 2598 250 15
1668 2583 2598 1669 15
2584 1669 2599 2583 15
2583 1669 2599 2598 15
1669 2584 2599 1670 15
2585 1670 2600 2584 15
2584 1670 2600 2599 15
1670 2585 2600 1671 15
2586 1671 2601 2585 15
2585 1671 2601 2600 15
1671 2586 2601 1672 15
2587 1672 2602 2586 15
2586 1672 2602 2601 15
1672 2587 2602 1673 15
2588 1673 2603 2587 15
2587 1673 2603 2602 15
1673 2588 2603 1674 15
2589 1674 2604 2588 15
2588 1674 2604 2603 15
1674 2589 2604 1675 15
2590 1675 2605 2589 15
2589 1675 2605 2604 15
1675 2590 2605 1676 15
2591 1676 2606 2590 15
2590 1676 2606 2605 15
1676 2591 2606 1677 15
2592 1677 2607 2591 15
2591 1677 2607 2606 15
1677 2592 2607 1678 15
2593 1678 2608 2592 15
2592 1678 2608 2607 15
1678 2593 2608 1679 15
2594 1679 2609 2593 15
2593 1679 2609 2608 15
1679 2594 2609 1680 15
2595 1680 2610 2594 15
2594 1680 2610 2609 15
1680 2595 2610 1681 15
2596 1681 2611 2595 15
2595 1681 2611 2610 15
1681 2596 2611 1682 15
2597 1682 2612 2596 15
2596 1682 2612 2611 15
1682 2597 2612 955 15
1016 955 1017 2597 15
2597 955 1017 2612 15
24 25 158 1218 15
556 541 1218 24 15
25 24 556 1218 15
541 556 1218 1219 15
557 542 1219 541 15
556 541 557 1219 15
542 557 1219 1220 15
558 543 1220 542 15
557 542 558 1220 15
543 558 1220 1221 15
559 544 1221 543 15
558 543 559 1221 15
544 559 1221 1222 15
560 545 1222 544 15
559 544 560 1222 15
545 560 1222 1223 15
561 546 1223 545 15
560 545 561 1223 15
546 561 1223 1224 15
562 547 1224 546 15
561 546 562 1224 15
547 562 1224 1225 15
563 548 1225 547 15
562 547 563 1225 15
548 563 1225 1226 15
564 549 1226 548 15
563 548 564 1226 15
549 564 1226 1227 15
565 550 1227 549 15
564 549 565 1227 15
550 565 1227 1228 15
566 551 1228 550 15
565 550 566 1228 15
551 566 1228 1229 15
567 552 1229 551 15
566 551 567 1229 15
552 567 1229 1230 15
568 553 1230 552 15
567 552 568 1230 15
553 568 1230 1231 15
569 554 1231 553 15
568 553 569 1231 15
554 569 1231 1232 15
570 555 1232 554 15
569 554 570 1232 15
555 570 1232 925 15
92 93 925 555 15
570 555 92 925 15
34 35 159 691 15
706 691 1233 35 15
35 691 1233 159 15
691 706 1233 692 15
707 692 1234 706 15
706 692 1234 1233 15
692 707 1234 693 15
708 693 1235 707 15
707 693 1235 1234 15
693 708 1235 694 15
709 694 1236 708 15
708 694 1236 1235 15
694 709 1236 695 15
710 695 1237 709 15
709 695 1237 1236 15
695 710 1237 696 15
711 696 1238 710 15
710 696 1238 1237 15
696 711 1238 697 15
712 697 1239 711 15
711 697 1239 1238 15
697 712 1239 698 15
713 698 1240 712 15
712 698 1240 1239 15
698 713 1240 699 15
714 699 1241 713 15
713 699 1241 1240 15
699 714 1241 700 15
715 700 1242 714 15
714 700 1242 1241 15
700 715 1242 701 15
716 701 1243 715 15
715 701 1243 1242 15
701 716 1243 702 15
717 702 1244 716 15
716 702 1244 1243 15
702 717 1244 703 15
718 703 1245 717 15
717 703 1245 1244 15
703 718 1245 704 15
719 704 1246 718 15
718 704 1246 1245 15
704 719 1246 705 15
720 705 1247 719 15
719 705 1247 1246 15
705 720 1247 118 15
117 118 926 720 15
720 118 926 1247 15
178 179 180 1518 15
1533 1518 1548 179 15
179 1518 1548 180 15
1518 1533 1548 1519 15
1534 1519 1549 1533 15
1533 1519 1549 1548 15
1519 1534 1549 1520 15
1535 1520 1550 1534 15
1534 1520 1550 1549 15
1520 1535 1550 1521 15
1536 1521 1551 1535 15
1535 1521 1551 1550 15
1521 1536 1551 1522 15
1537 1522 1552 1536 15
1536 1522 1552 1551 15
1522 1537 1552 1523 15
1538 1523 1553 1537 15
1537 1523 1553 1552 15
1523 1538 1553 1524 15
1539 1524 1554 1538 15
1538 1524 1554 1553 15
1524 1539 1554 1525 15
1540 1525 1555 1539 15
1539 1525 1555 1554 15
1525 1540 1555 1526 15
1541 1526 1556 1540 15
1540 1526 1556 1555 15
1526 1541 1556 1527 15
1542 1527 1557 1541 15
1541 1527 1557 1556 15
1527 1542 1557 1528 15
1543 1528 1558 1542 15
1542 1528 1558 1557 15
1528 1543 1558 1529 15
1544 1529 1559 1543 15
1543 1529 1559 1558 15
1529 1544 1559 1530 15
1545 1530 1560 1544 15
1544 1530 1560 1559 15
1530 1545 1560 1531 15
1546 1531 1561 1545 15
1545 1531 1561 1560 15
1531 1546 1561 1532 15
1547 1532 1562 1546 15
1546 1532 1562 1561 15
1532 1547 1562 945 15
946 945 947 1547 15
1547 945 947 1562 15
14 15 157 1203 15
406 391 1203 14 15
15 14 406 1203 15
391 406 1203 1204 15
407 392 1204 391 15
406 391 407 1204 15
392 407 1204 1205 15
408 393 1205 392 15
407 392 408 1205 15
393 408 1205 1206 15
409 394 1206 393 15
408 393 409 1206 15
394 409 1206 1207 15
410 395 1207 394 15
409 394 410 1207 15
395 410 1207 1208 15
411 396 1208 395 15
410 395 411 1208 15
396 411 1208 1209 15
412 397 1209 396 15
411 396 412 1209 15
397 412 1209 1210 15
413 398 1210 397 15
412 397 413 1210 15
398 413 1210 1211 15
414 399 1211 398 15
413 398 414 1211 15
399 414 1211 1212 15
415 400 1212 399 15
414 399 415 1212 15
400 415 1212 1213 15
416 401 1213 400 15
415 400 416 1213 15
401 416 1213 1214 15
417 402 1214 401 15
416 401 417 1214 15
402 417 1214 1215 15
418 403 1215 402 15
417 402 418 1215 15
403 418 1215 1216 15
419 404 1216 403 15
418 403 419 1216 15
404 419 1216 1217 15
420 405 1217 404 15
419 404 420 1217 15
405 420 1217 924 15
52 53 924 405 15
420 405 52 924 15
257 258 259 2733 15
2718 2703 2733 257 15
258 257 2718 2733 15
2703 2718 2733 2734 15
2719 2704 2734 2703 15
2718 2703 2719 2734 15
2704 2719 2734 2735 15
2720 2705 2735 2704 15
2719 2704 2720 2735 15
2705 2720 2735 2736 15
2721 2706 2736 2705 15
2720 2705 2721 2736 15
2706 2721 2736 2737 15
2722 2707 2737 2706 15
2721 2706 2722 2737 15
2707 2722 2737 2738 15
2723 2708 2738 2707 15
2722 2707 2723 2738 15
2708 2723 2738 2739 15
2724 2709 2739 2708 15
2723 2708 2724 2739 15
2709 2724 2739 2740 15
2725 2710 2740 2709 15
2724 2709 2725 2740 15
2710 2725 2740 2741 15
2726 2711 2741 2710 15
2725 2710 2726 2741 15
2711 2726 2741 2742 15
2727 2712 2742 2711 15
2726 2711 2727 2742 15
2712 2727 2742 2743 15
2728 2713 2743 2712 15
2727 2712 2728 2743 15
2713 2728 2743 2744 15
2729 2714 2744 2713 15
2728 2713 2729 2744 15
2714 2729 2744 2745 15
2730 2715 2745 2714 15
2729 2714 2730 2745 15
2715 2730 2745 2746 15
2731 2716 2746 2715 15
2730 2715 2731 2746 15
2716 2731 2746 2747 15
2732 2717 2747 2716 15
2731 2716 2732 2747 15
2717 2732 2747 1026 15
1025 1024 1026 2717 15
2732 2717 1025 1026 15
207 189 257 1953 15
1683 1953 2703 189 15
189 1953 2703 257 15
1953 1683 2703 1954 15
1684 1954 2704 1683 15
1683 1954 2704 2703 15
1954 1684 2704 1955 15
1685 1955 2705 1684 15
1684 1955 2705 2704 15
1955 1685 2705 1956 15
1686 1956 2706 1685 15
1685 1956 2706 2705 15
1956 1686 2706 1957 15
1687 1957 2707 1686 15
1686 1957 2707 2706 15
1957 1687 2707 1958 15
1688 1958 2708 1687 15
1687 1958 2708 2707 15
1958 1688 2708 1959 15
1689 1959 2709 1688 15
1688 1959 2709 2708 15
1959 1689 2709 1960 15
1690 1960 2710 1689 15
1689 1960 2710 2709 15
1960 1690 2710 1961 15
1691 1961 2711 1690 15
1690 1961 2711 2710 15
1961 1691 2711 1962 15
1692 1962 2712 1691 15
1691 1962 2712 2711 15
1962 1692 2712 1963 15
1693 1963 2713 1692 15
1692 1963 2713 2712 15
1963 1693 2713 1964 15
1694 1964 2714 1693 15
1693 1964 2714 2713 15
1964 1694 2714 1965 15
1695 1965 2715 1694 15
1694 1965 2715 2714 15
1965 1695 2715 1966 15
1696 1966 2716 1695 15
1695 1966 2716 2715 15
1966 1696 2716 1967 15
1697 1967 2717 1696 15
1696 1967 2717 2716 15
1967 1697 2717 974 15
956 974 1024 1697 15
1697 974 1024 2717 15
202 265 273 2943 15
2823 1878 2943 202 15
265 202 2823 2943 15
1878 2823 2943 2944 15
2824 1879 2944 1878 15
2823 1878 2824 2944 15
1879 2824 2944 2945 15
2825 1880 2945 1879 15
2824 1879 2825 2945 15
1880 2825 2945 2946 15
2826 1881 2946 1880 15
2825 1880 2826 2946 15
1881 2826 2946 2947 15
2827 1882 2947 1881 15
2826 1881 2827 2947 15
1882 2827 2947 2948 15
2828 1883 2948 1882 15
2827 1882 2828 2948 15
1883 2828 2948 2949 15
2829 1884 2949 1883 15
2828 1883 2829 2949 15
1884 2829 2949 2950 15
2830 1885 2950 1884 15
2829 1884 2830 2950 15
1885 2830 2950 2951 15
2831 1886 2951 1885 15
2830 1885 2831 2951 15
1886 2831 2951 2952 15
2832 1887 2952 1886 15
2831 1886 2832 2952 15
1887 2832 2952 2953 15
2833 1888 2953 1887 15
2832 1887 2833 2953 15
1888 2833 2953 2954 15
2834 1889 2954 1888 15
2833 1888 2834 2954 15
1889 2834 2954 2955 15
2835 1890 2955 1889 15
2834 1889 2835 2955 15
1890 2835 2955 2956 15
2836 1891 2956 1890 15
2835 1890 2836 2956 15
1891 2836 2956 2957 15
2837 1892 2957 1891 15
2836 1891 2837 2957 15
1892 2837 2957 1040 15
1032 969 1040 1892 15
2837 1892 1032 1040 15
196 200 268 2868 15
1848 1788 2868 196 15
200 196 1848 2868 15
1788 1848 2868 2869 15
1849 1789 2869 1788 15
1848 1788 1849 2869 15
1789 1849 2869 2870 15
1850 1790 2870 1789 15
1849 1789 1850 2870 15
1790 1850 2870 2871 15
1851 1791 2871 1790 15
1850 1790 1851 2871 15
1791 1851 2871 2872 15
1852 1792 2872 1791 15
1851 1791 1852 2872 15
1792 1852 2872 2873 15
1853 1793 2873 1792 15
1852 1792 1853 2873 15
1793 1853 2873 2874 15
1854 1794 2874 1793 15
1853 1793 1854 2874 15
1794 1854 2874 2875 15
1855 1795 2875 1794 15
1854 1794 1855 2875 15
1795 1855 2875 2876 15
1856 1796 2876 1795 15
1855 1795 1856 2876 15
1796 1856 2876 2877 15
1857 1797 2877 1796 15
1856 1796 1857 2877 15
1797 1857 2877 2878 15
1858 1798 2878 1797 15
1857 1797 1858 2878 15
1798 1858 2878 2879 15
1859 1799 2879 1798 15
1858 1798 1859 2879 15
1799 1859 2879 2880 15
1860 1800 2880 1799 15
1859 1799 1860 2880 15
1800 1860 2880 2881 15
1861 1801 2881 1800 15
1860 1800 1861 2881 15
1801 1861 2881 2882 15
1862 1802 2882 1801 15
1861 1801 1862 2882 15
1802 1862 2882 1035 15
967 963 1035 1802 15
1862 1802 967 1035 15
184 270 271 2913 15
2898 1608 2913 270 15
270 1608 2913 184 15
1608 2898 2913 2914 15
2899 1609 2914 2898 15
2898 1609 2914 1608 15
1609 2899 2914 2915 15
2900 1610 2915 2899 15
2899 1610 2915 1609 15
1610 2900 2915 2916 15
2901 1611 2916 2900 15
2900 1611 2916 1610 15
1611 2901 2916 2917 15
2902 1612 2917 2901 15
2901 1612 2917 1611 15
1612 2902 2917 2918 15
2903 1613 2918 2902 15
2902 1613 2918 1612 15
1613 2903 2918 2919 15
2904 1614 2919 2903 15
2903 1614 2919 1613 15
1614 2904 2919 2920 15
2905 1615 2920 2904 15
2904 1615 2920 1614 15
1615 2905 2920 2921 15
2906 1616 2921 2905 15
2905 1616 2921 1615 15
1616 2906 2921 2922 15
2907 1617 2922 2906 15
2906 1617 2922 1616 15
1617 2907 2922 2923 15
2908 1618 2923 2907 15
2907 1618 2923 1617 15
1618 2908 2923 2924 15
2909 1619 2924 2908 15
2908 1619 2924 1618 15
1619 2909 2924 2925 15
2910 1620 2925 2909 15
2909 1620 2925 1619 15
1620 2910 2925 2926 15
2911 1621 2926 2910 15
2910 1621 2926 1620 15
1621 2911 2926 2927 15
2912 1622 2927 2911 15
2911 1622 2927 1621 15
1622 2912 2927 1038 15
1037 951 1038 2912 15
2912 951 1038 1622 15
255 194 268 2868 15
1758 2673 2868 194 15
194 2673 2868 255 15
2673 1758 2868 2869 15
1759 2674 2869 1758 15
1758 2674 2869 2673 15
2674 1759 2869 2870 15
1760 2675 2870 1759 15
1759 2675 2870 2674 15
2675 1760 2870 2871 15
1761 2676 2871 1760 15
1760 2676 2871 2675 15
2676 1761 2871 2872 15
1762 2677 2872 1761 15
1761 2677 2872 2676 15
2677 1762 2872 2873 15
1763 2678 2873 1762 15
1762 2678 2873 2677 15
2678 1763 2873 2874 15
1764 2679 2874 1763 15
1763 2679 2874 2678 15
2679 1764 2874 2875 15
1765 2680 2875 1764 15
1764 2680 2875 2679 15
2680 1765 2875 2876 15
1766 2681 2876 1765 15
1765 2681 2876 2680 15
2681 1766 2876 2877 15
1767 2682 2877 1766 15
1766 2682 2877 2681 15
2682 1767 2877 2878 15
1768 2683 2878 1767 15
1767 2683 2878 2682 15
2683 1768 2878 2879 15
1769 2684 2879 1768 15
1768 2684 2879 2683 15
2684 1769 2879 2880 15
1770 2685 2880 1769 15
1769 2685 2880 2684 15
2685 1770 2880 2881 15
1771 2686 2881 1770 15
1770 2686 2881 2685 15
2686 1771 2881 2882 15
1772 2687 2882 1771 15
1771 2687 2882 2686 15
2687 1772 2882 1035 15
961 1022 1035 1772 15
1772 1022 1035 2687 15
270 245 271 2913 15
2523 2898 2913 245 15
245 2898 2913 270 15
2898 2523 2913 2914 15
2524 2899 2914 2523 15
2523 2899 2914 2898 15
2899 2524 2914 2915 15
2525 2900 2915 2524 15
2524 2900 2915 2899 15
2900 2525 2915 2916 15
2526 2901 2916 2525 15
2525 2901 2916 2900 15
2901 2526 2916 2917 15
2527 2902 2917 2526 15
2526 2902 2917 2901 15
2902 2527 2917 2918 15
2528 2903 2918 2527 15
2527 2903 2918 2902 15
2903 2528 2918 2919 15
2529 2904 2919 2528 15
2528 2904 2919 2903 15
2904 2529 2919 2920 15
2530 2905 2920 2529 15
2529 2905 2920 2904 15
2905 2530 2920 2921 15
2531 2906 2921 2530 15
2530 2906 2921 2905 15
2906 2531 2921 2922 15
2532 2907 2922 2531 15
2531 2907 2922 2906 15
2907 2532 2922 2923 15
2533 2908 2923 2532 15
2532 2908 2923 2907 15
2908 2533 2923 2924 15
2534 2909 2924 2533 15
2533 2909 2924 2908 15
2909 2534 2924 2925 15
2535 2910 2925 2534 15
2534 2910 2925 2909 15
2910 2535 2925 2926 15
2536 2911 2926 2535 15
2535 2911 2926 2910 15
2911 2536 2926 2927 15
2537 2912 2927 2536 15
2536 2912 2927 2911 15
2912 2537 2927 1038 15
1012 1037 1038 2537 15
2537 1037 1038 2912 15
44 45 160 1248 15
856 841 1248 44 15
45 44 856 1248 15
841 856 1248 1249 15
857 842 1249 841 15
856 841 857 1249 15
842 857 1249 1250 15
858 843 1250 842 15
857 842 858 1250 15
843 858 1250 1251 15
859 844 1251 843 15
858 843 859 1251 15
844 859 1251 1252 15
860 845 1252 844 15
859 844 860 1252 15
845 860 1252 1253 15
861 846 1253 845 15
860 845 861 1253 15
846 861 1253 1254 15
862 847 1254 846 15
861 846 862 1254 15
847 862 1254 1255 15
863 848 1255 847 15
862 847 863 1255 15
848 863 1255 1256 15
864 849 1256 848 15
863 848 864 1256 15
849 864 1256 1257 15
865 850 1257 849 15
864 849 865 1257 15
850 865 1257 1258 15
866 851 1258 850 15
865 850 866 1258 15
851 866 1258 1259 15
867 852 1259 851 15
866 851 867 1259 15
852 867 1259 1260 15
868 853 1260 852 15
867 852 868 1260 15
853 868 1260 1261 15
869 854 1261 853 15
868 853 869 1261 15
854 869 1261 1262 15
870 855 1262 854 15
869 854 870 1262 15
855 870 1262 927 15
142 143 927 855 15
870 855 142 927 15
225 223 245 2523 15
2193 2223 2523 223 15
223 2223 2523 225 15
2223 2193 2523 2524 15
2194 2224 2524 2193 15
2193 2224 2524 2223 15
2224 2194 2524 2525 15
2195 2225 2525 2194 15
2194 2225 2525 2224 15
2225 2195 2525 2526 15
2196 2226 2526 2195 15
2195 2226 2526 2225 15
2226 2196 2526 2527 15
2197 2227 2527 2196 15
2196 2227 2527 2226 15
2227 2197 2527 2528 15
2198 2228 2528 2197 15
2197 2228 2528 2227 15
2228 2198 2528 2529 15
2199 2229 2529 2198 15
2198 2229 2529 2228 15
2229 2199 2529 2530 15
2200 2230 2530 2199 15
2199 2230 2530 2229 15
2230 2200 2530 2531 15
2201 2231 2531 2200 15
2200 2231 2531 2230 15
2231 2201 2531 2532 15
2202 2232 2532 2201 15
2201 2232 2532 2231 15
2232 2202 2532 2533 15
2203 2233 2533 2202 15
2202 2233 2533 2232 15
2233 2203 2533 2534 15
2204 2234 2534 2203 15
2203 2234 2534 2233 15
2234 2204 2534 2535 15
2205 2235 2535 2204 15
2204 2235 2535 2234 15
2235 2205 2535 2536 15
2206 2236 2536 2205 15
2205 2236 2536 2235 15
2236 2206 2536 2537 15
2207 2237 2537 2206 15
2206 2237 2537 2236 15
2237 2207 2537 1012 15
990 992 1012 2207 15
2207 992 1012 2237 15
184 179 270 1608 15
1533 1608 2898 179 15
179 1608 2898 270 15
1608 1533 2898 1609 15
1534 1609 2899 1533 15
1533 1609 2899 2898 15
1609 1534 2899 1610 15
1535 1610 2900 1534 15
1534 1610 2900 2899 15
1610 1535 2900 1611 15
1536 1611 2901 1535 15
1535 1611 2901 2900 15
1611 1536 2901 1612 15
1537 1612 2902 1536 15
1536 1612 2902 2901 15
1612 1537 2902 1613 15
1538 1613 2903 1537 15
1537 1613 2903 2902 15
1613 1538 2903 1614 15
1539 1614 2904 1538 15
1538 1614 2904 2903 15
1614 1539 2904 1615 15
1540 1615 2905 1539 15
1539 1615 2905 2904 15
1615 1540 2905 1616 15
1541 1616 2906 1540 15
1540 1616 2906 2905 15
1616 1541 2906 1617 15
1542 1617 2907 1541 15
1541 1617 2907 2906 15
1617 1542 2907 1618 15
1543 1618 2908 1542 15
1542 1618 2908 2907 15
1618 1543 2908 1619 15
1544 1619 2909 1543 15
1543 1619 2909 2908 15
1619 1544 2909 1620 15
1545 1620 2910 1544 15
1544 1620 2910 2909 15
1620 1545 2910 1621 15
1546 1621 2911 1545 15
1545 1621 2911 2910 15
1621 1546 2911 1622 15
1547 1622 2912 1546 15
1546 1622 2912 2911 15
1622 1547 2912 951 15
946 951 1037 1547 15
1547 951 1037 2912 15
193 199 205 1743 15
1833 1743 1923 199 15
199 1743 1923 205 15
1743 1833 1923 1744 15
1834 1744 1924 1833 15
1833 1744 1924 1923 15
1744 1834 1924 1745 15
1835 1745 1925 1834 15
1834 1745 1925 1924 15
1745 1835 1925 1746 15
1836 1746 1926 1835 15
1835 1746 1926 1925 15
1746 1836 1926 1747 15
1837 1747 1927 1836 15
1836 1747 1927 1926 15
1747 1837 1927 1748 15
1838 1748 1928 1837 15
1837 1748 1928 1927 15
1748 1838 1928 1749 15
1839 1749 1929 1838 15
1838 1749 1929 1928 15
1749 1839 1929 1750 15
1840 1750 1930 1839 15
1839 1750 1930 1929 15
1750 1840 1930 1751 15
1841 1751 1931 1840 15
1840 1751 1931 1930 15
1751 1841 1931 1752 15
1842 1752 1932 1841 15
1841 1752 1932 1931 15
1752 1842 1932 1753 15
1843 1753 1933 1842 15
1842 1753 1933 1932 15
1753 1843 1933 1754 15
1844 1754 1934 1843 15
1843 1754 1934 1933 15
1754 1844 1934 1755 15
1845 1755 1935 1844 15
1844 1755 1935 1934 15
1755 1845 1935 1756 15
1846 1756 1936 1845 15
1845 1756 1936 1935 15
1756 1846 1936 1757 15
1847 1757 1937 1846 15
1846 1757 1937 1936 15
1757 1847 1937 960 15
966 960 972 1847 15
1847 960 972 1937 15
221 206 272 2928 15
1938 2163 2928 206 15
206 2163 2928 221 15
2163 1938 2928 2929 15
1939 2164 2929 1938 15
1938 2164 2929 2163 15
2164 1939 2929 2930 15
1940 2165 2930 1939 15
1939 2165 2930 2164 15
2165 1940 2930 2931 15
1941 2166 2931 1940 15
1940 2166 2931 2165 15
2166 1941 2931 2932 15
1942 2167 2932 1941 15
1941 2167 2932 2166 15
2167 1942 2932 2933 15
1943 2168 2933 1942 15
1942 2168 2933 2167 15
2168 1943 2933 2934 15
1944 2169 2934 1943 15
1943 2169 2934 2168 15
2169 1944 2934 2935 15
1945 2170 2935 1944 15
1944 2170 2935 2169 15
2170 1945 2935 2936 15
1946 2171 2936 1945 15
1945 2171 2936 2170 15
2171 1946 2936 2937 15
1947 2172 2937 1946 15
1946 2172 2937 2171 15
2172 1947 2937 2938 15
1948 2173 2938 1947 15
1947 2173 2938 2172 15
2173 1948 2938 2939 15
1949 2174 2939 1948 15
1948 2174 2939 2173 15
2174 1949 2939 2940 15
1950 2175 2940 1949 15
1949 2175 2940 2174 15
2175 1950 2940 2941 15
1951 2176 2941 1950 15
1950 2176 2941 2175 15
2176 1951 2941 2942 15
1952 2177 2942 1951 15
1951 2177 2942 2176 15
2177 1952 2942 1039 15
973 988 1039 1952 15
1952 988 1039 2177 15
193 191 199 1743 15
1713 1743 1833 191 15
191 1743 1833 199 15
1743 1713 1833 1744 15
1714 1744 1834 1713 15
1713 1744 1834 1833 15
1744 1714 1834 1745 15
1715 1745 1835 1714 15
1714 1745 1835 1834 15
1745 1715 1835 1746 15
1716 1746 1836 1715 15
1715 1746 1836 1835 15
1746 1716 1836 1747 15
1717 1747 1837 1716 15
1716 1747 1837 1836 15
1747 1717 1837 1748 15
1718 1748 1838 1717 15
1717 1748 1838 1837 15
1748 1718 1838 1749 15
1719 1749 1839 1718 15
1718 1749 1839 1838 15
1749 1719 1839 1750 15
1720 1750 1840 1719 15
1719 1750 1840 1839 15
1750 1720 1840 1751 15
1721 1751 1841 1720 15
1720 1751 1841 1840 15
1751 1721 1841 1752 15
1722 1752 1842 1721 15
1721 1752 1842 1841 15
1752 1722 1842 1753 15
1723 1753 1843 1722 15
1722 1753 1843 1842 15
1753 1723 1843 1754 15
1724 1754 1844 1723 15
1723 1754 1844 1843 15
1754 1724 1844 1755 15
1725 1755 1845 1724 15
1724 1755 1845 1844 15
1755 1725 1845 1756 15
1726 1756 1846 1725 15
1725 1756 1846 1845 15
1756 1726 1846 1757 15
1727 1757 1847 1726 15
1726 1757 1847 1846 15
1757 1727 1847 960 15
958 960 966 1727 15
1727 960 966 1847 15
207 257 259 1953 15
2703 1953 2733 257 15
257 1953 2733 259 15
1953 2703 2733 1954 15
2704 1954 2734 2703 15
2703 1954 2734 2733 15
1954 2704 2734 1955 15
2705 1955 2735 2704 15
2704 1955 2735 2734 15
1955 2705 2735 1956 15
2706 1956 2736 2705 15
2705 1956 2736 2735 15
1956 2706 2736 1957 15
2707 1957 2737 2706 15
2706 1957 2737 2736 15
1957 2707 2737 1958 15
2708 1958 2738 2707 15
2707 1958 2738 2737 15
1958 2708 2738 1959 15
2709 1959 2739 2708 15
2708 1959 2739 2738 15
1959 2709 2739 1960 15
2710 1960 2740 2709 15
2709 1960 2740 2739 15
1960 2710 2740 1961 15
2711 1961 2741 2710 15
2710 1961 2741 2740 15
1961 2711 2741 1962 15
2712 1962 2742 2711 15
2711 1962 2742 2741 15
1962 2712 2742 1963 15
2713 1963 2743 2712 15
2712 1963 2743 2742 15
1963 2713 2743 1964 15
2714 1964 2744 2713 15
2713 1964 2744 2743 15
1964 2714 2744 1965 15
2715 1965 2745 2714 15
2714 1965 2745 2744 15
1965 2715 2745 1966 15
2716 1966 2746 2715 15
2715 1966 2746 2745 15
1966 2716 2746 1967 15
2717 1967 2747 2716 15
2716 1967 2747 2746 15
1967 2717 2747 974 15
1024 974 1026 2717 15
2717 974 1026 2747 15
205 219 266 2838 15
2133 1923 2838 205 15
219 205 2133 2838 15
1923 2133 2838 2839 15
2134 1924 2839 1923 15
2133 1923 2134 2839 15
1924 2134 2839 2840 15
2135 1925 2840 1924 15
2134 1924 2135 2840 15
1925 2135 2840 2841 15
2136 1926 2841 1925 15
2135 1925 2136 2841 15
1926 2136 2841 2842 15
2137 1927 2842 1926 15
2136 1926 2137 2842 15
1927 2137 2842 2843 15
2138 1928 2843 1927 15
2137 1927 2138 2843 15
1928 2138 2843 2844 15
2139 1929 2844 1928 15
2138 1928 2139 2844 15
1929 2139 2844 2845 15
2140 1930 2845 1929 15
2139 1929 2140 2845 15
1930 2140 2845 2846 15
2141 1931 2846 1930 15
2140 1930 2141 2846 15
1931 2141 2846 2847 15
2142 1932 2847 1931 15
2141 1931 2142 2847 15
1932 2142 2847 2848 15
2143 1933 2848 1932 15
2142 1932 2143 2848 15
1933 2143 2848 2849 15
2144 1934 2849 1933 15
2143 1933 2144 2849 15
1934 2144 2849 2850 15
2145 1935 2850 1934 15
2144 1934 2145 2850 15
1935 2145 2850 2851 15
2146 1936 2851 1935 15
2145 1935 2146 2851 15
1936 2146 2851 2852 15
2147 1937 2852 1936 15
2146 1936 2147 2852 15
1937 2147 2852 1033 15
986 972 1033 1937 15
2147 1937 986 1033 15
223 221 271 2913 15
2163 2193 2913 221 15
221 2193 2913 223 15
2193 2163 2913 2914 15
2164 2194 2914 2163 15
2163 2194 2914 2193 15
2194 2164 2914 2915 15
2165 2195 2915 2164 15
2164 2195 2915 2194 15
2195 2165 2915 2916 15
2166 2196 2916 2165 15
2165 2196 2916 2195 15
2196 2166 2916 2917 15
2167 2197 2917 2166 15
2166 2197 2917 2196 15
2197 2167 2917 2918 15
2168 2198 2918 2167 15
2167 2198 2918 2197 15
2198 2168 2918 2919 15
2169 2199 2919 2168 15
2168 2199 2919 2198 15
2199 2169 2919 2920 15
2170 2200 2920 2169 15
2169 2200 2920 2199 15
2200 2170 2920 2921 15
2171 2201 2921 2170 15
2170 2201 2921 2200 15
2201 2171 2921 2922 15
2172 2202 2922 2171 15
2171 2202 2922 2201 15
2202 2172 2922 2923 15
2173 2203 2923 2172 15
2172 2203 2923 2202 15
2203 2173 2923 2924 15
2174 2204 2924 2173 15
2173 2204 2924 2203 15
2204 2174 2924 2925 15
2175 2205 2925 2174 15
2174 2205 2925 2204 15
2205 2175 2925 2926 15
2176 2206 2926 2175 15
2175 2206 2926 2205 15
2206 2176 2926 2927 15
2177 2207 2927 2176 15
2176 2207 2927 2206 15
2207 2177 2927 1038 15
988 990 1038 2177 15
2177 990 1038 2207 15
184 271 272 2928 15
2913 1608 2928 184 15
271 184 2913 2928 15
1608 2913 2928 2929 15
2914 1609 2929 1608 15
2913 1608 2914 2929 15
1609 2914 2929 2930 15
2915 1610 2930 1609 15
2914 1609 2915 2930 15
1610 2915 2930 2931 15
2916 1611 2931 1610 15
2915 1610 2916 2931 15
1611 2916 2931 2932 15
2917 1612 2932 1611 15
2916 1611 2917 2932 15
1612 2917 2932 2933 15
2918 1613 2933 1612 15
2917 1612 2918 2933 15
1613 2918 2933 2934 15
2919 1614 2934 1613 15
2918 1613 2919 2934 15
1614 2919 2934 2935 15
2920 1615 2935 1614 15
2919 1614 2920 2935 15
1615 2920 2935 2936 15
2921 1616 2936 1615 15
2920 1615 2921 2936 15
1616 2921 2936 2937 15
2922 1617 2937 1616 15
2921 1616 2922 2937 15
1617 2922 2937 2938 15
2923 1618 2938 1617 15
2922 1617 2923 2938 15
1618 2923 2938 2939 15
2924 1619 2939 1618 15
2923 1618 2924 2939 15
1619 2924 2939 2940 15
2925 1620 2940 1619 15
2924 1619 2925 2940 15
1620 2925 2940 2941 15
2926 1621 2941 1620 15
2925 1620 2926 2941 15
1621 2926 2941 2942 15
2927 1622 2942 1621 15
2926 1621 2927 2942 15
1622 2927 2942 1039 15
1038 951 1039 1622 15
2927 1622 1038 1039 15
245 223 271 2913 15
2193 2523 2913 223 15
223 2523 2913 245 15
2523 2193 2913 2914 15
2194 2524 2914 2193 15
2193 2524 2914 2523 15
2524 2194 2914 2915 15
2195 2525 2915 2194 15
2194 2525 2915 2524 15
2525 2195 2915 2916 15
2196 2526 2916 2195 15
2195 2526 2916 2525 15
2526 2196 2916 2917 15
2197 2527 2917 2196 15
2196 2527 2917 2526 15
2527 2197 2917 2918 15
2198 2528 2918 2197 15
2197 2528 2918 2527 15
2528 2198 2918 2919 15
2199 2529 2919 2198 15
2198 2529 2919 2528 15
2529 2199 2919 2920 15
2200 2530 2920 2199 15
2199 2530 2920 2529 15
2530 2200 2920 2921 15
2201 2531 2921 2200 15
2200 2531 2921 2530 15
2531 2201 2921 2922 15
2202 2532 2922 2201 15
2201 2532 2922 2531 15
2532 2202 2922 2923 15
2203 2533 2923 2202 15
2202 2533 2923 2532 15
2533 2203 2923 2924 15
2204 2534 2924 2203 15
2203 2534 2924 2533 15
2534 2204 2924 2925 15
2205 2535 2925 2204 15
2204 2535 2925 2534 15
2535 2205 2925 2926 15
2206 2536 2926 2205 15
2205 2536 2926 2535 15
2536 2206 2926 2927 15
2207 2537 2927 2206 15
2206 2537 2927 2536 15
2537 2207 2927 1038 15
990 1012 1038 2207 15
2207 1012 1038 2537 15
271 221 272 2928 15
2163 2913 2928 221 15
221 2913 2928 271 15
2913 2163 2928 2929 15
2164 2914 2929 2163 15
2163 2914 2929 2913 15
2914 2164 2929 2930 15
2165 2915 2930 2164 15
2164 2915 2930 2914 15
2915 2165 2930 2931 15
2166 2916 2931 2165 15
2165 2916 2931 2915 15
2916 2166 2931 2932 15
2167 2917 2932 2166 15
2166 2917 2932 2916 15
2917 2167 2932 2933 15
2168 2918 2933 2167 15
2167 2918 2933 2917 15
2918 2168 2933 2934 15
2169 2919 2934 2168 15
2168 2919 2934 2918 15
2919 2169 2934 2935 15
2170 2920 2935 2169 15
2169 2920 2935 2919 15
2920 2170 2935 2936 15
2171 2921 2936 2170 15
2170 2921 2936 2920 15
2921 2171 2936 2937 15
2172 2922 2937 2171 15
2171 2922 2937 2921 15
2922 2172 2937 2938 15
2173 2923 2938 2172 15
2172 2923 2938 2922 15
2923 2173 2938 2939 15
2174 2924 2939 2173 15
2173 2924 2939 2923 15
2924 2174 2939 2940 15
2175 2925 2940 2174 15
2174 2925 2940 2924 15
2925 2175 2940 2941 15
2176 2926 2941 2175 15
2175 2926 2941 2925 15
2926 2176 2941 2942 15
2177 2927 2942 2176 15
2176 2927 2942 2926 15
2927 2177 2942 1039 15
988 1038 1039 2177 15
2177 1038 1039 2927 15
177 178 247 1503 15
1518 1503 2553 178 15
178 1503 2553 247 15
1503 1518 2553 1504 15
1519 1504 2554 1518 15
1518 1504 2554 2553 15
1504 1519 2554 1505 15
1520 1505 2555 1519 15
1519 1505 2555 2554 15
1505 1520 2555 1506 15
1521 1506 2556 1520 15
1520 1506 2556 2555 15
1506 1521 2556 1507 15
1522 1507 2557 1521 15
1521 1507 2557 2556 15
1507 1522 2557 1508 15
1523 1508 2558 1522 15
1522 1508 2558 2557 15
1508 1523 2558 1509 15
1524 1509 2559 1523 15
1523 1509 2559 2558 15
1509 1524 2559 1510 15
1525 1510 2560 1524 15
1524 1510 2560 2559 15
1510 1525 2560 1511 15
1526 1511 2561 1525 15
1525 1511 2561 2560 15
1511 1526 2561 1512 15
1527 1512 2562 1526 15
1526 1512 2562 2561 15
1512 1527 2562 1513 15
1528 1513 2563 1527 15
1527 1513 2563 2562 15
1513 1528 2563 1514 15
1529 1514 2564 1528 15
1528 1514 2564 2563 15
1514 1529 2564 1515 15
1530 1515 2565 1529 15
1529 1515 2565 2564 15
1515 1530 2565 1516 15
1531 1516 2566 1530 15
1530 1516 2566 2565 15
1516 1531 2566 1517 15
1532 1517 2567 1531 15
1531 1517 2567 2566 15
1517 1532 2567 944 15
945 944 1014 1532 15
1532 944 1014 2567 15
178 176 179 1518 15
1488 1518 1533 176 15
176 1518 1533 179 15
1518 1488 1533 1519 15
1489 1519 1534 1488 15
1488 1519 1534 1533 15
1519 1489 1534 1520 15
1490 1520 1535 1489 15
1489 1520 1535 1534 15
1520 1490 1535 1521 15
1491 1521 1536 1490 15
1490 1521 1536 1535 15
1521 1491 1536 1522 15
1492 1522 1537 1491 15
1491 1522 1537 1536 15
1522 1492 1537 1523 15
1493 1523 1538 1492 15
1492 1523 1538 1537 15
1523 1493 1538 1524 15
1494 1524 1539 1493 15
1493 1524 1539 1538 15
1524 1494 1539 1525 15
1495 1525 1540 1494 15
1494 1525 1540 1539 15
1525 1495 1540 1526 15
1496 1526 1541 1495 15
1495 1526 1541 1540 15
1526 1496 1541 1527 15
1497 1527 1542 1496 15
1496 1527 1542 1541 15
1527 1497 1542 1528 15
1498 1528 1543 1497 15
1497 1528 1543 1542 15
1528 1498 1543 1529 15
1499 1529 1544 1498 15
1498 1529 1544 1543 15
1529 1499 1544 1530 15
1500 1530 1545 1499 15
1499 1530 1545 1544 15
1530 1500 1545 1531 15
1501 1531 1546 1500 15
1500 1531 1546 1545 15
1531 1501 1546 1532 15
1502 1532 1547 1501 15
1501 1532 1547 1546 15
1532 1502 1547 945 15
943 945 946 1502 15
1502 945 946 1547 15
265 211 274 2958 15
2013 2823 2958 211 15
211 2823 2958 265 15
2823 2013 2958 2959 15
2014 2824 2959 2013 15
2013 2824 2959 2823 15
2824 2014 2959 2960 15
2015 2825 2960 2014 15
2014 2825 2960 2824 15
2825 2015 2960 2961 15
2016 2826 2961 2015 15
2015 2826 2961 2825 15
2826 2016 2961 2962 15
2017 2827 2962 2016 15
2016 2827 2962 2826 15
2827 2017 2962 2963 15
2018 2828 2963 2017 15
2017 2828 2963 2827 15
2828 2018 2963 2964 15
2019 2829 2964 2018 15
2018 2829 2964 2828 15
2829 2019 2964 2965 15
2020 2830 2965 2019 15
2019 2830 2965 2829 15
2830 2020 2965 2966 15
2021 2831 2966 2020 15
2020 2831 2966 2830 15
2831 2021 2966 2967 15
2022 2832 2967 2021 15
2021 2832 2967 2831 15
2832 2022 2967 2968 15
2023 2833 2968 2022 15
2022 2833 2968 2832 15
2833 2023 2968 2969 15
2024 2834 2969 2023 15
2023 2834 2969 2833 15
2834 2024 2969 2970 15
2025 2835 2970 2024 15
2024 2835 2970 2834 15
2835 2025 2970 2971 15
2026 2836 2971 2025 15
2025 2836 2971 2835 15
2836 2026 2971 2972 15
2027 2837 2972 2026 15
2026 2837 2972 2836 15
2837 2027 2972 1041 15
978 1032 1041 2027 15
2027 1032 1041 2837 15
247 265 274 2958 15
2823 2553 2958 247 15
265 247 2823 2958 15
2553 2823 2958 2959 15
2824 2554 2959 2553 15
2823 2553 2824 2959 15
2554 2824 2959 2960 15
2825 2555 2960 2554 15
2824 2554 2825 2960 15
2555 2825 2960 2961 15
2826 2556 2961 2555 15
2825 2555 2826 2961 15
2556 2826 2961 2962 15
2827 2557 2962 2556 15
2826 2556 2827 2962 15
2557 2827 2962 2963 15
2828 2558 2963 2557 15
2827 2557 2828 2963 15
2558 2828 2963 2964 15
2829 2559 2964 2558 15
2828 2558 2829 2964 15
2559 2829 2964 2965 15
2830 2560 2965 2559 15
2829 2559 2830 2965 15
2560 2830 2965 2966 15
2831 2561 2966 2560 15
2830 2560 2831 2966 15
2561 2831 2966 2967 15
2832 2562 2967 2561 15
2831 2561 2832 2967 15
2562 2832 2967 2968 15
2833 2563 2968 2562 15
2832 2562 2833 2968 15
2563 2833 2968 2969 15
2834 2564 2969 2563 15
2833 2563 2834 2969 15
2564 2834 2969 2970 15
2835 2565 2970 2564 15
2834 2564 2835 2970 15
2565 2835 2970 2971 15
2836 2566 2971 2565 15
2835 2565 2836 2971 15
2566 2836 2971 2972 15
2837 2567 2972 2566 15
2836 2566 2837 2972 15
2567 2837 2972 1041 15
1032 1014 1041 2567 15
2837 2567 1032 1041 15
211 215 274 2958 15
2073 2013 2958 211 15
215 211 2073 2958 15
2013 2073 2958 2959 15
2074 2014 2959 2013 15
2073 2013 2074 2959 15
2014 2074 2959 2960 15
2075 2015 2960 2014 15
2074 2014 2075 2960 15
2015 2075 2960 2961 15
2076 2016 2961 2015 15
2075 2015 2076 2961 15
2016 2076 2961 2962 15
2077 2017 2962 2016 15
2076 2016 2077 2962 15
2017 2077 2962 2963 15
2078 2018 2963 2017 15
2077 2017 2078 2963 15
2018 2078 2963 2964 15
2079 2019 2964 2018 15
2078 2018 2079 2964 15
2019 2079 2964 2965 15
2080 2020 2965 2019 15
2079 2019 2080 2965 15
2020 2080 2965 2966 15
2081 2021 2966 2020 15
2080 2020 2081 2966 15
2021 2081 2966 2967 15
2082 2022 2967 2021 15
2081 2021 2082 2967 15
2022 2082 2967 2968 15
2083 2023 2968 2022 15
2082 2022 2083 2968 15
2023 2083 2968 2969 15
2084 2024 2969 2023 15
2083 2023 2084 2969 15
2024 2084 2969 2970 15
2085 2025 2970 2024 15
2084 2024 2085 2970 15
2025 2085 2970 2971 15
2086 2026 2971 2025 15
2085 2025 2086 2971 15
2026 2086 2971 2972 15
2087 2027 2972 2026 15
2086 2026 2087 2972 15
2027 2087 2972 1041 15
982 978 1041 2027 15
2087 2027 982 1041 15
177 176 178 1503 15
1488 1503 1518 176 15
176 1503 1518 178 15
1503 1488 1518 1504 15
1489 1504 1519 1488 15
1488 1504 1519 1518 15
1504 1489 1519 1505 15
1490 1505 1520 1489 15
1489 1505 1520 1519 15
1505 1490 1520 1506 15
1491 1506 1521 1490 15
1490 1506 1521 1520 15
1506 1491 1521 1507 15
1492 1507 1522 1491 15
1491 1507 1522 1521 15
1507 1492 1522 1508 15
1493 1508 1523 1492 15
1492 1508 1523 1522 15
1508 1493 1523 1509 15
1494 1509 1524 1493 15
1493 1509 1524 1523 15
1509 1494 1524 1510 15
1495 1510 1525 1494 15
1494 1510 1525 1524 15
1510 1495 1525 1511 15
1496 1511 1526 1495 15
1495 1511 1526 1525 15
1511 1496 1526 1512 15
1497 1512 1527 1496 15
1496 1512 1527 1526 15
1512 1497 1527 1513 15
1498 1513 1528 1497 15
1497 1513 1528 1527 15
1513 1498 1528 1514 15
1499 1514 1529 1498 15
1498 1514 1529 1528 15
1514 1499 1529 1515 15
1500 1515 1530 1499 15
1499 1515 1530 1529 15
1515 1500 1530 1516 15
1501 1516 1531 1500 15
1500 1516 1531 1530 15
1516 1501 1531 1517 15
1502 1517 1532 1501 15
1501 1517 1532 1531 15
1517 1502 1532 944 15
943 944 945 1502 15
1502 944 945 1532 15
174 176 177 1458 15
1488 1458 1503 176 15
176 1458 1503 177 15
1458 1488 1503 1459 15
1489 1459 1504 1488 15
1488 1459 1504 1503 15
1459 1489 1504 1460 15
1490 1460 1505 1489 15
1489 1460 1505 1504 15
1460 1490 1505 1461 15
1491 1461 1506 1490 15
1490 1461 1506 1505 15
1461 1491 1506 1462 15
1492 1462 1507 1491 15
1491 1462 1507 1506 15
1462 1492 1507 1463 15
1493 1463 1508 1492 15
1492 1463 1508 1507 15
1463 1493 1508 1464 15
1494 1464 1509 1493 15
1493 1464 1509 1508 15
1464 1494 1509 1465 15
1495 1465 1510 1494 15
1494 1465 1510 1509 15
1465 1495 1510 1466 15
1496 1466 1511 1495 15
1495 1466 1511 1510 15
1466 1496 1511 1467 15
1497 1467 1512 1496 15
1496 1467 1512 1511 15
1467 1497 1512 1468 15
1498 1468 1513 1497 15
1497 1468 1513 1512 15
1468 1498 1513 1469 15
1499 1469 1514 1498 15
1498 1469 1514 1513 15
1469 1499 1514 1470 15
1500 1470 1515 1499 15
1499 1470 1515 1514 15
1470 1500 1515 1471 15
1501 1471 1516 1500 15
1500 1471 1516 1515 15
1471 1501 1516 1472 15
1502 1472 1517 1501 15
1501 1472 1517 1516 15
1472 1502 1517 941 15
943 941 944 1502 15
1502 941 944 1517 15
174 175 176 1458 15
1473 1458 1488 175 15
175 1458 1488 176 15
1458 1473 1488 1459 15
1474 1459 1489 1473 15
1473 1459 1489 1488 15
1459 1474 1489 1460 15
1475 1460 1490 1474 15
1474 1460 1490 1489 15
1460 1475 1490 1461 15
1476 1461 1491 1475 15
1475 1461 1491 1490 15
1461 1476 1491 1462 15
1477 1462 1492 1476 15
1476 1462 1492 1491 15
1462 1477 1492 1463 15
1478 1463 1493 1477 15
1477 1463 1493 1492 15
1463 1478 1493 1464 15
1479 1464 1494 1478 15
1478 1464 1494 1493 15
1464 1479 1494 1465 15
1480 1465 1495 1479 15
1479 1465 1495 1494 15
1465 1480 1495 1466 15
1481 1466 1496 1480 15
1480 1466 1496 1495 15
1466 1481 1496 1467 15
1482 1467 1497 1481 15
1481 1467 1497 1496 15
1467 1482 1497 1468 15
1483 1468 1498 1482 15
1482 1468 1498 1497 15
1468 1483 1498 1469 15
1484 1469 1499 1483 15
1483 1469 1499 1498 15
1469 1484 1499 1470 15
1485 1470 1500 1484 15
1484 1470 1500 1499 15
1470 1485 1500 1471 15
1486 1471 1501 1485 15
1485 1471 1501 1500 15
1471 1486 1501 1472 15
1487 1472 1502 1486 15
1486 1472 1502 1501 15
1472 1487 1502 941 15
942 941 943 1487 15
1487 941 943 1502 15
246 215 275 2973 15
2073 2538 2973 246 15
215 246 2073 2973 15
2538 2073 2973 2974 15
2074 2539 2974 2538 15
2073 2538 2074 2974 15
2539 2074 2974 2975 15
2075 2540 2975 2539 15
2074 2539 2075 2975 15
2540 2075 2975 2976 15
2076 2541 2976 2540 15
2075 2540 2076 2976 15
2541 2076 2976 2977 15
2077 2542 2977 2541 15
2076 2541 2077 2977 15
2542 2077 2977 2978 15
2078 2543 2978 2542 15
2077 2542 2078 2978 15
2543 2078 2978 2979 15
2079 2544 2979 2543 15
2078 2543 2079 2979 15
2544 2079 2979 2980 15
2080 2545 2980 2544 15
2079 2544 2080 2980 15
2545 2080 2980 2981 15
2081 2546 2981 2545 15
2080 2545 2081 2981 15
2546 2081 2981 2982 15
2082 2547 2982 2546 15
2081 2546 2082 2982 15
2547 2082 2982 2983 15
2083 2548 2983 2547 15
2082 2547 2083 2983 15
2548 2083 2983 2984 15
2084 2549 2984 2548 15
2083 2548 2084 2984 15
2549 2084 2984 2985 15
2085 2550 2985 2549 15
2084 2549 2085 2985 15
2550 2085 2985 2986 15
2086 2551 2986 2550 15
2085 2550 2086 2986 15
2551 2086 2986 2987 15
2087 2552 2987 2551 15
2086 2551 2087 2987 15
2552 2087 2987 1042 15
982 1013 1042 2552 15
2087 2552 982 1042 15
215 216 275 2973 15
2088 2073 2973 215 15
216 215 2088 2973 15
2073 2088 2973 2974 15
2089 2074 2974 2073 15
2088 2073 2089 2974 15
2074 2089 2974 2975 15
2090 2075 2975 2074 15
2089 2074 2090 2975 15
2075 2090 2975 2976 15
2091 2076 2976 2075 15
2090 2075 2091 2976 15
2076 2091 2976 2977 15
2092 2077 2977 2076 15
2091 2076 2092 2977 15
2077 2092 2977 2978 15
2093 2078 2978 2077 15
2092 2077 2093 2978 15
2078 2093 2978 2979 15
2094 2079 2979 2078 15
2093 2078 2094 2979 15
2079 2094 2979 2980 15
2095 2080 2980 2079 15
2094 2079 2095 2980 15
2080 2095 2980 2981 15
2096 2081 2981 2080 15
2095 2080 2096 2981 15
2081 2096 2981 2982 15
2097 2082 2982 2081 15
2096 2081 2097 2982 15
2082 2097 2982 2983 15
2098 2083 2983 2082 15
2097 2082 2098 2983 15
2083 2098 2983 2984 15
2099 2084 2984 2083 15
2098 2083 2099 2984 15
2084 2099 2984 2985 15
2100 2085 2985 2084 15
2099 2084 2100 2985 15
2085 2100 2985 2986 15
2101 2086 2986 2085 15
2100 2085 2101 2986 15
2086 2101 2986 2987 15
2102 2087 2987 2086 15
2101 2086 2102 2987 15
2087 2102 2987 1042 15
983 982 1042 2087 15
2102 2087 983 1042 15
173 174 246 1443 15
1458 1443 2538 174 15
174 1443 2538 246 15
1443 1458 2538 1444 15
1459 1444 2539 1458 15
1458 1444 2539 2538 15
1444 1459 2539 1445 15
1460 1445 2540 1459 15
1459 1445 2540 2539 15
1445 1460 2540 1446 15
1461 1446 2541 1460 15
1460 1446 2541 2540 15
1446 1461 2541 1447 15
1462 1447 2542 1461 15
1461 1447 2542 2541 15
1447 1462 2542 1448 15
1463 1448 2543 1462 15
1462 1448 2543 2542 15
1448 1463 2543 1449 15
1464 1449 2544 1463 15
1463 1449 2544 2543 15
1449 1464 2544 1450 15
1465 1450 2545 1464 15
1464 1450 2545 2544 15
1450 1465 2545 1451 15
1466 1451 2546 1465 15
1465 1451 2546 2545 15
1451 1466 2546 1452 15
1467 1452 2547 1466 15
1466 1452 2547 2546 15
1452 1467 2547 1453 15
1468 1453 2548 1467 15
1467 1453 2548 2547 15
1453 1468 2548 1454 15
1469 1454 2549 1468 15
1468 1454 2549 2548 15
1454 1469 2549 1455 15
1470 1455 2550 1469 15
1469 1455 2550 2549 15
1455 1470 2550 1456 15
1471 1456 2551 1470 15
1470 1456 2551 2550 15
1456 1471 2551 1457 15
1472 1457 2552 1471 15
1471 1457 2552 2551 15
1457 1472 2552 940 15
941 940 1013 1472 15
1472 940 1013 2552 15
174 172 175 1458 15
1428 1458 1473 172 15
172 1458 1473 175 15
1458 1428 1473 1459 15
1429 1459 1474 1428 15
1428 1459 1474 1473 15
1459 1429 1474 1460 15
1430 1460 1475 1429 15
1429 1460 1475 1474 15
1460 1430 1475 1461 15
1431 1461 1476 1430 15
1430 1461 1476 1475 15
1461 1431 1476 1462 15
1432 1462 1477 1431 15
1431 1462 1477 1476 15
1462 1432 1477 1463 15
1433 1463 1478 1432 15
1432 1463 1478 1477 15
1463 1433 1478 1464 15
1434 1464 1479 1433 15
1433 1464 1479 1478 15
1464 1434 1479 1465 15
1435 1465 1480 1434 15
1434 1465 1480 1479 15
1465 1435 1480 1466 15
1436 1466 1481 1435 15
1435 1466 1481 1480 15
1466 1436 1481 1467 15
1437 1467 1482 1436 15
1436 1467 1482 1481 15
1467 1437 1482 1468 15
1438 1468 1483 1437 15
1437 1468 1483 1482 15
1468 1438 1483 1469 15
1439 1469 1484 1438 15
1438 1469 1484 1483 15
1469 1439 1484 1470 15
1440 1470 1485 1439 15
1439 1470 1485 1484 15
1470 1440 1485 1471 15
1441 1471 1486 1440 15
1440 1471 1486 1485 15
1471 1441 1486 1472 15
1442 1472 1487 1441 15
1441 1472 1487 1486 15
1472 1442 1487 941 15
939 941 942 1442 15
1442 941 942 1487 15
216 232 275 2973 15
2328 2088 2973 216 15
232 216 2328 2973 15
2088 2328 2973 2974 15
2329 2089 2974 2088 15
2328 2088 2329 2974 15
2089 2329 2974 2975 15
2330 2090 2975 2089 15
2329 2089 2330 2975 15
2090 2330 2975 2976 15
2331 2091 2976 2090 15
2330 2090 2331 2976 15
2091 2331 2976 2977 15
2332 2092 2977 2091 15
2331 2091 2332 2977 15
2092 2332 2977 2978 15
2333 2093 2978 2092 15
2332 2092 2333 2978 15
2093 2333 2978 2979 15
2334 2094 2979 2093 15
2333 2093 2334 2979 15
2094 2334 2979 2980 15
2335 2095 2980 2094 15
2334 2094 2335 2980 15
2095 2335 2980 2981 15
2336 2096 2981 2095 15
2335 2095 2336 2981 15
2096 2336 2981 2982 15
2337 2097 2982 2096 15
2336 2096 2337 2982 15
2097 2337 2982 2983 15
2338 2098 2983 2097 15
2337 2097 2338 2983 15
2098 2338 2983 2984 15
2339 2099 2984 2098 15
2338 2098 2339 2984 15
2099 2339 2984 2985 15
2340 2100 2985 2099 15
2339 2099 2340 2985 15
2100 2340 2985 2986 15
2341 2101 2986 2100 15
2340 2100 2341 2986 15
2101 2341 2986 2987 15
2342 2102 2987 2101 15
2341 2101 2342 2987 15
2102 2342 2987 1042 15
999 983 1042 2102 15
2342 2102 999 1042 15
173 172 174 1443 15
1428 1443 1458 172 15
172 1443 1458 174 15
1443 1428 1458 1444 15
1429 1444 1459 1428 15
1428 1444 1459 1458 15
1444 1429 1459 1445 15
1430 1445 1460 1429 15
1429 1445 1460 1459 15
1445 1430 1460 1446 15
1431 1446 1461 1430 15
1430 1446 1461 1460 15
1446 1431 1461 1447 15
1432 1447 1462 1431 15
1431 1447 1462 1461 15
1447 1432 1462 1448 15
1433 1448 1463 1432 15
1432 1448 1463 1462 15
1448 1433 1463 1449 15
1434 1449 1464 1433 15
1433 1449 1464 1463 15
1449 1434 1464 1450 15
1435 1450 1465 1434 15
1434 1450 1465 1464 15
1450 1435 1465 1451 15
1436 1451 1466 1435 15
1435 1451 1466 1465 15
1451 1436 1466 1452 15
1437 1452 1467 1436 15
1436 1452 1467 1466 15
1452 1437 1467 1453 15
1438 1453 1468 1437 15
1437 1453 1468 1467 15
1453 1438 1468 1454 15
1439 1454 1469 1438 15
1438 1454 1469 1468 15
1454 1439 1469 1455 15
1440 1455 1470 1439 15
1439 1455 1470 1469 15
1455 1440 1470 1456 15
1441 1456 1471 1440 15
1440 1456 1471 1470 15
1456 1441 1471 1457 15
1442 1457 1472 1441 15
1441 1457 1472 1471 15
1457 1442 1472 940 15
939 940 941 1442 15
1442 940 941 1472 15
172 171 244 2508 15
1413 1428 2508 171 15
171 1428 2508 172 15
1428 1413 2508 2509 15
1414 1429 2509 1413 15
1413 1429 2509 1428 15
1429 1414 2509 2510 15
1415 1430 2510 1414 15
1414 1430 2510 1429 15
1430 1415 2510 2511 15
1416 1431 2511 1415 15
1415 1431 2511 1430 15
1431 1416 2511 2512 15
1417 1432 2512 1416 15
1416 1432 2512 1431 15
1432 1417 2512 2513 15
1418 1433 2513 1417 15
1417 1433 2513 1432 15
1433 1418 2513 2514 15
1419 1434 2514 1418 15
1418 1434 2514 1433 15
1434 1419 2514 2515 15
1420 1435 2515 1419 15
1419 1435 2515 1434 15
1435 1420 2515 2516 15
1421 1436 2516 1420 15
1420 1436 2516 1435 15
1436 1421 2516 2517 15
1422 1437 2517 1421 15
1421 1437 2517 1436 15
1437 1422 2517 2518 15
1423 1438 2518 1422 15
1422 1438 2518 1437 15
1438 1423 2518 2519 15
1424 1439 2519 1423 15
1423 1439 2519 1438 15
1439 1424 2519 2520 15
1425 1440 2520 1424 15
1424 1440 2520 1439 15
1440 1425 2520 2521 15
1426 1441 2521 1425 15
1425 1441 2521 1440 15
1441 1426 2521 2522 15
1427 1442 2522 1426 15
1426 1442 2522 1441 15
1442 1427 2522 1011 15
938 939 1011 1427 15
1427 939 1011 1442 15
170 172 173 1398 15
1428 1398 1443 172 15
172 1398 1443 173 15
1398 1428 1443 1399 15
1429 1399 1444 1428 15
1428 1399 1444 1443 15
1399 1429 1444 1400 15
1430 1400 1445 1429 15
1429 1400 1445 1444 15
1400 1430 1445 1401 15
1431 1401 1446 1430 15
1430 1401 1446 1445 15
1401 1431 1446 1402 15
1432 1402 1447 1431 15
1431 1402 1447 1446 15
1402 1432 1447 1403 15
1433 1403 1448 1432 15
1432 1403 1448 1447 15
1403 1433 1448 1404 15
1434 1404 1449 1433 15
1433 1404 1449 1448 15
1404 1434 1449 1405 15
1435 1405 1450 1434 15
1434 1405 1450 1449 15
1405 1435 1450 1406 15
1436 1406 1451 1435 15
1435 1406 1451 1450 15
1406 1436 1451 1407 15
1437 1407 1452 1436 15
1436 1407 1452 1451 15
1407 1437 1452 1408 15
1438 1408 1453 1437 15
1437 1408 1453 1452 15
1408 1438 1453 1409 15
1439 1409 1454 1438 15
1438 1409 1454 1453 15
1409 1439 1454 1410 15
1440 1410 1455 1439 15
1439 1410 1455 1454 15
1410 1440 1455 1411 15
1441 1411 1456 1440 15
1440 1411 1456 1455 15
1411 1441 1456 1412 15
1442 1412 1457 1441 15
1441 1412 1457 1456 15
1412 1442 1457 937 15
939 937 940 1442 15
1442 937 940 1457 15
170 171 172 1398 15
1413 1398 1428 171 15
171 1398 1428 172 15
1398 1413 1428 1399 15
1414 1399 1429 1413 15
1413 1399 1429 1428 15
1399 1414 1429 1400 15
1415 1400 1430 1414 15
1414 1400 1430 1429 15
1400 1415 1430 1401 15
1416 1401 1431 1415 15
1415 1401 1431 1430 15
1401 1416 1431 1402 15
1417 1402 1432 1416 15
1416 1402 1432 1431 15
1402 1417 1432 1403 15
1418 1403 1433 1417 15
1417 1403 1433 1432 15
1403 1418 1433 1404 15
1419 1404 1434 1418 15
1418 1404 1434 1433 15
1404 1419 1434 1405 15
1420 1405 1435 1419 15
1419 1405 1435 1434 15
1405 1420 1435 1406 15
1421 1406 1436 1420 15
1420 1406 1436 1435 15
1406 1421 1436 1407 15
1422 1407 1437 1421 15
1421 1407 1437 1436 15
1407 1422 1437 1408 15
1423 1408 1438 1422 15
1422 1408 1438 1437 15
1408 1423 1438 1409 15
1424 1409 1439 1423 15
1423 1409 1439 1438 15
1409 1424 1439 1410 15
1425 1410 1440 1424 15
1424 1410 1440 1439 15
1410 1425 1440 1411 15
1426 1411 1441 1425 15
1425 1411 1441 1440 15
1411 1426 1441 1412 15
1427 1412 1442 1426 15
1426 1412 1442 1441 15
1412 1427 1442 937 15
938 937 939 1427 15
1427 937 939 1442 15
235 169 241 2463 15
1383 2373 2463 169 15
169 2373 2463 235 15
2373 1383 2463 2464 15
1384 2374 2464 1383 15
1383 2374 2464 2373 15
2374 1384 2464 2465 15
1385 2375 2465 1384 15
1384 2375 2465 2374 15
2375 1385 2465 2466 15
1386 2376 2466 1385 15
1385 2376 2466 2375 15
2376 1386 2466 2467 15
1387 2377 2467 1386 15
1386 2377 2467 2376 15
2377 1387 2467 2468 15
1388 2378 2468 1387 15
1387 2378 2468 2377 15
2378 1388 2468 2469 15
1389 2379 2469 1388 15
1388 2379 2469 2378 15
2379 1389 2469 2470 15
1390 2380 2470 1389 15
1389 2380 2470 2379 15
2380 1390 2470 2471 15
1391 2381 2471 1390 15
1390 2381 2471 2380 15
2381 1391 2471 2472 15
1392 2382 2472 1391 15
1391 2382 2472 2381 15
2382 1392 2472 2473 15
1393 2383 2473 1392 15
1392 2383 2473 2382 15
2383 1393 2473 2474 15
1394 2384 2474 1393 15
1393 2384 2474 2383 15
2384 1394 2474 2475 15
1395 2385 2475 1394 15
1394 2385 2475 2384 15
2385 1395 2475 2476 15
1396 2386 2476 1395 15
1395 2386 2476 2385 15
2386 1396 2476 2477 15
1397 2387 2477 1396 15
1396 2387 2477 2386 15
2387 1397 2477 1008 15
936 1002 1008 1397 15
1397 1002 1008 2387 15
169 170 243 2493 15
1398 1383 2493 170 15
170 1383 2493 169 15
1383 1398 2493 2494 15
1399 1384 2494 1398 15
1398 1384 2494 1383 15
1384 1399 2494 2495 15
1400 1385 2495 1399 15
1399 1385 2495 1384 15
1385 1400 2495 2496 15
1401 1386 2496 1400 15
1400 1386 2496 1385 15
1386 1401 2496 2497 15
1402 1387 2497 1401 15
1401 1387 2497 1386 15
1387 1402 2497 2498 15
1403 1388 2498 1402 15
1402 1388 2498 1387 15
1388 1403 2498 2499 15
1404 1389 2499 1403 15
1403 1389 2499 1388 15
1389 1404 2499 2500 15
1405 1390 2500 1404 15
1404 1390 2500 1389 15
1390 1405 2500 2501 15
1406 1391 2501 1405 15
1405 1391 2501 1390 15
1391 1406 2501 2502 15
1407 1392 2502 1406 15
1406 1392 2502 1391 15
1392 1407 2502 2503 15
1408 1393 2503 1407 15
1407 1393 2503 1392 15
1393 1408 2503 2504 15
1409 1394 2504 1408 15
1408 1394 2504 1393 15
1394 1409 2504 2505 15
1410 1395 2505 1409 15
1409 1395 2505 1394 15
1395 1410 2505 2506 15
1411 1396 2506 1410 15
1410 1396 2506 1395 15
1396 1411 2506 2507 15
1412 1397 2507 1411 15
1411 1397 2507 1396 15
1397 1412 2507 1010 15
937 936 1010 1412 15
1412 936 1010 1397 15
170 168 171 1398 15
1368 1398 1413 168 15
168 1398 1413 171 15
1398 1368 1413 1399 15
1369 1399 1414 1368 15
1368 1399 1414 1413 15
1399 1369 1414 1400 15
1370 1400 1415 1369 15
1369 1400 1415 1414 15
1400 1370 1415 1401 15
1371 1401 1416 1370 15
1370 1401 1416 1415 15
1401 1371 1416 1402 15
1372 1402 1417 1371 15
1371 1402 1417 1416 15
1402 1372 1417 1403 15
1373 1403 1418 1372 15
1372 1403 1418 1417 15
1403 1373 1418 1404 15
1374 1404 1419 1373 15
1373 1404 1419 1418 15
1404 1374 1419 1405 15
1375 1405 1420 1374 15
1374 1405 1420 1419 15
1405 1375 1420 1406 15
1376 1406 1421 1375 15
1375 1406 1421 1420 15
1406 1376 1421 1407 15
1377 1407 1422 1376 15
1376 1407 1422 1421 15
1407 1377 1422 1408 15
1378 1408 1423 1377 15
1377 1408 1423 1422 15
1408 1378 1423 1409 15
1379 1409 1424 1378 15
1378 1409 1424 1423 15
1409 1379 1424 1410 15
1380 1410 1425 1379 15
1379 1410 1425 1424 15
1410 1380 1425 1411 15
1381 1411 1426 1380 15
1380 1411 1426 1425 15
1411 1381 1426 1412 15
1382 1412 1427 1381 15
1381 1412 1427 1426 15
1412 1382 1427 937 15
935 937 938 1382 15
1382 937 938 1427 15
167 169 235 2373 15
1383 1353 2373 169 15
169 1353 2373 167 15
1353 1383 2373 2374 15
1384 1354 2374 1383 15
1383 1354 2374 1353 15
1354 1384 2374 2375 15
1385 1355 2375 1384 15
1384 1355 2375 1354 15
1355 1385 2375 2376 15
1386 1356 2376 1385 15
1385 1356 2376 1355 15
1356 1386 2376 2377 15
1387 1357 2377 1386 15
1386 1357 2377 1356 15
1357 1387 2377 2378 15
1388 1358 2378 1387 15
1387 1358 2378 1357 15
1358 1388 2378 2379 15
1389 1359 2379 1388 15
1388 1359 2379 1358 15
1359 1389 2379 2380 15
1390 1360 2380 1389 15
1389 1360 2380 1359 15
1360 1390 2380 2381 15
1391 1361 2381 1390 15
1390 1361 2381 1360 15
1361 1391 2381 2382 15
1392 1362 2382 1391 15
1391 1362 2382 1361 15
1362 1392 2382 2383 15
1393 1363 2383 1392 15
1392 1363 2383 1362 15
1363 1393 2383 2384 15
1394 1364 2384 1393 15
1393 1364 2384 1363 15
1364 1394 2384 2385 15
1395 1365 2385 1394 15
1394 1365 2385 1364 15
1365 1395 2385 2386 15
1396 1366 2386 1395 15
1395 1366 2386 1365 15
1366 1396 2386 2387 15
1397 1367 2387 1396 15
1396 1367 2387 1366 15
1367 1397 2387 1002 15
936 934 1002 1397 15
1397 934 1002 1367 15
169 168 170 1383 15
1368 1383 1398 168 15
168 1383 1398 170 15
1383 1368 1398 1384 15
1369 1384 1399 1368 15
1368 1384 1399 1398 15
1384 1369 1399 1385 15
1370 1385 1400 1369 15
1369 1385 1400 1399 15
1385 1370 1400 1386 15
1371 1386 1401 1370 15
1370 1386 1401 1400 15
1386 1371 1401 1387 15
1372 1387 1402 1371 15
1371 1387 1402 1401 15
1387 1372 1402 1388 15
1373 1388 1403 1372 15
1372 1388 1403 1402 15
1388 1373 1403 1389 15
1374 1389 1404 1373 15
1373 1389 1404 1403 15
1389 1374 1404 1390 15
1375 1390 1405 1374 15
1374 1390 1405 1404 15
1390 1375 1405 1391 15
1376 1391 1406 1375 15
1375 1391 1406 1405 15
1391 1376 1406 1392 15
1377 1392 1407 1376 15
1376 1392 1407 1406 15
1392 1377 1407 1393 15
1378 1393 1408 1377 15
1377 1393 1408 1407 15
1393 1378 1408 1394 15
1379 1394 1409 1378 15
1378 1394 1409 1408 15
1394 1379 1409 1395 15
1380 1395 1410 1379 15
1379 1395 1410 1409 15
1395 1380 1410 1396 15
1381 1396 1411 1380 15
1380 1396 1411 1410 15
1396 1381 1411 1397 15
1382 1397 1412 1381 15
1381 1397 1412 1411 15
1397 1382 1412 936 15
935 936 937 1382 15
1382 936 937 1412 15
161 235 312 3528 15
2373 1263 3528 235 15
235 1263 3528 161 15
1263 2373 3528 3529 15
2374 1264 3529 2373 15
2373 1264 3529 1263 15
1264 2374 3529 3530 15
2375 1265 3530 2374 15
2374 1265 3530 1264 15
1265 2375 3530 3531 15
2376 1266 3531 2375 15
2375 1266 3531 1265 15
1266 2376 3531 3532 15
2377 1267 3532 2376 15
2376 1267 3532 1266 15
1267 2377 3532 3533 15
2378 1268 3533 2377 15
2377 1268 3533 1267 15
1268 2378 3533 3534 15
2379 1269 3534 2378 15
2378 1269 3534 1268 15
1269 2379 3534 3535 15
2380 1270 3535 2379 15
2379 1270 3535 1269 15
1270 2380 3535 3536 15
2381 1271 3536 2380 15
2380 1271 3536 1270 15
1271 2381 3536 3537 15
2382 1272 3537 2381 15
2381 1272 3537 1271 15
1272 2382 3537 3538 15
2383 1273 3538 2382 15
2382 1273 3538 1272 15
1273 2383 3538 3539 15
2384 1274 3539 2383 15
2383 1274 3539 1273 15
1274 2384 3539 3540 15
2385 1275 3540 2384 15
2384 1275 3540 1274 15
1275 2385 3540 3541 15
2386 1276 3541 2385 15
2385 1276 3541 1275 15
1276 2386 3541 3542 15
2387 1277 3542 2386 15
2386 1277 3542 1276 15
1277 2387 3542 1079 15
1002 928 1079 2387 15
2387 928 1079 1277 15
154 266 308 3468 15
2838 1158 3468 154 15
266 154 2838 3468 15
1158 2838 3468 3469 15
2839 1159 3469 1158 15
2838 1158 2839 3469 15
1159 2839 3469 3470 15
2840 1160 3470 1159 15
2839 1159 2840 3470 15
1160 2840 3470 3471 15
2841 1161 3471 1160 15
2840 1160 2841 3471 15
1161 2841 3471 3472 15
2842 1162 3472 1161 15
2841 1161 2842 3472 15
1162 2842 3472 3473 15
2843 1163 3473 1162 15
2842 1162 2843 3473 15
1163 2843 3473 3474 15
2844 1164 3474 1163 15
2843 1163 2844 3474 15
1164 2844 3474 3475 15
2845 1165 3475 1164 15
2844 1164 2845 3475 15
1165 2845 3475 3476 15
2846 1166 3476 1165 15
2845 1165 2846 3476 15
1166 2846 3476 3477 15
2847 1167 3477 1166 15
2846 1166 2847 3477 15
1167 2847 3477 3478 15
2848 1168 3478 1167 15
2847 1167 2848 3478 15
1168 2848 3478 3479 15
2849 1169 3479 1168 15
2848 1168 2849 3479 15
1169 2849 3479 3480 15
2850 1170 3480 1169 15
2849 1169 2850 3480 15
1170 2850 3480 3481 15
2851 1171 3481 1170 15
2850 1170 2851 3481 15
1171 2851 3481 3482 15
2852 1172 3482 1171 15
2851 1171 2852 3482 15
1172 2852 3482 1075 15
1033 921 1075 1172 15
2852 1172 1033 1075 15
237 236 238 2403 15
2388 2403 2418 236 15
236 2403 2418 238 15
2403 2388 2418 2404 15
2389 2404 2419 2388 15
2388 2404 2419 2418 15
2404 2389 2419 2405 15
2390 2405 2420 2389 15
2389 2405 2420 2419 15
2405 2390 2420 2406 15
2391 2406 2421 2390 15
2390 2406 2421 2420 15
2406 2391 2421 2407 15
2392 2407 2422 2391 15
2391 2407 2422 2421 15
2407 2392 2422 2408 15
2393 2408 2423 2392 15
2392 2408 2423 2422 15
2408 2393 2423 2409 15
2394 2409 2424 2393 15
2393 2409 2424 2423 15
2409 2394 2424 2410 15
2395 2410 2425 2394 15
2394 2410 2425 2424 15
2410 2395 2425 2411 15
2396 2411 2426 2395 15
2395 2411 2426 2425 15
2411 2396 2426 2412 15
2397 2412 2427 2396 15
2396 2412 2427 2426 15
2412 2397 2427 2413 15
2398 2413 2428 2397 15
2397 2413 2428 2427 15
2413 2398 2428 2414 15
2399 2414 2429 2398 15
2398 2414 2429 2428 15
2414 2399 2429 2415 15
2400 2415 2430 2399 15
2399 2415 2430 2429 15
2415 2400 2430 2416 15
2401 2416 2431 2400 15
2400 2416 2431 2430 15
2416 2401 2431 2417 15
2402 2417 2432 2401 15
2401 2417 2432 2431 15
2417 2402 2432 1004 15
1003 1004 1005 2402 15
2402 1004 1005 2432 15
167 168 169 1353 15
1368 1353 1383 168 15
168 1353 1383 169 15
1353 1368 1383 1354 15
1369 1354 1384 1368 15
1368 1354 1384 1383 15
1354 1369 1384 1355 15
1370 1355 1385 1369 15
1369 1355 1385 1384 15
1355 1370 1385 1356 15
1371 1356 1386 1370 15
1370 1356 1386 1385 15
1356 1371 1386 1357 15
1372 1357 1387 1371 15
1371 1357 1387 1386 15
1357 1372 1387 1358 15
1373 1358 1388 1372 15
1372 1358 1388 1387 15
1358 1373 1388 1359 15
1374 1359 1389 1373 15
1373 1359 1389 1388 15
1359 1374 1389 1360 15
1375 1360 1390 1374 15
1374 1360 1390 1389 15
1360 1375 1390 1361 15
1376 1361 1391 1375 15
1375 1361 1391 1390 15
1361 1376 1391 1362 15
1377 1362 1392 1376 15
1376 1362 1392 1391 15
1362 1377 1392 1363 15
1378 1363 1393 1377 15
1377 1363 1393 1392 15
1363 1378 1393 1364 15
1379 1364 1394 1378 15
1378 1364 1394 1393 15
1364 1379 1394 1365 15
1380 1365 1395 1379 15
1379 1365 1395 1394 15
1365 1380 1395 1366 15
1381 1366 1396 1380 15
1380 1366 1396 1395 15
1366 1381 1396 1367 15
1382 1367 1397 1381 15
1381 1367 1397 1396 15
1367 1382 1397 934 15
935 934 936 1382 15
1382 934 936 1397 15
166 236 237 2403 15
2388 1338 2403 236 15
236 1338 2403 166 15
1338 2388 2403 2404 15
2389 1339 2404 2388 15
2388 1339 2404 1338 15
1339 2389 2404 2405 15
2390 1340 2405 2389 15
2389 1340 2405 1339 15
1340 2390 2405 2406 15
2391 1341 2406 2390 15
2390 1341 2406 1340 15
1341 2391 2406 2407 15
2392 1342 2407 2391 15
2391 1342 2407 1341 15
1342 2392 2407 2408 15
2393 1343 2408 2392 15
2392 1343 2408 1342 15
1343 2393 2408 2409 15
2394 1344 2409 2393 15
2393 1344 2409 1343 15
1344 2394 2409 2410 15
2395 1345 2410 2394 15
2394 1345 2410 1344 15
1345 2395 2410 2411 15
2396 1346 2411 2395 15
2395 1346 2411 1345 15
1346 2396 2411 2412 15
2397 1347 2412 2396 15
2396 1347 2412 1346 15
1347 2397 2412 2413 15
2398 1348 2413 2397 15
2397 1348 2413 1347 15
1348 2398 2413 2414 15
2399 1349 2414 2398 15
2398 1349 2414 1348 15
1349 2399 2414 2415 15
2400 1350 2415 2399 15
2399 1350 2415 1349 15
1350 2400 2415 2416 15
2401 1351 2416 2400 15
2400 1351 2416 1350 15
1351 2401 2416 2417 15
2402 1352 2417 2401 15
2401 1352 2417 1351 15
1352 2402 2417 1004 15
1003 933 1004 2402 15
2402 933 1004 1352 15
167 166 168 1353 15
1338 1353 1368 166 15
166 1353 1368 168 15
1353 1338 1368 1354 15
1339 1354 1369 1338 15
1338 1354 1369 1368 15
1354 1339 1369 1355 15
1340 1355 1370 1339 15
1339 1355 1370 1369 15
1355 1340 1370 1356 15
1341 1356 1371 1340 15
1340 1356 1371 1370 15
1356 1341 1371 1357 15
1342 1357 1372 1341 15
1341 1357 1372 1371 15
1357 1342 1372 1358 15
1343 1358 1373 1342 15
1342 1358 1373 1372 15
1358 1343 1373 1359 15
1344 1359 1374 1343 15
1343 1359 1374 1373 15
1359 1344 1374 1360 15
1345 1360 1375 1344 15
1344 1360 1375 1374 15
1360 1345 1375 1361 15
1346 1361 1376 1345 15
1345 1361 1376 1375 15
1361 1346 1376 1362 15
1347 1362 1377 1346 15
1346 1362 1377 1376 15
1362 1347 1377 1363 15
1348 1363 1378 1347 15
1347 1363 1378 1377 15
1363 1348 1378 1364 15
1349 1364 1379 1348 15
1348 1364 1379 1378 15
1364 1349 1379 1365 15
1350 1365 1380 1349 15
1349 1365 1380 1379 15
1365 1350 1380 1366 15
1351 1366 1381 1350 15
1350 1366 1381 1380 15
1366 1351 1381 1367 15
1352 1367 1382 1351 15
1351 1367 1382 1381 15
1367 1352 1382 934 15
933 934 935 1352 15
1352 934 935 1382 15
281 164 286 3138 15
1308 3063 3138 164 15
164 3063 3138 281 15
3063 1308 3138 3139 15
1309 3064 3139 1308 15
1308 3064 3139 3063 15
3064 1309 3139 3140 15
1310 3065 3140 1309 15
1309 3065 3140 3064 15
3065 1310 3140 3141 15
1311 3066 3141 1310 15
1310 3066 3141 3065 15
3066 1311 3141 3142 15
1312 3067 3142 1311 15
1311 3067 3142 3066 15
3067 1312 3142 3143 15
1313 3068 3143 1312 15
1312 3068 3143 3067 15
3068 1313 3143 3144 15
1314 3069 3144 1313 15
1313 3069 3144 3068 15
3069 1314 3144 3145 15
1315 3070 3145 1314 15
1314 3070 3145 3069 15
3070 1315 3145 3146 15
1316 3071 3146 1315 15
1315 3071 3146 3070 15
3071 1316 3146 3147 15
1317 3072 3147 1316 15
1316 3072 3147 3071 15
3072 1317 3147 3148 15
1318 3073 3148 1317 15
1317 3073 3148 3072 15
3073 1318 3148 3149 15
1319 3074 3149 1318 15
1318 3074 3149 3073 15
3074 1319 3149 3150 15
1320 3075 3150 1319 15
1319 3075 3150 3074 15
3075 1320 3150 3151 15
1321 3076 3151 1320 15
1320 3076 3151 3075 15
3076 1321 3151 3152 15
1322 3077 3152 1321 15
1321 3077 3152 3076 15
3077 1322 3152 1053 15
931 1048 1053 1322 15
1322 1048 1053 3077 15
151 234 315 3573 15
2358 1113 3573 151 15
234 151 2358 3573 15
1113 2358 3573 3574 15
2359 1114 3574 1113 15
2358 1113 2359 3574 15
1114 2359 3574 3575 15
2360 1115 3575 1114 15
2359 1114 2360 3575 15
1115 2360 3575 3576 15
2361 1116 3576 1115 15
2360 1115 2361 3576 15
1116 2361 3576 3577 15
2362 1117 3577 1116 15
2361 1116 2362 3577 15
1117 2362 3577 3578 15
2363 1118 3578 1117 15
2362 1117 2363 3578 15
1118 2363 3578 3579 15
2364 1119 3579 1118 15
2363 1118 2364 3579 15
1119 2364 3579 3580 15
2365 1120 3580 1119 15
2364 1119 2365 3580 15
1120 2365 3580 3581 15
2366 1121 3581 1120 15
2365 1120 2366 3581 15
1121 2366 3581 3582 15
2367 1122 3582 1121 15
2366 1121 2367 3582 15
1122 2367 3582 3583 15
2368 1123 3583 1122 15
2367 1122 2368 3583 15
1123 2368 3583 3584 15
2369 1124 3584 1123 15
2368 1123 2369 3584 15
1124 2369 3584 3585 15
2370 1125 3585 1124 15
2369 1124 2370 3585 15
1125 2370 3585 3586 15
2371 1126 3586 1125 15
2370 1125 2371 3586 15
1126 2371 3586 3587 15
2372 1127 3587 1126 15
2371 1126 2372 3587 15
1127 2372 3587 1082 15
1001 918 1082 1127 15
2372 1127 1001 1082 15
267 159 313 3543 15
1233 2853 3543 159 15
159 2853 3543 267 15
2853 1233 3543 3544 15
1234 2854 3544 1233 15
1233 2854 3544 2853 15
2854 1234 3544 3545 15
1235 2855 3545 1234 15
1234 2855 3545 2854 15
2855 1235 3545 3546 15
1236 2856 3546 1235 15
1235 2856 3546 2855 15
2856 1236 3546 3547 15
1237 2857 3547 1236 15
1236 2857 3547 2856 15
2857 1237 3547 3548 15
1238 2858 3548 1237 15
1237 2858 3548 2857 15
2858 1238 3548 3549 15
1239 2859 3549 1238 15
1238 2859 3549 2858 15
2859 1239 3549 3550 15
1240 2860 3550 1239 15
1239 2860 3550 2859 15
2860 1240 3550 3551 15
1241 2861 3551 1240 15
1240 2861 3551 2860 15
2861 1241 3551 3552 15
1242 2862 3552 1241 15
1241 2862 3552 2861 15
2862 1242 3552 3553 15
1243 2863 3553 1242 15
1242 2863 3553 2862 15
2863 1243 3553 3554 15
1244 2864 3554 1243 15
1243 2864 3554 2863 15
2864 1244 3554 3555 15
1245 2865 3555 1244 15
1244 2865 3555 2864 15
2865 1245 3555 3556 15
1246 2866 3556 1245 15
1245 2866 3556 2865 15
2866 1246 3556 3557 15
1247 2867 3557 1246 15
1246 2867 3557 2866 15
2867 1247 3557 1080 15
926 1034 1080 1247 15
1247 1034 1080 2867 15
166 165 236 1338 15
1323 1338 2388 165 15
165 1338 2388 236 15
1338 1323 2388 1339 15
1324 1339 2389 1323 15
1323 1339 2389 2388 15
1339 1324 2389 1340 15
1325 1340 2390 1324 15
1324 1340 2390 2389 15
1340 1325 2390 1341 15
1326 1341 2391 1325 15
1325 1341 2391 2390 15
1341 1326 2391 1342 15
1327 1342 2392 1326 15
1326 1342 2392 2391 15
1342 1327 2392 1343 15
1328 1343 2393 1327 15
1327 1343 2393 2392 15
1343 1328 2393 1344 15
1329 1344 2394 1328 15
1328 1344 2394 2393 15
1344 1329 2394 1345 15
1330 1345 2395 1329 15
1329 1345 2395 2394 15
1345 1330 2395 1346 15
1331 1346 2396 1330 15
1330 1346 2396 2395 15
1346 1331 2396 1347 15
1332 1347 2397 1331 15
1331 1347 2397 2396 15
1347 1332 2397 1348 15
1333 1348 2398 1332 15
1332 1348 2398 2397 15
1348 1333 2398 1349 15
1334 1349 2399 1333 15
1333 1349 2399 2398 15
1349 1334 2399 1350 15
1335 1350 2400 1334 15
1334 1350 2400 2399 15
1350 1335 2400 1351 15
1336 1351 2401 1335 15
1335 1351 2401 2400 15
1351 1336 2401 1352 15
1337 1352 2402 1336 15
1336 1352 2402 2401 15
1352 1337 2402 933 15
932 933 1003 1337 15
1337 933 1003 2402 15
153 166 167 1353 15
1338 1143 1353 166 15
166 1143 1353 153 15
1143 1338 1353 1354 15
1339 1144 1354 1338 15
1338 1144 1354 1143 15
1144 1339 1354 1355 15
1340 1145 1355 1339 15
1339 1145 1355 1144 15
1145 1340 1355 1356 15
1341 1146 1356 1340 15
1340 1146 1356 1145 15
1146 1341 1356 1357 15
1342 1147 1357 1341 15
1341 1147 1357 1146 15
1147 1342 1357 1358 15
1343 1148 1358 1342 15
1342 1148 1358 1147 15
1148 1343 1358 1359 15
1344 1149 1359 1343 15
1343 1149 1359 1148 15
1149 1344 1359 1360 15
1345 1150 1360 1344 15
1344 1150 1360 1149 15
1150 1345 1360 1361 15
1346 1151 1361 1345 15
1345 1151 1361 1150 15
1151 1346 1361 1362 15
1347 1152 1362 1346 15
1346 1152 1362 1151 15
1152 1347 1362 1363 15
1348 1153 1363 1347 15
1347 1153 1363 1152 15
1153 1348 1363 1364 15
1349 1154 1364 1348 15
1348 1154 1364 1153 15
1154 1349 1364 1365 15
1350 1155 1365 1349 15
1349 1155 1365 1154 15
1155 1350 1365 1366 15
1351 1156 1366 1350 15
1350 1156 1366 1155 15
1156 1351 1366 1367 15
1352 1157 1367 1351 15
1351 1157 1367 1156 15
1157 1352 1367 934 15
933 920 934 1352 15
1352 920 934 1157 15
167 235 278 3018 15
2373 1353 3018 167 15
235 167 2373 3018 15
1353 2373 3018 3019 15
2374 1354 3019 1353 15
2373 1353 2374 3019 15
1354 2374 3019 3020 15
2375 1355 3020 1354 15
2374 1354 2375 3020 15
1355 2375 3020 3021 15
2376 1356 3021 1355 15
2375 1355 2376 3021 15
1356 2376 3021 3022 15
2377 1357 3022 1356 15
2376 1356 2377 3022 15
1357 2377 3022 3023 15
2378 1358 3023 1357 15
2377 1357 2378 3023 15
1358 2378 3023 3024 15
2379 1359 3024 1358 15
2378 1358 2379 3024 15
1359 2379 3024 3025 15
2380 1360 3025 1359 15
2379 1359 2380 3025 15
1360 2380 3025 3026 15
2381 1361 3026 1360 15
2380 1360 2381 3026 15
1361 2381 3026 3027 15
2382 1362 3027 1361 15
2381 1361 2382 3027 15
1362 2382 3027 3028 15
2383 1363 3028 1362 15
2382 1362 2383 3028 15
1363 2383 3028 3029 15
2384 1364 3029 1363 15
2383 1363 2384 3029 15
1364 2384 3029 3030 15
2385 1365 3030 1364 15
2384 1364 2385 3030 15
1365 2385 3030 3031 15
2386 1366 3031 1365 15
2385 1365 2386 3031 15
1366 2386 3031 3032 15
2387 1367 3032 1366 15
2386 1366 2387 3032 15
1367 2387 3032 1045 15
1002 934 1045 1367 15
2387 1367 1002 1045 15
157 296 300 3348 15
3288 1203 3348 296 15
296 1203 3348 157 15
1203 3288 3348 3349 15
3289 1204 3349 3288 15
3288 1204 3349 1203 15
1204 3289 3349 3350 15
3290 1205 3350 3289 15
3289 1205 3350 1204 15
1205 3290 3350 3351 15
3291 1206 3351 3290 15
3290 1206 3351 1205 15
1206 3291 3351 3352 15
3292 1207 3352 3291 15
3291 1207 3352 1206 15
1207 3292 3352 3353 15
3293 1208 3353 3292 15
3292 1208 3353 1207 15
1208 3293 3353 3354 15
3294 1209 3354 3293 15
3293 1209 3354 1208 15
1209 3294 3354 3355 15
3295 1210 3355 3294 15
3294 1210 3355 1209 15
1210 3295 3355 3356 15
3296 1211 3356 3295 15
3295 1211 3356 1210 15
1211 3296 3356 3357 15
3297 1212 3357 3296 15
3296 1212 3357 1211 15
1212 3297 3357 3358 15
3298 1213 3358 3297 15
3297 1213 3358 1212 15
1213 3298 3358 3359 15
3299 1214 3359 3298 15
3298 1214 3359 1213 15
1214 3299 3359 3360 15
3300 1215 3360 3299 15
3299 1215 3360 1214 15
1215 3300 3360 3361 15
3301 1216 3361 3300 15
3300 1216 3361 1215 15
1216 3301 3361 3362 15
3302 1217 3362 3301 15
3301 1217 3362 1216 15
1217 3302 3362 1067 15
1063 924 1067 3302 15
3302 924 1067 1217 15
21 153 278 3018 15
1143 496 3018 21 15
153 21 1143 3018 15
496 1143 3018 3019 15
1144 497 3019 496 15
1143 496 1144 3019 15
497 1144 3019 3020 15
1145 498 3020 497 15
1144 497 1145 3020 15
498 1145 3020 3021 15
1146 499 3021 498 15
1145 498 1146 3021 15
499 1146 3021 3022 15
1147 500 3022 499 15
1146 499 1147 3022 15
500 1147 3022 3023 15
1148 501 3023 500 15
1147 500 1148 3023 15
501 1148 3023 3024 15
1149 502 3024 501 15
1148 501 1149 3024 15
502 1149 3024 3025 15
1150 503 3025 502 15
1149 502 1150 3025 15
503 1150 3025 3026 15
1151 504 3026 503 15
1150 503 1151 3026 15
504 1151 3026 3027 15
1152 505 3027 504 15
1151 504 1152 3027 15
505 1152 3027 3028 15
1153 506 3028 505 15
1152 505 1153 3028 15
506 1153 3028 3029 15
1154 507 3029 506 15
1153 506 1154 3029 15
507 1154 3029 3030 15
1155 508 3030 507 15
1154 507 1155 3030 15
508 1155 3030 3031 15
1156 509 3031 508 15
1155 508 1156 3031 15
509 1156 3031 3032 15
1157 510 3032 509 15
1156 509 1157 3032 15
510 1157 3032 1045 15
920 96 1045 510 15
1157 510 920 1045 15
20 21 278 3018 15
496 481 3018 20 15
21 20 496 3018 15
481 496 3018 3019 15
497 482 3019 481 15
496 481 497 3019 15
482 497 3019 3020 15
498 483 3020 482 15
497 482 498 3020 15
483 498 3020 3021 15
499 484 3021 483 15
498 483 499 3021 15
484 499 3021 3022 15
500 485 3022 484 15
499 484 500 3022 15
485 500 3022 3023 15
501 486 3023 485 15
500 485 501 3023 15
486 501 3023 3024 15
502 487 3024 486 15
501 486 502 3024 15
487 502 3024 3025 15
503 488 3025 487 15
502 487 503 3025 15
488 503 3025 3026 15
504 489 3026 488 15
503 488 504 3026 15
489 504 3026 3027 15
505 490 3027 489 15
504 489 505 3027 15
490 505 3027 3028 15
506 491 3028 490 15
505 490 506 3028 15
491 506 3028 3029 15
507 492 3029 491 15
506 491 507 3029 15
492 507 3029 3030 15
508 493 3030 492 15
507 492 508 3030 15
493 508 3030 3031 15
509 494 3031 493 15
508 493 509 3031 15
494 509 3031 3032 15
510 495 3032 494 15
509 494 510 3032 15
495 510 3032 1045 15
96 97 1045 495 15
510 495 96 1045 15
282 156 284 3108 15
1188 3078 3108 156 15
156 3078 3108 282 15
3078 1188 3108 3109 15
1189 3079 3109 1188 15
1188 3079 3109 3078 15
3079 1189 3109 3110 15
1190 3080 3110 1189 15
1189 3080 3110 3079 15
3080 1190 3110 3111 15
1191 3081 3111 1190 15
1190 3081 3111 3080 15
3081 1191 3111 3112 15
1192 3082 3112 1191 15
1191 3082 3112 3081 15
3082 1192 3112 3113 15
1193 3083 3113 1192 15
1192 3083 3113 3082 15
3083 1193 3113 3114 15
1194 3084 3114 1193 15
1193 3084 3114 3083 15
3084 1194 3114 3115 15
1195 3085 3115 1194 15
1194 3085 3115 3084 15
3085 1195 3115 3116 15
1196 3086 3116 1195 15
1195 3086 3116 3085 15
3086 1196 3116 3117 15
1197 3087 3117 1196 15
1196 3087 3117 3086 15
3087 1197 3117 3118 15
1198 3088 3118 1197 15
1197 3088 3118 3087 15
3088 1198 3118 3119 15
1199 3089 3119 1198 15
1198 3089 3119 3088 15
3089 1199 3119 3120 15
1200 3090 3120 1199 15
1199 3090 3120 3089 15
3090 1200 3120 3121 15
1201 3091 3121 1200 15
1200 3091 3121 3090 15
3091 1201 3121 3122 15
1202 3092 3122 1201 15
1201 3092 3122 3091 15
3092 1202 3122 1051 15
923 1049 1051 1202 15
1202 1049 1051 3092 15
250 254 279 3033 15
2658 2598 3033 250 15
254 250 2658 3033 15
2598 2658 3033 3034 15
2659 2599 3034 2598 15
2658 2598 2659 3034 15
2599 2659 3034 3035 15
2660 2600 3035 2599 15
2659 2599 2660 3035 15
2600 2660 3035 3036 15
2661 2601 3036 2600 15
2660 2600 2661 3036 15
2601 2661 3036 3037 15
2662 2602 3037 2601 15
2661 2601 2662 3037 15
2602 2662 3037 3038 15
2663 2603 3038 2602 15
2662 2602 2663 3038 15
2603 2663 3038 3039 15
2664 2604 3039 2603 15
2663 2603 2664 3039 15
2604 2664 3039 3040 15
2665 2605 3040 2604 15
2664 2604 2665 3040 15
2605 2665 3040 3041 15
2666 2606 3041 2605 15
2665 2605 2666 3041 15
2606 2666 3041 3042 15
2667 2607 3042 2606 15
2666 2606 2667 3042 15
2607 2667 3042 3043 15
2668 2608 3043 2607 15
2667 2607 2668 3043 15
2608 2668 3043 3044 15
2669 2609 3044 2608 15
2668 2608 2669 3044 15
2609 2669 3044 3045 15
2670 2610 3045 2609 15
2669 2609 2670 3045 15
2610 2670 3045 3046 15
2671 2611 3046 2610 15
2670 2610 2671 3046 15
2611 2671 3046 3047 15
2672 2612 3047 2611 15
2671 2611 2672 3047 15
2612 2672 3047 1046 15
1021 1017 1046 2612 15
2672 2612 1021 1046 15
33 267 303 3393 15
2853 676 3393 33 15
267 33 2853 3393 15
676 2853 3393 3394 15
2854 677 3394 676 15
2853 676 2854 3394 15
677 2854 3394 3395 15
2855 678 3395 677 15
2854 677 2855 3395 15
678 2855 3395 3396 15
2856 679 3396 678 15
2855 678 2856 3396 15
679 2856 3396 3397 15
2857 680 3397 679 15
2856 679 2857 3397 15
680 2857 3397 3398 15
2858 681 3398 680 15
2857 680 2858 3398 15
681 2858 3398 3399 15
2859 682 3399 681 15
2858 681 2859 3399 15
682 2859 3399 3400 15
2860 683 3400 682 15
2859 682 2860 3400 15
683 2860 3400 3401 15
2861 684 3401 683 15
2860 683 2861 3401 15
684 2861 3401 3402 15
2862 685 3402 684 15
2861 684 2862 3402 15
685 2862 3402 3403 15
2863 686 3403 685 15
2862 685 2863 3403 15
686 2863 3403 3404 15
2864 687 3404 686 15
2863 686 2864 3404 15
687 2864 3404 3405 15
2865 688 3405 687 15
2864 687 2865 3405 15
688 2865 3405 3406 15
2866 689 3406 688 15
2865 688 2866 3406 15
689 2866 3406 3407 15
2867 690 3407 689 15
2866 689 2867 3407 15
690 2867 3407 1070 15
1034 119 1070 690 15
2867 690 1034 1070 15
235 161 297 3303 15
1263 2373 3303 235 15
161 235 1263 3303 15
2373 1263 3303 3304 15
1264 2374 3304 2373 15
1263 2373 1264 3304 15
2374 1264 3304 3305 15
1265 2375 3305 2374 15
1264 2374 1265 3305 15
2375 1265 3305 3306 15
1266 2376 3306 2375 15
1265 2375 1266 3306 15
2376 1266 3306 3307 15
1267 2377 3307 2376 15
1266 2376 1267 3307 15
2377 1267 3307 3308 15
1268 2378 3308 2377 15
1267 2377 1268 3308 15
2378 1268 3308 3309 15
1269 2379 3309 2378 15
1268 2378 1269 3309 15
2379 1269 3309 3310 15
1270 2380 3310 2379 15
1269 2379 1270 3310 15
2380 1270 3310 3311 15
1271 2381 3311 2380 15
1270 2380 1271 3311 15
2381 1271 3311 3312 15
1272 2382 3312 2381 15
1271 2381 1272 3312 15
2382 1272 3312 3313 15
1273 2383 3313 2382 15
1272 2382 1273 3313 15
2383 1273 3313 3314 15
1274 2384 3314 2383 15
1273 2383 1274 3314 15
2384 1274 3314 3315 15
1275 2385 3315 2384 15
1274 2384 1275 3315 15
2385 1275 3315 3316 15
1276 2386 3316 2385 15
1275 2385 1276 3316 15
2386 1276 3316 3317 15
1277 2387 3317 2386 15
1276 2386 1277 3317 15
2387 1277 3317 1064 15
928 1002 1064 2387 15
1277 2387 928 1064 15
156 282 283 3093 15
3078 1188 3093 156 15
282 156 3078 3093 15
1188 3078 3093 3094 15
3079 1189 3094 1188 15
3078 1188 3079 3094 15
1189 3079 3094 3095 15
3080 1190 3095 1189 15
3079 1189 3080 3095 15
1190 3080 3095 3096 15
3081 1191 3096 1190 15
3080 1190 3081 3096 15
1191 3081 3096 3097 15
3082 1192 3097 1191 15
3081 1191 3082 3097 15
1192 3082 3097 3098 15
3083 1193 3098 1192 15
3082 1192 3083 3098 15
1193 3083 3098 3099 15
3084 1194 3099 1193 15
3083 1193 3084 3099 15
1194 3084 3099 3100 15
3085 1195 3100 1194 15
3084 1194 3085 3100 15
1195 3085 3100 3101 15
3086 1196 3101 1195 15
3085 1195 3086 3101 15
1196 3086 3101 3102 15
3087 1197 3102 1196 15
3086 1196 3087 3102 15
1197 3087 3102 3103 15
3088 1198 3103 1197 15
3087 1197 3088 3103 15
1198 3088 3103 3104 15
3089 1199 3104 1198 15
3088 1198 3089 3104 15
1199 3089 3104 3105 15
3090 1200 3105 1199 15
3089 1199 3090 3105 15
1200 3090 3105 3106 15
3091 1201 3106 1200 15
3090 1200 3091 3106 15
1201 3091 3106 3107 15
3092 1202 3107 1201 15
3091 1201 3092 3107 15
1202 3092 3107 1050 15
1049 923 1050 1202 15
3092 1202 1049 1050 15
214 209 282 2058 15
1983 2058 3078 209 15
209 2058 3078 282 15
2058 1983 3078 2059 15
1984 2059 3079 1983 15
1983 2059 3079 3078 15
2059 1984 3079 2060 15
1985 2060 3080 1984 15
1984 2060 3080 3079 15
2060 1985 3080 2061 15
1986 2061 3081 1985 15
1985 2061 3081 3080 15
2061 1986 3081 2062 15
1987 2062 3082 1986 15
1986 2062 3082 3081 15
2062 1987 3082 2063 15
1988 2063 3083 1987 15
1987 2063 3083 3082 15
2063 1988 3083 2064 15
1989 2064 3084 1988 15
1988 2064 3084 3083 15
2064 1989 3084 2065 15
1990 2065 3085 1989 15
1989 2065 3085 3084 15
2065 1990 3085 2066 15
1991 2066 3086 1990 15
1990 2066 3086 3085 15
2066 1991 3086 2067 15
1992 2067 3087 1991 15
1991 2067 3087 3086 15
2067 1992 3087 2068 15
1993 2068 3088 1992 15
1992 2068 3088 3087 15
2068 1993 3088 2069 15
1994 2069 3089 1993 15
1993 2069 3089 3088 15
2069 1994 3089 2070 15
1995 2070 3090 1994 15
1994 2070 3090 3089 15
2070 1995 3090 2071 15
1996 2071 3091 1995 15
1995 2071 3091 3090 15
2071 1996 3091 2072 15
1997 2072 3092 1996 15
1996 2072 3092 3091 15
2072 1997 3092 981 15
976 981 1049 1997 15
1997 981 1049 3092 15
251 214 276 2988 15
2058 2613 2988 214 15
214 2613 2988 251 15
2613 2058 2988 2989 15
2059 2614 2989 2058 15
2058 2614 2989 2613 15
2614 2059 2989 2990 15
2060 2615 2990 2059 15
2059 2615 2990 2614 15
2615 2060 2990 2991 15
2061 2616 2991 2060 15
2060 2616 2991 2615 15
2616 2061 2991 2992 15
2062 2617 2992 2061 15
2061 2617 2992 2616 15
2617 2062 2992 2993 15
2063 2618 2993 2062 15
2062 2618 2993 2617 15
2618 2063 2993 2994 15
2064 2619 2994 2063 15
2063 2619 2994 2618 15
2619 2064 2994 2995 15
2065 2620 2995 2064 15
2064 2620 2995 2619 15
2620 2065 2995 2996 15
2066 2621 2996 2065 15
2065 2621 2996 2620 15
2621 2066 2996 2997 15
2067 2622 2997 2066 15
2066 2622 2997 2621 15
2622 2067 2997 2998 15
2068 2623 2998 2067 15
2067 2623 2998 2622 15
2623 2068 2998 2999 15
2069 2624 2999 2068 15
2068 2624 2999 2623 15
2624 2069 2999 3000 15
2070 2625 3000 2069 15
2069 2625 3000 2624 15
2625 2070 3000 3001 15
2071 2626 3001 2070 15
2070 2626 3001 2625 15
2626 2071 3001 3002 15
2072 2627 3002 2071 15
2071 2627 3002 2626 15
2627 2072 3002 1043 15
981 1018 1043 2072 15
2072 1018 1043 2627 15
213 256 286 3138 15
2688 2043 3138 213 15
256 213 2688 3138 15
2043 2688 3138 3139 15
2689 2044 3139 2043 15
2688 2043 2689 3139 15
2044 2689 3139 3140 15
2690 2045 3140 2044 15
2689 2044 2690 3140 15
2045 2690 3140 3141 15
2691 2046 3141 2045 15
2690 2045 2691 3141 15
2046 2691 3141 3142 15
2692 2047 3142 2046 15
2691 2046 2692 3142 15
2047 2692 3142 3143 15
2693 2048 3143 2047 15
2692 2047 2693 3143 15
2048 2693 3143 3144 15
2694 2049 3144 2048 15
2693 2048 2694 3144 15
2049 2694 3144 3145 15
2695 2050 3145 2049 15
2694 2049 2695 3145 15
2050 2695 3145 3146 15
2696 2051 3146 2050 15
2695 2050 2696 3146 15
2051 2696 3146 3147 15
2697 2052 3147 2051 15
2696 2051 2697 3147 15
2052 2697 3147 3148 15
2698 2053 3148 2052 15
2697 2052 2698 3148 15
2053 2698 3148 3149 15
2699 2054 3149 2053 15
2698 2053 2699 3149 15
2054 2699 3149 3150 15
2700 2055 3150 2054 15
2699 2054 2700 3150 15
2055 2700 3150 3151 15
2701 2056 3151 2055 15
2700 2055 2701 3151 15
2056 2701 3151 3152 15
2702 2057 3152 2056 15
2701 2056 2702 3152 15
2057 2702 3152 1053 15
1023 980 1053 2057 15
2702 2057 1023 1053 15
263 149 301 3363 15
1083 2793 3363 149 15
149 2793 3363 263 15
2793 1083 3363 3364 15
1084 2794 3364 1083 15
1083 2794 3364 2793 15
2794 1084 3364 3365 15
1085 2795 3365 1084 15
1084 2795 3365 2794 15
2795 1085 3365 3366 15
1086 2796 3366 1085 15
1085 2796 3366 2795 15
2796 1086 3366 3367 15
1087 2797 3367 1086 15
1086 2797 3367 2796 15
2797 1087 3367 3368 15
1088 2798 3368 1087 15
1087 2798 3368 2797 15
2798 1088 3368 3369 15
1089 2799 3369 1088 15
1088 2799 3369 2798 15
2799 1089 3369 3370 15
1090 2800 3370 1089 15
1089 2800 3370 2799 15
2800 1090 3370 3371 15
1091 2801 3371 1090 15
1090 2801 3371 2800 15
2801 1091 3371 3372 15
1092 2802 3372 1091 15
1091 2802 3372 2801 15
2802 1092 3372 3373 15
1093 2803 3373 1092 15
1092 2803 3373 2802 15
2803 1093 3373 3374 15
1094 2804 3374 1093 15
1093 2804 3374 2803 15
2804 1094 3374 3375 15
1095 2805 3375 1094 15
1094 2805 3375 2804 15
2805 1095 3375 3376 15
1096 2806 3376 1095 15
1095 2806 3376 2805 15
2806 1096 3376 3377 15
1097 2807 3377 1096 15
1096 2807 3377 2806 15
2807 1097 3377 1068 15
916 1030 1068 1097 15
1097 1030 1068 2807 15
159 253 313 3543 15
2643 1233 3543 253 15
253 1233 3543 159 15
1233 2643 3543 3544 15
2644 1234 3544 2643 15
2643 1234 3544 1233 15
1234 2644 3544 3545 15
2645 1235 3545 2644 15
2644 1235 3545 1234 15
1235 2645 3545 3546 15
2646 1236 3546 2645 15
2645 1236 3546 1235 15
1236 2646 3546 3547 15
2647 1237 3547 2646 15
2646 1237 3547 1236 15
1237 2647 3547 3548 15
2648 1238 3548 2647 15
2647 1238 3548 1237 15
1238 2648 3548 3549 15
2649 1239 3549 2648 15
2648 1239 3549 1238 15
1239 2649 3549 3550 15
2650 1240 3550 2649 15
2649 1240 3550 1239 15
1240 2650 3550 3551 15
2651 1241 3551 2650 15
2650 1241 3551 1240 15
1241 2651 3551 3552 15
2652 1242 3552 2651 15
2651 1242 3552 1241 15
1242 2652 3552 3553 15
2653 1243 3553 2652 15
2652 1243 3553 1242 15
1243 2653 3553 3554 15
2654 1244 3554 2653 15
2653 1244 3554 1243 15
1244 2654 3554 3555 15
2655 1245 3555 2654 15
2654 1245 3555 1244 15
1245 2655 3555 3556 15
2656 1246 3556 2655 15
2655 1246 3556 1245 15
1246 2656 3556 3557 15
2657 1247 3557 2656 15
2656 1247 3557 1246 15
1247 2657 3557 1080 15
1020 926 1080 2657 15
2657 926 1080 1247 15
267 266 303 3393 15
2838 2853 3393 266 15
266 2853 3393 267 15
2853 2838 3393 3394 15
2839 2854 3394 2838 15
2838 2854 3394 2853 15
2854 2839 3394 3395 15
2840 2855 3395 2839 15
2839 2855 3395 2854 15
2855 2840 3395 3396 15
2841 2856 3396 2840 15
2840 2856 3396 2855 15
2856 2841 3396 3397 15
2842 2857 3397 2841 15
2841 2857 3397 2856 15
2857 2842 3397 3398 15
2843 2858 3398 2842 15
2842 2858 3398 2857 15
2858 2843 3398 3399 15
2844 2859 3399 2843 15
2843 2859 3399 2858 15
2859 2844 3399 3400 15
2845 2860 3400 2844 15
2844 2860 3400 2859 15
2860 2845 3400 3401 15
2846 2861 3401 2845 15
2845 2861 3401 2860 15
2861 2846 3401 3402 15
2847 2862 3402 2846 15
2846 2862 3402 2861 15
2862 2847 3402 3403 15
2848 2863 3403 2847 15
2847 2863 3403 2862 15
2863 2848 3403 3404 15
2849 2864 3404 2848 15
2848 2864 3404 2863 15
2864 2849 3404 3405 15
2850 2865 3405 2849 15
2849 2865 3405 2864 15
2865 2850 3405 3406 15
2851 2866 3406 2850 15
2850 2866 3406 2865 15
2866 2851 3406 3407 15
2852 2867 3407 2851 15
2851 2867 3407 2866 15
2867 2852 3407 1070 15
1033 1034 1070 2852 15
2852 1034 1070 2867 15
254 208 299 3333 15
1968 2658 3333 208 15
208 2658 3333 254 15
2658 1968 3333 3334 15
1969 2659 3334 1968 15
1968 2659 3334 2658 15
2659 1969 3334 3335 15
1970 2660 3335 1969 15
1969 2660 3335 2659 15
2660 1970 3335 3336 15
1971 2661 3336 1970 15
1970 2661 3336 2660 15
2661 1971 3336 3337 15
1972 2662 3337 1971 15
1971 2662 3337 2661 15
2662 1972 3337 3338 15
1973 2663 3338 1972 15
1972 2663 3338 2662 15
2663 1973 3338 3339 15
1974 2664 3339 1973 15
1973 2664 3339 2663 15
2664 1974 3339 3340 15
1975 2665 3340 1974 15
1974 2665 3340 2664 15
2665 1975 3340 3341 15
1976 2666 3341 1975 15
1975 2666 3341 2665 15
2666 1976 3341 3342 15
1977 2667 3342 1976 15
1976 2667 3342 2666 15
2667 1977 3342 3343 15
1978 2668 3343 1977 15
1977 2668 3343 2667 15
2668 1978 3343 3344 15
1979 2669 3344 1978 15
1978 2669 3344 2668 15
2669 1979 3344 3345 15
1980 2670 3345 1979 15
1979 2670 3345 2669 15
2670 1980 3345 3346 15
1981 2671 3346 1980 15
1980 2671 3346 2670 15
2671 1981 3346 3347 15
1982 2672 3347 1981 15
1981 2672 3347 2671 15
2672 1982 3347 1066 15
975 1021 1066 1982 15
1982 1021 1066 2672 15
233 217 300 3348 15
2103 2343 3348 217 15
217 2343 3348 233 15
2343 2103 3348 3349 15
2104 2344 3349 2103 15
2103 2344 3349 2343 15
2344 2104 3349 3350 15
2105 2345 3350 2104 15
2104 2345 3350 2344 15
2345 2105 3350 3351 15
2106 2346 3351 2105 15
2105 2346 3351 2345 15
2346 2106 3351 3352 15
2107 2347 3352 2106 15
2106 2347 3352 2346 15
2347 2107 3352 3353 15
2108 2348 3353 2107 15
2107 2348 3353 2347 15
2348 2108 3353 3354 15
2109 2349 3354 2108 15
2108 2349 3354 2348 15
2349 2109 3354 3355 15
2110 2350 3355 2109 15
2109 2350 3355 2349 15
2350 2110 3355 3356 15
2111 2351 3356 2110 15
2110 2351 3356 2350 15
2351 2111 3356 3357 15
2112 2352 3357 2111 15
2111 2352 3357 2351 15
2352 2112 3357 3358 15
2113 2353 3358 2112 15
2112 2353 3358 2352 15
2353 2113 3358 3359 15
2114 2354 3359 2113 15
2113 2354 3359 2353 15
2354 2114 3359 3360 15
2115 2355 3360 2114 15
2114 2355 3360 2354 15
2355 2115 3360 3361 15
2116 2356 3361 2115 15
2115 2356 3361 2355 15
2356 2116 3361 3362 15
2117 2357 3362 2116 15
2116 2357 3362 2356 15
2357 2117 3362 1067 15
984 1000 1067 2117 15
2117 1000 1067 2357 15
261 263 301 3363 15
2793 2763 3363 261 15
263 261 2793 3363 15
2763 2793 3363 3364 15
2794 2764 3364 2763 15
2793 2763 2794 3364 15
2764 2794 3364 3365 15
2795 2765 3365 2764 15
2794 2764 2795 3365 15
2765 2795 3365 3366 15
2796 2766 3366 2765 15
2795 2765 2796 3366 15
2766 2796 3366 3367 15
2797 2767 3367 2766 15
2796 2766 2797 3367 15
2767 2797 3367 3368 15
2798 2768 3368 2767 15
2797 2767 2798 3368 15
2768 2798 3368 3369 15
2799 2769 3369 2768 15
2798 2768 2799 3369 15
2769 2799 3369 3370 15
2800 2770 3370 2769 15
2799 2769 2800 3370 15
2770 2800 3370 3371 15
2801 2771 3371 2770 15
2800 2770 2801 3371 15
2771 2801 3371 3372 15
2802 2772 3372 2771 15
2801 2771 2802 3372 15
2772 2802 3372 3373 15
2803 2773 3373 2772 15
2802 2772 2803 3373 15
2773 2803 3373 3374 15
2804 2774 3374 2773 15
2803 2773 2804 3374 15
2774 2804 3374 3375 15
2805 2775 3375 2774 15
2804 2774 2805 3375 15
2775 2805 3375 3376 15
2806 2776 3376 2775 15
2805 2775 2806 3376 15
2776 2806 3376 3377 15
2807 2777 3377 2776 15
2806 2776 2807 3377 15
2777 2807 3377 1068 15
1030 1028 1068 2777 15
2807 2777 1030 1068 15
153 167 278 3018 15
1353 1143 3018 153 15
167 153 1353 3018 15
1143 1353 3018 3019 15
1354 1144 3019 1143 15
1353 1143 1354 3019 15
1144 1354 3019 3020 15
1355 1145 3020 1144 15
1354 1144 1355 3020 15
1145 1355 3020 3021 15
1356 1146 3021 1145 15
1355 1145 1356 3021 15
1146 1356 3021 3022 15
1357 1147 3022 1146 15
1356 1146 1357 3022 15
1147 1357 3022 3023 15
1358 1148 3023 1147 15
1357 1147 1358 3023 15
1148 1358 3023 3024 15
1359 1149 3024 1148 15
1358 1148 1359 3024 15
1149 1359 3024 3025 15
1360 1150 3025 1149 15
1359 1149 1360 3025 15
1150 1360 3025 3026 15
1361 1151 3026 1150 15
1360 1150 1361 3026 15
1151 1361 3026 3027 15
1362 1152 3027 1151 15
1361 1151 1362 3027 15
1152 1362 3027 3028 15
1363 1153 3028 1152 15
1362 1152 1363 3028 15
1153 1363 3028 3029 15
1364 1154 3029 1153 15
1363 1153 1364 3029 15
1154 1364 3029 3030 15
1365 1155 3030 1154 15
1364 1154 1365 3030 15
1155 1365 3030 3031 15
1366 1156 3031 1155 15
1365 1155 1366 3031 15
1156 1366 3031 3032 15
1367 1157 3032 1156 15
1366 1156 1367 3032 15
1157 1367 3032 1045 15
934 920 1045 1157 15
1367 1157 934 1045 15
258 250 279 3033 15
2598 2718 3033 250 15
250 2718 3033 258 15
2718 2598 3033 3034 15
2599 2719 3034 2598 15
2598 2719 3034 2718 15
2719 2599 3034 3035 15
2600 2720 3035 2599 15
2599 2720 3035 2719 15
2720 2600 3035 3036 15
2601 2721 3036 2600 15
2600 2721 3036 2720 15
2721 2601 3036 3037 15
2602 2722 3037 2601 15
2601 2722 3037 2721 15
2722 2602 3037 3038 15
2603 2723 3038 2602 15
2602 2723 3038 2722 15
2723 2603 3038 3039 15
2604 2724 3039 2603 15
2603 2724 3039 2723 15
2724 2604 3039 3040 15
2605 2725 3040 2604 15
2604 2725 3040 2724 15
2725 2605 3040 3041 15
2606 2726 3041 2605 15
2605 2726 3041 2725 15
2726 2606 3041 3042 15
2607 2727 3042 2606 15
2606 2727 3042 2726 15
2727 2607 3042 3043 15
2608 2728 3043 2607 15
2607 2728 3043 2727 15
2728 2608 3043 3044 15
2609 2729 3044 2608 15
2608 2729 3044 2728 15
2729 2609 3044 3045 15
2610 2730 3045 2609 15
2609 2730 3045 2729 15
2730 2610 3045 3046 15
2611 2731 3046 2610 15
2610 2731 3046 2730 15
2731 2611 3046 3047 15
2612 2732 3047 2611 15
2611 2732 3047 2731 15
2732 2612 3047 1046 15
1017 1025 1046 2612 15
2612 1025 1046 2732 15
282 213 283 3093 15
2043 3078 3093 213 15
213 3078 3093 282 15
3078 2043 3093 3094 15
2044 3079 3094 2043 15
2043 3079 3094 3078 15
3079 2044 3094 3095 15
2045 3080 3095 2044 15
2044 3080 3095 3079 15
3080 2045 3095 3096 15
2046 3081 3096 2045 15
2045 3081 3096 3080 15
3081 2046 3096 3097 15
2047 3082 3097 2046 15
2046 3082 3097 3081 15
3082 2047 3097 3098 15
2048 3083 3098 2047 15
2047 3083 3098 3082 15
3083 2048 3098 3099 15
2049 3084 3099 2048 15
2048 3084 3099 3083 15
3084 2049 3099 3100 15
2050 3085 3100 2049 15
2049 3085 3100 3084 15
3085 2050 3100 3101 15
2051 3086 3101 2050 15
2050 3086 3101 3085 15
3086 2051 3101 3102 15
2052 3087 3102 2051 15
2051 3087 3102 3086 15
3087 2052 3102 3103 15
2053 3088 3103 2052 15
2052 3088 3103 3087 15
3088 2053 3103 3104 15
2054 3089 3104 2053 15
2053 3089 3104 3088 15
3089 2054 3104 3105 15
2055 3090 3105 2054 15
2054 3090 3105 3089 15
3090 2055 3105 3106 15
2056 3091 3106 2055 15
2055 3091 3106 3090 15
3091 2056 3106 3107 15
2057 3092 3107 2056 15
2056 3092 3107 3091 15
3092 2057 3107 1050 15
980 1049 1050 2057 15
2057 1049 1050 3092 15
262 264 306 3438 15
2808 2778 3438 262 15
264 262 2808 3438 15
2778 2808 3438 3439 15
2809 2779 3439 2778 15
2808 2778 2809 3439 15
2779 2809 3439 3440 15
2810 2780 3440 2779 15
2809 2779 2810 3440 15
2780 2810 3440 3441 15
2811 2781 3441 2780 15
2810 2780 2811 3441 15
2781 2811 3441 3442 15
2812 2782 3442 2781 15
2811 2781 2812 3442 15
2782 2812 3442 3443 15
2813 2783 3443 2782 15
2812 2782 2813 3443 15
2783 2813 3443 3444 15
2814 2784 3444 2783 15
2813 2783 2814 3444 15
2784 2814 3444 3445 15
2815 2785 3445 2784 15
2814 2784 2815 3445 15
2785 2815 3445 3446 15
2816 2786 3446 2785 15
2815 2785 2816 3446 15
2786 2816 3446 3447 15
2817 2787 3447 2786 15
2816 2786 2817 3447 15
2787 2817 3447 3448 15
2818 2788 3448 2787 15
2817 2787 2818 3448 15
2788 2818 3448 3449 15
2819 2789 3449 2788 15
2818 2788 2819 3449 15
2789 2819 3449 3450 15
2820 2790 3450 2789 15
2819 2789 2820 3450 15
2790 2820 3450 3451 15
2821 2791 3451 2790 15
2820 2790 2821 3451 15
2791 2821 3451 3452 15
2822 2792 3452 2791 15
2821 2791 2822 3452 15
2792 2822 3452 1073 15
1031 1029 1073 2792 15
2822 2792 1031 1073 15
266 219 308 3468 15
2133 2838 3468 219 15
219 2838 3468 266 15
2838 2133 3468 3469 15
2134 2839 3469 2133 15
2133 2839 3469 2838 15
2839 2134 3469 3470 15
2135 2840 3470 2134 15
2134 2840 3470 2839 15
2840 2135 3470 3471 15
2136 2841 3471 2135 15
2135 2841 3471 2840 15
2841 2136 3471 3472 15
2137 2842 3472 2136 15
2136 2842 3472 2841 15
2842 2137 3472 3473 15
2138 2843 3473 2137 15
2137 2843 3473 2842 15
2843 2138 3473 3474 15
2139 2844 3474 2138 15
2138 2844 3474 2843 15
2844 2139 3474 3475 15
2140 2845 3475 2139 15
2139 2845 3475 2844 15
2845 2140 3475 3476 15
2141 2846 3476 2140 15
2140 2846 3476 2845 15
2846 2141 3476 3477 15
2142 2847 3477 2141 15
2141 2847 3477 2846 15
2847 2142 3477 3478 15
2143 2848 3478 2142 15
2142 2848 3478 2847 15
2848 2143 3478 3479 15
2144 2849 3479 2143 15
2143 2849 3479 2848 15
2849 2144 3479 3480 15
2145 2850 3480 2144 15
2144 2850 3480 2849 15
2850 2145 3480 3481 15
2146 2851 3481 2145 15
2145 2851 3481 2850 15
2851 2146 3481 3482 15
2147 2852 3482 2146 15
2146 2852 3482 2851 15
2852 2147 3482 1075 15
986 1033 1075 2147 15
2147 1033 1075 2852 15
235 241 312 3528 15
2463 2373 3528 235 15
241 235 2463 3528 15
2373 2463 3528 3529 15
2464 2374 3529 2373 15
2463 2373 2464 3529 15
2374 2464 3529 3530 15
2465 2375 3530 2374 15
2464 2374 2465 3530 15
2375 2465 3530 3531 15
2466 2376 3531 2375 15
2465 2375 2466 3531 15
2376 2466 3531 3532 15
2467 2377 3532 2376 15
2466 2376 2467 3532 15
2377 2467 3532 3533 15
2468 2378 3533 2377 15
2467 2377 2468 3533 15
2378 2468 3533 3534 15
2469 2379 3534 2378 15
2468 2378 2469 3534 15
2379 2469 3534 3535 15
2470 2380 3535 2379 15
2469 2379 2470 3535 15
2380 2470 3535 3536 15
2471 2381 3536 2380 15
2470 2380 2471 3536 15
2381 2471 3536 3537 15
2472 2382 3537 2381 15
2471 2381 2472 3537 15
2382 2472 3537 3538 15
2473 2383 3538 2382 15
2472 2382 2473 3538 15
2383 2473 3538 3539 15
2474 2384 3539 2383 15
2473 2383 2474 3539 15
2384 2474 3539 3540 15
2475 2385 3540 2384 15
2474 2384 2475 3540 15
2385 2475 3540 3541 15
2476 2386 3541 2385 15
2475 2385 2476 3541 15
2386 2476 3541 3542 15
2477 2387 3542 2386 15
2476 2386 2477 3542 15
2387 2477 3542 1079 15
1008 1002 1079 2387 15
2477 2387 1008 1079 15
234 231 315 3573 15
2313 2358 3573 231 15
231 2358 3573 234 15
2358 2313 3573 3574 15
2314 2359 3574 2313 15
2313 2359 3574 2358 15
2359 2314 3574 3575 15
2315 2360 3575 2314 15
2314 2360 3575 2359 15
2360 2315 3575 3576 15
2316 2361 3576 2315 15
2315 2361 3576 2360 15
2361 2316 3576 3577 15
2317 2362 3577 2316 15
2316 2362 3577 2361 15
2362 2317 3577 3578 15
2318 2363 3578 2317 15
2317 2363 3578 2362 15
2363 2318 3578 3579 15
2319 2364 3579 2318 15
2318 2364 3579 2363 15
2364 2319 3579 3580 15
2320 2365 3580 2319 15
2319 2365 3580 2364 15
2365 2320 3580 3581 15
2321 2366 3581 2320 15
2320 2366 3581 2365 15
2366 2321 3581 3582 15
2322 2367 3582 2321 15
2321 2367 3582 2366 15
2367 2322 3582 3583 15
2323 2368 3583 2322 15
2322 2368 3583 2367 15
2368 2323 3583 3584 15
2324 2369 3584 2323 15
2323 2369 3584 2368 15
2369 2324 3584 3585 15
2325 2370 3585 2324 15
2324 2370 3585 2369 15
2370 2325 3585 3586 15
2326 2371 3586 2325 15
2325 2371 3586 2370 15
2371 2326 3586 3587 15
2327 2372 3587 2326 15
2326 2372 3587 2371 15
2372 2327 3587 1082 15
998 1001 1082 2327 15
2327 1001 1082 2372 15
229 267 313 3543 15
2853 2283 3543 229 15
267 229 2853 3543 15
2283 2853 3543 3544 15
2854 2284 3544 2283 15
2853 2283 2854 3544 15
2284 2854 3544 3545 15
2855 2285 3545 2284 15
2854 2284 2855 3545 15
2285 2855 3545 3546 15
2856 2286 3546 2285 15
2855 2285 2856 3546 15
2286 2856 3546 3547 15
2857 2287 3547 2286 15
2856 2286 2857 3547 15
2287 2857 3547 3548 15
2858 2288 3548 2287 15
2857 2287 2858 3548 15
2288 2858 3548 3549 15
2859 2289 3549 2288 15
2858 2288 2859 3549 15
2289 2859 3549 3550 15
2860 2290 3550 2289 15
2859 2289 2860 3550 15
2290 2860 3550 3551 15
2861 2291 3551 2290 15
2860 2290 2861 3551 15
2291 2861 3551 3552 15
2862 2292 3552 2291 15
2861 2291 2862 3552 15
2292 2862 3552 3553 15
2863 2293 3553 2292 15
2862 2292 2863 3553 15
2293 2863 3553 3554 15
2864 2294 3554 2293 15
2863 2293 2864 3554 15
2294 2864 3554 3555 15
2865 2295 3555 2294 15
2864 2294 2865 3555 15
2295 2865 3555 3556 15
2866 2296 3556 2295 15
2865 2295 2866 3556 15
2296 2866 3556 3557 15
2867 2297 3557 2296 15
2866 2296 2867 3557 15
2297 2867 3557 1080 15
1034 996 1080 2297 15
2867 2297 1034 1080 15
253 252 313 3543 15
2628 2643 3543 252 15
252 2643 3543 253 15
2643 2628 3543 3544 15
2629 2644 3544 2628 15
2628 2644 3544 2643 15
2644 2629 3544 3545 15
2630 2645 3545 2629 15
2629 2645 3545 2644 15
2645 2630 3545 3546 15
2631 2646 3546 2630 15
2630 2646 3546 2645 15
2646 2631 3546 3547 15
2632 2647 3547 2631 15
2631 2647 3547 2646 15
2647 2632 3547 3548 15
2633 2648 3548 2632 15
2632 2648 3548 2647 15
2648 2633 3548 3549 15
2634 2649 3549 2633 15
2633 2649 3549 2648 15
2649 2634 3549 3550 15
2635 2650 3550 2634 15
2634 2650 3550 2649 15
2650 2635 3550 3551 15
2636 2651 3551 2635 15
2635 2651 3551 2650 15
2651 2636 3551 3552 15
2637 2652 3552 2636 15
2636 2652 3552 2651 15
2652 2637 3552 3553 15
2638 2653 3553 2637 15
2637 2653 3553 2652 15
2653 2638 3553 3554 15
2639 2654 3554 2638 15
2638 2654 3554 2653 15
2654 2639 3554 3555 15
2640 2655 3555 2639 15
2639 2655 3555 2654 15
2655 2640 3555 3556 15
2641 2656 3556 2640 15
2640 2656 3556 2655 15
2656 2641 3556 3557 15
2642 2657 3557 2641 15
2641 2657 3557 2656 15
2657 2642 3557 1080 15
1019 1020 1080 2642 15
2642 1020 1080 2657 15
256 218 281 2688 15
2118 2688 3063 218 15
218 2688 3063 281 15
2688 2118 3063 2689 15
2119 2689 3064 2118 15
2118 2689 3064 3063 15
2689 2119 3064 2690 15
2120 2690 3065 2119 15
2119 2690 3065 3064 15
2690 2120 3065 2691 15
2121 2691 3066 2120 15
2120 2691 3066 3065 15
2691 2121 3066 2692 15
2122 2692 3067 2121 15
2121 2692 3067 3066 15
2692 2122 3067 2693 15
2123 2693 3068 2122 15
2122 2693 3068 3067 15
2693 2123 3068 2694 15
2124 2694 3069 2123 15
2123 2694 3069 3068 15
2694 2124 3069 2695 15
2125 2695 3070 2124 15
2124 2695 3070 3069 15
2695 2125 3070 2696 15
2126 2696 3071 2125 15
2125 2696 3071 3070 15
2696 2126 3071 2697 15
2127 2697 3072 2126 15
2126 2697 3072 3071 15
2697 2127 3072 2698 15
2128 2698 3073 2127 15
2127 2698 3073 3072 15
2698 2128 3073 2699 15
2129 2699 3074 2128 15
2128 2699 3074 3073 15
2699 2129 3074 2700 15
2130 2700 3075 2129 15
2129 2700 3075 3074 15
2700 2130 3075 2701 15
2131 2701 3076 2130 15
2130 2701 3076 3075 15
2701 2131 3076 2702 15
2132 2702 3077 2131 15
2131 2702 3077 3076 15
2702 2132 3077 1023 15
985 1023 1048 2132 15
2132 1023 1048 3077 15
153 165 166 1143 15
1323 1143 1338 165 15
165 1143 1338 166 15
1143 1323 1338 1144 15
1324 1144 1339 1323 15
1323 1144 1339 1338 15
1144 1324 1339 1145 15
1325 1145 1340 1324 15
1324 1145 1340 1339 15
1145 1325 1340 1146 15
1326 1146 1341 1325 15
1325 1146 1341 1340 15
1146 1326 1341 1147 15
1327 1147 1342 1326 15
1326 1147 1342 1341 15
1147 1327 1342 1148 15
1328 1148 1343 1327 15
1327 1148 1343 1342 15
1148 1328 1343 1149 15
1329 1149 1344 1328 15
1328 1149 1344 1343 15
1149 1329 1344 1150 15
1330 1150 1345 1329 15
1329 1150 1345 1344 15
1150 1330 1345 1151 15
1331 1151 1346 1330 15
1330 1151 1346 1345 15
1151 1331 1346 1152 15
1332 1152 1347 1331 15
1331 1152 1347 1346 15
1152 1332 1347 1153 15
1333 1153 1348 1332 15
1332 1153 1348 1347 15
1153 1333 1348 1154 15
1334 1154 1349 1333 15
1333 1154 1349 1348 15
1154 1334 1349 1155 15
1335 1155 1350 1334 15
1334 1155 1350 1349 15
1155 1335 1350 1156 15
1336 1156 1351 1335 15
1335 1156 1351 1350 15
1156 1336 1351 1157 15
1337 1157 1352 1336 15
1336 1157 1352 1351 15
1157 1337 1352 920 15
932 920 933 1337 15
1337 920 933 1352 15
158 236 307 3453 15
2388 1218 3453 158 15
236 158 2388 3453 15
1218 2388 3453 3454 15
2389 1219 3454 1218 15
2388 1218 2389 3454 15
1219 2389 3454 3455 15
2390 1220 3455 1219 15
2389 1219 2390 3455 15
1220 2390 3455 3456 15
2391 1221 3456 1220 15
2390 1220 2391 3456 15
1221 2391 3456 3457 15
2392 1222 3457 1221 15
2391 1221 2392 3457 15
1222 2392 3457 3458 15
2393 1223 3458 1222 15
2392 1222 2393 3458 15
1223 2393 3458 3459 15
2394 1224 3459 1223 15
2393 1223 2394 3459 15
1224 2394 3459 3460 15
2395 1225 3460 1224 15
2394 1224 2395 3460 15
1225 2395 3460 3461 15
2396 1226 3461 1225 15
2395 1225 2396 3461 15
1226 2396 3461 3462 15
2397 1227 3462 1226 15
2396 1226 2397 3462 15
1227 2397 3462 3463 15
2398 1228 3463 1227 15
2397 1227 2398 3463 15
1228 2398 3463 3464 15
2399 1229 3464 1228 15
2398 1228 2399 3464 15
1229 2399 3464 3465 15
2400 1230 3465 1229 15
2399 1229 2400 3465 15
1230 2400 3465 3466 15
2401 1231 3466 1230 15
2400 1230 2401 3466 15
1231 2401 3466 3467 15
2402 1232 3467 1231 15
2401 1231 2402 3467 15
1232 2402 3467 1074 15
1003 925 1074 1232 15
2402 1232 1003 1074 15
280 254 299 3333 15
2658 3048 3333 254 15
254 3048 3333 280 15
3048 2658 3333 3334 15
2659 3049 3334 2658 15
2658 3049 3334 3048 15
3049 2659 3334 3335 15
2660 3050 3335 2659 15
2659 3050 3335 3049 15
3050 2660 3335 3336 15
2661 3051 3336 2660 15
2660 3051 3336 3050 15
3051 2661 3336 3337 15
2662 3052 3337 2661 15
2661 3052 3337 3051 15
3052 2662 3337 3338 15
2663 3053 3338 2662 15
2662 3053 3338 3052 15
3053 2663 3338 3339 15
2664 3054 3339 2663 15
2663 3054 3339 3053 15
3054 2664 3339 3340 15
2665 3055 3340 2664 15
2664 3055 3340 3054 15
3055 2665 3340 3341 15
2666 3056 3341 2665 15
2665 3056 3341 3055 15
3056 2666 3341 3342 15
2667 3057 3342 2666 15
2666 3057 3342 3056 15
3057 2667 3342 3343 15
2668 3058 3343 2667 15
2667 3058 3343 3057 15
3058 2668 3343 3344 15
2669 3059 3344 2668 15
2668 3059 3344 3058 15
3059 2669 3344 3345 15
2670 3060 3345 2669 15
2669 3060 3345 3059 15
3060 2670 3345 3346 15
2671 3061 3346 2670 15
2670 3061 3346 3060 15
3061 2671 3346 3347 15
2672 3062 3347 2671 15
2671 3062 3347 3061 15
3062 2672 3347 1066 15
1021 1047 1066 2672 15
2672 1047 1066 3062 15
276 157 300 3348 15
1203 2988 3348 157 15
157 2988 3348 276 15
2988 1203 3348 3349 15
1204 2989 3349 1203 15
1203 2989 3349 2988 15
2989 1204 3349 3350 15
1205 2990 3350 1204 15
1204 2990 3350 2989 15
2990 1205 3350 3351 15
1206 2991 3351 1205 15
1205 2991 3351 2990 15
2991 1206 3351 3352 15
1207 2992 3352 1206 15
1206 2992 3352 2991 15
2992 1207 3352 3353 15
1208 2993 3353 1207 15
1207 2993 3353 2992 15
2993 1208 3353 3354 15
1209 2994 3354 1208 15
1208 2994 3354 2993 15
2994 1209 3354 3355 15
1210 2995 3355 1209 15
1209 2995 3355 2994 15
2995 1210 3355 3356 15
1211 2996 3356 1210 15
1210 2996 3356 2995 15
2996 1211 3356 3357 15
1212 2997 3357 1211 15
1211 2997 3357 2996 15
2997 1212 3357 3358 15
1213 2998 3358 1212 15
1212 2998 3358 2997 15
2998 1213 3358 3359 15
1214 2999 3359 1213 15
1213 2999 3359 2998 15
2999 1214 3359 3360 15
1215 3000 3360 1214 15
1214 3000 3360 2999 15
3000 1215 3360 3361 15
1216 3001 3361 1215 15
1215 3001 3361 3000 15
3001 1216 3361 3362 15
1217 3002 3362 1216 15
1216 3002 3362 3001 15
3002 1217 3362 1067 15
924 1043 1067 1217 15
1217 1043 1067 3002 15
251 276 300 3348 15
2988 2613 3348 251 15
276 251 2988 3348 15
2613 2988 3348 3349 15
2989 2614 3349 2613 15
2988 2613 2989 3349 15
2614 2989 3349 3350 15
2990 2615 3350 2614 15
2989 2614 2990 3350 15
2615 2990 3350 3351 15
2991 2616 3351 2615 15
2990 2615 2991 3351 15
2616 2991 3351 3352 15
2992 2617 3352 2616 15
2991 2616 2992 3352 15
2617 2992 3352 3353 15
2993 2618 3353 2617 15
2992 2617 2993 3353 15
2618 2993 3353 3354 15
2994 2619 3354 2618 15
2993 2618 2994 3354 15
2619 2994 3354 3355 15
2995 2620 3355 2619 15
2994 2619 2995 3355 15
2620 2995 3355 3356 15
2996 2621 3356 2620 15
2995 2620 2996 3356 15
2621 2996 3356 3357 15
2997 2622 3357 2621 15
2996 2621 2997 3357 15
2622 2997 3357 3358 15
2998 2623 3358 2622 15
2997 2622 2998 3358 15
2623 2998 3358 3359 15
2999 2624 3359 2623 15
2998 2623 2999 3359 15
2624 2999 3359 3360 15
3000 2625 3360 2624 15
2999 2624 3000 3360 15
2625 3000 3360 3361 15
3001 2626 3361 2625 15
3000 2625 3001 3361 15
2626 3001 3361 3362 15
3002 2627 3362 2626 15
3001 2626 3002 3362 15
2627 3002 3362 1067 15
1043 1018 1067 2627 15
3002 2627 1043 1067 15
260 291 306 3438 15
3213 2748 3438 260 15
291 260 3213 3438 15
2748 3213 3438 3439 15
3214 2749 3439 2748 15
3213 2748 3214 3439 15
2749 3214 3439 3440 15
3215 2750 3440 2749 15
3214 2749 3215 3440 15
2750 3215 3440 3441 15
3216 2751 3441 2750 15
3215 2750 3216 3441 15
2751 3216 3441 3442 15
3217 2752 3442 2751 15
3216 2751 3217 3442 15
2752 3217 3442 3443 15
3218 2753 3443 2752 15
3217 2752 3218 3443 15
2753 3218 3443 3444 15
3219 2754 3444 2753 15
3218 2753 3219 3444 15
2754 3219 3444 3445 15
3220 2755 3445 2754 15
3219 2754 3220 3445 15
2755 3220 3445 3446 15
3221 2756 3446 2755 15
3220 2755 3221 3446 15
2756 3221 3446 3447 15
3222 2757 3447 2756 15
3221 2756 3222 3447 15
2757 3222 3447 3448 15
3223 2758 3448 2757 15
3222 2757 3223 3448 15
2758 3223 3448 3449 15
3224 2759 3449 2758 15
3223 2758 3224 3449 15
2759 3224 3449 3450 15
3225 2760 3450 2759 15
3224 2759 3225 3450 15
2760 3225 3450 3451 15
3226 2761 3451 2760 15
3225 2760 3226 3451 15
2761 3226 3451 3452 15
3227 2762 3452 2761 15
3226 2761 3227 3452 15
2762 3227 3452 1073 15
1058 1027 1073 2762 15
3227 2762 1058 1073 15
209 213 282 3078 15
2043 1983 3078 209 15
213 209 2043 3078 15
1983 2043 3078 3079 15
2044 1984 3079 1983 15
2043 1983 2044 3079 15
1984 2044 3079 3080 15
2045 1985 3080 1984 15
2044 1984 2045 3080 15
1985 2045 3080 3081 15
2046 1986 3081 1985 15
2045 1985 2046 3081 15
1986 2046 3081 3082 15
2047 1987 3082 1986 15
2046 1986 2047 3082 15
1987 2047 3082 3083 15
2048 1988 3083 1987 15
2047 1987 2048 3083 15
1988 2048 3083 3084 15
2049 1989 3084 1988 15
2048 1988 2049 3084 15
1989 2049 3084 3085 15
2050 1990 3085 1989 15
2049 1989 2050 3085 15
1990 2050 3085 3086 15
2051 1991 3086 1990 15
2050 1990 2051 3086 15
1991 2051 3086 3087 15
2052 1992 3087 1991 15
2051 1991 2052 3087 15
1992 2052 3087 3088 15
2053 1993 3088 1992 15
2052 1992 2053 3088 15
1993 2053 3088 3089 15
2054 1994 3089 1993 15
2053 1993 2054 3089 15
1994 2054 3089 3090 15
2055 1995 3090 1994 15
2054 1994 2055 3090 15
1995 2055 3090 3091 15
2056 1996 3091 1995 15
2055 1995 2056 3091 15
1996 2056 3091 3092 15
2057 1997 3092 1996 15
2056 1996 2057 3092 15
1997 2057 3092 1049 15
980 976 1049 1997 15
2057 1997 980 1049 15
234 290 312 3528 15
3198 2358 3528 234 15
290 234 3198 3528 15
2358 3198 3528 3529 15
3199 2359 3529 2358 15
3198 2358 3199 3529 15
2359 3199 3529 3530 15
3200 2360 3530 2359 15
3199 2359 3200 3530 15
2360 3200 3530 3531 15
3201 2361 3531 2360 15
3200 2360 3201 3531 15
2361 3201 3531 3532 15
3202 2362 3532 2361 15
3201 2361 3202 3532 15
2362 3202 3532 3533 15
3203 2363 3533 2362 15
3202 2362 3203 3533 15
2363 3203 3533 3534 15
3204 2364 3534 2363 15
3203 2363 3204 3534 15
2364 3204 3534 3535 15
3205 2365 3535 2364 15
3204 2364 3205 3535 15
2365 3205 3535 3536 15
3206 2366 3536 2365 15
3205 2365 3206 3536 15
2366 3206 3536 3537 15
3207 2367 3537 2366 15
3206 2366 3207 3537 15
2367 3207 3537 3538 15
3208 2368 3538 2367 15
3207 2367 3208 3538 15
2368 3208 3538 3539 15
3209 2369 3539 2368 15
3208 2368 3209 3539 15
2369 3209 3539 3540 15
3210 2370 3540 2369 15
3209 2369 3210 3540 15
2370 3210 3540 3541 15
3211 2371 3541 2370 15
3210 2370 3211 3541 15
2371 3211 3541 3542 15
3212 2372 3542 2371 15
3211 2371 3212 3542 15
2372 3212 3542 1079 15
1057 1001 1079 2372 15
3212 2372 1057 1079 15
227 289 308 3468 15
3183 2253 3468 227 15
289 227 3183 3468 15
2253 3183 3468 3469 15
3184 2254 3469 2253 15
3183 2253 3184 3469 15
2254 3184 3469 3470 15
3185 2255 3470 2254 15
3184 2254 3185 3470 15
2255 3185 3470 3471 15
3186 2256 3471 2255 15
3185 2255 3186 3471 15
2256 3186 3471 3472 15
3187 2257 3472 2256 15
3186 2256 3187 3472 15
2257 3187 3472 3473 15
3188 2258 3473 2257 15
3187 2257 3188 3473 15
2258 3188 3473 3474 15
3189 2259 3474 2258 15
3188 2258 3189 3474 15
2259 3189 3474 3475 15
3190 2260 3475 2259 15
3189 2259 3190 3475 15
2260 3190 3475 3476 15
3191 2261 3476 2260 15
3190 2260 3191 3476 15
2261 3191 3476 3477 15
3192 2262 3477 2261 15
3191 2261 3192 3477 15
2262 3192 3477 3478 15
3193 2263 3478 2262 15
3192 2262 3193 3478 15
2263 3193 3478 3479 15
3194 2264 3479 2263 15
3193 2263 3194 3479 15
2264 3194 3479 3480 15
3195 2265 3480 2264 15
3194 2264 3195 3480 15
2265 3195 3480 3481 15
3196 2266 3481 2265 15
3195 2265 3196 3481 15
2266 3196 3481 3482 15
3197 2267 3482 2266 15
3196 2266 3197 3482 15
2267 3197 3482 1075 15
1056 994 1075 2267 15
3197 2267 1056 1075 15
276 284 305 3423 15
3108 2988 3423 284 15
284 2988 3423 276 15
2988 3108 3423 3424 15
3109 2989 3424 3108 15
3108 2989 3424 2988 15
2989 3109 3424 3425 15
3110 2990 3425 3109 15
3109 2990 3425 2989 15
2990 3110 3425 3426 15
3111 2991 3426 3110 15
3110 2991 3426 2990 15
2991 3111 3426 3427 15
3112 2992 3427 3111 15
3111 2992 3427 2991 15
2992 3112 3427 3428 15
3113 2993 3428 3112 15
3112 2993 3428 2992 15
2993 3113 3428 3429 15
3114 2994 3429 3113 15
3113 2994 3429 2993 15
2994 3114 3429 3430 15
3115 2995 3430 3114 15
3114 2995 3430 2994 15
2995 3115 3430 3431 15
3116 2996 3431 3115 15
3115 2996 3431 2995 15
2996 3116 3431 3432 15
3117 2997 3432 3116 15
3116 2997 3432 2996 15
2997 3117 3432 3433 15
3118 2998 3433 3117 15
3117 2998 3433 2997 15
2998 3118 3433 3434 15
3119 2999 3434 3118 15
3118 2999 3434 2998 15
2999 3119 3434 3435 15
3120 3000 3435 3119 15
3119 3000 3435 2999 15
3000 3120 3435 3436 15
3121 3001 3436 3120 15
3120 3001 3436 3000 15
3001 3121 3436 3437 15
3122 3002 3437 3121 15
3121 3002 3437 3001 15
3002 3122 3437 1072 15
1051 1043 1072 3122 15
3122 1043 1072 3002 15
253 159 314 3558 15
1233 2643 3558 253 15
159 253 1233 3558 15
2643 1233 3558 3559 15
1234 2644 3559 2643 15
1233 2643 1234 3559 15
2644 1234 3559 3560 15
1235 2645 3560 2644 15
1234 2644 1235 3560 15
2645 1235 3560 3561 15
1236 2646 3561 2645 15
1235 2645 1236 3561 15
2646 1236 3561 3562 15
1237 2647 3562 2646 15
1236 2646 1237 3562 15
2647 1237 3562 3563 15
1238 2648 3563 2647 15
1237 2647 1238 3563 15
2648 1238 3563 3564 15
1239 2649 3564 2648 15
1238 2648 1239 3564 15
2649 1239 3564 3565 15
1240 2650 3565 2649 15
1239 2649 1240 3565 15
2650 1240 3565 3566 15
1241 2651 3566 2650 15
1240 2650 1241 3566 15
2651 1241 3566 3567 15
1242 2652 3567 2651 15
1241 2651 1242 3567 15
2652 1242 3567 3568 15
1243 2653 3568 2652 15
1242 2652 1243 3568 15
2653 1243 3568 3569 15
1244 2654 3569 2653 15
1243 2653 1244 3569 15
2654 1244 3569 3570 15
1245 2655 3570 2654 15
1244 2654 1245 3570 15
2655 1245 3570 3571 15
1246 2656 3571 2655 15
1245 2655 1246 3571 15
2656 1246 3571 3572 15
1247 2657 3572 2656 15
1246 2656 1247 3572 15
2657 1247 3572 1081 15
926 1020 1081 2657 15
1247 2657 926 1081 15
22 23 165 1323 15
526 511 1323 22 15
23 22 526 1323 15
511 526 1323 1324 15
527 512 1324 511 15
526 511 527 1324 15
512 527 1324 1325 15
528 513 1325 512 15
527 512 528 1325 15
513 528 1325 1326 15
529 514 1326 513 15
528 513 529 1326 15
514 529 1326 1327 15
530 515 1327 514 15
529 514 530 1327 15
515 530 1327 1328 15
531 516 1328 515 15
530 515 531 1328 15
516 531 1328 1329 15
532 517 1329 516 15
531 516 532 1329 15
517 532 1329 1330 15
533 518 1330 517 15
532 517 533 1330 15
518 533 1330 1331 15
534 519 1331 518 15
533 518 534 1331 15
519 534 1331 1332 15
535 520 1332 519 15
534 519 535 1332 15
520 535 1332 1333 15
536 521 1333 520 15
535 520 536 1333 15
521 536 1333 1334 15
537 522 1334 521 15
536 521 537 1334 15
522 537 1334 1335 15
538 523 1335 522 15
537 522 538 1335 15
523 538 1335 1336 15
539 524 1336 523 15
538 523 539 1336 15
524 539 1336 1337 15
540 525 1337 524 15
539 524 540 1337 15
525 540 1337 932 15
94 95 932 525 15
540 525 94 932 15
42 43 287 3153 15
826 811 3153 42 15
43 42 826 3153 15
811 826 3153 3154 15
827 812 3154 811 15
826 811 827 3154 15
812 827 3154 3155 15
828 813 3155 812 15
827 812 828 3155 15
813 828 3155 3156 15
829 814 3156 813 15
828 813 829 3156 15
814 829 3156 3157 15
830 815 3157 814 15
829 814 830 3157 15
815 830 3157 3158 15
831 816 3158 815 15
830 815 831 3158 15
816 831 3158 3159 15
832 817 3159 816 15
831 816 832 3159 15
817 832 3159 3160 15
833 818 3160 817 15
832 817 833 3160 15
818 833 3160 3161 15
834 819 3161 818 15
833 818 834 3161 15
819 834 3161 3162 15
835 820 3162 819 15
834 819 835 3162 15
820 835 3162 3163 15
836 821 3163 820 15
835 820 836 3163 15
821 836 3163 3164 15
837 822 3164 821 15
836 821 837 3164 15
822 837 3164 3165 15
838 823 3165 822 15
837 822 838 3165 15
823 838 3165 3166 15
839 824 3166 823 15
838 823 839 3166 15
824 839 3166 3167 15
840 825 3167 824 15
839 824 840 3167 15
825 840 3167 1054 15
144 145 1054 825 15
840 825 144 1054 15
43 44 291 3213 15
841 826 3213 43 15
44 43 841 3213 15
826 841 3213 3214 15
842 827 3214 826 15
841 826 842 3214 15
827 842 3214 3215 15
843 828 3215 827 15
842 827 843 3215 15
828 843 3215 3216 15
844 829 3216 828 15
843 828 844 3216 15
829 844 3216 3217 15
845 830 3217 829 15
844 829 845 3217 15
830 845 3217 3218 15
846 831 3218 830 15
845 830 846 3218 15
831 846 3218 3219 15
847 832 3219 831 15
846 831 847 3219 15
832 847 3219 3220 15
848 833 3220 832 15
847 832 848 3220 15
833 848 3220 3221 15
849 834 3221 833 15
848 833 849 3221 15
834 849 3221 3222 15
850 835 3222 834 15
849 834 850 3222 15
835 850 3222 3223 15
851 836 3223 835 15
850 835 851 3223 15
836 851 3223 3224 15
852 837 3224 836 15
851 836 852 3224 15
837 852 3224 3225 15
853 838 3225 837 15
852 837 853 3225 15
838 853 3225 3226 15
854 839 3226 838 15
853 838 854 3226 15
839 854 3226 3227 15
855 840 3227 839 15
854 839 855 3227 15
840 855 3227 1058 15
143 144 1058 840 15
855 840 143 1058 15
153 22 165 1143 15
511 1143 1323 22 15
22 1143 1323 165 15
1143 511 1323 1144 15
512 1144 1324 511 15
511 1144 1324 1323 15
1144 512 1324 1145 15
513 1145 1325 512 15
512 1145 1325 1324 15
1145 513 1325 1146 15
514 1146 1326 513 15
513 1146 1326 1325 15
1146 514 1326 1147 15
515 1147 1327 514 15
514 1147 1327 1326 15
1147 515 1327 1148 15
516 1148 1328 515 15
515 1148 1328 1327 15
1148 516 1328 1149 15
517 1149 1329 516 15
516 1149 1329 1328 15
1149 517 1329 1150 15
518 1150 1330 517 15
517 1150 1330 1329 15
1150 518 1330 1151 15
519 1151 1331 518 15
518 1151 1331 1330 15
1151 519 1331 1152 15
520 1152 1332 519 15
519 1152 1332 1331 15
1152 520 1332 1153 15
521 1153 1333 520 15
520 1153 1333 1332 15
1153 521 1333 1154 15
522 1154 1334 521 15
521 1154 1334 1333 15
1154 522 1334 1155 15
523 1155 1335 522 15
522 1155 1335 1334 15
1155 523 1335 1156 15
524 1156 1336 523 15
523 1156 1336 1335 15
1156 524 1336 1157 15
525 1157 1337 524 15
524 1157 1337 1336 15
1157 525 1337 920 15
95 920 932 525 15
525 920 932 1337 15
155 42 287 3153 15
811 1173 3153 42 15
42 1173 3153 155 15
1173 811 3153 3154 15
812 1174 3154 811 15
811 1174 3154 1173 15
1174 812 3154 3155 15
813 1175 3155 812 15
812 1175 3155 1174 15
1175 813 3155 3156 15
814 1176 3156 813 15
813 1176 3156 1175 15
1176 814 3156 3157 15
815 1177 3157 814 15
814 1177 3157 1176 15
1177 815 3157 3158 15
816 1178 3158 815 15
815 1178 3158 1177 15
1178 816 3158 3159 15
817 1179 3159 816 15
816 1179 3159 1178 15
1179 817 3159 3160 15
818 1180 3160 817 15
817 1180 3160 1179 15
1180 818 3160 3161 15
819 1181 3161 818 15
818 1181 3161 1180 15
1181 819 3161 3162 15
820 1182 3162 819 15
819 1182 3162 1181 15
1182 820 3162 3163 15
821 1183 3163 820 15
820 1183 3163 1182 15
1183 821 3163 3164 15
822 1184 3164 821 15
821 1184 3164 1183 15
1184 822 3164 3165 15
823 1185 3165 822 15
822 1185 3165 1184 15
1185 823 3165 3166 15
824 1186 3166 823 15
823 1186 3166 1185 15
1186 824 3166 3167 15
825 1187 3167 824 15
824 1187 3167 1186 15
1187 825 3167 1054 15
145 922 1054 825 15
825 922 1054 1187 15
31 154 289 3183 15
1158 646 3183 31 15
154 31 1158 3183 15
646 1158 3183 3184 15
1159 647 3184 646 15
1158 646 1159 3184 15
647 1159 3184 3185 15
1160 648 3185 647 15
1159 647 1160 3185 15
648 1160 3185 3186 15
1161 649 3186 648 15
1160 648 1161 3186 15
649 1161 3186 3187 15
1162 650 3187 649 15
1161 649 1162 3187 15
650 1162 3187 3188 15
1163 651 3188 650 15
1162 650 1163 3188 15
651 1163 3188 3189 15
1164 652 3189 651 15
1163 651 1164 3189 15
652 1164 3189 3190 15
1165 653 3190 652 15
1164 652 1165 3190 15
653 1165 3190 3191 15
1166 654 3191 653 15
1165 653 1166 3191 15
654 1166 3191 3192 15
1167 655 3192 654 15
1166 654 1167 3192 15
655 1167 3192 3193 15
1168 656 3193 655 15
1167 655 1168 3193 15
656 1168 3193 3194 15
1169 657 3194 656 15
1168 656 1169 3194 15
657 1169 3194 3195 15
1170 658 3195 657 15
1169 657 1170 3195 15
658 1170 3195 3196 15
1171 659 3196 658 15
1170 658 1171 3196 15
659 1171 3196 3197 15
1172 660 3197 659 15
1171 659 1172 3197 15
660 1172 3197 1056 15
921 121 1056 660 15
1172 660 921 1056 15
2 161 290 3198 15
1263 59 3198 2 15
161 2 1263 3198 15
59 1263 3198 3199 15
1264 60 3199 59 15
1263 59 1264 3199 15
60 1264 3199 3200 15
1265 61 3200 60 15
1264 60 1265 3200 15
61 1265 3200 3201 15
1266 62 3201 61 15
1265 61 1266 3201 15
62 1266 3201 3202 15
1267 63 3202 62 15
1266 62 1267 3202 15
63 1267 3202 3203 15
1268 64 3203 63 15
1267 63 1268 3203 15
64 1268 3203 3204 15
1269 65 3204 64 15
1268 64 1269 3204 15
65 1269 3204 3205 15
1270 66 3205 65 15
1269 65 1270 3205 15
66 1270 3205 3206 15
1271 67 3206 66 15
1270 66 1271 3206 15
67 1271 3206 3207 15
1272 68 3207 67 15
1271 67 1272 3207 15
68 1272 3207 3208 15
1273 69 3208 68 15
1272 68 1273 3208 15
69 1273 3208 3209 15
1274 70 3209 69 15
1273 69 1274 3209 15
70 1274 3209 3210 15
1275 71 3210 70 15
1274 70 1275 3210 15
71 1275 3210 3211 15
1276 72 3211 71 15
1275 71 1276 3211 15
72 1276 3211 3212 15
1277 73 3212 72 15
1276 72 1277 3212 15
73 1277 3212 1057 15
928 5 1057 73 15
1277 73 928 1057 15
44 160 291 3213 15
1248 841 3213 44 15
160 44 1248 3213 15
841 1248 3213 3214 15
1249 842 3214 841 15
1248 841 1249 3214 15
842 1249 3214 3215 15
1250 843 3215 842 15
1249 842 1250 3215 15
843 1250 3215 3216 15
1251 844 3216 843 15
1250 843 1251 3216 15
844 1251 3216 3217 15
1252 845 3217 844 15
1251 844 1252 3217 15
845 1252 3217 3218 15
1253 846 3218 845 15
1252 845 1253 3218 15
846 1253 3218 3219 15
1254 847 3219 846 15
1253 846 1254 3219 15
847 1254 3219 3220 15
1255 848 3220 847 15
1254 847 1255 3220 15
848 1255 3220 3221 15
1256 849 3221 848 15
1255 848 1256 3221 15
849 1256 3221 3222 15
1257 850 3222 849 15
1256 849 1257 3222 15
850 1257 3222 3223 15
1258 851 3223 850 15
1257 850 1258 3223 15
851 1258 3223 3224 15
1259 852 3224 851 15
1258 851 1259 3224 15
852 1259 3224 3225 15
1260 853 3225 852 15
1259 852 1260 3225 15
853 1260 3225 3226 15
1261 854 3226 853 15
1260 853 1261 3226 15
854 1261 3226 3227 15
1262 855 3227 854 15
1261 854 1262 3227 15
855 1262 3227 1058 15
927 143 1058 855 15
1262 855 927 1058 15
1 164 294 3258 15
1308 74 3258 1 15
164 1 1308 3258 15
74 1308 3258 3259 15
1309 75 3259 74 15
1308 74 1309 3259 15
75 1309 3259 3260 15
1310 76 3260 75 15
1309 75 1310 3260 15
76 1310 3260 3261 15
1311 77 3261 76 15
1310 76 1311 3261 15
77 1311 3261 3262 15
1312 78 3262 77 15
1311 77 1312 3262 15
78 1312 3262 3263 15
1313 79 3263 78 15
1312 78 1313 3263 15
79 1313 3263 3264 15
1314 80 3264 79 15
1313 79 1314 3264 15
80 1314 3264 3265 15
1315 81 3265 80 15
1314 80 1315 3265 15
81 1315 3265 3266 15
1316 82 3266 81 15
1315 81 1316 3266 15
82 1316 3266 3267 15
1317 83 3267 82 15
1316 82 1317 3267 15
83 1317 3267 3268 15
1318 84 3268 83 15
1317 83 1318 3268 15
84 1318 3268 3269 15
1319 85 3269 84 15
1318 84 1319 3269 15
85 1319 3269 3270 15
1320 86 3270 85 15
1319 85 1320 3270 15
86 1320 3270 3271 15
1321 87 3271 86 15
1320 86 1321 3271 15
87 1321 3271 3272 15
1322 88 3272 87 15
1321 87 1322 3272 15
88 1322 3272 1061 15
931 6 1061 88 15
1322 88 931 1061 15
18 2 290 3198 15
59 451 3198 18 15
2 18 59 3198 15
451 59 3198 3199 15
60 452 3199 451 15
59 451 60 3199 15
452 60 3199 3200 15
61 453 3200 452 15
60 452 61 3200 15
453 61 3200 3201 15
62 454 3201 453 15
61 453 62 3201 15
454 62 3201 3202 15
63 455 3202 454 15
62 454 63 3202 15
455 63 3202 3203 15
64 456 3203 455 15
63 455 64 3203 15
456 64 3203 3204 15
65 457 3204 456 15
64 456 65 3204 15
457 65 3204 3205 15
66 458 3205 457 15
65 457 66 3205 15
458 66 3205 3206 15
67 459 3206 458 15
66 458 67 3206 15
459 67 3206 3207 15
68 460 3207 459 15
67 459 68 3207 15
460 68 3207 3208 15
69 461 3208 460 15
68 460 69 3208 15
461 69 3208 3209 15
70 462 3209 461 15
69 461 70 3209 15
462 70 3209 3210 15
71 463 3210 462 15
70 462 71 3210 15
463 71 3210 3211 15
72 464 3211 463 15
71 463 72 3211 15
464 72 3211 3212 15
73 465 3212 464 15
72 464 73 3212 15
465 73 3212 1057 15
5 49 1057 465 15
73 465 5 1057 15
151 18 290 3198 15
451 1113 3198 18 15
18 1113 3198 151 15
1113 451 3198 3199 15
452 1114 3199 451 15
451 1114 3199 1113 15
1114 452 3199 3200 15
453 1115 3200 452 15
452 1115 3200 1114 15
1115 453 3200 3201 15
454 1116 3201 453 15
453 1116 3201 1115 15
1116 454 3201 3202 15
455 1117 3202 454 15
454 1117 3202 1116 15
1117 455 3202 3203 15
456 1118 3203 455 15
455 1118 3203 1117 15
1118 456 3203 3204 15
457 1119 3204 456 15
456 1119 3204 1118 15
1119 457 3204 3205 15
458 1120 3205 457 15
457 1120 3205 1119 15
1120 458 3205 3206 15
459 1121 3206 458 15
458 1121 3206 1120 15
1121 459 3206 3207 15
460 1122 3207 459 15
459 1122 3207 1121 15
1122 460 3207 3208 15
461 1123 3208 460 15
460 1123 3208 1122 15
1123 461 3208 3209 15
462 1124 3209 461 15
461 1124 3209 1123 15
1124 462 3209 3210 15
463 1125 3210 462 15
462 1125 3210 1124 15
1125 463 3210 3211 15
464 1126 3211 463 15
463 1126 3211 1125 15
1126 464 3211 3212 15
465 1127 3212 464 15
464 1127 3212 1126 15
1127 465 3212 1057 15
49 918 1057 465 15
465 918 1057 1127 15
30 31 289 3183 15
646 631 3183 30 15
31 30 646 3183 15
631 646 3183 3184 15
647 632 3184 631 15
646 631 647 3184 15
632 647 3184 3185 15
648 633 3185 632 15
647 632 648 3185 15
633 648 3185 3186 15
649 634 3186 633 15
648 633 649 3186 15
634 649 3186 3187 15
650 635 3187 634 15
649 634 650 3187 15
635 650 3187 3188 15
651 636 3188 635 15
650 635 651 3188 15
636 651 3188 3189 15
652 637 3189 636 15
651 636 652 3189 15
637 652 3189 3190 15
653 638 3190 637 15
652 637 653 3190 15
638 653 3190 3191 15
654 639 3191 638 15
653 638 654 3191 15
639 654 3191 3192 15
655 640 3192 639 15
654 639 655 3192 15
640 655 3192 3193 15
656 641 3193 640 15
655 640 656 3193 15
641 656 3193 3194 15
657 642 3194 641 15
656 641 657 3194 15
642 657 3194 3195 15
658 643 3195 642 15
657 642 658 3195 15
643 658 3195 3196 15
659 644 3196 643 15
658 643 659 3196 15
644 659 3196 3197 15
660 645 3197 644 15
659 644 660 3197 15
645 660 3197 1056 15
121 122 1056 645 15
660 645 121 1056 15
48 1 294 3258 15
74 901 3258 48 15
1 48 74 3258 15
901 74 3258 3259 15
75 902 3259 901 15
74 901 75 3259 15
902 75 3259 3260 15
76 903 3260 902 15
75 902 76 3260 15
903 76 3260 3261 15
77 904 3261 903 15
76 903 77 3261 15
904 77 3261 3262 15
78 905 3262 904 15
77 904 78 3262 15
905 78 3262 3263 15
79 906 3263 905 15
78 905 79 3263 15
906 79 3263 3264 15
80 907 3264 906 15
79 906 80 3264 15
907 80 3264 3265 15
81 908 3265 907 15
80 907 81 3265 15
908 81 3265 3266 15
82 909 3266 908 15
81 908 82 3266 15
909 82 3266 3267 15
83 910 3267 909 15
82 909 83 3267 15
910 83 3267 3268 15
84 911 3268 910 15
83 910 84 3268 15
911 84 3268 3269 15
85 912 3269 911 15
84 911 85 3269 15
912 85 3269 3270 15
86 913 3270 912 15
85 912 86 3270 15
913 86 3270 3271 15
87 914 3271 913 15
86 913 87 3271 15
914 87 3271 3272 15
88 915 3272 914 15
87 914 88 3272 15
915 88 3272 1061 15
6 139 1061 915 15
88 915 6 1061 15
149 48 294 1083 15
901 1083 3258 48 15
48 1083 3258 294 15
1083 901 3258 1084 15
902 1084 3259 901 15
901 1084 3259 3258 15
1084 902 3259 1085 15
903 1085 3260 902 15
902 1085 3260 3259 15
1085 903 3260 1086 15
904 1086 3261 903 15
903 1086 3261 3260 15
1086 904 3261 1087 15
905 1087 3262 904 15
904 1087 3262 3261 15
1087 905 3262 1088 15
906 1088 3263 905 15
905 1088 3263 3262 15
1088 906 3263 1089 15
907 1089 3264 906 15
906 1089 3264 3263 15
1089 907 3264 1090 15
908 1090 3265 907 15
907 1090 3265 3264 15
1090 908 3265 1091 15
909 1091 3266 908 15
908 1091 3266 3265 15
1091 909 3266 1092 15
910 1092 3267 909 15
909 1092 3267 3266 15
1092 910 3267 1093 15
911 1093 3268 910 15
910 1093 3268 3267 15
1093 911 3268 1094 15
912 1094 3269 911 15
911 1094 3269 3268 15
1094 912 3269 1095 15
913 1095 3270 912 15
912 1095 3270 3269 15
1095 913 3270 1096 15
914 1096 3271 913 15
913 1096 3271 3270 15
1096 914 3271 1097 15
915 1097 3272 914 15
914 1097 3272 3271 15
1097 915 3272 916 15
139 916 1061 915 15
915 916 1061 3272 15
45 46 293 3243 15
871 856 3243 45 15
46 45 871 3243 15
856 871 3243 3244 15
872 857 3244 856 15
871 856 872 3244 15
857 872 3244 3245 15
873 858 3245 857 15
872 857 873 3245 15
858 873 3245 3246 15
874 859 3246 858 15
873 858 874 3246 15
859 874 3246 3247 15
875 860 3247 859 15
874 859 875 3247 15
860 875 3247 3248 15
876 861 3248 860 15
875 860 876 3248 15
861 876 3248 3249 15
877 862 3249 861 15
876 861 877 3249 15
862 877 3249 3250 15
878 863 3250 862 15
877 862 878 3250 15
863 878 3250 3251 15
879 864 3251 863 15
878 863 879 3251 15
864 879 3251 3252 15
880 865 3252 864 15
879 864 880 3252 15
865 880 3252 3253 15
881 866 3253 865 15
880 865 881 3253 15
866 881 3253 3254 15
882 867 3254 866 15
881 866 882 3254 15
867 882 3254 3255 15
883 868 3255 867 15
882 867 883 3255 15
868 883 3255 3256 15
884 869 3256 868 15
883 868 884 3256 15
869 884 3256 3257 15
885 870 3257 869 15
884 869 885 3257 15
870 885 3257 1060 15
141 142 1060 870 15
885 870 141 1060 15
29 30 288 3168 15
631 616 3168 29 15
30 29 631 3168 15
616 631 3168 3169 15
632 617 3169 616 15
631 616 632 3169 15
617 632 3169 3170 15
633 618 3170 617 15
632 617 633 3170 15
618 633 3170 3171 15
634 619 3171 618 15
633 618 634 3171 15
619 634 3171 3172 15
635 620 3172 619 15
634 619 635 3172 15
620 635 3172 3173 15
636 621 3173 620 15
635 620 636 3173 15
621 636 3173 3174 15
637 622 3174 621 15
636 621 637 3174 15
622 637 3174 3175 15
638 623 3175 622 15
637 622 638 3175 15
623 638 3175 3176 15
639 624 3176 623 15
638 623 639 3176 15
624 639 3176 3177 15
640 625 3177 624 15
639 624 640 3177 15
625 640 3177 3178 15
641 626 3178 625 15
640 625 641 3178 15
626 641 3178 3179 15
642 627 3179 626 15
641 626 642 3179 15
627 642 3179 3180 15
643 628 3180 627 15
642 627 643 3180 15
628 643 3180 3181 15
644 629 3181 628 15
643 628 644 3181 15
629 644 3181 3182 15
645 630 3182 629 15
644 629 645 3182 15
630 645 3182 1055 15
122 123 1055 630 15
645 630 122 1055 15
162 29 288 3168 15
616 1278 3168 29 15
29 1278 3168 162 15
1278 616 3168 3169 15
617 1279 3169 616 15
616 1279 3169 1278 15
1279 617 3169 3170 15
618 1280 3170 617 15
617 1280 3170 1279 15
1280 618 3170 3171 15
619 1281 3171 618 15
618 1281 3171 1280 15
1281 619 3171 3172 15
620 1282 3172 619 15
619 1282 3172 1281 15
1282 620 3172 3173 15
621 1283 3173 620 15
620 1283 3173 1282 15
1283 621 3173 3174 15
622 1284 3174 621 15
621 1284 3174 1283 15
1284 622 3174 3175 15
623 1285 3175 622 15
622 1285 3175 1284 15
1285 623 3175 3176 15
624 1286 3176 623 15
623 1286 3176 1285 15
1286 624 3176 3177 15
625 1287 3177 624 15
624 1287 3177 1286 15
1287 625 3177 3178 15
626 1288 3178 625 15
625 1288 3178 1287 15
1288 626 3178 3179 15
627 1289 3179 626 15
626 1289 3179 1288 15
1289 627 3179 3180 15
628 1290 3180 627 15
627 1290 3180 1289 15
1290 628 3180 3181 15
629 1291 3181 628 15
628 1291 3181 1290 15
1291 629 3181 3182 15
630 1292 3182 629 15
629 1292 3182 1291 15
1292 630 3182 1055 15
123 929 1055 630 15
630 929 1055 1292 15
26 27 292 3228 15
586 571 3228 26 15
27 26 586 3228 15
571 586 3228 3229 15
587 572 3229 571 15
586 571 587 3229 15
572 587 3229 3230 15
588 573 3230 572 15
587 572 588 3230 15
573 588 3230 3231 15
589 574 3231 573 15
588 573 589 3231 15
574 589 3231 3232 15
590 575 3232 574 15
589 574 590 3232 15
575 590 3232 3233 15
591 576 3233 575 15
590 575 591 3233 15
576 591 3233 3234 15
592 577 3234 576 15
591 576 592 3234 15
577 592 3234 3235 15
593 578 3235 577 15
592 577 593 3235 15
578 593 3235 3236 15
594 579 3236 578 15
593 578 594 3236 15
579 594 3236 3237 15
595 580 3237 579 15
594 579 595 3237 15
580 595 3237 3238 15
596 581 3238 580 15
595 580 596 3238 15
581 596 3238 3239 15
597 582 3239 581 15
596 581 597 3239 15
582 597 3239 3240 15
598 583 3240 582 15
597 582 598 3240 15
583 598 3240 3241 15
599 584 3241 583 15
598 583 599 3241 15
584 599 3241 3242 15
600 585 3242 584 15
599 584 600 3242 15
585 600 3242 1059 15
90 91 1059 585 15
600 585 90 1059 15
27 150 292 3228 15
1098 586 3228 27 15
150 27 1098 3228 15
586 1098 3228 3229 15
1099 587 3229 586 15
1098 586 1099 3229 15
587 1099 3229 3230 15
1100 588 3230 587 15
1099 587 1100 3230 15
588 1100 3230 3231 15
1101 589 3231 588 15
1100 588 1101 3231 15
589 1101 3231 3232 15
1102 590 3232 589 15
1101 589 1102 3232 15
590 1102 3232 3233 15
1103 591 3233 590 15
1102 590 1103 3233 15
591 1103 3233 3234 15
1104 592 3234 591 15
1103 591 1104 3234 15
592 1104 3234 3235 15
1105 593 3235 592 15
1104 592 1105 3235 15
593 1105 3235 3236 15
1106 594 3236 593 15
1105 593 1106 3236 15
594 1106 3236 3237 15
1107 595 3237 594 15
1106 594 1107 3237 15
595 1107 3237 3238 15
1108 596 3238 595 15
1107 595 1108 3238 15
596 1108 3238 3239 15
1109 597 3239 596 15
1108 596 1109 3239 15
597 1109 3239 3240 15
1110 598 3240 597 15
1109 597 1110 3240 15
598 1110 3240 3241 15
1111 599 3241 598 15
1110 598 1111 3241 15
599 1111 3241 3242 15
1112 600 3242 599 15
1111 599 1112 3242 15
600 1112 3242 1059 15
917 90 1059 600 15
1112 600 917 1059 15
160 45 293 3243 15
856 1248 3243 45 15
45 1248 3243 160 15
1248 856 3243 3244 15
857 1249 3244 856 15
856 1249 3244 1248 15
1249 857 3244 3245 15
858 1250 3245 857 15
857 1250 3245 1249 15
1250 858 3245 3246 15
859 1251 3246 858 15
858 1251 3246 1250 15
1251 859 3246 3247 15
860 1252 3247 859 15
859 1252 3247 1251 15
1252 860 3247 3248 15
861 1253 3248 860 15
860 1253 3248 1252 15
1253 861 3248 3249 15
862 1254 3249 861 15
861 1254 3249 1253 15
1254 862 3249 3250 15
863 1255 3250 862 15
862 1255 3250 1254 15
1255 863 3250 3251 15
864 1256 3251 863 15
863 1256 3251 1255 15
1256 864 3251 3252 15
865 1257 3252 864 15
864 1257 3252 1256 15
1257 865 3252 3253 15
866 1258 3253 865 15
865 1258 3253 1257 15
1258 866 3253 3254 15
867 1259 3254 866 15
866 1259 3254 1258 15
1259 867 3254 3255 15
868 1260 3255 867 15
867 1260 3255 1259 15
1260 868 3255 3256 15
869 1261 3256 868 15
868 1261 3256 1260 15
1261 869 3256 3257 15
870 1262 3257 869 15
869 1262 3257 1261 15
1262 870 3257 1060 15
142 927 1060 870 15
870 927 1060 1262 15
36 37 295 3273 15
736 721 3273 36 15
37 36 736 3273 15
721 736 3273 3274 15
737 722 3274 721 15
736 721 737 3274 15
722 737 3274 3275 15
738 723 3275 722 15
737 722 738 3275 15
723 738 3275 3276 15
739 724 3276 723 15
738 723 739 3276 15
724 739 3276 3277 15
740 725 3277 724 15
739 724 740 3277 15
725 740 3277 3278 15
741 726 3278 725 15
740 725 741 3278 15
726 741 3278 3279 15
742 727 3279 726 15
741 726 742 3279 15
727 742 3279 3280 15
743 728 3280 727 15
742 727 743 3280 15
728 743 3280 3281 15
744 729 3281 728 15
743 728 744 3281 15
729 744 3281 3282 15
745 730 3282 729 15
744 729 745 3282 15
730 745 3282 3283 15
746 731 3283 730 15
745 730 746 3283 15
731 746 3283 3284 15
747 732 3284 731 15
746 731 747 3284 15
732 747 3284 3285 15
748 733 3285 732 15
747 732 748 3285 15
733 748 3285 3286 15
749 734 3286 733 15
748 733 749 3286 15
734 749 3286 3287 15
750 735 3287 734 15
749 734 750 3287 15
735 750 3287 1062 15
115 116 1062 735 15
750 735 115 1062 15
281 218 301 3363 15
2118 3063 3363 218 15
218 3063 3363 281 15
3063 2118 3363 3364 15
2119 3064 3364 2118 15
2118 3064 3364 3063 15
3064 2119 3364 3365 15
2120 3065 3365 2119 15
2119 3065 3365 3064 15
3065 2120 3365 3366 15
2121 3066 3366 2120 15
2120 3066 3366 3065 15
3066 2121 3366 3367 15
2122 3067 3367 2121 15
2121 3067 3367 3066 15
3067 2122 3367 3368 15
2123 3068 3368 2122 15
2122 3068 3368 3067 15
3068 2123 3368 3369 15
2124 3069 3369 2123 15
2123 3069 3369 3068 15
3069 2124 3369 3370 15
2125 3070 3370 2124 15
2124 3070 3370 3069 15
3070 2125 3370 3371 15
2126 3071 3371 2125 15
2125 3071 3371 3070 15
3071 2126 3371 3372 15
2127 3072 3372 2126 15
2126 3072 3372 3071 15
3072 2127 3372 3373 15
2128 3073 3373 2127 15
2127 3073 3373 3072 15
3073 2128 3373 3374 15
2129 3074 3374 2128 15
2128 3074 3374 3073 15
3074 2129 3374 3375 15
2130 3075 3375 2129 15
2129 3075 3375 3074 15
3075 2130 3375 3376 15
2131 3076 3376 2130 15
2130 3076 3376 3075 15
3076 2131 3376 3377 15
2132 3077 3377 2131 15
2131 3077 3377 3076 15
3077 2132 3377 1068 15
985 1048 1068 2132 15
2132 1048 1068 3077 15
164 281 294 3258 15
3063 1308 3258 164 15
281 164 3063 3258 15
1308 3063 3258 3259 15
3064 1309 3259 1308 15
3063 1308 3064 3259 15
1309 3064 3259 3260 15
3065 1310 3260 1309 15
3064 1309 3065 3260 15
1310 3065 3260 3261 15
3066 1311 3261 1310 15
3065 1310 3066 3261 15
1311 3066 3261 3262 15
3067 1312 3262 1311 15
3066 1311 3067 3262 15
1312 3067 3262 3263 15
3068 1313 3263 1312 15
3067 1312 3068 3263 15
1313 3068 3263 3264 15
3069 1314 3264 1313 15
3068 1313 3069 3264 15
1314 3069 3264 3265 15
3070 1315 3265 1314 15
3069 1314 3070 3265 15
1315 3070 3265 3266 15
3071 1316 3266 1315 15
3070 1315 3071 3266 15
1316 3071 3266 3267 15
3072 1317 3267 1316 15
3071 1316 3072 3267 15
1317 3072 3267 3268 15
3073 1318 3268 1317 15
3072 1317 3073 3268 15
1318 3073 3268 3269 15
3074 1319 3269 1318 15
3073 1318 3074 3269 15
1319 3074 3269 3270 15
3075 1320 3270 1319 15
3074 1319 3075 3270 15
1320 3075 3270 3271 15
3076 1321 3271 1320 15
3075 1320 3076 3271 15
1321 3076 3271 3272 15
3077 1322 3272 1321 15
3076 1321 3077 3272 15
1322 3077 3272 1061 15
1048 931 1061 1322 15
3077 1322 1048 1061 15
157 15 296 1203 15
406 1203 3288 15 15
15 1203 3288 296 15
1203 406 3288 1204 15
407 1204 3289 406 15
406 1204 3289 3288 15
1204 407 3289 1205 15
408 1205 3290 407 15
407 1205 3290 3289 15
1205 408 3290 1206 15
409 1206 3291 408 15
408 1206 3291 3290 15
1206 409 3291 1207 15
410 1207 3292 409 15
409 1207 3292 3291 15
1207 410 3292 1208 15
411 1208 3293 410 15
410 1208 3293 3292 15
1208 411 3293 1209 15
412 1209 3294 411 15
411 1209 3294 3293 15
1209 412 3294 1210 15
413 1210 3295 412 15
412 1210 3295 3294 15
1210 413 3295 1211 15
414 1211 3296 413 15
413 1211 3296 3295 15
1211 414 3296 1212 15
415 1212 3297 414 15
414 1212 3297 3296 15
1212 415 3297 1213 15
416 1213 3298 415 15
415 1213 3298 3297 15
1213 416 3298 1214 15
417 1214 3299 416 15
416 1214 3299 3298 15
1214 417 3299 1215 15
418 1215 3300 417 15
417 1215 3300 3299 15
1215 418 3300 1216 15
419 1216 3301 418 15
418 1216 3301 3300 15
1216 419 3301 1217 15
420 1217 3302 419 15
419 1217 3302 3301 15
1217 420 3302 924 15
52 924 1063 420 15
420 924 1063 3302 15
279 163 298 3318 15
1293 3033 3318 279 15
163 279 1293 3318 15
3033 1293 3318 3319 15
1294 3034 3319 3033 15
1293 3033 1294 3319 15
3034 1294 3319 3320 15
1295 3035 3320 3034 15
1294 3034 1295 3320 15
3035 1295 3320 3321 15
1296 3036 3321 3035 15
1295 3035 1296 3321 15
3036 1296 3321 3322 15
1297 3037 3322 3036 15
1296 3036 1297 3322 15
3037 1297 3322 3323 15
1298 3038 3323 3037 15
1297 3037 1298 3323 15
3038 1298 3323 3324 15
1299 3039 3324 3038 15
1298 3038 1299 3324 15
3039 1299 3324 3325 15
1300 3040 3325 3039 15
1299 3039 1300 3325 15
3040 1300 3325 3326 15
1301 3041 3326 3040 15
1300 3040 1301 3326 15
3041 1301 3326 3327 15
1302 3042 3327 3041 15
1301 3041 1302 3327 15
3042 1302 3327 3328 15
1303 3043 3328 3042 15
1302 3042 1303 3328 15
3043 1303 3328 3329 15
1304 3044 3329 3043 15
1303 3043 1304 3329 15
3044 1304 3329 3330 15
1305 3045 3330 3044 15
1304 3044 1305 3330 15
3045 1305 3330 3331 15
1306 3046 3331 3045 15
1305 3045 1306 3331 15
3046 1306 3331 3332 15
1307 3047 3332 3046 15
1306 3046 1307 3332 15
3047 1307 3332 1065 15
930 1046 1065 3047 15
1307 3047 930 1065 15
283 213 286 3138 15
2043 3093 3138 213 15
213 3093 3138 283 15
3093 2043 3138 3139 15
2044 3094 3139 2043 15
2043 3094 3139 3093 15
3094 2044 3139 3140 15
2045 3095 3140 2044 15
2044 3095 3140 3094 15
3095 2045 3140 3141 15
2046 3096 3141 2045 15
2045 3096 3141 3095 15
3096 2046 3141 3142 15
2047 3097 3142 2046 15
2046 3097 3142 3096 15
3097 2047 3142 3143 15
2048 3098 3143 2047 15
2047 3098 3143 3097 15
3098 2048 3143 3144 15
2049 3099 3144 2048 15
2048 3099 3144 3098 15
3099 2049 3144 3145 15
2050 3100 3145 2049 15
2049 3100 3145 3099 15
3100 2050 3145 3146 15
2051 3101 3146 2050 15
2050 3101 3146 3100 15
3101 2051 3146 3147 15
2052 3102 3147 2051 15
2051 3102 3147 3101 15
3102 2052 3147 3148 15
2053 3103 3148 2052 15
2052 3103 3148 3102 15
3103 2053 3148 3149 15
2054 3104 3149 2053 15
2053 3104 3149 3103 15
3104 2054 3149 3150 15
2055 3105 3150 2054 15
2054 3105 3150 3104 15
3105 2055 3150 3151 15
2056 3106 3151 2055 15
2055 3106 3151 3105 15
3106 2056 3151 3152 15
2057 3107 3152 2056 15
2056 3107 3152 3106 15
3107 2057 3152 1053 15
980 1050 1053 2057 15
2057 1050 1053 3107 15
37 152 295 3273 15
1128 736 3273 37 15
152 37 1128 3273 15
736 1128 3273 3274 15
1129 737 3274 736 15
1128 736 1129 3274 15
737 1129 3274 3275 15
1130 738 3275 737 15
1129 737 1130 3275 15
738 1130 3275 3276 15
1131 739 3276 738 15
1130 738 1131 3276 15
739 1131 3276 3277 15
1132 740 3277 739 15
1131 739 1132 3277 15
740 1132 3277 3278 15
1133 741 3278 740 15
1132 740 1133 3278 15
741 1133 3278 3279 15
1134 742 3279 741 15
1133 741 1134 3279 15
742 1134 3279 3280 15
1135 743 3280 742 15
1134 742 1135 3280 15
743 1135 3280 3281 15
1136 744 3281 743 15
1135 743 1136 3281 15
744 1136 3281 3282 15
1137 745 3282 744 15
1136 744 1137 3282 15
745 1137 3282 3283 15
1138 746 3283 745 15
1137 745 1138 3283 15
746 1138 3283 3284 15
1139 747 3284 746 15
1138 746 1139 3284 15
747 1139 3284 3285 15
1140 748 3285 747 15
1139 747 1140 3285 15
748 1140 3285 3286 15
1141 749 3286 748 15
1140 748 1141 3286 15
749 1141 3286 3287 15
1142 750 3287 749 15
1141 749 1142 3287 15
750 1142 3287 1062 15
919 115 1062 750 15
1142 750 919 1062 15
39 40 298 3318 15
781 766 3318 39 15
40 39 781 3318 15
766 781 3318 3319 15
782 767 3319 766 15
781 766 782 3319 15
767 782 3319 3320 15
783 768 3320 767 15
782 767 783 3320 15
768 783 3320 3321 15
784 769 3321 768 15
783 768 784 3321 15
769 784 3321 3322 15
785 770 3322 769 15
784 769 785 3322 15
770 785 3322 3323 15
786 771 3323 770 15
785 770 786 3323 15
771 786 3323 3324 15
787 772 3324 771 15
786 771 787 3324 15
772 787 3324 3325 15
788 773 3325 772 15
787 772 788 3325 15
773 788 3325 3326 15
789 774 3326 773 15
788 773 789 3326 15
774 789 3326 3327 15
790 775 3327 774 15
789 774 790 3327 15
775 790 3327 3328 15
791 776 3328 775 15
790 775 791 3328 15
776 791 3328 3329 15
792 777 3329 776 15
791 776 792 3329 15
777 792 3329 3330 15
793 778 3330 777 15
792 777 793 3330 15
778 793 3330 3331 15
794 779 3331 778 15
793 778 794 3331 15
779 794 3331 3332 15
795 780 3332 779 15
794 779 795 3332 15
780 795 3332 1065 15
147 148 1065 780 15
795 780 147 1065 15
239 158 309 3483 15
1218 2433 3483 158 15
158 2433 3483 239 15
2433 1218 3483 3484 15
1219 2434 3484 1218 15
1218 2434 3484 2433 15
2434 1219 3484 3485 15
1220 2435 3485 1219 15
1219 2435 3485 2434 15
2435 1220 3485 3486 15
1221 2436 3486 1220 15
1220 2436 3486 2435 15
2436 1221 3486 3487 15
1222 2437 3487 1221 15
1221 2437 3487 2436 15
2437 1222 3487 3488 15
1223 2438 3488 1222 15
1222 2438 3488 2437 15
2438 1223 3488 3489 15
1224 2439 3489 1223 15
1223 2439 3489 2438 15
2439 1224 3489 3490 15
1225 2440 3490 1224 15
1224 2440 3490 2439 15
2440 1225 3490 3491 15
1226 2441 3491 1225 15
1225 2441 3491 2440 15
2441 1226 3491 3492 15
1227 2442 3492 1226 15
1226 2442 3492 2441 15
2442 1227 3492 3493 15
1228 2443 3493 1227 15
1227 2443 3493 2442 15
2443 1228 3493 3494 15
1229 2444 3494 1228 15
1228 2444 3494 2443 15
2444 1229 3494 3495 15
1230 2445 3495 1229 15
1229 2445 3495 2444 15
2445 1230 3495 3496 15
1231 2446 3496 1230 15
1230 2446 3496 2445 15
2446 1231 3496 3497 15
1232 2447 3497 1231 15
1231 2447 3497 2446 15
2447 1232 3497 1076 15
925 1006 1076 1232 15
1232 1006 1076 2447 15
149 263 311 3513 15
2793 1083 3513 149 15
263 149 2793 3513 15
1083 2793 3513 3514 15
2794 1084 3514 1083 15
2793 1083 2794 3514 15
1084 2794 3514 3515 15
2795 1085 3515 1084 15
2794 1084 2795 3515 15
1085 2795 3515 3516 15
2796 1086 3516 1085 15
2795 1085 2796 3516 15
1086 2796 3516 3517 15
2797 1087 3517 1086 15
2796 1086 2797 3517 15
1087 2797 3517 3518 15
2798 1088 3518 1087 15
2797 1087 2798 3518 15
1088 2798 3518 3519 15
2799 1089 3519 1088 15
2798 1088 2799 3519 15
1089 2799 3519 3520 15
2800 1090 3520 1089 15
2799 1089 2800 3520 15
1090 2800 3520 3521 15
2801 1091 3521 1090 15
2800 1090 2801 3521 15
1091 2801 3521 3522 15
2802 1092 3522 1091 15
2801 1091 2802 3522 15
1092 2802 3522 3523 15
2803 1093 3523 1092 15
2802 1092 2803 3523 15
1093 2803 3523 3524 15
2804 1094 3524 1093 15
2803 1093 2804 3524 15
1094 2804 3524 3525 15
2805 1095 3525 1094 15
2804 1094 2805 3525 15
1095 2805 3525 3526 15
2806 1096 3526 1095 15
2805 1095 2806 3526 15
1096 2806 3526 3527 15
2807 1097 3527 1096 15
2806 1096 2807 3527 15
1097 2807 3527 1078 15
1030 916 1078 1097 15
2807 1097 1030 1078 15
152 280 299 3333 15
3048 1128 3333 280 15
280 1128 3333 152 15
1128 3048 3333 3334 15
3049 1129 3334 3048 15
3048 1129 3334 1128 15
1129 3049 3334 3335 15
3050 1130 3335 3049 15
3049 1130 3335 1129 15
1130 3050 3335 3336 15
3051 1131 3336 3050 15
3050 1131 3336 1130 15
1131 3051 3336 3337 15
3052 1132 3337 3051 15
3051 1132 3337 1131 15
1132 3052 3337 3338 15
3053 1133 3338 3052 15
3052 1133 3338 1132 15
1133 3053 3338 3339 15
3054 1134 3339 3053 15
3053 1134 3339 1133 15
1134 3054 3339 3340 15
3055 1135 3340 3054 15
3054 1135 3340 1134 15
1135 3055 3340 3341 15
3056 1136 3341 3055 15
3055 1136 3341 1135 15
1136 3056 3341 3342 15
3057 1137 3342 3056 15
3056 1137 3342 1136 15
1137 3057 3342 3343 15
3058 1138 3343 3057 15
3057 1138 3343 1137 15
1138 3058 3343 3344 15
3059 1139 3344 3058 15
3058 1139 3344 1138 15
1139 3059 3344 3345 15
3060 1140 3345 3059 15
3059 1140 3345 1139 15
1140 3060 3345 3346 15
3061 1141 3346 3060 15
3060 1141 3346 1140 15
1141 3061 3346 3347 15
3062 1142 3347 3061 15
3061 1142 3347 1141 15
1142 3062 3347 1066 15
1047 919 1066 3062 15
3062 919 1066 1142 15
17 151 302 3378 15
1113 436 3378 17 15
151 17 1113 3378 15
436 1113 3378 3379 15
1114 437 3379 436 15
1113 436 1114 3379 15
437 1114 3379 3380 15
1115 438 3380 437 15
1114 437 1115 3380 15
438 1115 3380 3381 15
1116 439 3381 438 15
1115 438 1116 3381 15
439 1116 3381 3382 15
1117 440 3382 439 15
1116 439 1117 3382 15
440 1117 3382 3383 15
1118 441 3383 440 15
1117 440 1118 3383 15
441 1118 3383 3384 15
1119 442 3384 441 15
1118 441 1119 3384 15
442 1119 3384 3385 15
1120 443 3385 442 15
1119 442 1120 3385 15
443 1120 3385 3386 15
1121 444 3386 443 15
1120 443 1121 3386 15
444 1121 3386 3387 15
1122 445 3387 444 15
1121 444 1122 3387 15
445 1122 3387 3388 15
1123 446 3388 445 15
1122 445 1123 3388 15
446 1123 3388 3389 15
1124 447 3389 446 15
1123 446 1124 3389 15
447 1124 3389 3390 15
1125 448 3390 447 15
1124 447 1125 3390 15
448 1125 3390 3391 15
1126 449 3391 448 15
1125 448 1126 3391 15
449 1126 3391 3392 15
1127 450 3392 449 15
1126 449 1127 3392 15
450 1127 3392 1069 15
918 50 1069 450 15
1127 450 918 1069 15
276 214 284 2988 15
2058 2988 3108 214 15
214 2988 3108 284 15
2988 2058 3108 2989 15
2059 2989 3109 2058 15
2058 2989 3109 3108 15
2989 2059 3109 2990 15
2060 2990 3110 2059 15
2059 2990 3110 3109 15
2990 2060 3110 2991 15
2061 2991 3111 2060 15
2060 2991 3111 3110 15
2991 2061 3111 2992 15
2062 2992 3112 2061 15
2061 2992 3112 3111 15
2992 2062 3112 2993 15
2063 2993 3113 2062 15
2062 2993 3113 3112 15
2993 2063 3113 2994 15
2064 2994 3114 2063 15
2063 2994 3114 3113 15
2994 2064 3114 2995 15
2065 2995 3115 2064 15
2064 2995 3115 3114 15
2995 2065 3115 2996 15
2066 2996 3116 2065 15
2065 2996 3116 3115 15
2996 2066 3116 2997 15
2067 2997 3117 2066 15
2066 2997 3117 3116 15
2997 2067 3117 2998 15
2068 2998 3118 2067 15
2067 2998 3118 3117 15
2998 2068 3118 2999 15
2069 2999 3119 2068 15
2068 2999 3119 3118 15
2999 2069 3119 3000 15
2070 3000 3120 2069 15
2069 3000 3120 3119 15
3000 2070 3120 3001 15
2071 3001 3121 2070 15
2070 3001 3121 3120 15
3001 2071 3121 3002 15
2072 3002 3122 2071 15
2071 3002 3122 3121 15
3002 2072 3122 1043 15
981 1043 1051 2072 15
2072 1043 1051 3122 15
32 33 303 3393 15
676 661 3393 32 15
33 32 676 3393 15
661 676 3393 3394 15
677 662 3394 661 15
676 661 677 3394 15
662 677 3394 3395 15
678 663 3395 662 15
677 662 678 3395 15
663 678 3395 3396 15
679 664 3396 663 15
678 663 679 3396 15
664 679 3396 3397 15
680 665 3397 664 15
679 664 680 3397 15
665 680 3397 3398 15
681 666 3398 665 15
680 665 681 3398 15
666 681 3398 3399 15
682 667 3399 666 15
681 666 682 3399 15
667 682 3399 3400 15
683 668 3400 667 15
682 667 683 3400 15
668 683 3400 3401 15
684 669 3401 668 15
683 668 684 3401 15
669 684 3401 3402 15
685 670 3402 669 15
684 669 685 3402 15
670 685 3402 3403 15
686 671 3403 670 15
685 670 686 3403 15
671 686 3403 3404 15
687 672 3404 671 15
686 671 687 3404 15
672 687 3404 3405 15
688 673 3405 672 15
687 672 688 3405 15
673 688 3405 3406 15
689 674 3406 673 15
688 673 689 3406 15
674 689 3406 3407 15
690 675 3407 674 15
689 674 690 3407 15
675 690 3407 1070 15
119 120 1070 675 15
690 675 119 1070 15
164 9 304 3408 15
316 1308 3408 9 15
9 1308 3408 164 15
1308 316 3408 3409 15
317 1309 3409 316 15
316 1309 3409 1308 15
1309 317 3409 3410 15
318 1310 3410 317 15
317 1310 3410 1309 15
1310 318 3410 3411 15
319 1311 3411 318 15
318 1311 3411 1310 15
1311 319 3411 3412 15
320 1312 3412 319 15
319 1312 3412 1311 15
1312 320 3412 3413 15
321 1313 3413 320 15
320 1313 3413 1312 15
1313 321 3413 3414 15
322 1314 3414 321 15
321 1314 3414 1313 15
1314 322 3414 3415 15
323 1315 3415 322 15
322 1315 3415 1314 15
1315 323 3415 3416 15
324 1316 3416 323 15
323 1316 3416 1315 15
1316 324 3416 3417 15
325 1317 3417 324 15
324 1317 3417 1316 15
1317 325 3417 3418 15
326 1318 3418 325 15
325 1318 3418 1317 15
1318 326 3418 3419 15
327 1319 3419 326 15
326 1319 3419 1318 15
1319 327 3419 3420 15
328 1320 3420 327 15
327 1320 3420 1319 15
1320 328 3420 3421 15
329 1321 3421 328 15
328 1321 3421 1320 15
1321 329 3421 3422 15
330 1322 3422 329 15
329 1322 3422 1321 15
1322 330 3422 1071 15
58 931 1071 330 15
330 931 1071 1322 15
278 235 297 3303 15
2373 3018 3303 235 15
235 3018 3303 278 15
3018 2373 3303 3304 15
2374 3019 3304 2373 15
2373 3019 3304 3018 15
3019 2374 3304 3305 15
2375 3020 3305 2374 15
2374 3020 3305 3019 15
3020 2375 3305 3306 15
2376 3021 3306 2375 15
2375 3021 3306 3020 15
3021 2376 3306 3307 15
2377 3022 3307 2376 15
2376 3022 3307 3021 15
3022 2377 3307 3308 15
2378 3023 3308 2377 15
2377 3023 3308 3022 15
3023 2378 3308 3309 15
2379 3024 3309 2378 15
2378 3024 3309 3023 15
3024 2379 3309 3310 15
2380 3025 3310 2379 15
2379 3025 3310 3024 15
3025 2380 3310 3311 15
2381 3026 3311 2380 15
2380 3026 3311 3025 15
3026 2381 3311 3312 15
2382 3027 3312 2381 15
2381 3027 3312 3026 15
3027 2382 3312 3313 15
2383 3028 3313 2382 15
2382 3028 3313 3027 15
3028 2383 3313 3314 15
2384 3029 3314 2383 15
2383 3029 3314 3028 15
3029 2384 3314 3315 15
2385 3030 3315 2384 15
2384 3030 3315 3029 15
3030 2385 3315 3316 15
2386 3031 3316 2385 15
2385 3031 3316 3030 15
3031 2386 3316 3317 15
2387 3032 3317 2386 15
2386 3032 3317 3031 15
3032 2387 3317 1064 15
1002 1045 1064 2387 15
2387 1045 1064 3032 15
19 20 297 3303 15
481 466 3303 19 15
20 19 481 3303 15
466 481 3303 3304 15
482 467 3304 466 15
481 466 482 3304 15
467 482 3304 3305 15
483 468 3305 467 15
482 467 483 3305 15
468 483 3305 3306 15
484 469 3306 468 15
483 468 484 3306 15
469 484 3306 3307 15
485 470 3307 469 15
484 469 485 3307 15
470 485 3307 3308 15
486 471 3308 470 15
485 470 486 3308 15
471 486 3308 3309 15
487 472 3309 471 15
486 471 487 3309 15
472 487 3309 3310 15
488 473 3310 472 15
487 472 488 3310 15
473 488 3310 3311 15
489 474 3311 473 15
488 473 489 3311 15
474 489 3311 3312 15
490 475 3312 474 15
489 474 490 3312 15
475 490 3312 3313 15
491 476 3313 475 15
490 475 491 3313 15
476 491 3313 3314 15
492 477 3314 476 15
491 476 492 3314 15
477 492 3314 3315 15
493 478 3315 477 15
492 477 493 3315 15
478 493 3315 3316 15
494 479 3316 478 15
493 478 494 3316 15
479 494 3316 3317 15
495 480 3317 479 15
494 479 495 3317 15
480 495 3317 1064 15
97 98 1064 480 15
495 480 97 1064 15
14 157 305 3423 15
1203 391 3423 14 15
157 14 1203 3423 15
391 1203 3423 3424 15
1204 392 3424 391 15
1203 391 1204 3424 15
392 1204 3424 3425 15
1205 393 3425 392 15
1204 392 1205 3425 15
393 1205 3425 3426 15
1206 394 3426 393 15
1205 393 1206 3426 15
394 1206 3426 3427 15
1207 395 3427 394 15
1206 394 1207 3427 15
395 1207 3427 3428 15
1208 396 3428 395 15
1207 395 1208 3428 15
396 1208 3428 3429 15
1209 397 3429 396 15
1208 396 1209 3429 15
397 1209 3429 3430 15
1210 398 3430 397 15
1209 397 1210 3430 15
398 1210 3430 3431 15
1211 399 3431 398 15
1210 398 1211 3431 15
399 1211 3431 3432 15
1212 400 3432 399 15
1211 399 1212 3432 15
400 1212 3432 3433 15
1213 401 3433 400 15
1212 400 1213 3433 15
401 1213 3433 3434 15
1214 402 3434 401 15
1213 401 1214 3434 15
402 1214 3434 3435 15
1215 403 3435 402 15
1214 402 1215 3435 15
403 1215 3435 3436 15
1216 404 3436 403 15
1215 403 1216 3436 15
404 1216 3436 3437 15
1217 405 3437 404 15
1216 404 1217 3437 15
405 1217 3437 1072 15
924 53 1072 405 15
1217 405 924 1072 15
161 19 297 3303 15
466 1263 3303 19 15
19 1263 3303 161 15
1263 466 3303 3304 15
467 1264 3304 466 15
466 1264 3304 1263 15
1264 467 3304 3305 15
468 1265 3305 467 15
467 1265 3305 1264 15
1265 468 3305 3306 15
469 1266 3306 468 15
468 1266 3306 1265 15
1266 469 3306 3307 15
470 1267 3307 469 15
469 1267 3307 1266 15
1267 470 3307 3308 15
471 1268 3308 470 15
470 1268 3308 1267 15
1268 471 3308 3309 15
472 1269 3309 471 15
471 1269 3309 1268 15
1269 472 3309 3310 15
473 1270 3310 472 15
472 1270 3310 1269 15
1270 473 3310 3311 15
474 1271 3311 473 15
473 1271 3311 1270 15
1271 474 3311 3312 15
475 1272 3312 474 15
474 1272 3312 1271 15
1272 475 3312 3313 15
476 1273 3313 475 15
475 1273 3313 1272 15
1273 476 3313 3314 15
477 1274 3314 476 15
476 1274 3314 1273 15
1274 477 3314 3315 15
478 1275 3315 477 15
477 1275 3315 1274 15
1275 478 3315 3316 15
479 1276 3316 478 15
478 1276 3316 1275 15
1276 479 3316 3317 15
480 1277 3317 479 15
479 1277 3317 1276 15
1277 480 3317 1064 15
98 928 1064 480 15
480 928 1064 1277 15
24 158 307 3453 15
1218 541 3453 24 15
158 24 1218 3453 15
541 1218 3453 3454 15
1219 542 3454 541 15
1218 541 1219 3454 15
542 1219 3454 3455 15
1220 543 3455 542 15
1219 542 1220 3455 15
543 1220 3455 3456 15
1221 544 3456 543 15
1220 543 1221 3456 15
544 1221 3456 3457 15
1222 545 3457 544 15
1221 544 1222 3457 15
545 1222 3457 3458 15
1223 546 3458 545 15
1222 545 1223 3458 15
546 1223 3458 3459 15
1224 547 3459 546 15
1223 546 1224 3459 15
547 1224 3459 3460 15
1225 548 3460 547 15
1224 547 1225 3460 15
548 1225 3460 3461 15
1226 549 3461 548 15
1225 548 1226 3461 15
549 1226 3461 3462 15
1227 550 3462 549 15
1226 549 1227 3462 15
550 1227 3462 3463 15
1228 551 3463 550 15
1227 550 1228 3463 15
551 1228 3463 3464 15
1229 552 3464 551 15
1228 551 1229 3464 15
552 1229 3464 3465 15
1230 553 3465 552 15
1229 552 1230 3465 15
553 1230 3465 3466 15
1231 554 3466 553 15
1230 553 1231 3466 15
554 1231 3466 3467 15
1232 555 3467 554 15
1231 554 1232 3467 15
555 1232 3467 1074 15
925 93 1074 555 15
1232 555 925 1074 15
15 16 296 3288 15
421 406 3288 15 15
16 15 421 3288 15
406 421 3288 3289 15
422 407 3289 406 15
421 406 422 3289 15
407 422 3289 3290 15
423 408 3290 407 15
422 407 423 3290 15
408 423 3290 3291 15
424 409 3291 408 15
423 408 424 3291 15
409 424 3291 3292 15
425 410 3292 409 15
424 409 425 3292 15
410 425 3292 3293 15
426 411 3293 410 15
425 410 426 3293 15
411 426 3293 3294 15
427 412 3294 411 15
426 411 427 3294 15
412 427 3294 3295 15
428 413 3295 412 15
427 412 428 3295 15
413 428 3295 3296 15
429 414 3296 413 15
428 413 429 3296 15
414 429 3296 3297 15
430 415 3297 414 15
429 414 430 3297 15
415 430 3297 3298 15
431 416 3298 415 15
430 415 431 3298 15
416 431 3298 3299 15
432 417 3299 416 15
431 416 432 3299 15
417 432 3299 3300 15
433 418 3300 417 15
432 417 433 3300 15
418 433 3300 3301 15
434 419 3301 418 15
433 418 434 3301 15
419 434 3301 3302 15
435 420 3302 419 15
434 419 435 3302 15
420 435 3302 1063 15
51 52 1063 420 15
435 420 51 1063 15
158 25 309 3483 15
556 1218 3483 25 15
25 1218 3483 158 15
1218 556 3483 3484 15
557 1219 3484 556 15
556 1219 3484 1218 15
1219 557 3484 3485 15
558 1220 3485 557 15
557 1220 3485 1219 15
1220 558 3485 3486 15
559 1221 3486 558 15
558 1221 3486 1220 15
1221 559 3486 3487 15
560 1222 3487 559 15
559 1222 3487 1221 15
1222 560 3487 3488 15
561 1223 3488 560 15
560 1223 3488 1222 15
1223 561 3488 3489 15
562 1224 3489 561 15
561 1224 3489 1223 15
1224 562 3489 3490 15
563 1225 3490 562 15
562 1225 3490 1224 15
1225 563 3490 3491 15
564 1226 3491 563 15
563 1226 3491 1225 15
1226 564 3491 3492 15
565 1227 3492 564 15
564 1227 3492 1226 15
1227 565 3492 3493 15
566 1228 3493 565 15
565 1228 3493 1227 15
1228 566 3493 3494 15
567 1229 3494 566 15
566 1229 3494 1228 15
1229 567 3494 3495 15
568 1230 3495 567 15
567 1230 3495 1229 15
1230 568 3495 3496 15
569 1231 3496 568 15
568 1231 3496 1230 15
1231 569 3496 3497 15
570 1232 3497 569 15
569 1232 3497 1231 15
1232 570 3497 1076 15
92 925 1076 570 15
570 925 1076 1232 15
4 163 310 3498 15
1293 124 3498 4 15
163 4 1293 3498 15
124 1293 3498 3499 15
1294 125 3499 124 15
1293 124 1294 3499 15
125 1294 3499 3500 15
1295 126 3500 125 15
1294 125 1295 3500 15
126 1295 3500 3501 15
1296 127 3501 126 15
1295 126 1296 3501 15
127 1296 3501 3502 15
1297 128 3502 127 15
1296 127 1297 3502 15
128 1297 3502 3503 15
1298 129 3503 128 15
1297 128 1298 3503 15
129 1298 3503 3504 15
1299 130 3504 129 15
1298 129 1299 3504 15
130 1299 3504 3505 15
1300 131 3505 130 15
1299 130 1300 3505 15
131 1300 3505 3506 15
1301 132 3506 131 15
1300 131 1301 3506 15
132 1301 3506 3507 15
1302 133 3507 132 15
1301 132 1302 3507 15
133 1302 3507 3508 15
1303 134 3508 133 15
1302 133 1303 3508 15
134 1303 3508 3509 15
1304 135 3509 134 15
1303 134 1304 3509 15
135 1304 3509 3510 15
1305 136 3510 135 15
1304 135 1305 3510 15
136 1305 3510 3511 15
1306 137 3511 136 15
1305 136 1306 3511 15
137 1306 3511 3512 15
1307 138 3512 137 15
1306 137 1307 3512 15
138 1307 3512 1077 15
930 8 1077 138 15
1307 138 930 1077 15
152 38 310 3498 15
751 1128 3498 38 15
38 1128 3498 152 15
1128 751 3498 3499 15
752 1129 3499 751 15
751 1129 3499 1128 15
1129 752 3499 3500 15
753 1130 3500 752 15
752 1130 3500 1129 15
1130 753 3500 3501 15
754 1131 3501 753 15
753 1131 3501 1130 15
1131 754 3501 3502 15
755 1132 3502 754 15
754 1132 3502 1131 15
1132 755 3502 3503 15
756 1133 3503 755 15
755 1133 3503 1132 15
1133 756 3503 3504 15
757 1134 3504 756 15
756 1134 3504 1133 15
1134 757 3504 3505 15
758 1135 3505 757 15
757 1135 3505 1134 15
1135 758 3505 3506 15
759 1136 3506 758 15
758 1136 3506 1135 15
1136 759 3506 3507 15
760 1137 3507 759 15
759 1137 3507 1136 15
1137 760 3507 3508 15
761 1138 3508 760 15
760 1138 3508 1137 15
1138 761 3508 3509 15
762 1139 3509 761 15
761 1139 3509 1138 15
1139 762 3509 3510 15
763 1140 3510 762 15
762 1140 3510 1139 15
1140 763 3510 3511 15
764 1141 3511 763 15
763 1141 3511 1140 15
1141 764 3511 3512 15
765 1142 3512 764 15
764 1142 3512 1141 15
1142 765 3512 1077 15
114 919 1077 765 15
765 919 1077 1142 15
159 35 314 3558 15
706 1233 3558 35 15
35 1233 3558 159 15
1233 706 3558 3559 15
707 1234 3559 706 15
706 1234 3559 1233 15
1234 707 3559 3560 15
708 1235 3560 707 15
707 1235 3560 1234 15
1235 708 3560 3561 15
709 1236 3561 708 15
708 1236 3561 1235 15
1236 709 3561 3562 15
710 1237 3562 709 15
709 1237 3562 1236 15
1237 710 3562 3563 15
711 1238 3563 710 15
710 1238 3563 1237 15
1238 711 3563 3564 15
712 1239 3564 711 15
711 1239 3564 1238 15
1239 712 3564 3565 15
713 1240 3565 712 15
712 1240 3565 1239 15
1240 713 3565 3566 15
714 1241 3566 713 15
713 1241 3566 1240 15
1241 714 3566 3567 15
715 1242 3567 714 15
714 1242 3567 1241 15
1242 715 3567 3568 15
716 1243 3568 715 15
715 1243 3568 1242 15
1243 716 3568 3569 15
717 1244 3569 716 15
716 1244 3569 1243 15
1244 717 3569 3570 15
718 1245 3570 717 15
717 1245 3570 1244 15
1245 718 3570 3571 15
719 1246 3571 718 15
718 1246 3571 1245 15
1246 719 3571 3572 15
720 1247 3572 719 15
719 1247 3572 1246 15
1247 720 3572 1081 15
117 926 1081 720 15
720 926 1081 1247 15
47 149 311 3513 15
1083 886 3513 47 15
149 47 1083 3513 15
886 1083 3513 3514 15
1084 887 3514 886 15
1083 886 1084 3514 15
887 1084 3514 3515 15
1085 888 3515 887 15
1084 887 1085 3515 15
888 1085 3515 3516 15
1086 889 3516 888 15
1085 888 1086 3516 15
889 1086 3516 3517 15
1087 890 3517 889 15
1086 889 1087 3517 15
890 1087 3517 3518 15
1088 891 3518 890 15
1087 890 1088 3518 15
891 1088 3518 3519 15
1089 892 3519 891 15
1088 891 1089 3519 15
892 1089 3519 3520 15
1090 893 3520 892 15
1089 892 1090 3520 15
893 1090 3520 3521 15
1091 894 3521 893 15
1090 893 1091 3521 15
894 1091 3521 3522 15
1092 895 3522 894 15
1091 894 1092 3522 15
895 1092 3522 3523 15
1093 896 3523 895 15
1092 895 1093 3523 15
896 1093 3523 3524 15
1094 897 3524 896 15
1093 896 1094 3524 15
897 1094 3524 3525 15
1095 898 3525 897 15
1094 897 1095 3525 15
898 1095 3525 3526 15
1096 899 3526 898 15
1095 898 1096 3526 15
899 1096 3526 3527 15
1097 900 3527 899 15
1096 899 1097 3527 15
900 1097 3527 1078 15
916 140 1078 900 15
1097 900 916 1078 15
163 39 298 3318 15
766 1293 3318 39 15
39 1293 3318 163 15
1293 766 3318 3319 15
767 1294 3319 766 15
766 1294 3319 1293 15
1294 767 3319 3320 15
768 1295 3320 767 15
767 1295 3320 1294 15
1295 768 3320 3321 15
769 1296 3321 768 15
768 1296 3321 1295 15
1296 769 3321 3322 15
770 1297 3322 769 15
769 1297 3322 1296 15
1297 770 3322 3323 15
771 1298 3323 770 15
770 1298 3323 1297 15
1298 771 3323 3324 15
772 1299 3324 771 15
771 1299 3324 1298 15
1299 772 3324 3325 15
773 1300 3325 772 15
772 1300 3325 1299 15
1300 773 3325 3326 15
774 1301 3326 773 15
773 1301 3326 1300 15
1301 774 3326 3327 15
775 1302 3327 774 15
774 1302 3327 1301 15
1302 775 3327 3328 15
776 1303 3328 775 15
775 1303 3328 1302 15
1303 776 3328 3329 15
777 1304 3329 776 15
776 1304 3329 1303 15
1304 777 3329 3330 15
778 1305 3330 777 15
777 1305 3330 1304 15
1305 778 3330 3331 15
779 1306 3331 778 15
778 1306 3331 1305 15
1306 779 3331 3332 15
780 1307 3332 779 15
779 1307 3332 1306 15
1307 780 3332 1065 15
148 930 1065 780 15
780 930 1065 1307 15
40 277 298 3318 15
3003 781 3318 40 15
277 40 3003 3318 15
781 3003 3318 3319 15
3004 782 3319 781 15
3003 781 3004 3319 15
782 3004 3319 3320 15
3005 783 3320 782 15
3004 782 3005 3320 15
783 3005 3320 3321 15
3006 784 3321 783 15
3005 783 3006 3321 15
784 3006 3321 3322 15
3007 785 3322 784 15
3006 784 3007 3322 15
785 3007 3322 3323 15
3008 786 3323 785 15
3007 785 3008 3323 15
786 3008 3323 3324 15
3009 787 3324 786 15
3008 786 3009 3324 15
787 3009 3324 3325 15
3010 788 3325 787 15
3009 787 3010 3325 15
788 3010 3325 3326 15
3011 789 3326 788 15
3010 788 3011 3326 15
789 3011 3326 3327 15
3012 790 3327 789 15
3011 789 3012 3327 15
790 3012 3327 3328 15
3013 791 3328 790 15
3012 790 3013 3328 15
791 3013 3328 3329 15
3014 792 3329 791 15
3013 791 3014 3329 15
792 3014 3329 3330 15
3015 793 3330 792 15
3014 792 3015 3330 15
793 3015 3330 3331 15
3016 794 3331 793 15
3015 793 3016 3331 15
794 3016 3331 3332 15
3017 795 3332 794 15
3016 794 3017 3332 15
795 3017 3332 1065 15
1044 147 1065 795 15
3017 795 1044 1065 15
236 165 307 3453 15
1323 2388 3453 165 15
165 2388 3453 236 15
2388 1323 3453 3454 15
1324 2389 3454 1323 15
1323 2389 3454 2388 15
2389 1324 3454 3455 15
1325 2390 3455 1324 15
1324 2390 3455 2389 15
2390 1325 3455 3456 15
1326 2391 3456 1325 15
1325 2391 3456 2390 15
2391 1326 3456 3457 15
1327 2392 3457 1326 15
1326 2392 3457 2391 15
2392 1327 3457 3458 15
1328 2393 3458 1327 15
1327 2393 3458 2392 15
2393 1328 3458 3459 15
1329 2394 3459 1328 15
1328 2394 3459 2393 15
2394 1329 3459 3460 15
1330 2395 3460 1329 15
1329 2395 3460 2394 15
2395 1330 3460 3461 15
1331 2396 3461 1330 15
1330 2396 3461 2395 15
2396 1331 3461 3462 15
1332 2397 3462 1331 15
1331 2397 3462 2396 15
2397 1332 3462 3463 15
1333 2398 3463 1332 15
1332 2398 3463 2397 15
2398 1333 3463 3464 15
1334 2399 3464 1333 15
1333 2399 3464 2398 15
2399 1334 3464 3465 15
1335 2400 3465 1334 15
1334 2400 3465 2399 15
2400 1335 3465 3466 15
1336 2401 3466 1335 15
1335 2401 3466 2400 15
2401 1336 3466 3467 15
1337 2402 3467 1336 15
1336 2402 3467 2401 15
2402 1337 3467 1074 15
932 1003 1074 1337 15
1337 1003 1074 2402 15
208 228 299 3333 15
2268 1968 3333 208 15
228 208 2268 3333 15
1968 2268 3333 3334 15
2269 1969 3334 1968 15
2268 1968 2269 3334 15
1969 2269 3334 3335 15
2270 1970 3335 1969 15
2269 1969 2270 3335 15
1970 2270 3335 3336 15
2271 1971 3336 1970 15
2270 1970 2271 3336 15
1971 2271 3336 3337 15
2272 1972 3337 1971 15
2271 1971 2272 3337 15
1972 2272 3337 3338 15
2273 1973 3338 1972 15
2272 1972 2273 3338 15
1973 2273 3338 3339 15
2274 1974 3339 1973 15
2273 1973 2274 3339 15
1974 2274 3339 3340 15
2275 1975 3340 1974 15
2274 1974 2275 3340 15
1975 2275 3340 3341 15
2276 1976 3341 1975 15
2275 1975 2276 3341 15
1976 2276 3341 3342 15
2277 1977 3342 1976 15
2276 1976 2277 3342 15
1977 2277 3342 3343 15
2278 1978 3343 1977 15
2277 1977 2278 3343 15
1978 2278 3343 3344 15
2279 1979 3344 1978 15
2278 1978 2279 3344 15
1979 2279 3344 3345 15
2280 1980 3345 1979 15
2279 1979 2280 3345 15
1980 2280 3345 3346 15
2281 1981 3346 1980 15
2280 1980 2281 3346 15
1981 2281 3346 3347 15
2282 1982 3347 1981 15
2281 1981 2282 3347 15
1982 2282 3347 1066 15
995 975 1066 1982 15
2282 1982 995 1066 15
217 251 300 3348 15
2613 2103 3348 217 15
251 217 2613 3348 15
2103 2613 3348 3349 15
2614 2104 3349 2103 15
2613 2103 2614 3349 15
2104 2614 3349 3350 15
2615 2105 3350 2104 15
2614 2104 2615 3350 15
2105 2615 3350 3351 15
2616 2106 3351 2105 15
2615 2105 2616 3351 15
2106 2616 3351 3352 15
2617 2107 3352 2106 15
2616 2106 2617 3352 15
2107 2617 3352 3353 15
2618 2108 3353 2107 15
2617 2107 2618 3353 15
2108 2618 3353 3354 15
2619 2109 3354 2108 15
2618 2108 2619 3354 15
2109 2619 3354 3355 15
2620 2110 3355 2109 15
2619 2109 2620 3355 15
2110 2620 3355 3356 15
2621 2111 3356 2110 15
2620 2110 2621 3356 15
2111 2621 3356 3357 15
2622 2112 3357 2111 15
2621 2111 2622 3357 15
2112 2622 3357 3358 15
2623 2113 3358 2112 15
2622 2112 2623 3358 15
2113 2623 3358 3359 15
2624 2114 3359 2113 15
2623 2113 2624 3359 15
2114 2624 3359 3360 15
2625 2115 3360 2114 15
2624 2114 2625 3360 15
2115 2625 3360 3361 15
2626 2116 3361 2115 15
2625 2115 2626 3361 15
2116 2626 3361 3362 15
2627 2117 3362 2116 15
2626 2116 2627 3362 15
2117 2627 3362 1067 15
1018 984 1067 2117 15
2627 2117 1018 1067 15
292 239 309 3483 15
2433 3228 3483 239 15
239 3228 3483 292 15
3228 2433 3483 3484 15
2434 3229 3484 2433 15
2433 3229 3484 3228 15
3229 2434 3484 3485 15
2435 3230 3485 2434 15
2434 3230 3485 3229 15
3230 2435 3485 3486 15
2436 3231 3486 2435 15
2435 3231 3486 3230 15
3231 2436 3486 3487 15
2437 3232 3487 2436 15
2436 3232 3487 3231 15
3232 2437 3487 3488 15
2438 3233 3488 2437 15
2437 3233 3488 3232 15
3233 2438 3488 3489 15
2439 3234 3489 2438 15
2438 3234 3489 3233 15
3234 2439 3489 3490 15
2440 3235 3490 2439 15
2439 3235 3490 3234 15
3235 2440 3490 3491 15
2441 3236 3491 2440 15
2440 3236 3491 3235 15
3236 2441 3491 3492 15
2442 3237 3492 2441 15
2441 3237 3492 3236 15
3237 2442 3492 3493 15
2443 3238 3493 2442 15
2442 3238 3493 3237 15
3238 2443 3493 3494 15
2444 3239 3494 2443 15
2443 3239 3494 3238 15
3239 2444 3494 3495 15
2445 3240 3495 2444 15
2444 3240 3495 3239 15
3240 2445 3495 3496 15
2446 3241 3496 2445 15
2445 3241 3496 3240 15
3241 2446 3496 3497 15
2447 3242 3497 2446 15
2446 3242 3497 3241 15
3242 2447 3497 1076 15
1006 1059 1076 2447 15
2447 1059 1076 3242 15
218 261 301 3363 15
2763 2118 3363 218 15
261 218 2763 3363 15
2118 2763 3363 3364 15
2764 2119 3364 2118 15
2763 2118 2764 3364 15
2119 2764 3364 3365 15
2765 2120 3365 2119 15
2764 2119 2765 3365 15
2120 2765 3365 3366 15
2766 2121 3366 2120 15
2765 2120 2766 3366 15
2121 2766 3366 3367 15
2767 2122 3367 2121 15
2766 2121 2767 3367 15
2122 2767 3367 3368 15
2768 2123 3368 2122 15
2767 2122 2768 3368 15
2123 2768 3368 3369 15
2769 2124 3369 2123 15
2768 2123 2769 3369 15
2124 2769 3369 3370 15
2770 2125 3370 2124 15
2769 2124 2770 3370 15
2125 2770 3370 3371 15
2771 2126 3371 2125 15
2770 2125 2771 3371 15
2126 2771 3371 3372 15
2772 2127 3372 2126 15
2771 2126 2772 3372 15
2127 2772 3372 3373 15
2773 2128 3373 2127 15
2772 2127 2773 3373 15
2128 2773 3373 3374 15
2774 2129 3374 2128 15
2773 2128 2774 3374 15
2129 2774 3374 3375 15
2775 2130 3375 2129 15
2774 2129 2775 3375 15
2130 2775 3375 3376 15
2776 2131 3376 2130 15
2775 2130 2776 3376 15
2131 2776 3376 3377 15
2777 2132 3377 2131 15
2776 2131 2777 3377 15
2132 2777 3377 1068 15
1028 985 1068 2132 15
2777 2132 1028 1068 15
157 276 305 3423 15
2988 1203 3423 157 15
276 157 2988 3423 15
1203 2988 3423 3424 15
2989 1204 3424 1203 15
2988 1203 2989 3424 15
1204 2989 3424 3425 15
2990 1205 3425 1204 15
2989 1204 2990 3425 15
1205 2990 3425 3426 15
2991 1206 3426 1205 15
2990 1205 2991 3426 15
1206 2991 3426 3427 15
2992 1207 3427 1206 15
2991 1206 2992 3427 15
1207 2992 3427 3428 15
2993 1208 3428 1207 15
2992 1207 2993 3428 15
1208 2993 3428 3429 15
2994 1209 3429 1208 15
2993 1208 2994 3429 15
1209 2994 3429 3430 15
2995 1210 3430 1209 15
2994 1209 2995 3430 15
1210 2995 3430 3431 15
2996 1211 3431 1210 15
2995 1210 2996 3431 15
1211 2996 3431 3432 15
2997 1212 3432 1211 15
2996 1211 2997 3432 15
1212 2997 3432 3433 15
2998 1213 3433 1212 15
2997 1212 2998 3433 15
1213 2998 3433 3434 15
2999 1214 3434 1213 15
2998 1213 2999 3434 15
1214 2999 3434 3435 15
3000 1215 3435 1214 15
2999 1214 3000 3435 15
1215 3000 3435 3436 15
3001 1216 3436 1215 15
3000 1215 3001 3436 15
1216 3001 3436 3437 15
3002 1217 3437 1216 15
3001 1216 3002 3437 15
1217 3002 3437 1072 15
1043 924 1072 1217 15
3002 1217 1043 1072 15
16 17 302 3378 15
436 421 3378 16 15
17 16 436 3378 15
421 436 3378 3379 15
437 422 3379 421 15
436 421 437 3379 15
422 437 3379 3380 15
438 423 3380 422 15
437 422 438 3380 15
423 438 3380 3381 15
439 424 3381 423 15
438 423 439 3381 15
424 439 3381 3382 15
440 425 3382 424 15
439 424 440 3382 15
425 440 3382 3383 15
441 426 3383 425 15
440 425 441 3383 15
426 441 3383 3384 15
442 427 3384 426 15
441 426 442 3384 15
427 442 3384 3385 15
443 428 3385 427 15
442 427 443 3385 15
428 443 3385 3386 15
444 429 3386 428 15
443 428 444 3386 15
429 444 3386 3387 15
445 430 3387 429 15
444 429 445 3387 15
430 445 3387 3388 15
446 431 3388 430 15
445 430 446 3388 15
431 446 3388 3389 15
447 432 3389 431 15
446 431 447 3389 15
432 447 3389 3390 15
448 433 3390 432 15
447 432 448 3390 15
433 448 3390 3391 15
449 434 3391 433 15
448 433 449 3391 15
434 449 3391 3392 15
450 435 3392 434 15
449 434 450 3392 15
435 450 3392 1069 15
50 51 1069 435 15
450 435 50 1069 15
154 32 303 3393 15
661 1158 3393 32 15
32 1158 3393 154 15
1158 661 3393 3394 15
662 1159 3394 661 15
661 1159 3394 1158 15
1159 662 3394 3395 15
663 1160 3395 662 15
662 1160 3395 1159 15
1160 663 3395 3396 15
664 1161 3396 663 15
663 1161 3396 1160 15
1161 664 3396 3397 15
665 1162 3397 664 15
664 1162 3397 1161 15
1162 665 3397 3398 15
666 1163 3398 665 15
665 1163 3398 1162 15
1163 666 3398 3399 15
667 1164 3399 666 15
666 1164 3399 1163 15
1164 667 3399 3400 15
668 1165 3400 667 15
667 1165 3400 1164 15
1165 668 3400 3401 15
669 1166 3401 668 15
668 1166 3401 1165 15
1166 669 3401 3402 15
670 1167 3402 669 15
669 1167 3402 1166 15
1167 670 3402 3403 15
671 1168 3403 670 15
670 1168 3403 1167 15
1168 671 3403 3404 15
672 1169 3404 671 15
671 1169 3404 1168 15
1169 672 3404 3405 15
673 1170 3405 672 15
672 1170 3405 1169 15
1170 673 3405 3406 15
674 1171 3406 673 15
673 1171 3406 1170 15
1171 674 3406 3407 15
675 1172 3407 674 15
674 1172 3407 1171 15
1172 675 3407 1070 15
120 921 1070 675 15
675 921 1070 1172 15
9 10 304 3408 15
331 316 3408 9 15
10 9 331 3408 15
316 331 3408 3409 15
332 317 3409 316 15
331 316 332 3409 15
317 332 3409 3410 15
333 318 3410 317 15
332 317 333 3410 15
318 333 3410 3411 15
334 319 3411 318 15
333 318 334 3411 15
319 334 3411 3412 15
335 320 3412 319 15
334 319 335 3412 15
320 335 3412 3413 15
336 321 3413 320 15
335 320 336 3413 15
321 336 3413 3414 15
337 322 3414 321 15
336 321 337 3414 15
322 337 3414 3415 15
338 323 3415 322 15
337 322 338 3415 15
323 338 3415 3416 15
339 324 3416 323 15
338 323 339 3416 15
324 339 3416 3417 15
340 325 3417 324 15
339 324 340 3417 15
325 340 3417 3418 15
341 326 3418 325 15
340 325 341 3418 15
326 341 3418 3419 15
342 327 3419 326 15
341 326 342 3419 15
327 342 3419 3420 15
343 328 3420 327 15
342 327 343 3420 15
328 343 3420 3421 15
344 329 3421 328 15
343 328 344 3421 15
329 344 3421 3422 15
345 330 3422 329 15
344 329 345 3422 15
330 345 3422 1071 15
57 58 1071 330 15
345 330 57 1071 15
163 280 310 3498 15
3048 1293 3498 163 15
280 163 3048 3498 15
1293 3048 3498 3499 15
3049 1294 3499 1293 15
3048 1293 3049 3499 15
1294 3049 3499 3500 15
3050 1295 3500 1294 15
3049 1294 3050 3500 15
1295 3050 3500 3501 15
3051 1296 3501 1295 15
3050 1295 3051 3501 15
1296 3051 3501 3502 15
3052 1297 3502 1296 15
3051 1296 3052 3502 15
1297 3052 3502 3503 15
3053 1298 3503 1297 15
3052 1297 3053 3503 15
1298 3053 3503 3504 15
3054 1299 3504 1298 15
3053 1298 3054 3504 15
1299 3054 3504 3505 15
3055 1300 3505 1299 15
3054 1299 3055 3505 15
1300 3055 3505 3506 15
3056 1301 3506 1300 15
3055 1300 3056 3506 15
1301 3056 3506 3507 15
3057 1302 3507 1301 15
3056 1301 3057 3507 15
1302 3057 3507 3508 15
3058 1303 3508 1302 15
3057 1302 3058 3508 15
1303 3058 3508 3509 15
3059 1304 3509 1303 15
3058 1303 3059 3509 15
1304 3059 3509 3510 15
3060 1305 3510 1304 15
3059 1304 3060 3510 15
1305 3060 3510 3511 15
3061 1306 3511 1305 15
3060 1305 3061 3511 15
1306 3061 3511 3512 15
3062 1307 3512 1306 15
3061 1306 3062 3512 15
1307 3062 3512 1077 15
1047 930 1077 1307 15
3062 1307 1047 1077 15
280 152 310 3498 15
1128 3048 3498 280 15
152 280 1128 3498 15
3048 1128 3498 3499 15
1129 3049 3499 3048 15
1128 3048 1129 3499 15
3049 1129 3499 3500 15
1130 3050 3500 3049 15
1129 3049 1130 3500 15
3050 1130 3500 3501 15
1131 3051 3501 3050 15
1130 3050 1131 3501 15
3051 1131 3501 3502 15
1132 3052 3502 3051 15
1131 3051 1132 3502 15
3052 1132 3502 3503 15
1133 3053 3503 3052 15
1132 3052 1133 3503 15
3053 1133 3503 3504 15
1134 3054 3504 3053 15
1133 3053 1134 3504 15
3054 1134 3504 3505 15
1135 3055 3505 3054 15
1134 3054 1135 3505 15
3055 1135 3505 3506 15
1136 3056 3506 3055 15
1135 3055 1136 3506 15
3056 1136 3506 3507 15
1137 3057 3507 3056 15
1136 3056 1137 3507 15
3057 1137 3507 3508 15
1138 3058 3508 3057 15
1137 3057 1138 3508 15
3058 1138 3508 3509 15
1139 3059 3509 3058 15
1138 3058 1139 3509 15
3059 1139 3509 3510 15
1140 3060 3510 3059 15
1139 3059 1140 3510 15
3060 1140 3510 3511 15
1141 3061 3511 3060 15
1140 3060 1141 3511 15
3061 1141 3511 3512 15
1142 3062 3512 3061 15
1141 3061 1142 3512 15
3062 1142 3512 1077 15
919 1047 1077 3062 15
1142 3062 919 1077 15
20 278 297 3303 15
3018 481 3303 20 15
278 20 3018 3303 15
481 3018 3303 3304 15
3019 482 3304 481 15
3018 481 3019 3304 15
482 3019 3304 3305 15
3020 483 3305 482 15
3019 482 3020 3305 15
483 3020 3305 3306 15
3021 484 3306 483 15
3020 483 3021 3306 15
484 3021 3306 3307 15
3022 485 3307 484 15
3021 484 3022 3307 15
485 3022 3307 3308 15
3023 486 3308 485 15
3022 485 3023 3308 15
486 3023 3308 3309 15
3024 487 3309 486 15
3023 486 3024 3309 15
487 3024 3309 3310 15
3025 488 3310 487 15
3024 487 3025 3310 15
488 3025 3310 3311 15
3026 489 3311 488 15
3025 488 3026 3311 15
489 3026 3311 3312 15
3027 490 3312 489 15
3026 489 3027 3312 15
490 3027 3312 3313 15
3028 491 3313 490 15
3027 490 3028 3313 15
491 3028 3313 3314 15
3029 492 3314 491 15
3028 491 3029 3314 15
492 3029 3314 3315 15
3030 493 3315 492 15
3029 492 3030 3315 15
493 3030 3315 3316 15
3031 494 3316 493 15
3030 493 3031 3316 15
494 3031 3316 3317 15
3032 495 3317 494 15
3031 494 3032 3317 15
495 3032 3317 1064 15
1045 97 1064 495 15
3032 495 1045 1064 15
287 43 291 3213 15
826 3153 3213 43 15
43 3153 3213 287 15
3153 826 3213 3214 15
827 3154 3214 826 15
826 3154 3214 3153 15
3154 827 3214 3215 15
828 3155 3215 827 15
827 3155 3215 3154 15
3155 828 3215 3216 15
829 3156 3216 828 15
828 3156 3216 3155 15
3156 829 3216 3217 15
830 3157 3217 829 15
829 3157 3217 3156 15
3157 830 3217 3218 15
831 3158 3218 830 15
830 3158 3218 3157 15
3158 831 3218 3219 15
832 3159 3219 831 15
831 3159 3219 3158 15
3159 832 3219 3220 15
833 3160 3220 832 15
832 3160 3220 3159 15
3160 833 3220 3221 15
834 3161 3221 833 15
833 3161 3221 3160 15
3161 834 3221 3222 15
835 3162 3222 834 15
834 3162 3222 3161 15
3162 835 3222 3223 15
836 3163 3223 835 15
835 3163 3223 3162 15
3163 836 3223 3224 15
837 3164 3224 836 15
836 3164 3224 3163 15
3164 837 3224 3225 15
838 3165 3225 837 15
837 3165 3225 3164 15
3165 838 3225 3226 15
839 3166 3226 838 15
838 3166 3226 3165 15
3166 839 3226 3227 15
840 3167 3227 839 15
839 3167 3227 3166 15
3167 840 3227 1058 15
144 1054 1058 840 15
840 1054 1058 3167 15
288 30 289 3183 15
631 3168 3183 30 15
30 3168 3183 288 15
3168 631 3183 3184 15
632 3169 3184 631 15
631 3169 3184 3168 15
3169 632 3184 3185 15
633 3170 3185 632 15
632 3170 3185 3169 15
3170 633 3185 3186 15
634 3171 3186 633 15
633 3171 3186 3170 15
3171 634 3186 3187 15
635 3172 3187 634 15
634 3172 3187 3171 15
3172 635 3187 3188 15
636 3173 3188 635 15
635 3173 3188 3172 15
3173 636 3188 3189 15
637 3174 3189 636 15
636 3174 3189 3173 15
3174 637 3189 3190 15
638 3175 3190 637 15
637 3175 3190 3174 15
3175 638 3190 3191 15
639 3176 3191 638 15
638 3176 3191 3175 15
3176 639 3191 3192 15
640 3177 3192 639 15
639 3177 3192 3176 15
3177 640 3192 3193 15
641 3178 3193 640 15
640 3178 3193 3177 15
3178 641 3193 3194 15
642 3179 3194 641 15
641 3179 3194 3178 15
3179 642 3194 3195 15
643 3180 3195 642 15
642 3180 3195 3179 15
3180 643 3195 3196 15
644 3181 3196 643 15
643 3181 3196 3180 15
3181 644 3196 3197 15
645 3182 3197 644 15
644 3182 3197 3181 15
3182 645 3197 1056 15
122 1055 1056 645 15
645 1055 1056 3182 15
290 161 312 3528 15
1263 3198 3528 161 15
161 3198 3528 290 15
3198 1263 3528 3529 15
1264 3199 3529 1263 15
1263 3199 3529 3198 15
3199 1264 3529 3530 15
1265 3200 3530 1264 15
1264 3200 3530 3199 15
3200 1265 3530 3531 15
1266 3201 3531 1265 15
1265 3201 3531 3200 15
3201 1266 3531 3532 15
1267 3202 3532 1266 15
1266 3202 3532 3201 15
3202 1267 3532 3533 15
1268 3203 3533 1267 15
1267 3203 3533 3202 15
3203 1268 3533 3534 15
1269 3204 3534 1268 15
1268 3204 3534 3203 15
3204 1269 3534 3535 15
1270 3205 3535 1269 15
1269 3205 3535 3204 15
3205 1270 3535 3536 15
1271 3206 3536 1270 15
1270 3206 3536 3205 15
3206 1271 3536 3537 15
1272 3207 3537 1271 15
1271 3207 3537 3206 15
3207 1272 3537 3538 15
1273 3208 3538 1272 15
1272 3208 3538 3207 15
3208 1273 3538 3539 15
1274 3209 3539 1273 15
1273 3209 3539 3208 15
3209 1274 3539 3540 15
1275 3210 3540 1274 15
1274 3210 3540 3209 15
3210 1275 3540 3541 15
1276 3211 3541 1275 15
1275 3211 3541 3210 15
3211 1276 3541 3542 15
1277 3212 3542 1276 15
1276 3212 3542 3211 15
3212 1277 3542 1079 15
928 1057 1079 1277 15
1277 1057 1079 3212 15
291 160 306 3438 15
1248 3213 3438 160 15
160 3213 3438 291 15
3213 1248 3438 3439 15
1249 3214 3439 1248 15
1248 3214 3439 3213 15
3214 1249 3439 3440 15
1250 3215 3440 1249 15
1249 3215 3440 3214 15
3215 1250 3440 3441 15
1251 3216 3441 1250 15
1250 3216 3441 3215 15
3216 1251 3441 3442 15
1252 3217 3442 1251 15
1251 3217 3442 3216 15
3217 1252 3442 3443 15
1253 3218 3443 1252 15
1252 3218 3443 3217 15
3218 1253 3443 3444 15
1254 3219 3444 1253 15
1253 3219 3444 3218 15
3219 1254 3444 3445 15
1255 3220 3445 1254 15
1254 3220 3445 3219 15
3220 1255 3445 3446 15
1256 3221 3446 1255 15
1255 3221 3446 3220 15
3221 1256 3446 3447 15
1257 3222 3447 1256 15
1256 3222 3447 3221 15
3222 1257 3447 3448 15
1258 3223 3448 1257 15
1257 3223 3448 3222 15
3223 1258 3448 3449 15
1259 3224 3449 1258 15
1258 3224 3449 3223 15
3224 1259 3449 3450 15
1260 3225 3450 1259 15
1259 3225 3450 3224 15
3225 1260 3450 3451 15
1261 3226 3451 1260 15
1260 3226 3451 3225 15
3226 1261 3451 3452 15
1262 3227 3452 1261 15
1261 3227 3452 3226 15
3227 1262 3452 1073 15
927 1058 1073 1262 15
1262 1058 1073 3227 15
13 14 305 3423 15
391 376 3423 13 15
14 13 391 3423 15
376 391 3423 3424 15
392 377 3424 376 15
391 376 392 3424 15
377 392 3424 3425 15
393 378 3425 377 15
392 377 393 3425 15
378 393 3425 3426 15
394 379 3426 378 15
393 378 394 3426 15
379 394 3426 3427 15
395 380 3427 379 15
394 379 395 3427 15
380 395 3427 3428 15
396 381 3428 380 15
395 380 396 3428 15
381 396 3428 3429 15
397 382 3429 381 15
396 381 397 3429 15
382 397 3429 3430 15
398 383 3430 382 15
397 382 398 3430 15
383 398 3430 3431 15
399 384 3431 383 15
398 383 399 3431 15
384 399 3431 3432 15
400 385 3432 384 15
399 384 400 3432 15
385 400 3432 3433 15
401 386 3433 385 15
400 385 401 3433 15
386 401 3433 3434 15
402 387 3434 386 15
401 386 402 3434 15
387 402 3434 3435 15
403 388 3435 387 15
402 387 403 3435 15
388 403 3435 3436 15
404 389 3436 388 15
403 388 404 3436 15
389 404 3436 3437 15
405 390 3437 389 15
404 389 405 3437 15
390 405 3437 1072 15
53 54 1072 390 15
405 390 53 1072 15
264 260 306 3438 15
2748 2808 3438 260 15
260 2808 3438 264 15
2808 2748 3438 3439 15
2749 2809 3439 2748 15
2748 2809 3439 2808 15
2809 2749 3439 3440 15
2750 2810 3440 2749 15
2749 2810 3440 2809 15
2810 2750 3440 3441 15
2751 2811 3441 2750 15
2750 2811 3441 2810 15
2811 2751 3441 3442 15
2752 2812 3442 2751 15
2751 2812 3442 2811 15
2812 2752 3442 3443 15
2753 2813 3443 2752 15
2752 2813 3443 2812 15
2813 2753 3443 3444 15
2754 2814 3444 2753 15
2753 2814 3444 2813 15
2814 2754 3444 3445 15
2755 2815 3445 2754 15
2754 2815 3445 2814 15
2815 2755 3445 3446 15
2756 2816 3446 2755 15
2755 2816 3446 2815 15
2816 2756 3446 3447 15
2757 2817 3447 2756 15
2756 2817 3447 2816 15
2817 2757 3447 3448 15
2758 2818 3448 2757 15
2757 2818 3448 2817 15
2818 2758 3448 3449 15
2759 2819 3449 2758 15
2758 2819 3449 2818 15
2819 2759 3449 3450 15
2760 2820 3450 2759 15
2759 2820 3450 2819 15
2820 2760 3450 3451 15
2761 2821 3451 2760 15
2760 2821 3451 2820 15
2821 2761 3451 3452 15
2762 2822 3452 2761 15
2761 2822 3452 2821 15
2822 2762 3452 1073 15
1027 1031 1073 2762 15
2762 1031 1073 2822 15
23 24 307 3453 15
541 526 3453 23 15
24 23 541 3453 15
526 541 3453 3454 15
542 527 3454 526 15
541 526 542 3454 15
527 542 3454 3455 15
543 528 3455 527 15
542 527 543 3455 15
528 543 3455 3456 15
544 529 3456 528 15
543 528 544 3456 15
529 544 3456 3457 15
545 530 3457 529 15
544 529 545 3457 15
530 545 3457 3458 15
546 531 3458 530 15
545 530 546 3458 15
531 546 3458 3459 15
547 532 3459 531 15
546 531 547 3459 15
532 547 3459 3460 15
548 533 3460 532 15
547 532 548 3460 15
533 548 3460 3461 15
549 534 3461 533 15
548 533 549 3461 15
534 549 3461 3462 15
550 535 3462 534 15
549 534 550 3462 15
535 550 3462 3463 15
551 536 3463 535 15
550 535 551 3463 15
536 551 3463 3464 15
552 537 3464 536 15
551 536 552 3464 15
537 552 3464 3465 15
553 538 3465 537 15
552 537 553 3465 15
538 553 3465 3466 15
554 539 3466 538 15
553 538 554 3466 15
539 554 3466 3467 15
555 540 3467 539 15
554 539 555 3467 15
540 555 3467 1074 15
93 94 1074 540 15
555 540 93 1074 15
219 227 308 3468 15
2253 2133 3468 219 15
227 219 2253 3468 15
2133 2253 3468 3469 15
2254 2134 3469 2133 15
2253 2133 2254 3469 15
2134 2254 3469 3470 15
2255 2135 3470 2134 15
2254 2134 2255 3470 15
2135 2255 3470 3471 15
2256 2136 3471 2135 15
2255 2135 2256 3471 15
2136 2256 3471 3472 15
2257 2137 3472 2136 15
2256 2136 2257 3472 15
2137 2257 3472 3473 15
2258 2138 3473 2137 15
2257 2137 2258 3473 15
2138 2258 3473 3474 15
2259 2139 3474 2138 15
2258 2138 2259 3474 15
2139 2259 3474 3475 15
2260 2140 3475 2139 15
2259 2139 2260 3475 15
2140 2260 3475 3476 15
2261 2141 3476 2140 15
2260 2140 2261 3476 15
2141 2261 3476 3477 15
2262 2142 3477 2141 15
2261 2141 2262 3477 15
2142 2262 3477 3478 15
2263 2143 3478 2142 15
2262 2142 2263 3478 15
2143 2263 3478 3479 15
2264 2144 3479 2143 15
2263 2143 2264 3479 15
2144 2264 3479 3480 15
2265 2145 3480 2144 15
2264 2144 2265 3480 15
2145 2265 3480 3481 15
2266 2146 3481 2145 15
2265 2145 2266 3481 15
2146 2266 3481 3482 15
2267 2147 3482 2146 15
2266 2146 2267 3482 15
2147 2267 3482 1075 15
994 986 1075 2147 15
2267 2147 994 1075 15
286 164 304 3408 15
1308 3138 3408 164 15
164 3138 3408 286 15
3138 1308 3408 3409 15
1309 3139 3409 1308 15
1308 3139 3409 3138 15
3139 1309 3409 3410 15
1310 3140 3410 1309 15
1309 3140 3410 3139 15
3140 1310 3410 3411 15
1311 3141 3411 1310 15
1310 3141 3411 3140 15
3141 1311 3411 3412 15
1312 3142 3412 1311 15
1311 3142 3412 3141 15
3142 1312 3412 3413 15
1313 3143 3413 1312 15
1312 3143 3413 3142 15
3143 1313 3413 3414 15
1314 3144 3414 1313 15
1313 3144 3414 3143 15
3144 1314 3414 3415 15
1315 3145 3415 1314 15
1314 3145 3415 3144 15
3145 1315 3415 3416 15
1316 3146 3416 1315 15
1315 3146 3416 3145 15
3146 1316 3416 3417 15
1317 3147 3417 1316 15
1316 3147 3417 3146 15
3147 1317 3417 3418 15
1318 3148 3418 1317 15
1317 3148 3418 3147 15
3148 1318 3418 3419 15
1319 3149 3419 1318 15
1318 3149 3419 3148 15
3149 1319 3419 3420 15
1320 3150 3420 1319 15
1319 3150 3420 3149 15
3150 1320 3420 3421 15
1321 3151 3421 1320 15
1320 3151 3421 3150 15
3151 1321 3421 3422 15
1322 3152 3422 1321 15
1321 3152 3422 3151 15
3152 1322 3422 1071 15
931 1053 1071 1322 15
1322 1053 1071 3152 15
263 293 311 3513 15
3243 2793 3513 263 15
293 263 3243 3513 15
2793 3243 3513 3514 15
3244 2794 3514 2793 15
3243 2793 3244 3514 15
2794 3244 3514 3515 15
3245 2795 3515 2794 15
3244 2794 3245 3515 15
2795 3245 3515 3516 15
3246 2796 3516 2795 15
3245 2795 3246 3516 15
2796 3246 3516 3517 15
3247 2797 3517 2796 15
3246 2796 3247 3517 15
2797 3247 3517 3518 15
3248 2798 3518 2797 15
3247 2797 3248 3518 15
2798 3248 3518 3519 15
3249 2799 3519 2798 15
3248 2798 3249 3519 15
2799 3249 3519 3520 15
3250 2800 3520 2799 15
3249 2799 3250 3520 15
2800 3250 3520 3521 15
3251 2801 3521 2800 15
3250 2800 3251 3521 15
2801 3251 3521 3522 15
3252 2802 3522 2801 15
3251 2801 3252 3522 15
2802 3252 3522 3523 15
3253 2803 3523 2802 15
3252 2802 3253 3523 15
2803 3253 3523 3524 15
3254 2804 3524 2803 15
3253 2803 3254 3524 15
2804 3254 3524 3525 15
3255 2805 3525 2804 15
3254 2804 3255 3525 15
2805 3255 3525 3526 15
3256 2806 3526 2805 15
3255 2805 3256 3526 15
2806 3256 3526 3527 15
3257 2807 3527 2806 15
3256 2806 3257 3527 15
2807 3257 3527 1078 15
1060 1030 1078 2807 15
3257 2807 1060 1078 15
25 26 309 3483 15
571 556 3483 25 15
26 25 571 3483 15
556 571 3483 3484 15
572 557 3484 556 15
571 556 572 3484 15
557 572 3484 3485 15
573 558 3485 557 15
572 557 573 3485 15
558 573 3485 3486 15
574 559 3486 558 15
573 558 574 3486 15
559 574 3486 3487 15
575 560 3487 559 15
574 559 575 3487 15
560 575 3487 3488 15
576 561 3488 560 15
575 560 576 3488 15
561 576 3488 3489 15
577 562 3489 561 15
576 561 577 3489 15
562 577 3489 3490 15
578 563 3490 562 15
577 562 578 3490 15
563 578 3490 3491 15
579 564 3491 563 15
578 563 579 3491 15
564 579 3491 3492 15
580 565 3492 564 15
579 564 580 3492 15
565 580 3492 3493 15
581 566 3493 565 15
580 565 581 3493 15
566 581 3493 3494 15
582 567 3494 566 15
581 566 582 3494 15
567 582 3494 3495 15
583 568 3495 567 15
582 567 583 3495 15
568 583 3495 3496 15
584 569 3496 568 15
583 568 584 3496 15
569 584 3496 3497 15
585 570 3497 569 15
584 569 585 3497 15
570 585 3497 1076 15
91 92 1076 570 15
585 570 91 1076 15
38 4 310 3498 15
124 751 3498 38 15
4 38 124 3498 15
751 124 3498 3499 15
125 752 3499 751 15
124 751 125 3499 15
752 125 3499 3500 15
126 753 3500 752 15
125 752 126 3500 15
753 126 3500 3501 15
127 754 3501 753 15
126 753 127 3501 15
754 127 3501 3502 15
128 755 3502 754 15
127 754 128 3502 15
755 128 3502 3503 15
129 756 3503 755 15
128 755 129 3503 15
756 129 3503 3504 15
130 757 3504 756 15
129 756 130 3504 15
757 130 3504 3505 15
131 758 3505 757 15
130 757 131 3505 15
758 131 3505 3506 15
132 759 3506 758 15
131 758 132 3506 15
759 132 3506 3507 15
133 760 3507 759 15
132 759 133 3507 15
760 133 3507 3508 15
134 761 3508 760 15
133 760 134 3508 15
761 134 3508 3509 15
135 762 3509 761 15
134 761 135 3509 15
762 135 3509 3510 15
136 763 3510 762 15
135 762 136 3510 15
763 136 3510 3511 15
137 764 3511 763 15
136 763 137 3511 15
764 137 3511 3512 15
138 765 3512 764 15
137 764 138 3512 15
765 138 3512 1077 15
8 114 1077 765 15
138 765 8 1077 15
46 47 311 3513 15
886 871 3513 46 15
47 46 886 3513 15
871 886 3513 3514 15
887 872 3514 871 15
886 871 887 3514 15
872 887 3514 3515 15
888 873 3515 872 15
887 872 888 3515 15
873 888 3515 3516 15
889 874 3516 873 15
888 873 889 3516 15
874 889 3516 3517 15
890 875 3517 874 15
889 874 890 3517 15
875 890 3517 3518 15
891 876 3518 875 15
890 875 891 3518 15
876 891 3518 3519 15
892 877 3519 876 15
891 876 892 3519 15
877 892 3519 3520 15
893 878 3520 877 15
892 877 893 3520 15
878 893 3520 3521 15
894 879 3521 878 15
893 878 894 3521 15
879 894 3521 3522 15
895 880 3522 879 15
894 879 895 3522 15
880 895 3522 3523 15
896 881 3523 880 15
895 880 896 3523 15
881 896 3523 3524 15
897 882 3524 881 15
896 881 897 3524 15
882 897 3524 3525 15
898 883 3525 882 15
897 882 898 3525 15
883 898 3525 3526 15
899 884 3526 883 15
898 883 899 3526 15
884 899 3526 3527 15
900 885 3527 884 15
899 884 900 3527 15
885 900 3527 1078 15
140 141 1078 885 15
900 885 140 1078 15
36 295 314 3558 15
3273 721 3558 36 15
295 36 3273 3558 15
721 3273 3558 3559 15
3274 722 3559 721 15
3273 721 3274 3559 15
722 3274 3559 3560 15
3275 723 3560 722 15
3274 722 3275 3560 15
723 3275 3560 3561 15
3276 724 3561 723 15
3275 723 3276 3561 15
724 3276 3561 3562 15
3277 725 3562 724 15
3276 724 3277 3562 15
725 3277 3562 3563 15
3278 726 3563 725 15
3277 725 3278 3563 15
726 3278 3563 3564 15
3279 727 3564 726 15
3278 726 3279 3564 15
727 3279 3564 3565 15
3280 728 3565 727 15
3279 727 3280 3565 15
728 3280 3565 3566 15
3281 729 3566 728 15
3280 728 3281 3566 15
729 3281 3566 3567 15
3282 730 3567 729 15
3281 729 3282 3567 15
730 3282 3567 3568 15
3283 731 3568 730 15
3282 730 3283 3568 15
731 3283 3568 3569 15
3284 732 3569 731 15
3283 731 3284 3569 15
732 3284 3569 3570 15
3285 733 3570 732 15
3284 732 3285 3570 15
733 3285 3570 3571 15
3286 734 3571 733 15
3285 733 3286 3571 15
734 3286 3571 3572 15
3287 735 3572 734 15
3286 734 3287 3572 15
735 3287 3572 1081 15
1062 116 1081 735 15
3287 735 1062 1081 15
283 286 304 3408 15
3138 3093 3408 283 15
286 283 3138 3408 15
3093 3138 3408 3409 15
3139 3094 3409 3093 15
3138 3093 3139 3409 15
3094 3139 3409 3410 15
3140 3095 3410 3094 15
3139 3094 3140 3410 15
3095 3140 3410 3411 15
3141 3096 3411 3095 15
3140 3095 3141 3411 15
3096 3141 3411 3412 15
3142 3097 3412 3096 15
3141 3096 3142 3412 15
3097 3142 3412 3413 15
3143 3098 3413 3097 15
3142 3097 3143 3413 15
3098 3143 3413 3414 15
3144 3099 3414 3098 15
3143 3098 3144 3414 15
3099 3144 3414 3415 15
3145 3100 3415 3099 15
3144 3099 3145 3415 15
3100 3145 3415 3416 15
3146 3101 3416 3100 15
3145 3100 3146 3416 15
3101 3146 3416 3417 15
3147 3102 3417 3101 15
3146 3101 3147 3417 15
3102 3147 3417 3418 15
3148 3103 3418 3102 15
3147 3102 3148 3418 15
3103 3148 3418 3419 15
3149 3104 3419 3103 15
3148 3103 3149 3419 15
3104 3149 3419 3420 15
3150 3105 3420 3104 15
3149 3104 3150 3420 15
3105 3150 3420 3421 15
3151 3106 3421 3105 15
3150 3105 3151 3421 15
3106 3151 3421 3422 15
3152 3107 3422 3106 15
3151 3106 3152 3422 15
3107 3152 3422 1071 15
1053 1050 1071 3107 15
3152 3107 1053 1071 15
165 23 307 3453 15
526 1323 3453 23 15
23 1323 3453 165 15
1323 526 3453 3454 15
527 1324 3454 526 15
526 1324 3454 1323 15
1324 527 3454 3455 15
528 1325 3455 527 15
527 1325 3455 1324 15
1325 528 3455 3456 15
529 1326 3456 528 15
528 1326 3456 1325 15
1326 529 3456 3457 15
530 1327 3457 529 15
529 1327 3457 1326 15
1327 530 3457 3458 15
531 1328 3458 530 15
530 1328 3458 1327 15
1328 531 3458 3459 15
532 1329 3459 531 15
531 1329 3459 1328 15
1329 532 3459 3460 15
533 1330 3460 532 15
532 1330 3460 1329 15
1330 533 3460 3461 15
534 1331 3461 533 15
533 1331 3461 1330 15
1331 534 3461 3462 15
535 1332 3462 534 15
534 1332 3462 1331 15
1332 535 3462 3463 15
536 1333 3463 535 15
535 1333 3463 1332 15
1333 536 3463 3464 15
537 1334 3464 536 15
536 1334 3464 1333 15
1334 537 3464 3465 15
538 1335 3465 537 15
537 1335 3465 1334 15
1335 538 3465 3466 15
539 1336 3466 538 15
538 1336 3466 1335 15
1336 539 3466 3467 15
540 1337 3467 539 15
539 1337 3467 1336 15
1337 540 3467 1074 15
94 932 1074 540 15
540 932 1074 1337 15
241 234 312 3528 15
2358 2463 3528 234 15
234 2463 3528 241 15
2463 2358 3528 3529 15
2359 2464 3529 2358 15
2358 2464 3529 2463 15
2464 2359 3529 3530 15
2360 2465 3530 2359 15
2359 2465 3530 2464 15
2465 2360 3530 3531 15
2361 2466 3531 2360 15
2360 2466 3531 2465 15
2466 2361 3531 3532 15
2362 2467 3532 2361 15
2361 2467 3532 2466 15
2467 2362 3532 3533 15
2363 2468 3533 2362 15
2362 2468 3533 2467 15
2468 2363 3533 3534 15
2364 2469 3534 2363 15
2363 2469 3534 2468 15
2469 2364 3534 3535 15
2365 2470 3535 2364 15
2364 2470 3535 2469 15
2470 2365 3535 3536 15
2366 2471 3536 2365 15
2365 2471 3536 2470 15
2471 2366 3536 3537 15
2367 2472 3537 2366 15
2366 2472 3537 2471 15
2472 2367 3537 3538 15
2368 2473 3538 2367 15
2367 2473 3538 2472 15
2473 2368 3538 3539 15
2369 2474 3539 2368 15
2368 2474 3539 2473 15
2474 2369 3539 3540 15
2370 2475 3540 2369 15
2369 2475 3540 2474 15
2475 2370 3540 3541 15
2371 2476 3541 2370 15
2370 2476 3541 2475 15
2476 2371 3541 3542 15
2372 2477 3542 2371 15
2371 2477 3542 2476 15
2477 2372 3542 1079 15
1001 1008 1079 2372 15
2372 1008 1079 2477 15
252 229 313 3543 15
2283 2628 3543 229 15
229 2628 3543 252 15
2628 2283 3543 3544 15
2284 2629 3544 2283 15
2283 2629 3544 2628 15
2629 2284 3544 3545 15
2285 2630 3545 2284 15
2284 2630 3545 2629 15
2630 2285 3545 3546 15
2286 2631 3546 2285 15
2285 2631 3546 2630 15
2631 2286 3546 3547 15
2287 2632 3547 2286 15
2286 2632 3547 2631 15
2632 2287 3547 3548 15
2288 2633 3548 2287 15
2287 2633 3548 2632 15
2633 2288 3548 3549 15
2289 2634 3549 2288 15
2288 2634 3549 2633 15
2634 2289 3549 3550 15
2290 2635 3550 2289 15
2289 2635 3550 2634 15
2635 2290 3550 3551 15
2291 2636 3551 2290 15
2290 2636 3551 2635 15
2636 2291 3551 3552 15
2292 2637 3552 2291 15
2291 2637 3552 2636 15
2637 2292 3552 3553 15
2293 2638 3553 2292 15
2292 2638 3553 2637 15
2638 2293 3553 3554 15
2294 2639 3554 2293 15
2293 2639 3554 2638 15
2639 2294 3554 3555 15
2295 2640 3555 2294 15
2294 2640 3555 2639 15
2640 2295 3555 3556 15
2296 2641 3556 2295 15
2295 2641 3556 2640 15
2641 2296 3556 3557 15
2297 2642 3557 2296 15
2296 2642 3557 2641 15
2642 2297 3557 1080 15
996 1019 1080 2297 15
2297 1019 1080 2642 15
35 36 314 3558 15
721 706 3558 35 15
36 35 721 3558 15
706 721 3558 3559 15
722 707 3559 706 15
721 706 722 3559 15
707 722 3559 3560 15
723 708 3560 707 15
722 707 723 3560 15
708 723 3560 3561 15
724 709 3561 708 15
723 708 724 3561 15
709 724 3561 3562 15
725 710 3562 709 15
724 709 725 3562 15
710 725 3562 3563 15
726 711 3563 710 15
725 710 726 3563 15
711 726 3563 3564 15
727 712 3564 711 15
726 711 727 3564 15
712 727 3564 3565 15
728 713 3565 712 15
727 712 728 3565 15
713 728 3565 3566 15
729 714 3566 713 15
728 713 729 3566 15
714 729 3566 3567 15
730 715 3567 714 15
729 714 730 3567 15
715 730 3567 3568 15
731 716 3568 715 15
730 715 731 3568 15
716 731 3568 3569 15
732 717 3569 716 15
731 716 732 3569 15
717 732 3569 3570 15
733 718 3570 717 15
732 717 733 3570 15
718 733 3570 3571 15
734 719 3571 718 15
733 718 734 3571 15
719 734 3571 3572 15
735 720 3572 719 15
734 719 735 3572 15
720 735 3572 1081 15
116 117 1081 720 15
735 720 116 1081 15
231 233 315 3573 15
2343 2313 3573 231 15
233 231 2343 3573 15
2313 2343 3573 3574 15
2344 2314 3574 2313 15
2343 2313 2344 3574 15
2314 2344 3574 3575 15
2345 2315 3575 2314 15
2344 2314 2345 3575 15
2315 2345 3575 3576 15
2346 2316 3576 2315 15
2345 2315 2346 3576 15
2316 2346 3576 3577 15
2347 2317 3577 2316 15
2346 2316 2347 3577 15
2317 2347 3577 3578 15
2348 2318 3578 2317 15
2347 2317 2348 3578 15
2318 2348 3578 3579 15
2349 2319 3579 2318 15
2348 2318 2349 3579 15
2319 2349 3579 3580 15
2350 2320 3580 2319 15
2349 2319 2350 3580 15
2320 2350 3580 3581 15
2351 2321 3581 2320 15
2350 2320 2351 3581 15
2321 2351 3581 3582 15
2352 2322 3582 2321 15
2351 2321 2352 3582 15
2322 2352 3582 3583 15
2353 2323 3583 2322 15
2352 2322 2353 3583 15
2323 2353 3583 3584 15
2354 2324 3584 2323 15
2353 2323 2354 3584 15
2324 2354 3584 3585 15
2355 2325 3585 2324 15
2354 2324 2355 3585 15
2325 2355 3585 3586 15
2356 2326 3586 2325 15
2355 2325 2356 3586 15
2326 2356 3586 3587 15
2357 2327 3587 2326 15
2356 2326 2357 3587 15
2327 2357 3587 1082 15
1000 998 1082 2327 15
2357 2327 1000 1082 15
296 16 302 3378 15
421 3288 3378 16 15
16 3288 3378 296 15
3288 421 3378 3379 15
422 3289 3379 421 15
421 3289 3379 3288 15
3289 422 3379 3380 15
423 3290 3380 422 15
422 3290 3380 3289 15
3290 423 3380 3381 15
424 3291 3381 423 15
423 3291 3381 3290 15
3291 424 3381 3382 15
425 3292 3382 424 15
424 3292 3382 3291 15
3292 425 3382 3383 15
426 3293 3383 425 15
425 3293 3383 3292 15
3293 426 3383 3384 15
427 3294 3384 426 15
426 3294 3384 3293 15
3294 427 3384 3385 15
428 3295 3385 427 15
427 3295 3385 3294 15
3295 428 3385 3386 15
429 3296 3386 428 15
428 3296 3386 3295 15
3296 429 3386 3387 15
430 3297 3387 429 15
429 3297 3387 3296 15
3297 430 3387 3388 15
431 3298 3388 430 15
430 3298 3388 3297 15
3298 431 3388 3389 15
432 3299 3389 431 15
431 3299 3389 3298 15
3299 432 3389 3390 15
433 3300 3390 432 15
432 3300 3390 3299 15
3300 433 3390 3391 15
434 3301 3391 433 15
433 3301 3391 3300 15
3301 434 3391 3392 15
435 3302 3392 434 15
434 3302 3392 3301 15
3302 435 3392 1069 15
51 1063 1069 435 15
435 1063 1069 3302 15
233 296 302 3378 15
3288 2343 3378 233 15
296 233 3288 3378 15
2343 3288 3378 3379 15
3289 2344 3379 2343 15
3288 2343 3289 3379 15
2344 3289 3379 3380 15
3290 2345 3380 2344 15
3289 2344 3290 3380 15
2345 3290 3380 3381 15
3291 2346 3381 2345 15
3290 2345 3291 3381 15
2346 3291 3381 3382 15
3292 2347 3382 2346 15
3291 2346 3292 3382 15
2347 3292 3382 3383 15
3293 2348 3383 2347 15
3292 2347 3293 3383 15
2348 3293 3383 3384 15
3294 2349 3384 2348 15
3293 2348 3294 3384 15
2349 3294 3384 3385 15
3295 2350 3385 2349 15
3294 2349 3295 3385 15
2350 3295 3385 3386 15
3296 2351 3386 2350 15
3295 2350 3296 3386 15
2351 3296 3386 3387 15
3297 2352 3387 2351 15
3296 2351 3297 3387 15
2352 3297 3387 3388 15
3298 2353 3388 2352 15
3297 2352 3298 3388 15
2353 3298 3388 3389 15
3299 2354 3389 2353 15
3298 2353 3299 3389 15
2354 3299 3389 3390 15
3300 2355 3390 2354 15
3299 2354 3300 3390 15
2355 3300 3390 3391 15
3301 2356 3391 2355 15
3300 2355 3301 3391 15
2356 3301 3391 3392 15
3302 2357 3392 2356 15
3301 2356 3302 3392 15
2357 3302 3392 1069 15
1063 1000 1069 2357 15
3302 2357 1063 1069 15
26 292 309 3483 15
3228 571 3483 26 15
292 26 3228 3483 15
571 3228 3483 3484 15
3229 572 3484 571 15
3228 571 3229 3484 15
572 3229 3484 3485 15
3230 573 3485 572 15
3229 572 3230 3485 15
573 3230 3485 3486 15
3231 574 3486 573 15
3230 573 3231 3486 15
574 3231 3486 3487 15
3232 575 3487 574 15
3231 574 3232 3487 15
575 3232 3487 3488 15
3233 576 3488 575 15
3232 575 3233 3488 15
576 3233 3488 3489 15
3234 577 3489 576 15
3233 576 3234 3489 15
577 3234 3489 3490 15
3235 578 3490 577 15
3234 577 3235 3490 15
578 3235 3490 3491 15
3236 579 3491 578 15
3235 578 3236 3491 15
579 3236 3491 3492 15
3237 580 3492 579 15
3236 579 3237 3492 15
580 3237 3492 3493 15
3238 581 3493 580 15
3237 580 3238 3493 15
581 3238 3493 3494 15
3239 582 3494 581 15
3238 581 3239 3494 15
582 3239 3494 3495 15
3240 583 3495 582 15
3239 582 3240 3495 15
583 3240 3495 3496 15
3241 584 3496 583 15
3240 583 3241 3496 15
584 3241 3496 3497 15
3242 585 3497 584 15
3241 584 3242 3497 15
585 3242 3497 1076 15
1059 91 1076 585 15
3242 585 1059 1076 15
295 253 314 3558 15
2643 3273 3558 253 15
253 3273 3558 295 15
3273 2643 3558 3559 15
2644 3274 3559 2643 15
2643 3274 3559 3273 15
3274 2644 3559 3560 15
2645 3275 3560 2644 15
2644 3275 3560 3274 15
3275 2645 3560 3561 15
2646 3276 3561 2645 15
2645 3276 3561 3275 15
3276 2646 3561 3562 15
2647 3277 3562 2646 15
2646 3277 3562 3276 15
3277 2647 3562 3563 15
2648 3278 3563 2647 15
2647 3278 3563 3277 15
3278 2648 3563 3564 15
2649 3279 3564 2648 15
2648 3279 3564 3278 15
3279 2649 3564 3565 15
2650 3280 3565 2649 15
2649 3280 3565 3279 15
3280 2650 3565 3566 15
2651 3281 3566 2650 15
2650 3281 3566 3280 15
3281 2651 3566 3567 15
2652 3282 3567 2651 15
2651 3282 3567 3281 15
3282 2652 3567 3568 15
2653 3283 3568 2652 15
2652 3283 3568 3282 15
3283 2653 3568 3569 15
2654 3284 3569 2653 15
2653 3284 3569 3283 15
3284 2654 3569 3570 15
2655 3285 3570 2654 15
2654 3285 3570 3284 15
3285 2655 3570 3571 15
2656 3286 3571 2655 15
2655 3286 3571 3285 15
3286 2656 3571 3572 15
2657 3287 3572 2656 15
2656 3287 3572 3286 15
3287 2657 3572 1081 15
1020 1062 1081 2657 15
2657 1062 1081 3287 15
293 46 311 3513 15
871 3243 3513 46 15
46 3243 3513 293 15
3243 871 3513 3514 15
872 3244 3514 871 15
871 3244 3514 3243 15
3244 872 3514 3515 15
873 3245 3515 872 15
872 3245 3515 3244 15
3245 873 3515 3516 15
874 3246 3516 873 15
873 3246 3516 3245 15
3246 874 3516 3517 15
875 3247 3517 874 15
874 3247 3517 3246 15
3247 875 3517 3518 15
876 3248 3518 875 15
875 3248 3518 3247 15
3248 876 3518 3519 15
877 3249 3519 876 15
876 3249 3519 3248 15
3249 877 3519 3520 15
878 3250 3520 877 15
877 3250 3520 3249 15
3250 878 3520 3521 15
879 3251 3521 878 15
878 3251 3521 3250 15
3251 879 3521 3522 15
880 3252 3522 879 15
879 3252 3522 3251 15
3252 880 3522 3523 15
881 3253 3523 880 15
880 3253 3523 3252 15
3253 881 3523 3524 15
882 3254 3524 881 15
881 3254 3524 3253 15
3254 882 3524 3525 15
883 3255 3525 882 15
882 3255 3525 3254 15
3255 883 3525 3526 15
884 3256 3526 883 15
883 3256 3526 3255 15
3256 884 3526 3527 15
885 3257 3527 884 15
884 3257 3527 3256 15
3257 885 3527 1078 15
141 1060 1078 885 15
885 1060 1078 3257 15
289 154 308 3468 15
1158 3183 3468 154 15
154 3183 3468 289 15
3183 1158 3468 3469 15
1159 3184 3469 1158 15
1158 3184 3469 3183 15
3184 1159 3469 3470 15
1160 3185 3470 1159 15
1159 3185 3470 3184 15
3185 1160 3470 3471 15
1161 3186 3471 1160 15
1160 3186 3471 3185 15
3186 1161 3471 3472 15
1162 3187 3472 1161 15
1161 3187 3472 3186 15
3187 1162 3472 3473 15
1163 3188 3473 1162 15
1162 3188 3473 3187 15
3188 1163 3473 3474 15
1164 3189 3474 1163 15
1163 3189 3474 3188 15
3189 1164 3474 3475 15
1165 3190 3475 1164 15
1164 3190 3475 3189 15
3190 1165 3475 3476 15
1166 3191 3476 1165 15
1165 3191 3476 3190 15
3191 1166 3476 3477 15
1167 3192 3477 1166 15
1166 3192 3477 3191 15
3192 1167 3477 3478 15
1168 3193 3478 1167 15
1167 3193 3478 3192 15
3193 1168 3478 3479 15
1169 3194 3479 1168 15
1168 3194 3479 3193 15
3194 1169 3479 3480 15
1170 3195 3480 1169 15
1169 3195 3480 3194 15
3195 1170 3480 3481 15
1171 3196 3481 1170 15
1170 3196 3481 3195 15
3196 1171 3481 3482 15
1172 3197 3482 1171 15
1171 3197 3482 3196 15
3197 1172 3482 1075 15
921 1056 1075 1172 15
1172 1056 1075 3197 15
302 151 315 3573 15
1113 3378 3573 151 15
151 3378 3573 302 15
3378 1113 3573 3574 15
1114 3379 3574 1113 15
1113 3379 3574 3378 15
3379 1114 3574 3575 15
1115 3380 3575 1114 15
1114 3380 3575 3379 15
3380 1115 3575 3576 15
1116 3381 3576 1115 15
1115 3381 3576 3380 15
3381 1116 3576 3577 15
1117 3382 3577 1116 15
1116 3382 3577 3381 15
3382 1117 3577 3578 15
1118 3383 3578 1117 15
1117 3383 3578 3382 15
3383 1118 3578 3579 15
1119 3384 3579 1118 15
1118 3384 3579 3383 15
3384 1119 3579 3580 15
1120 3385 3580 1119 15
1119 3385 3580 3384 15
3385 1120 3580 3581 15
1121 3386 3581 1120 15
1120 3386 3581 3385 15
3386 1121 3581 3582 15
1122 3387 3582 1121 15
1121 3387 3582 3386 15
3387 1122 3582 3583 15
1123 3388 3583 1122 15
1122 3388 3583 3387 15
3388 1123 3583 3584 15
1124 3389 3584 1123 15
1123 3389 3584 3388 15
3389 1124 3584 3585 15
1125 3390 3585 1124 15
1124 3390 3585 3389 15
3390 1125 3585 3586 15
1126 3391 3586 1125 15
1125 3391 3586 3390 15
3391 1126 3586 3587 15
1127 3392 3587 1126 15
1126 3392 3587 3391 15
3392 1127 3587 1082 15
918 1069 1082 1127 15
1127 1069 1082 3392 15
233 302 315 3573 15
3378 2343 3573 233 15
302 233 3378 3573 15
2343 3378 3573 3574 15
3379 2344 3574 2343 15
3378 2343 3379 3574 15
2344 3379 3574 3575 15
3380 2345 3575 2344 15
3379 2344 3380 3575 15
2345 3380 3575 3576 15
3381 2346 3576 2345 15
3380 2345 3381 3576 15
2346 3381 3576 3577 15
3382 2347 3577 2346 15
3381 2346 3382 3577 15
2347 3382 3577 3578 15
3383 2348 3578 2347 15
3382 2347 3383 3578 15
2348 3383 3578 3579 15
3384 2349 3579 2348 15
3383 2348 3384 3579 15
2349 3384 3579 3580 15
3385 2350 3580 2349 15
3384 2349 3385 3580 15
2350 3385 3580 3581 15
3386 2351 3581 2350 15
3385 2350 3386 3581 15
2351 3386 3581 3582 15
3387 2352 3582 2351 15
3386 2351 3387 3582 15
2352 3387 3582 3583 15
3388 2353 3583 2352 15
3387 2352 3388 3583 15
2353 3388 3583 3584 15
3389 2354 3584 2353 15
3388 2353 3389 3584 15
2354 3389 3584 3585 15
3390 2355 3585 2354 15
3389 2354 3390 3585 15
2355 3390 3585 3586 15
3391 2356 3586 2355 15
3390 2355 3391 3586 15
2356 3391 3586 3587 15
3392 2357 3587 2356 15
3391 2356 3392 3587 15
2357 3392 3587 1082 15
1069 1000 1082 2357 15
3392 2357 1069 1082 15
End
