MeshVersionFormatted 7
Dimension 3
Vertices
5984
0.115 0 0 9
0 0.115 0 9
-0.115 0 0 9
0 -0.115 0 9
0.215 0 0 14
0 0.215 0 13
-0.215 0 0 14
0 -0.215 0 13
0 0.115 0.5 10
0.115 0 0.5 10
0.215 0 0.5 14
0 0.215 0.5 13
-0.115 0 0.5 10
-0.215 0 0.5 14
0 -0.115 0.5 10
0 -0.215 0.5 13
0.11382946581125 0.016366206436618 0 9
0.11034169194213 0.032399244116937 0 9
0.10460767940828 0.047772726621096 0 9
0.096744156178504 0.062173694158456 0 9
0.086911200899016 0.075308984578807 0 9
0.075308984224478 0.086911201206043 0 9
0.062173693845103 0.096744156379884 0 9
0.047772726350821 0.10460767953171 0 9
0.032399243928234 0.11034169199753 0 9
0.016366206346039 0.11382946582427 0 9
-0.016366206436618 0.11382946581125 0 9
-0.032399244116937 0.11034169194213 0 9
-0.047772726621096 0.10460767940828 0 9
-0.062173694158456 0.096744156178504 0 9
-0.075308984578807 0.086911200899016 0 9
-0.086911201206043 0.075308984224478 0 9
-0.096744156379884 0.062173693845103 0 9
-0.10460767953171 0.047772726350821 0 9
-0.11034169199753 0.032399243928234 0 9
-0.11382946582427 0.016366206346039 0 9
-0.11382946581125 -0.016366206436618 0 9
-0.11034169194213 -0.032399244116937 0 9
-0.10460767940828 -0.047772726621096 0 9
-0.096744156178504 -0.062173694158456 0 9
-0.086911200899016 -0.075308984578807 0 9
-0.075308984224478 -0.086911201206043 0 9
-0.062173693845103 -0.096744156379884 0 9
-0.047772726350821 -0.10460767953171 0 9
-0.032399243928234 -0.11034169199753 0 9
-0.016366206346039 -0.11382946582427 0 9
0.016366206436618 -0.11382946581125 0 9
0.032399244116937 -0.11034169194213 0 9
0.047772726621096 -0.10460767940828 0 9
0.062173694158456 -0.096744156178504 0 9
0.075308984578807 -0.086911200899016 0 9
0.086911201206043 -0.075308984224478 0 9
0.096744156379884 -0.062173693845103 0 9
0.10460767953171 -0.047772726350821 0 9
0.11034169199753 -0.032399243928234 0 9
0.11382946582427 -0.016366206346039 0 9
0.21281160999439 0.03059769029841 0 3
0.20629098928207 0.060572499874315 0 3
0.19557087889169 0.089314228035237 0 3
0.18086950936336 0.11623777605692 0 3
0.16248615819154 0.14079505813826 0 3
0.14079505747354 0.16248615876751 0 3
0.11623777546311 0.18086950974498 0 3
0.089314227540263 0.19557087911774 0 3
0.060572499536604 0.20629098938123 0 3
0.030597690133905 0.21281161001804 0 3
-0.03059769029841 0.21281160999439 0 3
-0.060572499874315 0.20629098928207 0 3
-0.089314228035237 0.19557087889169 0 3
-0.11623777605692 0.18086950936336 0 3
-0.14079505813826 0.16248615819154 0 3
-0.16248615876751 0.14079505747354 0 3
-0.18086950974498 0.11623777546311 0 3
-0.19557087911774 0.089314227540263 0 3
-0.20629098938123 0.060572499536604 0 3
-0.21281161001804 0.030597690133905 0 3
-0.21281160999439 -0.03059769029841 0 3
-0.20629098928207 -0.060572499874315 0 3
-0.19557087889169 -0.089314228035237 0 3
-0.18086950936336 -0.11623777605692 0 3
-0.16248615819154 -0.14079505813826 0 3
-0.14079505747354 -0.16248615876751 0 3
-0.11623777546311 -0.18086950974498 0 3
-0.089314227540263 -0.19557087911774 0 3
-0.060572499536604 -0.20629098938123 0 3
-0.030597690133905 -0.21281161001804 0 3
0.03059769029841 -0.21281160999439 0 3
0.060572499874315 -0.20629098928207 0 3
0.089314228035237 -0.19557087889169 0 3
0.11623777605692 -0.18086950936336 0 3
0.14079505813826 -0.16248615819154 0 3
0.16248615876751 -0.14079505747354 0 3
0.18086950974498 -0.11623777546311 0 3
0.19557087911774 -0.089314227540263 0 3
0.20629098938123 -0.060572499536604 0 3
0.21281161001804 -0.030597690133905 0 3
0.12928571428569 0 0 7
0.14357142857136 0 0 7
0.15785714285703 0 0 7
0.17214285714274 0 0 7
0.18642857142849 0 0 7
0.20071428571424 0 0 7
0 0.12928571428569 0 7
0 0.14357142857136 0 7
0 0.15785714285703 0 7
0 0.17214285714274 0 7
0 0.18642857142849 0 7
0 0.20071428571424 0 7
-0.12928571428569 0 0 7
-0.14357142857136 0 0 7
-0.15785714285703 0 0 7
-0.17214285714274 0 0 7
-0.18642857142849 0 0 7
-0.20071428571424 0 0 7
0 -0.12928571428569 0 7
0 -0.14357142857136 0 7
0 -0.15785714285703 0 7
0 -0.17214285714274 0 7
0 -0.18642857142849 0 7
0 -0.20071428571424 0 7
0.016366206346039 0.11382946582427 0.5 10
0.032399243928234 0.11034169199753 0.5 10
0.047772726350821 0.10460767953171 0.5 10
0.062173693845103 0.096744156379884 0.5 10
0.075308984224478 0.086911201206043 0.5 10
0.086911200899016 0.075308984578807 0.5 10
0.096744156178504 0.062173694158456 0.5 10
0.10460767940828 0.047772726621096 0.5 10
0.11034169194213 0.032399244116937 0.5 10
0.11382946581125 0.016366206436618 0.5 10
0.12928571428569 0 0.5 8
0.14357142857136 0 0.5 8
0.15785714285703 0 0.5 8
0.17214285714274 0 0.5 8
0.18642857142849 0 0.5 8
0.20071428571424 0 0.5 8
0.21281160999439 0.03059769029841 0.5 3
0.20629098928207 0.060572499874315 0.5 3
0.19557087889169 0.089314228035237 0.5 3
0.18086950936336 0.11623777605692 0.5 3
0.16248615819154 0.14079505813826 0.5 3
0.14079505747354 0.16248615876751 0.5 3
0.11623777546311 0.18086950974498 0.5 3
0.089314227540263 0.19557087911774 0.5 3
0.060572499536604 0.20629098938123 0.5 3
0.030597690133905 0.21281161001804 0.5 3
0 0.20071428571424 0.5 8
0 0.18642857142849 0.5 8
0 0.17214285714274 0.5 8
0 0.15785714285703 0.5 8
0 0.14357142857136 0.5 8
0 0.12928571428569 0.5 8
0 0.115 0.03125 6
0 0.115 0.0625 6
0 0.115 0.09375 6
0 0.115 0.125 6
0 0.115 0.15625 6
0 0.115 0.1875 6
0 0.115 0.21875 6
0 0.115 0.25 6
0 0.115 0.28125 6
0 0.115 0.3125 6
0 0.115 0.34375 6
0 0.115 0.375 6
0 0.115 0.40625 6
0 0.115 0.4375 6
0 0.115 0.46875 6
0.115 0 0.03125 6
0.115 0 0.0625 6
0.115 0 0.09375 6
0.115 0 0.125 6
0.115 0 0.15625 6
0.115 0 0.1875 6
0.115 0 0.21875 6
0.115 0 0.25 6
0.115 0 0.28125 6
0.115 0 0.3125 6
0.115 0 0.34375 6
0.115 0 0.375 6
0.115 0 0.40625 6
0.115 0 0.4375 6
0.115 0 0.46875 6
0.215 0 0.03125 11
0.215 0 0.0625 11
0.215 0 0.09375 11
0.215 0 0.125 11
0.215 0 0.15625 11
0.215 0 0.1875 11
0.215 0 0.21875 11
0.215 0 0.25 11
0.215 0 0.28125 11
0.215 0 0.3125 11
0.215 0 0.34375 11
0.215 0 0.375 11
0.215 0 0.40625 11
0.215 0 0.4375 11
0.215 0 0.46875 11
0 0.215 0.03125 11
0 0.215 0.0625 11
0 0.215 0.09375 11
0 0.215 0.125 11
0 0.215 0.15625 11
0 0.215 0.1875 11
0 0.215 0.21875 11
0 0.215 0.25 11
0 0.215 0.28125 11
0 0.215 0.3125 11
0 0.215 0.34375 11
0 0.215 0.375 11
0 0.215 0.40625 11
0 0.215 0.4375 11
0 0.215 0.46875 11
-0.11382946582427 0.016366206346039 0.5 10
-0.11034169199753 0.032399243928234 0.5 10
-0.10460767953171 0.047772726350821 0.5 10
-0.096744156379884 0.062173693845103 0.5 10
-0.086911201206043 0.075308984224478 0.5 10
-0.075308984578807 0.086911200899016 0.5 10
-0.062173694158456 0.096744156178504 0.5 10
-0.047772726621096 0.10460767940828 0.5 10
-0.032399244116937 0.11034169194213 0.5 10
-0.016366206436618 0.11382946581125 0.5 10
-0.03059769029841 0.21281160999439 0.5 3
-0.060572499874315 0.20629098928207 0.5 3
-0.089314228035237 0.19557087889169 0.5 3
-0.11623777605692 0.18086950936336 0.5 3
-0.14079505813826 0.16248615819154 0.5 3
-0.16248615876751 0.14079505747354 0.5 3
-0.18086950974498 0.11623777546311 0.5 3
-0.19557087911774 0.089314227540263 0.5 3
-0.20629098938123 0.060572499536604 0.5 3
-0.21281161001804 0.030597690133905 0.5 3
-0.20071428571424 0 0.5 8
-0.18642857142849 0 0.5 8
-0.17214285714274 0 0.5 8
-0.15785714285703 0 0.5 8
-0.14357142857136 0 0.5 8
-0.12928571428569 0 0.5 8
-0.115 0 0.03125 6
-0.115 0 0.0625 6
-0.115 0 0.09375 6
-0.115 0 0.125 6
-0.115 0 0.15625 6
-0.115 0 0.1875 6
-0.115 0 0.21875 6
-0.115 0 0.25 6
-0.115 0 0.28125 6
-0.115 0 0.3125 6
-0.115 0 0.34375 6
-0.115 0 0.375 6
-0.115 0 0.40625 6
-0.115 0 0.4375 6
-0.115 0 0.46875 6
-0.215 0 0.03125 11
-0.215 0 0.0625 11
-0.215 0 0.09375 11
-0.215 0 0.125 11
-0.215 0 0.15625 11
-0.215 0 0.1875 11
-0.215 0 0.21875 11
-0.215 0 0.25 11
-0.215 0 0.28125 11
-0.215 0 0.3125 11
-0.215 0 0.34375 11
-0.215 0 0.375 11
-0.215 0 0.40625 11
-0.215 0 0.4375 11
-0.215 0 0.46875 11
-0.016366206346039 -0.11382946582427 0.5 10
-0.032399243928234 -0.11034169199753 0.5 10
-0.047772726350821 -0.10460767953171 0.5 10
-0.062173693845103 -0.096744156379884 0.5 10
-0.075308984224478 -0.086911201206043 0.5 10
-0.086911200899016 -0.075308984578807 0.5 10
-0.096744156178504 -0.062173694158456 0.5 10
-0.10460767940828 -0.047772726621096 0.5 10
-0.11034169194213 -0.032399244116937 0.5 10
-0.11382946581125 -0.016366206436618 0.5 10
-0.21281160999439 -0.03059769029841 0.5 3
-0.20629098928207 -0.060572499874315 0.5 3
-0.19557087889169 -0.089314228035237 0.5 3
-0.18086950936336 -0.11623777605692 0.5 3
-0.16248615819154 -0.14079505813826 0.5 3
-0.14079505747354 -0.16248615876751 0.5 3
-0.11623777546311 -0.18086950974498 0.5 3
-0.089314227540263 -0.19557087911774 0.5 3
-0.060572499536604 -0.20629098938123 0.5 3
-0.030597690133905 -0.21281161001804 0.5 3
0 -0.20071428571424 0.5 8
0 -0.18642857142849 0.5 8
0 -0.17214285714274 0.5 8
0 -0.15785714285703 0.5 8
0 -0.14357142857136 0.5 8
0 -0.12928571428569 0.5 8
0 -0.115 0.03125 6
0 -0.115 0.0625 6
0 -0.115 0.09375 6
0 -0.115 0.125 6
0 -0.115 0.15625 6
0 -0.115 0.1875 6
0 -0.115 0.21875 6
0 -0.115 0.25 6
0 -0.115 0.28125 6
0 -0.115 0.3125 6
0 -0.115 0.34375 6
0 -0.115 0.375 6
0 -0.115 0.40625 6
0 -0.115 0.4375 6
0 -0.115 0.46875 6
0 -0.215 0.03125 11
0 -0.215 0.0625 11
0 -0.215 0.09375 11
0 -0.215 0.125 11
0 -0.215 0.15625 11
0 -0.215 0.1875 11
0 -0.215 0.21875 11
0 -0.215 0.25 11
0 -0.215 0.28125 11
0 -0.215 0.3125 11
0 -0.215 0.34375 11
0 -0.215 0.375 11
0 -0.215 0.40625 11
0 -0.215 0.4375 11
0 -0.215 0.46875 11
0.11382946582427 -0.016366206346039 0.5 10
0.11034169199753 -0.032399243928234 0.5 10
0.10460767953171 -0.047772726350821 0.5 10
0.096744156379884 -0.062173693845103 0.5 10
0.086911201206043 -0.075308984224478 0.5 10
0.075308984578807 -0.086911200899016 0.5 10
0.062173694158456 -0.096744156178504 0.5 10
0.047772726621096 -0.10460767940828 0.5 10
0.032399244116937 -0.11034169194213 0.5 10
0.016366206436618 -0.11382946581125 0.5 10
0.03059769029841 -0.21281160999439 0.5 3
0.060572499874315 -0.20629098928207 0.5 3
0.089314228035237 -0.19557087889169 0.5 3
0.11623777605692 -0.18086950936336 0.5 3
0.14079505813826 -0.16248615819154 0.5 3
0.16248615876751 -0.14079505747354 0.5 3
0.18086950974498 -0.11623777546311 0.5 3
0.19557087911774 -0.089314227540263 0.5 3
0.20629098938123 -0.060572499536604 0.5 3
0.21281161001804 -0.030597690133905 0.5 3
0.1279697721231 0.018399275559728 0 7
0.12404873441924 0.036423994939412 0 7
0.1176024221916 0.053707226823105 0 7
0.10876206377632 0.069897134429651 0 7
0.097707623369356 0.084664137944425 0 7
0.084664137545756 0.097707623714805 0 7
0.069897134076233 0.10876206400345 0 7
0.05370722652073 0.11760242232969 0 7
0.036423994729422 0.12404873448089 0 7
0.018399275458588 0.12796977213764 0 7
0.14211007843493 0.020432344682835 0 7
0.13775577689633 0.040448745761883 0 7
0.13059716497491 0.059641727025108 0 7
0.12077997137412 0.077620574700838 0 7
0.10850404583968 0.094019291310033 0 7
0.094019290867023 0.10850404622355 0 7
0.077620574307354 0.12077997162699 0 7
0.059641726690633 0.13059716512766 0 7
0.040448745530606 0.13775577696424 0 7
0.020432344571134 0.14211007845099 0 7
0.15625038474677 0.022465413805942 0 7
0.15146281937342 0.044473496584353 0 7
0.14359190775821 0.06557622722711 0 7
0.13279787897192 0.085344014972024 0 7
0.11930046831001 0.10337444467564 0 7
0.10337444418829 0.1193004687323 0 7
0.085344014538475 0.13279787925054 0 7
0.065576226860536 0.14359190792562 0 7
0.04447349633179 0.15146281944758 0 7
0.02246541368368 0.15625038476435 0 7
0.17039069105864 0.024498482929055 0 7
0.16516986185056 0.048498247406835 0 7
0.15658665054156 0.071510727429129 0 7
0.14481578656975 0.093067455243231 0 7
0.13009689078037 0.11272959804127 0 7
0.11272959750958 0.13009689124108 0 7
0.093067454769616 0.14481578687412 0 7
0.071510727030454 0.15658665072362 0 7
0.048498247132984 0.16516986193097 0 7
0.024498482796232 0.17039069107774 0 7
0.18453099737055 0.026531552052172 0 7
0.17887690432772 0.052522998229326 0 7
0.16958139332493 0.077445227631161 0 7
0.15683369416761 0.10079089551446 0 7
0.14089331325075 0.12208475140693 0 7
0.1220847508309 0.14089331374989 0 7
0.10079089500078 0.15683369449773 0 7
0.077445227200387 0.16958139352165 0 7
0.052522997934188 0.17887690441438 0 7
0.026531551908788 0.18453099739116 0 7
0.19867130368247 0.028564621175291 0 7
0.19258394680489 0.05654774905182 0 7
0.18257613610831 0.083379727833199 0 7
0.16885160176548 0.10851433578569 0 7
0.15168973572114 0.13143990477259 0 7
0.13143990415222 0.1516897362587 0 7
0.10851433523194 0.16885160212135 0 7
0.083379727370324 0.1825761363197 0 7
0.056547748735395 0.19258394689781 0 7
0.028564621021347 0.1986713037046 0 7
-0.018399275559728 0.1279697721231 0 7
-0.036423994939412 0.12404873441924 0 7
-0.053707226823105 0.1176024221916 0 7
-0.069897134429651 0.10876206377632 0 7
-0.084664137944425 0.097707623369356 0 7
-0.097707623714805 0.084664137545756 0 7
-0.10876206400345 0.069897134076233 0 7
-0.11760242232969 0.05370722652073 0 7
-0.12404873448089 0.036423994729422 0 7
-0.12796977213764 0.018399275458588 0 7
-0.020432344682835 0.14211007843493 0 7
-0.040448745761883 0.13775577689633 0 7
-0.059641727025108 0.13059716497491 0 7
-0.077620574700838 0.12077997137412 0 7
-0.094019291310033 0.10850404583968 0 7
-0.10850404622355 0.094019290867023 0 7
-0.12077997162699 0.077620574307354 0 7
-0.13059716512766 0.059641726690633 0 7
-0.13775577696424 0.040448745530606 0 7
-0.14211007845099 0.020432344571134 0 7
-0.022465413805942 0.15625038474677 0 7
-0.044473496584353 0.15146281937342 0 7
-0.06557622722711 0.14359190775821 0 7
-0.085344014972024 0.13279787897192 0 7
-0.10337444467564 0.11930046831001 0 7
-0.1193004687323 0.10337444418829 0 7
-0.13279787925054 0.085344014538475 0 7
-0.14359190792562 0.065576226860536 0 7
-0.15146281944758 0.04447349633179 0 7
-0.15625038476435 0.02246541368368 0 7
-0.024498482929055 0.17039069105864 0 7
-0.048498247406835 0.16516986185056 0 7
-0.071510727429129 0.15658665054156 0 7
-0.093067455243231 0.14481578656975 0 7
-0.11272959804127 0.13009689078037 0 7
-0.13009689124108 0.11272959750958 0 7
-0.14481578687412 0.093067454769616 0 7
-0.15658665072362 0.071510727030454 0 7
-0.16516986193097 0.048498247132984 0 7
-0.17039069107774 0.024498482796232 0 7
-0.026531552052172 0.18453099737055 0 7
-0.052522998229326 0.17887690432772 0 7
-0.077445227631161 0.16958139332493 0 7
-0.10079089551446 0.15683369416761 0 7
-0.12208475140693 0.14089331325075 0 7
-0.14089331374989 0.1220847508309 0 7
-0.15683369449773 0.10079089500078 0 7
-0.16958139352165 0.077445227200387 0 7
-0.17887690441438 0.052522997934188 0 7
-0.18453099739116 0.026531551908788 0 7
-0.028564621175291 0.19867130368247 0 7
-0.05654774905182 0.19258394680489 0 7
-0.083379727833199 0.18257613610831 0 7
-0.10851433578569 0.16885160176548 0 7
-0.13143990477259 0.15168973572114 0 7
-0.1516897362587 0.13143990415222 0 7
-0.16885160212135 0.10851433523194 0 7
-0.1825761363197 0.083379727370324 0 7
-0.19258394689781 0.056547748735395 0 7
-0.1986713037046 0.028564621021347 0 7
-0.1279697721231 -0.018399275559728 0 7
-0.12404873441924 -0.036423994939412 0 7
-0.1176024221916 -0.053707226823105 0 7
-0.10876206377632 -0.069897134429651 0 7
-0.097707623369356 -0.084664137944425 0 7
-0.084664137545756 -0.097707623714805 0 7
-0.069897134076233 -0.10876206400345 0 7
-0.05370722652073 -0.11760242232969 0 7
-0.036423994729422 -0.12404873448089 0 7
-0.018399275458588 -0.12796977213764 0 7
-0.14211007843493 -0.020432344682835 0 7
-0.13775577689633 -0.040448745761883 0 7
-0.13059716497491 -0.059641727025108 0 7
-0.12077997137412 -0.077620574700838 0 7
-0.10850404583968 -0.094019291310033 0 7
-0.094019290867023 -0.10850404622355 0 7
-0.077620574307354 -0.12077997162699 0 7
-0.059641726690633 -0.13059716512766 0 7
-0.040448745530606 -0.13775577696424 0 7
-0.020432344571134 -0.14211007845099 0 7
-0.15625038474677 -0.022465413805942 0 7
-0.15146281937342 -0.044473496584353 0 7
-0.14359190775821 -0.06557622722711 0 7
-0.13279787897192 -0.085344014972024 0 7
-0.11930046831001 -0.10337444467564 0 7
-0.10337444418829 -0.1193004687323 0 7
-0.085344014538475 -0.13279787925054 0 7
-0.065576226860536 -0.14359190792562 0 7
-0.04447349633179 -0.15146281944758 0 7
-0.02246541368368 -0.15625038476435 0 7
-0.17039069105864 -0.024498482929055 0 7
-0.16516986185056 -0.048498247406835 0 7
-0.15658665054156 -0.071510727429129 0 7
-0.14481578656975 -0.093067455243231 0 7
-0.13009689078037 -0.11272959804127 0 7
-0.11272959750958 -0.13009689124108 0 7
-0.093067454769616 -0.14481578687412 0 7
-0.071510727030454 -0.15658665072362 0 7
-0.048498247132984 -0.16516986193097 0 7
-0.024498482796232 -0.17039069107774 0 7
-0.18453099737055 -0.026531552052172 0 7
-0.17887690432772 -0.052522998229326 0 7
-0.16958139332493 -0.077445227631161 0 7
-0.15683369416761 -0.10079089551446 0 7
-0.14089331325075 -0.12208475140693 0 7
-0.1220847508309 -0.14089331374989 0 7
-0.10079089500078 -0.15683369449773 0 7
-0.077445227200387 -0.16958139352165 0 7
-0.052522997934188 -0.17887690441438 0 7
-0.026531551908788 -0.18453099739116 0 7
-0.19867130368247 -0.028564621175291 0 7
-0.19258394680489 -0.05654774905182 0 7
-0.18257613610831 -0.083379727833199 0 7
-0.16885160176548 -0.10851433578569 0 7
-0.15168973572114 -0.13143990477259 0 7
-0.13143990415222 -0.1516897362587 0 7
-0.10851433523194 -0.16885160212135 0 7
-0.083379727370324 -0.1825761363197 0 7
-0.056547748735395 -0.19258394689781 0 7
-0.028564621021347 -0.1986713037046 0 7
0.018399275559728 -0.1279697721231 0 7
0.036423994939412 -0.12404873441924 0 7
0.053707226823105 -0.1176024221916 0 7
0.069897134429651 -0.10876206377632 0 7
0.084664137944425 -0.097707623369356 0 7
0.097707623714805 -0.084664137545756 0 7
0.10876206400345 -0.069897134076233 0 7
0.11760242232969 -0.05370722652073 0 7
0.12404873448089 -0.036423994729422 0 7
0.12796977213764 -0.018399275458588 0 7
0.020432344682835 -0.14211007843493 0 7
0.040448745761883 -0.13775577689633 0 7
0.059641727025108 -0.13059716497491 0 7
0.077620574700838 -0.12077997137412 0 7
0.094019291310033 -0.10850404583968 0 7
0.10850404622355 -0.094019290867023 0 7
0.12077997162699 -0.077620574307354 0 7
0.13059716512766 -0.059641726690633 0 7
0.13775577696424 -0.040448745530606 0 7
0.14211007845099 -0.020432344571134 0 7
0.022465413805942 -0.15625038474677 0 7
0.044473496584353 -0.15146281937342 0 7
0.06557622722711 -0.14359190775821 0 7
0.085344014972024 -0.13279787897192 0 7
0.10337444467564 -0.11930046831001 0 7
0.1193004687323 -0.10337444418829 0 7
0.13279787925054 -0.085344014538475 0 7
0.14359190792562 -0.065576226860536 0 7
0.15146281944758 -0.04447349633179 0 7
0.15625038476435 -0.02246541368368 0 7
0.024498482929055 -0.17039069105864 0 7
0.048498247406835 -0.16516986185056 0 7
0.071510727429129 -0.15658665054156 0 7
0.093067455243231 -0.14481578656975 0 7
0.11272959804127 -0.13009689078037 0 7
0.13009689124108 -0.11272959750958 0 7
0.14481578687412 -0.093067454769616 0 7
0.15658665072362 -0.071510727030454 0 7
0.16516986193097 -0.048498247132984 0 7
0.17039069107774 -0.024498482796232 0 7
0.026531552052172 -0.18453099737055 0 7
0.052522998229326 -0.17887690432772 0 7
0.077445227631161 -0.16958139332493 0 7
0.10079089551446 -0.15683369416761 0 7
0.12208475140693 -0.14089331325075 0 7
0.14089331374989 -0.1220847508309 0 7
0.15683369449773 -0.10079089500078 0 7
0.16958139352165 -0.077445227200387 0 7
0.17887690441438 -0.052522997934188 0 7
0.18453099739116 -0.026531551908788 0 7
0.028564621175291 -0.19867130368247 0 7
0.05654774905182 -0.19258394680489 0 7
0.083379727833199 -0.18257613610831 0 7
0.10851433578569 -0.16885160176548 0 7
0.13143990477259 -0.15168973572114 0 7
0.1516897362587 -0.13143990415222 0 7
0.16885160212135 -0.10851433523194 0 7
0.1825761363197 -0.083379727370324 0 7
0.19258394689781 -0.056547748735395 0 7
0.1986713037046 -0.028564621021347 0 7
0.11382946581125 0.016366206436618 0.03125 6
0.11382946581125 0.016366206436618 0.0625 6
0.11382946581125 0.016366206436618 0.09375 6
0.11382946581125 0.016366206436618 0.125 6
0.11382946581125 0.016366206436618 0.15625 6
0.11382946581125 0.016366206436618 0.1875 6
0.11382946581125 0.016366206436618 0.21875 6
0.11382946581125 0.016366206436618 0.25 6
0.11382946581125 0.016366206436618 0.28125 6
0.11382946581125 0.016366206436618 0.3125 6
0.11382946581125 0.016366206436618 0.34375 6
0.11382946581125 0.016366206436618 0.375 6
0.11382946581125 0.016366206436618 0.40625 6
0.11382946581125 0.016366206436618 0.4375 6
0.11382946581125 0.016366206436618 0.46875 6
0.11034169194213 0.032399244116937 0.03125 6
0.11034169194213 0.032399244116937 0.0625 6
0.11034169194213 0.032399244116937 0.09375 6
0.11034169194213 0.032399244116937 0.125 6
0.11034169194213 0.032399244116937 0.15625 6
0.11034169194213 0.032399244116937 0.1875 6
0.11034169194213 0.032399244116937 0.21875 6
0.11034169194213 0.032399244116937 0.25 6
0.11034169194213 0.032399244116937 0.28125 6
0.11034169194213 0.032399244116937 0.3125 6
0.11034169194213 0.032399244116937 0.34375 6
0.11034169194213 0.032399244116937 0.375 6
0.11034169194213 0.032399244116937 0.40625 6
0.11034169194213 0.032399244116937 0.4375 6
0.11034169194213 0.032399244116937 0.46875 6
0.10460767940828 0.047772726621096 0.03125 6
0.10460767940828 0.047772726621096 0.0625 6
0.10460767940828 0.047772726621096 0.09375 6
0.10460767940828 0.047772726621096 0.125 6
0.10460767940828 0.047772726621096 0.15625 6
0.10460767940828 0.047772726621096 0.1875 6
0.10460767940828 0.047772726621096 0.21875 6
0.10460767940828 0.047772726621096 0.25 6
0.10460767940828 0.047772726621096 0.28125 6
0.10460767940828 0.047772726621096 0.3125 6
0.10460767940828 0.047772726621096 0.34375 6
0.10460767940828 0.047772726621096 0.375 6
0.10460767940828 0.047772726621096 0.40625 6
0.10460767940828 0.047772726621096 0.4375 6
0.10460767940828 0.047772726621096 0.46875 6
0.096744156178504 0.062173694158456 0.03125 6
0.096744156178504 0.062173694158456 0.0625 6
0.096744156178504 0.062173694158456 0.09375 6
0.096744156178504 0.062173694158456 0.125 6
0.096744156178504 0.062173694158456 0.15625 6
0.096744156178504 0.062173694158456 0.1875 6
0.096744156178504 0.062173694158456 0.21875 6
0.096744156178504 0.062173694158456 0.25 6
0.096744156178504 0.062173694158456 0.28125 6
0.096744156178504 0.062173694158456 0.3125 6
0.096744156178504 0.062173694158456 0.34375 6
0.096744156178504 0.062173694158456 0.375 6
0.096744156178504 0.062173694158456 0.40625 6
0.096744156178504 0.062173694158456 0.4375 6
0.096744156178504 0.062173694158456 0.46875 6
0.086911200899016 0.075308984578807 0.03125 6
0.086911200899016 0.075308984578807 0.0625 6
0.086911200899016 0.075308984578807 0.09375 6
0.086911200899016 0.075308984578807 0.125 6
0.086911200899016 0.075308984578807 0.15625 6
0.086911200899016 0.075308984578807 0.1875 6
0.086911200899016 0.075308984578807 0.21875 6
0.086911200899016 0.075308984578807 0.25 6
0.086911200899016 0.075308984578807 0.28125 6
0.086911200899016 0.075308984578807 0.3125 6
0.086911200899016 0.075308984578807 0.34375 6
0.086911200899016 0.075308984578807 0.375 6
0.086911200899016 0.075308984578807 0.40625 6
0.086911200899016 0.075308984578807 0.4375 6
0.086911200899016 0.075308984578807 0.46875 6
0.075308984224478 0.086911201206043 0.03125 6
0.075308984224478 0.086911201206043 0.0625 6
0.075308984224478 0.086911201206043 0.09375 6
0.075308984224478 0.086911201206043 0.125 6
0.075308984224478 0.086911201206043 0.15625 6
0.075308984224478 0.086911201206043 0.1875 6
0.075308984224478 0.086911201206043 0.21875 6
0.075308984224478 0.086911201206043 0.25 6
0.075308984224478 0.086911201206043 0.28125 6
0.075308984224478 0.086911201206043 0.3125 6
0.075308984224478 0.086911201206043 0.34375 6
0.075308984224478 0.086911201206043 0.375 6
0.075308984224478 0.086911201206043 0.40625 6
0.075308984224478 0.086911201206043 0.4375 6
0.075308984224478 0.086911201206043 0.46875 6
0.062173693845103 0.096744156379884 0.03125 6
0.062173693845103 0.096744156379884 0.0625 6
0.062173693845103 0.096744156379884 0.09375 6
0.062173693845103 0.096744156379884 0.125 6
0.062173693845103 0.096744156379884 0.15625 6
0.062173693845103 0.096744156379884 0.1875 6
0.062173693845103 0.096744156379884 0.21875 6
0.062173693845103 0.096744156379884 0.25 6
0.062173693845103 0.096744156379884 0.28125 6
0.062173693845103 0.096744156379884 0.3125 6
0.062173693845103 0.096744156379884 0.34375 6
0.062173693845103 0.096744156379884 0.375 6
0.062173693845103 0.096744156379884 0.40625 6
0.062173693845103 0.096744156379884 0.4375 6
0.062173693845103 0.096744156379884 0.46875 6
0.047772726350821 0.10460767953171 0.03125 6
0.047772726350821 0.10460767953171 0.0625 6
0.047772726350821 0.10460767953171 0.09375 6
0.047772726350821 0.10460767953171 0.125 6
0.047772726350821 0.10460767953171 0.15625 6
0.047772726350821 0.10460767953171 0.1875 6
0.047772726350821 0.10460767953171 0.21875 6
0.047772726350821 0.10460767953171 0.25 6
0.047772726350821 0.10460767953171 0.28125 6
0.047772726350821 0.10460767953171 0.3125 6
0.047772726350821 0.10460767953171 0.34375 6
0.047772726350821 0.10460767953171 0.375 6
0.047772726350821 0.10460767953171 0.40625 6
0.047772726350821 0.10460767953171 0.4375 6
0.047772726350821 0.10460767953171 0.46875 6
0.032399243928234 0.11034169199753 0.03125 6
0.032399243928234 0.11034169199753 0.0625 6
0.032399243928234 0.11034169199753 0.09375 6
0.032399243928234 0.11034169199753 0.125 6
0.032399243928234 0.11034169199753 0.15625 6
0.032399243928234 0.11034169199753 0.1875 6
0.032399243928234 0.11034169199753 0.21875 6
0.032399243928234 0.11034169199753 0.25 6
0.032399243928234 0.11034169199753 0.28125 6
0.032399243928234 0.11034169199753 0.3125 6
0.032399243928234 0.11034169199753 0.34375 6
0.032399243928234 0.11034169199753 0.375 6
0.032399243928234 0.11034169199753 0.40625 6
0.032399243928234 0.11034169199753 0.4375 6
0.032399243928234 0.11034169199753 0.46875 6
0.016366206346039 0.11382946582427 0.03125 6
0.016366206346039 0.11382946582427 0.0625 6
0.016366206346039 0.11382946582427 0.09375 6
0.016366206346039 0.11382946582427 0.125 6
0.016366206346039 0.11382946582427 0.15625 6
0.016366206346039 0.11382946582427 0.1875 6
0.016366206346039 0.11382946582427 0.21875 6
0.016366206346039 0.11382946582427 0.25 6
0.016366206346039 0.11382946582427 0.28125 6
0.016366206346039 0.11382946582427 0.3125 6
0.016366206346039 0.11382946582427 0.34375 6
0.016366206346039 0.11382946582427 0.375 6
0.016366206346039 0.11382946582427 0.40625 6
0.016366206346039 0.11382946582427 0.4375 6
0.016366206346039 0.11382946582427 0.46875 6
0.12928571428569 0 0.03125 15
0.12928571428569 0 0.0625 15
0.12928571428569 0 0.09375 15
0.12928571428569 0 0.125 15
0.12928571428569 0 0.15625 15
0.12928571428569 0 0.1875 15
0.12928571428569 0 0.21875 15
0.12928571428569 0 0.25 15
0.12928571428569 0 0.28125 15
0.12928571428569 0 0.3125 15
0.12928571428569 0 0.34375 15
0.12928571428569 0 0.375 15
0.12928571428569 0 0.40625 15
0.12928571428569 0 0.4375 15
0.12928571428569 0 0.46875 15
0.14357142857136 0 0.03125 15
0.14357142857136 0 0.0625 15
0.14357142857136 0 0.09375 15
0.14357142857136 0 0.125 15
0.14357142857136 0 0.15625 15
0.14357142857136 0 0.1875 15
0.14357142857136 0 0.21875 15
0.14357142857136 0 0.25 15
0.14357142857136 0 0.28125 15
0.14357142857136 0 0.3125 15
0.14357142857136 0 0.34375 15
0.14357142857136 0 0.375 15
0.14357142857136 0 0.40625 15
0.14357142857136 0 0.4375 15
0.14357142857136 0 0.46875 15
0.15785714285703 0 0.03125 15
0.15785714285703 0 0.0625 15
0.15785714285703 0 0.09375 15
0.15785714285703 0 0.125 15
0.15785714285703 0 0.15625 15
0.15785714285703 0 0.1875 15
0.15785714285703 0 0.21875 15
0.15785714285703 0 0.25 15
0.15785714285703 0 0.28125 15
0.15785714285703 0 0.3125 15
0.15785714285703 0 0.34375 15
0.15785714285703 0 0.375 15
0.15785714285703 0 0.40625 15
0.15785714285703 0 0.4375 15
0.15785714285703 0 0.46875 15
0.17214285714274 0 0.03125 15
0.17214285714274 0 0.0625 15
0.17214285714274 0 0.09375 15
0.17214285714274 0 0.125 15
0.17214285714274 0 0.15625 15
0.17214285714274 0 0.1875 15
0.17214285714274 0 0.21875 15
0.17214285714274 0 0.25 15
0.17214285714274 0 0.28125 15
0.17214285714274 0 0.3125 15
0.17214285714274 0 0.34375 15
0.17214285714274 0 0.375 15
0.17214285714274 0 0.40625 15
0.17214285714274 0 0.4375 15
0.17214285714274 0 0.46875 15
0.18642857142849 0 0.03125 15
0.18642857142849 0 0.0625 15
0.18642857142849 0 0.09375 15
0.18642857142849 0 0.125 15
0.18642857142849 0 0.15625 15
0.18642857142849 0 0.1875 15
0.18642857142849 0 0.21875 15
0.18642857142849 0 0.25 15
0.18642857142849 0 0.28125 15
0.18642857142849 0 0.3125 15
0.18642857142849 0 0.34375 15
0.18642857142849 0 0.375 15
0.18642857142849 0 0.40625 15
0.18642857142849 0 0.4375 15
0.18642857142849 0 0.46875 15
0.20071428571424 0 0.03125 15
0.20071428571424 0 0.0625 15
0.20071428571424 0 0.09375 15
0.20071428571424 0 0.125 15
0.20071428571424 0 0.15625 15
0.20071428571424 0 0.1875 15
0.20071428571424 0 0.21875 15
0.20071428571424 0 0.25 15
0.20071428571424 0 0.28125 15
0.20071428571424 0 0.3125 15
0.20071428571424 0 0.34375 15
0.20071428571424 0 0.375 15
0.20071428571424 0 0.40625 15
0.20071428571424 0 0.4375 15
0.20071428571424 0 0.46875 15
0.21281160999439 0.03059769029841 0.03125 11
0.21281160999439 0.03059769029841 0.0625 11
0.21281160999439 0.03059769029841 0.09375 11
0.21281160999439 0.03059769029841 0.125 11
0.21281160999439 0.03059769029841 0.15625 11
0.21281160999439 0.03059769029841 0.1875 11
0.21281160999439 0.03059769029841 0.21875 11
0.21281160999439 0.03059769029841 0.25 11
0.21281160999439 0.03059769029841 0.28125 11
0.21281160999439 0.03059769029841 0.3125 11
0.21281160999439 0.03059769029841 0.34375 11
0.21281160999439 0.03059769029841 0.375 11
0.21281160999439 0.03059769029841 0.40625 11
0.21281160999439 0.03059769029841 0.4375 11
0.21281160999439 0.03059769029841 0.46875 11
0.20629098928207 0.060572499874315 0.03125 11
0.20629098928207 0.060572499874315 0.0625 11
0.20629098928207 0.060572499874315 0.09375 11
0.20629098928207 0.060572499874315 0.125 11
0.20629098928207 0.060572499874315 0.15625 11
0.20629098928207 0.060572499874315 0.1875 11
0.20629098928207 0.060572499874315 0.21875 11
0.20629098928207 0.060572499874315 0.25 11
0.20629098928207 0.060572499874315 0.28125 11
0.20629098928207 0.060572499874315 0.3125 11
0.20629098928207 0.060572499874315 0.34375 11
0.20629098928207 0.060572499874315 0.375 11
0.20629098928207 0.060572499874315 0.40625 11
0.20629098928207 0.060572499874315 0.4375 11
0.20629098928207 0.060572499874315 0.46875 11
0.19557087889169 0.089314228035237 0.03125 11
0.19557087889169 0.089314228035237 0.0625 11
0.19557087889169 0.089314228035237 0.09375 11
0.19557087889169 0.089314228035237 0.125 11
0.19557087889169 0.089314228035237 0.15625 11
0.19557087889169 0.089314228035237 0.1875 11
0.19557087889169 0.089314228035237 0.21875 11
0.19557087889169 0.089314228035237 0.25 11
0.19557087889169 0.089314228035237 0.28125 11
0.19557087889169 0.089314228035237 0.3125 11
0.19557087889169 0.089314228035237 0.34375 11
0.19557087889169 0.089314228035237 0.375 11
0.19557087889169 0.089314228035237 0.40625 11
0.19557087889169 0.089314228035237 0.4375 11
0.19557087889169 0.089314228035237 0.46875 11
0.18086950936336 0.11623777605692 0.03125 11
0.18086950936336 0.11623777605692 0.0625 11
0.18086950936336 0.11623777605692 0.09375 11
0.18086950936336 0.11623777605692 0.125 11
0.18086950936336 0.11623777605692 0.15625 11
0.18086950936336 0.11623777605692 0.1875 11
0.18086950936336 0.11623777605692 0.21875 11
0.18086950936336 0.11623777605692 0.25 11
0.18086950936336 0.11623777605692 0.28125 11
0.18086950936336 0.11623777605692 0.3125 11
0.18086950936336 0.11623777605692 0.34375 11
0.18086950936336 0.11623777605692 0.375 11
0.18086950936336 0.11623777605692 0.40625 11
0.18086950936336 0.11623777605692 0.4375 11
0.18086950936336 0.11623777605692 0.46875 11
0.16248615819154 0.14079505813826 0.03125 11
0.16248615819154 0.14079505813826 0.0625 11
0.16248615819154 0.14079505813826 0.09375 11
0.16248615819154 0.14079505813826 0.125 11
0.16248615819154 0.14079505813826 0.15625 11
0.16248615819154 0.14079505813826 0.1875 11
0.16248615819154 0.14079505813826 0.21875 11
0.16248615819154 0.14079505813826 0.25 11
0.16248615819154 0.14079505813826 0.28125 11
0.16248615819154 0.14079505813826 0.3125 11
0.16248615819154 0.14079505813826 0.34375 11
0.16248615819154 0.14079505813826 0.375 11
0.16248615819154 0.14079505813826 0.40625 11
0.16248615819154 0.14079505813826 0.4375 11
0.16248615819154 0.14079505813826 0.46875 11
0.14079505747354 0.16248615876751 0.03125 11
0.14079505747354 0.16248615876751 0.0625 11
0.14079505747354 0.16248615876751 0.09375 11
0.14079505747354 0.16248615876751 0.125 11
0.14079505747354 0.16248615876751 0.15625 11
0.14079505747354 0.16248615876751 0.1875 11
0.14079505747354 0.16248615876751 0.21875 11
0.14079505747354 0.16248615876751 0.25 11
0.14079505747354 0.16248615876751 0.28125 11
0.14079505747354 0.16248615876751 0.3125 11
0.14079505747354 0.16248615876751 0.34375 11
0.14079505747354 0.16248615876751 0.375 11
0.14079505747354 0.16248615876751 0.40625 11
0.14079505747354 0.16248615876751 0.4375 11
0.14079505747354 0.16248615876751 0.46875 11
0.11623777546311 0.18086950974498 0.03125 11
0.11623777546311 0.18086950974498 0.0625 11
0.11623777546311 0.18086950974498 0.09375 11
0.11623777546311 0.18086950974498 0.125 11
0.11623777546311 0.18086950974498 0.15625 11
0.11623777546311 0.18086950974498 0.1875 11
0.11623777546311 0.18086950974498 0.21875 11
0.11623777546311 0.18086950974498 0.25 11
0.11623777546311 0.18086950974498 0.28125 11
0.11623777546311 0.18086950974498 0.3125 11
0.11623777546311 0.18086950974498 0.34375 11
0.11623777546311 0.18086950974498 0.375 11
0.11623777546311 0.18086950974498 0.40625 11
0.11623777546311 0.18086950974498 0.4375 11
0.11623777546311 0.18086950974498 0.46875 11
0.089314227540263 0.19557087911774 0.03125 11
0.089314227540263 0.19557087911774 0.0625 11
0.089314227540263 0.19557087911774 0.09375 11
0.089314227540263 0.19557087911774 0.125 11
0.089314227540263 0.19557087911774 0.15625 11
0.089314227540263 0.19557087911774 0.1875 11
0.089314227540263 0.19557087911774 0.21875 11
0.089314227540263 0.19557087911774 0.25 11
0.089314227540263 0.19557087911774 0.28125 11
0.089314227540263 0.19557087911774 0.3125 11
0.089314227540263 0.19557087911774 0.34375 11
0.089314227540263 0.19557087911774 0.375 11
0.089314227540263 0.19557087911774 0.40625 11
0.089314227540263 0.19557087911774 0.4375 11
0.089314227540263 0.19557087911774 0.46875 11
0.060572499536604 0.20629098938123 0.03125 11
0.060572499536604 0.20629098938123 0.0625 11
0.060572499536604 0.20629098938123 0.09375 11
0.060572499536604 0.20629098938123 0.125 11
0.060572499536604 0.20629098938123 0.15625 11
0.060572499536604 0.20629098938123 0.1875 11
0.060572499536604 0.20629098938123 0.21875 11
0.060572499536604 0.20629098938123 0.25 11
0.060572499536604 0.20629098938123 0.28125 11
0.060572499536604 0.20629098938123 0.3125 11
0.060572499536604 0.20629098938123 0.34375 11
0.060572499536604 0.20629098938123 0.375 11
0.060572499536604 0.20629098938123 0.40625 11
0.060572499536604 0.20629098938123 0.4375 11
0.060572499536604 0.20629098938123 0.46875 11
0.030597690133905 0.21281161001804 0.03125 11
0.030597690133905 0.21281161001804 0.0625 11
0.030597690133905 0.21281161001804 0.09375 11
0.030597690133905 0.21281161001804 0.125 11
0.030597690133905 0.21281161001804 0.15625 11
0.030597690133905 0.21281161001804 0.1875 11
0.030597690133905 0.21281161001804 0.21875 11
0.030597690133905 0.21281161001804 0.25 11
0.030597690133905 0.21281161001804 0.28125 11
0.030597690133905 0.21281161001804 0.3125 11
0.030597690133905 0.21281161001804 0.34375 11
0.030597690133905 0.21281161001804 0.375 11
0.030597690133905 0.21281161001804 0.40625 11
0.030597690133905 0.21281161001804 0.4375 11
0.030597690133905 0.21281161001804 0.46875 11
0 0.12928571428569 0.03125 15
0 0.12928571428569 0.0625 15
0 0.12928571428569 0.09375 15
0 0.12928571428569 0.125 15
0 0.12928571428569 0.15625 15
0 0.12928571428569 0.1875 15
0 0.12928571428569 0.21875 15
0 0.12928571428569 0.25 15
0 0.12928571428569 0.28125 15
0 0.12928571428569 0.3125 15
0 0.12928571428569 0.34375 15
0 0.12928571428569 0.375 15
0 0.12928571428569 0.40625 15
0 0.12928571428569 0.4375 15
0 0.12928571428569 0.46875 15
0 0.14357142857136 0.03125 15
0 0.14357142857136 0.0625 15
0 0.14357142857136 0.09375 15
0 0.14357142857136 0.125 15
0 0.14357142857136 0.15625 15
0 0.14357142857136 0.1875 15
0 0.14357142857136 0.21875 15
0 0.14357142857136 0.25 15
0 0.14357142857136 0.28125 15
0 0.14357142857136 0.3125 15
0 0.14357142857136 0.34375 15
0 0.14357142857136 0.375 15
0 0.14357142857136 0.40625 15
0 0.14357142857136 0.4375 15
0 0.14357142857136 0.46875 15
0 0.15785714285703 0.03125 15
0 0.15785714285703 0.0625 15
0 0.15785714285703 0.09375 15
0 0.15785714285703 0.125 15
0 0.15785714285703 0.15625 15
0 0.15785714285703 0.1875 15
0 0.15785714285703 0.21875 15
0 0.15785714285703 0.25 15
0 0.15785714285703 0.28125 15
0 0.15785714285703 0.3125 15
0 0.15785714285703 0.34375 15
0 0.15785714285703 0.375 15
0 0.15785714285703 0.40625 15
0 0.15785714285703 0.4375 15
0 0.15785714285703 0.46875 15
0 0.17214285714274 0.03125 15
0 0.17214285714274 0.0625 15
0 0.17214285714274 0.09375 15
0 0.17214285714274 0.125 15
0 0.17214285714274 0.15625 15
0 0.17214285714274 0.1875 15
0 0.17214285714274 0.21875 15
0 0.17214285714274 0.25 15
0 0.17214285714274 0.28125 15
0 0.17214285714274 0.3125 15
0 0.17214285714274 0.34375 15
0 0.17214285714274 0.375 15
0 0.17214285714274 0.40625 15
0 0.17214285714274 0.4375 15
0 0.17214285714274 0.46875 15
0 0.18642857142849 0.03125 15
0 0.18642857142849 0.0625 15
0 0.18642857142849 0.09375 15
0 0.18642857142849 0.125 15
0 0.18642857142849 0.15625 15
0 0.18642857142849 0.1875 15
0 0.18642857142849 0.21875 15
0 0.18642857142849 0.25 15
0 0.18642857142849 0.28125 15
0 0.18642857142849 0.3125 15
0 0.18642857142849 0.34375 15
0 0.18642857142849 0.375 15
0 0.18642857142849 0.40625 15
0 0.18642857142849 0.4375 15
0 0.18642857142849 0.46875 15
0 0.20071428571424 0.03125 15
0 0.20071428571424 0.0625 15
0 0.20071428571424 0.09375 15
0 0.20071428571424 0.125 15
0 0.20071428571424 0.15625 15
0 0.20071428571424 0.1875 15
0 0.20071428571424 0.21875 15
0 0.20071428571424 0.25 15
0 0.20071428571424 0.28125 15
0 0.20071428571424 0.3125 15
0 0.20071428571424 0.34375 15
0 0.20071428571424 0.375 15
0 0.20071428571424 0.40625 15
0 0.20071428571424 0.4375 15
0 0.20071428571424 0.46875 15
0.1279697721231 0.018399275559728 0.5 8
0.12404873441924 0.036423994939412 0.5 8
0.1176024221916 0.053707226823105 0.5 8
0.10876206377632 0.069897134429651 0.5 8
0.097707623369356 0.084664137944425 0.5 8
0.084664137545756 0.097707623714805 0.5 8
0.069897134076233 0.10876206400345 0.5 8
0.05370722652073 0.11760242232969 0.5 8
0.036423994729422 0.12404873448089 0.5 8
0.018399275458588 0.12796977213764 0.5 8
0.14211007843493 0.020432344682835 0.5 8
0.13775577689633 0.040448745761883 0.5 8
0.13059716497491 0.059641727025108 0.5 8
0.12077997137412 0.077620574700838 0.5 8
0.10850404583968 0.094019291310033 0.5 8
0.094019290867023 0.10850404622355 0.5 8
0.077620574307354 0.12077997162699 0.5 8
0.059641726690633 0.13059716512766 0.5 8
0.040448745530606 0.13775577696424 0.5 8
0.020432344571134 0.14211007845099 0.5 8
0.15625038474677 0.022465413805942 0.5 8
0.15146281937342 0.044473496584353 0.5 8
0.14359190775821 0.06557622722711 0.5 8
0.13279787897192 0.085344014972024 0.5 8
0.11930046831001 0.10337444467564 0.5 8
0.10337444418829 0.1193004687323 0.5 8
0.085344014538475 0.13279787925054 0.5 8
0.065576226860536 0.14359190792562 0.5 8
0.04447349633179 0.15146281944758 0.5 8
0.02246541368368 0.15625038476435 0.5 8
0.17039069105864 0.024498482929055 0.5 8
0.16516986185056 0.048498247406835 0.5 8
0.15658665054156 0.071510727429129 0.5 8
0.14481578656975 0.093067455243231 0.5 8
0.13009689078037 0.11272959804127 0.5 8
0.11272959750958 0.13009689124108 0.5 8
0.093067454769616 0.14481578687412 0.5 8
0.071510727030454 0.15658665072362 0.5 8
0.048498247132984 0.16516986193097 0.5 8
0.024498482796232 0.17039069107774 0.5 8
0.18453099737055 0.026531552052172 0.5 8
0.17887690432772 0.052522998229326 0.5 8
0.16958139332493 0.077445227631161 0.5 8
0.15683369416761 0.10079089551446 0.5 8
0.14089331325075 0.12208475140693 0.5 8
0.1220847508309 0.14089331374989 0.5 8
0.10079089500078 0.15683369449773 0.5 8
0.077445227200387 0.16958139352165 0.5 8
0.052522997934188 0.17887690441438 0.5 8
0.026531551908788 0.18453099739116 0.5 8
0.19867130368247 0.028564621175291 0.5 8
0.19258394680489 0.05654774905182 0.5 8
0.18257613610831 0.083379727833199 0.5 8
0.16885160176548 0.10851433578569 0.5 8
0.15168973572114 0.13143990477259 0.5 8
0.13143990415222 0.1516897362587 0.5 8
0.10851433523194 0.16885160212135 0.5 8
0.083379727370324 0.1825761363197 0.5 8
0.056547748735395 0.19258394689781 0.5 8
0.028564621021347 0.1986713037046 0.5 8
-0.016366206436618 0.11382946581125 0.03125 6
-0.016366206436618 0.11382946581125 0.0625 6
-0.016366206436618 0.11382946581125 0.09375 6
-0.016366206436618 0.11382946581125 0.125 6
-0.016366206436618 0.11382946581125 0.15625 6
-0.016366206436618 0.11382946581125 0.1875 6
-0.016366206436618 0.11382946581125 0.21875 6
-0.016366206436618 0.11382946581125 0.25 6
-0.016366206436618 0.11382946581125 0.28125 6
-0.016366206436618 0.11382946581125 0.3125 6
-0.016366206436618 0.11382946581125 0.34375 6
-0.016366206436618 0.11382946581125 0.375 6
-0.016366206436618 0.11382946581125 0.40625 6
-0.016366206436618 0.11382946581125 0.4375 6
-0.016366206436618 0.11382946581125 0.46875 6
-0.032399244116937 0.11034169194213 0.03125 6
-0.032399244116937 0.11034169194213 0.0625 6
-0.032399244116937 0.11034169194213 0.09375 6
-0.032399244116937 0.11034169194213 0.125 6
-0.032399244116937 0.11034169194213 0.15625 6
-0.032399244116937 0.11034169194213 0.1875 6
-0.032399244116937 0.11034169194213 0.21875 6
-0.032399244116937 0.11034169194213 0.25 6
-0.032399244116937 0.11034169194213 0.28125 6
-0.032399244116937 0.11034169194213 0.3125 6
-0.032399244116937 0.11034169194213 0.34375 6
-0.032399244116937 0.11034169194213 0.375 6
-0.032399244116937 0.11034169194213 0.40625 6
-0.032399244116937 0.11034169194213 0.4375 6
-0.032399244116937 0.11034169194213 0.46875 6
-0.047772726621096 0.10460767940828 0.03125 6
-0.047772726621096 0.10460767940828 0.0625 6
-0.047772726621096 0.10460767940828 0.09375 6
-0.047772726621096 0.10460767940828 0.125 6
-0.047772726621096 0.10460767940828 0.15625 6
-0.047772726621096 0.10460767940828 0.1875 6
-0.047772726621096 0.10460767940828 0.21875 6
-0.047772726621096 0.10460767940828 0.25 6
-0.047772726621096 0.10460767940828 0.28125 6
-0.047772726621096 0.10460767940828 0.3125 6
-0.047772726621096 0.10460767940828 0.34375 6
-0.047772726621096 0.10460767940828 0.375 6
-0.047772726621096 0.10460767940828 0.40625 6
-0.047772726621096 0.10460767940828 0.4375 6
-0.047772726621096 0.10460767940828 0.46875 6
-0.062173694158456 0.096744156178504 0.03125 6
-0.062173694158456 0.096744156178504 0.0625 6
-0.062173694158456 0.096744156178504 0.09375 6
-0.062173694158456 0.096744156178504 0.125 6
-0.062173694158456 0.096744156178504 0.15625 6
-0.062173694158456 0.096744156178504 0.1875 6
-0.062173694158456 0.096744156178504 0.21875 6
-0.062173694158456 0.096744156178504 0.25 6
-0.062173694158456 0.096744156178504 0.28125 6
-0.062173694158456 0.096744156178504 0.3125 6
-0.062173694158456 0.096744156178504 0.34375 6
-0.062173694158456 0.096744156178504 0.375 6
-0.062173694158456 0.096744156178504 0.40625 6
-0.062173694158456 0.096744156178504 0.4375 6
-0.062173694158456 0.096744156178504 0.46875 6
-0.075308984578807 0.086911200899016 0.03125 6
-0.075308984578807 0.086911200899016 0.0625 6
-0.075308984578807 0.086911200899016 0.09375 6
-0.075308984578807 0.086911200899016 0.125 6
-0.075308984578807 0.086911200899016 0.15625 6
-0.075308984578807 0.086911200899016 0.1875 6
-0.075308984578807 0.086911200899016 0.21875 6
-0.075308984578807 0.086911200899016 0.25 6
-0.075308984578807 0.086911200899016 0.28125 6
-0.075308984578807 0.086911200899016 0.3125 6
-0.075308984578807 0.086911200899016 0.34375 6
-0.075308984578807 0.086911200899016 0.375 6
-0.075308984578807 0.086911200899016 0.40625 6
-0.075308984578807 0.086911200899016 0.4375 6
-0.075308984578807 0.086911200899016 0.46875 6
-0.086911201206043 0.075308984224478 0.03125 6
-0.086911201206043 0.075308984224478 0.0625 6
-0.086911201206043 0.075308984224478 0.09375 6
-0.086911201206043 0.075308984224478 0.125 6
-0.086911201206043 0.075308984224478 0.15625 6
-0.086911201206043 0.075308984224478 0.1875 6
-0.086911201206043 0.075308984224478 0.21875 6
-0.086911201206043 0.075308984224478 0.25 6
-0.086911201206043 0.075308984224478 0.28125 6
-0.086911201206043 0.075308984224478 0.3125 6
-0.086911201206043 0.075308984224478 0.34375 6
-0.086911201206043 0.075308984224478 0.375 6
-0.086911201206043 0.075308984224478 0.40625 6
-0.086911201206043 0.075308984224478 0.4375 6
-0.086911201206043 0.075308984224478 0.46875 6
-0.096744156379884 0.062173693845103 0.03125 6
-0.096744156379884 0.062173693845103 0.0625 6
-0.096744156379884 0.062173693845103 0.09375 6
-0.096744156379884 0.062173693845103 0.125 6
-0.096744156379884 0.062173693845103 0.15625 6
-0.096744156379884 0.062173693845103 0.1875 6
-0.096744156379884 0.062173693845103 0.21875 6
-0.096744156379884 0.062173693845103 0.25 6
-0.096744156379884 0.062173693845103 0.28125 6
-0.096744156379884 0.062173693845103 0.3125 6
-0.096744156379884 0.062173693845103 0.34375 6
-0.096744156379884 0.062173693845103 0.375 6
-0.096744156379884 0.062173693845103 0.40625 6
-0.096744156379884 0.062173693845103 0.4375 6
-0.096744156379884 0.062173693845103 0.46875 6
-0.10460767953171 0.047772726350821 0.03125 6
-0.10460767953171 0.047772726350821 0.0625 6
-0.10460767953171 0.047772726350821 0.09375 6
-0.10460767953171 0.047772726350821 0.125 6
-0.10460767953171 0.047772726350821 0.15625 6
-0.10460767953171 0.047772726350821 0.1875 6
-0.10460767953171 0.047772726350821 0.21875 6
-0.10460767953171 0.047772726350821 0.25 6
-0.10460767953171 0.047772726350821 0.28125 6
-0.10460767953171 0.047772726350821 0.3125 6
-0.10460767953171 0.047772726350821 0.34375 6
-0.10460767953171 0.047772726350821 0.375 6
-0.10460767953171 0.047772726350821 0.40625 6
-0.10460767953171 0.047772726350821 0.4375 6
-0.10460767953171 0.047772726350821 0.46875 6
-0.11034169199753 0.032399243928234 0.03125 6
-0.11034169199753 0.032399243928234 0.0625 6
-0.11034169199753 0.032399243928234 0.09375 6
-0.11034169199753 0.032399243928234 0.125 6
-0.11034169199753 0.032399243928234 0.15625 6
-0.11034169199753 0.032399243928234 0.1875 6
-0.11034169199753 0.032399243928234 0.21875 6
-0.11034169199753 0.032399243928234 0.25 6
-0.11034169199753 0.032399243928234 0.28125 6
-0.11034169199753 0.032399243928234 0.3125 6
-0.11034169199753 0.032399243928234 0.34375 6
-0.11034169199753 0.032399243928234 0.375 6
-0.11034169199753 0.032399243928234 0.40625 6
-0.11034169199753 0.032399243928234 0.4375 6
-0.11034169199753 0.032399243928234 0.46875 6
-0.11382946582427 0.016366206346039 0.03125 6
-0.11382946582427 0.016366206346039 0.0625 6
-0.11382946582427 0.016366206346039 0.09375 6
-0.11382946582427 0.016366206346039 0.125 6
-0.11382946582427 0.016366206346039 0.15625 6
-0.11382946582427 0.016366206346039 0.1875 6
-0.11382946582427 0.016366206346039 0.21875 6
-0.11382946582427 0.016366206346039 0.25 6
-0.11382946582427 0.016366206346039 0.28125 6
-0.11382946582427 0.016366206346039 0.3125 6
-0.11382946582427 0.016366206346039 0.34375 6
-0.11382946582427 0.016366206346039 0.375 6
-0.11382946582427 0.016366206346039 0.40625 6
-0.11382946582427 0.016366206346039 0.4375 6
-0.11382946582427 0.016366206346039 0.46875 6
-0.03059769029841 0.21281160999439 0.03125 11
-0.03059769029841 0.21281160999439 0.0625 11
-0.03059769029841 0.21281160999439 0.09375 11
-0.03059769029841 0.21281160999439 0.125 11
-0.03059769029841 0.21281160999439 0.15625 11
-0.03059769029841 0.21281160999439 0.1875 11
-0.03059769029841 0.21281160999439 0.21875 11
-0.03059769029841 0.21281160999439 0.25 11
-0.03059769029841 0.21281160999439 0.28125 11
-0.03059769029841 0.21281160999439 0.3125 11
-0.03059769029841 0.21281160999439 0.34375 11
-0.03059769029841 0.21281160999439 0.375 11
-0.03059769029841 0.21281160999439 0.40625 11
-0.03059769029841 0.21281160999439 0.4375 11
-0.03059769029841 0.21281160999439 0.46875 11
-0.060572499874315 0.20629098928207 0.03125 11
-0.060572499874315 0.20629098928207 0.0625 11
-0.060572499874315 0.20629098928207 0.09375 11
-0.060572499874315 0.20629098928207 0.125 11
-0.060572499874315 0.20629098928207 0.15625 11
-0.060572499874315 0.20629098928207 0.1875 11
-0.060572499874315 0.20629098928207 0.21875 11
-0.060572499874315 0.20629098928207 0.25 11
-0.060572499874315 0.20629098928207 0.28125 11
-0.060572499874315 0.20629098928207 0.3125 11
-0.060572499874315 0.20629098928207 0.34375 11
-0.060572499874315 0.20629098928207 0.375 11
-0.060572499874315 0.20629098928207 0.40625 11
-0.060572499874315 0.20629098928207 0.4375 11
-0.060572499874315 0.20629098928207 0.46875 11
-0.089314228035237 0.19557087889169 0.03125 11
-0.089314228035237 0.19557087889169 0.0625 11
-0.089314228035237 0.19557087889169 0.09375 11
-0.089314228035237 0.19557087889169 0.125 11
-0.089314228035237 0.19557087889169 0.15625 11
-0.089314228035237 0.19557087889169 0.1875 11
-0.089314228035237 0.19557087889169 0.21875 11
-0.089314228035237 0.19557087889169 0.25 11
-0.089314228035237 0.19557087889169 0.28125 11
-0.089314228035237 0.19557087889169 0.3125 11
-0.089314228035237 0.19557087889169 0.34375 11
-0.089314228035237 0.19557087889169 0.375 11
-0.089314228035237 0.19557087889169 0.40625 11
-0.089314228035237 0.19557087889169 0.4375 11
-0.089314228035237 0.19557087889169 0.46875 11
-0.11623777605692 0.18086950936336 0.03125 11
-0.11623777605692 0.18086950936336 0.0625 11
-0.11623777605692 0.18086950936336 0.09375 11
-0.11623777605692 0.18086950936336 0.125 11
-0.11623777605692 0.18086950936336 0.15625 11
-0.11623777605692 0.18086950936336 0.1875 11
-0.11623777605692 0.18086950936336 0.21875 11
-0.11623777605692 0.18086950936336 0.25 11
-0.11623777605692 0.18086950936336 0.28125 11
-0.11623777605692 0.18086950936336 0.3125 11
-0.11623777605692 0.18086950936336 0.34375 11
-0.11623777605692 0.18086950936336 0.375 11
-0.11623777605692 0.18086950936336 0.40625 11
-0.11623777605692 0.18086950936336 0.4375 11
-0.11623777605692 0.18086950936336 0.46875 11
-0.14079505813826 0.16248615819154 0.03125 11
-0.14079505813826 0.16248615819154 0.0625 11
-0.14079505813826 0.16248615819154 0.09375 11
-0.14079505813826 0.16248615819154 0.125 11
-0.14079505813826 0.16248615819154 0.15625 11
-0.14079505813826 0.16248615819154 0.1875 11
-0.14079505813826 0.16248615819154 0.21875 11
-0.14079505813826 0.16248615819154 0.25 11
-0.14079505813826 0.16248615819154 0.28125 11
-0.14079505813826 0.16248615819154 0.3125 11
-0.14079505813826 0.16248615819154 0.34375 11
-0.14079505813826 0.16248615819154 0.375 11
-0.14079505813826 0.16248615819154 0.40625 11
-0.14079505813826 0.16248615819154 0.4375 11
-0.14079505813826 0.16248615819154 0.46875 11
-0.16248615876751 0.14079505747354 0.03125 11
-0.16248615876751 0.14079505747354 0.0625 11
-0.16248615876751 0.14079505747354 0.09375 11
-0.16248615876751 0.14079505747354 0.125 11
-0.16248615876751 0.14079505747354 0.15625 11
-0.16248615876751 0.14079505747354 0.1875 11
-0.16248615876751 0.14079505747354 0.21875 11
-0.16248615876751 0.14079505747354 0.25 11
-0.16248615876751 0.14079505747354 0.28125 11
-0.16248615876751 0.14079505747354 0.3125 11
-0.16248615876751 0.14079505747354 0.34375 11
-0.16248615876751 0.14079505747354 0.375 11
-0.16248615876751 0.14079505747354 0.40625 11
-0.16248615876751 0.14079505747354 0.4375 11
-0.16248615876751 0.14079505747354 0.46875 11
-0.18086950974498 0.11623777546311 0.03125 11
-0.18086950974498 0.11623777546311 0.0625 11
-0.18086950974498 0.11623777546311 0.09375 11
-0.18086950974498 0.11623777546311 0.125 11
-0.18086950974498 0.11623777546311 0.15625 11
-0.18086950974498 0.11623777546311 0.1875 11
-0.18086950974498 0.11623777546311 0.21875 11
-0.18086950974498 0.11623777546311 0.25 11
-0.18086950974498 0.11623777546311 0.28125 11
-0.18086950974498 0.11623777546311 0.3125 11
-0.18086950974498 0.11623777546311 0.34375 11
-0.18086950974498 0.11623777546311 0.375 11
-0.18086950974498 0.11623777546311 0.40625 11
-0.18086950974498 0.11623777546311 0.4375 11
-0.18086950974498 0.11623777546311 0.46875 11
-0.19557087911774 0.089314227540263 0.03125 11
-0.19557087911774 0.089314227540263 0.0625 11
-0.19557087911774 0.089314227540263 0.09375 11
-0.19557087911774 0.089314227540263 0.125 11
-0.19557087911774 0.089314227540263 0.15625 11
-0.19557087911774 0.089314227540263 0.1875 11
-0.19557087911774 0.089314227540263 0.21875 11
-0.19557087911774 0.089314227540263 0.25 11
-0.19557087911774 0.089314227540263 0.28125 11
-0.19557087911774 0.089314227540263 0.3125 11
-0.19557087911774 0.089314227540263 0.34375 11
-0.19557087911774 0.089314227540263 0.375 11
-0.19557087911774 0.089314227540263 0.40625 11
-0.19557087911774 0.089314227540263 0.4375 11
-0.19557087911774 0.089314227540263 0.46875 11
-0.20629098938123 0.060572499536604 0.03125 11
-0.20629098938123 0.060572499536604 0.0625 11
-0.20629098938123 0.060572499536604 0.09375 11
-0.20629098938123 0.060572499536604 0.125 11
-0.20629098938123 0.060572499536604 0.15625 11
-0.20629098938123 0.060572499536604 0.1875 11
-0.20629098938123 0.060572499536604 0.21875 11
-0.20629098938123 0.060572499536604 0.25 11
-0.20629098938123 0.060572499536604 0.28125 11
-0.20629098938123 0.060572499536604 0.3125 11
-0.20629098938123 0.060572499536604 0.34375 11
-0.20629098938123 0.060572499536604 0.375 11
-0.20629098938123 0.060572499536604 0.40625 11
-0.20629098938123 0.060572499536604 0.4375 11
-0.20629098938123 0.060572499536604 0.46875 11
-0.21281161001804 0.030597690133905 0.03125 11
-0.21281161001804 0.030597690133905 0.0625 11
-0.21281161001804 0.030597690133905 0.09375 11
-0.21281161001804 0.030597690133905 0.125 11
-0.21281161001804 0.030597690133905 0.15625 11
-0.21281161001804 0.030597690133905 0.1875 11
-0.21281161001804 0.030597690133905 0.21875 11
-0.21281161001804 0.030597690133905 0.25 11
-0.21281161001804 0.030597690133905 0.28125 11
-0.21281161001804 0.030597690133905 0.3125 11
-0.21281161001804 0.030597690133905 0.34375 11
-0.21281161001804 0.030597690133905 0.375 11
-0.21281161001804 0.030597690133905 0.40625 11
-0.21281161001804 0.030597690133905 0.4375 11
-0.21281161001804 0.030597690133905 0.46875 11
-0.12928571428569 0 0.03125 15
-0.12928571428569 0 0.0625 15
-0.12928571428569 0 0.09375 15
-0.12928571428569 0 0.125 15
-0.12928571428569 0 0.15625 15
-0.12928571428569 0 0.1875 15
-0.12928571428569 0 0.21875 15
-0.12928571428569 0 0.25 15
-0.12928571428569 0 0.28125 15
-0.12928571428569 0 0.3125 15
-0.12928571428569 0 0.34375 15
-0.12928571428569 0 0.375 15
-0.12928571428569 0 0.40625 15
-0.12928571428569 0 0.4375 15
-0.12928571428569 0 0.46875 15
-0.14357142857136 0 0.03125 15
-0.14357142857136 0 0.0625 15
-0.14357142857136 0 0.09375 15
-0.14357142857136 0 0.125 15
-0.14357142857136 0 0.15625 15
-0.14357142857136 0 0.1875 15
-0.14357142857136 0 0.21875 15
-0.14357142857136 0 0.25 15
-0.14357142857136 0 0.28125 15
-0.14357142857136 0 0.3125 15
-0.14357142857136 0 0.34375 15
-0.14357142857136 0 0.375 15
-0.14357142857136 0 0.40625 15
-0.14357142857136 0 0.4375 15
-0.14357142857136 0 0.46875 15
-0.15785714285703 0 0.03125 15
-0.15785714285703 0 0.0625 15
-0.15785714285703 0 0.09375 15
-0.15785714285703 0 0.125 15
-0.15785714285703 0 0.15625 15
-0.15785714285703 0 0.1875 15
-0.15785714285703 0 0.21875 15
-0.15785714285703 0 0.25 15
-0.15785714285703 0 0.28125 15
-0.15785714285703 0 0.3125 15
-0.15785714285703 0 0.34375 15
-0.15785714285703 0 0.375 15
-0.15785714285703 0 0.40625 15
-0.15785714285703 0 0.4375 15
-0.15785714285703 0 0.46875 15
-0.17214285714274 0 0.03125 15
-0.17214285714274 0 0.0625 15
-0.17214285714274 0 0.09375 15
-0.17214285714274 0 0.125 15
-0.17214285714274 0 0.15625 15
-0.17214285714274 0 0.1875 15
-0.17214285714274 0 0.21875 15
-0.17214285714274 0 0.25 15
-0.17214285714274 0 0.28125 15
-0.17214285714274 0 0.3125 15
-0.17214285714274 0 0.34375 15
-0.17214285714274 0 0.375 15
-0.17214285714274 0 0.40625 15
-0.17214285714274 0 0.4375 15
-0.17214285714274 0 0.46875 15
-0.18642857142849 0 0.03125 15
-0.18642857142849 0 0.0625 15
-0.18642857142849 0 0.09375 15
-0.18642857142849 0 0.125 15
-0.18642857142849 0 0.15625 15
-0.18642857142849 0 0.1875 15
-0.18642857142849 0 0.21875 15
-0.18642857142849 0 0.25 15
-0.18642857142849 0 0.28125 15
-0.18642857142849 0 0.3125 15
-0.18642857142849 0 0.34375 15
-0.18642857142849 0 0.375 15
-0.18642857142849 0 0.40625 15
-0.18642857142849 0 0.4375 15
-0.18642857142849 0 0.46875 15
-0.20071428571424 0 0.03125 15
-0.20071428571424 0 0.0625 15
-0.20071428571424 0 0.09375 15
-0.20071428571424 0 0.125 15
-0.20071428571424 0 0.15625 15
-0.20071428571424 0 0.1875 15
-0.20071428571424 0 0.21875 15
-0.20071428571424 0 0.25 15
-0.20071428571424 0 0.28125 15
-0.20071428571424 0 0.3125 15
-0.20071428571424 0 0.34375 15
-0.20071428571424 0 0.375 15
-0.20071428571424 0 0.40625 15
-0.20071428571424 0 0.4375 15
-0.20071428571424 0 0.46875 15
-0.018399275559728 0.1279697721231 0.5 8
-0.036423994939412 0.12404873441924 0.5 8
-0.053707226823105 0.1176024221916 0.5 8
-0.069897134429651 0.10876206377632 0.5 8
-0.084664137944425 0.097707623369356 0.5 8
-0.097707623714805 0.084664137545756 0.5 8
-0.10876206400345 0.069897134076233 0.5 8
-0.11760242232969 0.05370722652073 0.5 8
-0.12404873448089 0.036423994729422 0.5 8
-0.12796977213764 0.018399275458588 0.5 8
-0.020432344682835 0.14211007843493 0.5 8
-0.040448745761883 0.13775577689633 0.5 8
-0.059641727025108 0.13059716497491 0.5 8
-0.077620574700838 0.12077997137412 0.5 8
-0.094019291310033 0.10850404583968 0.5 8
-0.10850404622355 0.094019290867023 0.5 8
-0.12077997162699 0.077620574307354 0.5 8
-0.13059716512766 0.059641726690633 0.5 8
-0.13775577696424 0.040448745530606 0.5 8
-0.14211007845099 0.020432344571134 0.5 8
-0.022465413805942 0.15625038474677 0.5 8
-0.044473496584353 0.15146281937342 0.5 8
-0.06557622722711 0.14359190775821 0.5 8
-0.085344014972024 0.13279787897192 0.5 8
-0.10337444467564 0.11930046831001 0.5 8
-0.1193004687323 0.10337444418829 0.5 8
-0.13279787925054 0.085344014538475 0.5 8
-0.14359190792562 0.065576226860536 0.5 8
-0.15146281944758 0.04447349633179 0.5 8
-0.15625038476435 0.02246541368368 0.5 8
-0.024498482929055 0.17039069105864 0.5 8
-0.048498247406835 0.16516986185056 0.5 8
-0.071510727429129 0.15658665054156 0.5 8
-0.093067455243231 0.14481578656975 0.5 8
-0.11272959804127 0.13009689078037 0.5 8
-0.13009689124108 0.11272959750958 0.5 8
-0.14481578687412 0.093067454769616 0.5 8
-0.15658665072362 0.071510727030454 0.5 8
-0.16516986193097 0.048498247132984 0.5 8
-0.17039069107774 0.024498482796232 0.5 8
-0.026531552052172 0.18453099737055 0.5 8
-0.052522998229326 0.17887690432772 0.5 8
-0.077445227631161 0.16958139332493 0.5 8
-0.10079089551446 0.15683369416761 0.5 8
-0.12208475140693 0.14089331325075 0.5 8
-0.14089331374989 0.1220847508309 0.5 8
-0.15683369449773 0.10079089500078 0.5 8
-0.16958139352165 0.077445227200387 0.5 8
-0.17887690441438 0.052522997934188 0.5 8
-0.18453099739116 0.026531551908788 0.5 8
-0.028564621175291 0.19867130368247 0.5 8
-0.05654774905182 0.19258394680489 0.5 8
-0.083379727833199 0.18257613610831 0.5 8
-0.10851433578569 0.16885160176548 0.5 8
-0.13143990477259 0.15168973572114 0.5 8
-0.1516897362587 0.13143990415222 0.5 8
-0.16885160212135 0.10851433523194 0.5 8
-0.1825761363197 0.083379727370324 0.5 8
-0.19258394689781 0.056547748735395 0.5 8
-0.1986713037046 0.028564621021347 0.5 8
-0.11382946581125 -0.016366206436618 0.03125 6
-0.11382946581125 -0.016366206436618 0.0625 6
-0.11382946581125 -0.016366206436618 0.09375 6
-0.11382946581125 -0.016366206436618 0.125 6
-0.11382946581125 -0.016366206436618 0.15625 6
-0.11382946581125 -0.016366206436618 0.1875 6
-0.11382946581125 -0.016366206436618 0.21875 6
-0.11382946581125 -0.016366206436618 0.25 6
-0.11382946581125 -0.016366206436618 0.28125 6
-0.11382946581125 -0.016366206436618 0.3125 6
-0.11382946581125 -0.016366206436618 0.34375 6
-0.11382946581125 -0.016366206436618 0.375 6
-0.11382946581125 -0.016366206436618 0.40625 6
-0.11382946581125 -0.016366206436618 0.4375 6
-0.11382946581125 -0.016366206436618 0.46875 6
-0.11034169194213 -0.032399244116937 0.03125 6
-0.11034169194213 -0.032399244116937 0.0625 6
-0.11034169194213 -0.032399244116937 0.09375 6
-0.11034169194213 -0.032399244116937 0.125 6
-0.11034169194213 -0.032399244116937 0.15625 6
-0.11034169194213 -0.032399244116937 0.1875 6
-0.11034169194213 -0.032399244116937 0.21875 6
-0.11034169194213 -0.032399244116937 0.25 6
-0.11034169194213 -0.032399244116937 0.28125 6
-0.11034169194213 -0.032399244116937 0.3125 6
-0.11034169194213 -0.032399244116937 0.34375 6
-0.11034169194213 -0.032399244116937 0.375 6
-0.11034169194213 -0.032399244116937 0.40625 6
-0.11034169194213 -0.032399244116937 0.4375 6
-0.11034169194213 -0.032399244116937 0.46875 6
-0.10460767940828 -0.047772726621096 0.03125 6
-0.10460767940828 -0.047772726621096 0.0625 6
-0.10460767940828 -0.047772726621096 0.09375 6
-0.10460767940828 -0.047772726621096 0.125 6
-0.10460767940828 -0.047772726621096 0.15625 6
-0.10460767940828 -0.047772726621096 0.1875 6
-0.10460767940828 -0.047772726621096 0.21875 6
-0.10460767940828 -0.047772726621096 0.25 6
-0.10460767940828 -0.047772726621096 0.28125 6
-0.10460767940828 -0.047772726621096 0.3125 6
-0.10460767940828 -0.047772726621096 0.34375 6
-0.10460767940828 -0.047772726621096 0.375 6
-0.10460767940828 -0.047772726621096 0.40625 6
-0.10460767940828 -0.047772726621096 0.4375 6
-0.10460767940828 -0.047772726621096 0.46875 6
-0.096744156178504 -0.062173694158456 0.03125 6
-0.096744156178504 -0.062173694158456 0.0625 6
-0.096744156178504 -0.062173694158456 0.09375 6
-0.096744156178504 -0.062173694158456 0.125 6
-0.096744156178504 -0.062173694158456 0.15625 6
-0.096744156178504 -0.062173694158456 0.1875 6
-0.096744156178504 -0.062173694158456 0.21875 6
-0.096744156178504 -0.062173694158456 0.25 6
-0.096744156178504 -0.062173694158456 0.28125 6
-0.096744156178504 -0.062173694158456 0.3125 6
-0.096744156178504 -0.062173694158456 0.34375 6
-0.096744156178504 -0.062173694158456 0.375 6
-0.096744156178504 -0.062173694158456 0.40625 6
-0.096744156178504 -0.062173694158456 0.4375 6
-0.096744156178504 -0.062173694158456 0.46875 6
-0.086911200899016 -0.075308984578807 0.03125 6
-0.086911200899016 -0.075308984578807 0.0625 6
-0.086911200899016 -0.075308984578807 0.09375 6
-0.086911200899016 -0.075308984578807 0.125 6
-0.086911200899016 -0.075308984578807 0.15625 6
-0.086911200899016 -0.075308984578807 0.1875 6
-0.086911200899016 -0.075308984578807 0.21875 6
-0.086911200899016 -0.075308984578807 0.25 6
-0.086911200899016 -0.075308984578807 0.28125 6
-0.086911200899016 -0.075308984578807 0.3125 6
-0.086911200899016 -0.075308984578807 0.34375 6
-0.086911200899016 -0.075308984578807 0.375 6
-0.086911200899016 -0.075308984578807 0.40625 6
-0.086911200899016 -0.075308984578807 0.4375 6
-0.086911200899016 -0.075308984578807 0.46875 6
-0.075308984224478 -0.086911201206043 0.03125 6
-0.075308984224478 -0.086911201206043 0.0625 6
-0.075308984224478 -0.086911201206043 0.09375 6
-0.075308984224478 -0.086911201206043 0.125 6
-0.075308984224478 -0.086911201206043 0.15625 6
-0.075308984224478 -0.086911201206043 0.1875 6
-0.075308984224478 -0.086911201206043 0.21875 6
-0.075308984224478 -0.086911201206043 0.25 6
-0.075308984224478 -0.086911201206043 0.28125 6
-0.075308984224478 -0.086911201206043 0.3125 6
-0.075308984224478 -0.086911201206043 0.34375 6
-0.075308984224478 -0.086911201206043 0.375 6
-0.075308984224478 -0.086911201206043 0.40625 6
-0.075308984224478 -0.086911201206043 0.4375 6
-0.075308984224478 -0.086911201206043 0.46875 6
-0.062173693845103 -0.096744156379884 0.03125 6
-0.062173693845103 -0.096744156379884 0.0625 6
-0.062173693845103 -0.096744156379884 0.09375 6
-0.062173693845103 -0.096744156379884 0.125 6
-0.062173693845103 -0.096744156379884 0.15625 6
-0.062173693845103 -0.096744156379884 0.1875 6
-0.062173693845103 -0.096744156379884 0.21875 6
-0.062173693845103 -0.096744156379884 0.25 6
-0.062173693845103 -0.096744156379884 0.28125 6
-0.062173693845103 -0.096744156379884 0.3125 6
-0.062173693845103 -0.096744156379884 0.34375 6
-0.062173693845103 -0.096744156379884 0.375 6
-0.062173693845103 -0.096744156379884 0.40625 6
-0.062173693845103 -0.096744156379884 0.4375 6
-0.062173693845103 -0.096744156379884 0.46875 6
-0.047772726350821 -0.10460767953171 0.03125 6
-0.047772726350821 -0.10460767953171 0.0625 6
-0.047772726350821 -0.10460767953171 0.09375 6
-0.047772726350821 -0.10460767953171 0.125 6
-0.047772726350821 -0.10460767953171 0.15625 6
-0.047772726350821 -0.10460767953171 0.1875 6
-0.047772726350821 -0.10460767953171 0.21875 6
-0.047772726350821 -0.10460767953171 0.25 6
-0.047772726350821 -0.10460767953171 0.28125 6
-0.047772726350821 -0.10460767953171 0.3125 6
-0.047772726350821 -0.10460767953171 0.34375 6
-0.047772726350821 -0.10460767953171 0.375 6
-0.047772726350821 -0.10460767953171 0.40625 6
-0.047772726350821 -0.10460767953171 0.4375 6
-0.047772726350821 -0.10460767953171 0.46875 6
-0.032399243928234 -0.11034169199753 0.03125 6
-0.032399243928234 -0.11034169199753 0.0625 6
-0.032399243928234 -0.11034169199753 0.09375 6
-0.032399243928234 -0.11034169199753 0.125 6
-0.032399243928234 -0.11034169199753 0.15625 6
-0.032399243928234 -0.11034169199753 0.1875 6
-0.032399243928234 -0.11034169199753 0.21875 6
-0.032399243928234 -0.11034169199753 0.25 6
-0.032399243928234 -0.11034169199753 0.28125 6
-0.032399243928234 -0.11034169199753 0.3125 6
-0.032399243928234 -0.11034169199753 0.34375 6
-0.032399243928234 -0.11034169199753 0.375 6
-0.032399243928234 -0.11034169199753 0.40625 6
-0.032399243928234 -0.11034169199753 0.4375 6
-0.032399243928234 -0.11034169199753 0.46875 6
-0.016366206346039 -0.11382946582427 0.03125 6
-0.016366206346039 -0.11382946582427 0.0625 6
-0.016366206346039 -0.11382946582427 0.09375 6
-0.016366206346039 -0.11382946582427 0.125 6
-0.016366206346039 -0.11382946582427 0.15625 6
-0.016366206346039 -0.11382946582427 0.1875 6
-0.016366206346039 -0.11382946582427 0.21875 6
-0.016366206346039 -0.11382946582427 0.25 6
-0.016366206346039 -0.11382946582427 0.28125 6
-0.016366206346039 -0.11382946582427 0.3125 6
-0.016366206346039 -0.11382946582427 0.34375 6
-0.016366206346039 -0.11382946582427 0.375 6
-0.016366206346039 -0.11382946582427 0.40625 6
-0.016366206346039 -0.11382946582427 0.4375 6
-0.016366206346039 -0.11382946582427 0.46875 6
-0.21281160999439 -0.03059769029841 0.03125 11
-0.21281160999439 -0.03059769029841 0.0625 11
-0.21281160999439 -0.03059769029841 0.09375 11
-0.21281160999439 -0.03059769029841 0.125 11
-0.21281160999439 -0.03059769029841 0.15625 11
-0.21281160999439 -0.03059769029841 0.1875 11
-0.21281160999439 -0.03059769029841 0.21875 11
-0.21281160999439 -0.03059769029841 0.25 11
-0.21281160999439 -0.03059769029841 0.28125 11
-0.21281160999439 -0.03059769029841 0.3125 11
-0.21281160999439 -0.03059769029841 0.34375 11
-0.21281160999439 -0.03059769029841 0.375 11
-0.21281160999439 -0.03059769029841 0.40625 11
-0.21281160999439 -0.03059769029841 0.4375 11
-0.21281160999439 -0.03059769029841 0.46875 11
-0.20629098928207 -0.060572499874315 0.03125 11
-0.20629098928207 -0.060572499874315 0.0625 11
-0.20629098928207 -0.060572499874315 0.09375 11
-0.20629098928207 -0.060572499874315 0.125 11
-0.20629098928207 -0.060572499874315 0.15625 11
-0.20629098928207 -0.060572499874315 0.1875 11
-0.20629098928207 -0.060572499874315 0.21875 11
-0.20629098928207 -0.060572499874315 0.25 11
-0.20629098928207 -0.060572499874315 0.28125 11
-0.20629098928207 -0.060572499874315 0.3125 11
-0.20629098928207 -0.060572499874315 0.34375 11
-0.20629098928207 -0.060572499874315 0.375 11
-0.20629098928207 -0.060572499874315 0.40625 11
-0.20629098928207 -0.060572499874315 0.4375 11
-0.20629098928207 -0.060572499874315 0.46875 11
-0.19557087889169 -0.089314228035237 0.03125 11
-0.19557087889169 -0.089314228035237 0.0625 11
-0.19557087889169 -0.089314228035237 0.09375 11
-0.19557087889169 -0.089314228035237 0.125 11
-0.19557087889169 -0.089314228035237 0.15625 11
-0.19557087889169 -0.089314228035237 0.1875 11
-0.19557087889169 -0.089314228035237 0.21875 11
-0.19557087889169 -0.089314228035237 0.25 11
-0.19557087889169 -0.089314228035237 0.28125 11
-0.19557087889169 -0.089314228035237 0.3125 11
-0.19557087889169 -0.089314228035237 0.34375 11
-0.19557087889169 -0.089314228035237 0.375 11
-0.19557087889169 -0.089314228035237 0.40625 11
-0.19557087889169 -0.089314228035237 0.4375 11
-0.19557087889169 -0.089314228035237 0.46875 11
-0.18086950936336 -0.11623777605692 0.03125 11
-0.18086950936336 -0.11623777605692 0.0625 11
-0.18086950936336 -0.11623777605692 0.09375 11
-0.18086950936336 -0.11623777605692 0.125 11
-0.18086950936336 -0.11623777605692 0.15625 11
-0.18086950936336 -0.11623777605692 0.1875 11
-0.18086950936336 -0.11623777605692 0.21875 11
-0.18086950936336 -0.11623777605692 0.25 11
-0.18086950936336 -0.11623777605692 0.28125 11
-0.18086950936336 -0.11623777605692 0.3125 11
-0.18086950936336 -0.11623777605692 0.34375 11
-0.18086950936336 -0.11623777605692 0.375 11
-0.18086950936336 -0.11623777605692 0.40625 11
-0.18086950936336 -0.11623777605692 0.4375 11
-0.18086950936336 -0.11623777605692 0.46875 11
-0.16248615819154 -0.14079505813826 0.03125 11
-0.16248615819154 -0.14079505813826 0.0625 11
-0.16248615819154 -0.14079505813826 0.09375 11
-0.16248615819154 -0.14079505813826 0.125 11
-0.16248615819154 -0.14079505813826 0.15625 11
-0.16248615819154 -0.14079505813826 0.1875 11
-0.16248615819154 -0.14079505813826 0.21875 11
-0.16248615819154 -0.14079505813826 0.25 11
-0.16248615819154 -0.14079505813826 0.28125 11
-0.16248615819154 -0.14079505813826 0.3125 11
-0.16248615819154 -0.14079505813826 0.34375 11
-0.16248615819154 -0.14079505813826 0.375 11
-0.16248615819154 -0.14079505813826 0.40625 11
-0.16248615819154 -0.14079505813826 0.4375 11
-0.16248615819154 -0.14079505813826 0.46875 11
-0.14079505747354 -0.16248615876751 0.03125 11
-0.14079505747354 -0.16248615876751 0.0625 11
-0.14079505747354 -0.16248615876751 0.09375 11
-0.14079505747354 -0.16248615876751 0.125 11
-0.14079505747354 -0.16248615876751 0.15625 11
-0.14079505747354 -0.16248615876751 0.1875 11
-0.14079505747354 -0.16248615876751 0.21875 11
-0.14079505747354 -0.16248615876751 0.25 11
-0.14079505747354 -0.16248615876751 0.28125 11
-0.14079505747354 -0.16248615876751 0.3125 11
-0.14079505747354 -0.16248615876751 0.34375 11
-0.14079505747354 -0.16248615876751 0.375 11
-0.14079505747354 -0.16248615876751 0.40625 11
-0.14079505747354 -0.16248615876751 0.4375 11
-0.14079505747354 -0.16248615876751 0.46875 11
-0.11623777546311 -0.18086950974498 0.03125 11
-0.11623777546311 -0.18086950974498 0.0625 11
-0.11623777546311 -0.18086950974498 0.09375 11
-0.11623777546311 -0.18086950974498 0.125 11
-0.11623777546311 -0.18086950974498 0.15625 11
-0.11623777546311 -0.18086950974498 0.1875 11
-0.11623777546311 -0.18086950974498 0.21875 11
-0.11623777546311 -0.18086950974498 0.25 11
-0.11623777546311 -0.18086950974498 0.28125 11
-0.11623777546311 -0.18086950974498 0.3125 11
-0.11623777546311 -0.18086950974498 0.34375 11
-0.11623777546311 -0.18086950974498 0.375 11
-0.11623777546311 -0.18086950974498 0.40625 11
-0.11623777546311 -0.18086950974498 0.4375 11
-0.11623777546311 -0.18086950974498 0.46875 11
-0.089314227540263 -0.19557087911774 0.03125 11
-0.089314227540263 -0.19557087911774 0.0625 11
-0.089314227540263 -0.19557087911774 0.09375 11
-0.089314227540263 -0.19557087911774 0.125 11
-0.089314227540263 -0.19557087911774 0.15625 11
-0.089314227540263 -0.19557087911774 0.1875 11
-0.089314227540263 -0.19557087911774 0.21875 11
-0.089314227540263 -0.19557087911774 0.25 11
-0.089314227540263 -0.19557087911774 0.28125 11
-0.089314227540263 -0.19557087911774 0.3125 11
-0.089314227540263 -0.19557087911774 0.34375 11
-0.089314227540263 -0.19557087911774 0.375 11
-0.089314227540263 -0.19557087911774 0.40625 11
-0.089314227540263 -0.19557087911774 0.4375 11
-0.089314227540263 -0.19557087911774 0.46875 11
-0.060572499536604 -0.20629098938123 0.03125 11
-0.060572499536604 -0.20629098938123 0.0625 11
-0.060572499536604 -0.20629098938123 0.09375 11
-0.060572499536604 -0.20629098938123 0.125 11
-0.060572499536604 -0.20629098938123 0.15625 11
-0.060572499536604 -0.20629098938123 0.1875 11
-0.060572499536604 -0.20629098938123 0.21875 11
-0.060572499536604 -0.20629098938123 0.25 11
-0.060572499536604 -0.20629098938123 0.28125 11
-0.060572499536604 -0.20629098938123 0.3125 11
-0.060572499536604 -0.20629098938123 0.34375 11
-0.060572499536604 -0.20629098938123 0.375 11
-0.060572499536604 -0.20629098938123 0.40625 11
-0.060572499536604 -0.20629098938123 0.4375 11
-0.060572499536604 -0.20629098938123 0.46875 11
-0.030597690133905 -0.21281161001804 0.03125 11
-0.030597690133905 -0.21281161001804 0.0625 11
-0.030597690133905 -0.21281161001804 0.09375 11
-0.030597690133905 -0.21281161001804 0.125 11
-0.030597690133905 -0.21281161001804 0.15625 11
-0.030597690133905 -0.21281161001804 0.1875 11
-0.030597690133905 -0.21281161001804 0.21875 11
-0.030597690133905 -0.21281161001804 0.25 11
-0.030597690133905 -0.21281161001804 0.28125 11
-0.030597690133905 -0.21281161001804 0.3125 11
-0.030597690133905 -0.21281161001804 0.34375 11
-0.030597690133905 -0.21281161001804 0.375 11
-0.030597690133905 -0.21281161001804 0.40625 11
-0.030597690133905 -0.21281161001804 0.4375 11
-0.030597690133905 -0.21281161001804 0.46875 11
0 -0.12928571428569 0.03125 15
0 -0.12928571428569 0.0625 15
0 -0.12928571428569 0.09375 15
0 -0.12928571428569 0.125 15
0 -0.12928571428569 0.15625 15
0 -0.12928571428569 0.1875 15
0 -0.12928571428569 0.21875 15
0 -0.12928571428569 0.25 15
0 -0.12928571428569 0.28125 15
0 -0.12928571428569 0.3125 15
0 -0.12928571428569 0.34375 15
0 -0.12928571428569 0.375 15
0 -0.12928571428569 0.40625 15
0 -0.12928571428569 0.4375 15
0 -0.12928571428569 0.46875 15
0 -0.14357142857136 0.03125 15
0 -0.14357142857136 0.0625 15
0 -0.14357142857136 0.09375 15
0 -0.14357142857136 0.125 15
0 -0.14357142857136 0.15625 15
0 -0.14357142857136 0.1875 15
0 -0.14357142857136 0.21875 15
0 -0.14357142857136 0.25 15
0 -0.14357142857136 0.28125 15
0 -0.14357142857136 0.3125 15
0 -0.14357142857136 0.34375 15
0 -0.14357142857136 0.375 15
0 -0.14357142857136 0.40625 15
0 -0.14357142857136 0.4375 15
0 -0.14357142857136 0.46875 15
0 -0.15785714285703 0.03125 15
0 -0.15785714285703 0.0625 15
0 -0.15785714285703 0.09375 15
0 -0.15785714285703 0.125 15
0 -0.15785714285703 0.15625 15
0 -0.15785714285703 0.1875 15
0 -0.15785714285703 0.21875 15
0 -0.15785714285703 0.25 15
0 -0.15785714285703 0.28125 15
0 -0.15785714285703 0.3125 15
0 -0.15785714285703 0.34375 15
0 -0.15785714285703 0.375 15
0 -0.15785714285703 0.40625 15
0 -0.15785714285703 0.4375 15
0 -0.15785714285703 0.46875 15
0 -0.17214285714274 0.03125 15
0 -0.17214285714274 0.0625 15
0 -0.17214285714274 0.09375 15
0 -0.17214285714274 0.125 15
0 -0.17214285714274 0.15625 15
0 -0.17214285714274 0.1875 15
0 -0.17214285714274 0.21875 15
0 -0.17214285714274 0.25 15
0 -0.17214285714274 0.28125 15
0 -0.17214285714274 0.3125 15
0 -0.17214285714274 0.34375 15
0 -0.17214285714274 0.375 15
0 -0.17214285714274 0.40625 15
0 -0.17214285714274 0.4375 15
0 -0.17214285714274 0.46875 15
0 -0.18642857142849 0.03125 15
0 -0.18642857142849 0.0625 15
0 -0.18642857142849 0.09375 15
0 -0.18642857142849 0.125 15
0 -0.18642857142849 0.15625 15
0 -0.18642857142849 0.1875 15
0 -0.18642857142849 0.21875 15
0 -0.18642857142849 0.25 15
0 -0.18642857142849 0.28125 15
0 -0.18642857142849 0.3125 15
0 -0.18642857142849 0.34375 15
0 -0.18642857142849 0.375 15
0 -0.18642857142849 0.40625 15
0 -0.18642857142849 0.4375 15
0 -0.18642857142849 0.46875 15
0 -0.20071428571424 0.03125 15
0 -0.20071428571424 0.0625 15
0 -0.20071428571424 0.09375 15
0 -0.20071428571424 0.125 15
0 -0.20071428571424 0.15625 15
0 -0.20071428571424 0.1875 15
0 -0.20071428571424 0.21875 15
0 -0.20071428571424 0.25 15
0 -0.20071428571424 0.28125 15
0 -0.20071428571424 0.3125 15
0 -0.20071428571424 0.34375 15
0 -0.20071428571424 0.375 15
0 -0.20071428571424 0.40625 15
0 -0.20071428571424 0.4375 15
0 -0.20071428571424 0.46875 15
-0.1279697721231 -0.018399275559728 0.5 8
-0.12404873441924 -0.036423994939412 0.5 8
-0.1176024221916 -0.053707226823105 0.5 8
-0.10876206377632 -0.069897134429651 0.5 8
-0.097707623369356 -0.084664137944425 0.5 8
-0.084664137545756 -0.097707623714805 0.5 8
-0.069897134076233 -0.10876206400345 0.5 8
-0.05370722652073 -0.11760242232969 0.5 8
-0.036423994729422 -0.12404873448089 0.5 8
-0.018399275458588 -0.12796977213764 0.5 8
-0.14211007843493 -0.020432344682835 0.5 8
-0.13775577689633 -0.040448745761883 0.5 8
-0.13059716497491 -0.059641727025108 0.5 8
-0.12077997137412 -0.077620574700838 0.5 8
-0.10850404583968 -0.094019291310033 0.5 8
-0.094019290867023 -0.10850404622355 0.5 8
-0.077620574307354 -0.12077997162699 0.5 8
-0.059641726690633 -0.13059716512766 0.5 8
-0.040448745530606 -0.13775577696424 0.5 8
-0.020432344571134 -0.14211007845099 0.5 8
-0.15625038474677 -0.022465413805942 0.5 8
-0.15146281937342 -0.044473496584353 0.5 8
-0.14359190775821 -0.06557622722711 0.5 8
-0.13279787897192 -0.085344014972024 0.5 8
-0.11930046831001 -0.10337444467564 0.5 8
-0.10337444418829 -0.1193004687323 0.5 8
-0.085344014538475 -0.13279787925054 0.5 8
-0.065576226860536 -0.14359190792562 0.5 8
-0.04447349633179 -0.15146281944758 0.5 8
-0.02246541368368 -0.15625038476435 0.5 8
-0.17039069105864 -0.024498482929055 0.5 8
-0.16516986185056 -0.048498247406835 0.5 8
-0.15658665054156 -0.071510727429129 0.5 8
-0.14481578656975 -0.093067455243231 0.5 8
-0.13009689078037 -0.11272959804127 0.5 8
-0.11272959750958 -0.13009689124108 0.5 8
-0.093067454769616 -0.14481578687412 0.5 8
-0.071510727030454 -0.15658665072362 0.5 8
-0.048498247132984 -0.16516986193097 0.5 8
-0.024498482796232 -0.17039069107774 0.5 8
-0.18453099737055 -0.026531552052172 0.5 8
-0.17887690432772 -0.052522998229326 0.5 8
-0.16958139332493 -0.077445227631161 0.5 8
-0.15683369416761 -0.10079089551446 0.5 8
-0.14089331325075 -0.12208475140693 0.5 8
-0.1220847508309 -0.14089331374989 0.5 8
-0.10079089500078 -0.15683369449773 0.5 8
-0.077445227200387 -0.16958139352165 0.5 8
-0.052522997934188 -0.17887690441438 0.5 8
-0.026531551908788 -0.18453099739116 0.5 8
-0.19867130368247 -0.028564621175291 0.5 8
-0.19258394680489 -0.05654774905182 0.5 8
-0.18257613610831 -0.083379727833199 0.5 8
-0.16885160176548 -0.10851433578569 0.5 8
-0.15168973572114 -0.13143990477259 0.5 8
-0.13143990415222 -0.1516897362587 0.5 8
-0.10851433523194 -0.16885160212135 0.5 8
-0.083379727370324 -0.1825761363197 0.5 8
-0.056547748735395 -0.19258394689781 0.5 8
-0.028564621021347 -0.1986713037046 0.5 8
0.016366206436618 -0.11382946581125 0.03125 6
0.016366206436618 -0.11382946581125 0.0625 6
0.016366206436618 -0.11382946581125 0.09375 6
0.016366206436618 -0.11382946581125 0.125 6
0.016366206436618 -0.11382946581125 0.15625 6
0.016366206436618 -0.11382946581125 0.1875 6
0.016366206436618 -0.11382946581125 0.21875 6
0.016366206436618 -0.11382946581125 0.25 6
0.016366206436618 -0.11382946581125 0.28125 6
0.016366206436618 -0.11382946581125 0.3125 6
0.016366206436618 -0.11382946581125 0.34375 6
0.016366206436618 -0.11382946581125 0.375 6
0.016366206436618 -0.11382946581125 0.40625 6
0.016366206436618 -0.11382946581125 0.4375 6
0.016366206436618 -0.11382946581125 0.46875 6
0.032399244116937 -0.11034169194213 0.03125 6
0.032399244116937 -0.11034169194213 0.0625 6
0.032399244116937 -0.11034169194213 0.09375 6
0.032399244116937 -0.11034169194213 0.125 6
0.032399244116937 -0.11034169194213 0.15625 6
0.032399244116937 -0.11034169194213 0.1875 6
0.032399244116937 -0.11034169194213 0.21875 6
0.032399244116937 -0.11034169194213 0.25 6
0.032399244116937 -0.11034169194213 0.28125 6
0.032399244116937 -0.11034169194213 0.3125 6
0.032399244116937 -0.11034169194213 0.34375 6
0.032399244116937 -0.11034169194213 0.375 6
0.032399244116937 -0.11034169194213 0.40625 6
0.032399244116937 -0.11034169194213 0.4375 6
0.032399244116937 -0.11034169194213 0.46875 6
0.047772726621096 -0.10460767940828 0.03125 6
0.047772726621096 -0.10460767940828 0.0625 6
0.047772726621096 -0.10460767940828 0.09375 6
0.047772726621096 -0.10460767940828 0.125 6
0.047772726621096 -0.10460767940828 0.15625 6
0.047772726621096 -0.10460767940828 0.1875 6
0.047772726621096 -0.10460767940828 0.21875 6
0.047772726621096 -0.10460767940828 0.25 6
0.047772726621096 -0.10460767940828 0.28125 6
0.047772726621096 -0.10460767940828 0.3125 6
0.047772726621096 -0.10460767940828 0.34375 6
0.047772726621096 -0.10460767940828 0.375 6
0.047772726621096 -0.10460767940828 0.40625 6
0.047772726621096 -0.10460767940828 0.4375 6
0.047772726621096 -0.10460767940828 0.46875 6
0.062173694158456 -0.096744156178504 0.03125 6
0.062173694158456 -0.096744156178504 0.0625 6
0.062173694158456 -0.096744156178504 0.09375 6
0.062173694158456 -0.096744156178504 0.125 6
0.062173694158456 -0.096744156178504 0.15625 6
0.062173694158456 -0.096744156178504 0.1875 6
0.062173694158456 -0.096744156178504 0.21875 6
0.062173694158456 -0.096744156178504 0.25 6
0.062173694158456 -0.096744156178504 0.28125 6
0.062173694158456 -0.096744156178504 0.3125 6
0.062173694158456 -0.096744156178504 0.34375 6
0.062173694158456 -0.096744156178504 0.375 6
0.062173694158456 -0.096744156178504 0.40625 6
0.062173694158456 -0.096744156178504 0.4375 6
0.062173694158456 -0.096744156178504 0.46875 6
0.075308984578807 -0.086911200899016 0.03125 6
0.075308984578807 -0.086911200899016 0.0625 6
0.075308984578807 -0.086911200899016 0.09375 6
0.075308984578807 -0.086911200899016 0.125 6
0.075308984578807 -0.086911200899016 0.15625 6
0.075308984578807 -0.086911200899016 0.1875 6
0.075308984578807 -0.086911200899016 0.21875 6
0.075308984578807 -0.086911200899016 0.25 6
0.075308984578807 -0.086911200899016 0.28125 6
0.075308984578807 -0.086911200899016 0.3125 6
0.075308984578807 -0.086911200899016 0.34375 6
0.075308984578807 -0.086911200899016 0.375 6
0.075308984578807 -0.086911200899016 0.40625 6
0.075308984578807 -0.086911200899016 0.4375 6
0.075308984578807 -0.086911200899016 0.46875 6
0.086911201206043 -0.075308984224478 0.03125 6
0.086911201206043 -0.075308984224478 0.0625 6
0.086911201206043 -0.075308984224478 0.09375 6
0.086911201206043 -0.075308984224478 0.125 6
0.086911201206043 -0.075308984224478 0.15625 6
0.086911201206043 -0.075308984224478 0.1875 6
0.086911201206043 -0.075308984224478 0.21875 6
0.086911201206043 -0.075308984224478 0.25 6
0.086911201206043 -0.075308984224478 0.28125 6
0.086911201206043 -0.075308984224478 0.3125 6
0.086911201206043 -0.075308984224478 0.34375 6
0.086911201206043 -0.075308984224478 0.375 6
0.086911201206043 -0.075308984224478 0.40625 6
0.086911201206043 -0.075308984224478 0.4375 6
0.086911201206043 -0.075308984224478 0.46875 6
0.096744156379884 -0.062173693845103 0.03125 6
0.096744156379884 -0.062173693845103 0.0625 6
0.096744156379884 -0.062173693845103 0.09375 6
0.096744156379884 -0.062173693845103 0.125 6
0.096744156379884 -0.062173693845103 0.15625 6
0.096744156379884 -0.062173693845103 0.1875 6
0.096744156379884 -0.062173693845103 0.21875 6
0.096744156379884 -0.062173693845103 0.25 6
0.096744156379884 -0.062173693845103 0.28125 6
0.096744156379884 -0.062173693845103 0.3125 6
0.096744156379884 -0.062173693845103 0.34375 6
0.096744156379884 -0.062173693845103 0.375 6
0.096744156379884 -0.062173693845103 0.40625 6
0.096744156379884 -0.062173693845103 0.4375 6
0.096744156379884 -0.062173693845103 0.46875 6
0.10460767953171 -0.047772726350821 0.03125 6
0.10460767953171 -0.047772726350821 0.0625 6
0.10460767953171 -0.047772726350821 0.09375 6
0.10460767953171 -0.047772726350821 0.125 6
0.10460767953171 -0.047772726350821 0.15625 6
0.10460767953171 -0.047772726350821 0.1875 6
0.10460767953171 -0.047772726350821 0.21875 6
0.10460767953171 -0.047772726350821 0.25 6
0.10460767953171 -0.047772726350821 0.28125 6
0.10460767953171 -0.047772726350821 0.3125 6
0.10460767953171 -0.047772726350821 0.34375 6
0.10460767953171 -0.047772726350821 0.375 6
0.10460767953171 -0.047772726350821 0.40625 6
0.10460767953171 -0.047772726350821 0.4375 6
0.10460767953171 -0.047772726350821 0.46875 6
0.11034169199753 -0.032399243928234 0.03125 6
0.11034169199753 -0.032399243928234 0.0625 6
0.11034169199753 -0.032399243928234 0.09375 6
0.11034169199753 -0.032399243928234 0.125 6
0.11034169199753 -0.032399243928234 0.15625 6
0.11034169199753 -0.032399243928234 0.1875 6
0.11034169199753 -0.032399243928234 0.21875 6
0.11034169199753 -0.032399243928234 0.25 6
0.11034169199753 -0.032399243928234 0.28125 6
0.11034169199753 -0.032399243928234 0.3125 6
0.11034169199753 -0.032399243928234 0.34375 6
0.11034169199753 -0.032399243928234 0.375 6
0.11034169199753 -0.032399243928234 0.40625 6
0.11034169199753 -0.032399243928234 0.4375 6
0.11034169199753 -0.032399243928234 0.46875 6
0.11382946582427 -0.016366206346039 0.03125 6
0.11382946582427 -0.016366206346039 0.0625 6
0.11382946582427 -0.016366206346039 0.09375 6
0.11382946582427 -0.016366206346039 0.125 6
0.11382946582427 -0.016366206346039 0.15625 6
0.11382946582427 -0.016366206346039 0.1875 6
0.11382946582427 -0.016366206346039 0.21875 6
0.11382946582427 -0.016366206346039 0.25 6
0.11382946582427 -0.016366206346039 0.28125 6
0.11382946582427 -0.016366206346039 0.3125 6
0.11382946582427 -0.016366206346039 0.34375 6
0.11382946582427 -0.016366206346039 0.375 6
0.11382946582427 -0.016366206346039 0.40625 6
0.11382946582427 -0.016366206346039 0.4375 6
0.11382946582427 -0.016366206346039 0.46875 6
0.03059769029841 -0.21281160999439 0.03125 11
0.03059769029841 -0.21281160999439 0.0625 11
0.03059769029841 -0.21281160999439 0.09375 11
0.03059769029841 -0.21281160999439 0.125 11
0.03059769029841 -0.21281160999439 0.15625 11
0.03059769029841 -0.21281160999439 0.1875 11
0.03059769029841 -0.21281160999439 0.21875 11
0.03059769029841 -0.21281160999439 0.25 11
0.03059769029841 -0.21281160999439 0.28125 11
0.03059769029841 -0.21281160999439 0.3125 11
0.03059769029841 -0.21281160999439 0.34375 11
0.03059769029841 -0.21281160999439 0.375 11
0.03059769029841 -0.21281160999439 0.40625 11
0.03059769029841 -0.21281160999439 0.4375 11
0.03059769029841 -0.21281160999439 0.46875 11
0.060572499874315 -0.20629098928207 0.03125 11
0.060572499874315 -0.20629098928207 0.0625 11
0.060572499874315 -0.20629098928207 0.09375 11
0.060572499874315 -0.20629098928207 0.125 11
0.060572499874315 -0.20629098928207 0.15625 11
0.060572499874315 -0.20629098928207 0.1875 11
0.060572499874315 -0.20629098928207 0.21875 11
0.060572499874315 -0.20629098928207 0.25 11
0.060572499874315 -0.20629098928207 0.28125 11
0.060572499874315 -0.20629098928207 0.3125 11
0.060572499874315 -0.20629098928207 0.34375 11
0.060572499874315 -0.20629098928207 0.375 11
0.060572499874315 -0.20629098928207 0.40625 11
0.060572499874315 -0.20629098928207 0.4375 11
0.060572499874315 -0.20629098928207 0.46875 11
0.089314228035237 -0.19557087889169 0.03125 11
0.089314228035237 -0.19557087889169 0.0625 11
0.089314228035237 -0.19557087889169 0.09375 11
0.089314228035237 -0.19557087889169 0.125 11
0.089314228035237 -0.19557087889169 0.15625 11
0.089314228035237 -0.19557087889169 0.1875 11
0.089314228035237 -0.19557087889169 0.21875 11
0.089314228035237 -0.19557087889169 0.25 11
0.089314228035237 -0.19557087889169 0.28125 11
0.089314228035237 -0.19557087889169 0.3125 11
0.089314228035237 -0.19557087889169 0.34375 11
0.089314228035237 -0.19557087889169 0.375 11
0.089314228035237 -0.19557087889169 0.40625 11
0.089314228035237 -0.19557087889169 0.4375 11
0.089314228035237 -0.19557087889169 0.46875 11
0.11623777605692 -0.18086950936336 0.03125 11
0.11623777605692 -0.18086950936336 0.0625 11
0.11623777605692 -0.18086950936336 0.09375 11
0.11623777605692 -0.18086950936336 0.125 11
0.11623777605692 -0.18086950936336 0.15625 11
0.11623777605692 -0.18086950936336 0.1875 11
0.11623777605692 -0.18086950936336 0.21875 11
0.11623777605692 -0.18086950936336 0.25 11
0.11623777605692 -0.18086950936336 0.28125 11
0.11623777605692 -0.18086950936336 0.3125 11
0.11623777605692 -0.18086950936336 0.34375 11
0.11623777605692 -0.18086950936336 0.375 11
0.11623777605692 -0.18086950936336 0.40625 11
0.11623777605692 -0.18086950936336 0.4375 11
0.11623777605692 -0.18086950936336 0.46875 11
0.14079505813826 -0.16248615819154 0.03125 11
0.14079505813826 -0.16248615819154 0.0625 11
0.14079505813826 -0.16248615819154 0.09375 11
0.14079505813826 -0.16248615819154 0.125 11
0.14079505813826 -0.16248615819154 0.15625 11
0.14079505813826 -0.16248615819154 0.1875 11
0.14079505813826 -0.16248615819154 0.21875 11
0.14079505813826 -0.16248615819154 0.25 11
0.14079505813826 -0.16248615819154 0.28125 11
0.14079505813826 -0.16248615819154 0.3125 11
0.14079505813826 -0.16248615819154 0.34375 11
0.14079505813826 -0.16248615819154 0.375 11
0.14079505813826 -0.16248615819154 0.40625 11
0.14079505813826 -0.16248615819154 0.4375 11
0.14079505813826 -0.16248615819154 0.46875 11
0.16248615876751 -0.14079505747354 0.03125 11
0.16248615876751 -0.14079505747354 0.0625 11
0.16248615876751 -0.14079505747354 0.09375 11
0.16248615876751 -0.14079505747354 0.125 11
0.16248615876751 -0.14079505747354 0.15625 11
0.16248615876751 -0.14079505747354 0.1875 11
0.16248615876751 -0.14079505747354 0.21875 11
0.16248615876751 -0.14079505747354 0.25 11
0.16248615876751 -0.14079505747354 0.28125 11
0.16248615876751 -0.14079505747354 0.3125 11
0.16248615876751 -0.14079505747354 0.34375 11
0.16248615876751 -0.14079505747354 0.375 11
0.16248615876751 -0.14079505747354 0.40625 11
0.16248615876751 -0.14079505747354 0.4375 11
0.16248615876751 -0.14079505747354 0.46875 11
0.18086950974498 -0.11623777546311 0.03125 11
0.18086950974498 -0.11623777546311 0.0625 11
0.18086950974498 -0.11623777546311 0.09375 11
0.18086950974498 -0.11623777546311 0.125 11
0.18086950974498 -0.11623777546311 0.15625 11
0.18086950974498 -0.11623777546311 0.1875 11
0.18086950974498 -0.11623777546311 0.21875 11
0.18086950974498 -0.11623777546311 0.25 11
0.18086950974498 -0.11623777546311 0.28125 11
0.18086950974498 -0.11623777546311 0.3125 11
0.18086950974498 -0.11623777546311 0.34375 11
0.18086950974498 -0.11623777546311 0.375 11
0.18086950974498 -0.11623777546311 0.40625 11
0.18086950974498 -0.11623777546311 0.4375 11
0.18086950974498 -0.11623777546311 0.46875 11
0.19557087911774 -0.089314227540263 0.03125 11
0.19557087911774 -0.089314227540263 0.0625 11
0.19557087911774 -0.089314227540263 0.09375 11
0.19557087911774 -0.089314227540263 0.125 11
0.19557087911774 -0.089314227540263 0.15625 11
0.19557087911774 -0.089314227540263 0.1875 11
0.19557087911774 -0.089314227540263 0.21875 11
0.19557087911774 -0.089314227540263 0.25 11
0.19557087911774 -0.089314227540263 0.28125 11
0.19557087911774 -0.089314227540263 0.3125 11
0.19557087911774 -0.089314227540263 0.34375 11
0.19557087911774 -0.089314227540263 0.375 11
0.19557087911774 -0.089314227540263 0.40625 11
0.19557087911774 -0.089314227540263 0.4375 11
0.19557087911774 -0.089314227540263 0.46875 11
0.20629098938123 -0.060572499536604 0.03125 11
0.20629098938123 -0.060572499536604 0.0625 11
0.20629098938123 -0.060572499536604 0.09375 11
0.20629098938123 -0.060572499536604 0.125 11
0.20629098938123 -0.060572499536604 0.15625 11
0.20629098938123 -0.060572499536604 0.1875 11
0.20629098938123 -0.060572499536604 0.21875 11
0.20629098938123 -0.060572499536604 0.25 11
0.20629098938123 -0.060572499536604 0.28125 11
0.20629098938123 -0.060572499536604 0.3125 11
0.20629098938123 -0.060572499536604 0.34375 11
0.20629098938123 -0.060572499536604 0.375 11
0.20629098938123 -0.060572499536604 0.40625 11
0.20629098938123 -0.060572499536604 0.4375 11
0.20629098938123 -0.060572499536604 0.46875 11
0.21281161001804 -0.030597690133905 0.03125 11
0.21281161001804 -0.030597690133905 0.0625 11
0.21281161001804 -0.030597690133905 0.09375 11
0.21281161001804 -0.030597690133905 0.125 11
0.21281161001804 -0.030597690133905 0.15625 11
0.21281161001804 -0.030597690133905 0.1875 11
0.21281161001804 -0.030597690133905 0.21875 11
0.21281161001804 -0.030597690133905 0.25 11
0.21281161001804 -0.030597690133905 0.28125 11
0.21281161001804 -0.030597690133905 0.3125 11
0.21281161001804 -0.030597690133905 0.34375 11
0.21281161001804 -0.030597690133905 0.375 11
0.21281161001804 -0.030597690133905 0.40625 11
0.21281161001804 -0.030597690133905 0.4375 11
0.21281161001804 -0.030597690133905 0.46875 11
0.018399275559728 -0.1279697721231 0.5 8
0.036423994939412 -0.12404873441924 0.5 8
0.053707226823105 -0.1176024221916 0.5 8
0.069897134429651 -0.10876206377632 0.5 8
0.084664137944425 -0.097707623369356 0.5 8
0.097707623714805 -0.084664137545756 0.5 8
0.10876206400345 -0.069897134076233 0.5 8
0.11760242232969 -0.05370722652073 0.5 8
0.12404873448089 -0.036423994729422 0.5 8
0.12796977213764 -0.018399275458588 0.5 8
0.020432344682835 -0.14211007843493 0.5 8
0.040448745761883 -0.13775577689633 0.5 8
0.059641727025108 -0.13059716497491 0.5 8
0.077620574700838 -0.12077997137412 0.5 8
0.094019291310033 -0.10850404583968 0.5 8
0.10850404622355 -0.094019290867023 0.5 8
0.12077997162699 -0.077620574307354 0.5 8
0.13059716512766 -0.059641726690633 0.5 8
0.13775577696424 -0.040448745530606 0.5 8
0.14211007845099 -0.020432344571134 0.5 8
0.022465413805942 -0.15625038474677 0.5 8
0.044473496584353 -0.15146281937342 0.5 8
0.06557622722711 -0.14359190775821 0.5 8
0.085344014972024 -0.13279787897192 0.5 8
0.10337444467564 -0.11930046831001 0.5 8
0.1193004687323 -0.10337444418829 0.5 8
0.13279787925054 -0.085344014538475 0.5 8
0.14359190792562 -0.065576226860536 0.5 8
0.15146281944758 -0.04447349633179 0.5 8
0.15625038476435 -0.02246541368368 0.5 8
0.024498482929055 -0.17039069105864 0.5 8
0.048498247406835 -0.16516986185056 0.5 8
0.071510727429129 -0.15658665054156 0.5 8
0.093067455243231 -0.14481578656975 0.5 8
0.11272959804127 -0.13009689078037 0.5 8
0.13009689124108 -0.11272959750958 0.5 8
0.14481578687412 -0.093067454769616 0.5 8
0.15658665072362 -0.071510727030454 0.5 8
0.16516986193097 -0.048498247132984 0.5 8
0.17039069107774 -0.024498482796232 0.5 8
0.026531552052172 -0.18453099737055 0.5 8
0.052522998229326 -0.17887690432772 0.5 8
0.077445227631161 -0.16958139332493 0.5 8
0.10079089551446 -0.15683369416761 0.5 8
0.12208475140693 -0.14089331325075 0.5 8
0.14089331374989 -0.1220847508309 0.5 8
0.15683369449773 -0.10079089500078 0.5 8
0.16958139352165 -0.077445227200387 0.5 8
0.17887690441438 -0.052522997934188 0.5 8
0.18453099739116 -0.026531551908788 0.5 8
0.028564621175291 -0.19867130368247 0.5 8
0.05654774905182 -0.19258394680489 0.5 8
0.083379727833199 -0.18257613610831 0.5 8
0.10851433578569 -0.16885160176548 0.5 8
0.13143990477259 -0.15168973572114 0.5 8
0.1516897362587 -0.13143990415222 0.5 8
0.16885160212135 -0.10851433523194 0.5 8
0.1825761363197 -0.083379727370324 0.5 8
0.19258394689781 -0.056547748735395 0.5 8
0.1986713037046 -0.028564621021347 0.5 8
0.1279697721231 0.018399275559728 0.03125 15
0.1279697721231 0.018399275559728 0.0625 15
0.1279697721231 0.018399275559728 0.09375 15
0.1279697721231 0.018399275559728 0.125 15
0.1279697721231 0.018399275559728 0.15625 15
0.1279697721231 0.018399275559728 0.1875 15
0.1279697721231 0.018399275559728 0.21875 15
0.1279697721231 0.018399275559728 0.25 15
0.1279697721231 0.018399275559728 0.28125 15
0.1279697721231 0.018399275559728 0.3125 15
0.1279697721231 0.018399275559728 0.34375 15
0.1279697721231 0.018399275559728 0.375 15
0.1279697721231 0.018399275559728 0.40625 15
0.1279697721231 0.018399275559728 0.4375 15
0.1279697721231 0.018399275559728 0.46875 15
0.12404873441924 0.036423994939412 0.03125 15
0.12404873441924 0.036423994939412 0.0625 15
0.12404873441924 0.036423994939412 0.09375 15
0.12404873441924 0.036423994939412 0.125 15
0.12404873441924 0.036423994939412 0.15625 15
0.12404873441924 0.036423994939412 0.1875 15
0.12404873441924 0.036423994939412 0.21875 15
0.12404873441924 0.036423994939412 0.25 15
0.12404873441924 0.036423994939412 0.28125 15
0.12404873441924 0.036423994939412 0.3125 15
0.12404873441924 0.036423994939412 0.34375 15
0.12404873441924 0.036423994939412 0.375 15
0.12404873441924 0.036423994939412 0.40625 15
0.12404873441924 0.036423994939412 0.4375 15
0.12404873441924 0.036423994939412 0.46875 15
0.1176024221916 0.053707226823105 0.03125 15
0.1176024221916 0.053707226823105 0.0625 15
0.1176024221916 0.053707226823105 0.09375 15
0.1176024221916 0.053707226823105 0.125 15
0.1176024221916 0.053707226823105 0.15625 15
0.1176024221916 0.053707226823105 0.1875 15
0.1176024221916 0.053707226823105 0.21875 15
0.1176024221916 0.053707226823105 0.25 15
0.1176024221916 0.053707226823105 0.28125 15
0.1176024221916 0.053707226823105 0.3125 15
0.1176024221916 0.053707226823105 0.34375 15
0.1176024221916 0.053707226823105 0.375 15
0.1176024221916 0.053707226823105 0.40625 15
0.1176024221916 0.053707226823105 0.4375 15
0.1176024221916 0.053707226823105 0.46875 15
0.10876206377632 0.069897134429651 0.03125 15
0.10876206377632 0.069897134429651 0.0625 15
0.10876206377632 0.069897134429651 0.09375 15
0.10876206377632 0.069897134429651 0.125 15
0.10876206377632 0.069897134429651 0.15625 15
0.10876206377632 0.069897134429651 0.1875 15
0.10876206377632 0.069897134429651 0.21875 15
0.10876206377632 0.069897134429651 0.25 15
0.10876206377632 0.069897134429651 0.28125 15
0.10876206377632 0.069897134429651 0.3125 15
0.10876206377632 0.069897134429651 0.34375 15
0.10876206377632 0.069897134429651 0.375 15
0.10876206377632 0.069897134429651 0.40625 15
0.10876206377632 0.069897134429651 0.4375 15
0.10876206377632 0.069897134429651 0.46875 15
0.097707623369356 0.084664137944425 0.03125 15
0.097707623369356 0.084664137944425 0.0625 15
0.097707623369356 0.084664137944425 0.09375 15
0.097707623369356 0.084664137944425 0.125 15
0.097707623369356 0.084664137944425 0.15625 15
0.097707623369356 0.084664137944425 0.1875 15
0.097707623369356 0.084664137944425 0.21875 15
0.097707623369356 0.084664137944425 0.25 15
0.097707623369356 0.084664137944425 0.28125 15
0.097707623369356 0.084664137944425 0.3125 15
0.097707623369356 0.084664137944425 0.34375 15
0.097707623369356 0.084664137944425 0.375 15
0.097707623369356 0.084664137944425 0.40625 15
0.097707623369356 0.084664137944425 0.4375 15
0.097707623369356 0.084664137944425 0.46875 15
0.084664137545756 0.097707623714805 0.03125 15
0.084664137545756 0.097707623714805 0.0625 15
0.084664137545756 0.097707623714805 0.09375 15
0.084664137545756 0.097707623714805 0.125 15
0.084664137545756 0.097707623714805 0.15625 15
0.084664137545756 0.097707623714805 0.1875 15
0.084664137545756 0.097707623714805 0.21875 15
0.084664137545756 0.097707623714805 0.25 15
0.084664137545756 0.097707623714805 0.28125 15
0.084664137545756 0.097707623714805 0.3125 15
0.084664137545756 0.097707623714805 0.34375 15
0.084664137545756 0.097707623714805 0.375 15
0.084664137545756 0.097707623714805 0.40625 15
0.084664137545756 0.097707623714805 0.4375 15
0.084664137545756 0.097707623714805 0.46875 15
0.069897134076233 0.10876206400345 0.03125 15
0.069897134076233 0.10876206400345 0.0625 15
0.069897134076233 0.10876206400345 0.09375 15
0.069897134076233 0.10876206400345 0.125 15
0.069897134076233 0.10876206400345 0.15625 15
0.069897134076233 0.10876206400345 0.1875 15
0.069897134076233 0.10876206400345 0.21875 15
0.069897134076233 0.10876206400345 0.25 15
0.069897134076233 0.10876206400345 0.28125 15
0.069897134076233 0.10876206400345 0.3125 15
0.069897134076233 0.10876206400345 0.34375 15
0.069897134076233 0.10876206400345 0.375 15
0.069897134076233 0.10876206400345 0.40625 15
0.069897134076233 0.10876206400345 0.4375 15
0.069897134076233 0.10876206400345 0.46875 15
0.05370722652073 0.11760242232969 0.03125 15
0.05370722652073 0.11760242232969 0.0625 15
0.05370722652073 0.11760242232969 0.09375 15
0.05370722652073 0.11760242232969 0.125 15
0.05370722652073 0.11760242232969 0.15625 15
0.05370722652073 0.11760242232969 0.1875 15
0.05370722652073 0.11760242232969 0.21875 15
0.05370722652073 0.11760242232969 0.25 15
0.05370722652073 0.11760242232969 0.28125 15
0.05370722652073 0.11760242232969 0.3125 15
0.05370722652073 0.11760242232969 0.34375 15
0.05370722652073 0.11760242232969 0.375 15
0.05370722652073 0.11760242232969 0.40625 15
0.05370722652073 0.11760242232969 0.4375 15
0.05370722652073 0.11760242232969 0.46875 15
0.036423994729422 0.12404873448089 0.03125 15
0.036423994729422 0.12404873448089 0.0625 15
0.036423994729422 0.12404873448089 0.09375 15
0.036423994729422 0.12404873448089 0.125 15
0.036423994729422 0.12404873448089 0.15625 15
0.036423994729422 0.12404873448089 0.1875 15
0.036423994729422 0.12404873448089 0.21875 15
0.036423994729422 0.12404873448089 0.25 15
0.036423994729422 0.12404873448089 0.28125 15
0.036423994729422 0.12404873448089 0.3125 15
0.036423994729422 0.12404873448089 0.34375 15
0.036423994729422 0.12404873448089 0.375 15
0.036423994729422 0.12404873448089 0.40625 15
0.036423994729422 0.12404873448089 0.4375 15
0.036423994729422 0.12404873448089 0.46875 15
0.018399275458588 0.12796977213764 0.03125 15
0.018399275458588 0.12796977213764 0.0625 15
0.018399275458588 0.12796977213764 0.09375 15
0.018399275458588 0.12796977213764 0.125 15
0.018399275458588 0.12796977213764 0.15625 15
0.018399275458588 0.12796977213764 0.1875 15
0.018399275458588 0.12796977213764 0.21875 15
0.018399275458588 0.12796977213764 0.25 15
0.018399275458588 0.12796977213764 0.28125 15
0.018399275458588 0.12796977213764 0.3125 15
0.018399275458588 0.12796977213764 0.34375 15
0.018399275458588 0.12796977213764 0.375 15
0.018399275458588 0.12796977213764 0.40625 15
0.018399275458588 0.12796977213764 0.4375 15
0.018399275458588 0.12796977213764 0.46875 15
0.14211007843493 0.020432344682835 0.03125 15
0.14211007843493 0.020432344682835 0.0625 15
0.14211007843493 0.020432344682835 0.09375 15
0.14211007843493 0.020432344682835 0.125 15
0.14211007843493 0.020432344682835 0.15625 15
0.14211007843493 0.020432344682835 0.1875 15
0.14211007843493 0.020432344682835 0.21875 15
0.14211007843493 0.020432344682835 0.25 15
0.14211007843493 0.020432344682835 0.28125 15
0.14211007843493 0.020432344682835 0.3125 15
0.14211007843493 0.020432344682835 0.34375 15
0.14211007843493 0.020432344682835 0.375 15
0.14211007843493 0.020432344682835 0.40625 15
0.14211007843493 0.020432344682835 0.4375 15
0.14211007843493 0.020432344682835 0.46875 15
0.13775577689633 0.040448745761883 0.03125 15
0.13775577689633 0.040448745761883 0.0625 15
0.13775577689633 0.040448745761883 0.09375 15
0.13775577689633 0.040448745761883 0.125 15
0.13775577689633 0.040448745761883 0.15625 15
0.13775577689633 0.040448745761883 0.1875 15
0.13775577689633 0.040448745761883 0.21875 15
0.13775577689633 0.040448745761883 0.25 15
0.13775577689633 0.040448745761883 0.28125 15
0.13775577689633 0.040448745761883 0.3125 15
0.13775577689633 0.040448745761883 0.34375 15
0.13775577689633 0.040448745761883 0.375 15
0.13775577689633 0.040448745761883 0.40625 15
0.13775577689633 0.040448745761883 0.4375 15
0.13775577689633 0.040448745761883 0.46875 15
0.13059716497491 0.059641727025108 0.03125 15
0.13059716497491 0.059641727025108 0.0625 15
0.13059716497491 0.059641727025108 0.09375 15
0.13059716497491 0.059641727025108 0.125 15
0.13059716497491 0.059641727025108 0.15625 15
0.13059716497491 0.059641727025108 0.1875 15
0.13059716497491 0.059641727025108 0.21875 15
0.13059716497491 0.059641727025108 0.25 15
0.13059716497491 0.059641727025108 0.28125 15
0.13059716497491 0.059641727025108 0.3125 15
0.13059716497491 0.059641727025108 0.34375 15
0.13059716497491 0.059641727025108 0.375 15
0.13059716497491 0.059641727025108 0.40625 15
0.13059716497491 0.059641727025108 0.4375 15
0.13059716497491 0.059641727025108 0.46875 15
0.12077997137412 0.077620574700838 0.03125 15
0.12077997137412 0.077620574700838 0.0625 15
0.12077997137412 0.077620574700838 0.09375 15
0.12077997137412 0.077620574700838 0.125 15
0.12077997137412 0.077620574700838 0.15625 15
0.12077997137412 0.077620574700838 0.1875 15
0.12077997137412 0.077620574700838 0.21875 15
0.12077997137412 0.077620574700838 0.25 15
0.12077997137412 0.077620574700838 0.28125 15
0.12077997137412 0.077620574700838 0.3125 15
0.12077997137412 0.077620574700838 0.34375 15
0.12077997137412 0.077620574700838 0.375 15
0.12077997137412 0.077620574700838 0.40625 15
0.12077997137412 0.077620574700838 0.4375 15
0.12077997137412 0.077620574700838 0.46875 15
0.10850404583968 0.094019291310033 0.03125 15
0.10850404583968 0.094019291310033 0.0625 15
0.10850404583968 0.094019291310033 0.09375 15
0.10850404583968 0.094019291310033 0.125 15
0.10850404583968 0.094019291310033 0.15625 15
0.10850404583968 0.094019291310033 0.1875 15
0.10850404583968 0.094019291310033 0.21875 15
0.10850404583968 0.094019291310033 0.25 15
0.10850404583968 0.094019291310033 0.28125 15
0.10850404583968 0.094019291310033 0.3125 15
0.10850404583968 0.094019291310033 0.34375 15
0.10850404583968 0.094019291310033 0.375 15
0.10850404583968 0.094019291310033 0.40625 15
0.10850404583968 0.094019291310033 0.4375 15
0.10850404583968 0.094019291310033 0.46875 15
0.094019290867023 0.10850404622355 0.03125 15
0.094019290867023 0.10850404622355 0.0625 15
0.094019290867023 0.10850404622355 0.09375 15
0.094019290867023 0.10850404622355 0.125 15
0.094019290867023 0.10850404622355 0.15625 15
0.094019290867023 0.10850404622355 0.1875 15
0.094019290867023 0.10850404622355 0.21875 15
0.094019290867023 0.10850404622355 0.25 15
0.094019290867023 0.10850404622355 0.28125 15
0.094019290867023 0.10850404622355 0.3125 15
0.094019290867023 0.10850404622355 0.34375 15
0.094019290867023 0.10850404622355 0.375 15
0.094019290867023 0.10850404622355 0.40625 15
0.094019290867023 0.10850404622355 0.4375 15
0.094019290867023 0.10850404622355 0.46875 15
0.077620574307354 0.12077997162699 0.03125 15
0.077620574307354 0.12077997162699 0.0625 15
0.077620574307354 0.12077997162699 0.09375 15
0.077620574307354 0.12077997162699 0.125 15
0.077620574307354 0.12077997162699 0.15625 15
0.077620574307354 0.12077997162699 0.1875 15
0.077620574307354 0.12077997162699 0.21875 15
0.077620574307354 0.12077997162699 0.25 15
0.077620574307354 0.12077997162699 0.28125 15
0.077620574307354 0.12077997162699 0.3125 15
0.077620574307354 0.12077997162699 0.34375 15
0.077620574307354 0.12077997162699 0.375 15
0.077620574307354 0.12077997162699 0.40625 15
0.077620574307354 0.12077997162699 0.4375 15
0.077620574307354 0.12077997162699 0.46875 15
0.059641726690633 0.13059716512766 0.03125 15
0.059641726690633 0.13059716512766 0.0625 15
0.059641726690633 0.13059716512766 0.09375 15
0.059641726690633 0.13059716512766 0.125 15
0.059641726690633 0.13059716512766 0.15625 15
0.059641726690633 0.13059716512766 0.1875 15
0.059641726690633 0.13059716512766 0.21875 15
0.059641726690633 0.13059716512766 0.25 15
0.059641726690633 0.13059716512766 0.28125 15
0.059641726690633 0.13059716512766 0.3125 15
0.059641726690633 0.13059716512766 0.34375 15
0.059641726690633 0.13059716512766 0.375 15
0.059641726690633 0.13059716512766 0.40625 15
0.059641726690633 0.13059716512766 0.4375 15
0.059641726690633 0.13059716512766 0.46875 15
0.040448745530606 0.13775577696424 0.03125 15
0.040448745530606 0.13775577696424 0.0625 15
0.040448745530606 0.13775577696424 0.09375 15
0.040448745530606 0.13775577696424 0.125 15
0.040448745530606 0.13775577696424 0.15625 15
0.040448745530606 0.13775577696424 0.1875 15
0.040448745530606 0.13775577696424 0.21875 15
0.040448745530606 0.13775577696424 0.25 15
0.040448745530606 0.13775577696424 0.28125 15
0.040448745530606 0.13775577696424 0.3125 15
0.040448745530606 0.13775577696424 0.34375 15
0.040448745530606 0.13775577696424 0.375 15
0.040448745530606 0.13775577696424 0.40625 15
0.040448745530606 0.13775577696424 0.4375 15
0.040448745530606 0.13775577696424 0.46875 15
0.020432344571134 0.14211007845099 0.03125 15
0.020432344571134 0.14211007845099 0.0625 15
0.020432344571134 0.14211007845099 0.09375 15
0.020432344571134 0.14211007845099 0.125 15
0.020432344571134 0.14211007845099 0.15625 15
0.020432344571134 0.14211007845099 0.1875 15
0.020432344571134 0.14211007845099 0.21875 15
0.020432344571134 0.14211007845099 0.25 15
0.020432344571134 0.14211007845099 0.28125 15
0.020432344571134 0.14211007845099 0.3125 15
0.020432344571134 0.14211007845099 0.34375 15
0.020432344571134 0.14211007845099 0.375 15
0.020432344571134 0.14211007845099 0.40625 15
0.020432344571134 0.14211007845099 0.4375 15
0.020432344571134 0.14211007845099 0.46875 15
0.15625038474677 0.022465413805942 0.03125 15
0.15625038474677 0.022465413805942 0.0625 15
0.15625038474677 0.022465413805942 0.09375 15
0.15625038474677 0.022465413805942 0.125 15
0.15625038474677 0.022465413805942 0.15625 15
0.15625038474677 0.022465413805942 0.1875 15
0.15625038474677 0.022465413805942 0.21875 15
0.15625038474677 0.022465413805942 0.25 15
0.15625038474677 0.022465413805942 0.28125 15
0.15625038474677 0.022465413805942 0.3125 15
0.15625038474677 0.022465413805942 0.34375 15
0.15625038474677 0.022465413805942 0.375 15
0.15625038474677 0.022465413805942 0.40625 15
0.15625038474677 0.022465413805942 0.4375 15
0.15625038474677 0.022465413805942 0.46875 15
0.15146281937342 0.044473496584353 0.03125 15
0.15146281937342 0.044473496584353 0.0625 15
0.15146281937342 0.044473496584353 0.09375 15
0.15146281937342 0.044473496584353 0.125 15
0.15146281937342 0.044473496584353 0.15625 15
0.15146281937342 0.044473496584353 0.1875 15
0.15146281937342 0.044473496584353 0.21875 15
0.15146281937342 0.044473496584353 0.25 15
0.15146281937342 0.044473496584353 0.28125 15
0.15146281937342 0.044473496584353 0.3125 15
0.15146281937342 0.044473496584353 0.34375 15
0.15146281937342 0.044473496584353 0.375 15
0.15146281937342 0.044473496584353 0.40625 15
0.15146281937342 0.044473496584353 0.4375 15
0.15146281937342 0.044473496584353 0.46875 15
0.14359190775821 0.06557622722711 0.03125 15
0.14359190775821 0.06557622722711 0.0625 15
0.14359190775821 0.06557622722711 0.09375 15
0.14359190775821 0.06557622722711 0.125 15
0.14359190775821 0.06557622722711 0.15625 15
0.14359190775821 0.06557622722711 0.1875 15
0.14359190775821 0.06557622722711 0.21875 15
0.14359190775821 0.06557622722711 0.25 15
0.14359190775821 0.06557622722711 0.28125 15
0.14359190775821 0.06557622722711 0.3125 15
0.14359190775821 0.06557622722711 0.34375 15
0.14359190775821 0.06557622722711 0.375 15
0.14359190775821 0.06557622722711 0.40625 15
0.14359190775821 0.06557622722711 0.4375 15
0.14359190775821 0.06557622722711 0.46875 15
0.13279787897192 0.085344014972024 0.03125 15
0.13279787897192 0.085344014972024 0.0625 15
0.13279787897192 0.085344014972024 0.09375 15
0.13279787897192 0.085344014972024 0.125 15
0.13279787897192 0.085344014972024 0.15625 15
0.13279787897192 0.085344014972024 0.1875 15
0.13279787897192 0.085344014972024 0.21875 15
0.13279787897192 0.085344014972024 0.25 15
0.13279787897192 0.085344014972024 0.28125 15
0.13279787897192 0.085344014972024 0.3125 15
0.13279787897192 0.085344014972024 0.34375 15
0.13279787897192 0.085344014972024 0.375 15
0.13279787897192 0.085344014972024 0.40625 15
0.13279787897192 0.085344014972024 0.4375 15
0.13279787897192 0.085344014972024 0.46875 15
0.11930046831001 0.10337444467564 0.03125 15
0.11930046831001 0.10337444467564 0.0625 15
0.11930046831001 0.10337444467564 0.09375 15
0.11930046831001 0.10337444467564 0.125 15
0.11930046831001 0.10337444467564 0.15625 15
0.11930046831001 0.10337444467564 0.1875 15
0.11930046831001 0.10337444467564 0.21875 15
0.11930046831001 0.10337444467564 0.25 15
0.11930046831001 0.10337444467564 0.28125 15
0.11930046831001 0.10337444467564 0.3125 15
0.11930046831001 0.10337444467564 0.34375 15
0.11930046831001 0.10337444467564 0.375 15
0.11930046831001 0.10337444467564 0.40625 15
0.11930046831001 0.10337444467564 0.4375 15
0.11930046831001 0.10337444467564 0.46875 15
0.10337444418829 0.1193004687323 0.03125 15
0.10337444418829 0.1193004687323 0.0625 15
0.10337444418829 0.1193004687323 0.09375 15
0.10337444418829 0.1193004687323 0.125 15
0.10337444418829 0.1193004687323 0.15625 15
0.10337444418829 0.1193004687323 0.1875 15
0.10337444418829 0.1193004687323 0.21875 15
0.10337444418829 0.1193004687323 0.25 15
0.10337444418829 0.1193004687323 0.28125 15
0.10337444418829 0.1193004687323 0.3125 15
0.10337444418829 0.1193004687323 0.34375 15
0.10337444418829 0.1193004687323 0.375 15
0.10337444418829 0.1193004687323 0.40625 15
0.10337444418829 0.1193004687323 0.4375 15
0.10337444418829 0.1193004687323 0.46875 15
0.085344014538475 0.13279787925054 0.03125 15
0.085344014538475 0.13279787925054 0.0625 15
0.085344014538475 0.13279787925054 0.09375 15
0.085344014538475 0.13279787925054 0.125 15
0.085344014538475 0.13279787925054 0.15625 15
0.085344014538475 0.13279787925054 0.1875 15
0.085344014538475 0.13279787925054 0.21875 15
0.085344014538475 0.13279787925054 0.25 15
0.085344014538475 0.13279787925054 0.28125 15
0.085344014538475 0.13279787925054 0.3125 15
0.085344014538475 0.13279787925054 0.34375 15
0.085344014538475 0.13279787925054 0.375 15
0.085344014538475 0.13279787925054 0.40625 15
0.085344014538475 0.13279787925054 0.4375 15
0.085344014538475 0.13279787925054 0.46875 15
0.065576226860536 0.14359190792562 0.03125 15
0.065576226860536 0.14359190792562 0.0625 15
0.065576226860536 0.14359190792562 0.09375 15
0.065576226860536 0.14359190792562 0.125 15
0.065576226860536 0.14359190792562 0.15625 15
0.065576226860536 0.14359190792562 0.1875 15
0.065576226860536 0.14359190792562 0.21875 15
0.065576226860536 0.14359190792562 0.25 15
0.065576226860536 0.14359190792562 0.28125 15
0.065576226860536 0.14359190792562 0.3125 15
0.065576226860536 0.14359190792562 0.34375 15
0.065576226860536 0.14359190792562 0.375 15
0.065576226860536 0.14359190792562 0.40625 15
0.065576226860536 0.14359190792562 0.4375 15
0.065576226860536 0.14359190792562 0.46875 15
0.04447349633179 0.15146281944758 0.03125 15
0.04447349633179 0.15146281944758 0.0625 15
0.04447349633179 0.15146281944758 0.09375 15
0.04447349633179 0.15146281944758 0.125 15
0.04447349633179 0.15146281944758 0.15625 15
0.04447349633179 0.15146281944758 0.1875 15
0.04447349633179 0.15146281944758 0.21875 15
0.04447349633179 0.15146281944758 0.25 15
0.04447349633179 0.15146281944758 0.28125 15
0.04447349633179 0.15146281944758 0.3125 15
0.04447349633179 0.15146281944758 0.34375 15
0.04447349633179 0.15146281944758 0.375 15
0.04447349633179 0.15146281944758 0.40625 15
0.04447349633179 0.15146281944758 0.4375 15
0.04447349633179 0.15146281944758 0.46875 15
0.02246541368368 0.15625038476435 0.03125 15
0.02246541368368 0.15625038476435 0.0625 15
0.02246541368368 0.15625038476435 0.09375 15
0.02246541368368 0.15625038476435 0.125 15
0.02246541368368 0.15625038476435 0.15625 15
0.02246541368368 0.15625038476435 0.1875 15
0.02246541368368 0.15625038476435 0.21875 15
0.02246541368368 0.15625038476435 0.25 15
0.02246541368368 0.15625038476435 0.28125 15
0.02246541368368 0.15625038476435 0.3125 15
0.02246541368368 0.15625038476435 0.34375 15
0.02246541368368 0.15625038476435 0.375 15
0.02246541368368 0.15625038476435 0.40625 15
0.02246541368368 0.15625038476435 0.4375 15
0.02246541368368 0.15625038476435 0.46875 15
0.17039069105864 0.024498482929055 0.03125 15
0.17039069105864 0.024498482929055 0.0625 15
0.17039069105864 0.024498482929055 0.09375 15
0.17039069105864 0.024498482929055 0.125 15
0.17039069105864 0.024498482929055 0.15625 15
0.17039069105864 0.024498482929055 0.1875 15
0.17039069105864 0.024498482929055 0.21875 15
0.17039069105864 0.024498482929055 0.25 15
0.17039069105864 0.024498482929055 0.28125 15
0.17039069105864 0.024498482929055 0.3125 15
0.17039069105864 0.024498482929055 0.34375 15
0.17039069105864 0.024498482929055 0.375 15
0.17039069105864 0.024498482929055 0.40625 15
0.17039069105864 0.024498482929055 0.4375 15
0.17039069105864 0.024498482929055 0.46875 15
0.16516986185056 0.048498247406835 0.03125 15
0.16516986185056 0.048498247406835 0.0625 15
0.16516986185056 0.048498247406835 0.09375 15
0.16516986185056 0.048498247406835 0.125 15
0.16516986185056 0.048498247406835 0.15625 15
0.16516986185056 0.048498247406835 0.1875 15
0.16516986185056 0.048498247406835 0.21875 15
0.16516986185056 0.048498247406835 0.25 15
0.16516986185056 0.048498247406835 0.28125 15
0.16516986185056 0.048498247406835 0.3125 15
0.16516986185056 0.048498247406835 0.34375 15
0.16516986185056 0.048498247406835 0.375 15
0.16516986185056 0.048498247406835 0.40625 15
0.16516986185056 0.048498247406835 0.4375 15
0.16516986185056 0.048498247406835 0.46875 15
0.15658665054156 0.071510727429129 0.03125 15
0.15658665054156 0.071510727429129 0.0625 15
0.15658665054156 0.071510727429129 0.09375 15
0.15658665054156 0.071510727429129 0.125 15
0.15658665054156 0.071510727429129 0.15625 15
0.15658665054156 0.071510727429129 0.1875 15
0.15658665054156 0.071510727429129 0.21875 15
0.15658665054156 0.071510727429129 0.25 15
0.15658665054156 0.071510727429129 0.28125 15
0.15658665054156 0.071510727429129 0.3125 15
0.15658665054156 0.071510727429129 0.34375 15
0.15658665054156 0.071510727429129 0.375 15
0.15658665054156 0.071510727429129 0.40625 15
0.15658665054156 0.071510727429129 0.4375 15
0.15658665054156 0.071510727429129 0.46875 15
0.14481578656975 0.093067455243231 0.03125 15
0.14481578656975 0.093067455243231 0.0625 15
0.14481578656975 0.093067455243231 0.09375 15
0.14481578656975 0.093067455243231 0.125 15
0.14481578656975 0.093067455243231 0.15625 15
0.14481578656975 0.093067455243231 0.1875 15
0.14481578656975 0.093067455243231 0.21875 15
0.14481578656975 0.093067455243231 0.25 15
0.14481578656975 0.093067455243231 0.28125 15
0.14481578656975 0.093067455243231 0.3125 15
0.14481578656975 0.093067455243231 0.34375 15
0.14481578656975 0.093067455243231 0.375 15
0.14481578656975 0.093067455243231 0.40625 15
0.14481578656975 0.093067455243231 0.4375 15
0.14481578656975 0.093067455243231 0.46875 15
0.13009689078037 0.11272959804127 0.03125 15
0.13009689078037 0.11272959804127 0.0625 15
0.13009689078037 0.11272959804127 0.09375 15
0.13009689078037 0.11272959804127 0.125 15
0.13009689078037 0.11272959804127 0.15625 15
0.13009689078037 0.11272959804127 0.1875 15
0.13009689078037 0.11272959804127 0.21875 15
0.13009689078037 0.11272959804127 0.25 15
0.13009689078037 0.11272959804127 0.28125 15
0.13009689078037 0.11272959804127 0.3125 15
0.13009689078037 0.11272959804127 0.34375 15
0.13009689078037 0.11272959804127 0.375 15
0.13009689078037 0.11272959804127 0.40625 15
0.13009689078037 0.11272959804127 0.4375 15
0.13009689078037 0.11272959804127 0.46875 15
0.11272959750958 0.13009689124108 0.03125 15
0.11272959750958 0.13009689124108 0.0625 15
0.11272959750958 0.13009689124108 0.09375 15
0.11272959750958 0.13009689124108 0.125 15
0.11272959750958 0.13009689124108 0.15625 15
0.11272959750958 0.13009689124108 0.1875 15
0.11272959750958 0.13009689124108 0.21875 15
0.11272959750958 0.13009689124108 0.25 15
0.11272959750958 0.13009689124108 0.28125 15
0.11272959750958 0.13009689124108 0.3125 15
0.11272959750958 0.13009689124108 0.34375 15
0.11272959750958 0.13009689124108 0.375 15
0.11272959750958 0.13009689124108 0.40625 15
0.11272959750958 0.13009689124108 0.4375 15
0.11272959750958 0.13009689124108 0.46875 15
0.093067454769616 0.14481578687412 0.03125 15
0.093067454769616 0.14481578687412 0.0625 15
0.093067454769616 0.14481578687412 0.09375 15
0.093067454769616 0.14481578687412 0.125 15
0.093067454769616 0.14481578687412 0.15625 15
0.093067454769616 0.14481578687412 0.1875 15
0.093067454769616 0.14481578687412 0.21875 15
0.093067454769616 0.14481578687412 0.25 15
0.093067454769616 0.14481578687412 0.28125 15
0.093067454769616 0.14481578687412 0.3125 15
0.093067454769616 0.14481578687412 0.34375 15
0.093067454769616 0.14481578687412 0.375 15
0.093067454769616 0.14481578687412 0.40625 15
0.093067454769616 0.14481578687412 0.4375 15
0.093067454769616 0.14481578687412 0.46875 15
0.071510727030454 0.15658665072362 0.03125 15
0.071510727030454 0.15658665072362 0.0625 15
0.071510727030454 0.15658665072362 0.09375 15
0.071510727030454 0.15658665072362 0.125 15
0.071510727030454 0.15658665072362 0.15625 15
0.071510727030454 0.15658665072362 0.1875 15
0.071510727030454 0.15658665072362 0.21875 15
0.071510727030454 0.15658665072362 0.25 15
0.071510727030454 0.15658665072362 0.28125 15
0.071510727030454 0.15658665072362 0.3125 15
0.071510727030454 0.15658665072362 0.34375 15
0.071510727030454 0.15658665072362 0.375 15
0.071510727030454 0.15658665072362 0.40625 15
0.071510727030454 0.15658665072362 0.4375 15
0.071510727030454 0.15658665072362 0.46875 15
0.048498247132984 0.16516986193097 0.03125 15
0.048498247132984 0.16516986193097 0.0625 15
0.048498247132984 0.16516986193097 0.09375 15
0.048498247132984 0.16516986193097 0.125 15
0.048498247132984 0.16516986193097 0.15625 15
0.048498247132984 0.16516986193097 0.1875 15
0.048498247132984 0.16516986193097 0.21875 15
0.048498247132984 0.16516986193097 0.25 15
0.048498247132984 0.16516986193097 0.28125 15
0.048498247132984 0.16516986193097 0.3125 15
0.048498247132984 0.16516986193097 0.34375 15
0.048498247132984 0.16516986193097 0.375 15
0.048498247132984 0.16516986193097 0.40625 15
0.048498247132984 0.16516986193097 0.4375 15
0.048498247132984 0.16516986193097 0.46875 15
0.024498482796232 0.17039069107774 0.03125 15
0.024498482796232 0.17039069107774 0.0625 15
0.024498482796232 0.17039069107774 0.09375 15
0.024498482796232 0.17039069107774 0.125 15
0.024498482796232 0.17039069107774 0.15625 15
0.024498482796232 0.17039069107774 0.1875 15
0.024498482796232 0.17039069107774 0.21875 15
0.024498482796232 0.17039069107774 0.25 15
0.024498482796232 0.17039069107774 0.28125 15
0.024498482796232 0.17039069107774 0.3125 15
0.024498482796232 0.17039069107774 0.34375 15
0.024498482796232 0.17039069107774 0.375 15
0.024498482796232 0.17039069107774 0.40625 15
0.024498482796232 0.17039069107774 0.4375 15
0.024498482796232 0.17039069107774 0.46875 15
0.18453099737055 0.026531552052172 0.03125 15
0.18453099737055 0.026531552052172 0.0625 15
0.18453099737055 0.026531552052172 0.09375 15
0.18453099737055 0.026531552052172 0.125 15
0.18453099737055 0.026531552052172 0.15625 15
0.18453099737055 0.026531552052172 0.1875 15
0.18453099737055 0.026531552052172 0.21875 15
0.18453099737055 0.026531552052172 0.25 15
0.18453099737055 0.026531552052172 0.28125 15
0.18453099737055 0.026531552052172 0.3125 15
0.18453099737055 0.026531552052172 0.34375 15
0.18453099737055 0.026531552052172 0.375 15
0.18453099737055 0.026531552052172 0.40625 15
0.18453099737055 0.026531552052172 0.4375 15
0.18453099737055 0.026531552052172 0.46875 15
0.17887690432772 0.052522998229326 0.03125 15
0.17887690432772 0.052522998229326 0.0625 15
0.17887690432772 0.052522998229326 0.09375 15
0.17887690432772 0.052522998229326 0.125 15
0.17887690432772 0.052522998229326 0.15625 15
0.17887690432772 0.052522998229326 0.1875 15
0.17887690432772 0.052522998229326 0.21875 15
0.17887690432772 0.052522998229326 0.25 15
0.17887690432772 0.052522998229326 0.28125 15
0.17887690432772 0.052522998229326 0.3125 15
0.17887690432772 0.052522998229326 0.34375 15
0.17887690432772 0.052522998229326 0.375 15
0.17887690432772 0.052522998229326 0.40625 15
0.17887690432772 0.052522998229326 0.4375 15
0.17887690432772 0.052522998229326 0.46875 15
0.16958139332493 0.077445227631161 0.03125 15
0.16958139332493 0.077445227631161 0.0625 15
0.16958139332493 0.077445227631161 0.09375 15
0.16958139332493 0.077445227631161 0.125 15
0.16958139332493 0.077445227631161 0.15625 15
0.16958139332493 0.077445227631161 0.1875 15
0.16958139332493 0.077445227631161 0.21875 15
0.16958139332493 0.077445227631161 0.25 15
0.16958139332493 0.077445227631161 0.28125 15
0.16958139332493 0.077445227631161 0.3125 15
0.16958139332493 0.077445227631161 0.34375 15
0.16958139332493 0.077445227631161 0.375 15
0.16958139332493 0.077445227631161 0.40625 15
0.16958139332493 0.077445227631161 0.4375 15
0.16958139332493 0.077445227631161 0.46875 15
0.15683369416761 0.10079089551446 0.03125 15
0.15683369416761 0.10079089551446 0.0625 15
0.15683369416761 0.10079089551446 0.09375 15
0.15683369416761 0.10079089551446 0.125 15
0.15683369416761 0.10079089551446 0.15625 15
0.15683369416761 0.10079089551446 0.1875 15
0.15683369416761 0.10079089551446 0.21875 15
0.15683369416761 0.10079089551446 0.25 15
0.15683369416761 0.10079089551446 0.28125 15
0.15683369416761 0.10079089551446 0.3125 15
0.15683369416761 0.10079089551446 0.34375 15
0.15683369416761 0.10079089551446 0.375 15
0.15683369416761 0.10079089551446 0.40625 15
0.15683369416761 0.10079089551446 0.4375 15
0.15683369416761 0.10079089551446 0.46875 15
0.14089331325075 0.12208475140693 0.03125 15
0.14089331325075 0.12208475140693 0.0625 15
0.14089331325075 0.12208475140693 0.09375 15
0.14089331325075 0.12208475140693 0.125 15
0.14089331325075 0.12208475140693 0.15625 15
0.14089331325075 0.12208475140693 0.1875 15
0.14089331325075 0.12208475140693 0.21875 15
0.14089331325075 0.12208475140693 0.25 15
0.14089331325075 0.12208475140693 0.28125 15
0.14089331325075 0.12208475140693 0.3125 15
0.14089331325075 0.12208475140693 0.34375 15
0.14089331325075 0.12208475140693 0.375 15
0.14089331325075 0.12208475140693 0.40625 15
0.14089331325075 0.12208475140693 0.4375 15
0.14089331325075 0.12208475140693 0.46875 15
0.1220847508309 0.14089331374989 0.03125 15
0.1220847508309 0.14089331374989 0.0625 15
0.1220847508309 0.14089331374989 0.09375 15
0.1220847508309 0.14089331374989 0.125 15
0.1220847508309 0.14089331374989 0.15625 15
0.1220847508309 0.14089331374989 0.1875 15
0.1220847508309 0.14089331374989 0.21875 15
0.1220847508309 0.14089331374989 0.25 15
0.1220847508309 0.14089331374989 0.28125 15
0.1220847508309 0.14089331374989 0.3125 15
0.1220847508309 0.14089331374989 0.34375 15
0.1220847508309 0.14089331374989 0.375 15
0.1220847508309 0.14089331374989 0.40625 15
0.1220847508309 0.14089331374989 0.4375 15
0.1220847508309 0.14089331374989 0.46875 15
0.10079089500078 0.15683369449773 0.03125 15
0.10079089500078 0.15683369449773 0.0625 15
0.10079089500078 0.15683369449773 0.09375 15
0.10079089500078 0.15683369449773 0.125 15
0.10079089500078 0.15683369449773 0.15625 15
0.10079089500078 0.15683369449773 0.1875 15
0.10079089500078 0.15683369449773 0.21875 15
0.10079089500078 0.15683369449773 0.25 15
0.10079089500078 0.15683369449773 0.28125 15
0.10079089500078 0.15683369449773 0.3125 15
0.10079089500078 0.15683369449773 0.34375 15
0.10079089500078 0.15683369449773 0.375 15
0.10079089500078 0.15683369449773 0.40625 15
0.10079089500078 0.15683369449773 0.4375 15
0.10079089500078 0.15683369449773 0.46875 15
0.077445227200387 0.16958139352165 0.03125 15
0.077445227200387 0.16958139352165 0.0625 15
0.077445227200387 0.16958139352165 0.09375 15
0.077445227200387 0.16958139352165 0.125 15
0.077445227200387 0.16958139352165 0.15625 15
0.077445227200387 0.16958139352165 0.1875 15
0.077445227200387 0.16958139352165 0.21875 15
0.077445227200387 0.16958139352165 0.25 15
0.077445227200387 0.16958139352165 0.28125 15
0.077445227200387 0.16958139352165 0.3125 15
0.077445227200387 0.16958139352165 0.34375 15
0.077445227200387 0.16958139352165 0.375 15
0.077445227200387 0.16958139352165 0.40625 15
0.077445227200387 0.16958139352165 0.4375 15
0.077445227200387 0.16958139352165 0.46875 15
0.052522997934188 0.17887690441438 0.03125 15
0.052522997934188 0.17887690441438 0.0625 15
0.052522997934188 0.17887690441438 0.09375 15
0.052522997934188 0.17887690441438 0.125 15
0.052522997934188 0.17887690441438 0.15625 15
0.052522997934188 0.17887690441438 0.1875 15
0.052522997934188 0.17887690441438 0.21875 15
0.052522997934188 0.17887690441438 0.25 15
0.052522997934188 0.17887690441438 0.28125 15
0.052522997934188 0.17887690441438 0.3125 15
0.052522997934188 0.17887690441438 0.34375 15
0.052522997934188 0.17887690441438 0.375 15
0.052522997934188 0.17887690441438 0.40625 15
0.052522997934188 0.17887690441438 0.4375 15
0.052522997934188 0.17887690441438 0.46875 15
0.026531551908788 0.18453099739116 0.03125 15
0.026531551908788 0.18453099739116 0.0625 15
0.026531551908788 0.18453099739116 0.09375 15
0.026531551908788 0.18453099739116 0.125 15
0.026531551908788 0.18453099739116 0.15625 15
0.026531551908788 0.18453099739116 0.1875 15
0.026531551908788 0.18453099739116 0.21875 15
0.026531551908788 0.18453099739116 0.25 15
0.026531551908788 0.18453099739116 0.28125 15
0.026531551908788 0.18453099739116 0.3125 15
0.026531551908788 0.18453099739116 0.34375 15
0.026531551908788 0.18453099739116 0.375 15
0.026531551908788 0.18453099739116 0.40625 15
0.026531551908788 0.18453099739116 0.4375 15
0.026531551908788 0.18453099739116 0.46875 15
0.19867130368247 0.028564621175291 0.03125 15
0.19867130368247 0.028564621175291 0.0625 15
0.19867130368247 0.028564621175291 0.09375 15
0.19867130368247 0.028564621175291 0.125 15
0.19867130368247 0.028564621175291 0.15625 15
0.19867130368247 0.028564621175291 0.1875 15
0.19867130368247 0.028564621175291 0.21875 15
0.19867130368247 0.028564621175291 0.25 15
0.19867130368247 0.028564621175291 0.28125 15
0.19867130368247 0.028564621175291 0.3125 15
0.19867130368247 0.028564621175291 0.34375 15
0.19867130368247 0.028564621175291 0.375 15
0.19867130368247 0.028564621175291 0.40625 15
0.19867130368247 0.028564621175291 0.4375 15
0.19867130368247 0.028564621175291 0.46875 15
0.19258394680489 0.05654774905182 0.03125 15
0.19258394680489 0.05654774905182 0.0625 15
0.19258394680489 0.05654774905182 0.09375 15
0.19258394680489 0.05654774905182 0.125 15
0.19258394680489 0.05654774905182 0.15625 15
0.19258394680489 0.05654774905182 0.1875 15
0.19258394680489 0.05654774905182 0.21875 15
0.19258394680489 0.05654774905182 0.25 15
0.19258394680489 0.05654774905182 0.28125 15
0.19258394680489 0.05654774905182 0.3125 15
0.19258394680489 0.05654774905182 0.34375 15
0.19258394680489 0.05654774905182 0.375 15
0.19258394680489 0.05654774905182 0.40625 15
0.19258394680489 0.05654774905182 0.4375 15
0.19258394680489 0.05654774905182 0.46875 15
0.18257613610831 0.083379727833199 0.03125 15
0.18257613610831 0.083379727833199 0.0625 15
0.18257613610831 0.083379727833199 0.09375 15
0.18257613610831 0.083379727833199 0.125 15
0.18257613610831 0.083379727833199 0.15625 15
0.18257613610831 0.083379727833199 0.1875 15
0.18257613610831 0.083379727833199 0.21875 15
0.18257613610831 0.083379727833199 0.25 15
0.18257613610831 0.083379727833199 0.28125 15
0.18257613610831 0.083379727833199 0.3125 15
0.18257613610831 0.083379727833199 0.34375 15
0.18257613610831 0.083379727833199 0.375 15
0.18257613610831 0.083379727833199 0.40625 15
0.18257613610831 0.083379727833199 0.4375 15
0.18257613610831 0.083379727833199 0.46875 15
0.16885160176548 0.10851433578569 0.03125 15
0.16885160176548 0.10851433578569 0.0625 15
0.16885160176548 0.10851433578569 0.09375 15
0.16885160176548 0.10851433578569 0.125 15
0.16885160176548 0.10851433578569 0.15625 15
0.16885160176548 0.10851433578569 0.1875 15
0.16885160176548 0.10851433578569 0.21875 15
0.16885160176548 0.10851433578569 0.25 15
0.16885160176548 0.10851433578569 0.28125 15
0.16885160176548 0.10851433578569 0.3125 15
0.16885160176548 0.10851433578569 0.34375 15
0.16885160176548 0.10851433578569 0.375 15
0.16885160176548 0.10851433578569 0.40625 15
0.16885160176548 0.10851433578569 0.4375 15
0.16885160176548 0.10851433578569 0.46875 15
0.15168973572114 0.13143990477259 0.03125 15
0.15168973572114 0.13143990477259 0.0625 15
0.15168973572114 0.13143990477259 0.09375 15
0.15168973572114 0.13143990477259 0.125 15
0.15168973572114 0.13143990477259 0.15625 15
0.15168973572114 0.13143990477259 0.1875 15
0.15168973572114 0.13143990477259 0.21875 15
0.15168973572114 0.13143990477259 0.25 15
0.15168973572114 0.13143990477259 0.28125 15
0.15168973572114 0.13143990477259 0.3125 15
0.15168973572114 0.13143990477259 0.34375 15
0.15168973572114 0.13143990477259 0.375 15
0.15168973572114 0.13143990477259 0.40625 15
0.15168973572114 0.13143990477259 0.4375 15
0.15168973572114 0.13143990477259 0.46875 15
0.13143990415222 0.1516897362587 0.03125 15
0.13143990415222 0.1516897362587 0.0625 15
0.13143990415222 0.1516897362587 0.09375 15
0.13143990415222 0.1516897362587 0.125 15
0.13143990415222 0.1516897362587 0.15625 15
0.13143990415222 0.1516897362587 0.1875 15
0.13143990415222 0.1516897362587 0.21875 15
0.13143990415222 0.1516897362587 0.25 15
0.13143990415222 0.1516897362587 0.28125 15
0.13143990415222 0.1516897362587 0.3125 15
0.13143990415222 0.1516897362587 0.34375 15
0.13143990415222 0.1516897362587 0.375 15
0.13143990415222 0.1516897362587 0.40625 15
0.13143990415222 0.1516897362587 0.4375 15
0.13143990415222 0.1516897362587 0.46875 15
0.10851433523194 0.16885160212135 0.03125 15
0.10851433523194 0.16885160212135 0.0625 15
0.10851433523194 0.16885160212135 0.09375 15
0.10851433523194 0.16885160212135 0.125 15
0.10851433523194 0.16885160212135 0.15625 15
0.10851433523194 0.16885160212135 0.1875 15
0.10851433523194 0.16885160212135 0.21875 15
0.10851433523194 0.16885160212135 0.25 15
0.10851433523194 0.16885160212135 0.28125 15
0.10851433523194 0.16885160212135 0.3125 15
0.10851433523194 0.16885160212135 0.34375 15
0.10851433523194 0.16885160212135 0.375 15
0.10851433523194 0.16885160212135 0.40625 15
0.10851433523194 0.16885160212135 0.4375 15
0.10851433523194 0.16885160212135 0.46875 15
0.083379727370324 0.1825761363197 0.03125 15
0.083379727370324 0.1825761363197 0.0625 15
0.083379727370324 0.1825761363197 0.09375 15
0.083379727370324 0.1825761363197 0.125 15
0.083379727370324 0.1825761363197 0.15625 15
0.083379727370324 0.1825761363197 0.1875 15
0.083379727370324 0.1825761363197 0.21875 15
0.083379727370324 0.1825761363197 0.25 15
0.083379727370324 0.1825761363197 0.28125 15
0.083379727370324 0.1825761363197 0.3125 15
0.083379727370324 0.1825761363197 0.34375 15
0.083379727370324 0.1825761363197 0.375 15
0.083379727370324 0.1825761363197 0.40625 15
0.083379727370324 0.1825761363197 0.4375 15
0.083379727370324 0.1825761363197 0.46875 15
0.056547748735395 0.19258394689781 0.03125 15
0.056547748735395 0.19258394689781 0.0625 15
0.056547748735395 0.19258394689781 0.09375 15
0.056547748735395 0.19258394689781 0.125 15
0.056547748735395 0.19258394689781 0.15625 15
0.056547748735395 0.19258394689781 0.1875 15
0.056547748735395 0.19258394689781 0.21875 15
0.056547748735395 0.19258394689781 0.25 15
0.056547748735395 0.19258394689781 0.28125 15
0.056547748735395 0.19258394689781 0.3125 15
0.056547748735395 0.19258394689781 0.34375 15
0.056547748735395 0.19258394689781 0.375 15
0.056547748735395 0.19258394689781 0.40625 15
0.056547748735395 0.19258394689781 0.4375 15
0.056547748735395 0.19258394689781 0.46875 15
0.028564621021347 0.1986713037046 0.03125 15
0.028564621021347 0.1986713037046 0.0625 15
0.028564621021347 0.1986713037046 0.09375 15
0.028564621021347 0.1986713037046 0.125 15
0.028564621021347 0.1986713037046 0.15625 15
0.028564621021347 0.1986713037046 0.1875 15
0.028564621021347 0.1986713037046 0.21875 15
0.028564621021347 0.1986713037046 0.25 15
0.028564621021347 0.1986713037046 0.28125 15
0.028564621021347 0.1986713037046 0.3125 15
0.028564621021347 0.1986713037046 0.34375 15
0.028564621021347 0.1986713037046 0.375 15
0.028564621021347 0.1986713037046 0.40625 15
0.028564621021347 0.1986713037046 0.4375 15
0.028564621021347 0.1986713037046 0.46875 15
-0.018399275559728 0.1279697721231 0.03125 15
-0.018399275559728 0.1279697721231 0.0625 15
-0.018399275559728 0.1279697721231 0.09375 15
-0.018399275559728 0.1279697721231 0.125 15
-0.018399275559728 0.1279697721231 0.15625 15
-0.018399275559728 0.1279697721231 0.1875 15
-0.018399275559728 0.1279697721231 0.21875 15
-0.018399275559728 0.1279697721231 0.25 15
-0.018399275559728 0.1279697721231 0.28125 15
-0.018399275559728 0.1279697721231 0.3125 15
-0.018399275559728 0.1279697721231 0.34375 15
-0.018399275559728 0.1279697721231 0.375 15
-0.018399275559728 0.1279697721231 0.40625 15
-0.018399275559728 0.1279697721231 0.4375 15
-0.018399275559728 0.1279697721231 0.46875 15
-0.036423994939412 0.12404873441924 0.03125 15
-0.036423994939412 0.12404873441924 0.0625 15
-0.036423994939412 0.12404873441924 0.09375 15
-0.036423994939412 0.12404873441924 0.125 15
-0.036423994939412 0.12404873441924 0.15625 15
-0.036423994939412 0.12404873441924 0.1875 15
-0.036423994939412 0.12404873441924 0.21875 15
-0.036423994939412 0.12404873441924 0.25 15
-0.036423994939412 0.12404873441924 0.28125 15
-0.036423994939412 0.12404873441924 0.3125 15
-0.036423994939412 0.12404873441924 0.34375 15
-0.036423994939412 0.12404873441924 0.375 15
-0.036423994939412 0.12404873441924 0.40625 15
-0.036423994939412 0.12404873441924 0.4375 15
-0.036423994939412 0.12404873441924 0.46875 15
-0.053707226823105 0.1176024221916 0.03125 15
-0.053707226823105 0.1176024221916 0.0625 15
-0.053707226823105 0.1176024221916 0.09375 15
-0.053707226823105 0.1176024221916 0.125 15
-0.053707226823105 0.1176024221916 0.15625 15
-0.053707226823105 0.1176024221916 0.1875 15
-0.053707226823105 0.1176024221916 0.21875 15
-0.053707226823105 0.1176024221916 0.25 15
-0.053707226823105 0.1176024221916 0.28125 15
-0.053707226823105 0.1176024221916 0.3125 15
-0.053707226823105 0.1176024221916 0.34375 15
-0.053707226823105 0.1176024221916 0.375 15
-0.053707226823105 0.1176024221916 0.40625 15
-0.053707226823105 0.1176024221916 0.4375 15
-0.053707226823105 0.1176024221916 0.46875 15
-0.069897134429651 0.10876206377632 0.03125 15
-0.069897134429651 0.10876206377632 0.0625 15
-0.069897134429651 0.10876206377632 0.09375 15
-0.069897134429651 0.10876206377632 0.125 15
-0.069897134429651 0.10876206377632 0.15625 15
-0.069897134429651 0.10876206377632 0.1875 15
-0.069897134429651 0.10876206377632 0.21875 15
-0.069897134429651 0.10876206377632 0.25 15
-0.069897134429651 0.10876206377632 0.28125 15
-0.069897134429651 0.10876206377632 0.3125 15
-0.069897134429651 0.10876206377632 0.34375 15
-0.069897134429651 0.10876206377632 0.375 15
-0.069897134429651 0.10876206377632 0.40625 15
-0.069897134429651 0.10876206377632 0.4375 15
-0.069897134429651 0.10876206377632 0.46875 15
-0.084664137944425 0.097707623369356 0.03125 15
-0.084664137944425 0.097707623369356 0.0625 15
-0.084664137944425 0.097707623369356 0.09375 15
-0.084664137944425 0.097707623369356 0.125 15
-0.084664137944425 0.097707623369356 0.15625 15
-0.084664137944425 0.097707623369356 0.1875 15
-0.084664137944425 0.097707623369356 0.21875 15
-0.084664137944425 0.097707623369356 0.25 15
-0.084664137944425 0.097707623369356 0.28125 15
-0.084664137944425 0.097707623369356 0.3125 15
-0.084664137944425 0.097707623369356 0.34375 15
-0.084664137944425 0.097707623369356 0.375 15
-0.084664137944425 0.097707623369356 0.40625 15
-0.084664137944425 0.097707623369356 0.4375 15
-0.084664137944425 0.097707623369356 0.46875 15
-0.097707623714805 0.084664137545756 0.03125 15
-0.097707623714805 0.084664137545756 0.0625 15
-0.097707623714805 0.084664137545756 0.09375 15
-0.097707623714805 0.084664137545756 0.125 15
-0.097707623714805 0.084664137545756 0.15625 15
-0.097707623714805 0.084664137545756 0.1875 15
-0.097707623714805 0.084664137545756 0.21875 15
-0.097707623714805 0.084664137545756 0.25 15
-0.097707623714805 0.084664137545756 0.28125 15
-0.097707623714805 0.084664137545756 0.3125 15
-0.097707623714805 0.084664137545756 0.34375 15
-0.097707623714805 0.084664137545756 0.375 15
-0.097707623714805 0.084664137545756 0.40625 15
-0.097707623714805 0.084664137545756 0.4375 15
-0.097707623714805 0.084664137545756 0.46875 15
-0.10876206400345 0.069897134076233 0.03125 15
-0.10876206400345 0.069897134076233 0.0625 15
-0.10876206400345 0.069897134076233 0.09375 15
-0.10876206400345 0.069897134076233 0.125 15
-0.10876206400345 0.069897134076233 0.15625 15
-0.10876206400345 0.069897134076233 0.1875 15
-0.10876206400345 0.069897134076233 0.21875 15
-0.10876206400345 0.069897134076233 0.25 15
-0.10876206400345 0.069897134076233 0.28125 15
-0.10876206400345 0.069897134076233 0.3125 15
-0.10876206400345 0.069897134076233 0.34375 15
-0.10876206400345 0.069897134076233 0.375 15
-0.10876206400345 0.069897134076233 0.40625 15
-0.10876206400345 0.069897134076233 0.4375 15
-0.10876206400345 0.069897134076233 0.46875 15
-0.11760242232969 0.05370722652073 0.03125 15
-0.11760242232969 0.05370722652073 0.0625 15
-0.11760242232969 0.05370722652073 0.09375 15
-0.11760242232969 0.05370722652073 0.125 15
-0.11760242232969 0.05370722652073 0.15625 15
-0.11760242232969 0.05370722652073 0.1875 15
-0.11760242232969 0.05370722652073 0.21875 15
-0.11760242232969 0.05370722652073 0.25 15
-0.11760242232969 0.05370722652073 0.28125 15
-0.11760242232969 0.05370722652073 0.3125 15
-0.11760242232969 0.05370722652073 0.34375 15
-0.11760242232969 0.05370722652073 0.375 15
-0.11760242232969 0.05370722652073 0.40625 15
-0.11760242232969 0.05370722652073 0.4375 15
-0.11760242232969 0.05370722652073 0.46875 15
-0.12404873448089 0.036423994729422 0.03125 15
-0.12404873448089 0.036423994729422 0.0625 15
-0.12404873448089 0.036423994729422 0.09375 15
-0.12404873448089 0.036423994729422 0.125 15
-0.12404873448089 0.036423994729422 0.15625 15
-0.12404873448089 0.036423994729422 0.1875 15
-0.12404873448089 0.036423994729422 0.21875 15
-0.12404873448089 0.036423994729422 0.25 15
-0.12404873448089 0.036423994729422 0.28125 15
-0.12404873448089 0.036423994729422 0.3125 15
-0.12404873448089 0.036423994729422 0.34375 15
-0.12404873448089 0.036423994729422 0.375 15
-0.12404873448089 0.036423994729422 0.40625 15
-0.12404873448089 0.036423994729422 0.4375 15
-0.12404873448089 0.036423994729422 0.46875 15
-0.12796977213764 0.018399275458588 0.03125 15
-0.12796977213764 0.018399275458588 0.0625 15
-0.12796977213764 0.018399275458588 0.09375 15
-0.12796977213764 0.018399275458588 0.125 15
-0.12796977213764 0.018399275458588 0.15625 15
-0.12796977213764 0.018399275458588 0.1875 15
-0.12796977213764 0.018399275458588 0.21875 15
-0.12796977213764 0.018399275458588 0.25 15
-0.12796977213764 0.018399275458588 0.28125 15
-0.12796977213764 0.018399275458588 0.3125 15
-0.12796977213764 0.018399275458588 0.34375 15
-0.12796977213764 0.018399275458588 0.375 15
-0.12796977213764 0.018399275458588 0.40625 15
-0.12796977213764 0.018399275458588 0.4375 15
-0.12796977213764 0.018399275458588 0.46875 15
-0.020432344682835 0.14211007843493 0.03125 15
-0.020432344682835 0.14211007843493 0.0625 15
-0.020432344682835 0.14211007843493 0.09375 15
-0.020432344682835 0.14211007843493 0.125 15
-0.020432344682835 0.14211007843493 0.15625 15
-0.020432344682835 0.14211007843493 0.1875 15
-0.020432344682835 0.14211007843493 0.21875 15
-0.020432344682835 0.14211007843493 0.25 15
-0.020432344682835 0.14211007843493 0.28125 15
-0.020432344682835 0.14211007843493 0.3125 15
-0.020432344682835 0.14211007843493 0.34375 15
-0.020432344682835 0.14211007843493 0.375 15
-0.020432344682835 0.14211007843493 0.40625 15
-0.020432344682835 0.14211007843493 0.4375 15
-0.020432344682835 0.14211007843493 0.46875 15
-0.040448745761883 0.13775577689633 0.03125 15
-0.040448745761883 0.13775577689633 0.0625 15
-0.040448745761883 0.13775577689633 0.09375 15
-0.040448745761883 0.13775577689633 0.125 15
-0.040448745761883 0.13775577689633 0.15625 15
-0.040448745761883 0.13775577689633 0.1875 15
-0.040448745761883 0.13775577689633 0.21875 15
-0.040448745761883 0.13775577689633 0.25 15
-0.040448745761883 0.13775577689633 0.28125 15
-0.040448745761883 0.13775577689633 0.3125 15
-0.040448745761883 0.13775577689633 0.34375 15
-0.040448745761883 0.13775577689633 0.375 15
-0.040448745761883 0.13775577689633 0.40625 15
-0.040448745761883 0.13775577689633 0.4375 15
-0.040448745761883 0.13775577689633 0.46875 15
-0.059641727025108 0.13059716497491 0.03125 15
-0.059641727025108 0.13059716497491 0.0625 15
-0.059641727025108 0.13059716497491 0.09375 15
-0.059641727025108 0.13059716497491 0.125 15
-0.059641727025108 0.13059716497491 0.15625 15
-0.059641727025108 0.13059716497491 0.1875 15
-0.059641727025108 0.13059716497491 0.21875 15
-0.059641727025108 0.13059716497491 0.25 15
-0.059641727025108 0.13059716497491 0.28125 15
-0.059641727025108 0.13059716497491 0.3125 15
-0.059641727025108 0.13059716497491 0.34375 15
-0.059641727025108 0.13059716497491 0.375 15
-0.059641727025108 0.13059716497491 0.40625 15
-0.059641727025108 0.13059716497491 0.4375 15
-0.059641727025108 0.13059716497491 0.46875 15
-0.077620574700838 0.12077997137412 0.03125 15
-0.077620574700838 0.12077997137412 0.0625 15
-0.077620574700838 0.12077997137412 0.09375 15
-0.077620574700838 0.12077997137412 0.125 15
-0.077620574700838 0.12077997137412 0.15625 15
-0.077620574700838 0.12077997137412 0.1875 15
-0.077620574700838 0.12077997137412 0.21875 15
-0.077620574700838 0.12077997137412 0.25 15
-0.077620574700838 0.12077997137412 0.28125 15
-0.077620574700838 0.12077997137412 0.3125 15
-0.077620574700838 0.12077997137412 0.34375 15
-0.077620574700838 0.12077997137412 0.375 15
-0.077620574700838 0.12077997137412 0.40625 15
-0.077620574700838 0.12077997137412 0.4375 15
-0.077620574700838 0.12077997137412 0.46875 15
-0.094019291310033 0.10850404583968 0.03125 15
-0.094019291310033 0.10850404583968 0.0625 15
-0.094019291310033 0.10850404583968 0.09375 15
-0.094019291310033 0.10850404583968 0.125 15
-0.094019291310033 0.10850404583968 0.15625 15
-0.094019291310033 0.10850404583968 0.1875 15
-0.094019291310033 0.10850404583968 0.21875 15
-0.094019291310033 0.10850404583968 0.25 15
-0.094019291310033 0.10850404583968 0.28125 15
-0.094019291310033 0.10850404583968 0.3125 15
-0.094019291310033 0.10850404583968 0.34375 15
-0.094019291310033 0.10850404583968 0.375 15
-0.094019291310033 0.10850404583968 0.40625 15
-0.094019291310033 0.10850404583968 0.4375 15
-0.094019291310033 0.10850404583968 0.46875 15
-0.10850404622355 0.094019290867023 0.03125 15
-0.10850404622355 0.094019290867023 0.0625 15
-0.10850404622355 0.094019290867023 0.09375 15
-0.10850404622355 0.094019290867023 0.125 15
-0.10850404622355 0.094019290867023 0.15625 15
-0.10850404622355 0.094019290867023 0.1875 15
-0.10850404622355 0.094019290867023 0.21875 15
-0.10850404622355 0.094019290867023 0.25 15
-0.10850404622355 0.094019290867023 0.28125 15
-0.10850404622355 0.094019290867023 0.3125 15
-0.10850404622355 0.094019290867023 0.34375 15
-0.10850404622355 0.094019290867023 0.375 15
-0.10850404622355 0.094019290867023 0.40625 15
-0.10850404622355 0.094019290867023 0.4375 15
-0.10850404622355 0.094019290867023 0.46875 15
-0.12077997162699 0.077620574307354 0.03125 15
-0.12077997162699 0.077620574307354 0.0625 15
-0.12077997162699 0.077620574307354 0.09375 15
-0.12077997162699 0.077620574307354 0.125 15
-0.12077997162699 0.077620574307354 0.15625 15
-0.12077997162699 0.077620574307354 0.1875 15
-0.12077997162699 0.077620574307354 0.21875 15
-0.12077997162699 0.077620574307354 0.25 15
-0.12077997162699 0.077620574307354 0.28125 15
-0.12077997162699 0.077620574307354 0.3125 15
-0.12077997162699 0.077620574307354 0.34375 15
-0.12077997162699 0.077620574307354 0.375 15
-0.12077997162699 0.077620574307354 0.40625 15
-0.12077997162699 0.077620574307354 0.4375 15
-0.12077997162699 0.077620574307354 0.46875 15
-0.13059716512766 0.059641726690633 0.03125 15
-0.13059716512766 0.059641726690633 0.0625 15
-0.13059716512766 0.059641726690633 0.09375 15
-0.13059716512766 0.059641726690633 0.125 15
-0.13059716512766 0.059641726690633 0.15625 15
-0.13059716512766 0.059641726690633 0.1875 15
-0.13059716512766 0.059641726690633 0.21875 15
-0.13059716512766 0.059641726690633 0.25 15
-0.13059716512766 0.059641726690633 0.28125 15
-0.13059716512766 0.059641726690633 0.3125 15
-0.13059716512766 0.059641726690633 0.34375 15
-0.13059716512766 0.059641726690633 0.375 15
-0.13059716512766 0.059641726690633 0.40625 15
-0.13059716512766 0.059641726690633 0.4375 15
-0.13059716512766 0.059641726690633 0.46875 15
-0.13775577696424 0.040448745530606 0.03125 15
-0.13775577696424 0.040448745530606 0.0625 15
-0.13775577696424 0.040448745530606 0.09375 15
-0.13775577696424 0.040448745530606 0.125 15
-0.13775577696424 0.040448745530606 0.15625 15
-0.13775577696424 0.040448745530606 0.1875 15
-0.13775577696424 0.040448745530606 0.21875 15
-0.13775577696424 0.040448745530606 0.25 15
-0.13775577696424 0.040448745530606 0.28125 15
-0.13775577696424 0.040448745530606 0.3125 15
-0.13775577696424 0.040448745530606 0.34375 15
-0.13775577696424 0.040448745530606 0.375 15
-0.13775577696424 0.040448745530606 0.40625 15
-0.13775577696424 0.040448745530606 0.4375 15
-0.13775577696424 0.040448745530606 0.46875 15
-0.14211007845099 0.020432344571134 0.03125 15
-0.14211007845099 0.020432344571134 0.0625 15
-0.14211007845099 0.020432344571134 0.09375 15
-0.14211007845099 0.020432344571134 0.125 15
-0.14211007845099 0.020432344571134 0.15625 15
-0.14211007845099 0.020432344571134 0.1875 15
-0.14211007845099 0.020432344571134 0.21875 15
-0.14211007845099 0.020432344571134 0.25 15
-0.14211007845099 0.020432344571134 0.28125 15
-0.14211007845099 0.020432344571134 0.3125 15
-0.14211007845099 0.020432344571134 0.34375 15
-0.14211007845099 0.020432344571134 0.375 15
-0.14211007845099 0.020432344571134 0.40625 15
-0.14211007845099 0.020432344571134 0.4375 15
-0.14211007845099 0.020432344571134 0.46875 15
-0.022465413805942 0.15625038474677 0.03125 15
-0.022465413805942 0.15625038474677 0.0625 15
-0.022465413805942 0.15625038474677 0.09375 15
-0.022465413805942 0.15625038474677 0.125 15
-0.022465413805942 0.15625038474677 0.15625 15
-0.022465413805942 0.15625038474677 0.1875 15
-0.022465413805942 0.15625038474677 0.21875 15
-0.022465413805942 0.15625038474677 0.25 15
-0.022465413805942 0.15625038474677 0.28125 15
-0.022465413805942 0.15625038474677 0.3125 15
-0.022465413805942 0.15625038474677 0.34375 15
-0.022465413805942 0.15625038474677 0.375 15
-0.022465413805942 0.15625038474677 0.40625 15
-0.022465413805942 0.15625038474677 0.4375 15
-0.022465413805942 0.15625038474677 0.46875 15
-0.044473496584353 0.15146281937342 0.03125 15
-0.044473496584353 0.15146281937342 0.0625 15
-0.044473496584353 0.15146281937342 0.09375 15
-0.044473496584353 0.15146281937342 0.125 15
-0.044473496584353 0.15146281937342 0.15625 15
-0.044473496584353 0.15146281937342 0.1875 15
-0.044473496584353 0.15146281937342 0.21875 15
-0.044473496584353 0.15146281937342 0.25 15
-0.044473496584353 0.15146281937342 0.28125 15
-0.044473496584353 0.15146281937342 0.3125 15
-0.044473496584353 0.15146281937342 0.34375 15
-0.044473496584353 0.15146281937342 0.375 15
-0.044473496584353 0.15146281937342 0.40625 15
-0.044473496584353 0.15146281937342 0.4375 15
-0.044473496584353 0.15146281937342 0.46875 15
-0.06557622722711 0.14359190775821 0.03125 15
-0.06557622722711 0.14359190775821 0.0625 15
-0.06557622722711 0.14359190775821 0.09375 15
-0.06557622722711 0.14359190775821 0.125 15
-0.06557622722711 0.14359190775821 0.15625 15
-0.06557622722711 0.14359190775821 0.1875 15
-0.06557622722711 0.14359190775821 0.21875 15
-0.06557622722711 0.14359190775821 0.25 15
-0.06557622722711 0.14359190775821 0.28125 15
-0.06557622722711 0.14359190775821 0.3125 15
-0.06557622722711 0.14359190775821 0.34375 15
-0.06557622722711 0.14359190775821 0.375 15
-0.06557622722711 0.14359190775821 0.40625 15
-0.06557622722711 0.14359190775821 0.4375 15
-0.06557622722711 0.14359190775821 0.46875 15
-0.085344014972024 0.13279787897192 0.03125 15
-0.085344014972024 0.13279787897192 0.0625 15
-0.085344014972024 0.13279787897192 0.09375 15
-0.085344014972024 0.13279787897192 0.125 15
-0.085344014972024 0.13279787897192 0.15625 15
-0.085344014972024 0.13279787897192 0.1875 15
-0.085344014972024 0.13279787897192 0.21875 15
-0.085344014972024 0.13279787897192 0.25 15
-0.085344014972024 0.13279787897192 0.28125 15
-0.085344014972024 0.13279787897192 0.3125 15
-0.085344014972024 0.13279787897192 0.34375 15
-0.085344014972024 0.13279787897192 0.375 15
-0.085344014972024 0.13279787897192 0.40625 15
-0.085344014972024 0.13279787897192 0.4375 15
-0.085344014972024 0.13279787897192 0.46875 15
-0.10337444467564 0.11930046831001 0.03125 15
-0.10337444467564 0.11930046831001 0.0625 15
-0.10337444467564 0.11930046831001 0.09375 15
-0.10337444467564 0.11930046831001 0.125 15
-0.10337444467564 0.11930046831001 0.15625 15
-0.10337444467564 0.11930046831001 0.1875 15
-0.10337444467564 0.11930046831001 0.21875 15
-0.10337444467564 0.11930046831001 0.25 15
-0.10337444467564 0.11930046831001 0.28125 15
-0.10337444467564 0.11930046831001 0.3125 15
-0.10337444467564 0.11930046831001 0.34375 15
-0.10337444467564 0.11930046831001 0.375 15
-0.10337444467564 0.11930046831001 0.40625 15
-0.10337444467564 0.11930046831001 0.4375 15
-0.10337444467564 0.11930046831001 0.46875 15
-0.1193004687323 0.10337444418829 0.03125 15
-0.1193004687323 0.10337444418829 0.0625 15
-0.1193004687323 0.10337444418829 0.09375 15
-0.1193004687323 0.10337444418829 0.125 15
-0.1193004687323 0.10337444418829 0.15625 15
-0.1193004687323 0.10337444418829 0.1875 15
-0.1193004687323 0.10337444418829 0.21875 15
-0.1193004687323 0.10337444418829 0.25 15
-0.1193004687323 0.10337444418829 0.28125 15
-0.1193004687323 0.10337444418829 0.3125 15
-0.1193004687323 0.10337444418829 0.34375 15
-0.1193004687323 0.10337444418829 0.375 15
-0.1193004687323 0.10337444418829 0.40625 15
-0.1193004687323 0.10337444418829 0.4375 15
-0.1193004687323 0.10337444418829 0.46875 15
-0.13279787925054 0.085344014538475 0.03125 15
-0.13279787925054 0.085344014538475 0.0625 15
-0.13279787925054 0.085344014538475 0.09375 15
-0.13279787925054 0.085344014538475 0.125 15
-0.13279787925054 0.085344014538475 0.15625 15
-0.13279787925054 0.085344014538475 0.1875 15
-0.13279787925054 0.085344014538475 0.21875 15
-0.13279787925054 0.085344014538475 0.25 15
-0.13279787925054 0.085344014538475 0.28125 15
-0.13279787925054 0.085344014538475 0.3125 15
-0.13279787925054 0.085344014538475 0.34375 15
-0.13279787925054 0.085344014538475 0.375 15
-0.13279787925054 0.085344014538475 0.40625 15
-0.13279787925054 0.085344014538475 0.4375 15
-0.13279787925054 0.085344014538475 0.46875 15
-0.14359190792562 0.065576226860536 0.03125 15
-0.14359190792562 0.065576226860536 0.0625 15
-0.14359190792562 0.065576226860536 0.09375 15
-0.14359190792562 0.065576226860536 0.125 15
-0.14359190792562 0.065576226860536 0.15625 15
-0.14359190792562 0.065576226860536 0.1875 15
-0.14359190792562 0.065576226860536 0.21875 15
-0.14359190792562 0.065576226860536 0.25 15
-0.14359190792562 0.065576226860536 0.28125 15
-0.14359190792562 0.065576226860536 0.3125 15
-0.14359190792562 0.065576226860536 0.34375 15
-0.14359190792562 0.065576226860536 0.375 15
-0.14359190792562 0.065576226860536 0.40625 15
-0.14359190792562 0.065576226860536 0.4375 15
-0.14359190792562 0.065576226860536 0.46875 15
-0.15146281944758 0.04447349633179 0.03125 15
-0.15146281944758 0.04447349633179 0.0625 15
-0.15146281944758 0.04447349633179 0.09375 15
-0.15146281944758 0.04447349633179 0.125 15
-0.15146281944758 0.04447349633179 0.15625 15
-0.15146281944758 0.04447349633179 0.1875 15
-0.15146281944758 0.04447349633179 0.21875 15
-0.15146281944758 0.04447349633179 0.25 15
-0.15146281944758 0.04447349633179 0.28125 15
-0.15146281944758 0.04447349633179 0.3125 15
-0.15146281944758 0.04447349633179 0.34375 15
-0.15146281944758 0.04447349633179 0.375 15
-0.15146281944758 0.04447349633179 0.40625 15
-0.15146281944758 0.04447349633179 0.4375 15
-0.15146281944758 0.04447349633179 0.46875 15
-0.15625038476435 0.02246541368368 0.03125 15
-0.15625038476435 0.02246541368368 0.0625 15
-0.15625038476435 0.02246541368368 0.09375 15
-0.15625038476435 0.02246541368368 0.125 15
-0.15625038476435 0.02246541368368 0.15625 15
-0.15625038476435 0.02246541368368 0.1875 15
-0.15625038476435 0.02246541368368 0.21875 15
-0.15625038476435 0.02246541368368 0.25 15
-0.15625038476435 0.02246541368368 0.28125 15
-0.15625038476435 0.02246541368368 0.3125 15
-0.15625038476435 0.02246541368368 0.34375 15
-0.15625038476435 0.02246541368368 0.375 15
-0.15625038476435 0.02246541368368 0.40625 15
-0.15625038476435 0.02246541368368 0.4375 15
-0.15625038476435 0.02246541368368 0.46875 15
-0.024498482929055 0.17039069105864 0.03125 15
-0.024498482929055 0.17039069105864 0.0625 15
-0.024498482929055 0.17039069105864 0.09375 15
-0.024498482929055 0.17039069105864 0.125 15
-0.024498482929055 0.17039069105864 0.15625 15
-0.024498482929055 0.17039069105864 0.1875 15
-0.024498482929055 0.17039069105864 0.21875 15
-0.024498482929055 0.17039069105864 0.25 15
-0.024498482929055 0.17039069105864 0.28125 15
-0.024498482929055 0.17039069105864 0.3125 15
-0.024498482929055 0.17039069105864 0.34375 15
-0.024498482929055 0.17039069105864 0.375 15
-0.024498482929055 0.17039069105864 0.40625 15
-0.024498482929055 0.17039069105864 0.4375 15
-0.024498482929055 0.17039069105864 0.46875 15
-0.048498247406835 0.16516986185056 0.03125 15
-0.048498247406835 0.16516986185056 0.0625 15
-0.048498247406835 0.16516986185056 0.09375 15
-0.048498247406835 0.16516986185056 0.125 15
-0.048498247406835 0.16516986185056 0.15625 15
-0.048498247406835 0.16516986185056 0.1875 15
-0.048498247406835 0.16516986185056 0.21875 15
-0.048498247406835 0.16516986185056 0.25 15
-0.048498247406835 0.16516986185056 0.28125 15
-0.048498247406835 0.16516986185056 0.3125 15
-0.048498247406835 0.16516986185056 0.34375 15
-0.048498247406835 0.16516986185056 0.375 15
-0.048498247406835 0.16516986185056 0.40625 15
-0.048498247406835 0.16516986185056 0.4375 15
-0.048498247406835 0.16516986185056 0.46875 15
-0.071510727429129 0.15658665054156 0.03125 15
-0.071510727429129 0.15658665054156 0.0625 15
-0.071510727429129 0.15658665054156 0.09375 15
-0.071510727429129 0.15658665054156 0.125 15
-0.071510727429129 0.15658665054156 0.15625 15
-0.071510727429129 0.15658665054156 0.1875 15
-0.071510727429129 0.15658665054156 0.21875 15
-0.071510727429129 0.15658665054156 0.25 15
-0.071510727429129 0.15658665054156 0.28125 15
-0.071510727429129 0.15658665054156 0.3125 15
-0.071510727429129 0.15658665054156 0.34375 15
-0.071510727429129 0.15658665054156 0.375 15
-0.071510727429129 0.15658665054156 0.40625 15
-0.071510727429129 0.15658665054156 0.4375 15
-0.071510727429129 0.15658665054156 0.46875 15
-0.093067455243231 0.14481578656975 0.03125 15
-0.093067455243231 0.14481578656975 0.0625 15
-0.093067455243231 0.14481578656975 0.09375 15
-0.093067455243231 0.14481578656975 0.125 15
-0.093067455243231 0.14481578656975 0.15625 15
-0.093067455243231 0.14481578656975 0.1875 15
-0.093067455243231 0.14481578656975 0.21875 15
-0.093067455243231 0.14481578656975 0.25 15
-0.093067455243231 0.14481578656975 0.28125 15
-0.093067455243231 0.14481578656975 0.3125 15
-0.093067455243231 0.14481578656975 0.34375 15
-0.093067455243231 0.14481578656975 0.375 15
-0.093067455243231 0.14481578656975 0.40625 15
-0.093067455243231 0.14481578656975 0.4375 15
-0.093067455243231 0.14481578656975 0.46875 15
-0.11272959804127 0.13009689078037 0.03125 15
-0.11272959804127 0.13009689078037 0.0625 15
-0.11272959804127 0.13009689078037 0.09375 15
-0.11272959804127 0.13009689078037 0.125 15
-0.11272959804127 0.13009689078037 0.15625 15
-0.11272959804127 0.13009689078037 0.1875 15
-0.11272959804127 0.13009689078037 0.21875 15
-0.11272959804127 0.13009689078037 0.25 15
-0.11272959804127 0.13009689078037 0.28125 15
-0.11272959804127 0.13009689078037 0.3125 15
-0.11272959804127 0.13009689078037 0.34375 15
-0.11272959804127 0.13009689078037 0.375 15
-0.11272959804127 0.13009689078037 0.40625 15
-0.11272959804127 0.13009689078037 0.4375 15
-0.11272959804127 0.13009689078037 0.46875 15
-0.13009689124108 0.11272959750958 0.03125 15
-0.13009689124108 0.11272959750958 0.0625 15
-0.13009689124108 0.11272959750958 0.09375 15
-0.13009689124108 0.11272959750958 0.125 15
-0.13009689124108 0.11272959750958 0.15625 15
-0.13009689124108 0.11272959750958 0.1875 15
-0.13009689124108 0.11272959750958 0.21875 15
-0.13009689124108 0.11272959750958 0.25 15
-0.13009689124108 0.11272959750958 0.28125 15
-0.13009689124108 0.11272959750958 0.3125 15
-0.13009689124108 0.11272959750958 0.34375 15
-0.13009689124108 0.11272959750958 0.375 15
-0.13009689124108 0.11272959750958 0.40625 15
-0.13009689124108 0.11272959750958 0.4375 15
-0.13009689124108 0.11272959750958 0.46875 15
-0.14481578687412 0.093067454769616 0.03125 15
-0.14481578687412 0.093067454769616 0.0625 15
-0.14481578687412 0.093067454769616 0.09375 15
-0.14481578687412 0.093067454769616 0.125 15
-0.14481578687412 0.093067454769616 0.15625 15
-0.14481578687412 0.093067454769616 0.1875 15
-0.14481578687412 0.093067454769616 0.21875 15
-0.14481578687412 0.093067454769616 0.25 15
-0.14481578687412 0.093067454769616 0.28125 15
-0.14481578687412 0.093067454769616 0.3125 15
-0.14481578687412 0.093067454769616 0.34375 15
-0.14481578687412 0.093067454769616 0.375 15
-0.14481578687412 0.093067454769616 0.40625 15
-0.14481578687412 0.093067454769616 0.4375 15
-0.14481578687412 0.093067454769616 0.46875 15
-0.15658665072362 0.071510727030454 0.03125 15
-0.15658665072362 0.071510727030454 0.0625 15
-0.15658665072362 0.071510727030454 0.09375 15
-0.15658665072362 0.071510727030454 0.125 15
-0.15658665072362 0.071510727030454 0.15625 15
-0.15658665072362 0.071510727030454 0.1875 15
-0.15658665072362 0.071510727030454 0.21875 15
-0.15658665072362 0.071510727030454 0.25 15
-0.15658665072362 0.071510727030454 0.28125 15
-0.15658665072362 0.071510727030454 0.3125 15
-0.15658665072362 0.071510727030454 0.34375 15
-0.15658665072362 0.071510727030454 0.375 15
-0.15658665072362 0.071510727030454 0.40625 15
-0.15658665072362 0.071510727030454 0.4375 15
-0.15658665072362 0.071510727030454 0.46875 15
-0.16516986193097 0.048498247132984 0.03125 15
-0.16516986193097 0.048498247132984 0.0625 15
-0.16516986193097 0.048498247132984 0.09375 15
-0.16516986193097 0.048498247132984 0.125 15
-0.16516986193097 0.048498247132984 0.15625 15
-0.16516986193097 0.048498247132984 0.1875 15
-0.16516986193097 0.048498247132984 0.21875 15
-0.16516986193097 0.048498247132984 0.25 15
-0.16516986193097 0.048498247132984 0.28125 15
-0.16516986193097 0.048498247132984 0.3125 15
-0.16516986193097 0.048498247132984 0.34375 15
-0.16516986193097 0.048498247132984 0.375 15
-0.16516986193097 0.048498247132984 0.40625 15
-0.16516986193097 0.048498247132984 0.4375 15
-0.16516986193097 0.048498247132984 0.46875 15
-0.17039069107774 0.024498482796232 0.03125 15
-0.17039069107774 0.024498482796232 0.0625 15
-0.17039069107774 0.024498482796232 0.09375 15
-0.17039069107774 0.024498482796232 0.125 15
-0.17039069107774 0.024498482796232 0.15625 15
-0.17039069107774 0.024498482796232 0.1875 15
-0.17039069107774 0.024498482796232 0.21875 15
-0.17039069107774 0.024498482796232 0.25 15
-0.17039069107774 0.024498482796232 0.28125 15
-0.17039069107774 0.024498482796232 0.3125 15
-0.17039069107774 0.024498482796232 0.34375 15
-0.17039069107774 0.024498482796232 0.375 15
-0.17039069107774 0.024498482796232 0.40625 15
-0.17039069107774 0.024498482796232 0.4375 15
-0.17039069107774 0.024498482796232 0.46875 15
-0.026531552052172 0.18453099737055 0.03125 15
-0.026531552052172 0.18453099737055 0.0625 15
-0.026531552052172 0.18453099737055 0.09375 15
-0.026531552052172 0.18453099737055 0.125 15
-0.026531552052172 0.18453099737055 0.15625 15
-0.026531552052172 0.18453099737055 0.1875 15
-0.026531552052172 0.18453099737055 0.21875 15
-0.026531552052172 0.18453099737055 0.25 15
-0.026531552052172 0.18453099737055 0.28125 15
-0.026531552052172 0.18453099737055 0.3125 15
-0.026531552052172 0.18453099737055 0.34375 15
-0.026531552052172 0.18453099737055 0.375 15
-0.026531552052172 0.18453099737055 0.40625 15
-0.026531552052172 0.18453099737055 0.4375 15
-0.026531552052172 0.18453099737055 0.46875 15
-0.052522998229326 0.17887690432772 0.03125 15
-0.052522998229326 0.17887690432772 0.0625 15
-0.052522998229326 0.17887690432772 0.09375 15
-0.052522998229326 0.17887690432772 0.125 15
-0.052522998229326 0.17887690432772 0.15625 15
-0.052522998229326 0.17887690432772 0.1875 15
-0.052522998229326 0.17887690432772 0.21875 15
-0.052522998229326 0.17887690432772 0.25 15
-0.052522998229326 0.17887690432772 0.28125 15
-0.052522998229326 0.17887690432772 0.3125 15
-0.052522998229326 0.17887690432772 0.34375 15
-0.052522998229326 0.17887690432772 0.375 15
-0.052522998229326 0.17887690432772 0.40625 15
-0.052522998229326 0.17887690432772 0.4375 15
-0.052522998229326 0.17887690432772 0.46875 15
-0.077445227631161 0.16958139332493 0.03125 15
-0.077445227631161 0.16958139332493 0.0625 15
-0.077445227631161 0.16958139332493 0.09375 15
-0.077445227631161 0.16958139332493 0.125 15
-0.077445227631161 0.16958139332493 0.15625 15
-0.077445227631161 0.16958139332493 0.1875 15
-0.077445227631161 0.16958139332493 0.21875 15
-0.077445227631161 0.16958139332493 0.25 15
-0.077445227631161 0.16958139332493 0.28125 15
-0.077445227631161 0.16958139332493 0.3125 15
-0.077445227631161 0.16958139332493 0.34375 15
-0.077445227631161 0.16958139332493 0.375 15
-0.077445227631161 0.16958139332493 0.40625 15
-0.077445227631161 0.16958139332493 0.4375 15
-0.077445227631161 0.16958139332493 0.46875 15
-0.10079089551446 0.15683369416761 0.03125 15
-0.10079089551446 0.15683369416761 0.0625 15
-0.10079089551446 0.15683369416761 0.09375 15
-0.10079089551446 0.15683369416761 0.125 15
-0.10079089551446 0.15683369416761 0.15625 15
-0.10079089551446 0.15683369416761 0.1875 15
-0.10079089551446 0.15683369416761 0.21875 15
-0.10079089551446 0.15683369416761 0.25 15
-0.10079089551446 0.15683369416761 0.28125 15
-0.10079089551446 0.15683369416761 0.3125 15
-0.10079089551446 0.15683369416761 0.34375 15
-0.10079089551446 0.15683369416761 0.375 15
-0.10079089551446 0.15683369416761 0.40625 15
-0.10079089551446 0.15683369416761 0.4375 15
-0.10079089551446 0.15683369416761 0.46875 15
-0.12208475140693 0.14089331325075 0.03125 15
-0.12208475140693 0.14089331325075 0.0625 15
-0.12208475140693 0.14089331325075 0.09375 15
-0.12208475140693 0.14089331325075 0.125 15
-0.12208475140693 0.14089331325075 0.15625 15
-0.12208475140693 0.14089331325075 0.1875 15
-0.12208475140693 0.14089331325075 0.21875 15
-0.12208475140693 0.14089331325075 0.25 15
-0.12208475140693 0.14089331325075 0.28125 15
-0.12208475140693 0.14089331325075 0.3125 15
-0.12208475140693 0.14089331325075 0.34375 15
-0.12208475140693 0.14089331325075 0.375 15
-0.12208475140693 0.14089331325075 0.40625 15
-0.12208475140693 0.14089331325075 0.4375 15
-0.12208475140693 0.14089331325075 0.46875 15
-0.14089331374989 0.1220847508309 0.03125 15
-0.14089331374989 0.1220847508309 0.0625 15
-0.14089331374989 0.1220847508309 0.09375 15
-0.14089331374989 0.1220847508309 0.125 15
-0.14089331374989 0.1220847508309 0.15625 15
-0.14089331374989 0.1220847508309 0.1875 15
-0.14089331374989 0.1220847508309 0.21875 15
-0.14089331374989 0.1220847508309 0.25 15
-0.14089331374989 0.1220847508309 0.28125 15
-0.14089331374989 0.1220847508309 0.3125 15
-0.14089331374989 0.1220847508309 0.34375 15
-0.14089331374989 0.1220847508309 0.375 15
-0.14089331374989 0.1220847508309 0.40625 15
-0.14089331374989 0.1220847508309 0.4375 15
-0.14089331374989 0.1220847508309 0.46875 15
-0.15683369449773 0.10079089500078 0.03125 15
-0.15683369449773 0.10079089500078 0.0625 15
-0.15683369449773 0.10079089500078 0.09375 15
-0.15683369449773 0.10079089500078 0.125 15
-0.15683369449773 0.10079089500078 0.15625 15
-0.15683369449773 0.10079089500078 0.1875 15
-0.15683369449773 0.10079089500078 0.21875 15
-0.15683369449773 0.10079089500078 0.25 15
-0.15683369449773 0.10079089500078 0.28125 15
-0.15683369449773 0.10079089500078 0.3125 15
-0.15683369449773 0.10079089500078 0.34375 15
-0.15683369449773 0.10079089500078 0.375 15
-0.15683369449773 0.10079089500078 0.40625 15
-0.15683369449773 0.10079089500078 0.4375 15
-0.15683369449773 0.10079089500078 0.46875 15
-0.16958139352165 0.077445227200387 0.03125 15
-0.16958139352165 0.077445227200387 0.0625 15
-0.16958139352165 0.077445227200387 0.09375 15
-0.16958139352165 0.077445227200387 0.125 15
-0.16958139352165 0.077445227200387 0.15625 15
-0.16958139352165 0.077445227200387 0.1875 15
-0.16958139352165 0.077445227200387 0.21875 15
-0.16958139352165 0.077445227200387 0.25 15
-0.16958139352165 0.077445227200387 0.28125 15
-0.16958139352165 0.077445227200387 0.3125 15
-0.16958139352165 0.077445227200387 0.34375 15
-0.16958139352165 0.077445227200387 0.375 15
-0.16958139352165 0.077445227200387 0.40625 15
-0.16958139352165 0.077445227200387 0.4375 15
-0.16958139352165 0.077445227200387 0.46875 15
-0.17887690441438 0.052522997934188 0.03125 15
-0.17887690441438 0.052522997934188 0.0625 15
-0.17887690441438 0.052522997934188 0.09375 15
-0.17887690441438 0.052522997934188 0.125 15
-0.17887690441438 0.052522997934188 0.15625 15
-0.17887690441438 0.052522997934188 0.1875 15
-0.17887690441438 0.052522997934188 0.21875 15
-0.17887690441438 0.052522997934188 0.25 15
-0.17887690441438 0.052522997934188 0.28125 15
-0.17887690441438 0.052522997934188 0.3125 15
-0.17887690441438 0.052522997934188 0.34375 15
-0.17887690441438 0.052522997934188 0.375 15
-0.17887690441438 0.052522997934188 0.40625 15
-0.17887690441438 0.052522997934188 0.4375 15
-0.17887690441438 0.052522997934188 0.46875 15
-0.18453099739116 0.026531551908788 0.03125 15
-0.18453099739116 0.026531551908788 0.0625 15
-0.18453099739116 0.026531551908788 0.09375 15
-0.18453099739116 0.026531551908788 0.125 15
-0.18453099739116 0.026531551908788 0.15625 15
-0.18453099739116 0.026531551908788 0.1875 15
-0.18453099739116 0.026531551908788 0.21875 15
-0.18453099739116 0.026531551908788 0.25 15
-0.18453099739116 0.026531551908788 0.28125 15
-0.18453099739116 0.026531551908788 0.3125 15
-0.18453099739116 0.026531551908788 0.34375 15
-0.18453099739116 0.026531551908788 0.375 15
-0.18453099739116 0.026531551908788 0.40625 15
-0.18453099739116 0.026531551908788 0.4375 15
-0.18453099739116 0.026531551908788 0.46875 15
-0.028564621175291 0.19867130368247 0.03125 15
-0.028564621175291 0.19867130368247 0.0625 15
-0.028564621175291 0.19867130368247 0.09375 15
-0.028564621175291 0.19867130368247 0.125 15
-0.028564621175291 0.19867130368247 0.15625 15
-0.028564621175291 0.19867130368247 0.1875 15
-0.028564621175291 0.19867130368247 0.21875 15
-0.028564621175291 0.19867130368247 0.25 15
-0.028564621175291 0.19867130368247 0.28125 15
-0.028564621175291 0.19867130368247 0.3125 15
-0.028564621175291 0.19867130368247 0.34375 15
-0.028564621175291 0.19867130368247 0.375 15
-0.028564621175291 0.19867130368247 0.40625 15
-0.028564621175291 0.19867130368247 0.4375 15
-0.028564621175291 0.19867130368247 0.46875 15
-0.05654774905182 0.19258394680489 0.03125 15
-0.05654774905182 0.19258394680489 0.0625 15
-0.05654774905182 0.19258394680489 0.09375 15
-0.05654774905182 0.19258394680489 0.125 15
-0.05654774905182 0.19258394680489 0.15625 15
-0.05654774905182 0.19258394680489 0.1875 15
-0.05654774905182 0.19258394680489 0.21875 15
-0.05654774905182 0.19258394680489 0.25 15
-0.05654774905182 0.19258394680489 0.28125 15
-0.05654774905182 0.19258394680489 0.3125 15
-0.05654774905182 0.19258394680489 0.34375 15
-0.05654774905182 0.19258394680489 0.375 15
-0.05654774905182 0.19258394680489 0.40625 15
-0.05654774905182 0.19258394680489 0.4375 15
-0.05654774905182 0.19258394680489 0.46875 15
-0.083379727833199 0.18257613610831 0.03125 15
-0.083379727833199 0.18257613610831 0.0625 15
-0.083379727833199 0.18257613610831 0.09375 15
-0.083379727833199 0.18257613610831 0.125 15
-0.083379727833199 0.18257613610831 0.15625 15
-0.083379727833199 0.18257613610831 0.1875 15
-0.083379727833199 0.18257613610831 0.21875 15
-0.083379727833199 0.18257613610831 0.25 15
-0.083379727833199 0.18257613610831 0.28125 15
-0.083379727833199 0.18257613610831 0.3125 15
-0.083379727833199 0.18257613610831 0.34375 15
-0.083379727833199 0.18257613610831 0.375 15
-0.083379727833199 0.18257613610831 0.40625 15
-0.083379727833199 0.18257613610831 0.4375 15
-0.083379727833199 0.18257613610831 0.46875 15
-0.10851433578569 0.16885160176548 0.03125 15
-0.10851433578569 0.16885160176548 0.0625 15
-0.10851433578569 0.16885160176548 0.09375 15
-0.10851433578569 0.16885160176548 0.125 15
-0.10851433578569 0.16885160176548 0.15625 15
-0.10851433578569 0.16885160176548 0.1875 15
-0.10851433578569 0.16885160176548 0.21875 15
-0.10851433578569 0.16885160176548 0.25 15
-0.10851433578569 0.16885160176548 0.28125 15
-0.10851433578569 0.16885160176548 0.3125 15
-0.10851433578569 0.16885160176548 0.34375 15
-0.10851433578569 0.16885160176548 0.375 15
-0.10851433578569 0.16885160176548 0.40625 15
-0.10851433578569 0.16885160176548 0.4375 15
-0.10851433578569 0.16885160176548 0.46875 15
-0.13143990477259 0.15168973572114 0.03125 15
-0.13143990477259 0.15168973572114 0.0625 15
-0.13143990477259 0.15168973572114 0.09375 15
-0.13143990477259 0.15168973572114 0.125 15
-0.13143990477259 0.15168973572114 0.15625 15
-0.13143990477259 0.15168973572114 0.1875 15
-0.13143990477259 0.15168973572114 0.21875 15
-0.13143990477259 0.15168973572114 0.25 15
-0.13143990477259 0.15168973572114 0.28125 15
-0.13143990477259 0.15168973572114 0.3125 15
-0.13143990477259 0.15168973572114 0.34375 15
-0.13143990477259 0.15168973572114 0.375 15
-0.13143990477259 0.15168973572114 0.40625 15
-0.13143990477259 0.15168973572114 0.4375 15
-0.13143990477259 0.15168973572114 0.46875 15
-0.1516897362587 0.13143990415222 0.03125 15
-0.1516897362587 0.13143990415222 0.0625 15
-0.1516897362587 0.13143990415222 0.09375 15
-0.1516897362587 0.13143990415222 0.125 15
-0.1516897362587 0.13143990415222 0.15625 15
-0.1516897362587 0.13143990415222 0.1875 15
-0.1516897362587 0.13143990415222 0.21875 15
-0.1516897362587 0.13143990415222 0.25 15
-0.1516897362587 0.13143990415222 0.28125 15
-0.1516897362587 0.13143990415222 0.3125 15
-0.1516897362587 0.13143990415222 0.34375 15
-0.1516897362587 0.13143990415222 0.375 15
-0.1516897362587 0.13143990415222 0.40625 15
-0.1516897362587 0.13143990415222 0.4375 15
-0.1516897362587 0.13143990415222 0.46875 15
-0.16885160212135 0.10851433523194 0.03125 15
-0.16885160212135 0.10851433523194 0.0625 15
-0.16885160212135 0.10851433523194 0.09375 15
-0.16885160212135 0.10851433523194 0.125 15
-0.16885160212135 0.10851433523194 0.15625 15
-0.16885160212135 0.10851433523194 0.1875 15
-0.16885160212135 0.10851433523194 0.21875 15
-0.16885160212135 0.10851433523194 0.25 15
-0.16885160212135 0.10851433523194 0.28125 15
-0.16885160212135 0.10851433523194 0.3125 15
-0.16885160212135 0.10851433523194 0.34375 15
-0.16885160212135 0.10851433523194 0.375 15
-0.16885160212135 0.10851433523194 0.40625 15
-0.16885160212135 0.10851433523194 0.4375 15
-0.16885160212135 0.10851433523194 0.46875 15
-0.1825761363197 0.083379727370324 0.03125 15
-0.1825761363197 0.083379727370324 0.0625 15
-0.1825761363197 0.083379727370324 0.09375 15
-0.1825761363197 0.083379727370324 0.125 15
-0.1825761363197 0.083379727370324 0.15625 15
-0.1825761363197 0.083379727370324 0.1875 15
-0.1825761363197 0.083379727370324 0.21875 15
-0.1825761363197 0.083379727370324 0.25 15
-0.1825761363197 0.083379727370324 0.28125 15
-0.1825761363197 0.083379727370324 0.3125 15
-0.1825761363197 0.083379727370324 0.34375 15
-0.1825761363197 0.083379727370324 0.375 15
-0.1825761363197 0.083379727370324 0.40625 15
-0.1825761363197 0.083379727370324 0.4375 15
-0.1825761363197 0.083379727370324 0.46875 15
-0.19258394689781 0.056547748735395 0.03125 15
-0.19258394689781 0.056547748735395 0.0625 15
-0.19258394689781 0.056547748735395 0.09375 15
-0.19258394689781 0.056547748735395 0.125 15
-0.19258394689781 0.056547748735395 0.15625 15
-0.19258394689781 0.056547748735395 0.1875 15
-0.19258394689781 0.056547748735395 0.21875 15
-0.19258394689781 0.056547748735395 0.25 15
-0.19258394689781 0.056547748735395 0.28125 15
-0.19258394689781 0.056547748735395 0.3125 15
-0.19258394689781 0.056547748735395 0.34375 15
-0.19258394689781 0.056547748735395 0.375 15
-0.19258394689781 0.056547748735395 0.40625 15
-0.19258394689781 0.056547748735395 0.4375 15
-0.19258394689781 0.056547748735395 0.46875 15
-0.1986713037046 0.028564621021347 0.03125 15
-0.1986713037046 0.028564621021347 0.0625 15
-0.1986713037046 0.028564621021347 0.09375 15
-0.1986713037046 0.028564621021347 0.125 15
-0.1986713037046 0.028564621021347 0.15625 15
-0.1986713037046 0.028564621021347 0.1875 15
-0.1986713037046 0.028564621021347 0.21875 15
-0.1986713037046 0.028564621021347 0.25 15
-0.1986713037046 0.028564621021347 0.28125 15
-0.1986713037046 0.028564621021347 0.3125 15
-0.1986713037046 0.028564621021347 0.34375 15
-0.1986713037046 0.028564621021347 0.375 15
-0.1986713037046 0.028564621021347 0.40625 15
-0.1986713037046 0.028564621021347 0.4375 15
-0.1986713037046 0.028564621021347 0.46875 15
-0.1279697721231 -0.018399275559728 0.03125 15
-0.1279697721231 -0.018399275559728 0.0625 15
-0.1279697721231 -0.018399275559728 0.09375 15
-0.1279697721231 -0.018399275559728 0.125 15
-0.1279697721231 -0.018399275559728 0.15625 15
-0.1279697721231 -0.018399275559728 0.1875 15
-0.1279697721231 -0.018399275559728 0.21875 15
-0.1279697721231 -0.018399275559728 0.25 15
-0.1279697721231 -0.018399275559728 0.28125 15
-0.1279697721231 -0.018399275559728 0.3125 15
-0.1279697721231 -0.018399275559728 0.34375 15
-0.1279697721231 -0.018399275559728 0.375 15
-0.1279697721231 -0.018399275559728 0.40625 15
-0.1279697721231 -0.018399275559728 0.4375 15
-0.1279697721231 -0.018399275559728 0.46875 15
-0.12404873441924 -0.036423994939412 0.03125 15
-0.12404873441924 -0.036423994939412 0.0625 15
-0.12404873441924 -0.036423994939412 0.09375 15
-0.12404873441924 -0.036423994939412 0.125 15
-0.12404873441924 -0.036423994939412 0.15625 15
-0.12404873441924 -0.036423994939412 0.1875 15
-0.12404873441924 -0.036423994939412 0.21875 15
-0.12404873441924 -0.036423994939412 0.25 15
-0.12404873441924 -0.036423994939412 0.28125 15
-0.12404873441924 -0.036423994939412 0.3125 15
-0.12404873441924 -0.036423994939412 0.34375 15
-0.12404873441924 -0.036423994939412 0.375 15
-0.12404873441924 -0.036423994939412 0.40625 15
-0.12404873441924 -0.036423994939412 0.4375 15
-0.12404873441924 -0.036423994939412 0.46875 15
-0.1176024221916 -0.053707226823105 0.03125 15
-0.1176024221916 -0.053707226823105 0.0625 15
-0.1176024221916 -0.053707226823105 0.09375 15
-0.1176024221916 -0.053707226823105 0.125 15
-0.1176024221916 -0.053707226823105 0.15625 15
-0.1176024221916 -0.053707226823105 0.1875 15
-0.1176024221916 -0.053707226823105 0.21875 15
-0.1176024221916 -0.053707226823105 0.25 15
-0.1176024221916 -0.053707226823105 0.28125 15
-0.1176024221916 -0.053707226823105 0.3125 15
-0.1176024221916 -0.053707226823105 0.34375 15
-0.1176024221916 -0.053707226823105 0.375 15
-0.1176024221916 -0.053707226823105 0.40625 15
-0.1176024221916 -0.053707226823105 0.4375 15
-0.1176024221916 -0.053707226823105 0.46875 15
-0.10876206377632 -0.069897134429651 0.03125 15
-0.10876206377632 -0.069897134429651 0.0625 15
-0.10876206377632 -0.069897134429651 0.09375 15
-0.10876206377632 -0.069897134429651 0.125 15
-0.10876206377632 -0.069897134429651 0.15625 15
-0.10876206377632 -0.069897134429651 0.1875 15
-0.10876206377632 -0.069897134429651 0.21875 15
-0.10876206377632 -0.069897134429651 0.25 15
-0.10876206377632 -0.069897134429651 0.28125 15
-0.10876206377632 -0.069897134429651 0.3125 15
-0.10876206377632 -0.069897134429651 0.34375 15
-0.10876206377632 -0.069897134429651 0.375 15
-0.10876206377632 -0.069897134429651 0.40625 15
-0.10876206377632 -0.069897134429651 0.4375 15
-0.10876206377632 -0.069897134429651 0.46875 15
-0.097707623369356 -0.084664137944425 0.03125 15
-0.097707623369356 -0.084664137944425 0.0625 15
-0.097707623369356 -0.084664137944425 0.09375 15
-0.097707623369356 -0.084664137944425 0.125 15
-0.097707623369356 -0.084664137944425 0.15625 15
-0.097707623369356 -0.084664137944425 0.1875 15
-0.097707623369356 -0.084664137944425 0.21875 15
-0.097707623369356 -0.084664137944425 0.25 15
-0.097707623369356 -0.084664137944425 0.28125 15
-0.097707623369356 -0.084664137944425 0.3125 15
-0.097707623369356 -0.084664137944425 0.34375 15
-0.097707623369356 -0.084664137944425 0.375 15
-0.097707623369356 -0.084664137944425 0.40625 15
-0.097707623369356 -0.084664137944425 0.4375 15
-0.097707623369356 -0.084664137944425 0.46875 15
-0.084664137545756 -0.097707623714805 0.03125 15
-0.084664137545756 -0.097707623714805 0.0625 15
-0.084664137545756 -0.097707623714805 0.09375 15
-0.084664137545756 -0.097707623714805 0.125 15
-0.084664137545756 -0.097707623714805 0.15625 15
-0.084664137545756 -0.097707623714805 0.1875 15
-0.084664137545756 -0.097707623714805 0.21875 15
-0.084664137545756 -0.097707623714805 0.25 15
-0.084664137545756 -0.097707623714805 0.28125 15
-0.084664137545756 -0.097707623714805 0.3125 15
-0.084664137545756 -0.097707623714805 0.34375 15
-0.084664137545756 -0.097707623714805 0.375 15
-0.084664137545756 -0.097707623714805 0.40625 15
-0.084664137545756 -0.097707623714805 0.4375 15
-0.084664137545756 -0.097707623714805 0.46875 15
-0.069897134076233 -0.10876206400345 0.03125 15
-0.069897134076233 -0.10876206400345 0.0625 15
-0.069897134076233 -0.10876206400345 0.09375 15
-0.069897134076233 -0.10876206400345 0.125 15
-0.069897134076233 -0.10876206400345 0.15625 15
-0.069897134076233 -0.10876206400345 0.1875 15
-0.069897134076233 -0.10876206400345 0.21875 15
-0.069897134076233 -0.10876206400345 0.25 15
-0.069897134076233 -0.10876206400345 0.28125 15
-0.069897134076233 -0.10876206400345 0.3125 15
-0.069897134076233 -0.10876206400345 0.34375 15
-0.069897134076233 -0.10876206400345 0.375 15
-0.069897134076233 -0.10876206400345 0.40625 15
-0.069897134076233 -0.10876206400345 0.4375 15
-0.069897134076233 -0.10876206400345 0.46875 15
-0.05370722652073 -0.11760242232969 0.03125 15
-0.05370722652073 -0.11760242232969 0.0625 15
-0.05370722652073 -0.11760242232969 0.09375 15
-0.05370722652073 -0.11760242232969 0.125 15
-0.05370722652073 -0.11760242232969 0.15625 15
-0.05370722652073 -0.11760242232969 0.1875 15
-0.05370722652073 -0.11760242232969 0.21875 15
-0.05370722652073 -0.11760242232969 0.25 15
-0.05370722652073 -0.11760242232969 0.28125 15
-0.05370722652073 -0.11760242232969 0.3125 15
-0.05370722652073 -0.11760242232969 0.34375 15
-0.05370722652073 -0.11760242232969 0.375 15
-0.05370722652073 -0.11760242232969 0.40625 15
-0.05370722652073 -0.11760242232969 0.4375 15
-0.05370722652073 -0.11760242232969 0.46875 15
-0.036423994729422 -0.12404873448089 0.03125 15
-0.036423994729422 -0.12404873448089 0.0625 15
-0.036423994729422 -0.12404873448089 0.09375 15
-0.036423994729422 -0.12404873448089 0.125 15
-0.036423994729422 -0.12404873448089 0.15625 15
-0.036423994729422 -0.12404873448089 0.1875 15
-0.036423994729422 -0.12404873448089 0.21875 15
-0.036423994729422 -0.12404873448089 0.25 15
-0.036423994729422 -0.12404873448089 0.28125 15
-0.036423994729422 -0.12404873448089 0.3125 15
-0.036423994729422 -0.12404873448089 0.34375 15
-0.036423994729422 -0.12404873448089 0.375 15
-0.036423994729422 -0.12404873448089 0.40625 15
-0.036423994729422 -0.12404873448089 0.4375 15
-0.036423994729422 -0.12404873448089 0.46875 15
-0.018399275458588 -0.12796977213764 0.03125 15
-0.018399275458588 -0.12796977213764 0.0625 15
-0.018399275458588 -0.12796977213764 0.09375 15
-0.018399275458588 -0.12796977213764 0.125 15
-0.018399275458588 -0.12796977213764 0.15625 15
-0.018399275458588 -0.12796977213764 0.1875 15
-0.018399275458588 -0.12796977213764 0.21875 15
-0.018399275458588 -0.12796977213764 0.25 15
-0.018399275458588 -0.12796977213764 0.28125 15
-0.018399275458588 -0.12796977213764 0.3125 15
-0.018399275458588 -0.12796977213764 0.34375 15
-0.018399275458588 -0.12796977213764 0.375 15
-0.018399275458588 -0.12796977213764 0.40625 15
-0.018399275458588 -0.12796977213764 0.4375 15
-0.018399275458588 -0.12796977213764 0.46875 15
-0.14211007843493 -0.020432344682835 0.03125 15
-0.14211007843493 -0.020432344682835 0.0625 15
-0.14211007843493 -0.020432344682835 0.09375 15
-0.14211007843493 -0.020432344682835 0.125 15
-0.14211007843493 -0.020432344682835 0.15625 15
-0.14211007843493 -0.020432344682835 0.1875 15
-0.14211007843493 -0.020432344682835 0.21875 15
-0.14211007843493 -0.020432344682835 0.25 15
-0.14211007843493 -0.020432344682835 0.28125 15
-0.14211007843493 -0.020432344682835 0.3125 15
-0.14211007843493 -0.020432344682835 0.34375 15
-0.14211007843493 -0.020432344682835 0.375 15
-0.14211007843493 -0.020432344682835 0.40625 15
-0.14211007843493 -0.020432344682835 0.4375 15
-0.14211007843493 -0.020432344682835 0.46875 15
-0.13775577689633 -0.040448745761883 0.03125 15
-0.13775577689633 -0.040448745761883 0.0625 15
-0.13775577689633 -0.040448745761883 0.09375 15
-0.13775577689633 -0.040448745761883 0.125 15
-0.13775577689633 -0.040448745761883 0.15625 15
-0.13775577689633 -0.040448745761883 0.1875 15
-0.13775577689633 -0.040448745761883 0.21875 15
-0.13775577689633 -0.040448745761883 0.25 15
-0.13775577689633 -0.040448745761883 0.28125 15
-0.13775577689633 -0.040448745761883 0.3125 15
-0.13775577689633 -0.040448745761883 0.34375 15
-0.13775577689633 -0.040448745761883 0.375 15
-0.13775577689633 -0.040448745761883 0.40625 15
-0.13775577689633 -0.040448745761883 0.4375 15
-0.13775577689633 -0.040448745761883 0.46875 15
-0.13059716497491 -0.059641727025108 0.03125 15
-0.13059716497491 -0.059641727025108 0.0625 15
-0.13059716497491 -0.059641727025108 0.09375 15
-0.13059716497491 -0.059641727025108 0.125 15
-0.13059716497491 -0.059641727025108 0.15625 15
-0.13059716497491 -0.059641727025108 0.1875 15
-0.13059716497491 -0.059641727025108 0.21875 15
-0.13059716497491 -0.059641727025108 0.25 15
-0.13059716497491 -0.059641727025108 0.28125 15
-0.13059716497491 -0.059641727025108 0.3125 15
-0.13059716497491 -0.059641727025108 0.34375 15
-0.13059716497491 -0.059641727025108 0.375 15
-0.13059716497491 -0.059641727025108 0.40625 15
-0.13059716497491 -0.059641727025108 0.4375 15
-0.13059716497491 -0.059641727025108 0.46875 15
-0.12077997137412 -0.077620574700838 0.03125 15
-0.12077997137412 -0.077620574700838 0.0625 15
-0.12077997137412 -0.077620574700838 0.09375 15
-0.12077997137412 -0.077620574700838 0.125 15
-0.12077997137412 -0.077620574700838 0.15625 15
-0.12077997137412 -0.077620574700838 0.1875 15
-0.12077997137412 -0.077620574700838 0.21875 15
-0.12077997137412 -0.077620574700838 0.25 15
-0.12077997137412 -0.077620574700838 0.28125 15
-0.12077997137412 -0.077620574700838 0.3125 15
-0.12077997137412 -0.077620574700838 0.34375 15
-0.12077997137412 -0.077620574700838 0.375 15
-0.12077997137412 -0.077620574700838 0.40625 15
-0.12077997137412 -0.077620574700838 0.4375 15
-0.12077997137412 -0.077620574700838 0.46875 15
-0.10850404583968 -0.094019291310033 0.03125 15
-0.10850404583968 -0.094019291310033 0.0625 15
-0.10850404583968 -0.094019291310033 0.09375 15
-0.10850404583968 -0.094019291310033 0.125 15
-0.10850404583968 -0.094019291310033 0.15625 15
-0.10850404583968 -0.094019291310033 0.1875 15
-0.10850404583968 -0.094019291310033 0.21875 15
-0.10850404583968 -0.094019291310033 0.25 15
-0.10850404583968 -0.094019291310033 0.28125 15
-0.10850404583968 -0.094019291310033 0.3125 15
-0.10850404583968 -0.094019291310033 0.34375 15
-0.10850404583968 -0.094019291310033 0.375 15
-0.10850404583968 -0.094019291310033 0.40625 15
-0.10850404583968 -0.094019291310033 0.4375 15
-0.10850404583968 -0.094019291310033 0.46875 15
-0.094019290867023 -0.10850404622355 0.03125 15
-0.094019290867023 -0.10850404622355 0.0625 15
-0.094019290867023 -0.10850404622355 0.09375 15
-0.094019290867023 -0.10850404622355 0.125 15
-0.094019290867023 -0.10850404622355 0.15625 15
-0.094019290867023 -0.10850404622355 0.1875 15
-0.094019290867023 -0.10850404622355 0.21875 15
-0.094019290867023 -0.10850404622355 0.25 15
-0.094019290867023 -0.10850404622355 0.28125 15
-0.094019290867023 -0.10850404622355 0.3125 15
-0.094019290867023 -0.10850404622355 0.34375 15
-0.094019290867023 -0.10850404622355 0.375 15
-0.094019290867023 -0.10850404622355 0.40625 15
-0.094019290867023 -0.10850404622355 0.4375 15
-0.094019290867023 -0.10850404622355 0.46875 15
-0.077620574307354 -0.12077997162699 0.03125 15
-0.077620574307354 -0.12077997162699 0.0625 15
-0.077620574307354 -0.12077997162699 0.09375 15
-0.077620574307354 -0.12077997162699 0.125 15
-0.077620574307354 -0.12077997162699 0.15625 15
-0.077620574307354 -0.12077997162699 0.1875 15
-0.077620574307354 -0.12077997162699 0.21875 15
-0.077620574307354 -0.12077997162699 0.25 15
-0.077620574307354 -0.12077997162699 0.28125 15
-0.077620574307354 -0.12077997162699 0.3125 15
-0.077620574307354 -0.12077997162699 0.34375 15
-0.077620574307354 -0.12077997162699 0.375 15
-0.077620574307354 -0.12077997162699 0.40625 15
-0.077620574307354 -0.12077997162699 0.4375 15
-0.077620574307354 -0.12077997162699 0.46875 15
-0.059641726690633 -0.13059716512766 0.03125 15
-0.059641726690633 -0.13059716512766 0.0625 15
-0.059641726690633 -0.13059716512766 0.09375 15
-0.059641726690633 -0.13059716512766 0.125 15
-0.059641726690633 -0.13059716512766 0.15625 15
-0.059641726690633 -0.13059716512766 0.1875 15
-0.059641726690633 -0.13059716512766 0.21875 15
-0.059641726690633 -0.13059716512766 0.25 15
-0.059641726690633 -0.13059716512766 0.28125 15
-0.059641726690633 -0.13059716512766 0.3125 15
-0.059641726690633 -0.13059716512766 0.34375 15
-0.059641726690633 -0.13059716512766 0.375 15
-0.059641726690633 -0.13059716512766 0.40625 15
-0.059641726690633 -0.13059716512766 0.4375 15
-0.059641726690633 -0.13059716512766 0.46875 15
-0.040448745530606 -0.13775577696424 0.03125 15
-0.040448745530606 -0.13775577696424 0.0625 15
-0.040448745530606 -0.13775577696424 0.09375 15
-0.040448745530606 -0.13775577696424 0.125 15
-0.040448745530606 -0.13775577696424 0.15625 15
-0.040448745530606 -0.13775577696424 0.1875 15
-0.040448745530606 -0.13775577696424 0.21875 15
-0.040448745530606 -0.13775577696424 0.25 15
-0.040448745530606 -0.13775577696424 0.28125 15
-0.040448745530606 -0.13775577696424 0.3125 15
-0.040448745530606 -0.13775577696424 0.34375 15
-0.040448745530606 -0.13775577696424 0.375 15
-0.040448745530606 -0.13775577696424 0.40625 15
-0.040448745530606 -0.13775577696424 0.4375 15
-0.040448745530606 -0.13775577696424 0.46875 15
-0.020432344571134 -0.14211007845099 0.03125 15
-0.020432344571134 -0.14211007845099 0.0625 15
-0.020432344571134 -0.14211007845099 0.09375 15
-0.020432344571134 -0.14211007845099 0.125 15
-0.020432344571134 -0.14211007845099 0.15625 15
-0.020432344571134 -0.14211007845099 0.1875 15
-0.020432344571134 -0.14211007845099 0.21875 15
-0.020432344571134 -0.14211007845099 0.25 15
-0.020432344571134 -0.14211007845099 0.28125 15
-0.020432344571134 -0.14211007845099 0.3125 15
-0.020432344571134 -0.14211007845099 0.34375 15
-0.020432344571134 -0.14211007845099 0.375 15
-0.020432344571134 -0.14211007845099 0.40625 15
-0.020432344571134 -0.14211007845099 0.4375 15
-0.020432344571134 -0.14211007845099 0.46875 15
-0.15625038474677 -0.022465413805942 0.03125 15
-0.15625038474677 -0.022465413805942 0.0625 15
-0.15625038474677 -0.022465413805942 0.09375 15
-0.15625038474677 -0.022465413805942 0.125 15
-0.15625038474677 -0.022465413805942 0.15625 15
-0.15625038474677 -0.022465413805942 0.1875 15
-0.15625038474677 -0.022465413805942 0.21875 15
-0.15625038474677 -0.022465413805942 0.25 15
-0.15625038474677 -0.022465413805942 0.28125 15
-0.15625038474677 -0.022465413805942 0.3125 15
-0.15625038474677 -0.022465413805942 0.34375 15
-0.15625038474677 -0.022465413805942 0.375 15
-0.15625038474677 -0.022465413805942 0.40625 15
-0.15625038474677 -0.022465413805942 0.4375 15
-0.15625038474677 -0.022465413805942 0.46875 15
-0.15146281937342 -0.044473496584353 0.03125 15
-0.15146281937342 -0.044473496584353 0.0625 15
-0.15146281937342 -0.044473496584353 0.09375 15
-0.15146281937342 -0.044473496584353 0.125 15
-0.15146281937342 -0.044473496584353 0.15625 15
-0.15146281937342 -0.044473496584353 0.1875 15
-0.15146281937342 -0.044473496584353 0.21875 15
-0.15146281937342 -0.044473496584353 0.25 15
-0.15146281937342 -0.044473496584353 0.28125 15
-0.15146281937342 -0.044473496584353 0.3125 15
-0.15146281937342 -0.044473496584353 0.34375 15
-0.15146281937342 -0.044473496584353 0.375 15
-0.15146281937342 -0.044473496584353 0.40625 15
-0.15146281937342 -0.044473496584353 0.4375 15
-0.15146281937342 -0.044473496584353 0.46875 15
-0.14359190775821 -0.06557622722711 0.03125 15
-0.14359190775821 -0.06557622722711 0.0625 15
-0.14359190775821 -0.06557622722711 0.09375 15
-0.14359190775821 -0.06557622722711 0.125 15
-0.14359190775821 -0.06557622722711 0.15625 15
-0.14359190775821 -0.06557622722711 0.1875 15
-0.14359190775821 -0.06557622722711 0.21875 15
-0.14359190775821 -0.06557622722711 0.25 15
-0.14359190775821 -0.06557622722711 0.28125 15
-0.14359190775821 -0.06557622722711 0.3125 15
-0.14359190775821 -0.06557622722711 0.34375 15
-0.14359190775821 -0.06557622722711 0.375 15
-0.14359190775821 -0.06557622722711 0.40625 15
-0.14359190775821 -0.06557622722711 0.4375 15
-0.14359190775821 -0.06557622722711 0.46875 15
-0.13279787897192 -0.085344014972024 0.03125 15
-0.13279787897192 -0.085344014972024 0.0625 15
-0.13279787897192 -0.085344014972024 0.09375 15
-0.13279787897192 -0.085344014972024 0.125 15
-0.13279787897192 -0.085344014972024 0.15625 15
-0.13279787897192 -0.085344014972024 0.1875 15
-0.13279787897192 -0.085344014972024 0.21875 15
-0.13279787897192 -0.085344014972024 0.25 15
-0.13279787897192 -0.085344014972024 0.28125 15
-0.13279787897192 -0.085344014972024 0.3125 15
-0.13279787897192 -0.085344014972024 0.34375 15
-0.13279787897192 -0.085344014972024 0.375 15
-0.13279787897192 -0.085344014972024 0.40625 15
-0.13279787897192 -0.085344014972024 0.4375 15
-0.13279787897192 -0.085344014972024 0.46875 15
-0.11930046831001 -0.10337444467564 0.03125 15
-0.11930046831001 -0.10337444467564 0.0625 15
-0.11930046831001 -0.10337444467564 0.09375 15
-0.11930046831001 -0.10337444467564 0.125 15
-0.11930046831001 -0.10337444467564 0.15625 15
-0.11930046831001 -0.10337444467564 0.1875 15
-0.11930046831001 -0.10337444467564 0.21875 15
-0.11930046831001 -0.10337444467564 0.25 15
-0.11930046831001 -0.10337444467564 0.28125 15
-0.11930046831001 -0.10337444467564 0.3125 15
-0.11930046831001 -0.10337444467564 0.34375 15
-0.11930046831001 -0.10337444467564 0.375 15
-0.11930046831001 -0.10337444467564 0.40625 15
-0.11930046831001 -0.10337444467564 0.4375 15
-0.11930046831001 -0.10337444467564 0.46875 15
-0.10337444418829 -0.1193004687323 0.03125 15
-0.10337444418829 -0.1193004687323 0.0625 15
-0.10337444418829 -0.1193004687323 0.09375 15
-0.10337444418829 -0.1193004687323 0.125 15
-0.10337444418829 -0.1193004687323 0.15625 15
-0.10337444418829 -0.1193004687323 0.1875 15
-0.10337444418829 -0.1193004687323 0.21875 15
-0.10337444418829 -0.1193004687323 0.25 15
-0.10337444418829 -0.1193004687323 0.28125 15
-0.10337444418829 -0.1193004687323 0.3125 15
-0.10337444418829 -0.1193004687323 0.34375 15
-0.10337444418829 -0.1193004687323 0.375 15
-0.10337444418829 -0.1193004687323 0.40625 15
-0.10337444418829 -0.1193004687323 0.4375 15
-0.10337444418829 -0.1193004687323 0.46875 15
-0.085344014538475 -0.13279787925054 0.03125 15
-0.085344014538475 -0.13279787925054 0.0625 15
-0.085344014538475 -0.13279787925054 0.09375 15
-0.085344014538475 -0.13279787925054 0.125 15
-0.085344014538475 -0.13279787925054 0.15625 15
-0.085344014538475 -0.13279787925054 0.1875 15
-0.085344014538475 -0.13279787925054 0.21875 15
-0.085344014538475 -0.13279787925054 0.25 15
-0.085344014538475 -0.13279787925054 0.28125 15
-0.085344014538475 -0.13279787925054 0.3125 15
-0.085344014538475 -0.13279787925054 0.34375 15
-0.085344014538475 -0.13279787925054 0.375 15
-0.085344014538475 -0.13279787925054 0.40625 15
-0.085344014538475 -0.13279787925054 0.4375 15
-0.085344014538475 -0.13279787925054 0.46875 15
-0.065576226860536 -0.14359190792562 0.03125 15
-0.065576226860536 -0.14359190792562 0.0625 15
-0.065576226860536 -0.14359190792562 0.09375 15
-0.065576226860536 -0.14359190792562 0.125 15
-0.065576226860536 -0.14359190792562 0.15625 15
-0.065576226860536 -0.14359190792562 0.1875 15
-0.065576226860536 -0.14359190792562 0.21875 15
-0.065576226860536 -0.14359190792562 0.25 15
-0.065576226860536 -0.14359190792562 0.28125 15
-0.065576226860536 -0.14359190792562 0.3125 15
-0.065576226860536 -0.14359190792562 0.34375 15
-0.065576226860536 -0.14359190792562 0.375 15
-0.065576226860536 -0.14359190792562 0.40625 15
-0.065576226860536 -0.14359190792562 0.4375 15
-0.065576226860536 -0.14359190792562 0.46875 15
-0.04447349633179 -0.15146281944758 0.03125 15
-0.04447349633179 -0.15146281944758 0.0625 15
-0.04447349633179 -0.15146281944758 0.09375 15
-0.04447349633179 -0.15146281944758 0.125 15
-0.04447349633179 -0.15146281944758 0.15625 15
-0.04447349633179 -0.15146281944758 0.1875 15
-0.04447349633179 -0.15146281944758 0.21875 15
-0.04447349633179 -0.15146281944758 0.25 15
-0.04447349633179 -0.15146281944758 0.28125 15
-0.04447349633179 -0.15146281944758 0.3125 15
-0.04447349633179 -0.15146281944758 0.34375 15
-0.04447349633179 -0.15146281944758 0.375 15
-0.04447349633179 -0.15146281944758 0.40625 15
-0.04447349633179 -0.15146281944758 0.4375 15
-0.04447349633179 -0.15146281944758 0.46875 15
-0.02246541368368 -0.15625038476435 0.03125 15
-0.02246541368368 -0.15625038476435 0.0625 15
-0.02246541368368 -0.15625038476435 0.09375 15
-0.02246541368368 -0.15625038476435 0.125 15
-0.02246541368368 -0.15625038476435 0.15625 15
-0.02246541368368 -0.15625038476435 0.1875 15
-0.02246541368368 -0.15625038476435 0.21875 15
-0.02246541368368 -0.15625038476435 0.25 15
-0.02246541368368 -0.15625038476435 0.28125 15
-0.02246541368368 -0.15625038476435 0.3125 15
-0.02246541368368 -0.15625038476435 0.34375 15
-0.02246541368368 -0.15625038476435 0.375 15
-0.02246541368368 -0.15625038476435 0.40625 15
-0.02246541368368 -0.15625038476435 0.4375 15
-0.02246541368368 -0.15625038476435 0.46875 15
-0.17039069105864 -0.024498482929055 0.03125 15
-0.17039069105864 -0.024498482929055 0.0625 15
-0.17039069105864 -0.024498482929055 0.09375 15
-0.17039069105864 -0.024498482929055 0.125 15
-0.17039069105864 -0.024498482929055 0.15625 15
-0.17039069105864 -0.024498482929055 0.1875 15
-0.17039069105864 -0.024498482929055 0.21875 15
-0.17039069105864 -0.024498482929055 0.25 15
-0.17039069105864 -0.024498482929055 0.28125 15
-0.17039069105864 -0.024498482929055 0.3125 15
-0.17039069105864 -0.024498482929055 0.34375 15
-0.17039069105864 -0.024498482929055 0.375 15
-0.17039069105864 -0.024498482929055 0.40625 15
-0.17039069105864 -0.024498482929055 0.4375 15
-0.17039069105864 -0.024498482929055 0.46875 15
-0.16516986185056 -0.048498247406835 0.03125 15
-0.16516986185056 -0.048498247406835 0.0625 15
-0.16516986185056 -0.048498247406835 0.09375 15
-0.16516986185056 -0.048498247406835 0.125 15
-0.16516986185056 -0.048498247406835 0.15625 15
-0.16516986185056 -0.048498247406835 0.1875 15
-0.16516986185056 -0.048498247406835 0.21875 15
-0.16516986185056 -0.048498247406835 0.25 15
-0.16516986185056 -0.048498247406835 0.28125 15
-0.16516986185056 -0.048498247406835 0.3125 15
-0.16516986185056 -0.048498247406835 0.34375 15
-0.16516986185056 -0.048498247406835 0.375 15
-0.16516986185056 -0.048498247406835 0.40625 15
-0.16516986185056 -0.048498247406835 0.4375 15
-0.16516986185056 -0.048498247406835 0.46875 15
-0.15658665054156 -0.071510727429129 0.03125 15
-0.15658665054156 -0.071510727429129 0.0625 15
-0.15658665054156 -0.071510727429129 0.09375 15
-0.15658665054156 -0.071510727429129 0.125 15
-0.15658665054156 -0.071510727429129 0.15625 15
-0.15658665054156 -0.071510727429129 0.1875 15
-0.15658665054156 -0.071510727429129 0.21875 15
-0.15658665054156 -0.071510727429129 0.25 15
-0.15658665054156 -0.071510727429129 0.28125 15
-0.15658665054156 -0.071510727429129 0.3125 15
-0.15658665054156 -0.071510727429129 0.34375 15
-0.15658665054156 -0.071510727429129 0.375 15
-0.15658665054156 -0.071510727429129 0.40625 15
-0.15658665054156 -0.071510727429129 0.4375 15
-0.15658665054156 -0.071510727429129 0.46875 15
-0.14481578656975 -0.093067455243231 0.03125 15
-0.14481578656975 -0.093067455243231 0.0625 15
-0.14481578656975 -0.093067455243231 0.09375 15
-0.14481578656975 -0.093067455243231 0.125 15
-0.14481578656975 -0.093067455243231 0.15625 15
-0.14481578656975 -0.093067455243231 0.1875 15
-0.14481578656975 -0.093067455243231 0.21875 15
-0.14481578656975 -0.093067455243231 0.25 15
-0.14481578656975 -0.093067455243231 0.28125 15
-0.14481578656975 -0.093067455243231 0.3125 15
-0.14481578656975 -0.093067455243231 0.34375 15
-0.14481578656975 -0.093067455243231 0.375 15
-0.14481578656975 -0.093067455243231 0.40625 15
-0.14481578656975 -0.093067455243231 0.4375 15
-0.14481578656975 -0.093067455243231 0.46875 15
-0.13009689078037 -0.11272959804127 0.03125 15
-0.13009689078037 -0.11272959804127 0.0625 15
-0.13009689078037 -0.11272959804127 0.09375 15
-0.13009689078037 -0.11272959804127 0.125 15
-0.13009689078037 -0.11272959804127 0.15625 15
-0.13009689078037 -0.11272959804127 0.1875 15
-0.13009689078037 -0.11272959804127 0.21875 15
-0.13009689078037 -0.11272959804127 0.25 15
-0.13009689078037 -0.11272959804127 0.28125 15
-0.13009689078037 -0.11272959804127 0.3125 15
-0.13009689078037 -0.11272959804127 0.34375 15
-0.13009689078037 -0.11272959804127 0.375 15
-0.13009689078037 -0.11272959804127 0.40625 15
-0.13009689078037 -0.11272959804127 0.4375 15
-0.13009689078037 -0.11272959804127 0.46875 15
-0.11272959750958 -0.13009689124108 0.03125 15
-0.11272959750958 -0.13009689124108 0.0625 15
-0.11272959750958 -0.13009689124108 0.09375 15
-0.11272959750958 -0.13009689124108 0.125 15
-0.11272959750958 -0.13009689124108 0.15625 15
-0.11272959750958 -0.13009689124108 0.1875 15
-0.11272959750958 -0.13009689124108 0.21875 15
-0.11272959750958 -0.13009689124108 0.25 15
-0.11272959750958 -0.13009689124108 0.28125 15
-0.11272959750958 -0.13009689124108 0.3125 15
-0.11272959750958 -0.13009689124108 0.34375 15
-0.11272959750958 -0.13009689124108 0.375 15
-0.11272959750958 -0.13009689124108 0.40625 15
-0.11272959750958 -0.13009689124108 0.4375 15
-0.11272959750958 -0.13009689124108 0.46875 15
-0.093067454769616 -0.14481578687412 0.03125 15
-0.093067454769616 -0.14481578687412 0.0625 15
-0.093067454769616 -0.14481578687412 0.09375 15
-0.093067454769616 -0.14481578687412 0.125 15
-0.093067454769616 -0.14481578687412 0.15625 15
-0.093067454769616 -0.14481578687412 0.1875 15
-0.093067454769616 -0.14481578687412 0.21875 15
-0.093067454769616 -0.14481578687412 0.25 15
-0.093067454769616 -0.14481578687412 0.28125 15
-0.093067454769616 -0.14481578687412 0.3125 15
-0.093067454769616 -0.14481578687412 0.34375 15
-0.093067454769616 -0.14481578687412 0.375 15
-0.093067454769616 -0.14481578687412 0.40625 15
-0.093067454769616 -0.14481578687412 0.4375 15
-0.093067454769616 -0.14481578687412 0.46875 15
-0.071510727030454 -0.15658665072362 0.03125 15
-0.071510727030454 -0.15658665072362 0.0625 15
-0.071510727030454 -0.15658665072362 0.09375 15
-0.071510727030454 -0.15658665072362 0.125 15
-0.071510727030454 -0.15658665072362 0.15625 15
-0.071510727030454 -0.15658665072362 0.1875 15
-0.071510727030454 -0.15658665072362 0.21875 15
-0.071510727030454 -0.15658665072362 0.25 15
-0.071510727030454 -0.15658665072362 0.28125 15
-0.071510727030454 -0.15658665072362 0.3125 15
-0.071510727030454 -0.15658665072362 0.34375 15
-0.071510727030454 -0.15658665072362 0.375 15
-0.071510727030454 -0.15658665072362 0.40625 15
-0.071510727030454 -0.15658665072362 0.4375 15
-0.071510727030454 -0.15658665072362 0.46875 15
-0.048498247132984 -0.16516986193097 0.03125 15
-0.048498247132984 -0.16516986193097 0.0625 15
-0.048498247132984 -0.16516986193097 0.09375 15
-0.048498247132984 -0.16516986193097 0.125 15
-0.048498247132984 -0.16516986193097 0.15625 15
-0.048498247132984 -0.16516986193097 0.1875 15
-0.048498247132984 -0.16516986193097 0.21875 15
-0.048498247132984 -0.16516986193097 0.25 15
-0.048498247132984 -0.16516986193097 0.28125 15
-0.048498247132984 -0.16516986193097 0.3125 15
-0.048498247132984 -0.16516986193097 0.34375 15
-0.048498247132984 -0.16516986193097 0.375 15
-0.048498247132984 -0.16516986193097 0.40625 15
-0.048498247132984 -0.16516986193097 0.4375 15
-0.048498247132984 -0.16516986193097 0.46875 15
-0.024498482796232 -0.17039069107774 0.03125 15
-0.024498482796232 -0.17039069107774 0.0625 15
-0.024498482796232 -0.17039069107774 0.09375 15
-0.024498482796232 -0.17039069107774 0.125 15
-0.024498482796232 -0.17039069107774 0.15625 15
-0.024498482796232 -0.17039069107774 0.1875 15
-0.024498482796232 -0.17039069107774 0.21875 15
-0.024498482796232 -0.17039069107774 0.25 15
-0.024498482796232 -0.17039069107774 0.28125 15
-0.024498482796232 -0.17039069107774 0.3125 15
-0.024498482796232 -0.17039069107774 0.34375 15
-0.024498482796232 -0.17039069107774 0.375 15
-0.024498482796232 -0.17039069107774 0.40625 15
-0.024498482796232 -0.17039069107774 0.4375 15
-0.024498482796232 -0.17039069107774 0.46875 15
-0.18453099737055 -0.026531552052172 0.03125 15
-0.18453099737055 -0.026531552052172 0.0625 15
-0.18453099737055 -0.026531552052172 0.09375 15
-0.18453099737055 -0.026531552052172 0.125 15
-0.18453099737055 -0.026531552052172 0.15625 15
-0.18453099737055 -0.026531552052172 0.1875 15
-0.18453099737055 -0.026531552052172 0.21875 15
-0.18453099737055 -0.026531552052172 0.25 15
-0.18453099737055 -0.026531552052172 0.28125 15
-0.18453099737055 -0.026531552052172 0.3125 15
-0.18453099737055 -0.026531552052172 0.34375 15
-0.18453099737055 -0.026531552052172 0.375 15
-0.18453099737055 -0.026531552052172 0.40625 15
-0.18453099737055 -0.026531552052172 0.4375 15
-0.18453099737055 -0.026531552052172 0.46875 15
-0.17887690432772 -0.052522998229326 0.03125 15
-0.17887690432772 -0.052522998229326 0.0625 15
-0.17887690432772 -0.052522998229326 0.09375 15
-0.17887690432772 -0.052522998229326 0.125 15
-0.17887690432772 -0.052522998229326 0.15625 15
-0.17887690432772 -0.052522998229326 0.1875 15
-0.17887690432772 -0.052522998229326 0.21875 15
-0.17887690432772 -0.052522998229326 0.25 15
-0.17887690432772 -0.052522998229326 0.28125 15
-0.17887690432772 -0.052522998229326 0.3125 15
-0.17887690432772 -0.052522998229326 0.34375 15
-0.17887690432772 -0.052522998229326 0.375 15
-0.17887690432772 -0.052522998229326 0.40625 15
-0.17887690432772 -0.052522998229326 0.4375 15
-0.17887690432772 -0.052522998229326 0.46875 15
-0.16958139332493 -0.077445227631161 0.03125 15
-0.16958139332493 -0.077445227631161 0.0625 15
-0.16958139332493 -0.077445227631161 0.09375 15
-0.16958139332493 -0.077445227631161 0.125 15
-0.16958139332493 -0.077445227631161 0.15625 15
-0.16958139332493 -0.077445227631161 0.1875 15
-0.16958139332493 -0.077445227631161 0.21875 15
-0.16958139332493 -0.077445227631161 0.25 15
-0.16958139332493 -0.077445227631161 0.28125 15
-0.16958139332493 -0.077445227631161 0.3125 15
-0.16958139332493 -0.077445227631161 0.34375 15
-0.16958139332493 -0.077445227631161 0.375 15
-0.16958139332493 -0.077445227631161 0.40625 15
-0.16958139332493 -0.077445227631161 0.4375 15
-0.16958139332493 -0.077445227631161 0.46875 15
-0.15683369416761 -0.10079089551446 0.03125 15
-0.15683369416761 -0.10079089551446 0.0625 15
-0.15683369416761 -0.10079089551446 0.09375 15
-0.15683369416761 -0.10079089551446 0.125 15
-0.15683369416761 -0.10079089551446 0.15625 15
-0.15683369416761 -0.10079089551446 0.1875 15
-0.15683369416761 -0.10079089551446 0.21875 15
-0.15683369416761 -0.10079089551446 0.25 15
-0.15683369416761 -0.10079089551446 0.28125 15
-0.15683369416761 -0.10079089551446 0.3125 15
-0.15683369416761 -0.10079089551446 0.34375 15
-0.15683369416761 -0.10079089551446 0.375 15
-0.15683369416761 -0.10079089551446 0.40625 15
-0.15683369416761 -0.10079089551446 0.4375 15
-0.15683369416761 -0.10079089551446 0.46875 15
-0.14089331325075 -0.12208475140693 0.03125 15
-0.14089331325075 -0.12208475140693 0.0625 15
-0.14089331325075 -0.12208475140693 0.09375 15
-0.14089331325075 -0.12208475140693 0.125 15
-0.14089331325075 -0.12208475140693 0.15625 15
-0.14089331325075 -0.12208475140693 0.1875 15
-0.14089331325075 -0.12208475140693 0.21875 15
-0.14089331325075 -0.12208475140693 0.25 15
-0.14089331325075 -0.12208475140693 0.28125 15
-0.14089331325075 -0.12208475140693 0.3125 15
-0.14089331325075 -0.12208475140693 0.34375 15
-0.14089331325075 -0.12208475140693 0.375 15
-0.14089331325075 -0.12208475140693 0.40625 15
-0.14089331325075 -0.12208475140693 0.4375 15
-0.14089331325075 -0.12208475140693 0.46875 15
-0.1220847508309 -0.14089331374989 0.03125 15
-0.1220847508309 -0.14089331374989 0.0625 15
-0.1220847508309 -0.14089331374989 0.09375 15
-0.1220847508309 -0.14089331374989 0.125 15
-0.1220847508309 -0.14089331374989 0.15625 15
-0.1220847508309 -0.14089331374989 0.1875 15
-0.1220847508309 -0.14089331374989 0.21875 15
-0.1220847508309 -0.14089331374989 0.25 15
-0.1220847508309 -0.14089331374989 0.28125 15
-0.1220847508309 -0.14089331374989 0.3125 15
-0.1220847508309 -0.14089331374989 0.34375 15
-0.1220847508309 -0.14089331374989 0.375 15
-0.1220847508309 -0.14089331374989 0.40625 15
-0.1220847508309 -0.14089331374989 0.4375 15
-0.1220847508309 -0.14089331374989 0.46875 15
-0.10079089500078 -0.15683369449773 0.03125 15
-0.10079089500078 -0.15683369449773 0.0625 15
-0.10079089500078 -0.15683369449773 0.09375 15
-0.10079089500078 -0.15683369449773 0.125 15
-0.10079089500078 -0.15683369449773 0.15625 15
-0.10079089500078 -0.15683369449773 0.1875 15
-0.10079089500078 -0.15683369449773 0.21875 15
-0.10079089500078 -0.15683369449773 0.25 15
-0.10079089500078 -0.15683369449773 0.28125 15
-0.10079089500078 -0.15683369449773 0.3125 15
-0.10079089500078 -0.15683369449773 0.34375 15
-0.10079089500078 -0.15683369449773 0.375 15
-0.10079089500078 -0.15683369449773 0.40625 15
-0.10079089500078 -0.15683369449773 0.4375 15
-0.10079089500078 -0.15683369449773 0.46875 15
-0.077445227200387 -0.16958139352165 0.03125 15
-0.077445227200387 -0.16958139352165 0.0625 15
-0.077445227200387 -0.16958139352165 0.09375 15
-0.077445227200387 -0.16958139352165 0.125 15
-0.077445227200387 -0.16958139352165 0.15625 15
-0.077445227200387 -0.16958139352165 0.1875 15
-0.077445227200387 -0.16958139352165 0.21875 15
-0.077445227200387 -0.16958139352165 0.25 15
-0.077445227200387 -0.16958139352165 0.28125 15
-0.077445227200387 -0.16958139352165 0.3125 15
-0.077445227200387 -0.16958139352165 0.34375 15
-0.077445227200387 -0.16958139352165 0.375 15
-0.077445227200387 -0.16958139352165 0.40625 15
-0.077445227200387 -0.16958139352165 0.4375 15
-0.077445227200387 -0.16958139352165 0.46875 15
-0.052522997934188 -0.17887690441438 0.03125 15
-0.052522997934188 -0.17887690441438 0.0625 15
-0.052522997934188 -0.17887690441438 0.09375 15
-0.052522997934188 -0.17887690441438 0.125 15
-0.052522997934188 -0.17887690441438 0.15625 15
-0.052522997934188 -0.17887690441438 0.1875 15
-0.052522997934188 -0.17887690441438 0.21875 15
-0.052522997934188 -0.17887690441438 0.25 15
-0.052522997934188 -0.17887690441438 0.28125 15
-0.052522997934188 -0.17887690441438 0.3125 15
-0.052522997934188 -0.17887690441438 0.34375 15
-0.052522997934188 -0.17887690441438 0.375 15
-0.052522997934188 -0.17887690441438 0.40625 15
-0.052522997934188 -0.17887690441438 0.4375 15
-0.052522997934188 -0.17887690441438 0.46875 15
-0.026531551908788 -0.18453099739116 0.03125 15
-0.026531551908788 -0.18453099739116 0.0625 15
-0.026531551908788 -0.18453099739116 0.09375 15
-0.026531551908788 -0.18453099739116 0.125 15
-0.026531551908788 -0.18453099739116 0.15625 15
-0.026531551908788 -0.18453099739116 0.1875 15
-0.026531551908788 -0.18453099739116 0.21875 15
-0.026531551908788 -0.18453099739116 0.25 15
-0.026531551908788 -0.18453099739116 0.28125 15
-0.026531551908788 -0.18453099739116 0.3125 15
-0.026531551908788 -0.18453099739116 0.34375 15
-0.026531551908788 -0.18453099739116 0.375 15
-0.026531551908788 -0.18453099739116 0.40625 15
-0.026531551908788 -0.18453099739116 0.4375 15
-0.026531551908788 -0.18453099739116 0.46875 15
-0.19867130368247 -0.028564621175291 0.03125 15
-0.19867130368247 -0.028564621175291 0.0625 15
-0.19867130368247 -0.028564621175291 0.09375 15
-0.19867130368247 -0.028564621175291 0.125 15
-0.19867130368247 -0.028564621175291 0.15625 15
-0.19867130368247 -0.028564621175291 0.1875 15
-0.19867130368247 -0.028564621175291 0.21875 15
-0.19867130368247 -0.028564621175291 0.25 15
-0.19867130368247 -0.028564621175291 0.28125 15
-0.19867130368247 -0.028564621175291 0.3125 15
-0.19867130368247 -0.028564621175291 0.34375 15
-0.19867130368247 -0.028564621175291 0.375 15
-0.19867130368247 -0.028564621175291 0.40625 15
-0.19867130368247 -0.028564621175291 0.4375 15
-0.19867130368247 -0.028564621175291 0.46875 15
-0.19258394680489 -0.05654774905182 0.03125 15
-0.19258394680489 -0.05654774905182 0.0625 15
-0.19258394680489 -0.05654774905182 0.09375 15
-0.19258394680489 -0.05654774905182 0.125 15
-0.19258394680489 -0.05654774905182 0.15625 15
-0.19258394680489 -0.05654774905182 0.1875 15
-0.19258394680489 -0.05654774905182 0.21875 15
-0.19258394680489 -0.05654774905182 0.25 15
-0.19258394680489 -0.05654774905182 0.28125 15
-0.19258394680489 -0.05654774905182 0.3125 15
-0.19258394680489 -0.05654774905182 0.34375 15
-0.19258394680489 -0.05654774905182 0.375 15
-0.19258394680489 -0.05654774905182 0.40625 15
-0.19258394680489 -0.05654774905182 0.4375 15
-0.19258394680489 -0.05654774905182 0.46875 15
-0.18257613610831 -0.083379727833199 0.03125 15
-0.18257613610831 -0.083379727833199 0.0625 15
-0.18257613610831 -0.083379727833199 0.09375 15
-0.18257613610831 -0.083379727833199 0.125 15
-0.18257613610831 -0.083379727833199 0.15625 15
-0.18257613610831 -0.083379727833199 0.1875 15
-0.18257613610831 -0.083379727833199 0.21875 15
-0.18257613610831 -0.083379727833199 0.25 15
-0.18257613610831 -0.083379727833199 0.28125 15
-0.18257613610831 -0.083379727833199 0.3125 15
-0.18257613610831 -0.083379727833199 0.34375 15
-0.18257613610831 -0.083379727833199 0.375 15
-0.18257613610831 -0.083379727833199 0.40625 15
-0.18257613610831 -0.083379727833199 0.4375 15
-0.18257613610831 -0.083379727833199 0.46875 15
-0.16885160176548 -0.10851433578569 0.03125 15
-0.16885160176548 -0.10851433578569 0.0625 15
-0.16885160176548 -0.10851433578569 0.09375 15
-0.16885160176548 -0.10851433578569 0.125 15
-0.16885160176548 -0.10851433578569 0.15625 15
-0.16885160176548 -0.10851433578569 0.1875 15
-0.16885160176548 -0.10851433578569 0.21875 15
-0.16885160176548 -0.10851433578569 0.25 15
-0.16885160176548 -0.10851433578569 0.28125 15
-0.16885160176548 -0.10851433578569 0.3125 15
-0.16885160176548 -0.10851433578569 0.34375 15
-0.16885160176548 -0.10851433578569 0.375 15
-0.16885160176548 -0.10851433578569 0.40625 15
-0.16885160176548 -0.10851433578569 0.4375 15
-0.16885160176548 -0.10851433578569 0.46875 15
-0.15168973572114 -0.13143990477259 0.03125 15
-0.15168973572114 -0.13143990477259 0.0625 15
-0.15168973572114 -0.13143990477259 0.09375 15
-0.15168973572114 -0.13143990477259 0.125 15
-0.15168973572114 -0.13143990477259 0.15625 15
-0.15168973572114 -0.13143990477259 0.1875 15
-0.15168973572114 -0.13143990477259 0.21875 15
-0.15168973572114 -0.13143990477259 0.25 15
-0.15168973572114 -0.13143990477259 0.28125 15
-0.15168973572114 -0.13143990477259 0.3125 15
-0.15168973572114 -0.13143990477259 0.34375 15
-0.15168973572114 -0.13143990477259 0.375 15
-0.15168973572114 -0.13143990477259 0.40625 15
-0.15168973572114 -0.13143990477259 0.4375 15
-0.15168973572114 -0.13143990477259 0.46875 15
-0.13143990415222 -0.1516897362587 0.03125 15
-0.13143990415222 -0.1516897362587 0.0625 15
-0.13143990415222 -0.1516897362587 0.09375 15
-0.13143990415222 -0.1516897362587 0.125 15
-0.13143990415222 -0.1516897362587 0.15625 15
-0.13143990415222 -0.1516897362587 0.1875 15
-0.13143990415222 -0.1516897362587 0.21875 15
-0.13143990415222 -0.1516897362587 0.25 15
-0.13143990415222 -0.1516897362587 0.28125 15
-0.13143990415222 -0.1516897362587 0.3125 15
-0.13143990415222 -0.1516897362587 0.34375 15
-0.13143990415222 -0.1516897362587 0.375 15
-0.13143990415222 -0.1516897362587 0.40625 15
-0.13143990415222 -0.1516897362587 0.4375 15
-0.13143990415222 -0.1516897362587 0.46875 15
-0.10851433523194 -0.16885160212135 0.03125 15
-0.10851433523194 -0.16885160212135 0.0625 15
-0.10851433523194 -0.16885160212135 0.09375 15
-0.10851433523194 -0.16885160212135 0.125 15
-0.10851433523194 -0.16885160212135 0.15625 15
-0.10851433523194 -0.16885160212135 0.1875 15
-0.10851433523194 -0.16885160212135 0.21875 15
-0.10851433523194 -0.16885160212135 0.25 15
-0.10851433523194 -0.16885160212135 0.28125 15
-0.10851433523194 -0.16885160212135 0.3125 15
-0.10851433523194 -0.16885160212135 0.34375 15
-0.10851433523194 -0.16885160212135 0.375 15
-0.10851433523194 -0.16885160212135 0.40625 15
-0.10851433523194 -0.16885160212135 0.4375 15
-0.10851433523194 -0.16885160212135 0.46875 15
-0.083379727370324 -0.1825761363197 0.03125 15
-0.083379727370324 -0.1825761363197 0.0625 15
-0.083379727370324 -0.1825761363197 0.09375 15
-0.083379727370324 -0.1825761363197 0.125 15
-0.083379727370324 -0.1825761363197 0.15625 15
-0.083379727370324 -0.1825761363197 0.1875 15
-0.083379727370324 -0.1825761363197 0.21875 15
-0.083379727370324 -0.1825761363197 0.25 15
-0.083379727370324 -0.1825761363197 0.28125 15
-0.083379727370324 -0.1825761363197 0.3125 15
-0.083379727370324 -0.1825761363197 0.34375 15
-0.083379727370324 -0.1825761363197 0.375 15
-0.083379727370324 -0.1825761363197 0.40625 15
-0.083379727370324 -0.1825761363197 0.4375 15
-0.083379727370324 -0.1825761363197 0.46875 15
-0.056547748735395 -0.19258394689781 0.03125 15
-0.056547748735395 -0.19258394689781 0.0625 15
-0.056547748735395 -0.19258394689781 0.09375 15
-0.056547748735395 -0.19258394689781 0.125 15
-0.056547748735395 -0.19258394689781 0.15625 15
-0.056547748735395 -0.19258394689781 0.1875 15
-0.056547748735395 -0.19258394689781 0.21875 15
-0.056547748735395 -0.19258394689781 0.25 15
-0.056547748735395 -0.19258394689781 0.28125 15
-0.056547748735395 -0.19258394689781 0.3125 15
-0.056547748735395 -0.19258394689781 0.34375 15
-0.056547748735395 -0.19258394689781 0.375 15
-0.056547748735395 -0.19258394689781 0.40625 15
-0.056547748735395 -0.19258394689781 0.4375 15
-0.056547748735395 -0.19258394689781 0.46875 15
-0.028564621021347 -0.1986713037046 0.03125 15
-0.028564621021347 -0.1986713037046 0.0625 15
-0.028564621021347 -0.1986713037046 0.09375 15
-0.028564621021347 -0.1986713037046 0.125 15
-0.028564621021347 -0.1986713037046 0.15625 15
-0.028564621021347 -0.1986713037046 0.1875 15
-0.028564621021347 -0.1986713037046 0.21875 15
-0.028564621021347 -0.1986713037046 0.25 15
-0.028564621021347 -0.1986713037046 0.28125 15
-0.028564621021347 -0.1986713037046 0.3125 15
-0.028564621021347 -0.1986713037046 0.34375 15
-0.028564621021347 -0.1986713037046 0.375 15
-0.028564621021347 -0.1986713037046 0.40625 15
-0.028564621021347 -0.1986713037046 0.4375 15
-0.028564621021347 -0.1986713037046 0.46875 15
0.018399275559728 -0.1279697721231 0.03125 15
0.018399275559728 -0.1279697721231 0.0625 15
0.018399275559728 -0.1279697721231 0.09375 15
0.018399275559728 -0.1279697721231 0.125 15
0.018399275559728 -0.1279697721231 0.15625 15
0.018399275559728 -0.1279697721231 0.1875 15
0.018399275559728 -0.1279697721231 0.21875 15
0.018399275559728 -0.1279697721231 0.25 15
0.018399275559728 -0.1279697721231 0.28125 15
0.018399275559728 -0.1279697721231 0.3125 15
0.018399275559728 -0.1279697721231 0.34375 15
0.018399275559728 -0.1279697721231 0.375 15
0.018399275559728 -0.1279697721231 0.40625 15
0.018399275559728 -0.1279697721231 0.4375 15
0.018399275559728 -0.1279697721231 0.46875 15
0.036423994939412 -0.12404873441924 0.03125 15
0.036423994939412 -0.12404873441924 0.0625 15
0.036423994939412 -0.12404873441924 0.09375 15
0.036423994939412 -0.12404873441924 0.125 15
0.036423994939412 -0.12404873441924 0.15625 15
0.036423994939412 -0.12404873441924 0.1875 15
0.036423994939412 -0.12404873441924 0.21875 15
0.036423994939412 -0.12404873441924 0.25 15
0.036423994939412 -0.12404873441924 0.28125 15
0.036423994939412 -0.12404873441924 0.3125 15
0.036423994939412 -0.12404873441924 0.34375 15
0.036423994939412 -0.12404873441924 0.375 15
0.036423994939412 -0.12404873441924 0.40625 15
0.036423994939412 -0.12404873441924 0.4375 15
0.036423994939412 -0.12404873441924 0.46875 15
0.053707226823105 -0.1176024221916 0.03125 15
0.053707226823105 -0.1176024221916 0.0625 15
0.053707226823105 -0.1176024221916 0.09375 15
0.053707226823105 -0.1176024221916 0.125 15
0.053707226823105 -0.1176024221916 0.15625 15
0.053707226823105 -0.1176024221916 0.1875 15
0.053707226823105 -0.1176024221916 0.21875 15
0.053707226823105 -0.1176024221916 0.25 15
0.053707226823105 -0.1176024221916 0.28125 15
0.053707226823105 -0.1176024221916 0.3125 15
0.053707226823105 -0.1176024221916 0.34375 15
0.053707226823105 -0.1176024221916 0.375 15
0.053707226823105 -0.1176024221916 0.40625 15
0.053707226823105 -0.1176024221916 0.4375 15
0.053707226823105 -0.1176024221916 0.46875 15
0.069897134429651 -0.10876206377632 0.03125 15
0.069897134429651 -0.10876206377632 0.0625 15
0.069897134429651 -0.10876206377632 0.09375 15
0.069897134429651 -0.10876206377632 0.125 15
0.069897134429651 -0.10876206377632 0.15625 15
0.069897134429651 -0.10876206377632 0.1875 15
0.069897134429651 -0.10876206377632 0.21875 15
0.069897134429651 -0.10876206377632 0.25 15
0.069897134429651 -0.10876206377632 0.28125 15
0.069897134429651 -0.10876206377632 0.3125 15
0.069897134429651 -0.10876206377632 0.34375 15
0.069897134429651 -0.10876206377632 0.375 15
0.069897134429651 -0.10876206377632 0.40625 15
0.069897134429651 -0.10876206377632 0.4375 15
0.069897134429651 -0.10876206377632 0.46875 15
0.084664137944425 -0.097707623369356 0.03125 15
0.084664137944425 -0.097707623369356 0.0625 15
0.084664137944425 -0.097707623369356 0.09375 15
0.084664137944425 -0.097707623369356 0.125 15
0.084664137944425 -0.097707623369356 0.15625 15
0.084664137944425 -0.097707623369356 0.1875 15
0.084664137944425 -0.097707623369356 0.21875 15
0.084664137944425 -0.097707623369356 0.25 15
0.084664137944425 -0.097707623369356 0.28125 15
0.084664137944425 -0.097707623369356 0.3125 15
0.084664137944425 -0.097707623369356 0.34375 15
0.084664137944425 -0.097707623369356 0.375 15
0.084664137944425 -0.097707623369356 0.40625 15
0.084664137944425 -0.097707623369356 0.4375 15
0.084664137944425 -0.097707623369356 0.46875 15
0.097707623714805 -0.084664137545756 0.03125 15
0.097707623714805 -0.084664137545756 0.0625 15
0.097707623714805 -0.084664137545756 0.09375 15
0.097707623714805 -0.084664137545756 0.125 15
0.097707623714805 -0.084664137545756 0.15625 15
0.097707623714805 -0.084664137545756 0.1875 15
0.097707623714805 -0.084664137545756 0.21875 15
0.097707623714805 -0.084664137545756 0.25 15
0.097707623714805 -0.084664137545756 0.28125 15
0.097707623714805 -0.084664137545756 0.3125 15
0.097707623714805 -0.084664137545756 0.34375 15
0.097707623714805 -0.084664137545756 0.375 15
0.097707623714805 -0.084664137545756 0.40625 15
0.097707623714805 -0.084664137545756 0.4375 15
0.097707623714805 -0.084664137545756 0.46875 15
0.10876206400345 -0.069897134076233 0.03125 15
0.10876206400345 -0.069897134076233 0.0625 15
0.10876206400345 -0.069897134076233 0.09375 15
0.10876206400345 -0.069897134076233 0.125 15
0.10876206400345 -0.069897134076233 0.15625 15
0.10876206400345 -0.069897134076233 0.1875 15
0.10876206400345 -0.069897134076233 0.21875 15
0.10876206400345 -0.069897134076233 0.25 15
0.10876206400345 -0.069897134076233 0.28125 15
0.10876206400345 -0.069897134076233 0.3125 15
0.10876206400345 -0.069897134076233 0.34375 15
0.10876206400345 -0.069897134076233 0.375 15
0.10876206400345 -0.069897134076233 0.40625 15
0.10876206400345 -0.069897134076233 0.4375 15
0.10876206400345 -0.069897134076233 0.46875 15
0.11760242232969 -0.05370722652073 0.03125 15
0.11760242232969 -0.05370722652073 0.0625 15
0.11760242232969 -0.05370722652073 0.09375 15
0.11760242232969 -0.05370722652073 0.125 15
0.11760242232969 -0.05370722652073 0.15625 15
0.11760242232969 -0.05370722652073 0.1875 15
0.11760242232969 -0.05370722652073 0.21875 15
0.11760242232969 -0.05370722652073 0.25 15
0.11760242232969 -0.05370722652073 0.28125 15
0.11760242232969 -0.05370722652073 0.3125 15
0.11760242232969 -0.05370722652073 0.34375 15
0.11760242232969 -0.05370722652073 0.375 15
0.11760242232969 -0.05370722652073 0.40625 15
0.11760242232969 -0.05370722652073 0.4375 15
0.11760242232969 -0.05370722652073 0.46875 15
0.12404873448089 -0.036423994729422 0.03125 15
0.12404873448089 -0.036423994729422 0.0625 15
0.12404873448089 -0.036423994729422 0.09375 15
0.12404873448089 -0.036423994729422 0.125 15
0.12404873448089 -0.036423994729422 0.15625 15
0.12404873448089 -0.036423994729422 0.1875 15
0.12404873448089 -0.036423994729422 0.21875 15
0.12404873448089 -0.036423994729422 0.25 15
0.12404873448089 -0.036423994729422 0.28125 15
0.12404873448089 -0.036423994729422 0.3125 15
0.12404873448089 -0.036423994729422 0.34375 15
0.12404873448089 -0.036423994729422 0.375 15
0.12404873448089 -0.036423994729422 0.40625 15
0.12404873448089 -0.036423994729422 0.4375 15
0.12404873448089 -0.036423994729422 0.46875 15
0.12796977213764 -0.018399275458588 0.03125 15
0.12796977213764 -0.018399275458588 0.0625 15
0.12796977213764 -0.018399275458588 0.09375 15
0.12796977213764 -0.018399275458588 0.125 15
0.12796977213764 -0.018399275458588 0.15625 15
0.12796977213764 -0.018399275458588 0.1875 15
0.12796977213764 -0.018399275458588 0.21875 15
0.12796977213764 -0.018399275458588 0.25 15
0.12796977213764 -0.018399275458588 0.28125 15
0.12796977213764 -0.018399275458588 0.3125 15
0.12796977213764 -0.018399275458588 0.34375 15
0.12796977213764 -0.018399275458588 0.375 15
0.12796977213764 -0.018399275458588 0.40625 15
0.12796977213764 -0.018399275458588 0.4375 15
0.12796977213764 -0.018399275458588 0.46875 15
0.020432344682835 -0.14211007843493 0.03125 15
0.020432344682835 -0.14211007843493 0.0625 15
0.020432344682835 -0.14211007843493 0.09375 15
0.020432344682835 -0.14211007843493 0.125 15
0.020432344682835 -0.14211007843493 0.15625 15
0.020432344682835 -0.14211007843493 0.1875 15
0.020432344682835 -0.14211007843493 0.21875 15
0.020432344682835 -0.14211007843493 0.25 15
0.020432344682835 -0.14211007843493 0.28125 15
0.020432344682835 -0.14211007843493 0.3125 15
0.020432344682835 -0.14211007843493 0.34375 15
0.020432344682835 -0.14211007843493 0.375 15
0.020432344682835 -0.14211007843493 0.40625 15
0.020432344682835 -0.14211007843493 0.4375 15
0.020432344682835 -0.14211007843493 0.46875 15
0.040448745761883 -0.13775577689633 0.03125 15
0.040448745761883 -0.13775577689633 0.0625 15
0.040448745761883 -0.13775577689633 0.09375 15
0.040448745761883 -0.13775577689633 0.125 15
0.040448745761883 -0.13775577689633 0.15625 15
0.040448745761883 -0.13775577689633 0.1875 15
0.040448745761883 -0.13775577689633 0.21875 15
0.040448745761883 -0.13775577689633 0.25 15
0.040448745761883 -0.13775577689633 0.28125 15
0.040448745761883 -0.13775577689633 0.3125 15
0.040448745761883 -0.13775577689633 0.34375 15
0.040448745761883 -0.13775577689633 0.375 15
0.040448745761883 -0.13775577689633 0.40625 15
0.040448745761883 -0.13775577689633 0.4375 15
0.040448745761883 -0.13775577689633 0.46875 15
0.059641727025108 -0.13059716497491 0.03125 15
0.059641727025108 -0.13059716497491 0.0625 15
0.059641727025108 -0.13059716497491 0.09375 15
0.059641727025108 -0.13059716497491 0.125 15
0.059641727025108 -0.13059716497491 0.15625 15
0.059641727025108 -0.13059716497491 0.1875 15
0.059641727025108 -0.13059716497491 0.21875 15
0.059641727025108 -0.13059716497491 0.25 15
0.059641727025108 -0.13059716497491 0.28125 15
0.059641727025108 -0.13059716497491 0.3125 15
0.059641727025108 -0.13059716497491 0.34375 15
0.059641727025108 -0.13059716497491 0.375 15
0.059641727025108 -0.13059716497491 0.40625 15
0.059641727025108 -0.13059716497491 0.4375 15
0.059641727025108 -0.13059716497491 0.46875 15
0.077620574700838 -0.12077997137412 0.03125 15
0.077620574700838 -0.12077997137412 0.0625 15
0.077620574700838 -0.12077997137412 0.09375 15
0.077620574700838 -0.12077997137412 0.125 15
0.077620574700838 -0.12077997137412 0.15625 15
0.077620574700838 -0.12077997137412 0.1875 15
0.077620574700838 -0.12077997137412 0.21875 15
0.077620574700838 -0.12077997137412 0.25 15
0.077620574700838 -0.12077997137412 0.28125 15
0.077620574700838 -0.12077997137412 0.3125 15
0.077620574700838 -0.12077997137412 0.34375 15
0.077620574700838 -0.12077997137412 0.375 15
0.077620574700838 -0.12077997137412 0.40625 15
0.077620574700838 -0.12077997137412 0.4375 15
0.077620574700838 -0.12077997137412 0.46875 15
0.094019291310033 -0.10850404583968 0.03125 15
0.094019291310033 -0.10850404583968 0.0625 15
0.094019291310033 -0.10850404583968 0.09375 15
0.094019291310033 -0.10850404583968 0.125 15
0.094019291310033 -0.10850404583968 0.15625 15
0.094019291310033 -0.10850404583968 0.1875 15
0.094019291310033 -0.10850404583968 0.21875 15
0.094019291310033 -0.10850404583968 0.25 15
0.094019291310033 -0.10850404583968 0.28125 15
0.094019291310033 -0.10850404583968 0.3125 15
0.094019291310033 -0.10850404583968 0.34375 15
0.094019291310033 -0.10850404583968 0.375 15
0.094019291310033 -0.10850404583968 0.40625 15
0.094019291310033 -0.10850404583968 0.4375 15
0.094019291310033 -0.10850404583968 0.46875 15
0.10850404622355 -0.094019290867023 0.03125 15
0.10850404622355 -0.094019290867023 0.0625 15
0.10850404622355 -0.094019290867023 0.09375 15
0.10850404622355 -0.094019290867023 0.125 15
0.10850404622355 -0.094019290867023 0.15625 15
0.10850404622355 -0.094019290867023 0.1875 15
0.10850404622355 -0.094019290867023 0.21875 15
0.10850404622355 -0.094019290867023 0.25 15
0.10850404622355 -0.094019290867023 0.28125 15
0.10850404622355 -0.094019290867023 0.3125 15
0.10850404622355 -0.094019290867023 0.34375 15
0.10850404622355 -0.094019290867023 0.375 15
0.10850404622355 -0.094019290867023 0.40625 15
0.10850404622355 -0.094019290867023 0.4375 15
0.10850404622355 -0.094019290867023 0.46875 15
0.12077997162699 -0.077620574307354 0.03125 15
0.12077997162699 -0.077620574307354 0.0625 15
0.12077997162699 -0.077620574307354 0.09375 15
0.12077997162699 -0.077620574307354 0.125 15
0.12077997162699 -0.077620574307354 0.15625 15
0.12077997162699 -0.077620574307354 0.1875 15
0.12077997162699 -0.077620574307354 0.21875 15
0.12077997162699 -0.077620574307354 0.25 15
0.12077997162699 -0.077620574307354 0.28125 15
0.12077997162699 -0.077620574307354 0.3125 15
0.12077997162699 -0.077620574307354 0.34375 15
0.12077997162699 -0.077620574307354 0.375 15
0.12077997162699 -0.077620574307354 0.40625 15
0.12077997162699 -0.077620574307354 0.4375 15
0.12077997162699 -0.077620574307354 0.46875 15
0.13059716512766 -0.059641726690633 0.03125 15
0.13059716512766 -0.059641726690633 0.0625 15
0.13059716512766 -0.059641726690633 0.09375 15
0.13059716512766 -0.059641726690633 0.125 15
0.13059716512766 -0.059641726690633 0.15625 15
0.13059716512766 -0.059641726690633 0.1875 15
0.13059716512766 -0.059641726690633 0.21875 15
0.13059716512766 -0.059641726690633 0.25 15
0.13059716512766 -0.059641726690633 0.28125 15
0.13059716512766 -0.059641726690633 0.3125 15
0.13059716512766 -0.059641726690633 0.34375 15
0.13059716512766 -0.059641726690633 0.375 15
0.13059716512766 -0.059641726690633 0.40625 15
0.13059716512766 -0.059641726690633 0.4375 15
0.13059716512766 -0.059641726690633 0.46875 15
0.13775577696424 -0.040448745530606 0.03125 15
0.13775577696424 -0.040448745530606 0.0625 15
0.13775577696424 -0.040448745530606 0.09375 15
0.13775577696424 -0.040448745530606 0.125 15
0.13775577696424 -0.040448745530606 0.15625 15
0.13775577696424 -0.040448745530606 0.1875 15
0.13775577696424 -0.040448745530606 0.21875 15
0.13775577696424 -0.040448745530606 0.25 15
0.13775577696424 -0.040448745530606 0.28125 15
0.13775577696424 -0.040448745530606 0.3125 15
0.13775577696424 -0.040448745530606 0.34375 15
0.13775577696424 -0.040448745530606 0.375 15
0.13775577696424 -0.040448745530606 0.40625 15
0.13775577696424 -0.040448745530606 0.4375 15
0.13775577696424 -0.040448745530606 0.46875 15
0.14211007845099 -0.020432344571134 0.03125 15
0.14211007845099 -0.020432344571134 0.0625 15
0.14211007845099 -0.020432344571134 0.09375 15
0.14211007845099 -0.020432344571134 0.125 15
0.14211007845099 -0.020432344571134 0.15625 15
0.14211007845099 -0.020432344571134 0.1875 15
0.14211007845099 -0.020432344571134 0.21875 15
0.14211007845099 -0.020432344571134 0.25 15
0.14211007845099 -0.020432344571134 0.28125 15
0.14211007845099 -0.020432344571134 0.3125 15
0.14211007845099 -0.020432344571134 0.34375 15
0.14211007845099 -0.020432344571134 0.375 15
0.14211007845099 -0.020432344571134 0.40625 15
0.14211007845099 -0.020432344571134 0.4375 15
0.14211007845099 -0.020432344571134 0.46875 15
0.022465413805942 -0.15625038474677 0.03125 15
0.022465413805942 -0.15625038474677 0.0625 15
0.022465413805942 -0.15625038474677 0.09375 15
0.022465413805942 -0.15625038474677 0.125 15
0.022465413805942 -0.15625038474677 0.15625 15
0.022465413805942 -0.15625038474677 0.1875 15
0.022465413805942 -0.15625038474677 0.21875 15
0.022465413805942 -0.15625038474677 0.25 15
0.022465413805942 -0.15625038474677 0.28125 15
0.022465413805942 -0.15625038474677 0.3125 15
0.022465413805942 -0.15625038474677 0.34375 15
0.022465413805942 -0.15625038474677 0.375 15
0.022465413805942 -0.15625038474677 0.40625 15
0.022465413805942 -0.15625038474677 0.4375 15
0.022465413805942 -0.15625038474677 0.46875 15
0.044473496584353 -0.15146281937342 0.03125 15
0.044473496584353 -0.15146281937342 0.0625 15
0.044473496584353 -0.15146281937342 0.09375 15
0.044473496584353 -0.15146281937342 0.125 15
0.044473496584353 -0.15146281937342 0.15625 15
0.044473496584353 -0.15146281937342 0.1875 15
0.044473496584353 -0.15146281937342 0.21875 15
0.044473496584353 -0.15146281937342 0.25 15
0.044473496584353 -0.15146281937342 0.28125 15
0.044473496584353 -0.15146281937342 0.3125 15
0.044473496584353 -0.15146281937342 0.34375 15
0.044473496584353 -0.15146281937342 0.375 15
0.044473496584353 -0.15146281937342 0.40625 15
0.044473496584353 -0.15146281937342 0.4375 15
0.044473496584353 -0.15146281937342 0.46875 15
0.06557622722711 -0.14359190775821 0.03125 15
0.06557622722711 -0.14359190775821 0.0625 15
0.06557622722711 -0.14359190775821 0.09375 15
0.06557622722711 -0.14359190775821 0.125 15
0.06557622722711 -0.14359190775821 0.15625 15
0.06557622722711 -0.14359190775821 0.1875 15
0.06557622722711 -0.14359190775821 0.21875 15
0.06557622722711 -0.14359190775821 0.25 15
0.06557622722711 -0.14359190775821 0.28125 15
0.06557622722711 -0.14359190775821 0.3125 15
0.06557622722711 -0.14359190775821 0.34375 15
0.06557622722711 -0.14359190775821 0.375 15
0.06557622722711 -0.14359190775821 0.40625 15
0.06557622722711 -0.14359190775821 0.4375 15
0.06557622722711 -0.14359190775821 0.46875 15
0.085344014972024 -0.13279787897192 0.03125 15
0.085344014972024 -0.13279787897192 0.0625 15
0.085344014972024 -0.13279787897192 0.09375 15
0.085344014972024 -0.13279787897192 0.125 15
0.085344014972024 -0.13279787897192 0.15625 15
0.085344014972024 -0.13279787897192 0.1875 15
0.085344014972024 -0.13279787897192 0.21875 15
0.085344014972024 -0.13279787897192 0.25 15
0.085344014972024 -0.13279787897192 0.28125 15
0.085344014972024 -0.13279787897192 0.3125 15
0.085344014972024 -0.13279787897192 0.34375 15
0.085344014972024 -0.13279787897192 0.375 15
0.085344014972024 -0.13279787897192 0.40625 15
0.085344014972024 -0.13279787897192 0.4375 15
0.085344014972024 -0.13279787897192 0.46875 15
0.10337444467564 -0.11930046831001 0.03125 15
0.10337444467564 -0.11930046831001 0.0625 15
0.10337444467564 -0.11930046831001 0.09375 15
0.10337444467564 -0.11930046831001 0.125 15
0.10337444467564 -0.11930046831001 0.15625 15
0.10337444467564 -0.11930046831001 0.1875 15
0.10337444467564 -0.11930046831001 0.21875 15
0.10337444467564 -0.11930046831001 0.25 15
0.10337444467564 -0.11930046831001 0.28125 15
0.10337444467564 -0.11930046831001 0.3125 15
0.10337444467564 -0.11930046831001 0.34375 15
0.10337444467564 -0.11930046831001 0.375 15
0.10337444467564 -0.11930046831001 0.40625 15
0.10337444467564 -0.11930046831001 0.4375 15
0.10337444467564 -0.11930046831001 0.46875 15
0.1193004687323 -0.10337444418829 0.03125 15
0.1193004687323 -0.10337444418829 0.0625 15
0.1193004687323 -0.10337444418829 0.09375 15
0.1193004687323 -0.10337444418829 0.125 15
0.1193004687323 -0.10337444418829 0.15625 15
0.1193004687323 -0.10337444418829 0.1875 15
0.1193004687323 -0.10337444418829 0.21875 15
0.1193004687323 -0.10337444418829 0.25 15
0.1193004687323 -0.10337444418829 0.28125 15
0.1193004687323 -0.10337444418829 0.3125 15
0.1193004687323 -0.10337444418829 0.34375 15
0.1193004687323 -0.10337444418829 0.375 15
0.1193004687323 -0.10337444418829 0.40625 15
0.1193004687323 -0.10337444418829 0.4375 15
0.1193004687323 -0.10337444418829 0.46875 15
0.13279787925054 -0.085344014538475 0.03125 15
0.13279787925054 -0.085344014538475 0.0625 15
0.13279787925054 -0.085344014538475 0.09375 15
0.13279787925054 -0.085344014538475 0.125 15
0.13279787925054 -0.085344014538475 0.15625 15
0.13279787925054 -0.085344014538475 0.1875 15
0.13279787925054 -0.085344014538475 0.21875 15
0.13279787925054 -0.085344014538475 0.25 15
0.13279787925054 -0.085344014538475 0.28125 15
0.13279787925054 -0.085344014538475 0.3125 15
0.13279787925054 -0.085344014538475 0.34375 15
0.13279787925054 -0.085344014538475 0.375 15
0.13279787925054 -0.085344014538475 0.40625 15
0.13279787925054 -0.085344014538475 0.4375 15
0.13279787925054 -0.085344014538475 0.46875 15
0.14359190792562 -0.065576226860536 0.03125 15
0.14359190792562 -0.065576226860536 0.0625 15
0.14359190792562 -0.065576226860536 0.09375 15
0.14359190792562 -0.065576226860536 0.125 15
0.14359190792562 -0.065576226860536 0.15625 15
0.14359190792562 -0.065576226860536 0.1875 15
0.14359190792562 -0.065576226860536 0.21875 15
0.14359190792562 -0.065576226860536 0.25 15
0.14359190792562 -0.065576226860536 0.28125 15
0.14359190792562 -0.065576226860536 0.3125 15
0.14359190792562 -0.065576226860536 0.34375 15
0.14359190792562 -0.065576226860536 0.375 15
0.14359190792562 -0.065576226860536 0.40625 15
0.14359190792562 -0.065576226860536 0.4375 15
0.14359190792562 -0.065576226860536 0.46875 15
0.15146281944758 -0.04447349633179 0.03125 15
0.15146281944758 -0.04447349633179 0.0625 15
0.15146281944758 -0.04447349633179 0.09375 15
0.15146281944758 -0.04447349633179 0.125 15
0.15146281944758 -0.04447349633179 0.15625 15
0.15146281944758 -0.04447349633179 0.1875 15
0.15146281944758 -0.04447349633179 0.21875 15
0.15146281944758 -0.04447349633179 0.25 15
0.15146281944758 -0.04447349633179 0.28125 15
0.15146281944758 -0.04447349633179 0.3125 15
0.15146281944758 -0.04447349633179 0.34375 15
0.15146281944758 -0.04447349633179 0.375 15
0.15146281944758 -0.04447349633179 0.40625 15
0.15146281944758 -0.04447349633179 0.4375 15
0.15146281944758 -0.04447349633179 0.46875 15
0.15625038476435 -0.02246541368368 0.03125 15
0.15625038476435 -0.02246541368368 0.0625 15
0.15625038476435 -0.02246541368368 0.09375 15
0.15625038476435 -0.02246541368368 0.125 15
0.15625038476435 -0.02246541368368 0.15625 15
0.15625038476435 -0.02246541368368 0.1875 15
0.15625038476435 -0.02246541368368 0.21875 15
0.15625038476435 -0.02246541368368 0.25 15
0.15625038476435 -0.02246541368368 0.28125 15
0.15625038476435 -0.02246541368368 0.3125 15
0.15625038476435 -0.02246541368368 0.34375 15
0.15625038476435 -0.02246541368368 0.375 15
0.15625038476435 -0.02246541368368 0.40625 15
0.15625038476435 -0.02246541368368 0.4375 15
0.15625038476435 -0.02246541368368 0.46875 15
0.024498482929055 -0.17039069105864 0.03125 15
0.024498482929055 -0.17039069105864 0.0625 15
0.024498482929055 -0.17039069105864 0.09375 15
0.024498482929055 -0.17039069105864 0.125 15
0.024498482929055 -0.17039069105864 0.15625 15
0.024498482929055 -0.17039069105864 0.1875 15
0.024498482929055 -0.17039069105864 0.21875 15
0.024498482929055 -0.17039069105864 0.25 15
0.024498482929055 -0.17039069105864 0.28125 15
0.024498482929055 -0.17039069105864 0.3125 15
0.024498482929055 -0.17039069105864 0.34375 15
0.024498482929055 -0.17039069105864 0.375 15
0.024498482929055 -0.17039069105864 0.40625 15
0.024498482929055 -0.17039069105864 0.4375 15
0.024498482929055 -0.17039069105864 0.46875 15
0.048498247406835 -0.16516986185056 0.03125 15
0.048498247406835 -0.16516986185056 0.0625 15
0.048498247406835 -0.16516986185056 0.09375 15
0.048498247406835 -0.16516986185056 0.125 15
0.048498247406835 -0.16516986185056 0.15625 15
0.048498247406835 -0.16516986185056 0.1875 15
0.048498247406835 -0.16516986185056 0.21875 15
0.048498247406835 -0.16516986185056 0.25 15
0.048498247406835 -0.16516986185056 0.28125 15
0.048498247406835 -0.16516986185056 0.3125 15
0.048498247406835 -0.16516986185056 0.34375 15
0.048498247406835 -0.16516986185056 0.375 15
0.048498247406835 -0.16516986185056 0.40625 15
0.048498247406835 -0.16516986185056 0.4375 15
0.048498247406835 -0.16516986185056 0.46875 15
0.071510727429129 -0.15658665054156 0.03125 15
0.071510727429129 -0.15658665054156 0.0625 15
0.071510727429129 -0.15658665054156 0.09375 15
0.071510727429129 -0.15658665054156 0.125 15
0.071510727429129 -0.15658665054156 0.15625 15
0.071510727429129 -0.15658665054156 0.1875 15
0.071510727429129 -0.15658665054156 0.21875 15
0.071510727429129 -0.15658665054156 0.25 15
0.071510727429129 -0.15658665054156 0.28125 15
0.071510727429129 -0.15658665054156 0.3125 15
0.071510727429129 -0.15658665054156 0.34375 15
0.071510727429129 -0.15658665054156 0.375 15
0.071510727429129 -0.15658665054156 0.40625 15
0.071510727429129 -0.15658665054156 0.4375 15
0.071510727429129 -0.15658665054156 0.46875 15
0.093067455243231 -0.14481578656975 0.03125 15
0.093067455243231 -0.14481578656975 0.0625 15
0.093067455243231 -0.14481578656975 0.09375 15
0.093067455243231 -0.14481578656975 0.125 15
0.093067455243231 -0.14481578656975 0.15625 15
0.093067455243231 -0.14481578656975 0.1875 15
0.093067455243231 -0.14481578656975 0.21875 15
0.093067455243231 -0.14481578656975 0.25 15
0.093067455243231 -0.14481578656975 0.28125 15
0.093067455243231 -0.14481578656975 0.3125 15
0.093067455243231 -0.14481578656975 0.34375 15
0.093067455243231 -0.14481578656975 0.375 15
0.093067455243231 -0.14481578656975 0.40625 15
0.093067455243231 -0.14481578656975 0.4375 15
0.093067455243231 -0.14481578656975 0.46875 15
0.11272959804127 -0.13009689078037 0.03125 15
0.11272959804127 -0.13009689078037 0.0625 15
0.11272959804127 -0.13009689078037 0.09375 15
0.11272959804127 -0.13009689078037 0.125 15
0.11272959804127 -0.13009689078037 0.15625 15
0.11272959804127 -0.13009689078037 0.1875 15
0.11272959804127 -0.13009689078037 0.21875 15
0.11272959804127 -0.13009689078037 0.25 15
0.11272959804127 -0.13009689078037 0.28125 15
0.11272959804127 -0.13009689078037 0.3125 15
0.11272959804127 -0.13009689078037 0.34375 15
0.11272959804127 -0.13009689078037 0.375 15
0.11272959804127 -0.13009689078037 0.40625 15
0.11272959804127 -0.13009689078037 0.4375 15
0.11272959804127 -0.13009689078037 0.46875 15
0.13009689124108 -0.11272959750958 0.03125 15
0.13009689124108 -0.11272959750958 0.0625 15
0.13009689124108 -0.11272959750958 0.09375 15
0.13009689124108 -0.11272959750958 0.125 15
0.13009689124108 -0.11272959750958 0.15625 15
0.13009689124108 -0.11272959750958 0.1875 15
0.13009689124108 -0.11272959750958 0.21875 15
0.13009689124108 -0.11272959750958 0.25 15
0.13009689124108 -0.11272959750958 0.28125 15
0.13009689124108 -0.11272959750958 0.3125 15
0.13009689124108 -0.11272959750958 0.34375 15
0.13009689124108 -0.11272959750958 0.375 15
0.13009689124108 -0.11272959750958 0.40625 15
0.13009689124108 -0.11272959750958 0.4375 15
0.13009689124108 -0.11272959750958 0.46875 15
0.14481578687412 -0.093067454769616 0.03125 15
0.14481578687412 -0.093067454769616 0.0625 15
0.14481578687412 -0.093067454769616 0.09375 15
0.14481578687412 -0.093067454769616 0.125 15
0.14481578687412 -0.093067454769616 0.15625 15
0.14481578687412 -0.093067454769616 0.1875 15
0.14481578687412 -0.093067454769616 0.21875 15
0.14481578687412 -0.093067454769616 0.25 15
0.14481578687412 -0.093067454769616 0.28125 15
0.14481578687412 -0.093067454769616 0.3125 15
0.14481578687412 -0.093067454769616 0.34375 15
0.14481578687412 -0.093067454769616 0.375 15
0.14481578687412 -0.093067454769616 0.40625 15
0.14481578687412 -0.093067454769616 0.4375 15
0.14481578687412 -0.093067454769616 0.46875 15
0.15658665072362 -0.071510727030454 0.03125 15
0.15658665072362 -0.071510727030454 0.0625 15
0.15658665072362 -0.071510727030454 0.09375 15
0.15658665072362 -0.071510727030454 0.125 15
0.15658665072362 -0.071510727030454 0.15625 15
0.15658665072362 -0.071510727030454 0.1875 15
0.15658665072362 -0.071510727030454 0.21875 15
0.15658665072362 -0.071510727030454 0.25 15
0.15658665072362 -0.071510727030454 0.28125 15
0.15658665072362 -0.071510727030454 0.3125 15
0.15658665072362 -0.071510727030454 0.34375 15
0.15658665072362 -0.071510727030454 0.375 15
0.15658665072362 -0.071510727030454 0.40625 15
0.15658665072362 -0.071510727030454 0.4375 15
0.15658665072362 -0.071510727030454 0.46875 15
0.16516986193097 -0.048498247132984 0.03125 15
0.16516986193097 -0.048498247132984 0.0625 15
0.16516986193097 -0.048498247132984 0.09375 15
0.16516986193097 -0.048498247132984 0.125 15
0.16516986193097 -0.048498247132984 0.15625 15
0.16516986193097 -0.048498247132984 0.1875 15
0.16516986193097 -0.048498247132984 0.21875 15
0.16516986193097 -0.048498247132984 0.25 15
0.16516986193097 -0.048498247132984 0.28125 15
0.16516986193097 -0.048498247132984 0.3125 15
0.16516986193097 -0.048498247132984 0.34375 15
0.16516986193097 -0.048498247132984 0.375 15
0.16516986193097 -0.048498247132984 0.40625 15
0.16516986193097 -0.048498247132984 0.4375 15
0.16516986193097 -0.048498247132984 0.46875 15
0.17039069107774 -0.024498482796232 0.03125 15
0.17039069107774 -0.024498482796232 0.0625 15
0.17039069107774 -0.024498482796232 0.09375 15
0.17039069107774 -0.024498482796232 0.125 15
0.17039069107774 -0.024498482796232 0.15625 15
0.17039069107774 -0.024498482796232 0.1875 15
0.17039069107774 -0.024498482796232 0.21875 15
0.17039069107774 -0.024498482796232 0.25 15
0.17039069107774 -0.024498482796232 0.28125 15
0.17039069107774 -0.024498482796232 0.3125 15
0.17039069107774 -0.024498482796232 0.34375 15
0.17039069107774 -0.024498482796232 0.375 15
0.17039069107774 -0.024498482796232 0.40625 15
0.17039069107774 -0.024498482796232 0.4375 15
0.17039069107774 -0.024498482796232 0.46875 15
0.026531552052172 -0.18453099737055 0.03125 15
0.026531552052172 -0.18453099737055 0.0625 15
0.026531552052172 -0.18453099737055 0.09375 15
0.026531552052172 -0.18453099737055 0.125 15
0.026531552052172 -0.18453099737055 0.15625 15
0.026531552052172 -0.18453099737055 0.1875 15
0.026531552052172 -0.18453099737055 0.21875 15
0.026531552052172 -0.18453099737055 0.25 15
0.026531552052172 -0.18453099737055 0.28125 15
0.026531552052172 -0.18453099737055 0.3125 15
0.026531552052172 -0.18453099737055 0.34375 15
0.026531552052172 -0.18453099737055 0.375 15
0.026531552052172 -0.18453099737055 0.40625 15
0.026531552052172 -0.18453099737055 0.4375 15
0.026531552052172 -0.18453099737055 0.46875 15
0.052522998229326 -0.17887690432772 0.03125 15
0.052522998229326 -0.17887690432772 0.0625 15
0.052522998229326 -0.17887690432772 0.09375 15
0.052522998229326 -0.17887690432772 0.125 15
0.052522998229326 -0.17887690432772 0.15625 15
0.052522998229326 -0.17887690432772 0.1875 15
0.052522998229326 -0.17887690432772 0.21875 15
0.052522998229326 -0.17887690432772 0.25 15
0.052522998229326 -0.17887690432772 0.28125 15
0.052522998229326 -0.17887690432772 0.3125 15
0.052522998229326 -0.17887690432772 0.34375 15
0.052522998229326 -0.17887690432772 0.375 15
0.052522998229326 -0.17887690432772 0.40625 15
0.052522998229326 -0.17887690432772 0.4375 15
0.052522998229326 -0.17887690432772 0.46875 15
0.077445227631161 -0.16958139332493 0.03125 15
0.077445227631161 -0.16958139332493 0.0625 15
0.077445227631161 -0.16958139332493 0.09375 15
0.077445227631161 -0.16958139332493 0.125 15
0.077445227631161 -0.16958139332493 0.15625 15
0.077445227631161 -0.16958139332493 0.1875 15
0.077445227631161 -0.16958139332493 0.21875 15
0.077445227631161 -0.16958139332493 0.25 15
0.077445227631161 -0.16958139332493 0.28125 15
0.077445227631161 -0.16958139332493 0.3125 15
0.077445227631161 -0.16958139332493 0.34375 15
0.077445227631161 -0.16958139332493 0.375 15
0.077445227631161 -0.16958139332493 0.40625 15
0.077445227631161 -0.16958139332493 0.4375 15
0.077445227631161 -0.16958139332493 0.46875 15
0.10079089551446 -0.15683369416761 0.03125 15
0.10079089551446 -0.15683369416761 0.0625 15
0.10079089551446 -0.15683369416761 0.09375 15
0.10079089551446 -0.15683369416761 0.125 15
0.10079089551446 -0.15683369416761 0.15625 15
0.10079089551446 -0.15683369416761 0.1875 15
0.10079089551446 -0.15683369416761 0.21875 15
0.10079089551446 -0.15683369416761 0.25 15
0.10079089551446 -0.15683369416761 0.28125 15
0.10079089551446 -0.15683369416761 0.3125 15
0.10079089551446 -0.15683369416761 0.34375 15
0.10079089551446 -0.15683369416761 0.375 15
0.10079089551446 -0.15683369416761 0.40625 15
0.10079089551446 -0.15683369416761 0.4375 15
0.10079089551446 -0.15683369416761 0.46875 15
0.12208475140693 -0.14089331325075 0.03125 15
0.12208475140693 -0.14089331325075 0.0625 15
0.12208475140693 -0.14089331325075 0.09375 15
0.12208475140693 -0.14089331325075 0.125 15
0.12208475140693 -0.14089331325075 0.15625 15
0.12208475140693 -0.14089331325075 0.1875 15
0.12208475140693 -0.14089331325075 0.21875 15
0.12208475140693 -0.14089331325075 0.25 15
0.12208475140693 -0.14089331325075 0.28125 15
0.12208475140693 -0.14089331325075 0.3125 15
0.12208475140693 -0.14089331325075 0.34375 15
0.12208475140693 -0.14089331325075 0.375 15
0.12208475140693 -0.14089331325075 0.40625 15
0.12208475140693 -0.14089331325075 0.4375 15
0.12208475140693 -0.14089331325075 0.46875 15
0.14089331374989 -0.1220847508309 0.03125 15
0.14089331374989 -0.1220847508309 0.0625 15
0.14089331374989 -0.1220847508309 0.09375 15
0.14089331374989 -0.1220847508309 0.125 15
0.14089331374989 -0.1220847508309 0.15625 15
0.14089331374989 -0.1220847508309 0.1875 15
0.14089331374989 -0.1220847508309 0.21875 15
0.14089331374989 -0.1220847508309 0.25 15
0.14089331374989 -0.1220847508309 0.28125 15
0.14089331374989 -0.1220847508309 0.3125 15
0.14089331374989 -0.1220847508309 0.34375 15
0.14089331374989 -0.1220847508309 0.375 15
0.14089331374989 -0.1220847508309 0.40625 15
0.14089331374989 -0.1220847508309 0.4375 15
0.14089331374989 -0.1220847508309 0.46875 15
0.15683369449773 -0.10079089500078 0.03125 15
0.15683369449773 -0.10079089500078 0.0625 15
0.15683369449773 -0.10079089500078 0.09375 15
0.15683369449773 -0.10079089500078 0.125 15
0.15683369449773 -0.10079089500078 0.15625 15
0.15683369449773 -0.10079089500078 0.1875 15
0.15683369449773 -0.10079089500078 0.21875 15
0.15683369449773 -0.10079089500078 0.25 15
0.15683369449773 -0.10079089500078 0.28125 15
0.15683369449773 -0.10079089500078 0.3125 15
0.15683369449773 -0.10079089500078 0.34375 15
0.15683369449773 -0.10079089500078 0.375 15
0.15683369449773 -0.10079089500078 0.40625 15
0.15683369449773 -0.10079089500078 0.4375 15
0.15683369449773 -0.10079089500078 0.46875 15
0.16958139352165 -0.077445227200387 0.03125 15
0.16958139352165 -0.077445227200387 0.0625 15
0.16958139352165 -0.077445227200387 0.09375 15
0.16958139352165 -0.077445227200387 0.125 15
0.16958139352165 -0.077445227200387 0.15625 15
0.16958139352165 -0.077445227200387 0.1875 15
0.16958139352165 -0.077445227200387 0.21875 15
0.16958139352165 -0.077445227200387 0.25 15
0.16958139352165 -0.077445227200387 0.28125 15
0.16958139352165 -0.077445227200387 0.3125 15
0.16958139352165 -0.077445227200387 0.34375 15
0.16958139352165 -0.077445227200387 0.375 15
0.16958139352165 -0.077445227200387 0.40625 15
0.16958139352165 -0.077445227200387 0.4375 15
0.16958139352165 -0.077445227200387 0.46875 15
0.17887690441438 -0.052522997934188 0.03125 15
0.17887690441438 -0.052522997934188 0.0625 15
0.17887690441438 -0.052522997934188 0.09375 15
0.17887690441438 -0.052522997934188 0.125 15
0.17887690441438 -0.052522997934188 0.15625 15
0.17887690441438 -0.052522997934188 0.1875 15
0.17887690441438 -0.052522997934188 0.21875 15
0.17887690441438 -0.052522997934188 0.25 15
0.17887690441438 -0.052522997934188 0.28125 15
0.17887690441438 -0.052522997934188 0.3125 15
0.17887690441438 -0.052522997934188 0.34375 15
0.17887690441438 -0.052522997934188 0.375 15
0.17887690441438 -0.052522997934188 0.40625 15
0.17887690441438 -0.052522997934188 0.4375 15
0.17887690441438 -0.052522997934188 0.46875 15
0.18453099739116 -0.026531551908788 0.03125 15
0.18453099739116 -0.026531551908788 0.0625 15
0.18453099739116 -0.026531551908788 0.09375 15
0.18453099739116 -0.026531551908788 0.125 15
0.18453099739116 -0.026531551908788 0.15625 15
0.18453099739116 -0.026531551908788 0.1875 15
0.18453099739116 -0.026531551908788 0.21875 15
0.18453099739116 -0.026531551908788 0.25 15
0.18453099739116 -0.026531551908788 0.28125 15
0.18453099739116 -0.026531551908788 0.3125 15
0.18453099739116 -0.026531551908788 0.34375 15
0.18453099739116 -0.026531551908788 0.375 15
0.18453099739116 -0.026531551908788 0.40625 15
0.18453099739116 -0.026531551908788 0.4375 15
0.18453099739116 -0.026531551908788 0.46875 15
0.028564621175291 -0.19867130368247 0.03125 15
0.028564621175291 -0.19867130368247 0.0625 15
0.028564621175291 -0.19867130368247 0.09375 15
0.028564621175291 -0.19867130368247 0.125 15
0.028564621175291 -0.19867130368247 0.15625 15
0.028564621175291 -0.19867130368247 0.1875 15
0.028564621175291 -0.19867130368247 0.21875 15
0.028564621175291 -0.19867130368247 0.25 15
0.028564621175291 -0.19867130368247 0.28125 15
0.028564621175291 -0.19867130368247 0.3125 15
0.028564621175291 -0.19867130368247 0.34375 15
0.028564621175291 -0.19867130368247 0.375 15
0.028564621175291 -0.19867130368247 0.40625 15
0.028564621175291 -0.19867130368247 0.4375 15
0.028564621175291 -0.19867130368247 0.46875 15
0.05654774905182 -0.19258394680489 0.03125 15
0.05654774905182 -0.19258394680489 0.0625 15
0.05654774905182 -0.19258394680489 0.09375 15
0.05654774905182 -0.19258394680489 0.125 15
0.05654774905182 -0.19258394680489 0.15625 15
0.05654774905182 -0.19258394680489 0.1875 15
0.05654774905182 -0.19258394680489 0.21875 15
0.05654774905182 -0.19258394680489 0.25 15
0.05654774905182 -0.19258394680489 0.28125 15
0.05654774905182 -0.19258394680489 0.3125 15
0.05654774905182 -0.19258394680489 0.34375 15
0.05654774905182 -0.19258394680489 0.375 15
0.05654774905182 -0.19258394680489 0.40625 15
0.05654774905182 -0.19258394680489 0.4375 15
0.05654774905182 -0.19258394680489 0.46875 15
0.083379727833199 -0.18257613610831 0.03125 15
0.083379727833199 -0.18257613610831 0.0625 15
0.083379727833199 -0.18257613610831 0.09375 15
0.083379727833199 -0.18257613610831 0.125 15
0.083379727833199 -0.18257613610831 0.15625 15
0.083379727833199 -0.18257613610831 0.1875 15
0.083379727833199 -0.18257613610831 0.21875 15
0.083379727833199 -0.18257613610831 0.25 15
0.083379727833199 -0.18257613610831 0.28125 15
0.083379727833199 -0.18257613610831 0.3125 15
0.083379727833199 -0.18257613610831 0.34375 15
0.083379727833199 -0.18257613610831 0.375 15
0.083379727833199 -0.18257613610831 0.40625 15
0.083379727833199 -0.18257613610831 0.4375 15
0.083379727833199 -0.18257613610831 0.46875 15
0.10851433578569 -0.16885160176548 0.03125 15
0.10851433578569 -0.16885160176548 0.0625 15
0.10851433578569 -0.16885160176548 0.09375 15
0.10851433578569 -0.16885160176548 0.125 15
0.10851433578569 -0.16885160176548 0.15625 15
0.10851433578569 -0.16885160176548 0.1875 15
0.10851433578569 -0.16885160176548 0.21875 15
0.10851433578569 -0.16885160176548 0.25 15
0.10851433578569 -0.16885160176548 0.28125 15
0.10851433578569 -0.16885160176548 0.3125 15
0.10851433578569 -0.16885160176548 0.34375 15
0.10851433578569 -0.16885160176548 0.375 15
0.10851433578569 -0.16885160176548 0.40625 15
0.10851433578569 -0.16885160176548 0.4375 15
0.10851433578569 -0.16885160176548 0.46875 15
0.13143990477259 -0.15168973572114 0.03125 15
0.13143990477259 -0.15168973572114 0.0625 15
0.13143990477259 -0.15168973572114 0.09375 15
0.13143990477259 -0.15168973572114 0.125 15
0.13143990477259 -0.15168973572114 0.15625 15
0.13143990477259 -0.15168973572114 0.1875 15
0.13143990477259 -0.15168973572114 0.21875 15
0.13143990477259 -0.15168973572114 0.25 15
0.13143990477259 -0.15168973572114 0.28125 15
0.13143990477259 -0.15168973572114 0.3125 15
0.13143990477259 -0.15168973572114 0.34375 15
0.13143990477259 -0.15168973572114 0.375 15
0.13143990477259 -0.15168973572114 0.40625 15
0.13143990477259 -0.15168973572114 0.4375 15
0.13143990477259 -0.15168973572114 0.46875 15
0.1516897362587 -0.13143990415222 0.03125 15
0.1516897362587 -0.13143990415222 0.0625 15
0.1516897362587 -0.13143990415222 0.09375 15
0.1516897362587 -0.13143990415222 0.125 15
0.1516897362587 -0.13143990415222 0.15625 15
0.1516897362587 -0.13143990415222 0.1875 15
0.1516897362587 -0.13143990415222 0.21875 15
0.1516897362587 -0.13143990415222 0.25 15
0.1516897362587 -0.13143990415222 0.28125 15
0.1516897362587 -0.13143990415222 0.3125 15
0.1516897362587 -0.13143990415222 0.34375 15
0.1516897362587 -0.13143990415222 0.375 15
0.1516897362587 -0.13143990415222 0.40625 15
0.1516897362587 -0.13143990415222 0.4375 15
0.1516897362587 -0.13143990415222 0.46875 15
0.16885160212135 -0.10851433523194 0.03125 15
0.16885160212135 -0.10851433523194 0.0625 15
0.16885160212135 -0.10851433523194 0.09375 15
0.16885160212135 -0.10851433523194 0.125 15
0.16885160212135 -0.10851433523194 0.15625 15
0.16885160212135 -0.10851433523194 0.1875 15
0.16885160212135 -0.10851433523194 0.21875 15
0.16885160212135 -0.10851433523194 0.25 15
0.16885160212135 -0.10851433523194 0.28125 15
0.16885160212135 -0.10851433523194 0.3125 15
0.16885160212135 -0.10851433523194 0.34375 15
0.16885160212135 -0.10851433523194 0.375 15
0.16885160212135 -0.10851433523194 0.40625 15
0.16885160212135 -0.10851433523194 0.4375 15
0.16885160212135 -0.10851433523194 0.46875 15
0.1825761363197 -0.083379727370324 0.03125 15
0.1825761363197 -0.083379727370324 0.0625 15
0.1825761363197 -0.083379727370324 0.09375 15
0.1825761363197 -0.083379727370324 0.125 15
0.1825761363197 -0.083379727370324 0.15625 15
0.1825761363197 -0.083379727370324 0.1875 15
0.1825761363197 -0.083379727370324 0.21875 15
0.1825761363197 -0.083379727370324 0.25 15
0.1825761363197 -0.083379727370324 0.28125 15
0.1825761363197 -0.083379727370324 0.3125 15
0.1825761363197 -0.083379727370324 0.34375 15
0.1825761363197 -0.083379727370324 0.375 15
0.1825761363197 -0.083379727370324 0.40625 15
0.1825761363197 -0.083379727370324 0.4375 15
0.1825761363197 -0.083379727370324 0.46875 15
0.19258394689781 -0.056547748735395 0.03125 15
0.19258394689781 -0.056547748735395 0.0625 15
0.19258394689781 -0.056547748735395 0.09375 15
0.19258394689781 -0.056547748735395 0.125 15
0.19258394689781 -0.056547748735395 0.15625 15
0.19258394689781 -0.056547748735395 0.1875 15
0.19258394689781 -0.056547748735395 0.21875 15
0.19258394689781 -0.056547748735395 0.25 15
0.19258394689781 -0.056547748735395 0.28125 15
0.19258394689781 -0.056547748735395 0.3125 15
0.19258394689781 -0.056547748735395 0.34375 15
0.19258394689781 -0.056547748735395 0.375 15
0.19258394689781 -0.056547748735395 0.40625 15
0.19258394689781 -0.056547748735395 0.4375 15
0.19258394689781 -0.056547748735395 0.46875 15
0.1986713037046 -0.028564621021347 0.03125 15
0.1986713037046 -0.028564621021347 0.0625 15
0.1986713037046 -0.028564621021347 0.09375 15
0.1986713037046 -0.028564621021347 0.125 15
0.1986713037046 -0.028564621021347 0.15625 15
0.1986713037046 -0.028564621021347 0.1875 15
0.1986713037046 -0.028564621021347 0.21875 15
0.1986713037046 -0.028564621021347 0.25 15
0.1986713037046 -0.028564621021347 0.28125 15
0.1986713037046 -0.028564621021347 0.3125 15
0.1986713037046 -0.028564621021347 0.34375 15
0.1986713037046 -0.028564621021347 0.375 15
0.1986713037046 -0.028564621021347 0.40625 15
0.1986713037046 -0.028564621021347 0.4375 15
0.1986713037046 -0.028564621021347 0.46875 15

Edges
176
1 17 9
17 18 9
18 19 9
19 20 9
20 21 9
21 22 9
22 23 9
23 24 9
24 25 9
25 26 9
26 2 9
2 27 9
27 28 9
28 29 9
29 30 9
30 31 9
31 32 9
32 33 9
33 34 9
34 35 9
35 36 9
36 3 9
3 37 9
37 38 9
38 39 9
39 40 9
40 41 9
41 42 9
42 43 9
43 44 9
44 45 9
45 46 9
46 4 9
4 47 9
47 48 9
48 49 9
49 50 9
50 51 9
51 52 9
52 53 9
53 54 9
54 55 9
55 56 9
56 1 9
9 121 10
121 122 10
122 123 10
123 124 10
124 125 10
125 126 10
126 127 10
127 128 10
128 129 10
129 130 10
130 10 10
13 213 10
213 214 10
214 215 10
215 216 10
216 217 10
217 218 10
218 219 10
219 220 10
220 221 10
221 222 10
222 9 10
15 269 10
269 270 10
270 271 10
271 272 10
272 273 10
273 274 10
274 275 10
275 276 10
276 277 10
277 278 10
278 13 10
10 325 10
325 326 10
326 327 10
327 328 10
328 329 10
329 330 10
330 331 10
331 332 10
332 333 10
333 334 10
334 15 10
335 16 3
336 335 3
337 336 3
338 337 3
339 338 3
340 339 3
341 340 3
342 341 3
343 342 3
344 343 3
10 344 3
137 10 3
138 137 3
139 138 3
140 139 3
141 140 3
142 141 3
143 142 3
144 143 3
145 144 3
146 145 3
12 146 3
223 12 3
224 223 3
225 224 3
226 225 3
227 226 3
228 227 3
229 228 3
230 229 3
231 230 3
232 231 3
15 232 3
279 15 3
280 279 3
281 280 3
282 281 3
283 282 3
284 283 3
285 284 3
286 285 3
287 286 3
288 287 3
16 288 3
5 57 3
96 5 3
95 96 3
94 95 3
93 94 3
92 93 3
91 92 3
90 91 3
89 90 3
88 89 3
87 88 3
8 87 3
86 8 3
85 86 3
84 85 3
83 84 3
82 83 3
81 82 3
80 81 3
79 80 3
78 79 3
77 78 3
7 77 3
76 7 3
75 76 3
74 75 3
73 74 3
72 73 3
71 72 3
70 71 3
69 70 3
68 69 3
67 68 3
6 67 3
66 6 3
65 66 3
64 65 3
63 64 3
62 63 3
61 62 3
60 61 3
59 60 3
58 59 3
57 58 3


Triangles
4048
1 97 17 7
17 97 345 7
17 345 18 7
18 345 346 7
18 346 19 7
19 346 347 7
19 347 20 7
20 347 348 7
20 348 21 7
21 348 349 7
21 349 22 7
22 349 350 7
22 350 23 7
23 350 351 7
23 351 24 7
24 351 352 7
24 352 25 7
25 352 353 7
25 353 26 7
26 353 354 7
26 354 2 7
2 354 103 7
97 98 345 7
345 98 355 7
345 355 346 7
346 355 356 7
346 356 347 7
347 356 357 7
347 357 348 7
348 357 358 7
348 358 349 7
349 358 359 7
349 359 350 7
350 359 360 7
350 360 351 7
351 360 361 7
351 361 352 7
352 361 362 7
352 362 353 7
353 362 363 7
353 363 354 7
354 363 364 7
354 364 103 7
103 364 104 7
98 99 355 7
355 99 365 7
355 365 356 7
356 365 366 7
356 366 357 7
357 366 367 7
357 367 358 7
358 367 368 7
358 368 359 7
359 368 369 7
359 369 360 7
360 369 370 7
360 370 361 7
361 370 371 7
361 371 362 7
362 371 372 7
362 372 363 7
363 372 373 7
363 373 364 7
364 373 374 7
364 374 104 7
104 374 105 7
99 100 365 7
365 100 375 7
365 375 366 7
366 375 376 7
366 376 367 7
367 376 377 7
367 377 368 7
368 377 378 7
368 378 369 7
369 378 379 7
369 379 370 7
370 379 380 7
370 380 371 7
371 380 381 7
371 381 372 7
372 381 382 7
372 382 373 7
373 382 383 7
373 383 374 7
374 383 384 7
374 384 105 7
105 384 106 7
100 101 375 7
375 101 385 7
375 385 376 7
376 385 386 7
376 386 377 7
377 386 387 7
377 387 378 7
378 387 388 7
378 388 379 7
379 388 389 7
379 389 380 7
380 389 390 7
380 390 381 7
381 390 391 7
381 391 382 7
382 391 392 7
382 392 383 7
383 392 393 7
383 393 384 7
384 393 394 7
384 394 106 7
106 394 107 7
101 102 385 7
385 102 395 7
385 395 386 7
386 395 396 7
386 396 387 7
387 396 397 7
387 397 388 7
388 397 398 7
388 398 389 7
389 398 399 7
389 399 390 7
390 399 400 7
390 400 391 7
391 400 401 7
391 401 392 7
392 401 402 7
392 402 393 7
393 402 403 7
393 403 394 7
394 403 404 7
394 404 107 7
107 404 108 7
102 5 395 7
395 5 57 7
395 57 396 7
396 57 58 7
396 58 397 7
397 58 59 7
397 59 398 7
398 59 60 7
398 60 399 7
399 60 61 7
399 61 400 7
400 61 62 7
400 62 401 7
401 62 63 7
401 63 402 7
402 63 64 7
402 64 403 7
403 64 65 7
403 65 404 7
404 65 66 7
404 66 108 7
108 66 6 7
2 103 27 7
27 103 405 7
27 405 28 7
28 405 406 7
28 406 29 7
29 406 407 7
29 407 30 7
30 407 408 7
30 408 31 7
31 408 409 7
31 409 32 7
32 409 410 7
32 410 33 7
33 410 411 7
33 411 34 7
34 411 412 7
34 412 35 7
35 412 413 7
35 413 36 7
36 413 414 7
36 414 3 7
3 414 109 7
103 104 405 7
405 104 415 7
405 415 406 7
406 415 416 7
406 416 407 7
407 416 417 7
407 417 408 7
408 417 418 7
408 418 409 7
409 418 419 7
409 419 410 7
410 419 420 7
410 420 411 7
411 420 421 7
411 421 412 7
412 421 422 7
412 422 413 7
413 422 423 7
413 423 414 7
414 423 424 7
414 424 109 7
109 424 110 7
104 105 415 7
415 105 425 7
415 425 416 7
416 425 426 7
416 426 417 7
417 426 427 7
417 427 418 7
418 427 428 7
418 428 419 7
419 428 429 7
419 429 420 7
420 429 430 7
420 430 421 7
421 430 431 7
421 431 422 7
422 431 432 7
422 432 423 7
423 432 433 7
423 433 424 7
424 433 434 7
424 434 110 7
110 434 111 7
105 106 425 7
425 106 435 7
425 435 426 7
426 435 436 7
426 436 427 7
427 436 437 7
427 437 428 7
428 437 438 7
428 438 429 7
429 438 439 7
429 439 430 7
430 439 440 7
430 440 431 7
431 440 441 7
431 441 432 7
432 441 442 7
432 442 433 7
433 442 443 7
433 443 434 7
434 443 444 7
434 444 111 7
111 444 112 7
106 107 435 7
435 107 445 7
435 445 436 7
436 445 446 7
436 446 437 7
437 446 447 7
437 447 438 7
438 447 448 7
438 448 439 7
439 448 449 7
439 449 440 7
440 449 450 7
440 450 441 7
441 450 451 7
441 451 442 7
442 451 452 7
442 452 443 7
443 452 453 7
443 453 444 7
444 453 454 7
444 454 112 7
112 454 113 7
107 108 445 7
445 108 455 7
445 455 446 7
446 455 456 7
446 456 447 7
447 456 457 7
447 457 448 7
448 457 458 7
448 458 449 7
449 458 459 7
449 459 450 7
450 459 460 7
450 460 451 7
451 460 461 7
451 461 452 7
452 461 462 7
452 462 453 7
453 462 463 7
453 463 454 7
454 463 464 7
454 464 113 7
113 464 114 7
108 6 455 7
455 6 67 7
455 67 456 7
456 67 68 7
456 68 457 7
457 68 69 7
457 69 458 7
458 69 70 7
458 70 459 7
459 70 71 7
459 71 460 7
460 71 72 7
460 72 461 7
461 72 73 7
461 73 462 7
462 73 74 7
462 74 463 7
463 74 75 7
463 75 464 7
464 75 76 7
464 76 114 7
114 76 7 7
3 109 37 7
37 109 465 7
37 465 38 7
38 465 466 7
38 466 39 7
39 466 467 7
39 467 40 7
40 467 468 7
40 468 41 7
41 468 469 7
41 469 42 7
42 469 470 7
42 470 43 7
43 470 471 7
43 471 44 7
44 471 472 7
44 472 45 7
45 472 473 7
45 473 46 7
46 473 474 7
46 474 4 7
4 474 115 7
109 110 465 7
465 110 475 7
465 475 466 7
466 475 476 7
466 476 467 7
467 476 477 7
467 477 468 7
468 477 478 7
468 478 469 7
469 478 479 7
469 479 470 7
470 479 480 7
470 480 471 7
471 480 481 7
471 481 472 7
472 481 482 7
472 482 473 7
473 482 483 7
473 483 474 7
474 483 484 7
474 484 115 7
115 484 116 7
110 111 475 7
475 111 485 7
475 485 476 7
476 485 486 7
476 486 477 7
477 486 487 7
477 487 478 7
478 487 488 7
478 488 479 7
479 488 489 7
479 489 480 7
480 489 490 7
480 490 481 7
481 490 491 7
481 491 482 7
482 491 492 7
482 492 483 7
483 492 493 7
483 493 484 7
484 493 494 7
484 494 116 7
116 494 117 7
111 112 485 7
485 112 495 7
485 495 486 7
486 495 496 7
486 496 487 7
487 496 497 7
487 497 488 7
488 497 498 7
488 498 489 7
489 498 499 7
489 499 490 7
490 499 500 7
490 500 491 7
491 500 501 7
491 501 492 7
492 501 502 7
492 502 493 7
493 502 503 7
493 503 494 7
494 503 504 7
494 504 117 7
117 504 118 7
112 113 495 7
495 113 505 7
495 505 496 7
496 505 506 7
496 506 497 7
497 506 507 7
497 507 498 7
498 507 508 7
498 508 499 7
499 508 509 7
499 509 500 7
500 509 510 7
500 510 501 7
501 510 511 7
501 511 502 7
502 511 512 7
502 512 503 7
503 512 513 7
503 513 504 7
504 513 514 7
504 514 118 7
118 514 119 7
113 114 505 7
505 114 515 7
505 515 506 7
506 515 516 7
506 516 507 7
507 516 517 7
507 517 508 7
508 517 518 7
508 518 509 7
509 518 519 7
509 519 510 7
510 519 520 7
510 520 511 7
511 520 521 7
511 521 512 7
512 521 522 7
512 522 513 7
513 522 523 7
513 523 514 7
514 523 524 7
514 524 119 7
119 524 120 7
114 7 515 7
515 7 77 7
515 77 516 7
516 77 78 7
516 78 517 7
517 78 79 7
517 79 518 7
518 79 80 7
518 80 519 7
519 80 81 7
519 81 520 7
520 81 82 7
520 82 521 7
521 82 83 7
521 83 522 7
522 83 84 7
522 84 523 7
523 84 85 7
523 85 524 7
524 85 86 7
524 86 120 7
120 86 8 7
4 115 47 7
47 115 525 7
47 525 48 7
48 525 526 7
48 526 49 7
49 526 527 7
49 527 50 7
50 527 528 7
50 528 51 7
51 528 529 7
51 529 52 7
52 529 530 7
52 530 53 7
53 530 531 7
53 531 54 7
54 531 532 7
54 532 55 7
55 532 533 7
55 533 56 7
56 533 534 7
56 534 1 7
1 534 97 7
115 116 525 7
525 116 535 7
525 535 526 7
526 535 536 7
526 536 527 7
527 536 537 7
527 537 528 7
528 537 538 7
528 538 529 7
529 538 539 7
529 539 530 7
530 539 540 7
530 540 531 7
531 540 541 7
531 541 532 7
532 541 542 7
532 542 533 7
533 542 543 7
533 543 534 7
534 543 544 7
534 544 97 7
97 544 98 7
116 117 535 7
535 117 545 7
535 545 536 7
536 545 546 7
536 546 537 7
537 546 547 7
537 547 538 7
538 547 548 7
538 548 539 7
539 548 549 7
539 549 540 7
540 549 550 7
540 550 541 7
541 550 551 7
541 551 542 7
542 551 552 7
542 552 543 7
543 552 553 7
543 553 544 7
544 553 554 7
544 554 98 7
98 554 99 7
117 118 545 7
545 118 555 7
545 555 546 7
546 555 556 7
546 556 547 7
547 556 557 7
547 557 548 7
548 557 558 7
548 558 549 7
549 558 559 7
549 559 550 7
550 559 560 7
550 560 551 7
551 560 561 7
551 561 552 7
552 561 562 7
552 562 553 7
553 562 563 7
553 563 554 7
554 563 564 7
554 564 99 7
99 564 100 7
118 119 555 7
555 119 565 7
555 565 556 7
556 565 566 7
556 566 557 7
557 566 567 7
557 567 558 7
558 567 568 7
558 568 559 7
559 568 569 7
559 569 560 7
560 569 570 7
560 570 561 7
561 570 571 7
561 571 562 7
562 571 572 7
562 572 563 7
563 572 573 7
563 573 564 7
564 573 574 7
564 574 100 7
100 574 101 7
119 120 565 7
565 120 575 7
565 575 566 7
566 575 576 7
566 576 567 7
567 576 577 7
567 577 568 7
568 577 578 7
568 578 569 7
569 578 579 7
569 579 570 7
570 579 580 7
570 580 571 7
571 580 581 7
571 581 572 7
572 581 582 7
572 582 573 7
573 582 583 7
573 583 574 7
574 583 584 7
574 584 101 7
101 584 102 7
120 8 575 7
575 8 87 7
575 87 576 7
576 87 88 7
576 88 577 7
577 88 89 7
577 89 578 7
578 89 90 7
578 90 579 7
579 90 91 7
579 91 580 7
580 91 92 7
580 92 581 7
581 92 93 7
581 93 582 7
582 93 94 7
582 94 583 7
583 94 95 7
583 95 584 7
584 95 96 7
584 96 102 7
102 96 5 7
168 585 1 6
1 585 17 6
169 586 168 6
168 586 585 6
170 587 169 6
169 587 586 6
171 588 170 6
170 588 587 6
172 589 171 6
171 589 588 6
173 590 172 6
172 590 589 6
174 591 173 6
173 591 590 6
175 592 174 6
174 592 591 6
176 593 175 6
175 593 592 6
177 594 176 6
176 594 593 6
178 595 177 6
177 595 594 6
179 596 178 6
178 596 595 6
180 597 179 6
179 597 596 6
181 598 180 6
180 598 597 6
182 599 181 6
181 599 598 6
10 130 182 6
182 130 599 6
585 600 17 6
17 600 18 6
586 601 585 6
585 601 600 6
587 602 586 6
586 602 601 6
588 603 587 6
587 603 602 6
589 604 588 6
588 604 603 6
590 605 589 6
589 605 604 6
591 606 590 6
590 606 605 6
592 607 591 6
591 607 606 6
593 608 592 6
592 608 607 6
594 609 593 6
593 609 608 6
595 610 594 6
594 610 609 6
596 611 595 6
595 611 610 6
597 612 596 6
596 612 611 6
598 613 597 6
597 613 612 6
599 614 598 6
598 614 613 6
130 129 599 6
599 129 614 6
600 615 18 6
18 615 19 6
601 616 600 6
600 616 615 6
602 617 601 6
601 617 616 6
603 618 602 6
602 618 617 6
604 619 603 6
603 619 618 6
605 620 604 6
604 620 619 6
606 621 605 6
605 621 620 6
607 622 606 6
606 622 621 6
608 623 607 6
607 623 622 6
609 624 608 6
608 624 623 6
610 625 609 6
609 625 624 6
611 626 610 6
610 626 625 6
612 627 611 6
611 627 626 6
613 628 612 6
612 628 627 6
614 629 613 6
613 629 628 6
129 128 614 6
614 128 629 6
615 20 19 6
615 630 20 6
616 630 615 6
616 631 630 6
617 631 616 6
617 632 631 6
618 632 617 6
618 633 632 6
619 633 618 6
619 634 633 6
620 634 619 6
620 635 634 6
621 635 620 6
621 636 635 6
622 636 621 6
622 637 636 6
623 637 622 6
623 638 637 6
624 638 623 6
624 639 638 6
625 639 624 6
625 640 639 6
626 640 625 6
626 641 640 6
627 641 626 6
627 642 641 6
628 642 627 6
628 643 642 6
629 643 628 6
629 644 643 6
128 644 629 6
128 127 644 6
630 645 20 6
20 645 21 6
631 646 630 6
630 646 645 6
632 647 631 6
631 647 646 6
633 648 632 6
632 648 647 6
634 649 633 6
633 649 648 6
635 650 634 6
634 650 649 6
636 651 635 6
635 651 650 6
637 652 636 6
636 652 651 6
638 653 637 6
637 653 652 6
639 654 638 6
638 654 653 6
640 655 639 6
639 655 654 6
641 656 640 6
640 656 655 6
642 657 641 6
641 657 656 6
643 658 642 6
642 658 657 6
644 659 643 6
643 659 658 6
127 126 644 6
644 126 659 6
645 660 21 6
21 660 22 6
646 661 645 6
645 661 660 6
647 662 646 6
646 662 661 6
648 663 647 6
647 663 662 6
649 664 648 6
648 664 663 6
650 665 649 6
649 665 664 6
651 666 650 6
650 666 665 6
652 667 651 6
651 667 666 6
653 668 652 6
652 668 667 6
654 669 653 6
653 669 668 6
655 670 654 6
654 670 669 6
656 671 655 6
655 671 670 6
657 672 656 6
656 672 671 6
658 673 657 6
657 673 672 6
659 674 658 6
658 674 673 6
126 125 659 6
659 125 674 6
660 675 22 6
22 675 23 6
661 676 660 6
660 676 675 6
662 677 661 6
661 677 676 6
663 678 662 6
662 678 677 6
664 679 663 6
663 679 678 6
665 680 664 6
664 680 679 6
666 681 665 6
665 681 680 6
667 682 666 6
666 682 681 6
668 683 667 6
667 683 682 6
669 684 668 6
668 684 683 6
670 685 669 6
669 685 684 6
671 686 670 6
670 686 685 6
672 687 671 6
671 687 686 6
673 688 672 6
672 688 687 6
674 689 673 6
673 689 688 6
125 124 674 6
674 124 689 6
675 690 23 6
23 690 24 6
676 691 675 6
675 691 690 6
677 692 676 6
676 692 691 6
678 693 677 6
677 693 692 6
679 694 678 6
678 694 693 6
680 695 679 6
679 695 694 6
681 696 680 6
680 696 695 6
682 697 681 6
681 697 696 6
683 698 682 6
682 698 697 6
684 699 683 6
683 699 698 6
685 700 684 6
684 700 699 6
686 701 685 6
685 701 700 6
687 702 686 6
686 702 701 6
688 703 687 6
687 703 702 6
689 704 688 6
688 704 703 6
124 123 689 6
689 123 704 6
690 705 24 6
24 705 25 6
691 706 690 6
690 706 705 6
692 707 691 6
691 707 706 6
693 708 692 6
692 708 707 6
694 709 693 6
693 709 708 6
695 710 694 6
694 710 709 6
696 711 695 6
695 711 710 6
697 712 696 6
696 712 711 6
698 713 697 6
697 713 712 6
699 714 698 6
698 714 713 6
700 715 699 6
699 715 714 6
701 716 700 6
700 716 715 6
702 717 701 6
701 717 716 6
703 718 702 6
702 718 717 6
704 719 703 6
703 719 718 6
123 122 704 6
704 122 719 6
705 720 25 6
25 720 26 6
706 721 705 6
705 721 720 6
707 722 706 6
706 722 721 6
708 723 707 6
707 723 722 6
709 724 708 6
708 724 723 6
710 725 709 6
709 725 724 6
711 726 710 6
710 726 725 6
712 727 711 6
711 727 726 6
713 728 712 6
712 728 727 6
714 729 713 6
713 729 728 6
715 730 714 6
714 730 729 6
716 731 715 6
715 731 730 6
717 732 716 6
716 732 731 6
718 733 717 6
717 733 732 6
719 734 718 6
718 734 733 6
122 121 719 6
719 121 734 6
720 153 26 6
26 153 2 6
721 154 720 6
720 154 153 6
722 155 721 6
721 155 154 6
723 156 722 6
722 156 155 6
724 157 723 6
723 157 156 6
725 158 724 6
724 158 157 6
726 159 725 6
725 159 158 6
727 160 726 6
726 160 159 6
728 161 727 6
727 161 160 6
729 162 728 6
728 162 161 6
730 163 729 6
729 163 162 6
731 164 730 6
730 164 163 6
732 165 731 6
731 165 164 6
733 166 732 6
732 166 165 6
734 167 733 6
733 167 166 6
121 9 734 6
734 9 167 6
183 5 825 11
5 57 825 11
184 183 826 11
183 825 826 11
185 184 827 11
184 826 827 11
186 185 828 11
185 827 828 11
187 186 829 11
186 828 829 11
188 187 830 11
187 829 830 11
189 188 831 11
188 830 831 11
190 189 832 11
189 831 832 11
191 190 833 11
190 832 833 11
192 191 834 11
191 833 834 11
193 192 835 11
192 834 835 11
194 193 836 11
193 835 836 11
195 194 837 11
194 836 837 11
196 195 838 11
195 837 838 11
197 196 839 11
196 838 839 11
11 197 137 11
197 839 137 11
825 57 840 11
57 58 840 11
826 825 841 11
825 840 841 11
827 826 842 11
826 841 842 11
828 827 843 11
827 842 843 11
829 828 844 11
828 843 844 11
830 829 845 11
829 844 845 11
831 830 846 11
830 845 846 11
832 831 847 11
831 846 847 11
833 832 848 11
832 847 848 11
834 833 849 11
833 848 849 11
835 834 850 11
834 849 850 11
836 835 851 11
835 850 851 11
837 836 852 11
836 851 852 11
838 837 853 11
837 852 853 11
839 838 854 11
838 853 854 11
137 839 138 11
839 854 138 11
840 58 855 11
58 59 855 11
841 840 856 11
840 855 856 11
842 841 857 11
841 856 857 11
843 842 858 11
842 857 858 11
844 843 859 11
843 858 859 11
845 844 860 11
844 859 860 11
846 845 861 11
845 860 861 11
847 846 862 11
846 861 862 11
848 847 863 11
847 862 863 11
849 848 864 11
848 863 864 11
850 849 865 11
849 864 865 11
851 850 866 11
850 865 866 11
852 851 867 11
851 866 867 11
853 852 868 11
852 867 868 11
854 853 869 11
853 868 869 11
138 854 139 11
854 869 139 11
855 59 870 11
59 60 870 11
856 855 871 11
855 870 871 11
857 856 872 11
856 871 872 11
858 857 873 11
857 872 873 11
859 858 874 11
858 873 874 11
860 859 875 11
859 874 875 11
861 860 876 11
860 875 876 11
862 861 877 11
861 876 877 11
863 862 878 11
862 877 878 11
864 863 879 11
863 878 879 11
865 864 880 11
864 879 880 11
866 865 881 11
865 880 881 11
867 866 882 11
866 881 882 11
868 867 883 11
867 882 883 11
869 868 884 11
868 883 884 11
139 869 140 11
869 884 140 11
870 60 885 11
60 61 885 11
871 870 886 11
870 885 886 11
872 871 887 11
871 886 887 11
873 872 888 11
872 887 888 11
874 873 889 11
873 888 889 11
875 874 890 11
874 889 890 11
876 875 891 11
875 890 891 11
877 876 892 11
876 891 892 11
878 877 893 11
877 892 893 11
879 878 894 11
878 893 894 11
880 879 895 11
879 894 895 11
881 880 896 11
880 895 896 11
882 881 897 11
881 896 897 11
883 882 898 11
882 897 898 11
884 883 899 11
883 898 899 11
140 884 141 11
884 899 141 11
885 61 900 11
61 62 900 11
886 885 901 11
885 900 901 11
887 886 902 11
886 901 902 11
888 887 903 11
887 902 903 11
889 888 904 11
888 903 904 11
890 889 905 11
889 904 905 11
891 890 906 11
890 905 906 11
892 891 907 11
891 906 907 11
893 892 908 11
892 907 908 11
894 893 909 11
893 908 909 11
895 894 910 11
894 909 910 11
896 895 911 11
895 910 911 11
897 896 912 11
896 911 912 11
898 897 913 11
897 912 913 11
899 898 914 11
898 913 914 11
141 899 142 11
899 914 142 11
900 62 915 11
62 63 915 11
901 900 916 11
900 915 916 11
902 901 917 11
901 916 917 11
903 902 918 11
902 917 918 11
904 903 919 11
903 918 919 11
905 904 920 11
904 919 920 11
906 905 921 11
905 920 921 11
907 906 922 11
906 921 922 11
908 907 923 11
907 922 923 11
909 908 924 11
908 923 924 11
910 909 925 11
909 924 925 11
911 910 926 11
910 925 926 11
912 911 927 11
911 926 927 11
913 912 928 11
912 927 928 11
914 913 929 11
913 928 929 11
142 914 143 11
914 929 143 11
915 63 930 11
63 64 930 11
916 915 931 11
915 930 931 11
917 916 932 11
916 931 932 11
918 917 933 11
917 932 933 11
919 918 934 11
918 933 934 11
920 919 935 11
919 934 935 11
921 920 936 11
920 935 936 11
922 921 937 11
921 936 937 11
923 922 938 11
922 937 938 11
924 923 939 11
923 938 939 11
925 924 940 11
924 939 940 11
926 925 941 11
925 940 941 11
927 926 942 11
926 941 942 11
928 927 943 11
927 942 943 11
929 928 944 11
928 943 944 11
143 929 144 11
929 944 144 11
930 64 945 11
64 65 945 11
931 930 946 11
930 945 946 11
932 931 947 11
931 946 947 11
933 932 948 11
932 947 948 11
934 933 949 11
933 948 949 11
935 934 950 11
934 949 950 11
936 935 951 11
935 950 951 11
937 936 952 11
936 951 952 11
938 937 953 11
937 952 953 11
939 938 954 11
938 953 954 11
940 939 955 11
939 954 955 11
941 940 956 11
940 955 956 11
942 941 957 11
941 956 957 11
943 942 958 11
942 957 958 11
944 943 959 11
943 958 959 11
144 944 145 11
944 959 145 11
945 65 960 11
65 66 960 11
946 945 961 11
945 960 961 11
947 946 962 11
946 961 962 11
948 947 963 11
947 962 963 11
949 948 964 11
948 963 964 11
950 949 965 11
949 964 965 11
951 950 966 11
950 965 966 11
952 951 967 11
951 966 967 11
953 952 968 11
952 967 968 11
954 953 969 11
953 968 969 11
955 954 970 11
954 969 970 11
956 955 971 11
955 970 971 11
957 956 972 11
956 971 972 11
958 957 973 11
957 972 973 11
959 958 974 11
958 973 974 11
145 959 146 11
959 974 146 11
960 66 198 11
66 6 198 11
961 960 199 11
960 198 199 11
962 961 200 11
961 199 200 11
963 962 201 11
962 200 201 11
964 963 202 11
963 201 202 11
965 964 203 11
964 202 203 11
966 965 204 11
965 203 204 11
967 966 205 11
966 204 205 11
968 967 206 11
967 205 206 11
969 968 207 11
968 206 207 11
970 969 208 11
969 207 208 11
971 970 209 11
970 208 209 11
972 971 210 11
971 209 210 11
973 972 211 11
972 210 211 11
974 973 212 11
973 211 212 11
146 974 12 11
974 212 12 11
10 131 130 8
130 131 1065 8
130 1065 129 8
129 1065 1066 8
129 1066 128 8
128 1066 1067 8
128 1067 127 8
127 1067 1068 8
127 1068 126 8
126 1068 1069 8
126 1069 125 8
125 1069 1070 8
125 1070 124 8
124 1070 1071 8
124 1071 123 8
123 1071 1072 8
123 1072 122 8
122 1072 1073 8
122 1073 121 8
121 1073 1074 8
121 1074 9 8
9 1074 152 8
131 132 1065 8
1065 132 1075 8
1065 1075 1066 8
1066 1075 1076 8
1066 1076 1067 8
1067 1076 1077 8
1067 1077 1068 8
1068 1077 1078 8
1068 1078 1069 8
1069 1078 1079 8
1069 1079 1070 8
1070 1079 1080 8
1070 1080 1071 8
1071 1080 1081 8
1071 1081 1072 8
1072 1081 1082 8
1072 1082 1073 8
1073 1082 1083 8
1073 1083 1074 8
1074 1083 1084 8
1074 1084 152 8
152 1084 151 8
132 133 1075 8
1075 133 1085 8
1075 1085 1076 8
1076 1085 1086 8
1076 1086 1077 8
1077 1086 1087 8
1077 1087 1078 8
1078 1087 1088 8
1078 1088 1079 8
1079 1088 1089 8
1079 1089 1080 8
1080 1089 1090 8
1080 1090 1081 8
1081 1090 1091 8
1081 1091 1082 8
1082 1091 1092 8
1082 1092 1083 8
1083 1092 1093 8
1083 1093 1084 8
1084 1093 1094 8
1084 1094 151 8
151 1094 150 8
133 134 1085 8
1085 134 1095 8
1085 1095 1086 8
1086 1095 1096 8
1086 1096 1087 8
1087 1096 1097 8
1087 1097 1088 8
1088 1097 1098 8
1088 1098 1089 8
1089 1098 1099 8
1089 1099 1090 8
1090 1099 1100 8
1090 1100 1091 8
1091 1100 1101 8
1091 1101 1092 8
1092 1101 1102 8
1092 1102 1093 8
1093 1102 1103 8
1093 1103 1094 8
1094 1103 1104 8
1094 1104 150 8
150 1104 149 8
134 135 1095 8
1095 135 1105 8
1095 1105 1096 8
1096 1105 1106 8
1096 1106 1097 8
1097 1106 1107 8
1097 1107 1098 8
1098 1107 1108 8
1098 1108 1099 8
1099 1108 1109 8
1099 1109 1100 8
1100 1109 1110 8
1100 1110 1101 8
1101 1110 1111 8
1101 1111 1102 8
1102 1111 1112 8
1102 1112 1103 8
1103 1112 1113 8
1103 1113 1104 8
1104 1113 1114 8
1104 1114 149 8
149 1114 148 8
135 136 1105 8
1105 136 1115 8
1105 1115 1106 8
1106 1115 1116 8
1106 1116 1107 8
1107 1116 1117 8
1107 1117 1108 8
1108 1117 1118 8
1108 1118 1109 8
1109 1118 1119 8
1109 1119 1110 8
1110 1119 1120 8
1110 1120 1111 8
1111 1120 1121 8
1111 1121 1112 8
1112 1121 1122 8
1112 1122 1113 8
1113 1122 1123 8
1113 1123 1114 8
1114 1123 1124 8
1114 1124 148 8
148 1124 147 8
136 11 1115 8
1115 11 137 8
1115 137 1116 8
1116 137 138 8
1116 138 1117 8
1117 138 139 8
1117 139 1118 8
1118 139 140 8
1118 140 1119 8
1119 140 141 8
1119 141 1120 8
1120 141 142 8
1120 142 1121 8
1121 142 143 8
1121 143 1122 8
1122 143 144 8
1122 144 1123 8
1123 144 145 8
1123 145 1124 8
1124 145 146 8
1124 146 147 8
147 146 12 8
153 1125 2 6
2 1125 27 6
154 1126 153 6
153 1126 1125 6
155 1127 154 6
154 1127 1126 6
156 1128 155 6
155 1128 1127 6
157 1129 156 6
156 1129 1128 6
158 1130 157 6
157 1130 1129 6
159 1131 158 6
158 1131 1130 6
160 1132 159 6
159 1132 1131 6
161 1133 160 6
160 1133 1132 6
162 1134 161 6
161 1134 1133 6
163 1135 162 6
162 1135 1134 6
164 1136 163 6
163 1136 1135 6
165 1137 164 6
164 1137 1136 6
166 1138 165 6
165 1138 1137 6
167 1139 166 6
166 1139 1138 6
9 222 167 6
167 222 1139 6
1125 1140 27 6
27 1140 28 6
1126 1141 1125 6
1125 1141 1140 6
1127 1142 1126 6
1126 1142 1141 6
1128 1143 1127 6
1127 1143 1142 6
1129 1144 1128 6
1128 1144 1143 6
1130 1145 1129 6
1129 1145 1144 6
1131 1146 1130 6
1130 1146 1145 6
1132 1147 1131 6
1131 1147 1146 6
1133 1148 1132 6
1132 1148 1147 6
1134 1149 1133 6
1133 1149 1148 6
1135 1150 1134 6
1134 1150 1149 6
1136 1151 1135 6
1135 1151 1150 6
1137 1152 1136 6
1136 1152 1151 6
1138 1153 1137 6
1137 1153 1152 6
1139 1154 1138 6
1138 1154 1153 6
222 221 1139 6
1139 221 1154 6
1140 1155 28 6
28 1155 29 6
1141 1156 1140 6
1140 1156 1155 6
1142 1157 1141 6
1141 1157 1156 6
1143 1158 1142 6
1142 1158 1157 6
1144 1159 1143 6
1143 1159 1158 6
1145 1160 1144 6
1144 1160 1159 6
1146 1161 1145 6
1145 1161 1160 6
1147 1162 1146 6
1146 1162 1161 6
1148 1163 1147 6
1147 1163 1162 6
1149 1164 1148 6
1148 1164 1163 6
1150 1165 1149 6
1149 1165 1164 6
1151 1166 1150 6
1150 1166 1165 6
1152 1167 1151 6
1151 1167 1166 6
1153 1168 1152 6
1152 1168 1167 6
1154 1169 1153 6
1153 1169 1168 6
221 220 1154 6
1154 220 1169 6
1155 1170 29 6
29 1170 30 6
1156 1171 1155 6
1155 1171 1170 6
1157 1172 1156 6
1156 1172 1171 6
1158 1173 1157 6
1157 1173 1172 6
1159 1174 1158 6
1158 1174 1173 6
1160 1175 1159 6
1159 1175 1174 6
1161 1176 1160 6
1160 1176 1175 6
1162 1177 1161 6
1161 1177 1176 6
1163 1178 1162 6
1162 1178 1177 6
1164 1179 1163 6
1163 1179 1178 6
1165 1180 1164 6
1164 1180 1179 6
1166 1181 1165 6
1165 1181 1180 6
1167 1182 1166 6
1166 1182 1181 6
1168 1183 1167 6
1167 1183 1182 6
1169 1184 1168 6
1168 1184 1183 6
220 219 1169 6
1169 219 1184 6
1170 1185 30 6
30 1185 31 6
1171 1186 1170 6
1170 1186 1185 6
1172 1187 1171 6
1171 1187 1186 6
1173 1188 1172 6
1172 1188 1187 6
1174 1189 1173 6
1173 1189 1188 6
1175 1190 1174 6
1174 1190 1189 6
1176 1191 1175 6
1175 1191 1190 6
1177 1192 1176 6
1176 1192 1191 6
1178 1193 1177 6
1177 1193 1192 6
1179 1194 1178 6
1178 1194 1193 6
1180 1195 1179 6
1179 1195 1194 6
1181 1196 1180 6
1180 1196 1195 6
1182 1197 1181 6
1181 1197 1196 6
1183 1198 1182 6
1182 1198 1197 6
1184 1199 1183 6
1183 1199 1198 6
219 218 1184 6
1184 218 1199 6
1185 1200 31 6
31 1200 32 6
1186 1201 1185 6
1185 1201 1200 6
1187 1202 1186 6
1186 1202 1201 6
1188 1203 1187 6
1187 1203 1202 6
1189 1204 1188 6
1188 1204 1203 6
1190 1205 1189 6
1189 1205 1204 6
1191 1206 1190 6
1190 1206 1205 6
1192 1207 1191 6
1191 1207 1206 6
1193 1208 1192 6
1192 1208 1207 6
1194 1209 1193 6
1193 1209 1208 6
1195 1210 1194 6
1194 1210 1209 6
1196 1211 1195 6
1195 1211 1210 6
1197 1212 1196 6
1196 1212 1211 6
1198 1213 1197 6
1197 1213 1212 6
1199 1214 1198 6
1198 1214 1213 6
218 217 1199 6
1199 217 1214 6
1200 1215 32 6
32 1215 33 6
1201 1216 1200 6
1200 1216 1215 6
1202 1217 1201 6
1201 1217 1216 6
1203 1218 1202 6
1202 1218 1217 6
1204 1219 1203 6
1203 1219 1218 6
1205 1220 1204 6
1204 1220 1219 6
1206 1221 1205 6
1205 1221 1220 6
1207 1222 1206 6
1206 1222 1221 6
1208 1223 1207 6
1207 1223 1222 6
1209 1224 1208 6
1208 1224 1223 6
1210 1225 1209 6
1209 1225 1224 6
1211 1226 1210 6
1210 1226 1225 6
1212 1227 1211 6
1211 1227 1226 6
1213 1228 1212 6
1212 1228 1227 6
1214 1229 1213 6
1213 1229 1228 6
217 216 1214 6
1214 216 1229 6
1215 1230 33 6
33 1230 34 6
1216 1231 1215 6
1215 1231 1230 6
1217 1232 1216 6
1216 1232 1231 6
1218 1233 1217 6
1217 1233 1232 6
1219 1234 1218 6
1218 1234 1233 6
1220 1235 1219 6
1219 1235 1234 6
1221 1236 1220 6
1220 1236 1235 6
1222 1237 1221 6
1221 1237 1236 6
1223 1238 1222 6
1222 1238 1237 6
1224 1239 1223 6
1223 1239 1238 6
1225 1240 1224 6
1224 1240 1239 6
1226 1241 1225 6
1225 1241 1240 6
1227 1242 1226 6
1226 1242 1241 6
1228 1243 1227 6
1227 1243 1242 6
1229 1244 1228 6
1228 1244 1243 6
216 215 1229 6
1229 215 1244 6
1230 1245 34 6
34 1245 35 6
1231 1246 1230 6
1230 1246 1245 6
1232 1247 1231 6
1231 1247 1246 6
1233 1248 1232 6
1232 1248 1247 6
1234 1249 1233 6
1233 1249 1248 6
1235 1250 1234 6
1234 1250 1249 6
1236 1251 1235 6
1235 1251 1250 6
1237 1252 1236 6
1236 1252 1251 6
1238 1253 1237 6
1237 1253 1252 6
1239 1254 1238 6
1238 1254 1253 6
1240 1255 1239 6
1239 1255 1254 6
1241 1256 1240 6
1240 1256 1255 6
1242 1257 1241 6
1241 1257 1256 6
1243 1258 1242 6
1242 1258 1257 6
1244 1259 1243 6
1243 1259 1258 6
215 214 1244 6
1244 214 1259 6
1245 1260 35 6
35 1260 36 6
1246 1261 1245 6
1245 1261 1260 6
1247 1262 1246 6
1246 1262 1261 6
1248 1263 1247 6
1247 1263 1262 6
1249 1264 1248 6
1248 1264 1263 6
1250 1265 1249 6
1249 1265 1264 6
1251 1266 1250 6
1250 1266 1265 6
1252 1267 1251 6
1251 1267 1266 6
1253 1268 1252 6
1252 1268 1267 6
1254 1269 1253 6
1253 1269 1268 6
1255 1270 1254 6
1254 1270 1269 6
1256 1271 1255 6
1255 1271 1270 6
1257 1272 1256 6
1256 1272 1271 6
1258 1273 1257 6
1257 1273 1272 6
1259 1274 1258 6
1258 1274 1273 6
214 213 1259 6
1259 213 1274 6
1260 239 36 6
36 239 3 6
1261 240 1260 6
1260 240 239 6
1262 241 1261 6
1261 241 240 6
1263 242 1262 6
1262 242 241 6
1264 243 1263 6
1263 243 242 6
1265 244 1264 6
1264 244 243 6
1266 245 1265 6
1265 245 244 6
1267 246 1266 6
1266 246 245 6
1268 247 1267 6
1267 247 246 6
1269 248 1268 6
1268 248 247 6
1270 249 1269 6
1269 249 248 6
1271 250 1270 6
1270 250 249 6
1272 251 1271 6
1271 251 250 6
1273 252 1272 6
1272 252 251 6
1274 253 1273 6
1273 253 252 6
213 13 1274 6
1274 13 253 6
198 6 1275 11
6 67 1275 11
199 198 1276 11
198 1275 1276 11
200 199 1277 11
199 1276 1277 11
201 200 1278 11
200 1277 1278 11
202 201 1279 11
201 1278 1279 11
203 202 1280 11
202 1279 1280 11
204 203 1281 11
203 1280 1281 11
205 204 1282 11
204 1281 1282 11
206 205 1283 11
205 1282 1283 11
207 206 1284 11
206 1283 1284 11
208 207 1285 11
207 1284 1285 11
209 208 1286 11
208 1285 1286 11
210 209 1287 11
209 1286 1287 11
211 210 1288 11
210 1287 1288 11
212 211 1289 11
211 1288 1289 11
12 212 223 11
212 1289 223 11
1275 67 1290 11
67 68 1290 11
1276 1275 1291 11
1275 1290 1291 11
1277 1276 1292 11
1276 1291 1292 11
1278 1277 1293 11
1277 1292 1293 11
1279 1278 1294 11
1278 1293 1294 11
1280 1279 1295 11
1279 1294 1295 11
1281 1280 1296 11
1280 1295 1296 11
1282 1281 1297 11
1281 1296 1297 11
1283 1282 1298 11
1282 1297 1298 11
1284 1283 1299 11
1283 1298 1299 11
1285 1284 1300 11
1284 1299 1300 11
1286 1285 1301 11
1285 1300 1301 11
1287 1286 1302 11
1286 1301 1302 11
1288 1287 1303 11
1287 1302 1303 11
1289 1288 1304 11
1288 1303 1304 11
223 1289 224 11
1289 1304 224 11
1290 68 1305 11
68 69 1305 11
1291 1290 1306 11
1290 1305 1306 11
1292 1291 1307 11
1291 1306 1307 11
1293 1292 1308 11
1292 1307 1308 11
1294 1293 1309 11
1293 1308 1309 11
1295 1294 1310 11
1294 1309 1310 11
1296 1295 1311 11
1295 1310 1311 11
1297 1296 1312 11
1296 1311 1312 11
1298 1297 1313 11
1297 1312 1313 11
1299 1298 1314 11
1298 1313 1314 11
1300 1299 1315 11
1299 1314 1315 11
1301 1300 1316 11
1300 1315 1316 11
1302 1301 1317 11
1301 1316 1317 11
1303 1302 1318 11
1302 1317 1318 11
1304 1303 1319 11
1303 1318 1319 11
224 1304 225 11
1304 1319 225 11
1305 69 1320 11
69 70 1320 11
1306 1305 1321 11
1305 1320 1321 11
1307 1306 1322 11
1306 1321 1322 11
1308 1307 1323 11
1307 1322 1323 11
1309 1308 1324 11
1308 1323 1324 11
1310 1309 1325 11
1309 1324 1325 11
1311 1310 1326 11
1310 1325 1326 11
1312 1311 1327 11
1311 1326 1327 11
1313 1312 1328 11
1312 1327 1328 11
1314 1313 1329 11
1313 1328 1329 11
1315 1314 1330 11
1314 1329 1330 11
1316 1315 1331 11
1315 1330 1331 11
1317 1316 1332 11
1316 1331 1332 11
1318 1317 1333 11
1317 1332 1333 11
1319 1318 1334 11
1318 1333 1334 11
225 1319 226 11
1319 1334 226 11
1320 70 1335 11
70 71 1335 11
1321 1320 1336 11
1320 1335 1336 11
1322 1321 1337 11
1321 1336 1337 11
1323 1322 1338 11
1322 1337 1338 11
1324 1323 1339 11
1323 1338 1339 11
1325 1324 1340 11
1324 1339 1340 11
1326 1325 1341 11
1325 1340 1341 11
1327 1326 1342 11
1326 1341 1342 11
1328 1327 1343 11
1327 1342 1343 11
1329 1328 1344 11
1328 1343 1344 11
1330 1329 1345 11
1329 1344 1345 11
1331 1330 1346 11
1330 1345 1346 11
1332 1331 1347 11
1331 1346 1347 11
1333 1332 1348 11
1332 1347 1348 11
1334 1333 1349 11
1333 1348 1349 11
226 1334 227 11
1334 1349 227 11
1335 71 1350 11
71 72 1350 11
1336 1335 1351 11
1335 1350 1351 11
1337 1336 1352 11
1336 1351 1352 11
1338 1337 1353 11
1337 1352 1353 11
1339 1338 1354 11
1338 1353 1354 11
1340 1339 1355 11
1339 1354 1355 11
1341 1340 1356 11
1340 1355 1356 11
1342 1341 1357 11
1341 1356 1357 11
1343 1342 1358 11
1342 1357 1358 11
1344 1343 1359 11
1343 1358 1359 11
1345 1344 1360 11
1344 1359 1360 11
1346 1345 1361 11
1345 1360 1361 11
1347 1346 1362 11
1346 1361 1362 11
1348 1347 1363 11
1347 1362 1363 11
1349 1348 1364 11
1348 1363 1364 11
227 1349 228 11
1349 1364 228 11
1350 72 1365 11
72 73 1365 11
1351 1350 1366 11
1350 1365 1366 11
1352 1351 1367 11
1351 1366 1367 11
1353 1352 1368 11
1352 1367 1368 11
1354 1353 1369 11
1353 1368 1369 11
1355 1354 1370 11
1354 1369 1370 11
1356 1355 1371 11
1355 1370 1371 11
1357 1356 1372 11
1356 1371 1372 11
1358 1357 1373 11
1357 1372 1373 11
1359 1358 1374 11
1358 1373 1374 11
1360 1359 1375 11
1359 1374 1375 11
1361 1360 1376 11
1360 1375 1376 11
1362 1361 1377 11
1361 1376 1377 11
1363 1362 1378 11
1362 1377 1378 11
1364 1363 1379 11
1363 1378 1379 11
228 1364 229 11
1364 1379 229 11
1365 73 1380 11
73 74 1380 11
1366 1365 1381 11
1365 1380 1381 11
1367 1366 1382 11
1366 1381 1382 11
1368 1367 1383 11
1367 1382 1383 11
1369 1368 1384 11
1368 1383 1384 11
1370 1369 1385 11
1369 1384 1385 11
1371 1370 1386 11
1370 1385 1386 11
1372 1371 1387 11
1371 1386 1387 11
1373 1372 1388 11
1372 1387 1388 11
1374 1373 1389 11
1373 1388 1389 11
1375 1374 1390 11
1374 1389 1390 11
1376 1375 1391 11
1375 1390 1391 11
1377 1376 1392 11
1376 1391 1392 11
1378 1377 1393 11
1377 1392 1393 11
1379 1378 1394 11
1378 1393 1394 11
229 1379 230 11
1379 1394 230 11
1380 74 1395 11
74 75 1395 11
1381 1380 1396 11
1380 1395 1396 11
1382 1381 1397 11
1381 1396 1397 11
1383 1382 1398 11
1382 1397 1398 11
1384 1383 1399 11
1383 1398 1399 11
1385 1384 1400 11
1384 1399 1400 11
1386 1385 1401 11
1385 1400 1401 11
1387 1386 1402 11
1386 1401 1402 11
1388 1387 1403 11
1387 1402 1403 11
1389 1388 1404 11
1388 1403 1404 11
1390 1389 1405 11
1389 1404 1405 11
1391 1390 1406 11
1390 1405 1406 11
1392 1391 1407 11
1391 1406 1407 11
1393 1392 1408 11
1392 1407 1408 11
1394 1393 1409 11
1393 1408 1409 11
230 1394 231 11
1394 1409 231 11
1395 75 1410 11
75 76 1410 11
1396 1395 1411 11
1395 1410 1411 11
1397 1396 1412 11
1396 1411 1412 11
1398 1397 1413 11
1397 1412 1413 11
1399 1398 1414 11
1398 1413 1414 11
1400 1399 1415 11
1399 1414 1415 11
1401 1400 1416 11
1400 1415 1416 11
1402 1401 1417 11
1401 1416 1417 11
1403 1402 1418 11
1402 1417 1418 11
1404 1403 1419 11
1403 1418 1419 11
1405 1404 1420 11
1404 1419 1420 11
1406 1405 1421 11
1405 1420 1421 11
1407 1406 1422 11
1406 1421 1422 11
1408 1407 1423 11
1407 1422 1423 11
1409 1408 1424 11
1408 1423 1424 11
231 1409 232 11
1409 1424 232 11
1410 76 254 11
76 7 254 11
1411 1410 255 11
1410 254 255 11
1412 1411 256 11
1411 255 256 11
1413 1412 257 11
1412 256 257 11
1414 1413 258 11
1413 257 258 11
1415 1414 259 11
1414 258 259 11
1416 1415 260 11
1415 259 260 11
1417 1416 261 11
1416 260 261 11
1418 1417 262 11
1417 261 262 11
1419 1418 263 11
1418 262 263 11
1420 1419 264 11
1419 263 264 11
1421 1420 265 11
1420 264 265 11
1422 1421 266 11
1421 265 266 11
1423 1422 267 11
1422 266 267 11
1424 1423 268 11
1423 267 268 11
232 1424 14 11
1424 268 14 11
9 152 222 8
222 152 1515 8
222 1515 221 8
221 1515 1516 8
221 1516 220 8
220 1516 1517 8
220 1517 219 8
219 1517 1518 8
219 1518 218 8
218 1518 1519 8
218 1519 217 8
217 1519 1520 8
217 1520 216 8
216 1520 1521 8
216 1521 215 8
215 1521 1522 8
215 1522 214 8
214 1522 1523 8
214 1523 213 8
213 1523 1524 8
213 1524 13 8
13 1524 238 8
152 151 1515 8
1515 151 1525 8
1515 1525 1516 8
1516 1525 1526 8
1516 1526 1517 8
1517 1526 1527 8
1517 1527 1518 8
1518 1527 1528 8
1518 1528 1519 8
1519 1528 1529 8
1519 1529 1520 8
1520 1529 1530 8
1520 1530 1521 8
1521 1530 1531 8
1521 1531 1522 8
1522 1531 1532 8
1522 1532 1523 8
1523 1532 1533 8
1523 1533 1524 8
1524 1533 1534 8
1524 1534 238 8
238 1534 237 8
151 150 1525 8
1525 150 1535 8
1525 1535 1526 8
1526 1535 1536 8
1526 1536 1527 8
1527 1536 1537 8
1527 1537 1528 8
1528 1537 1538 8
1528 1538 1529 8
1529 1538 1539 8
1529 1539 1530 8
1530 1539 1540 8
1530 1540 1531 8
1531 1540 1541 8
1531 1541 1532 8
1532 1541 1542 8
1532 1542 1533 8
1533 1542 1543 8
1533 1543 1534 8
1534 1543 1544 8
1534 1544 237 8
237 1544 236 8
150 149 1535 8
1535 149 1545 8
1535 1545 1536 8
1536 1545 1546 8
1536 1546 1537 8
1537 1546 1547 8
1537 1547 1538 8
1538 1547 1548 8
1538 1548 1539 8
1539 1548 1549 8
1539 1549 1540 8
1540 1549 1550 8
1540 1550 1541 8
1541 1550 1551 8
1541 1551 1542 8
1542 1551 1552 8
1542 1552 1543 8
1543 1552 1553 8
1543 1553 1544 8
1544 1553 1554 8
1544 1554 236 8
236 1554 235 8
149 148 1545 8
1545 148 1555 8
1545 1555 1546 8
1546 1555 1556 8
1546 1556 1547 8
1547 1556 1557 8
1547 1557 1548 8
1548 1557 1558 8
1548 1558 1549 8
1549 1558 1559 8
1549 1559 1550 8
1550 1559 1560 8
1550 1560 1551 8
1551 1560 1561 8
1551 1561 1552 8
1552 1561 1562 8
1552 1562 1553 8
1553 1562 1563 8
1553 1563 1554 8
1554 1563 1564 8
1554 1564 235 8
235 1564 234 8
148 147 1555 8
1555 147 1565 8
1555 1565 1556 8
1556 1565 1566 8
1556 1566 1557 8
1557 1566 1567 8
1557 1567 1558 8
1558 1567 1568 8
1558 1568 1559 8
1559 1568 1569 8
1559 1569 1560 8
1560 1569 1570 8
1560 1570 1561 8
1561 1570 1571 8
1561 1571 1562 8
1562 1571 1572 8
1562 1572 1563 8
1563 1572 1573 8
1563 1573 1564 8
1564 1573 1574 8
1564 1574 234 8
234 1574 233 8
147 12 1565 8
1565 12 223 8
1565 223 1566 8
1566 223 224 8
1566 224 1567 8
1567 224 225 8
1567 225 1568 8
1568 225 226 8
1568 226 1569 8
1569 226 227 8
1569 227 1570 8
1570 227 228 8
1570 228 1571 8
1571 228 229 8
1571 229 1572 8
1572 229 230 8
1572 230 1573 8
1573 230 231 8
1573 231 1574 8
1574 231 232 8
1574 232 233 8
233 232 14 8
239 37 3 6
239 1575 37 6
240 1575 239 6
240 1576 1575 6
241 1576 240 6
241 1577 1576 6
242 1577 241 6
242 1578 1577 6
243 1578 242 6
243 1579 1578 6
244 1579 243 6
244 1580 1579 6
245 1580 244 6
245 1581 1580 6
246 1581 245 6
246 1582 1581 6
247 1582 246 6
247 1583 1582 6
248 1583 247 6
248 1584 1583 6
249 1584 248 6
249 1585 1584 6
250 1585 249 6
250 1586 1585 6
251 1586 250 6
251 1587 1586 6
252 1587 251 6
252 1588 1587 6
253 1588 252 6
253 1589 1588 6
13 1589 253 6
13 278 1589 6
1575 1590 37 6
37 1590 38 6
1576 1591 1575 6
1575 1591 1590 6
1577 1592 1576 6
1576 1592 1591 6
1578 1593 1577 6
1577 1593 1592 6
1579 1594 1578 6
1578 1594 1593 6
1580 1595 1579 6
1579 1595 1594 6
1581 1596 1580 6
1580 1596 1595 6
1582 1597 1581 6
1581 1597 1596 6
1583 1598 1582 6
1582 1598 1597 6
1584 1599 1583 6
1583 1599 1598 6
1585 1600 1584 6
1584 1600 1599 6
1586 1601 1585 6
1585 1601 1600 6
1587 1602 1586 6
1586 1602 1601 6
1588 1603 1587 6
1587 1603 1602 6
1589 1604 1588 6
1588 1604 1603 6
278 277 1589 6
1589 277 1604 6
1590 1605 38 6
38 1605 39 6
1591 1606 1590 6
1590 1606 1605 6
1592 1607 1591 6
1591 1607 1606 6
1593 1608 1592 6
1592 1608 1607 6
1594 1609 1593 6
1593 1609 1608 6
1595 1610 1594 6
1594 1610 1609 6
1596 1611 1595 6
1595 1611 1610 6
1597 1612 1596 6
1596 1612 1611 6
1598 1613 1597 6
1597 1613 1612 6
1599 1614 1598 6
1598 1614 1613 6
1600 1615 1599 6
1599 1615 1614 6
1601 1616 1600 6
1600 1616 1615 6
1602 1617 1601 6
1601 1617 1616 6
1603 1618 1602 6
1602 1618 1617 6
1604 1619 1603 6
1603 1619 1618 6
277 276 1604 6
1604 276 1619 6
1605 1620 39 6
39 1620 40 6
1606 1621 1605 6
1605 1621 1620 6
1607 1622 1606 6
1606 1622 1621 6
1608 1623 1607 6
1607 1623 1622 6
1609 1624 1608 6
1608 1624 1623 6
1610 1625 1609 6
1609 1625 1624 6
1611 1626 1610 6
1610 1626 1625 6
1612 1627 1611 6
1611 1627 1626 6
1613 1628 1612 6
1612 1628 1627 6
1614 1629 1613 6
1613 1629 1628 6
1615 1630 1614 6
1614 1630 1629 6
1616 1631 1615 6
1615 1631 1630 6
1617 1632 1616 6
1616 1632 1631 6
1618 1633 1617 6
1617 1633 1632 6
1619 1634 1618 6
1618 1634 1633 6
276 275 1619 6
1619 275 1634 6
1620 1635 40 6
40 1635 41 6
1621 1636 1620 6
1620 1636 1635 6
1622 1637 1621 6
1621 1637 1636 6
1623 1638 1622 6
1622 1638 1637 6
1624 1639 1623 6
1623 1639 1638 6
1625 1640 1624 6
1624 1640 1639 6
1626 1641 1625 6
1625 1641 1640 6
1627 1642 1626 6
1626 1642 1641 6
1628 1643 1627 6
1627 1643 1642 6
1629 1644 1628 6
1628 1644 1643 6
1630 1645 1629 6
1629 1645 1644 6
1631 1646 1630 6
1630 1646 1645 6
1632 1647 1631 6
1631 1647 1646 6
1633 1648 1632 6
1632 1648 1647 6
1634 1649 1633 6
1633 1649 1648 6
275 274 1634 6
1634 274 1649 6
1635 1650 41 6
41 1650 42 6
1636 1651 1635 6
1635 1651 1650 6
1637 1652 1636 6
1636 1652 1651 6
1638 1653 1637 6
1637 1653 1652 6
1639 1654 1638 6
1638 1654 1653 6
1640 1655 1639 6
1639 1655 1654 6
1641 1656 1640 6
1640 1656 1655 6
1642 1657 1641 6
1641 1657 1656 6
1643 1658 1642 6
1642 1658 1657 6
1644 1659 1643 6
1643 1659 1658 6
1645 1660 1644 6
1644 1660 1659 6
1646 1661 1645 6
1645 1661 1660 6
1647 1662 1646 6
1646 1662 1661 6
1648 1663 1647 6
1647 1663 1662 6
1649 1664 1648 6
1648 1664 1663 6
274 273 1649 6
1649 273 1664 6
1650 43 42 6
1650 1665 43 6
1651 1665 1650 6
1651 1666 1665 6
1652 1666 1651 6
1652 1667 1666 6
1653 1667 1652 6
1653 1668 1667 6
1654 1668 1653 6
1654 1669 1668 6
1655 1669 1654 6
1655 1670 1669 6
1656 1670 1655 6
1656 1671 1670 6
1657 1671 1656 6
1657 1672 1671 6
1658 1672 1657 6
1658 1673 1672 6
1659 1673 1658 6
1659 1674 1673 6
1660 1674 1659 6
1660 1675 1674 6
1661 1675 1660 6
1661 1676 1675 6
1662 1676 1661 6
1662 1677 1676 6
1663 1677 1662 6
1663 1678 1677 6
1664 1678 1663 6
1664 1679 1678 6
273 1679 1664 6
273 272 1679 6
1665 1680 43 6
43 1680 44 6
1666 1681 1665 6
1665 1681 1680 6
1667 1682 1666 6
1666 1682 1681 6
1668 1683 1667 6
1667 1683 1682 6
1669 1684 1668 6
1668 1684 1683 6
1670 1685 1669 6
1669 1685 1684 6
1671 1686 1670 6
1670 1686 1685 6
1672 1687 1671 6
1671 1687 1686 6
1673 1688 1672 6
1672 1688 1687 6
1674 1689 1673 6
1673 1689 1688 6
1675 1690 1674 6
1674 1690 1689 6
1676 1691 1675 6
1675 1691 1690 6
1677 1692 1676 6
1676 1692 1691 6
1678 1693 1677 6
1677 1693 1692 6
1679 1694 1678 6
1678 1694 1693 6
272 271 1679 6
1679 271 1694 6
1680 1695 44 6
44 1695 45 6
1681 1696 1680 6
1680 1696 1695 6
1682 1697 1681 6
1681 1697 1696 6
1683 1698 1682 6
1682 1698 1697 6
1684 1699 1683 6
1683 1699 1698 6
1685 1700 1684 6
1684 1700 1699 6
1686 1701 1685 6
1685 1701 1700 6
1687 1702 1686 6
1686 1702 1701 6
1688 1703 1687 6
1687 1703 1702 6
1689 1704 1688 6
1688 1704 1703 6
1690 1705 1689 6
1689 1705 1704 6
1691 1706 1690 6
1690 1706 1705 6
1692 1707 1691 6
1691 1707 1706 6
1693 1708 1692 6
1692 1708 1707 6
1694 1709 1693 6
1693 1709 1708 6
271 270 1694 6
1694 270 1709 6
1695 1710 45 6
45 1710 46 6
1696 1711 1695 6
1695 1711 1710 6
1697 1712 1696 6
1696 1712 1711 6
1698 1713 1697 6
1697 1713 1712 6
1699 1714 1698 6
1698 1714 1713 6
1700 1715 1699 6
1699 1715 1714 6
1701 1716 1700 6
1700 1716 1715 6
1702 1717 1701 6
1701 1717 1716 6
1703 1718 1702 6
1702 1718 1717 6
1704 1719 1703 6
1703 1719 1718 6
1705 1720 1704 6
1704 1720 1719 6
1706 1721 1705 6
1705 1721 1720 6
1707 1722 1706 6
1706 1722 1721 6
1708 1723 1707 6
1707 1723 1722 6
1709 1724 1708 6
1708 1724 1723 6
270 269 1709 6
1709 269 1724 6
1710 295 46 6
46 295 4 6
1711 296 1710 6
1710 296 295 6
1712 297 1711 6
1711 297 296 6
1713 298 1712 6
1712 298 297 6
1714 299 1713 6
1713 299 298 6
1715 300 1714 6
1714 300 299 6
1716 301 1715 6
1715 301 300 6
1717 302 1716 6
1716 302 301 6
1718 303 1717 6
1717 303 302 6
1719 304 1718 6
1718 304 303 6
1720 305 1719 6
1719 305 304 6
1721 306 1720 6
1720 306 305 6
1722 307 1721 6
1721 307 306 6
1723 308 1722 6
1722 308 307 6
1724 309 1723 6
1723 309 308 6
269 15 1724 6
1724 15 309 6
254 7 1725 11
7 77 1725 11
255 254 1726 11
254 1725 1726 11
256 255 1727 11
255 1726 1727 11
257 256 1728 11
256 1727 1728 11
258 257 1729 11
257 1728 1729 11
259 258 1730 11
258 1729 1730 11
260 259 1731 11
259 1730 1731 11
261 260 1732 11
260 1731 1732 11
262 261 1733 11
261 1732 1733 11
263 262 1734 11
262 1733 1734 11
264 263 1735 11
263 1734 1735 11
265 264 1736 11
264 1735 1736 11
266 265 1737 11
265 1736 1737 11
267 266 1738 11
266 1737 1738 11
268 267 1739 11
267 1738 1739 11
14 268 279 11
268 1739 279 11
1725 77 1740 11
77 78 1740 11
1726 1725 1741 11
1725 1740 1741 11
1727 1726 1742 11
1726 1741 1742 11
1728 1727 1743 11
1727 1742 1743 11
1729 1728 1744 11
1728 1743 1744 11
1730 1729 1745 11
1729 1744 1745 11
1731 1730 1746 11
1730 1745 1746 11
1732 1731 1747 11
1731 1746 1747 11
1733 1732 1748 11
1732 1747 1748 11
1734 1733 1749 11
1733 1748 1749 11
1735 1734 1750 11
1734 1749 1750 11
1736 1735 1751 11
1735 1750 1751 11
1737 1736 1752 11
1736 1751 1752 11
1738 1737 1753 11
1737 1752 1753 11
1739 1738 1754 11
1738 1753 1754 11
279 1739 280 11
1739 1754 280 11
1740 78 1755 11
78 79 1755 11
1741 1740 1756 11
1740 1755 1756 11
1742 1741 1757 11
1741 1756 1757 11
1743 1742 1758 11
1742 1757 1758 11
1744 1743 1759 11
1743 1758 1759 11
1745 1744 1760 11
1744 1759 1760 11
1746 1745 1761 11
1745 1760 1761 11
1747 1746 1762 11
1746 1761 1762 11
1748 1747 1763 11
1747 1762 1763 11
1749 1748 1764 11
1748 1763 1764 11
1750 1749 1765 11
1749 1764 1765 11
1751 1750 1766 11
1750 1765 1766 11
1752 1751 1767 11
1751 1766 1767 11
1753 1752 1768 11
1752 1767 1768 11
1754 1753 1769 11
1753 1768 1769 11
280 1754 281 11
1754 1769 281 11
1755 79 1770 11
79 80 1770 11
1756 1755 1771 11
1755 1770 1771 11
1757 1756 1772 11
1756 1771 1772 11
1758 1757 1773 11
1757 1772 1773 11
1759 1758 1774 11
1758 1773 1774 11
1760 1759 1775 11
1759 1774 1775 11
1761 1760 1776 11
1760 1775 1776 11
1762 1761 1777 11
1761 1776 1777 11
1763 1762 1778 11
1762 1777 1778 11
1764 1763 1779 11
1763 1778 1779 11
1765 1764 1780 11
1764 1779 1780 11
1766 1765 1781 11
1765 1780 1781 11
1767 1766 1782 11
1766 1781 1782 11
1768 1767 1783 11
1767 1782 1783 11
1769 1768 1784 11
1768 1783 1784 11
281 1769 282 11
1769 1784 282 11
1770 80 1785 11
80 81 1785 11
1771 1770 1786 11
1770 1785 1786 11
1772 1771 1787 11
1771 1786 1787 11
1773 1772 1788 11
1772 1787 1788 11
1774 1773 1789 11
1773 1788 1789 11
1775 1774 1790 11
1774 1789 1790 11
1776 1775 1791 11
1775 1790 1791 11
1777 1776 1792 11
1776 1791 1792 11
1778 1777 1793 11
1777 1792 1793 11
1779 1778 1794 11
1778 1793 1794 11
1780 1779 1795 11
1779 1794 1795 11
1781 1780 1796 11
1780 1795 1796 11
1782 1781 1797 11
1781 1796 1797 11
1783 1782 1798 11
1782 1797 1798 11
1784 1783 1799 11
1783 1798 1799 11
282 1784 283 11
1784 1799 283 11
1785 81 1800 11
81 82 1800 11
1786 1785 1801 11
1785 1800 1801 11
1787 1786 1802 11
1786 1801 1802 11
1788 1787 1803 11
1787 1802 1803 11
1789 1788 1804 11
1788 1803 1804 11
1790 1789 1805 11
1789 1804 1805 11
1791 1790 1806 11
1790 1805 1806 11
1792 1791 1807 11
1791 1806 1807 11
1793 1792 1808 11
1792 1807 1808 11
1794 1793 1809 11
1793 1808 1809 11
1795 1794 1810 11
1794 1809 1810 11
1796 1795 1811 11
1795 1810 1811 11
1797 1796 1812 11
1796 1811 1812 11
1798 1797 1813 11
1797 1812 1813 11
1799 1798 1814 11
1798 1813 1814 11
283 1799 284 11
1799 1814 284 11
1800 82 1815 11
82 83 1815 11
1801 1800 1816 11
1800 1815 1816 11
1802 1801 1817 11
1801 1816 1817 11
1803 1802 1818 11
1802 1817 1818 11
1804 1803 1819 11
1803 1818 1819 11
1805 1804 1820 11
1804 1819 1820 11
1806 1805 1821 11
1805 1820 1821 11
1807 1806 1822 11
1806 1821 1822 11
1808 1807 1823 11
1807 1822 1823 11
1809 1808 1824 11
1808 1823 1824 11
1810 1809 1825 11
1809 1824 1825 11
1811 1810 1826 11
1810 1825 1826 11
1812 1811 1827 11
1811 1826 1827 11
1813 1812 1828 11
1812 1827 1828 11
1814 1813 1829 11
1813 1828 1829 11
284 1814 285 11
1814 1829 285 11
1815 83 1830 11
83 84 1830 11
1816 1815 1831 11
1815 1830 1831 11
1817 1816 1832 11
1816 1831 1832 11
1818 1817 1833 11
1817 1832 1833 11
1819 1818 1834 11
1818 1833 1834 11
1820 1819 1835 11
1819 1834 1835 11
1821 1820 1836 11
1820 1835 1836 11
1822 1821 1837 11
1821 1836 1837 11
1823 1822 1838 11
1822 1837 1838 11
1824 1823 1839 11
1823 1838 1839 11
1825 1824 1840 11
1824 1839 1840 11
1826 1825 1841 11
1825 1840 1841 11
1827 1826 1842 11
1826 1841 1842 11
1828 1827 1843 11
1827 1842 1843 11
1829 1828 1844 11
1828 1843 1844 11
285 1829 286 11
1829 1844 286 11
1830 84 1845 11
84 85 1845 11
1831 1830 1846 11
1830 1845 1846 11
1832 1831 1847 11
1831 1846 1847 11
1833 1832 1848 11
1832 1847 1848 11
1834 1833 1849 11
1833 1848 1849 11
1835 1834 1850 11
1834 1849 1850 11
1836 1835 1851 11
1835 1850 1851 11
1837 1836 1852 11
1836 1851 1852 11
1838 1837 1853 11
1837 1852 1853 11
1839 1838 1854 11
1838 1853 1854 11
1840 1839 1855 11
1839 1854 1855 11
1841 1840 1856 11
1840 1855 1856 11
1842 1841 1857 11
1841 1856 1857 11
1843 1842 1858 11
1842 1857 1858 11
1844 1843 1859 11
1843 1858 1859 11
286 1844 287 11
1844 1859 287 11
1845 85 1860 11
85 86 1860 11
1846 1845 1861 11
1845 1860 1861 11
1847 1846 1862 11
1846 1861 1862 11
1848 1847 1863 11
1847 1862 1863 11
1849 1848 1864 11
1848 1863 1864 11
1850 1849 1865 11
1849 1864 1865 11
1851 1850 1866 11
1850 1865 1866 11
1852 1851 1867 11
1851 1866 1867 11
1853 1852 1868 11
1852 1867 1868 11
1854 1853 1869 11
1853 1868 1869 11
1855 1854 1870 11
1854 1869 1870 11
1856 1855 1871 11
1855 1870 1871 11
1857 1856 1872 11
1856 1871 1872 11
1858 1857 1873 11
1857 1872 1873 11
1859 1858 1874 11
1858 1873 1874 11
287 1859 288 11
1859 1874 288 11
1860 86 310 11
86 8 310 11
1861 1860 311 11
1860 310 311 11
1862 1861 312 11
1861 311 312 11
1863 1862 313 11
1862 312 313 11
1864 1863 314 11
1863 313 314 11
1865 1864 315 11
1864 314 315 11
1866 1865 316 11
1865 315 316 11
1867 1866 317 11
1866 316 317 11
1868 1867 318 11
1867 317 318 11
1869 1868 319 11
1868 318 319 11
1870 1869 320 11
1869 319 320 11
1871 1870 321 11
1870 320 321 11
1872 1871 322 11
1871 321 322 11
1873 1872 323 11
1872 322 323 11
1874 1873 324 11
1873 323 324 11
288 1874 16 11
1874 324 16 11
13 238 278 8
278 238 1965 8
278 1965 277 8
277 1965 1966 8
277 1966 276 8
276 1966 1967 8
276 1967 275 8
275 1967 1968 8
275 1968 274 8
274 1968 1969 8
274 1969 273 8
273 1969 1970 8
273 1970 272 8
272 1970 1971 8
272 1971 271 8
271 1971 1972 8
271 1972 270 8
270 1972 1973 8
270 1973 269 8
269 1973 1974 8
269 1974 15 8
15 1974 294 8
238 237 1965 8
1965 237 1975 8
1965 1975 1966 8
1966 1975 1976 8
1966 1976 1967 8
1967 1976 1977 8
1967 1977 1968 8
1968 1977 1978 8
1968 1978 1969 8
1969 1978 1979 8
1969 1979 1970 8
1970 1979 1980 8
1970 1980 1971 8
1971 1980 1981 8
1971 1981 1972 8
1972 1981 1982 8
1972 1982 1973 8
1973 1982 1983 8
1973 1983 1974 8
1974 1983 1984 8
1974 1984 294 8
294 1984 293 8
237 236 1975 8
1975 236 1985 8
1975 1985 1976 8
1976 1985 1986 8
1976 1986 1977 8
1977 1986 1987 8
1977 1987 1978 8
1978 1987 1988 8
1978 1988 1979 8
1979 1988 1989 8
1979 1989 1980 8
1980 1989 1990 8
1980 1990 1981 8
1981 1990 1991 8
1981 1991 1982 8
1982 1991 1992 8
1982 1992 1983 8
1983 1992 1993 8
1983 1993 1984 8
1984 1993 1994 8
1984 1994 293 8
293 1994 292 8
236 235 1985 8
1985 235 1995 8
1985 1995 1986 8
1986 1995 1996 8
1986 1996 1987 8
1987 1996 1997 8
1987 1997 1988 8
1988 1997 1998 8
1988 1998 1989 8
1989 1998 1999 8
1989 1999 1990 8
1990 1999 2000 8
1990 2000 1991 8
1991 2000 2001 8
1991 2001 1992 8
1992 2001 2002 8
1992 2002 1993 8
1993 2002 2003 8
1993 2003 1994 8
1994 2003 2004 8
1994 2004 292 8
292 2004 291 8
235 234 1995 8
1995 234 2005 8
1995 2005 1996 8
1996 2005 2006 8
1996 2006 1997 8
1997 2006 2007 8
1997 2007 1998 8
1998 2007 2008 8
1998 2008 1999 8
1999 2008 2009 8
1999 2009 2000 8
2000 2009 2010 8
2000 2010 2001 8
2001 2010 2011 8
2001 2011 2002 8
2002 2011 2012 8
2002 2012 2003 8
2003 2012 2013 8
2003 2013 2004 8
2004 2013 2014 8
2004 2014 291 8
291 2014 290 8
234 233 2005 8
2005 233 2015 8
2005 2015 2006 8
2006 2015 2016 8
2006 2016 2007 8
2007 2016 2017 8
2007 2017 2008 8
2008 2017 2018 8
2008 2018 2009 8
2009 2018 2019 8
2009 2019 2010 8
2010 2019 2020 8
2010 2020 2011 8
2011 2020 2021 8
2011 2021 2012 8
2012 2021 2022 8
2012 2022 2013 8
2013 2022 2023 8
2013 2023 2014 8
2014 2023 2024 8
2014 2024 290 8
290 2024 289 8
233 14 2015 8
2015 14 279 8
2015 279 2016 8
2016 279 280 8
2016 280 2017 8
2017 280 281 8
2017 281 2018 8
2018 281 282 8
2018 282 2019 8
2019 282 283 8
2019 283 2020 8
2020 283 284 8
2020 284 2021 8
2021 284 285 8
2021 285 2022 8
2022 285 286 8
2022 286 2023 8
2023 286 287 8
2023 287 2024 8
2024 287 288 8
2024 288 289 8
289 288 16 8
295 2025 4 6
4 2025 47 6
296 2026 295 6
295 2026 2025 6
297 2027 296 6
296 2027 2026 6
298 2028 297 6
297 2028 2027 6
299 2029 298 6
298 2029 2028 6
300 2030 299 6
299 2030 2029 6
301 2031 300 6
300 2031 2030 6
302 2032 301 6
301 2032 2031 6
303 2033 302 6
302 2033 2032 6
304 2034 303 6
303 2034 2033 6
305 2035 304 6
304 2035 2034 6
306 2036 305 6
305 2036 2035 6
307 2037 306 6
306 2037 2036 6
308 2038 307 6
307 2038 2037 6
309 2039 308 6
308 2039 2038 6
15 334 309 6
309 334 2039 6
2025 2040 47 6
47 2040 48 6
2026 2041 2025 6
2025 2041 2040 6
2027 2042 2026 6
2026 2042 2041 6
2028 2043 2027 6
2027 2043 2042 6
2029 2044 2028 6
2028 2044 2043 6
2030 2045 2029 6
2029 2045 2044 6
2031 2046 2030 6
2030 2046 2045 6
2032 2047 2031 6
2031 2047 2046 6
2033 2048 2032 6
2032 2048 2047 6
2034 2049 2033 6
2033 2049 2048 6
2035 2050 2034 6
2034 2050 2049 6
2036 2051 2035 6
2035 2051 2050 6
2037 2052 2036 6
2036 2052 2051 6
2038 2053 2037 6
2037 2053 2052 6
2039 2054 2038 6
2038 2054 2053 6
334 333 2039 6
2039 333 2054 6
2040 2055 48 6
48 2055 49 6
2041 2056 2040 6
2040 2056 2055 6
2042 2057 2041 6
2041 2057 2056 6
2043 2058 2042 6
2042 2058 2057 6
2044 2059 2043 6
2043 2059 2058 6
2045 2060 2044 6
2044 2060 2059 6
2046 2061 2045 6
2045 2061 2060 6
2047 2062 2046 6
2046 2062 2061 6
2048 2063 2047 6
2047 2063 2062 6
2049 2064 2048 6
2048 2064 2063 6
2050 2065 2049 6
2049 2065 2064 6
2051 2066 2050 6
2050 2066 2065 6
2052 2067 2051 6
2051 2067 2066 6
2053 2068 2052 6
2052 2068 2067 6
2054 2069 2053 6
2053 2069 2068 6
333 332 2054 6
2054 332 2069 6
2055 50 49 6
2055 2070 50 6
2056 2070 2055 6
2056 2071 2070 6
2057 2071 2056 6
2057 2072 2071 6
2058 2072 2057 6
2058 2073 2072 6
2059 2073 2058 6
2059 2074 2073 6
2060 2074 2059 6
2060 2075 2074 6
2061 2075 2060 6
2061 2076 2075 6
2062 2076 2061 6
2062 2077 2076 6
2063 2077 2062 6
2063 2078 2077 6
2064 2078 2063 6
2064 2079 2078 6
2065 2079 2064 6
2065 2080 2079 6
2066 2080 2065 6
2066 2081 2080 6
2067 2081 2066 6
2067 2082 2081 6
2068 2082 2067 6
2068 2083 2082 6
2069 2083 2068 6
2069 2084 2083 6
332 2084 2069 6
332 331 2084 6
2070 2085 50 6
50 2085 51 6
2071 2086 2070 6
2070 2086 2085 6
2072 2087 2071 6
2071 2087 2086 6
2073 2088 2072 6
2072 2088 2087 6
2074 2089 2073 6
2073 2089 2088 6
2075 2090 2074 6
2074 2090 2089 6
2076 2091 2075 6
2075 2091 2090 6
2077 2092 2076 6
2076 2092 2091 6
2078 2093 2077 6
2077 2093 2092 6
2079 2094 2078 6
2078 2094 2093 6
2080 2095 2079 6
2079 2095 2094 6
2081 2096 2080 6
2080 2096 2095 6
2082 2097 2081 6
2081 2097 2096 6
2083 2098 2082 6
2082 2098 2097 6
2084 2099 2083 6
2083 2099 2098 6
331 330 2084 6
2084 330 2099 6
2085 2100 51 6
51 2100 52 6
2086 2101 2085 6
2085 2101 2100 6
2087 2102 2086 6
2086 2102 2101 6
2088 2103 2087 6
2087 2103 2102 6
2089 2104 2088 6
2088 2104 2103 6
2090 2105 2089 6
2089 2105 2104 6
2091 2106 2090 6
2090 2106 2105 6
2092 2107 2091 6
2091 2107 2106 6
2093 2108 2092 6
2092 2108 2107 6
2094 2109 2093 6
2093 2109 2108 6
2095 2110 2094 6
2094 2110 2109 6
2096 2111 2095 6
2095 2111 2110 6
2097 2112 2096 6
2096 2112 2111 6
2098 2113 2097 6
2097 2113 2112 6
2099 2114 2098 6
2098 2114 2113 6
330 329 2099 6
2099 329 2114 6
2100 2115 52 6
52 2115 53 6
2101 2116 2100 6
2100 2116 2115 6
2102 2117 2101 6
2101 2117 2116 6
2103 2118 2102 6
2102 2118 2117 6
2104 2119 2103 6
2103 2119 2118 6
2105 2120 2104 6
2104 2120 2119 6
2106 2121 2105 6
2105 2121 2120 6
2107 2122 2106 6
2106 2122 2121 6
2108 2123 2107 6
2107 2123 2122 6
2109 2124 2108 6
2108 2124 2123 6
2110 2125 2109 6
2109 2125 2124 6
2111 2126 2110 6
2110 2126 2125 6
2112 2127 2111 6
2111 2127 2126 6
2113 2128 2112 6
2112 2128 2127 6
2114 2129 2113 6
2113 2129 2128 6
329 328 2114 6
2114 328 2129 6
2115 2130 53 6
53 2130 54 6
2116 2131 2115 6
2115 2131 2130 6
2117 2132 2116 6
2116 2132 2131 6
2118 2133 2117 6
2117 2133 2132 6
2119 2134 2118 6
2118 2134 2133 6
2120 2135 2119 6
2119 2135 2134 6
2121 2136 2120 6
2120 2136 2135 6
2122 2137 2121 6
2121 2137 2136 6
2123 2138 2122 6
2122 2138 2137 6
2124 2139 2123 6
2123 2139 2138 6
2125 2140 2124 6
2124 2140 2139 6
2126 2141 2125 6
2125 2141 2140 6
2127 2142 2126 6
2126 2142 2141 6
2128 2143 2127 6
2127 2143 2142 6
2129 2144 2128 6
2128 2144 2143 6
328 327 2129 6
2129 327 2144 6
2130 2145 54 6
54 2145 55 6
2131 2146 2130 6
2130 2146 2145 6
2132 2147 2131 6
2131 2147 2146 6
2133 2148 2132 6
2132 2148 2147 6
2134 2149 2133 6
2133 2149 2148 6
2135 2150 2134 6
2134 2150 2149 6
2136 2151 2135 6
2135 2151 2150 6
2137 2152 2136 6
2136 2152 2151 6
2138 2153 2137 6
2137 2153 2152 6
2139 2154 2138 6
2138 2154 2153 6
2140 2155 2139 6
2139 2155 2154 6
2141 2156 2140 6
2140 2156 2155 6
2142 2157 2141 6
2141 2157 2156 6
2143 2158 2142 6
2142 2158 2157 6
2144 2159 2143 6
2143 2159 2158 6
327 326 2144 6
2144 326 2159 6
2145 2160 55 6
55 2160 56 6
2146 2161 2145 6
2145 2161 2160 6
2147 2162 2146 6
2146 2162 2161 6
2148 2163 2147 6
2147 2163 2162 6
2149 2164 2148 6
2148 2164 2163 6
2150 2165 2149 6
2149 2165 2164 6
2151 2166 2150 6
2150 2166 2165 6
2152 2167 2151 6
2151 2167 2166 6
2153 2168 2152 6
2152 2168 2167 6
2154 2169 2153 6
2153 2169 2168 6
2155 2170 2154 6
2154 2170 2169 6
2156 2171 2155 6
2155 2171 2170 6
2157 2172 2156 6
2156 2172 2171 6
2158 2173 2157 6
2157 2173 2172 6
2159 2174 2158 6
2158 2174 2173 6
326 325 2159 6
2159 325 2174 6
2160 168 56 6
56 168 1 6
2161 169 2160 6
2160 169 168 6
2162 170 2161 6
2161 170 169 6
2163 171 2162 6
2162 171 170 6
2164 172 2163 6
2163 172 171 6
2165 173 2164 6
2164 173 172 6
2166 174 2165 6
2165 174 173 6
2167 175 2166 6
2166 175 174 6
2168 176 2167 6
2167 176 175 6
2169 177 2168 6
2168 177 176 6
2170 178 2169 6
2169 178 177 6
2171 179 2170 6
2170 179 178 6
2172 180 2171 6
2171 180 179 6
2173 181 2172 6
2172 181 180 6
2174 182 2173 6
2173 182 181 6
325 10 2174 6
2174 10 182 6
310 8 2175 11
8 87 2175 11
311 310 2176 11
310 2175 2176 11
312 311 2177 11
311 2176 2177 11
313 312 2178 11
312 2177 2178 11
314 313 2179 11
313 2178 2179 11
315 314 2180 11
314 2179 2180 11
316 315 2181 11
315 2180 2181 11
317 316 2182 11
316 2181 2182 11
318 317 2183 11
317 2182 2183 11
319 318 2184 11
318 2183 2184 11
320 319 2185 11
319 2184 2185 11
321 320 2186 11
320 2185 2186 11
322 321 2187 11
321 2186 2187 11
323 322 2188 11
322 2187 2188 11
324 323 2189 11
323 2188 2189 11
16 324 335 11
324 2189 335 11
2175 87 2190 11
87 88 2190 11
2176 2175 2191 11
2175 2190 2191 11
2177 2176 2192 11
2176 2191 2192 11
2178 2177 2193 11
2177 2192 2193 11
2179 2178 2194 11
2178 2193 2194 11
2180 2179 2195 11
2179 2194 2195 11
2181 2180 2196 11
2180 2195 2196 11
2182 2181 2197 11
2181 2196 2197 11
2183 2182 2198 11
2182 2197 2198 11
2184 2183 2199 11
2183 2198 2199 11
2185 2184 2200 11
2184 2199 2200 11
2186 2185 2201 11
2185 2200 2201 11
2187 2186 2202 11
2186 2201 2202 11
2188 2187 2203 11
2187 2202 2203 11
2189 2188 2204 11
2188 2203 2204 11
335 2189 336 11
2189 2204 336 11
2190 88 2205 11
88 89 2205 11
2191 2190 2206 11
2190 2205 2206 11
2192 2191 2207 11
2191 2206 2207 11
2193 2192 2208 11
2192 2207 2208 11
2194 2193 2209 11
2193 2208 2209 11
2195 2194 2210 11
2194 2209 2210 11
2196 2195 2211 11
2195 2210 2211 11
2197 2196 2212 11
2196 2211 2212 11
2198 2197 2213 11
2197 2212 2213 11
2199 2198 2214 11
2198 2213 2214 11
2200 2199 2215 11
2199 2214 2215 11
2201 2200 2216 11
2200 2215 2216 11
2202 2201 2217 11
2201 2216 2217 11
2203 2202 2218 11
2202 2217 2218 11
2204 2203 2219 11
2203 2218 2219 11
336 2204 337 11
2204 2219 337 11
2205 89 2220 11
89 90 2220 11
2206 2205 2221 11
2205 2220 2221 11
2207 2206 2222 11
2206 2221 2222 11
2208 2207 2223 11
2207 2222 2223 11
2209 2208 2224 11
2208 2223 2224 11
2210 2209 2225 11
2209 2224 2225 11
2211 2210 2226 11
2210 2225 2226 11
2212 2211 2227 11
2211 2226 2227 11
2213 2212 2228 11
2212 2227 2228 11
2214 2213 2229 11
2213 2228 2229 11
2215 2214 2230 11
2214 2229 2230 11
2216 2215 2231 11
2215 2230 2231 11
2217 2216 2232 11
2216 2231 2232 11
2218 2217 2233 11
2217 2232 2233 11
2219 2218 2234 11
2218 2233 2234 11
337 2219 338 11
2219 2234 338 11
2220 90 2235 11
90 91 2235 11
2221 2220 2236 11
2220 2235 2236 11
2222 2221 2237 11
2221 2236 2237 11
2223 2222 2238 11
2222 2237 2238 11
2224 2223 2239 11
2223 2238 2239 11
2225 2224 2240 11
2224 2239 2240 11
2226 2225 2241 11
2225 2240 2241 11
2227 2226 2242 11
2226 2241 2242 11
2228 2227 2243 11
2227 2242 2243 11
2229 2228 2244 11
2228 2243 2244 11
2230 2229 2245 11
2229 2244 2245 11
2231 2230 2246 11
2230 2245 2246 11
2232 2231 2247 11
2231 2246 2247 11
2233 2232 2248 11
2232 2247 2248 11
2234 2233 2249 11
2233 2248 2249 11
338 2234 339 11
2234 2249 339 11
2235 91 2250 11
91 92 2250 11
2236 2235 2251 11
2235 2250 2251 11
2237 2236 2252 11
2236 2251 2252 11
2238 2237 2253 11
2237 2252 2253 11
2239 2238 2254 11
2238 2253 2254 11
2240 2239 2255 11
2239 2254 2255 11
2241 2240 2256 11
2240 2255 2256 11
2242 2241 2257 11
2241 2256 2257 11
2243 2242 2258 11
2242 2257 2258 11
2244 2243 2259 11
2243 2258 2259 11
2245 2244 2260 11
2244 2259 2260 11
2246 2245 2261 11
2245 2260 2261 11
2247 2246 2262 11
2246 2261 2262 11
2248 2247 2263 11
2247 2262 2263 11
2249 2248 2264 11
2248 2263 2264 11
339 2249 340 11
2249 2264 340 11
2250 92 2265 11
92 93 2265 11
2251 2250 2266 11
2250 2265 2266 11
2252 2251 2267 11
2251 2266 2267 11
2253 2252 2268 11
2252 2267 2268 11
2254 2253 2269 11
2253 2268 2269 11
2255 2254 2270 11
2254 2269 2270 11
2256 2255 2271 11
2255 2270 2271 11
2257 2256 2272 11
2256 2271 2272 11
2258 2257 2273 11
2257 2272 2273 11
2259 2258 2274 11
2258 2273 2274 11
2260 2259 2275 11
2259 2274 2275 11
2261 2260 2276 11
2260 2275 2276 11
2262 2261 2277 11
2261 2276 2277 11
2263 2262 2278 11
2262 2277 2278 11
2264 2263 2279 11
2263 2278 2279 11
340 2264 341 11
2264 2279 341 11
2265 93 2280 11
93 94 2280 11
2266 2265 2281 11
2265 2280 2281 11
2267 2266 2282 11
2266 2281 2282 11
2268 2267 2283 11
2267 2282 2283 11
2269 2268 2284 11
2268 2283 2284 11
2270 2269 2285 11
2269 2284 2285 11
2271 2270 2286 11
2270 2285 2286 11
2272 2271 2287 11
2271 2286 2287 11
2273 2272 2288 11
2272 2287 2288 11
2274 2273 2289 11
2273 2288 2289 11
2275 2274 2290 11
2274 2289 2290 11
2276 2275 2291 11
2275 2290 2291 11
2277 2276 2292 11
2276 2291 2292 11
2278 2277 2293 11
2277 2292 2293 11
2279 2278 2294 11
2278 2293 2294 11
341 2279 342 11
2279 2294 342 11
2280 94 2295 11
94 95 2295 11
2281 2280 2296 11
2280 2295 2296 11
2282 2281 2297 11
2281 2296 2297 11
2283 2282 2298 11
2282 2297 2298 11
2284 2283 2299 11
2283 2298 2299 11
2285 2284 2300 11
2284 2299 2300 11
2286 2285 2301 11
2285 2300 2301 11
2287 2286 2302 11
2286 2301 2302 11
2288 2287 2303 11
2287 2302 2303 11
2289 2288 2304 11
2288 2303 2304 11
2290 2289 2305 11
2289 2304 2305 11
2291 2290 2306 11
2290 2305 2306 11
2292 2291 2307 11
2291 2306 2307 11
2293 2292 2308 11
2292 2307 2308 11
2294 2293 2309 11
2293 2308 2309 11
342 2294 343 11
2294 2309 343 11
2295 95 2310 11
95 96 2310 11
2296 2295 2311 11
2295 2310 2311 11
2297 2296 2312 11
2296 2311 2312 11
2298 2297 2313 11
2297 2312 2313 11
2299 2298 2314 11
2298 2313 2314 11
2300 2299 2315 11
2299 2314 2315 11
2301 2300 2316 11
2300 2315 2316 11
2302 2301 2317 11
2301 2316 2317 11
2303 2302 2318 11
2302 2317 2318 11
2304 2303 2319 11
2303 2318 2319 11
2305 2304 2320 11
2304 2319 2320 11
2306 2305 2321 11
2305 2320 2321 11
2307 2306 2322 11
2306 2321 2322 11
2308 2307 2323 11
2307 2322 2323 11
2309 2308 2324 11
2308 2323 2324 11
343 2309 344 11
2309 2324 344 11
2310 96 183 11
96 5 183 11
2311 2310 184 11
2310 183 184 11
2312 2311 185 11
2311 184 185 11
2313 2312 186 11
2312 185 186 11
2314 2313 187 11
2313 186 187 11
2315 2314 188 11
2314 187 188 11
2316 2315 189 11
2315 188 189 11
2317 2316 190 11
2316 189 190 11
2318 2317 191 11
2317 190 191 11
2319 2318 192 11
2318 191 192 11
2320 2319 193 11
2319 192 193 11
2321 2320 194 11
2320 193 194 11
2322 2321 195 11
2321 194 195 11
2323 2322 196 11
2322 195 196 11
2324 2323 197 11
2323 196 197 11
344 2324 11 11
2324 197 11 11
15 294 334 8
334 294 2325 8
334 2325 333 8
333 2325 2326 8
333 2326 332 8
332 2326 2327 8
332 2327 331 8
331 2327 2328 8
331 2328 330 8
330 2328 2329 8
330 2329 329 8
329 2329 2330 8
329 2330 328 8
328 2330 2331 8
328 2331 327 8
327 2331 2332 8
327 2332 326 8
326 2332 2333 8
326 2333 325 8
325 2333 2334 8
325 2334 10 8
10 2334 131 8
294 293 2325 8
2325 293 2335 8
2325 2335 2326 8
2326 2335 2336 8
2326 2336 2327 8
2327 2336 2337 8
2327 2337 2328 8
2328 2337 2338 8
2328 2338 2329 8
2329 2338 2339 8
2329 2339 2330 8
2330 2339 2340 8
2330 2340 2331 8
2331 2340 2341 8
2331 2341 2332 8
2332 2341 2342 8
2332 2342 2333 8
2333 2342 2343 8
2333 2343 2334 8
2334 2343 2344 8
2334 2344 131 8
131 2344 132 8
293 292 2335 8
2335 292 2345 8
2335 2345 2336 8
2336 2345 2346 8
2336 2346 2337 8
2337 2346 2347 8
2337 2347 2338 8
2338 2347 2348 8
2338 2348 2339 8
2339 2348 2349 8
2339 2349 2340 8
2340 2349 2350 8
2340 2350 2341 8
2341 2350 2351 8
2341 2351 2342 8
2342 2351 2352 8
2342 2352 2343 8
2343 2352 2353 8
2343 2353 2344 8
2344 2353 2354 8
2344 2354 132 8
132 2354 133 8
292 291 2345 8
2345 291 2355 8
2345 2355 2346 8
2346 2355 2356 8
2346 2356 2347 8
2347 2356 2357 8
2347 2357 2348 8
2348 2357 2358 8
2348 2358 2349 8
2349 2358 2359 8
2349 2359 2350 8
2350 2359 2360 8
2350 2360 2351 8
2351 2360 2361 8
2351 2361 2352 8
2352 2361 2362 8
2352 2362 2353 8
2353 2362 2363 8
2353 2363 2354 8
2354 2363 2364 8
2354 2364 133 8
133 2364 134 8
291 290 2355 8
2355 290 2365 8
2355 2365 2356 8
2356 2365 2366 8
2356 2366 2357 8
2357 2366 2367 8
2357 2367 2358 8
2358 2367 2368 8
2358 2368 2359 8
2359 2368 2369 8
2359 2369 2360 8
2360 2369 2370 8
2360 2370 2361 8
2361 2370 2371 8
2361 2371 2362 8
2362 2371 2372 8
2362 2372 2363 8
2363 2372 2373 8
2363 2373 2364 8
2364 2373 2374 8
2364 2374 134 8
134 2374 135 8
290 289 2365 8
2365 289 2375 8
2365 2375 2366 8
2366 2375 2376 8
2366 2376 2367 8
2367 2376 2377 8
2367 2377 2368 8
2368 2377 2378 8
2368 2378 2369 8
2369 2378 2379 8
2369 2379 2370 8
2370 2379 2380 8
2370 2380 2371 8
2371 2380 2381 8
2371 2381 2372 8
2372 2381 2382 8
2372 2382 2373 8
2373 2382 2383 8
2373 2383 2374 8
2374 2383 2384 8
2374 2384 135 8
135 2384 136 8
289 16 2375 8
2375 16 335 8
2375 335 2376 8
2376 335 336 8
2376 336 2377 8
2377 336 337 8
2377 337 2378 8
2378 337 338 8
2378 338 2379 8
2379 338 339 8
2379 339 2380 8
2380 339 340 8
2380 340 2381 8
2381 340 341 8
2381 341 2382 8
2382 341 342 8
2382 342 2383 8
2383 342 343 8
2383 343 2384 8
2384 343 344 8
2384 344 136 8
136 344 11 8

Tetrahedra
29568
1 97 17 585 15
735 168 585 97 15
97 168 585 1 15
168 735 585 586 15
736 169 586 735 15
735 169 586 168 15
169 736 586 587 15
737 170 587 736 15
736 170 587 169 15
170 737 587 588 15
738 171 588 737 15
737 171 588 170 15
171 738 588 589 15
739 172 589 738 15
738 172 589 171 15
172 739 589 590 15
740 173 590 739 15
739 173 590 172 15
173 740 590 591 15
741 174 591 740 15
740 174 591 173 15
174 741 591 592 15
742 175 592 741 15
741 175 592 174 15
175 742 592 593 15
743 176 593 742 15
742 176 593 175 15
176 743 593 594 15
744 177 594 743 15
743 177 594 176 15
177 744 594 595 15
745 178 595 744 15
744 178 595 177 15
178 745 595 596 15
746 179 596 745 15
745 179 596 178 15
179 746 596 597 15
747 180 597 746 15
746 180 597 179 15
180 747 597 598 15
748 181 598 747 15
747 181 598 180 15
181 748 598 599 15
749 182 599 748 15
748 182 599 181 15
182 749 599 130 15
131 10 130 749 15
749 10 130 182 15
17 97 345 2385 15
735 585 2385 97 15
97 585 2385 17 15
585 735 2385 2386 15
736 586 2386 735 15
735 586 2386 585 15
586 736 2386 2387 15
737 587 2387 736 15
736 587 2387 586 15
587 737 2387 2388 15
738 588 2388 737 15
737 588 2388 587 15
588 738 2388 2389 15
739 589 2389 738 15
738 589 2389 588 15
589 739 2389 2390 15
740 590 2390 739 15
739 590 2390 589 15
590 740 2390 2391 15
741 591 2391 740 15
740 591 2391 590 15
591 741 2391 2392 15
742 592 2392 741 15
741 592 2392 591 15
592 742 2392 2393 15
743 593 2393 742 15
742 593 2393 592 15
593 743 2393 2394 15
744 594 2394 743 15
743 594 2394 593 15
594 744 2394 2395 15
745 595 2395 744 15
744 595 2395 594 15
595 745 2395 2396 15
746 596 2396 745 15
745 596 2396 595 15
596 746 2396 2397 15
747 597 2397 746 15
746 597 2397 596 15
597 747 2397 2398 15
748 598 2398 747 15
747 598 2398 597 15
598 748 2398 2399 15
749 599 2399 748 15
748 599 2399 598 15
599 749 2399 1065 15
131 130 1065 749 15
749 130 1065 599 15
17 345 18 600 15
2385 585 600 17 15
345 17 2385 600 15
585 2385 600 601 15
2386 586 601 585 15
2385 585 2386 601 15
586 2386 601 602 15
2387 587 602 586 15
2386 586 2387 602 15
587 2387 602 603 15
2388 588 603 587 15
2387 587 2388 603 15
588 2388 603 604 15
2389 589 604 588 15
2388 588 2389 604 15
589 2389 604 605 15
2390 590 605 589 15
2389 589 2390 605 15
590 2390 605 606 15
2391 591 606 590 15
2390 590 2391 606 15
591 2391 606 607 15
2392 592 607 591 15
2391 591 2392 607 15
592 2392 607 608 15
2393 593 608 592 15
2392 592 2393 608 15
593 2393 608 609 15
2394 594 609 593 15
2393 593 2394 609 15
594 2394 609 610 15
2395 595 610 594 15
2394 594 2395 610 15
595 2395 610 611 15
2396 596 611 595 15
2395 595 2396 611 15
596 2396 611 612 15
2397 597 612 596 15
2396 596 2397 612 15
597 2397 612 613 15
2398 598 613 597 15
2397 597 2398 613 15
598 2398 613 614 15
2399 599 614 598 15
2398 598 2399 614 15
599 2399 614 129 15
1065 130 129 599 15
2399 599 1065 129 15
18 345 346 2400 15
2385 600 2400 345 15
345 600 2400 18 15
600 2385 2400 2401 15
2386 601 2401 2385 15
2385 601 2401 600 15
601 2386 2401 2402 15
2387 602 2402 2386 15
2386 602 2402 601 15
602 2387 2402 2403 15
2388 603 2403 2387 15
2387 603 2403 602 15
603 2388 2403 2404 15
2389 604 2404 2388 15
2388 604 2404 603 15
604 2389 2404 2405 15
2390 605 2405 2389 15
2389 605 2405 604 15
605 2390 2405 2406 15
2391 606 2406 2390 15
2390 606 2406 605 15
606 2391 2406 2407 15
2392 607 2407 2391 15
2391 607 2407 606 15
607 2392 2407 2408 15
2393 608 2408 2392 15
2392 608 2408 607 15
608 2393 2408 2409 15
2394 609 2409 2393 15
2393 609 2409 608 15
609 2394 2409 2410 15
2395 610 2410 2394 15
2394 610 2410 609 15
610 2395 2410 2411 15
2396 611 2411 2395 15
2395 611 2411 610 15
611 2396 2411 2412 15
2397 612 2412 2396 15
2396 612 2412 611 15
612 2397 2412 2413 15
2398 613 2413 2397 15
2397 613 2413 612 15
613 2398 2413 2414 15
2399 614 2414 2398 15
2398 614 2414 613 15
614 2399 2414 1066 15
1065 129 1066 2399 15
2399 129 1066 614 15
18 346 19 615 15
2400 600 615 18 15
346 18 2400 615 15
600 2400 615 616 15
2401 601 616 600 15
2400 600 2401 616 15
601 2401 616 617 15
2402 602 617 601 15
2401 601 2402 617 15
602 2402 617 618 15
2403 603 618 602 15
2402 602 2403 618 15
603 2403 618 619 15
2404 604 619 603 15
2403 603 2404 619 15
604 2404 619 620 15
2405 605 620 604 15
2404 604 2405 620 15
605 2405 620 621 15
2406 606 621 605 15
2405 605 2406 621 15
606 2406 621 622 15
2407 607 622 606 15
2406 606 2407 622 15
607 2407 622 623 15
2408 608 623 607 15
2407 607 2408 623 15
608 2408 623 624 15
2409 609 624 608 15
2408 608 2409 624 15
609 2409 624 625 15
2410 610 625 609 15
2409 609 2410 625 15
610 2410 625 626 15
2411 611 626 610 15
2410 610 2411 626 15
611 2411 626 627 15
2412 612 627 611 15
2411 611 2412 627 15
612 2412 627 628 15
2413 613 628 612 15
2412 612 2413 628 15
613 2413 628 629 15
2414 614 629 613 15
2413 613 2414 629 15
614 2414 629 128 15
1066 129 128 614 15
2414 614 1066 128 15
19 346 347 615 15
2400 615 2415 346 15
346 615 2415 347 15
615 2400 2415 616 15
2401 616 2416 2400 15
2400 616 2416 2415 15
616 2401 2416 617 15
2402 617 2417 2401 15
2401 617 2417 2416 15
617 2402 2417 618 15
2403 618 2418 2402 15
2402 618 2418 2417 15
618 2403 2418 619 15
2404 619 2419 2403 15
2403 619 2419 2418 15
619 2404 2419 620 15
2405 620 2420 2404 15
2404 620 2420 2419 15
620 2405 2420 621 15
2406 621 2421 2405 15
2405 621 2421 2420 15
621 2406 2421 622 15
2407 622 2422 2406 15
2406 622 2422 2421 15
622 2407 2422 623 15
2408 623 2423 2407 15
2407 623 2423 2422 15
623 2408 2423 624 15
2409 624 2424 2408 15
2408 624 2424 2423 15
624 2409 2424 625 15
2410 625 2425 2409 15
2409 625 2425 2424 15
625 2410 2425 626 15
2411 626 2426 2410 15
2410 626 2426 2425 15
626 2411 2426 627 15
2412 627 2427 2411 15
2411 627 2427 2426 15
627 2412 2427 628 15
2413 628 2428 2412 15
2412 628 2428 2427 15
628 2413 2428 629 15
2414 629 2429 2413 15
2413 629 2429 2428 15
629 2414 2429 128 15
1066 128 1067 2414 15
2414 128 1067 2429 15
19 347 20 615 15
2415 615 630 347 15
347 615 630 20 15
615 2415 630 616 15
2416 616 631 2415 15
2415 616 631 630 15
616 2416 631 617 15
2417 617 632 2416 15
2416 617 632 631 15
617 2417 632 618 15
2418 618 633 2417 15
2417 618 633 632 15
618 2418 633 619 15
2419 619 634 2418 15
2418 619 634 633 15
619 2419 634 620 15
2420 620 635 2419 15
2419 620 635 634 15
620 2420 635 621 15
2421 621 636 2420 15
2420 621 636 635 15
621 2421 636 622 15
2422 622 637 2421 15
2421 622 637 636 15
622 2422 637 623 15
2423 623 638 2422 15
2422 623 638 637 15
623 2423 638 624 15
2424 624 639 2423 15
2423 624 639 638 15
624 2424 639 625 15
2425 625 640 2424 15
2424 625 640 639 15
625 2425 640 626 15
2426 626 641 2425 15
2425 626 641 640 15
626 2426 641 627 15
2427 627 642 2426 15
2426 627 642 641 15
627 2427 642 628 15
2428 628 643 2427 15
2427 628 643 642 15
628 2428 643 629 15
2429 629 644 2428 15
2428 629 644 643 15
629 2429 644 128 15
1067 128 127 2429 15
2429 128 127 644 15
20 347 348 2430 15
2415 630 2430 347 15
347 630 2430 20 15
630 2415 2430 2431 15
2416 631 2431 2415 15
2415 631 2431 630 15
631 2416 2431 2432 15
2417 632 2432 2416 15
2416 632 2432 631 15
632 2417 2432 2433 15
2418 633 2433 2417 15
2417 633 2433 632 15
633 2418 2433 2434 15
2419 634 2434 2418 15
2418 634 2434 633 15
634 2419 2434 2435 15
2420 635 2435 2419 15
2419 635 2435 634 15
635 2420 2435 2436 15
2421 636 2436 2420 15
2420 636 2436 635 15
636 2421 2436 2437 15
2422 637 2437 2421 15
2421 637 2437 636 15
637 2422 2437 2438 15
2423 638 2438 2422 15
2422 638 2438 637 15
638 2423 2438 2439 15
2424 639 2439 2423 15
2423 639 2439 638 15
639 2424 2439 2440 15
2425 640 2440 2424 15
2424 640 2440 639 15
640 2425 2440 2441 15
2426 641 2441 2425 15
2425 641 2441 640 15
641 2426 2441 2442 15
2427 642 2442 2426 15
2426 642 2442 641 15
642 2427 2442 2443 15
2428 643 2443 2427 15
2427 643 2443 642 15
643 2428 2443 2444 15
2429 644 2444 2428 15
2428 644 2444 643 15
644 2429 2444 1068 15
1067 127 1068 2429 15
2429 127 1068 644 15
20 348 21 645 15
2430 630 645 20 15
348 20 2430 645 15
630 2430 645 646 15
2431 631 646 630 15
2430 630 2431 646 15
631 2431 646 647 15
2432 632 647 631 15
2431 631 2432 647 15
632 2432 647 648 15
2433 633 648 632 15
2432 632 2433 648 15
633 2433 648 649 15
2434 634 649 633 15
2433 633 2434 649 15
634 2434 649 650 15
2435 635 650 634 15
2434 634 2435 650 15
635 2435 650 651 15
2436 636 651 635 15
2435 635 2436 651 15
636 2436 651 652 15
2437 637 652 636 15
2436 636 2437 652 15
637 2437 652 653 15
2438 638 653 637 15
2437 637 2438 653 15
638 2438 653 654 15
2439 639 654 638 15
2438 638 2439 654 15
639 2439 654 655 15
2440 640 655 639 15
2439 639 2440 655 15
640 2440 655 656 15
2441 641 656 640 15
2440 640 2441 656 15
641 2441 656 657 15
2442 642 657 641 15
2441 641 2442 657 15
642 2442 657 658 15
2443 643 658 642 15
2442 642 2443 658 15
643 2443 658 659 15
2444 644 659 643 15
2443 643 2444 659 15
644 2444 659 126 15
1068 127 126 644 15
2444 644 1068 126 15
21 348 349 2445 15
2430 645 2445 348 15
348 645 2445 21 15
645 2430 2445 2446 15
2431 646 2446 2430 15
2430 646 2446 645 15
646 2431 2446 2447 15
2432 647 2447 2431 15
2431 647 2447 646 15
647 2432 2447 2448 15
2433 648 2448 2432 15
2432 648 2448 647 15
648 2433 2448 2449 15
2434 649 2449 2433 15
2433 649 2449 648 15
649 2434 2449 2450 15
2435 650 2450 2434 15
2434 650 2450 649 15
650 2435 2450 2451 15
2436 651 2451 2435 15
2435 651 2451 650 15
651 2436 2451 2452 15
2437 652 2452 2436 15
2436 652 2452 651 15
652 2437 2452 2453 15
2438 653 2453 2437 15
2437 653 2453 652 15
653 2438 2453 2454 15
2439 654 2454 2438 15
2438 654 2454 653 15
654 2439 2454 2455 15
2440 655 2455 2439 15
2439 655 2455 654 15
655 2440 2455 2456 15
2441 656 2456 2440 15
2440 656 2456 655 15
656 2441 2456 2457 15
2442 657 2457 2441 15
2441 657 2457 656 15
657 2442 2457 2458 15
2443 658 2458 2442 15
2442 658 2458 657 15
658 2443 2458 2459 15
2444 659 2459 2443 15
2443 659 2459 658 15
659 2444 2459 1069 15
1068 126 1069 2444 15
2444 126 1069 659 15
21 349 22 660 15
2445 645 660 21 15
349 21 2445 660 15
645 2445 660 661 15
2446 646 661 645 15
2445 645 2446 661 15
646 2446 661 662 15
2447 647 662 646 15
2446 646 2447 662 15
647 2447 662 663 15
2448 648 663 647 15
2447 647 2448 663 15
648 2448 663 664 15
2449 649 664 648 15
2448 648 2449 664 15
649 2449 664 665 15
2450 650 665 649 15
2449 649 2450 665 15
650 2450 665 666 15
2451 651 666 650 15
2450 650 2451 666 15
651 2451 666 667 15
2452 652 667 651 15
2451 651 2452 667 15
652 2452 667 668 15
2453 653 668 652 15
2452 652 2453 668 15
653 2453 668 669 15
2454 654 669 653 15
2453 653 2454 669 15
654 2454 669 670 15
2455 655 670 654 15
2454 654 2455 670 15
655 2455 670 671 15
2456 656 671 655 15
2455 655 2456 671 15
656 2456 671 672 15
2457 657 672 656 15
2456 656 2457 672 15
657 2457 672 673 15
2458 658 673 657 15
2457 657 2458 673 15
658 2458 673 674 15
2459 659 674 658 15
2458 658 2459 674 15
659 2459 674 125 15
1069 126 125 659 15
2459 659 1069 125 15
22 349 350 2460 15
2445 660 2460 349 15
349 660 2460 22 15
660 2445 2460 2461 15
2446 661 2461 2445 15
2445 661 2461 660 15
661 2446 2461 2462 15
2447 662 2462 2446 15
2446 662 2462 661 15
662 2447 2462 2463 15
2448 663 2463 2447 15
2447 663 2463 662 15
663 2448 2463 2464 15
2449 664 2464 2448 15
2448 664 2464 663 15
664 2449 2464 2465 15
2450 665 2465 2449 15
2449 665 2465 664 15
665 2450 2465 2466 15
2451 666 2466 2450 15
2450 666 2466 665 15
666 2451 2466 2467 15
2452 667 2467 2451 15
2451 667 2467 666 15
667 2452 2467 2468 15
2453 668 2468 2452 15
2452 668 2468 667 15
668 2453 2468 2469 15
2454 669 2469 2453 15
2453 669 2469 668 15
669 2454 2469 2470 15
2455 670 2470 2454 15
2454 670 2470 669 15
670 2455 2470 2471 15
2456 671 2471 2455 15
2455 671 2471 670 15
671 2456 2471 2472 15
2457 672 2472 2456 15
2456 672 2472 671 15
672 2457 2472 2473 15
2458 673 2473 2457 15
2457 673 2473 672 15
673 2458 2473 2474 15
2459 674 2474 2458 15
2458 674 2474 673 15
674 2459 2474 1070 15
1069 125 1070 2459 15
2459 125 1070 674 15
22 350 23 675 15
2460 660 675 22 15
350 22 2460 675 15
660 2460 675 676 15
2461 661 676 660 15
2460 660 2461 676 15
661 2461 676 677 15
2462 662 677 661 15
2461 661 2462 677 15
662 2462 677 678 15
2463 663 678 662 15
2462 662 2463 678 15
663 2463 678 679 15
2464 664 679 663 15
2463 663 2464 679 15
664 2464 679 680 15
2465 665 680 664 15
2464 664 2465 680 15
665 2465 680 681 15
2466 666 681 665 15
2465 665 2466 681 15
666 2466 681 682 15
2467 667 682 666 15
2466 666 2467 682 15
667 2467 682 683 15
2468 668 683 667 15
2467 667 2468 683 15
668 2468 683 684 15
2469 669 684 668 15
2468 668 2469 684 15
669 2469 684 685 15
2470 670 685 669 15
2469 669 2470 685 15
670 2470 685 686 15
2471 671 686 670 15
2470 670 2471 686 15
671 2471 686 687 15
2472 672 687 671 15
2471 671 2472 687 15
672 2472 687 688 15
2473 673 688 672 15
2472 672 2473 688 15
673 2473 688 689 15
2474 674 689 673 15
2473 673 2474 689 15
674 2474 689 124 15
1070 125 124 674 15
2474 674 1070 124 15
23 350 351 2475 15
2460 675 2475 350 15
350 675 2475 23 15
675 2460 2475 2476 15
2461 676 2476 2460 15
2460 676 2476 675 15
676 2461 2476 2477 15
2462 677 2477 2461 15
2461 677 2477 676 15
677 2462 2477 2478 15
2463 678 2478 2462 15
2462 678 2478 677 15
678 2463 2478 2479 15
2464 679 2479 2463 15
2463 679 2479 678 15
679 2464 2479 2480 15
2465 680 2480 2464 15
2464 680 2480 679 15
680 2465 2480 2481 15
2466 681 2481 2465 15
2465 681 2481 680 15
681 2466 2481 2482 15
2467 682 2482 2466 15
2466 682 2482 681 15
682 2467 2482 2483 15
2468 683 2483 2467 15
2467 683 2483 682 15
683 2468 2483 2484 15
2469 684 2484 2468 15
2468 684 2484 683 15
684 2469 2484 2485 15
2470 685 2485 2469 15
2469 685 2485 684 15
685 2470 2485 2486 15
2471 686 2486 2470 15
2470 686 2486 685 15
686 2471 2486 2487 15
2472 687 2487 2471 15
2471 687 2487 686 15
687 2472 2487 2488 15
2473 688 2488 2472 15
2472 688 2488 687 15
688 2473 2488 2489 15
2474 689 2489 2473 15
2473 689 2489 688 15
689 2474 2489 1071 15
1070 124 1071 2474 15
2474 124 1071 689 15
23 351 24 690 15
2475 675 690 23 15
351 23 2475 690 15
675 2475 690 691 15
2476 676 691 675 15
2475 675 2476 691 15
676 2476 691 692 15
2477 677 692 676 15
2476 676 2477 692 15
677 2477 692 693 15
2478 678 693 677 15
2477 677 2478 693 15
678 2478 693 694 15
2479 679 694 678 15
2478 678 2479 694 15
679 2479 694 695 15
2480 680 695 679 15
2479 679 2480 695 15
680 2480 695 696 15
2481 681 696 680 15
2480 680 2481 696 15
681 2481 696 697 15
2482 682 697 681 15
2481 681 2482 697 15
682 2482 697 698 15
2483 683 698 682 15
2482 682 2483 698 15
683 2483 698 699 15
2484 684 699 683 15
2483 683 2484 699 15
684 2484 699 700 15
2485 685 700 684 15
2484 684 2485 700 15
685 2485 700 701 15
2486 686 701 685 15
2485 685 2486 701 15
686 2486 701 702 15
2487 687 702 686 15
2486 686 2487 702 15
687 2487 702 703 15
2488 688 703 687 15
2487 687 2488 703 15
688 2488 703 704 15
2489 689 704 688 15
2488 688 2489 704 15
689 2489 704 123 15
1071 124 123 689 15
2489 689 1071 123 15
24 351 352 2490 15
2475 690 2490 351 15
351 690 2490 24 15
690 2475 2490 2491 15
2476 691 2491 2475 15
2475 691 2491 690 15
691 2476 2491 2492 15
2477 692 2492 2476 15
2476 692 2492 691 15
692 2477 2492 2493 15
2478 693 2493 2477 15
2477 693 2493 692 15
693 2478 2493 2494 15
2479 694 2494 2478 15
2478 694 2494 693 15
694 2479 2494 2495 15
2480 695 2495 2479 15
2479 695 2495 694 15
695 2480 2495 2496 15
2481 696 2496 2480 15
2480 696 2496 695 15
696 2481 2496 2497 15
2482 697 2497 2481 15
2481 697 2497 696 15
697 2482 2497 2498 15
2483 698 2498 2482 15
2482 698 2498 697 15
698 2483 2498 2499 15
2484 699 2499 2483 15
2483 699 2499 698 15
699 2484 2499 2500 15
2485 700 2500 2484 15
2484 700 2500 699 15
700 2485 2500 2501 15
2486 701 2501 2485 15
2485 701 2501 700 15
701 2486 2501 2502 15
2487 702 2502 2486 15
2486 702 2502 701 15
702 2487 2502 2503 15
2488 703 2503 2487 15
2487 703 2503 702 15
703 2488 2503 2504 15
2489 704 2504 2488 15
2488 704 2504 703 15
704 2489 2504 1072 15
1071 123 1072 2489 15
2489 123 1072 704 15
24 352 25 705 15
2490 690 705 24 15
352 24 2490 705 15
690 2490 705 706 15
2491 691 706 690 15
2490 690 2491 706 15
691 2491 706 707 15
2492 692 707 691 15
2491 691 2492 707 15
692 2492 707 708 15
2493 693 708 692 15
2492 692 2493 708 15
693 2493 708 709 15
2494 694 709 693 15
2493 693 2494 709 15
694 2494 709 710 15
2495 695 710 694 15
2494 694 2495 710 15
695 2495 710 711 15
2496 696 711 695 15
2495 695 2496 711 15
696 2496 711 712 15
2497 697 712 696 15
2496 696 2497 712 15
697 2497 712 713 15
2498 698 713 697 15
2497 697 2498 713 15
698 2498 713 714 15
2499 699 714 698 15
2498 698 2499 714 15
699 2499 714 715 15
2500 700 715 699 15
2499 699 2500 715 15
700 2500 715 716 15
2501 701 716 700 15
2500 700 2501 716 15
701 2501 716 717 15
2502 702 717 701 15
2501 701 2502 717 15
702 2502 717 718 15
2503 703 718 702 15
2502 702 2503 718 15
703 2503 718 719 15
2504 704 719 703 15
2503 703 2504 719 15
704 2504 719 122 15
1072 123 122 704 15
2504 704 1072 122 15
25 352 353 2505 15
2490 705 2505 352 15
352 705 2505 25 15
705 2490 2505 2506 15
2491 706 2506 2490 15
2490 706 2506 705 15
706 2491 2506 2507 15
2492 707 2507 2491 15
2491 707 2507 706 15
707 2492 2507 2508 15
2493 708 2508 2492 15
2492 708 2508 707 15
708 2493 2508 2509 15
2494 709 2509 2493 15
2493 709 2509 708 15
709 2494 2509 2510 15
2495 710 2510 2494 15
2494 710 2510 709 15
710 2495 2510 2511 15
2496 711 2511 2495 15
2495 711 2511 710 15
711 2496 2511 2512 15
2497 712 2512 2496 15
2496 712 2512 711 15
712 2497 2512 2513 15
2498 713 2513 2497 15
2497 713 2513 712 15
713 2498 2513 2514 15
2499 714 2514 2498 15
2498 714 2514 713 15
714 2499 2514 2515 15
2500 715 2515 2499 15
2499 715 2515 714 15
715 2500 2515 2516 15
2501 716 2516 2500 15
2500 716 2516 715 15
716 2501 2516 2517 15
2502 717 2517 2501 15
2501 717 2517 716 15
717 2502 2517 2518 15
2503 718 2518 2502 15
2502 718 2518 717 15
718 2503 2518 2519 15
2504 719 2519 2503 15
2503 719 2519 718 15
719 2504 2519 1073 15
1072 122 1073 2504 15
2504 122 1073 719 15
25 353 26 720 15
2505 705 720 25 15
353 25 2505 720 15
705 2505 720 721 15
2506 706 721 705 15
2505 705 2506 721 15
706 2506 721 722 15
2507 707 722 706 15
2506 706 2507 722 15
707 2507 722 723 15
2508 708 723 707 15
2507 707 2508 723 15
708 2508 723 724 15
2509 709 724 708 15
2508 708 2509 724 15
709 2509 724 725 15
2510 710 725 709 15
2509 709 2510 725 15
710 2510 725 726 15
2511 711 726 710 15
2510 710 2511 726 15
711 2511 726 727 15
2512 712 727 711 15
2511 711 2512 727 15
712 2512 727 728 15
2513 713 728 712 15
2512 712 2513 728 15
713 2513 728 729 15
2514 714 729 713 15
2513 713 2514 729 15
714 2514 729 730 15
2515 715 730 714 15
2514 714 2515 730 15
715 2515 730 731 15
2516 716 731 715 15
2515 715 2516 731 15
716 2516 731 732 15
2517 717 732 716 15
2516 716 2517 732 15
717 2517 732 733 15
2518 718 733 717 15
2517 717 2518 733 15
718 2518 733 734 15
2519 719 734 718 15
2518 718 2519 734 15
719 2519 734 121 15
1073 122 121 719 15
2519 719 1073 121 15
26 353 354 2520 15
2505 720 2520 353 15
353 720 2520 26 15
720 2505 2520 2521 15
2506 721 2521 2505 15
2505 721 2521 720 15
721 2506 2521 2522 15
2507 722 2522 2506 15
2506 722 2522 721 15
722 2507 2522 2523 15
2508 723 2523 2507 15
2507 723 2523 722 15
723 2508 2523 2524 15
2509 724 2524 2508 15
2508 724 2524 723 15
724 2509 2524 2525 15
2510 725 2525 2509 15
2509 725 2525 724 15
725 2510 2525 2526 15
2511 726 2526 2510 15
2510 726 2526 725 15
726 2511 2526 2527 15
2512 727 2527 2511 15
2511 727 2527 726 15
727 2512 2527 2528 15
2513 728 2528 2512 15
2512 728 2528 727 15
728 2513 2528 2529 15
2514 729 2529 2513 15
2513 729 2529 728 15
729 2514 2529 2530 15
2515 730 2530 2514 15
2514 730 2530 729 15
730 2515 2530 2531 15
2516 731 2531 2515 15
2515 731 2531 730 15
731 2516 2531 2532 15
2517 732 2532 2516 15
2516 732 2532 731 15
732 2517 2532 2533 15
2518 733 2533 2517 15
2517 733 2533 732 15
733 2518 2533 2534 15
2519 734 2534 2518 15
2518 734 2534 733 15
734 2519 2534 1074 15
1073 121 1074 2519 15
2519 121 1074 734 15
26 354 2 153 15
2520 720 153 26 15
354 26 2520 153 15
720 2520 153 154 15
2521 721 154 720 15
2520 720 2521 154 15
721 2521 154 155 15
2522 722 155 721 15
2521 721 2522 155 15
722 2522 155 156 15
2523 723 156 722 15
2522 722 2523 156 15
723 2523 156 157 15
2524 724 157 723 15
2523 723 2524 157 15
724 2524 157 158 15
2525 725 158 724 15
2524 724 2525 158 15
725 2525 158 159 15
2526 726 159 725 15
2525 725 2526 159 15
726 2526 159 160 15
2527 727 160 726 15
2526 726 2527 160 15
727 2527 160 161 15
2528 728 161 727 15
2527 727 2528 161 15
728 2528 161 162 15
2529 729 162 728 15
2528 728 2529 162 15
729 2529 162 163 15
2530 730 163 729 15
2529 729 2530 163 15
730 2530 163 164 15
2531 731 164 730 15
2530 730 2531 164 15
731 2531 164 165 15
2532 732 165 731 15
2531 731 2532 165 15
732 2532 165 166 15
2533 733 166 732 15
2532 732 2533 166 15
733 2533 166 167 15
2534 734 167 733 15
2533 733 2534 167 15
734 2534 167 9 15
1074 121 9 734 15
2534 734 1074 9 15
2 354 103 975 15
2520 153 975 354 15
354 153 975 2 15
153 2520 975 976 15
2521 154 976 2520 15
2520 154 976 153 15
154 2521 976 977 15
2522 155 977 2521 15
2521 155 977 154 15
155 2522 977 978 15
2523 156 978 2522 15
2522 156 978 155 15
156 2523 978 979 15
2524 157 979 2523 15
2523 157 979 156 15
157 2524 979 980 15
2525 158 980 2524 15
2524 158 980 157 15
158 2525 980 981 15
2526 159 981 2525 15
2525 159 981 158 15
159 2526 981 982 15
2527 160 982 2526 15
2526 160 982 159 15
160 2527 982 983 15
2528 161 983 2527 15
2527 161 983 160 15
161 2528 983 984 15
2529 162 984 2528 15
2528 162 984 161 15
162 2529 984 985 15
2530 163 985 2529 15
2529 163 985 162 15
163 2530 985 986 15
2531 164 986 2530 15
2530 164 986 163 15
164 2531 986 987 15
2532 165 987 2531 15
2531 165 987 164 15
165 2532 987 988 15
2533 166 988 2532 15
2532 166 988 165 15
166 2533 988 989 15
2534 167 989 2533 15
2533 167 989 166 15
167 2534 989 152 15
1074 9 152 2534 15
2534 9 152 167 15
97 98 345 2385 15
750 735 2385 98 15
98 735 2385 97 15
735 750 2385 2386 15
751 736 2386 750 15
750 736 2386 735 15
736 751 2386 2387 15
752 737 2387 751 15
751 737 2387 736 15
737 752 2387 2388 15
753 738 2388 752 15
752 738 2388 737 15
738 753 2388 2389 15
754 739 2389 753 15
753 739 2389 738 15
739 754 2389 2390 15
755 740 2390 754 15
754 740 2390 739 15
740 755 2390 2391 15
756 741 2391 755 15
755 741 2391 740 15
741 756 2391 2392 15
757 742 2392 756 15
756 742 2392 741 15
742 757 2392 2393 15
758 743 2393 757 15
757 743 2393 742 15
743 758 2393 2394 15
759 744 2394 758 15
758 744 2394 743 15
744 759 2394 2395 15
760 745 2395 759 15
759 745 2395 744 15
745 760 2395 2396 15
761 746 2396 760 15
760 746 2396 745 15
746 761 2396 2397 15
762 747 2397 761 15
761 747 2397 746 15
747 762 2397 2398 15
763 748 2398 762 15
762 748 2398 747 15
748 763 2398 2399 15
764 749 2399 763 15
763 749 2399 748 15
749 764 2399 1065 15
132 131 1065 764 15
764 131 1065 749 15
345 98 355 2535 15
750 2385 2535 98 15
98 2385 2535 345 15
2385 750 2535 2536 15
751 2386 2536 750 15
750 2386 2536 2385 15
2386 751 2536 2537 15
752 2387 2537 751 15
751 2387 2537 2386 15
2387 752 2537 2538 15
753 2388 2538 752 15
752 2388 2538 2387 15
2388 753 2538 2539 15
754 2389 2539 753 15
753 2389 2539 2388 15
2389 754 2539 2540 15
755 2390 2540 754 15
754 2390 2540 2389 15
2390 755 2540 2541 15
756 2391 2541 755 15
755 2391 2541 2390 15
2391 756 2541 2542 15
757 2392 2542 756 15
756 2392 2542 2391 15
2392 757 2542 2543 15
758 2393 2543 757 15
757 2393 2543 2392 15
2393 758 2543 2544 15
759 2394 2544 758 15
758 2394 2544 2393 15
2394 759 2544 2545 15
760 2395 2545 759 15
759 2395 2545 2394 15
2395 760 2545 2546 15
761 2396 2546 760 15
760 2396 2546 2395 15
2396 761 2546 2547 15
762 2397 2547 761 15
761 2397 2547 2396 15
2397 762 2547 2548 15
763 2398 2548 762 15
762 2398 2548 2397 15
2398 763 2548 2549 15
764 2399 2549 763 15
763 2399 2549 2398 15
2399 764 2549 1075 15
132 1065 1075 764 15
764 1065 1075 2399 15
345 355 346 2400 15
2535 2385 2400 345 15
355 345 2535 2400 15
2385 2535 2400 2401 15
2536 2386 2401 2385 15
2535 2385 2536 2401 15
2386 2536 2401 2402 15
2537 2387 2402 2386 15
2536 2386 2537 2402 15
2387 2537 2402 2403 15
2538 2388 2403 2387 15
2537 2387 2538 2403 15
2388 2538 2403 2404 15
2539 2389 2404 2388 15
2538 2388 2539 2404 15
2389 2539 2404 2405 15
2540 2390 2405 2389 15
2539 2389 2540 2405 15
2390 2540 2405 2406 15
2541 2391 2406 2390 15
2540 2390 2541 2406 15
2391 2541 2406 2407 15
2542 2392 2407 2391 15
2541 2391 2542 2407 15
2392 2542 2407 2408 15
2543 2393 2408 2392 15
2542 2392 2543 2408 15
2393 2543 2408 2409 15
2544 2394 2409 2393 15
2543 2393 2544 2409 15
2394 2544 2409 2410 15
2545 2395 2410 2394 15
2544 2394 2545 2410 15
2395 2545 2410 2411 15
2546 2396 2411 2395 15
2545 2395 2546 2411 15
2396 2546 2411 2412 15
2547 2397 2412 2396 15
2546 2396 2547 2412 15
2397 2547 2412 2413 15
2548 2398 2413 2397 15
2547 2397 2548 2413 15
2398 2548 2413 2414 15
2549 2399 2414 2398 15
2548 2398 2549 2414 15
2399 2549 2414 1066 15
1075 1065 1066 2399 15
2549 2399 1075 1066 15
346 355 356 2550 15
2535 2400 2550 355 15
355 2400 2550 346 15
2400 2535 2550 2551 15
2536 2401 2551 2535 15
2535 2401 2551 2400 15
2401 2536 2551 2552 15
2537 2402 2552 2536 15
2536 2402 2552 2401 15
2402 2537 2552 2553 15
2538 2403 2553 2537 15
2537 2403 2553 2402 15
2403 2538 2553 2554 15
2539 2404 2554 2538 15
2538 2404 2554 2403 15
2404 2539 2554 2555 15
2540 2405 2555 2539 15
2539 2405 2555 2404 15
2405 2540 2555 2556 15
2541 2406 2556 2540 15
2540 2406 2556 2405 15
2406 2541 2556 2557 15
2542 2407 2557 2541 15
2541 2407 2557 2406 15
2407 2542 2557 2558 15
2543 2408 2558 2542 15
2542 2408 2558 2407 15
2408 2543 2558 2559 15
2544 2409 2559 2543 15
2543 2409 2559 2408 15
2409 2544 2559 2560 15
2545 2410 2560 2544 15
2544 2410 2560 2409 15
2410 2545 2560 2561 15
2546 2411 2561 2545 15
2545 2411 2561 2410 15
2411 2546 2561 2562 15
2547 2412 2562 2546 15
2546 2412 2562 2411 15
2412 2547 2562 2563 15
2548 2413 2563 2547 15
2547 2413 2563 2412 15
2413 2548 2563 2564 15
2549 2414 2564 2548 15
2548 2414 2564 2413 15
2414 2549 2564 1076 15
1075 1066 1076 2549 15
2549 1066 1076 2414 15
346 356 347 2415 15
2550 2400 2415 346 15
356 346 2550 2415 15
2400 2550 2415 2416 15
2551 2401 2416 2400 15
2550 2400 2551 2416 15
2401 2551 2416 2417 15
2552 2402 2417 2401 15
2551 2401 2552 2417 15
2402 2552 2417 2418 15
2553 2403 2418 2402 15
2552 2402 2553 2418 15
2403 2553 2418 2419 15
2554 2404 2419 2403 15
2553 2403 2554 2419 15
2404 2554 2419 2420 15
2555 2405 2420 2404 15
2554 2404 2555 2420 15
2405 2555 2420 2421 15
2556 2406 2421 2405 15
2555 2405 2556 2421 15
2406 2556 2421 2422 15
2557 2407 2422 2406 15
2556 2406 2557 2422 15
2407 2557 2422 2423 15
2558 2408 2423 2407 15
2557 2407 2558 2423 15
2408 2558 2423 2424 15
2559 2409 2424 2408 15
2558 2408 2559 2424 15
2409 2559 2424 2425 15
2560 2410 2425 2409 15
2559 2409 2560 2425 15
2410 2560 2425 2426 15
2561 2411 2426 2410 15
2560 2410 2561 2426 15
2411 2561 2426 2427 15
2562 2412 2427 2411 15
2561 2411 2562 2427 15
2412 2562 2427 2428 15
2563 2413 2428 2412 15
2562 2412 2563 2428 15
2413 2563 2428 2429 15
2564 2414 2429 2413 15
2563 2413 2564 2429 15
2414 2564 2429 1067 15
1076 1066 1067 2414 15
2564 2414 1076 1067 15
347 356 357 2565 15
2550 2415 2565 356 15
356 2415 2565 347 15
2415 2550 2565 2566 15
2551 2416 2566 2550 15
2550 2416 2566 2415 15
2416 2551 2566 2567 15
2552 2417 2567 2551 15
2551 2417 2567 2416 15
2417 2552 2567 2568 15
2553 2418 2568 2552 15
2552 2418 2568 2417 15
2418 2553 2568 2569 15
2554 2419 2569 2553 15
2553 2419 2569 2418 15
2419 2554 2569 2570 15
2555 2420 2570 2554 15
2554 2420 2570 2419 15
2420 2555 2570 2571 15
2556 2421 2571 2555 15
2555 2421 2571 2420 15
2421 2556 2571 2572 15
2557 2422 2572 2556 15
2556 2422 2572 2421 15
2422 2557 2572 2573 15
2558 2423 2573 2557 15
2557 2423 2573 2422 15
2423 2558 2573 2574 15
2559 2424 2574 2558 15
2558 2424 2574 2423 15
2424 2559 2574 2575 15
2560 2425 2575 2559 15
2559 2425 2575 2424 15
2425 2560 2575 2576 15
2561 2426 2576 2560 15
2560 2426 2576 2425 15
2426 2561 2576 2577 15
2562 2427 2577 2561 15
2561 2427 2577 2426 15
2427 2562 2577 2578 15
2563 2428 2578 2562 15
2562 2428 2578 2427 15
2428 2563 2578 2579 15
2564 2429 2579 2563 15
2563 2429 2579 2428 15
2429 2564 2579 1077 15
1076 1067 1077 2564 15
2564 1067 1077 2429 15
347 357 348 2430 15
2565 2415 2430 347 15
357 347 2565 2430 15
2415 2565 2430 2431 15
2566 2416 2431 2415 15
2565 2415 2566 2431 15
2416 2566 2431 2432 15
2567 2417 2432 2416 15
2566 2416 2567 2432 15
2417 2567 2432 2433 15
2568 2418 2433 2417 15
2567 2417 2568 2433 15
2418 2568 2433 2434 15
2569 2419 2434 2418 15
2568 2418 2569 2434 15
2419 2569 2434 2435 15
2570 2420 2435 2419 15
2569 2419 2570 2435 15
2420 2570 2435 2436 15
2571 2421 2436 2420 15
2570 2420 2571 2436 15
2421 2571 2436 2437 15
2572 2422 2437 2421 15
2571 2421 2572 2437 15
2422 2572 2437 2438 15
2573 2423 2438 2422 15
2572 2422 2573 2438 15
2423 2573 2438 2439 15
2574 2424 2439 2423 15
2573 2423 2574 2439 15
2424 2574 2439 2440 15
2575 2425 2440 2424 15
2574 2424 2575 2440 15
2425 2575 2440 2441 15
2576 2426 2441 2425 15
2575 2425 2576 2441 15
2426 2576 2441 2442 15
2577 2427 2442 2426 15
2576 2426 2577 2442 15
2427 2577 2442 2443 15
2578 2428 2443 2427 15
2577 2427 2578 2443 15
2428 2578 2443 2444 15
2579 2429 2444 2428 15
2578 2428 2579 2444 15
2429 2579 2444 1068 15
1077 1067 1068 2429 15
2579 2429 1077 1068 15
348 357 358 2580 15
2565 2430 2580 357 15
357 2430 2580 348 15
2430 2565 2580 2581 15
2566 2431 2581 2565 15
2565 2431 2581 2430 15
2431 2566 2581 2582 15
2567 2432 2582 2566 15
2566 2432 2582 2431 15
2432 2567 2582 2583 15
2568 2433 2583 2567 15
2567 2433 2583 2432 15
2433 2568 2583 2584 15
2569 2434 2584 2568 15
2568 2434 2584 2433 15
2434 2569 2584 2585 15
2570 2435 2585 2569 15
2569 2435 2585 2434 15
2435 2570 2585 2586 15
2571 2436 2586 2570 15
2570 2436 2586 2435 15
2436 2571 2586 2587 15
2572 2437 2587 2571 15
2571 2437 2587 2436 15
2437 2572 2587 2588 15
2573 2438 2588 2572 15
2572 2438 2588 2437 15
2438 2573 2588 2589 15
2574 2439 2589 2573 15
2573 2439 2589 2438 15
2439 2574 2589 2590 15
2575 2440 2590 2574 15
2574 2440 2590 2439 15
2440 2575 2590 2591 15
2576 2441 2591 2575 15
2575 2441 2591 2440 15
2441 2576 2591 2592 15
2577 2442 2592 2576 15
2576 2442 2592 2441 15
2442 2577 2592 2593 15
2578 2443 2593 2577 15
2577 2443 2593 2442 15
2443 2578 2593 2594 15
2579 2444 2594 2578 15
2578 2444 2594 2443 15
2444 2579 2594 1078 15
1077 1068 1078 2579 15
2579 1068 1078 2444 15
348 358 349 2445 15
2580 2430 2445 348 15
358 348 2580 2445 15
2430 2580 2445 2446 15
2581 2431 2446 2430 15
2580 2430 2581 2446 15
2431 2581 2446 2447 15
2582 2432 2447 2431 15
2581 2431 2582 2447 15
2432 2582 2447 2448 15
2583 2433 2448 2432 15
2582 2432 2583 2448 15
2433 2583 2448 2449 15
2584 2434 2449 2433 15
2583 2433 2584 2449 15
2434 2584 2449 2450 15
2585 2435 2450 2434 15
2584 2434 2585 2450 15
2435 2585 2450 2451 15
2586 2436 2451 2435 15
2585 2435 2586 2451 15
2436 2586 2451 2452 15
2587 2437 2452 2436 15
2586 2436 2587 2452 15
2437 2587 2452 2453 15
2588 2438 2453 2437 15
2587 2437 2588 2453 15
2438 2588 2453 2454 15
2589 2439 2454 2438 15
2588 2438 2589 2454 15
2439 2589 2454 2455 15
2590 2440 2455 2439 15
2589 2439 2590 2455 15
2440 2590 2455 2456 15
2591 2441 2456 2440 15
2590 2440 2591 2456 15
2441 2591 2456 2457 15
2592 2442 2457 2441 15
2591 2441 2592 2457 15
2442 2592 2457 2458 15
2593 2443 2458 2442 15
2592 2442 2593 2458 15
2443 2593 2458 2459 15
2594 2444 2459 2443 15
2593 2443 2594 2459 15
2444 2594 2459 1069 15
1078 1068 1069 2444 15
2594 2444 1078 1069 15
349 358 359 2595 15
2580 2445 2595 358 15
358 2445 2595 349 15
2445 2580 2595 2596 15
2581 2446 2596 2580 15
2580 2446 2596 2445 15
2446 2581 2596 2597 15
2582 2447 2597 2581 15
2581 2447 2597 2446 15
2447 2582 2597 2598 15
2583 2448 2598 2582 15
2582 2448 2598 2447 15
2448 2583 2598 2599 15
2584 2449 2599 2583 15
2583 2449 2599 2448 15
2449 2584 2599 2600 15
2585 2450 2600 2584 15
2584 2450 2600 2449 15
2450 2585 2600 2601 15
2586 2451 2601 2585 15
2585 2451 2601 2450 15
2451 2586 2601 2602 15
2587 2452 2602 2586 15
2586 2452 2602 2451 15
2452 2587 2602 2603 15
2588 2453 2603 2587 15
2587 2453 2603 2452 15
2453 2588 2603 2604 15
2589 2454 2604 2588 15
2588 2454 2604 2453 15
2454 2589 2604 2605 15
2590 2455 2605 2589 15
2589 2455 2605 2454 15
2455 2590 2605 2606 15
2591 2456 2606 2590 15
2590 2456 2606 2455 15
2456 2591 2606 2607 15
2592 2457 2607 2591 15
2591 2457 2607 2456 15
2457 2592 2607 2608 15
2593 2458 2608 2592 15
2592 2458 2608 2457 15
2458 2593 2608 2609 15
2594 2459 2609 2593 15
2593 2459 2609 2458 15
2459 2594 2609 1079 15
1078 1069 1079 2594 15
2594 1069 1079 2459 15
349 359 350 2460 15
2595 2445 2460 349 15
359 349 2595 2460 15
2445 2595 2460 2461 15
2596 2446 2461 2445 15
2595 2445 2596 2461 15
2446 2596 2461 2462 15
2597 2447 2462 2446 15
2596 2446 2597 2462 15
2447 2597 2462 2463 15
2598 2448 2463 2447 15
2597 2447 2598 2463 15
2448 2598 2463 2464 15
2599 2449 2464 2448 15
2598 2448 2599 2464 15
2449 2599 2464 2465 15
2600 2450 2465 2449 15
2599 2449 2600 2465 15
2450 2600 2465 2466 15
2601 2451 2466 2450 15
2600 2450 2601 2466 15
2451 2601 2466 2467 15
2602 2452 2467 2451 15
2601 2451 2602 2467 15
2452 2602 2467 2468 15
2603 2453 2468 2452 15
2602 2452 2603 2468 15
2453 2603 2468 2469 15
2604 2454 2469 2453 15
2603 2453 2604 2469 15
2454 2604 2469 2470 15
2605 2455 2470 2454 15
2604 2454 2605 2470 15
2455 2605 2470 2471 15
2606 2456 2471 2455 15
2605 2455 2606 2471 15
2456 2606 2471 2472 15
2607 2457 2472 2456 15
2606 2456 2607 2472 15
2457 2607 2472 2473 15
2608 2458 2473 2457 15
2607 2457 2608 2473 15
2458 2608 2473 2474 15
2609 2459 2474 2458 15
2608 2458 2609 2474 15
2459 2609 2474 1070 15
1079 1069 1070 2459 15
2609 2459 1079 1070 15
350 359 360 2610 15
2595 2460 2610 359 15
359 2460 2610 350 15
2460 2595 2610 2611 15
2596 2461 2611 2595 15
2595 2461 2611 2460 15
2461 2596 2611 2612 15
2597 2462 2612 2596 15
2596 2462 2612 2461 15
2462 2597 2612 2613 15
2598 2463 2613 2597 15
2597 2463 2613 2462 15
2463 2598 2613 2614 15
2599 2464 2614 2598 15
2598 2464 2614 2463 15
2464 2599 2614 2615 15
2600 2465 2615 2599 15
2599 2465 2615 2464 15
2465 2600 2615 2616 15
2601 2466 2616 2600 15
2600 2466 2616 2465 15
2466 2601 2616 2617 15
2602 2467 2617 2601 15
2601 2467 2617 2466 15
2467 2602 2617 2618 15
2603 2468 2618 2602 15
2602 2468 2618 2467 15
2468 2603 2618 2619 15
2604 2469 2619 2603 15
2603 2469 2619 2468 15
2469 2604 2619 2620 15
2605 2470 2620 2604 15
2604 2470 2620 2469 15
2470 2605 2620 2621 15
2606 2471 2621 2605 15
2605 2471 2621 2470 15
2471 2606 2621 2622 15
2607 2472 2622 2606 15
2606 2472 2622 2471 15
2472 2607 2622 2623 15
2608 2473 2623 2607 15
2607 2473 2623 2472 15
2473 2608 2623 2624 15
2609 2474 2624 2608 15
2608 2474 2624 2473 15
2474 2609 2624 1080 15
1079 1070 1080 2609 15
2609 1070 1080 2474 15
350 360 351 2475 15
2610 2460 2475 350 15
360 350 2610 2475 15
2460 2610 2475 2476 15
2611 2461 2476 2460 15
2610 2460 2611 2476 15
2461 2611 2476 2477 15
2612 2462 2477 2461 15
2611 2461 2612 2477 15
2462 2612 2477 2478 15
2613 2463 2478 2462 15
2612 2462 2613 2478 15
2463 2613 2478 2479 15
2614 2464 2479 2463 15
2613 2463 2614 2479 15
2464 2614 2479 2480 15
2615 2465 2480 2464 15
2614 2464 2615 2480 15
2465 2615 2480 2481 15
2616 2466 2481 2465 15
2615 2465 2616 2481 15
2466 2616 2481 2482 15
2617 2467 2482 2466 15
2616 2466 2617 2482 15
2467 2617 2482 2483 15
2618 2468 2483 2467 15
2617 2467 2618 2483 15
2468 2618 2483 2484 15
2619 2469 2484 2468 15
2618 2468 2619 2484 15
2469 2619 2484 2485 15
2620 2470 2485 2469 15
2619 2469 2620 2485 15
2470 2620 2485 2486 15
2621 2471 2486 2470 15
2620 2470 2621 2486 15
2471 2621 2486 2487 15
2622 2472 2487 2471 15
2621 2471 2622 2487 15
2472 2622 2487 2488 15
2623 2473 2488 2472 15
2622 2472 2623 2488 15
2473 2623 2488 2489 15
2624 2474 2489 2473 15
2623 2473 2624 2489 15
2474 2624 2489 1071 15
1080 1070 1071 2474 15
2624 2474 1080 1071 15
351 360 361 2625 15
2610 2475 2625 360 15
360 2475 2625 351 15
2475 2610 2625 2626 15
2611 2476 2626 2610 15
2610 2476 2626 2475 15
2476 2611 2626 2627 15
2612 2477 2627 2611 15
2611 2477 2627 2476 15
2477 2612 2627 2628 15
2613 2478 2628 2612 15
2612 2478 2628 2477 15
2478 2613 2628 2629 15
2614 2479 2629 2613 15
2613 2479 2629 2478 15
2479 2614 2629 2630 15
2615 2480 2630 2614 15
2614 2480 2630 2479 15
2480 2615 2630 2631 15
2616 2481 2631 2615 15
2615 2481 2631 2480 15
2481 2616 2631 2632 15
2617 2482 2632 2616 15
2616 2482 2632 2481 15
2482 2617 2632 2633 15
2618 2483 2633 2617 15
2617 2483 2633 2482 15
2483 2618 2633 2634 15
2619 2484 2634 2618 15
2618 2484 2634 2483 15
2484 2619 2634 2635 15
2620 2485 2635 2619 15
2619 2485 2635 2484 15
2485 2620 2635 2636 15
2621 2486 2636 2620 15
2620 2486 2636 2485 15
2486 2621 2636 2637 15
2622 2487 2637 2621 15
2621 2487 2637 2486 15
2487 2622 2637 2638 15
2623 2488 2638 2622 15
2622 2488 2638 2487 15
2488 2623 2638 2639 15
2624 2489 2639 2623 15
2623 2489 2639 2488 15
2489 2624 2639 1081 15
1080 1071 1081 2624 15
2624 1071 1081 2489 15
351 361 352 2490 15
2625 2475 2490 351 15
361 351 2625 2490 15
2475 2625 2490 2491 15
2626 2476 2491 2475 15
2625 2475 2626 2491 15
2476 2626 2491 2492 15
2627 2477 2492 2476 15
2626 2476 2627 2492 15
2477 2627 2492 2493 15
2628 2478 2493 2477 15
2627 2477 2628 2493 15
2478 2628 2493 2494 15
2629 2479 2494 2478 15
2628 2478 2629 2494 15
2479 2629 2494 2495 15
2630 2480 2495 2479 15
2629 2479 2630 2495 15
2480 2630 2495 2496 15
2631 2481 2496 2480 15
2630 2480 2631 2496 15
2481 2631 2496 2497 15
2632 2482 2497 2481 15
2631 2481 2632 2497 15
2482 2632 2497 2498 15
2633 2483 2498 2482 15
2632 2482 2633 2498 15
2483 2633 2498 2499 15
2634 2484 2499 2483 15
2633 2483 2634 2499 15
2484 2634 2499 2500 15
2635 2485 2500 2484 15
2634 2484 2635 2500 15
2485 2635 2500 2501 15
2636 2486 2501 2485 15
2635 2485 2636 2501 15
2486 2636 2501 2502 15
2637 2487 2502 2486 15
2636 2486 2637 2502 15
2487 2637 2502 2503 15
2638 2488 2503 2487 15
2637 2487 2638 2503 15
2488 2638 2503 2504 15
2639 2489 2504 2488 15
2638 2488 2639 2504 15
2489 2639 2504 1072 15
1081 1071 1072 2489 15
2639 2489 1081 1072 15
352 361 362 2640 15
2625 2490 2640 361 15
361 2490 2640 352 15
2490 2625 2640 2641 15
2626 2491 2641 2625 15
2625 2491 2641 2490 15
2491 2626 2641 2642 15
2627 2492 2642 2626 15
2626 2492 2642 2491 15
2492 2627 2642 2643 15
2628 2493 2643 2627 15
2627 2493 2643 2492 15
2493 2628 2643 2644 15
2629 2494 2644 2628 15
2628 2494 2644 2493 15
2494 2629 2644 2645 15
2630 2495 2645 2629 15
2629 2495 2645 2494 15
2495 2630 2645 2646 15
2631 2496 2646 2630 15
2630 2496 2646 2495 15
2496 2631 2646 2647 15
2632 2497 2647 2631 15
2631 2497 2647 2496 15
2497 2632 2647 2648 15
2633 2498 2648 2632 15
2632 2498 2648 2497 15
2498 2633 2648 2649 15
2634 2499 2649 2633 15
2633 2499 2649 2498 15
2499 2634 2649 2650 15
2635 2500 2650 2634 15
2634 2500 2650 2499 15
2500 2635 2650 2651 15
2636 2501 2651 2635 15
2635 2501 2651 2500 15
2501 2636 2651 2652 15
2637 2502 2652 2636 15
2636 2502 2652 2501 15
2502 2637 2652 2653 15
2638 2503 2653 2637 15
2637 2503 2653 2502 15
2503 2638 2653 2654 15
2639 2504 2654 2638 15
2638 2504 2654 2503 15
2504 2639 2654 1082 15
1081 1072 1082 2639 15
2639 1072 1082 2504 15
352 362 353 2505 15
2640 2490 2505 352 15
362 352 2640 2505 15
2490 2640 2505 2506 15
2641 2491 2506 2490 15
2640 2490 2641 2506 15
2491 2641 2506 2507 15
2642 2492 2507 2491 15
2641 2491 2642 2507 15
2492 2642 2507 2508 15
2643 2493 2508 2492 15
2642 2492 2643 2508 15
2493 2643 2508 2509 15
2644 2494 2509 2493 15
2643 2493 2644 2509 15
2494 2644 2509 2510 15
2645 2495 2510 2494 15
2644 2494 2645 2510 15
2495 2645 2510 2511 15
2646 2496 2511 2495 15
2645 2495 2646 2511 15
2496 2646 2511 2512 15
2647 2497 2512 2496 15
2646 2496 2647 2512 15
2497 2647 2512 2513 15
2648 2498 2513 2497 15
2647 2497 2648 2513 15
2498 2648 2513 2514 15
2649 2499 2514 2498 15
2648 2498 2649 2514 15
2499 2649 2514 2515 15
2650 2500 2515 2499 15
2649 2499 2650 2515 15
2500 2650 2515 2516 15
2651 2501 2516 2500 15
2650 2500 2651 2516 15
2501 2651 2516 2517 15
2652 2502 2517 2501 15
2651 2501 2652 2517 15
2502 2652 2517 2518 15
2653 2503 2518 2502 15
2652 2502 2653 2518 15
2503 2653 2518 2519 15
2654 2504 2519 2503 15
2653 2503 2654 2519 15
2504 2654 2519 1073 15
1082 1072 1073 2504 15
2654 2504 1082 1073 15
353 362 363 2655 15
2640 2505 2655 362 15
362 2505 2655 353 15
2505 2640 2655 2656 15
2641 2506 2656 2640 15
2640 2506 2656 2505 15
2506 2641 2656 2657 15
2642 2507 2657 2641 15
2641 2507 2657 2506 15
2507 2642 2657 2658 15
2643 2508 2658 2642 15
2642 2508 2658 2507 15
2508 2643 2658 2659 15
2644 2509 2659 2643 15
2643 2509 2659 2508 15
2509 2644 2659 2660 15
2645 2510 2660 2644 15
2644 2510 2660 2509 15
2510 2645 2660 2661 15
2646 2511 2661 2645 15
2645 2511 2661 2510 15
2511 2646 2661 2662 15
2647 2512 2662 2646 15
2646 2512 2662 2511 15
2512 2647 2662 2663 15
2648 2513 2663 2647 15
2647 2513 2663 2512 15
2513 2648 2663 2664 15
2649 2514 2664 2648 15
2648 2514 2664 2513 15
2514 2649 2664 2665 15
2650 2515 2665 2649 15
2649 2515 2665 2514 15
2515 2650 2665 2666 15
2651 2516 2666 2650 15
2650 2516 2666 2515 15
2516 2651 2666 2667 15
2652 2517 2667 2651 15
2651 2517 2667 2516 15
2517 2652 2667 2668 15
2653 2518 2668 2652 15
2652 2518 2668 2517 15
2518 2653 2668 2669 15
2654 2519 2669 2653 15
2653 2519 2669 2518 15
2519 2654 2669 1083 15
1082 1073 1083 2654 15
2654 1073 1083 2519 15
353 363 354 2520 15
2655 2505 2520 353 15
363 353 2655 2520 15
2505 2655 2520 2521 15
2656 2506 2521 2505 15
2655 2505 2656 2521 15
2506 2656 2521 2522 15
2657 2507 2522 2506 15
2656 2506 2657 2522 15
2507 2657 2522 2523 15
2658 2508 2523 2507 15
2657 2507 2658 2523 15
2508 2658 2523 2524 15
2659 2509 2524 2508 15
2658 2508 2659 2524 15
2509 2659 2524 2525 15
2660 2510 2525 2509 15
2659 2509 2660 2525 15
2510 2660 2525 2526 15
2661 2511 2526 2510 15
2660 2510 2661 2526 15
2511 2661 2526 2527 15
2662 2512 2527 2511 15
2661 2511 2662 2527 15
2512 2662 2527 2528 15
2663 2513 2528 2512 15
2662 2512 2663 2528 15
2513 2663 2528 2529 15
2664 2514 2529 2513 15
2663 2513 2664 2529 15
2514 2664 2529 2530 15
2665 2515 2530 2514 15
2664 2514 2665 2530 15
2515 2665 2530 2531 15
2666 2516 2531 2515 15
2665 2515 2666 2531 15
2516 2666 2531 2532 15
2667 2517 2532 2516 15
2666 2516 2667 2532 15
2517 2667 2532 2533 15
2668 2518 2533 2517 15
2667 2517 2668 2533 15
2518 2668 2533 2534 15
2669 2519 2534 2518 15
2668 2518 2669 2534 15
2519 2669 2534 1074 15
1083 1073 1074 2519 15
2669 2519 1083 1074 15
354 363 364 2670 15
2655 2520 2670 363 15
363 2520 2670 354 15
2520 2655 2670 2671 15
2656 2521 2671 2655 15
2655 2521 2671 2520 15
2521 2656 2671 2672 15
2657 2522 2672 2656 15
2656 2522 2672 2521 15
2522 2657 2672 2673 15
2658 2523 2673 2657 15
2657 2523 2673 2522 15
2523 2658 2673 2674 15
2659 2524 2674 2658 15
2658 2524 2674 2523 15
2524 2659 2674 2675 15
2660 2525 2675 2659 15
2659 2525 2675 2524 15
2525 2660 2675 2676 15
2661 2526 2676 2660 15
2660 2526 2676 2525 15
2526 2661 2676 2677 15
2662 2527 2677 2661 15
2661 2527 2677 2526 15
2527 2662 2677 2678 15
2663 2528 2678 2662 15
2662 2528 2678 2527 15
2528 2663 2678 2679 15
2664 2529 2679 2663 15
2663 2529 2679 2528 15
2529 2664 2679 2680 15
2665 2530 2680 2664 15
2664 2530 2680 2529 15
2530 2665 2680 2681 15
2666 2531 2681 2665 15
2665 2531 2681 2530 15
2531 2666 2681 2682 15
2667 2532 2682 2666 15
2666 2532 2682 2531 15
2532 2667 2682 2683 15
2668 2533 2683 2667 15
2667 2533 2683 2532 15
2533 2668 2683 2684 15
2669 2534 2684 2668 15
2668 2534 2684 2533 15
2534 2669 2684 1084 15
1083 1074 1084 2669 15
2669 1074 1084 2534 15
354 364 103 975 15
2670 2520 975 354 15
364 354 2670 975 15
2520 2670 975 976 15
2671 2521 976 2520 15
2670 2520 2671 976 15
2521 2671 976 977 15
2672 2522 977 2521 15
2671 2521 2672 977 15
2522 2672 977 978 15
2673 2523 978 2522 15
2672 2522 2673 978 15
2523 2673 978 979 15
2674 2524 979 2523 15
2673 2523 2674 979 15
2524 2674 979 980 15
2675 2525 980 2524 15
2674 2524 2675 980 15
2525 2675 980 981 15
2676 2526 981 2525 15
2675 2525 2676 981 15
2526 2676 981 982 15
2677 2527 982 2526 15
2676 2526 2677 982 15
2527 2677 982 983 15
2678 2528 983 2527 15
2677 2527 2678 983 15
2528 2678 983 984 15
2679 2529 984 2528 15
2678 2528 2679 984 15
2529 2679 984 985 15
2680 2530 985 2529 15
2679 2529 2680 985 15
2530 2680 985 986 15
2681 2531 986 2530 15
2680 2530 2681 986 15
2531 2681 986 987 15
2682 2532 987 2531 15
2681 2531 2682 987 15
2532 2682 987 988 15
2683 2533 988 2532 15
2682 2532 2683 988 15
2533 2683 988 989 15
2684 2534 989 2533 15
2683 2533 2684 989 15
2534 2684 989 152 15
1084 1074 152 2534 15
2684 2534 1084 152 15
103 364 104 990 15
2670 975 990 364 15
364 975 990 103 15
975 2670 990 991 15
2671 976 991 2670 15
2670 976 991 975 15
976 2671 991 992 15
2672 977 992 2671 15
2671 977 992 976 15
977 2672 992 993 15
2673 978 993 2672 15
2672 978 993 977 15
978 2673 993 994 15
2674 979 994 2673 15
2673 979 994 978 15
979 2674 994 995 15
2675 980 995 2674 15
2674 980 995 979 15
980 2675 995 996 15
2676 981 996 2675 15
2675 981 996 980 15
981 2676 996 997 15
2677 982 997 2676 15
2676 982 997 981 15
982 2677 997 998 15
2678 983 998 2677 15
2677 983 998 982 15
983 2678 998 999 15
2679 984 999 2678 15
2678 984 999 983 15
984 2679 999 1000 15
2680 985 1000 2679 15
2679 985 1000 984 15
985 2680 1000 1001 15
2681 986 1001 2680 15
2680 986 1001 985 15
986 2681 1001 1002 15
2682 987 1002 2681 15
2681 987 1002 986 15
987 2682 1002 1003 15
2683 988 1003 2682 15
2682 988 1003 987 15
988 2683 1003 1004 15
2684 989 1004 2683 15
2683 989 1004 988 15
989 2684 1004 151 15
1084 152 151 2684 15
2684 152 151 989 15
98 99 355 2535 15
765 750 2535 99 15
99 750 2535 98 15
750 765 2535 2536 15
766 751 2536 765 15
765 751 2536 750 15
751 766 2536 2537 15
767 752 2537 766 15
766 752 2537 751 15
752 767 2537 2538 15
768 753 2538 767 15
767 753 2538 752 15
753 768 2538 2539 15
769 754 2539 768 15
768 754 2539 753 15
754 769 2539 2540 15
770 755 2540 769 15
769 755 2540 754 15
755 770 2540 2541 15
771 756 2541 770 15
770 756 2541 755 15
756 771 2541 2542 15
772 757 2542 771 15
771 757 2542 756 15
757 772 2542 2543 15
773 758 2543 772 15
772 758 2543 757 15
758 773 2543 2544 15
774 759 2544 773 15
773 759 2544 758 15
759 774 2544 2545 15
775 760 2545 774 15
774 760 2545 759 15
760 775 2545 2546 15
776 761 2546 775 15
775 761 2546 760 15
761 776 2546 2547 15
777 762 2547 776 15
776 762 2547 761 15
762 777 2547 2548 15
778 763 2548 777 15
777 763 2548 762 15
763 778 2548 2549 15
779 764 2549 778 15
778 764 2549 763 15
764 779 2549 1075 15
133 132 1075 779 15
779 132 1075 764 15
355 99 365 2685 15
765 2535 2685 99 15
99 2535 2685 355 15
2535 765 2685 2686 15
766 2536 2686 765 15
765 2536 2686 2535 15
2536 766 2686 2687 15
767 2537 2687 766 15
766 2537 2687 2536 15
2537 767 2687 2688 15
768 2538 2688 767 15
767 2538 2688 2537 15
2538 768 2688 2689 15
769 2539 2689 768 15
768 2539 2689 2538 15
2539 769 2689 2690 15
770 2540 2690 769 15
769 2540 2690 2539 15
2540 770 2690 2691 15
771 2541 2691 770 15
770 2541 2691 2540 15
2541 771 2691 2692 15
772 2542 2692 771 15
771 2542 2692 2541 15
2542 772 2692 2693 15
773 2543 2693 772 15
772 2543 2693 2542 15
2543 773 2693 2694 15
774 2544 2694 773 15
773 2544 2694 2543 15
2544 774 2694 2695 15
775 2545 2695 774 15
774 2545 2695 2544 15
2545 775 2695 2696 15
776 2546 2696 775 15
775 2546 2696 2545 15
2546 776 2696 2697 15
777 2547 2697 776 15
776 2547 2697 2546 15
2547 777 2697 2698 15
778 2548 2698 777 15
777 2548 2698 2547 15
2548 778 2698 2699 15
779 2549 2699 778 15
778 2549 2699 2548 15
2549 779 2699 1085 15
133 1075 1085 779 15
779 1075 1085 2549 15
355 365 356 2550 15
2685 2535 2550 355 15
365 355 2685 2550 15
2535 2685 2550 2551 15
2686 2536 2551 2535 15
2685 2535 2686 2551 15
2536 2686 2551 2552 15
2687 2537 2552 2536 15
2686 2536 2687 2552 15
2537 2687 2552 2553 15
2688 2538 2553 2537 15
2687 2537 2688 2553 15
2538 2688 2553 2554 15
2689 2539 2554 2538 15
2688 2538 2689 2554 15
2539 2689 2554 2555 15
2690 2540 2555 2539 15
2689 2539 2690 2555 15
2540 2690 2555 2556 15
2691 2541 2556 2540 15
2690 2540 2691 2556 15
2541 2691 2556 2557 15
2692 2542 2557 2541 15
2691 2541 2692 2557 15
2542 2692 2557 2558 15
2693 2543 2558 2542 15
2692 2542 2693 2558 15
2543 2693 2558 2559 15
2694 2544 2559 2543 15
2693 2543 2694 2559 15
2544 2694 2559 2560 15
2695 2545 2560 2544 15
2694 2544 2695 2560 15
2545 2695 2560 2561 15
2696 2546 2561 2545 15
2695 2545 2696 2561 15
2546 2696 2561 2562 15
2697 2547 2562 2546 15
2696 2546 2697 2562 15
2547 2697 2562 2563 15
2698 2548 2563 2547 15
2697 2547 2698 2563 15
2548 2698 2563 2564 15
2699 2549 2564 2548 15
2698 2548 2699 2564 15
2549 2699 2564 1076 15
1085 1075 1076 2549 15
2699 2549 1085 1076 15
356 365 366 2700 15
2685 2550 2700 365 15
365 2550 2700 356 15
2550 2685 2700 2701 15
2686 2551 2701 2685 15
2685 2551 2701 2550 15
2551 2686 2701 2702 15
2687 2552 2702 2686 15
2686 2552 2702 2551 15
2552 2687 2702 2703 15
2688 2553 2703 2687 15
2687 2553 2703 2552 15
2553 2688 2703 2704 15
2689 2554 2704 2688 15
2688 2554 2704 2553 15
2554 2689 2704 2705 15
2690 2555 2705 2689 15
2689 2555 2705 2554 15
2555 2690 2705 2706 15
2691 2556 2706 2690 15
2690 2556 2706 2555 15
2556 2691 2706 2707 15
2692 2557 2707 2691 15
2691 2557 2707 2556 15
2557 2692 2707 2708 15
2693 2558 2708 2692 15
2692 2558 2708 2557 15
2558 2693 2708 2709 15
2694 2559 2709 2693 15
2693 2559 2709 2558 15
2559 2694 2709 2710 15
2695 2560 2710 2694 15
2694 2560 2710 2559 15
2560 2695 2710 2711 15
2696 2561 2711 2695 15
2695 2561 2711 2560 15
2561 2696 2711 2712 15
2697 2562 2712 2696 15
2696 2562 2712 2561 15
2562 2697 2712 2713 15
2698 2563 2713 2697 15
2697 2563 2713 2562 15
2563 2698 2713 2714 15
2699 2564 2714 2698 15
2698 2564 2714 2563 15
2564 2699 2714 1086 15
1085 1076 1086 2699 15
2699 1076 1086 2564 15
356 366 357 2565 15
2700 2550 2565 356 15
366 356 2700 2565 15
2550 2700 2565 2566 15
2701 2551 2566 2550 15
2700 2550 2701 2566 15
2551 2701 2566 2567 15
2702 2552 2567 2551 15
2701 2551 2702 2567 15
2552 2702 2567 2568 15
2703 2553 2568 2552 15
2702 2552 2703 2568 15
2553 2703 2568 2569 15
2704 2554 2569 2553 15
2703 2553 2704 2569 15
2554 2704 2569 2570 15
2705 2555 2570 2554 15
2704 2554 2705 2570 15
2555 2705 2570 2571 15
2706 2556 2571 2555 15
2705 2555 2706 2571 15
2556 2706 2571 2572 15
2707 2557 2572 2556 15
2706 2556 2707 2572 15
2557 2707 2572 2573 15
2708 2558 2573 2557 15
2707 2557 2708 2573 15
2558 2708 2573 2574 15
2709 2559 2574 2558 15
2708 2558 2709 2574 15
2559 2709 2574 2575 15
2710 2560 2575 2559 15
2709 2559 2710 2575 15
2560 2710 2575 2576 15
2711 2561 2576 2560 15
2710 2560 2711 2576 15
2561 2711 2576 2577 15
2712 2562 2577 2561 15
2711 2561 2712 2577 15
2562 2712 2577 2578 15
2713 2563 2578 2562 15
2712 2562 2713 2578 15
2563 2713 2578 2579 15
2714 2564 2579 2563 15
2713 2563 2714 2579 15
2564 2714 2579 1077 15
1086 1076 1077 2564 15
2714 2564 1086 1077 15
357 366 367 2715 15
2700 2565 2715 366 15
366 2565 2715 357 15
2565 2700 2715 2716 15
2701 2566 2716 2700 15
2700 2566 2716 2565 15
2566 2701 2716 2717 15
2702 2567 2717 2701 15
2701 2567 2717 2566 15
2567 2702 2717 2718 15
2703 2568 2718 2702 15
2702 2568 2718 2567 15
2568 2703 2718 2719 15
2704 2569 2719 2703 15
2703 2569 2719 2568 15
2569 2704 2719 2720 15
2705 2570 2720 2704 15
2704 2570 2720 2569 15
2570 2705 2720 2721 15
2706 2571 2721 2705 15
2705 2571 2721 2570 15
2571 2706 2721 2722 15
2707 2572 2722 2706 15
2706 2572 2722 2571 15
2572 2707 2722 2723 15
2708 2573 2723 2707 15
2707 2573 2723 2572 15
2573 2708 2723 2724 15
2709 2574 2724 2708 15
2708 2574 2724 2573 15
2574 2709 2724 2725 15
2710 2575 2725 2709 15
2709 2575 2725 2574 15
2575 2710 2725 2726 15
2711 2576 2726 2710 15
2710 2576 2726 2575 15
2576 2711 2726 2727 15
2712 2577 2727 2711 15
2711 2577 2727 2576 15
2577 2712 2727 2728 15
2713 2578 2728 2712 15
2712 2578 2728 2577 15
2578 2713 2728 2729 15
2714 2579 2729 2713 15
2713 2579 2729 2578 15
2579 2714 2729 1087 15
1086 1077 1087 2714 15
2714 1077 1087 2579 15
357 367 358 2580 15
2715 2565 2580 357 15
367 357 2715 2580 15
2565 2715 2580 2581 15
2716 2566 2581 2565 15
2715 2565 2716 2581 15
2566 2716 2581 2582 15
2717 2567 2582 2566 15
2716 2566 2717 2582 15
2567 2717 2582 2583 15
2718 2568 2583 2567 15
2717 2567 2718 2583 15
2568 2718 2583 2584 15
2719 2569 2584 2568 15
2718 2568 2719 2584 15
2569 2719 2584 2585 15
2720 2570 2585 2569 15
2719 2569 2720 2585 15
2570 2720 2585 2586 15
2721 2571 2586 2570 15
2720 2570 2721 2586 15
2571 2721 2586 2587 15
2722 2572 2587 2571 15
2721 2571 2722 2587 15
2572 2722 2587 2588 15
2723 2573 2588 2572 15
2722 2572 2723 2588 15
2573 2723 2588 2589 15
2724 2574 2589 2573 15
2723 2573 2724 2589 15
2574 2724 2589 2590 15
2725 2575 2590 2574 15
2724 2574 2725 2590 15
2575 2725 2590 2591 15
2726 2576 2591 2575 15
2725 2575 2726 2591 15
2576 2726 2591 2592 15
2727 2577 2592 2576 15
2726 2576 2727 2592 15
2577 2727 2592 2593 15
2728 2578 2593 2577 15
2727 2577 2728 2593 15
2578 2728 2593 2594 15
2729 2579 2594 2578 15
2728 2578 2729 2594 15
2579 2729 2594 1078 15
1087 1077 1078 2579 15
2729 2579 1087 1078 15
358 367 368 2730 15
2715 2580 2730 367 15
367 2580 2730 358 15
2580 2715 2730 2731 15
2716 2581 2731 2715 15
2715 2581 2731 2580 15
2581 2716 2731 2732 15
2717 2582 2732 2716 15
2716 2582 2732 2581 15
2582 2717 2732 2733 15
2718 2583 2733 2717 15
2717 2583 2733 2582 15
2583 2718 2733 2734 15
2719 2584 2734 2718 15
2718 2584 2734 2583 15
2584 2719 2734 2735 15
2720 2585 2735 2719 15
2719 2585 2735 2584 15
2585 2720 2735 2736 15
2721 2586 2736 2720 15
2720 2586 2736 2585 15
2586 2721 2736 2737 15
2722 2587 2737 2721 15
2721 2587 2737 2586 15
2587 2722 2737 2738 15
2723 2588 2738 2722 15
2722 2588 2738 2587 15
2588 2723 2738 2739 15
2724 2589 2739 2723 15
2723 2589 2739 2588 15
2589 2724 2739 2740 15
2725 2590 2740 2724 15
2724 2590 2740 2589 15
2590 2725 2740 2741 15
2726 2591 2741 2725 15
2725 2591 2741 2590 15
2591 2726 2741 2742 15
2727 2592 2742 2726 15
2726 2592 2742 2591 15
2592 2727 2742 2743 15
2728 2593 2743 2727 15
2727 2593 2743 2592 15
2593 2728 2743 2744 15
2729 2594 2744 2728 15
2728 2594 2744 2593 15
2594 2729 2744 1088 15
1087 1078 1088 2729 15
2729 1078 1088 2594 15
358 368 359 2595 15
2730 2580 2595 358 15
368 358 2730 2595 15
2580 2730 2595 2596 15
2731 2581 2596 2580 15
2730 2580 2731 2596 15
2581 2731 2596 2597 15
2732 2582 2597 2581 15
2731 2581 2732 2597 15
2582 2732 2597 2598 15
2733 2583 2598 2582 15
2732 2582 2733 2598 15
2583 2733 2598 2599 15
2734 2584 2599 2583 15
2733 2583 2734 2599 15
2584 2734 2599 2600 15
2735 2585 2600 2584 15
2734 2584 2735 2600 15
2585 2735 2600 2601 15
2736 2586 2601 2585 15
2735 2585 2736 2601 15
2586 2736 2601 2602 15
2737 2587 2602 2586 15
2736 2586 2737 2602 15
2587 2737 2602 2603 15
2738 2588 2603 2587 15
2737 2587 2738 2603 15
2588 2738 2603 2604 15
2739 2589 2604 2588 15
2738 2588 2739 2604 15
2589 2739 2604 2605 15
2740 2590 2605 2589 15
2739 2589 2740 2605 15
2590 2740 2605 2606 15
2741 2591 2606 2590 15
2740 2590 2741 2606 15
2591 2741 2606 2607 15
2742 2592 2607 2591 15
2741 2591 2742 2607 15
2592 2742 2607 2608 15
2743 2593 2608 2592 15
2742 2592 2743 2608 15
2593 2743 2608 2609 15
2744 2594 2609 2593 15
2743 2593 2744 2609 15
2594 2744 2609 1079 15
1088 1078 1079 2594 15
2744 2594 1088 1079 15
359 368 369 2745 15
2730 2595 2745 368 15
368 2595 2745 359 15
2595 2730 2745 2746 15
2731 2596 2746 2730 15
2730 2596 2746 2595 15
2596 2731 2746 2747 15
2732 2597 2747 2731 15
2731 2597 2747 2596 15
2597 2732 2747 2748 15
2733 2598 2748 2732 15
2732 2598 2748 2597 15
2598 2733 2748 2749 15
2734 2599 2749 2733 15
2733 2599 2749 2598 15
2599 2734 2749 2750 15
2735 2600 2750 2734 15
2734 2600 2750 2599 15
2600 2735 2750 2751 15
2736 2601 2751 2735 15
2735 2601 2751 2600 15
2601 2736 2751 2752 15
2737 2602 2752 2736 15
2736 2602 2752 2601 15
2602 2737 2752 2753 15
2738 2603 2753 2737 15
2737 2603 2753 2602 15
2603 2738 2753 2754 15
2739 2604 2754 2738 15
2738 2604 2754 2603 15
2604 2739 2754 2755 15
2740 2605 2755 2739 15
2739 2605 2755 2604 15
2605 2740 2755 2756 15
2741 2606 2756 2740 15
2740 2606 2756 2605 15
2606 2741 2756 2757 15
2742 2607 2757 2741 15
2741 2607 2757 2606 15
2607 2742 2757 2758 15
2743 2608 2758 2742 15
2742 2608 2758 2607 15
2608 2743 2758 2759 15
2744 2609 2759 2743 15
2743 2609 2759 2608 15
2609 2744 2759 1089 15
1088 1079 1089 2744 15
2744 1079 1089 2609 15
359 369 360 2610 15
2745 2595 2610 359 15
369 359 2745 2610 15
2595 2745 2610 2611 15
2746 2596 2611 2595 15
2745 2595 2746 2611 15
2596 2746 2611 2612 15
2747 2597 2612 2596 15
2746 2596 2747 2612 15
2597 2747 2612 2613 15
2748 2598 2613 2597 15
2747 2597 2748 2613 15
2598 2748 2613 2614 15
2749 2599 2614 2598 15
2748 2598 2749 2614 15
2599 2749 2614 2615 15
2750 2600 2615 2599 15
2749 2599 2750 2615 15
2600 2750 2615 2616 15
2751 2601 2616 2600 15
2750 2600 2751 2616 15
2601 2751 2616 2617 15
2752 2602 2617 2601 15
2751 2601 2752 2617 15
2602 2752 2617 2618 15
2753 2603 2618 2602 15
2752 2602 2753 2618 15
2603 2753 2618 2619 15
2754 2604 2619 2603 15
2753 2603 2754 2619 15
2604 2754 2619 2620 15
2755 2605 2620 2604 15
2754 2604 2755 2620 15
2605 2755 2620 2621 15
2756 2606 2621 2605 15
2755 2605 2756 2621 15
2606 2756 2621 2622 15
2757 2607 2622 2606 15
2756 2606 2757 2622 15
2607 2757 2622 2623 15
2758 2608 2623 2607 15
2757 2607 2758 2623 15
2608 2758 2623 2624 15
2759 2609 2624 2608 15
2758 2608 2759 2624 15
2609 2759 2624 1080 15
1089 1079 1080 2609 15
2759 2609 1089 1080 15
360 369 370 2760 15
2745 2610 2760 369 15
369 2610 2760 360 15
2610 2745 2760 2761 15
2746 2611 2761 2745 15
2745 2611 2761 2610 15
2611 2746 2761 2762 15
2747 2612 2762 2746 15
2746 2612 2762 2611 15
2612 2747 2762 2763 15
2748 2613 2763 2747 15
2747 2613 2763 2612 15
2613 2748 2763 2764 15
2749 2614 2764 2748 15
2748 2614 2764 2613 15
2614 2749 2764 2765 15
2750 2615 2765 2749 15
2749 2615 2765 2614 15
2615 2750 2765 2766 15
2751 2616 2766 2750 15
2750 2616 2766 2615 15
2616 2751 2766 2767 15
2752 2617 2767 2751 15
2751 2617 2767 2616 15
2617 2752 2767 2768 15
2753 2618 2768 2752 15
2752 2618 2768 2617 15
2618 2753 2768 2769 15
2754 2619 2769 2753 15
2753 2619 2769 2618 15
2619 2754 2769 2770 15
2755 2620 2770 2754 15
2754 2620 2770 2619 15
2620 2755 2770 2771 15
2756 2621 2771 2755 15
2755 2621 2771 2620 15
2621 2756 2771 2772 15
2757 2622 2772 2756 15
2756 2622 2772 2621 15
2622 2757 2772 2773 15
2758 2623 2773 2757 15
2757 2623 2773 2622 15
2623 2758 2773 2774 15
2759 2624 2774 2758 15
2758 2624 2774 2623 15
2624 2759 2774 1090 15
1089 1080 1090 2759 15
2759 1080 1090 2624 15
360 370 361 2625 15
2760 2610 2625 360 15
370 360 2760 2625 15
2610 2760 2625 2626 15
2761 2611 2626 2610 15
2760 2610 2761 2626 15
2611 2761 2626 2627 15
2762 2612 2627 2611 15
2761 2611 2762 2627 15
2612 2762 2627 2628 15
2763 2613 2628 2612 15
2762 2612 2763 2628 15
2613 2763 2628 2629 15
2764 2614 2629 2613 15
2763 2613 2764 2629 15
2614 2764 2629 2630 15
2765 2615 2630 2614 15
2764 2614 2765 2630 15
2615 2765 2630 2631 15
2766 2616 2631 2615 15
2765 2615 2766 2631 15
2616 2766 2631 2632 15
2767 2617 2632 2616 15
2766 2616 2767 2632 15
2617 2767 2632 2633 15
2768 2618 2633 2617 15
2767 2617 2768 2633 15
2618 2768 2633 2634 15
2769 2619 2634 2618 15
2768 2618 2769 2634 15
2619 2769 2634 2635 15
2770 2620 2635 2619 15
2769 2619 2770 2635 15
2620 2770 2635 2636 15
2771 2621 2636 2620 15
2770 2620 2771 2636 15
2621 2771 2636 2637 15
2772 2622 2637 2621 15
2771 2621 2772 2637 15
2622 2772 2637 2638 15
2773 2623 2638 2622 15
2772 2622 2773 2638 15
2623 2773 2638 2639 15
2774 2624 2639 2623 15
2773 2623 2774 2639 15
2624 2774 2639 1081 15
1090 1080 1081 2624 15
2774 2624 1090 1081 15
361 370 371 2775 15
2760 2625 2775 370 15
370 2625 2775 361 15
2625 2760 2775 2776 15
2761 2626 2776 2760 15
2760 2626 2776 2625 15
2626 2761 2776 2777 15
2762 2627 2777 2761 15
2761 2627 2777 2626 15
2627 2762 2777 2778 15
2763 2628 2778 2762 15
2762 2628 2778 2627 15
2628 2763 2778 2779 15
2764 2629 2779 2763 15
2763 2629 2779 2628 15
2629 2764 2779 2780 15
2765 2630 2780 2764 15
2764 2630 2780 2629 15
2630 2765 2780 2781 15
2766 2631 2781 2765 15
2765 2631 2781 2630 15
2631 2766 2781 2782 15
2767 2632 2782 2766 15
2766 2632 2782 2631 15
2632 2767 2782 2783 15
2768 2633 2783 2767 15
2767 2633 2783 2632 15
2633 2768 2783 2784 15
2769 2634 2784 2768 15
2768 2634 2784 2633 15
2634 2769 2784 2785 15
2770 2635 2785 2769 15
2769 2635 2785 2634 15
2635 2770 2785 2786 15
2771 2636 2786 2770 15
2770 2636 2786 2635 15
2636 2771 2786 2787 15
2772 2637 2787 2771 15
2771 2637 2787 2636 15
2637 2772 2787 2788 15
2773 2638 2788 2772 15
2772 2638 2788 2637 15
2638 2773 2788 2789 15
2774 2639 2789 2773 15
2773 2639 2789 2638 15
2639 2774 2789 1091 15
1090 1081 1091 2774 15
2774 1081 1091 2639 15
361 371 362 2640 15
2775 2625 2640 361 15
371 361 2775 2640 15
2625 2775 2640 2641 15
2776 2626 2641 2625 15
2775 2625 2776 2641 15
2626 2776 2641 2642 15
2777 2627 2642 2626 15
2776 2626 2777 2642 15
2627 2777 2642 2643 15
2778 2628 2643 2627 15
2777 2627 2778 2643 15
2628 2778 2643 2644 15
2779 2629 2644 2628 15
2778 2628 2779 2644 15
2629 2779 2644 2645 15
2780 2630 2645 2629 15
2779 2629 2780 2645 15
2630 2780 2645 2646 15
2781 2631 2646 2630 15
2780 2630 2781 2646 15
2631 2781 2646 2647 15
2782 2632 2647 2631 15
2781 2631 2782 2647 15
2632 2782 2647 2648 15
2783 2633 2648 2632 15
2782 2632 2783 2648 15
2633 2783 2648 2649 15
2784 2634 2649 2633 15
2783 2633 2784 2649 15
2634 2784 2649 2650 15
2785 2635 2650 2634 15
2784 2634 2785 2650 15
2635 2785 2650 2651 15
2786 2636 2651 2635 15
2785 2635 2786 2651 15
2636 2786 2651 2652 15
2787 2637 2652 2636 15
2786 2636 2787 2652 15
2637 2787 2652 2653 15
2788 2638 2653 2637 15
2787 2637 2788 2653 15
2638 2788 2653 2654 15
2789 2639 2654 2638 15
2788 2638 2789 2654 15
2639 2789 2654 1082 15
1091 1081 1082 2639 15
2789 2639 1091 1082 15
362 371 372 2790 15
2775 2640 2790 371 15
371 2640 2790 362 15
2640 2775 2790 2791 15
2776 2641 2791 2775 15
2775 2641 2791 2640 15
2641 2776 2791 2792 15
2777 2642 2792 2776 15
2776 2642 2792 2641 15
2642 2777 2792 2793 15
2778 2643 2793 2777 15
2777 2643 2793 2642 15
2643 2778 2793 2794 15
2779 2644 2794 2778 15
2778 2644 2794 2643 15
2644 2779 2794 2795 15
2780 2645 2795 2779 15
2779 2645 2795 2644 15
2645 2780 2795 2796 15
2781 2646 2796 2780 15
2780 2646 2796 2645 15
2646 2781 2796 2797 15
2782 2647 2797 2781 15
2781 2647 2797 2646 15
2647 2782 2797 2798 15
2783 2648 2798 2782 15
2782 2648 2798 2647 15
2648 2783 2798 2799 15
2784 2649 2799 2783 15
2783 2649 2799 2648 15
2649 2784 2799 2800 15
2785 2650 2800 2784 15
2784 2650 2800 2649 15
2650 2785 2800 2801 15
2786 2651 2801 2785 15
2785 2651 2801 2650 15
2651 2786 2801 2802 15
2787 2652 2802 2786 15
2786 2652 2802 2651 15
2652 2787 2802 2803 15
2788 2653 2803 2787 15
2787 2653 2803 2652 15
2653 2788 2803 2804 15
2789 2654 2804 2788 15
2788 2654 2804 2653 15
2654 2789 2804 1092 15
1091 1082 1092 2789 15
2789 1082 1092 2654 15
362 372 363 2655 15
2790 2640 2655 362 15
372 362 2790 2655 15
2640 2790 2655 2656 15
2791 2641 2656 2640 15
2790 2640 2791 2656 15
2641 2791 2656 2657 15
2792 2642 2657 2641 15
2791 2641 2792 2657 15
2642 2792 2657 2658 15
2793 2643 2658 2642 15
2792 2642 2793 2658 15
2643 2793 2658 2659 15
2794 2644 2659 2643 15
2793 2643 2794 2659 15
2644 2794 2659 2660 15
2795 2645 2660 2644 15
2794 2644 2795 2660 15
2645 2795 2660 2661 15
2796 2646 2661 2645 15
2795 2645 2796 2661 15
2646 2796 2661 2662 15
2797 2647 2662 2646 15
2796 2646 2797 2662 15
2647 2797 2662 2663 15
2798 2648 2663 2647 15
2797 2647 2798 2663 15
2648 2798 2663 2664 15
2799 2649 2664 2648 15
2798 2648 2799 2664 15
2649 2799 2664 2665 15
2800 2650 2665 2649 15
2799 2649 2800 2665 15
2650 2800 2665 2666 15
2801 2651 2666 2650 15
2800 2650 2801 2666 15
2651 2801 2666 2667 15
2802 2652 2667 2651 15
2801 2651 2802 2667 15
2652 2802 2667 2668 15
2803 2653 2668 2652 15
2802 2652 2803 2668 15
2653 2803 2668 2669 15
2804 2654 2669 2653 15
2803 2653 2804 2669 15
2654 2804 2669 1083 15
1092 1082 1083 2654 15
2804 2654 1092 1083 15
363 372 373 2805 15
2790 2655 2805 372 15
372 2655 2805 363 15
2655 2790 2805 2806 15
2791 2656 2806 2790 15
2790 2656 2806 2655 15
2656 2791 2806 2807 15
2792 2657 2807 2791 15
2791 2657 2807 2656 15
2657 2792 2807 2808 15
2793 2658 2808 2792 15
2792 2658 2808 2657 15
2658 2793 2808 2809 15
2794 2659 2809 2793 15
2793 2659 2809 2658 15
2659 2794 2809 2810 15
2795 2660 2810 2794 15
2794 2660 2810 2659 15
2660 2795 2810 2811 15
2796 2661 2811 2795 15
2795 2661 2811 2660 15
2661 2796 2811 2812 15
2797 2662 2812 2796 15
2796 2662 2812 2661 15
2662 2797 2812 2813 15
2798 2663 2813 2797 15
2797 2663 2813 2662 15
2663 2798 2813 2814 15
2799 2664 2814 2798 15
2798 2664 2814 2663 15
2664 2799 2814 2815 15
2800 2665 2815 2799 15
2799 2665 2815 2664 15
2665 2800 2815 2816 15
2801 2666 2816 2800 15
2800 2666 2816 2665 15
2666 2801 2816 2817 15
2802 2667 2817 2801 15
2801 2667 2817 2666 15
2667 2802 2817 2818 15
2803 2668 2818 2802 15
2802 2668 2818 2667 15
2668 2803 2818 2819 15
2804 2669 2819 2803 15
2803 2669 2819 2668 15
2669 2804 2819 1093 15
1092 1083 1093 2804 15
2804 1083 1093 2669 15
363 373 364 2670 15
2805 2655 2670 363 15
373 363 2805 2670 15
2655 2805 2670 2671 15
2806 2656 2671 2655 15
2805 2655 2806 2671 15
2656 2806 2671 2672 15
2807 2657 2672 2656 15
2806 2656 2807 2672 15
2657 2807 2672 2673 15
2808 2658 2673 2657 15
2807 2657 2808 2673 15
2658 2808 2673 2674 15
2809 2659 2674 2658 15
2808 2658 2809 2674 15
2659 2809 2674 2675 15
2810 2660 2675 2659 15
2809 2659 2810 2675 15
2660 2810 2675 2676 15
2811 2661 2676 2660 15
2810 2660 2811 2676 15
2661 2811 2676 2677 15
2812 2662 2677 2661 15
2811 2661 2812 2677 15
2662 2812 2677 2678 15
2813 2663 2678 2662 15
2812 2662 2813 2678 15
2663 2813 2678 2679 15
2814 2664 2679 2663 15
2813 2663 2814 2679 15
2664 2814 2679 2680 15
2815 2665 2680 2664 15
2814 2664 2815 2680 15
2665 2815 2680 2681 15
2816 2666 2681 2665 15
2815 2665 2816 2681 15
2666 2816 2681 2682 15
2817 2667 2682 2666 15
2816 2666 2817 2682 15
2667 2817 2682 2683 15
2818 2668 2683 2667 15
2817 2667 2818 2683 15
2668 2818 2683 2684 15
2819 2669 2684 2668 15
2818 2668 2819 2684 15
2669 2819 2684 1084 15
1093 1083 1084 2669 15
2819 2669 1093 1084 15
364 373 374 2820 15
2805 2670 2820 373 15
373 2670 2820 364 15
2670 2805 2820 2821 15
2806 2671 2821 2805 15
2805 2671 2821 2670 15
2671 2806 2821 2822 15
2807 2672 2822 2806 15
2806 2672 2822 2671 15
2672 2807 2822 2823 15
2808 2673 2823 2807 15
2807 2673 2823 2672 15
2673 2808 2823 2824 15
2809 2674 2824 2808 15
2808 2674 2824 2673 15
2674 2809 2824 2825 15
2810 2675 2825 2809 15
2809 2675 2825 2674 15
2675 2810 2825 2826 15
2811 2676 2826 2810 15
2810 2676 2826 2675 15
2676 2811 2826 2827 15
2812 2677 2827 2811 15
2811 2677 2827 2676 15
2677 2812 2827 2828 15
2813 2678 2828 2812 15
2812 2678 2828 2677 15
2678 2813 2828 2829 15
2814 2679 2829 2813 15
2813 2679 2829 2678 15
2679 2814 2829 2830 15
2815 2680 2830 2814 15
2814 2680 2830 2679 15
2680 2815 2830 2831 15
2816 2681 2831 2815 15
2815 2681 2831 2680 15
2681 2816 2831 2832 15
2817 2682 2832 2816 15
2816 2682 2832 2681 15
2682 2817 2832 2833 15
2818 2683 2833 2817 15
2817 2683 2833 2682 15
2683 2818 2833 2834 15
2819 2684 2834 2818 15
2818 2684 2834 2683 15
2684 2819 2834 1094 15
1093 1084 1094 2819 15
2819 1084 1094 2684 15
364 374 104 990 15
2820 2670 990 364 15
374 364 2820 990 15
2670 2820 990 991 15
2821 2671 991 2670 15
2820 2670 2821 991 15
2671 2821 991 992 15
2822 2672 992 2671 15
2821 2671 2822 992 15
2672 2822 992 993 15
2823 2673 993 2672 15
2822 2672 2823 993 15
2673 2823 993 994 15
2824 2674 994 2673 15
2823 2673 2824 994 15
2674 2824 994 995 15
2825 2675 995 2674 15
2824 2674 2825 995 15
2675 2825 995 996 15
2826 2676 996 2675 15
2825 2675 2826 996 15
2676 2826 996 997 15
2827 2677 997 2676 15
2826 2676 2827 997 15
2677 2827 997 998 15
2828 2678 998 2677 15
2827 2677 2828 998 15
2678 2828 998 999 15
2829 2679 999 2678 15
2828 2678 2829 999 15
2679 2829 999 1000 15
2830 2680 1000 2679 15
2829 2679 2830 1000 15
2680 2830 1000 1001 15
2831 2681 1001 2680 15
2830 2680 2831 1001 15
2681 2831 1001 1002 15
2832 2682 1002 2681 15
2831 2681 2832 1002 15
2682 2832 1002 1003 15
2833 2683 1003 2682 15
2832 2682 2833 1003 15
2683 2833 1003 1004 15
2834 2684 1004 2683 15
2833 2683 2834 1004 15
2684 2834 1004 151 15
1094 1084 151 2684 15
2834 2684 1094 151 15
104 374 105 1005 15
2820 990 1005 374 15
374 990 1005 104 15
990 2820 1005 1006 15
2821 991 1006 2820 15
2820 991 1006 990 15
991 2821 1006 1007 15
2822 992 1007 2821 15
2821 992 1007 991 15
992 2822 1007 1008 15
2823 993 1008 2822 15
2822 993 1008 992 15
993 2823 1008 1009 15
2824 994 1009 2823 15
2823 994 1009 993 15
994 2824 1009 1010 15
2825 995 1010 2824 15
2824 995 1010 994 15
995 2825 1010 1011 15
2826 996 1011 2825 15
2825 996 1011 995 15
996 2826 1011 1012 15
2827 997 1012 2826 15
2826 997 1012 996 15
997 2827 1012 1013 15
2828 998 1013 2827 15
2827 998 1013 997 15
998 2828 1013 1014 15
2829 999 1014 2828 15
2828 999 1014 998 15
999 2829 1014 1015 15
2830 1000 1015 2829 15
2829 1000 1015 999 15
1000 2830 1015 1016 15
2831 1001 1016 2830 15
2830 1001 1016 1000 15
1001 2831 1016 1017 15
2832 1002 1017 2831 15
2831 1002 1017 1001 15
1002 2832 1017 1018 15
2833 1003 1018 2832 15
2832 1003 1018 1002 15
1003 2833 1018 1019 15
2834 1004 1019 2833 15
2833 1004 1019 1003 15
1004 2834 1019 150 15
1094 151 150 2834 15
2834 151 150 1004 15
99 100 365 2685 15
780 765 2685 100 15
100 765 2685 99 15
765 780 2685 2686 15
781 766 2686 780 15
780 766 2686 765 15
766 781 2686 2687 15
782 767 2687 781 15
781 767 2687 766 15
767 782 2687 2688 15
783 768 2688 782 15
782 768 2688 767 15
768 783 2688 2689 15
784 769 2689 783 15
783 769 2689 768 15
769 784 2689 2690 15
785 770 2690 784 15
784 770 2690 769 15
770 785 2690 2691 15
786 771 2691 785 15
785 771 2691 770 15
771 786 2691 2692 15
787 772 2692 786 15
786 772 2692 771 15
772 787 2692 2693 15
788 773 2693 787 15
787 773 2693 772 15
773 788 2693 2694 15
789 774 2694 788 15
788 774 2694 773 15
774 789 2694 2695 15
790 775 2695 789 15
789 775 2695 774 15
775 790 2695 2696 15
791 776 2696 790 15
790 776 2696 775 15
776 791 2696 2697 15
792 777 2697 791 15
791 777 2697 776 15
777 792 2697 2698 15
793 778 2698 792 15
792 778 2698 777 15
778 793 2698 2699 15
794 779 2699 793 15
793 779 2699 778 15
779 794 2699 1085 15
134 133 1085 794 15
794 133 1085 779 15
365 100 375 2835 15
780 2685 2835 100 15
100 2685 2835 365 15
2685 780 2835 2836 15
781 2686 2836 780 15
780 2686 2836 2685 15
2686 781 2836 2837 15
782 2687 2837 781 15
781 2687 2837 2686 15
2687 782 2837 2838 15
783 2688 2838 782 15
782 2688 2838 2687 15
2688 783 2838 2839 15
784 2689 2839 783 15
783 2689 2839 2688 15
2689 784 2839 2840 15
785 2690 2840 784 15
784 2690 2840 2689 15
2690 785 2840 2841 15
786 2691 2841 785 15
785 2691 2841 2690 15
2691 786 2841 2842 15
787 2692 2842 786 15
786 2692 2842 2691 15
2692 787 2842 2843 15
788 2693 2843 787 15
787 2693 2843 2692 15
2693 788 2843 2844 15
789 2694 2844 788 15
788 2694 2844 2693 15
2694 789 2844 2845 15
790 2695 2845 789 15
789 2695 2845 2694 15
2695 790 2845 2846 15
791 2696 2846 790 15
790 2696 2846 2695 15
2696 791 2846 2847 15
792 2697 2847 791 15
791 2697 2847 2696 15
2697 792 2847 2848 15
793 2698 2848 792 15
792 2698 2848 2697 15
2698 793 2848 2849 15
794 2699 2849 793 15
793 2699 2849 2698 15
2699 794 2849 1095 15
134 1085 1095 794 15
794 1085 1095 2699 15
365 375 366 2700 15
2835 2685 2700 365 15
375 365 2835 2700 15
2685 2835 2700 2701 15
2836 2686 2701 2685 15
2835 2685 2836 2701 15
2686 2836 2701 2702 15
2837 2687 2702 2686 15
2836 2686 2837 2702 15
2687 2837 2702 2703 15
2838 2688 2703 2687 15
2837 2687 2838 2703 15
2688 2838 2703 2704 15
2839 2689 2704 2688 15
2838 2688 2839 2704 15
2689 2839 2704 2705 15
2840 2690 2705 2689 15
2839 2689 2840 2705 15
2690 2840 2705 2706 15
2841 2691 2706 2690 15
2840 2690 2841 2706 15
2691 2841 2706 2707 15
2842 2692 2707 2691 15
2841 2691 2842 2707 15
2692 2842 2707 2708 15
2843 2693 2708 2692 15
2842 2692 2843 2708 15
2693 2843 2708 2709 15
2844 2694 2709 2693 15
2843 2693 2844 2709 15
2694 2844 2709 2710 15
2845 2695 2710 2694 15
2844 2694 2845 2710 15
2695 2845 2710 2711 15
2846 2696 2711 2695 15
2845 2695 2846 2711 15
2696 2846 2711 2712 15
2847 2697 2712 2696 15
2846 2696 2847 2712 15
2697 2847 2712 2713 15
2848 2698 2713 2697 15
2847 2697 2848 2713 15
2698 2848 2713 2714 15
2849 2699 2714 2698 15
2848 2698 2849 2714 15
2699 2849 2714 1086 15
1095 1085 1086 2699 15
2849 2699 1095 1086 15
366 375 376 2850 15
2835 2700 2850 375 15
375 2700 2850 366 15
2700 2835 2850 2851 15
2836 2701 2851 2835 15
2835 2701 2851 2700 15
2701 2836 2851 2852 15
2837 2702 2852 2836 15
2836 2702 2852 2701 15
2702 2837 2852 2853 15
2838 2703 2853 2837 15
2837 2703 2853 2702 15
2703 2838 2853 2854 15
2839 2704 2854 2838 15
2838 2704 2854 2703 15
2704 2839 2854 2855 15
2840 2705 2855 2839 15
2839 2705 2855 2704 15
2705 2840 2855 2856 15
2841 2706 2856 2840 15
2840 2706 2856 2705 15
2706 2841 2856 2857 15
2842 2707 2857 2841 15
2841 2707 2857 2706 15
2707 2842 2857 2858 15
2843 2708 2858 2842 15
2842 2708 2858 2707 15
2708 2843 2858 2859 15
2844 2709 2859 2843 15
2843 2709 2859 2708 15
2709 2844 2859 2860 15
2845 2710 2860 2844 15
2844 2710 2860 2709 15
2710 2845 2860 2861 15
2846 2711 2861 2845 15
2845 2711 2861 2710 15
2711 2846 2861 2862 15
2847 2712 2862 2846 15
2846 2712 2862 2711 15
2712 2847 2862 2863 15
2848 2713 2863 2847 15
2847 2713 2863 2712 15
2713 2848 2863 2864 15
2849 2714 2864 2848 15
2848 2714 2864 2713 15
2714 2849 2864 1096 15
1095 1086 1096 2849 15
2849 1086 1096 2714 15
366 376 367 2715 15
2850 2700 2715 366 15
376 366 2850 2715 15
2700 2850 2715 2716 15
2851 2701 2716 2700 15
2850 2700 2851 2716 15
2701 2851 2716 2717 15
2852 2702 2717 2701 15
2851 2701 2852 2717 15
2702 2852 2717 2718 15
2853 2703 2718 2702 15
2852 2702 2853 2718 15
2703 2853 2718 2719 15
2854 2704 2719 2703 15
2853 2703 2854 2719 15
2704 2854 2719 2720 15
2855 2705 2720 2704 15
2854 2704 2855 2720 15
2705 2855 2720 2721 15
2856 2706 2721 2705 15
2855 2705 2856 2721 15
2706 2856 2721 2722 15
2857 2707 2722 2706 15
2856 2706 2857 2722 15
2707 2857 2722 2723 15
2858 2708 2723 2707 15
2857 2707 2858 2723 15
2708 2858 2723 2724 15
2859 2709 2724 2708 15
2858 2708 2859 2724 15
2709 2859 2724 2725 15
2860 2710 2725 2709 15
2859 2709 2860 2725 15
2710 2860 2725 2726 15
2861 2711 2726 2710 15
2860 2710 2861 2726 15
2711 2861 2726 2727 15
2862 2712 2727 2711 15
2861 2711 2862 2727 15
2712 2862 2727 2728 15
2863 2713 2728 2712 15
2862 2712 2863 2728 15
2713 2863 2728 2729 15
2864 2714 2729 2713 15
2863 2713 2864 2729 15
2714 2864 2729 1087 15
1096 1086 1087 2714 15
2864 2714 1096 1087 15
367 376 377 2865 15
2850 2715 2865 376 15
376 2715 2865 367 15
2715 2850 2865 2866 15
2851 2716 2866 2850 15
2850 2716 2866 2715 15
2716 2851 2866 2867 15
2852 2717 2867 2851 15
2851 2717 2867 2716 15
2717 2852 2867 2868 15
2853 2718 2868 2852 15
2852 2718 2868 2717 15
2718 2853 2868 2869 15
2854 2719 2869 2853 15
2853 2719 2869 2718 15
2719 2854 2869 2870 15
2855 2720 2870 2854 15
2854 2720 2870 2719 15
2720 2855 2870 2871 15
2856 2721 2871 2855 15
2855 2721 2871 2720 15
2721 2856 2871 2872 15
2857 2722 2872 2856 15
2856 2722 2872 2721 15
2722 2857 2872 2873 15
2858 2723 2873 2857 15
2857 2723 2873 2722 15
2723 2858 2873 2874 15
2859 2724 2874 2858 15
2858 2724 2874 2723 15
2724 2859 2874 2875 15
2860 2725 2875 2859 15
2859 2725 2875 2724 15
2725 2860 2875 2876 15
2861 2726 2876 2860 15
2860 2726 2876 2725 15
2726 2861 2876 2877 15
2862 2727 2877 2861 15
2861 2727 2877 2726 15
2727 2862 2877 2878 15
2863 2728 2878 2862 15
2862 2728 2878 2727 15
2728 2863 2878 2879 15
2864 2729 2879 2863 15
2863 2729 2879 2728 15
2729 2864 2879 1097 15
1096 1087 1097 2864 15
2864 1087 1097 2729 15
367 377 368 2730 15
2865 2715 2730 367 15
377 367 2865 2730 15
2715 2865 2730 2731 15
2866 2716 2731 2715 15
2865 2715 2866 2731 15
2716 2866 2731 2732 15
2867 2717 2732 2716 15
2866 2716 2867 2732 15
2717 2867 2732 2733 15
2868 2718 2733 2717 15
2867 2717 2868 2733 15
2718 2868 2733 2734 15
2869 2719 2734 2718 15
2868 2718 2869 2734 15
2719 2869 2734 2735 15
2870 2720 2735 2719 15
2869 2719 2870 2735 15
2720 2870 2735 2736 15
2871 2721 2736 2720 15
2870 2720 2871 2736 15
2721 2871 2736 2737 15
2872 2722 2737 2721 15
2871 2721 2872 2737 15
2722 2872 2737 2738 15
2873 2723 2738 2722 15
2872 2722 2873 2738 15
2723 2873 2738 2739 15
2874 2724 2739 2723 15
2873 2723 2874 2739 15
2724 2874 2739 2740 15
2875 2725 2740 2724 15
2874 2724 2875 2740 15
2725 2875 2740 2741 15
2876 2726 2741 2725 15
2875 2725 2876 2741 15
2726 2876 2741 2742 15
2877 2727 2742 2726 15
2876 2726 2877 2742 15
2727 2877 2742 2743 15
2878 2728 2743 2727 15
2877 2727 2878 2743 15
2728 2878 2743 2744 15
2879 2729 2744 2728 15
2878 2728 2879 2744 15
2729 2879 2744 1088 15
1097 1087 1088 2729 15
2879 2729 1097 1088 15
368 377 378 2880 15
2865 2730 2880 377 15
377 2730 2880 368 15
2730 2865 2880 2881 15
2866 2731 2881 2865 15
2865 2731 2881 2730 15
2731 2866 2881 2882 15
2867 2732 2882 2866 15
2866 2732 2882 2731 15
2732 2867 2882 2883 15
2868 2733 2883 2867 15
2867 2733 2883 2732 15
2733 2868 2883 2884 15
2869 2734 2884 2868 15
2868 2734 2884 2733 15
2734 2869 2884 2885 15
2870 2735 2885 2869 15
2869 2735 2885 2734 15
2735 2870 2885 2886 15
2871 2736 2886 2870 15
2870 2736 2886 2735 15
2736 2871 2886 2887 15
2872 2737 2887 2871 15
2871 2737 2887 2736 15
2737 2872 2887 2888 15
2873 2738 2888 2872 15
2872 2738 2888 2737 15
2738 2873 2888 2889 15
2874 2739 2889 2873 15
2873 2739 2889 2738 15
2739 2874 2889 2890 15
2875 2740 2890 2874 15
2874 2740 2890 2739 15
2740 2875 2890 2891 15
2876 2741 2891 2875 15
2875 2741 2891 2740 15
2741 2876 2891 2892 15
2877 2742 2892 2876 15
2876 2742 2892 2741 15
2742 2877 2892 2893 15
2878 2743 2893 2877 15
2877 2743 2893 2742 15
2743 2878 2893 2894 15
2879 2744 2894 2878 15
2878 2744 2894 2743 15
2744 2879 2894 1098 15
1097 1088 1098 2879 15
2879 1088 1098 2744 15
368 378 369 2745 15
2880 2730 2745 368 15
378 368 2880 2745 15
2730 2880 2745 2746 15
2881 2731 2746 2730 15
2880 2730 2881 2746 15
2731 2881 2746 2747 15
2882 2732 2747 2731 15
2881 2731 2882 2747 15
2732 2882 2747 2748 15
2883 2733 2748 2732 15
2882 2732 2883 2748 15
2733 2883 2748 2749 15
2884 2734 2749 2733 15
2883 2733 2884 2749 15
2734 2884 2749 2750 15
2885 2735 2750 2734 15
2884 2734 2885 2750 15
2735 2885 2750 2751 15
2886 2736 2751 2735 15
2885 2735 2886 2751 15
2736 2886 2751 2752 15
2887 2737 2752 2736 15
2886 2736 2887 2752 15
2737 2887 2752 2753 15
2888 2738 2753 2737 15
2887 2737 2888 2753 15
2738 2888 2753 2754 15
2889 2739 2754 2738 15
2888 2738 2889 2754 15
2739 2889 2754 2755 15
2890 2740 2755 2739 15
2889 2739 2890 2755 15
2740 2890 2755 2756 15
2891 2741 2756 2740 15
2890 2740 2891 2756 15
2741 2891 2756 2757 15
2892 2742 2757 2741 15
2891 2741 2892 2757 15
2742 2892 2757 2758 15
2893 2743 2758 2742 15
2892 2742 2893 2758 15
2743 2893 2758 2759 15
2894 2744 2759 2743 15
2893 2743 2894 2759 15
2744 2894 2759 1089 15
1098 1088 1089 2744 15
2894 2744 1098 1089 15
369 378 379 2895 15
2880 2745 2895 378 15
378 2745 2895 369 15
2745 2880 2895 2896 15
2881 2746 2896 2880 15
2880 2746 2896 2745 15
2746 2881 2896 2897 15
2882 2747 2897 2881 15
2881 2747 2897 2746 15
2747 2882 2897 2898 15
2883 2748 2898 2882 15
2882 2748 2898 2747 15
2748 2883 2898 2899 15
2884 2749 2899 2883 15
2883 2749 2899 2748 15
2749 2884 2899 2900 15
2885 2750 2900 2884 15
2884 2750 2900 2749 15
2750 2885 2900 2901 15
2886 2751 2901 2885 15
2885 2751 2901 2750 15
2751 2886 2901 2902 15
2887 2752 2902 2886 15
2886 2752 2902 2751 15
2752 2887 2902 2903 15
2888 2753 2903 2887 15
2887 2753 2903 2752 15
2753 2888 2903 2904 15
2889 2754 2904 2888 15
2888 2754 2904 2753 15
2754 2889 2904 2905 15
2890 2755 2905 2889 15
2889 2755 2905 2754 15
2755 2890 2905 2906 15
2891 2756 2906 2890 15
2890 2756 2906 2755 15
2756 2891 2906 2907 15
2892 2757 2907 2891 15
2891 2757 2907 2756 15
2757 2892 2907 2908 15
2893 2758 2908 2892 15
2892 2758 2908 2757 15
2758 2893 2908 2909 15
2894 2759 2909 2893 15
2893 2759 2909 2758 15
2759 2894 2909 1099 15
1098 1089 1099 2894 15
2894 1089 1099 2759 15
369 379 370 2760 15
2895 2745 2760 369 15
379 369 2895 2760 15
2745 2895 2760 2761 15
2896 2746 2761 2745 15
2895 2745 2896 2761 15
2746 2896 2761 2762 15
2897 2747 2762 2746 15
2896 2746 2897 2762 15
2747 2897 2762 2763 15
2898 2748 2763 2747 15
2897 2747 2898 2763 15
2748 2898 2763 2764 15
2899 2749 2764 2748 15
2898 2748 2899 2764 15
2749 2899 2764 2765 15
2900 2750 2765 2749 15
2899 2749 2900 2765 15
2750 2900 2765 2766 15
2901 2751 2766 2750 15
2900 2750 2901 2766 15
2751 2901 2766 2767 15
2902 2752 2767 2751 15
2901 2751 2902 2767 15
2752 2902 2767 2768 15
2903 2753 2768 2752 15
2902 2752 2903 2768 15
2753 2903 2768 2769 15
2904 2754 2769 2753 15
2903 2753 2904 2769 15
2754 2904 2769 2770 15
2905 2755 2770 2754 15
2904 2754 2905 2770 15
2755 2905 2770 2771 15
2906 2756 2771 2755 15
2905 2755 2906 2771 15
2756 2906 2771 2772 15
2907 2757 2772 2756 15
2906 2756 2907 2772 15
2757 2907 2772 2773 15
2908 2758 2773 2757 15
2907 2757 2908 2773 15
2758 2908 2773 2774 15
2909 2759 2774 2758 15
2908 2758 2909 2774 15
2759 2909 2774 1090 15
1099 1089 1090 2759 15
2909 2759 1099 1090 15
370 379 380 2910 15
2895 2760 2910 379 15
379 2760 2910 370 15
2760 2895 2910 2911 15
2896 2761 2911 2895 15
2895 2761 2911 2760 15
2761 2896 2911 2912 15
2897 2762 2912 2896 15
2896 2762 2912 2761 15
2762 2897 2912 2913 15
2898 2763 2913 2897 15
2897 2763 2913 2762 15
2763 2898 2913 2914 15
2899 2764 2914 2898 15
2898 2764 2914 2763 15
2764 2899 2914 2915 15
2900 2765 2915 2899 15
2899 2765 2915 2764 15
2765 2900 2915 2916 15
2901 2766 2916 2900 15
2900 2766 2916 2765 15
2766 2901 2916 2917 15
2902 2767 2917 2901 15
2901 2767 2917 2766 15
2767 2902 2917 2918 15
2903 2768 2918 2902 15
2902 2768 2918 2767 15
2768 2903 2918 2919 15
2904 2769 2919 2903 15
2903 2769 2919 2768 15
2769 2904 2919 2920 15
2905 2770 2920 2904 15
2904 2770 2920 2769 15
2770 2905 2920 2921 15
2906 2771 2921 2905 15
2905 2771 2921 2770 15
2771 2906 2921 2922 15
2907 2772 2922 2906 15
2906 2772 2922 2771 15
2772 2907 2922 2923 15
2908 2773 2923 2907 15
2907 2773 2923 2772 15
2773 2908 2923 2924 15
2909 2774 2924 2908 15
2908 2774 2924 2773 15
2774 2909 2924 1100 15
1099 1090 1100 2909 15
2909 1090 1100 2774 15
370 380 371 2775 15
2910 2760 2775 370 15
380 370 2910 2775 15
2760 2910 2775 2776 15
2911 2761 2776 2760 15
2910 2760 2911 2776 15
2761 2911 2776 2777 15
2912 2762 2777 2761 15
2911 2761 2912 2777 15
2762 2912 2777 2778 15
2913 2763 2778 2762 15
2912 2762 2913 2778 15
2763 2913 2778 2779 15
2914 2764 2779 2763 15
2913 2763 2914 2779 15
2764 2914 2779 2780 15
2915 2765 2780 2764 15
2914 2764 2915 2780 15
2765 2915 2780 2781 15
2916 2766 2781 2765 15
2915 2765 2916 2781 15
2766 2916 2781 2782 15
2917 2767 2782 2766 15
2916 2766 2917 2782 15
2767 2917 2782 2783 15
2918 2768 2783 2767 15
2917 2767 2918 2783 15
2768 2918 2783 2784 15
2919 2769 2784 2768 15
2918 2768 2919 2784 15
2769 2919 2784 2785 15
2920 2770 2785 2769 15
2919 2769 2920 2785 15
2770 2920 2785 2786 15
2921 2771 2786 2770 15
2920 2770 2921 2786 15
2771 2921 2786 2787 15
2922 2772 2787 2771 15
2921 2771 2922 2787 15
2772 2922 2787 2788 15
2923 2773 2788 2772 15
2922 2772 2923 2788 15
2773 2923 2788 2789 15
2924 2774 2789 2773 15
2923 2773 2924 2789 15
2774 2924 2789 1091 15
1100 1090 1091 2774 15
2924 2774 1100 1091 15
371 380 381 2925 15
2910 2775 2925 380 15
380 2775 2925 371 15
2775 2910 2925 2926 15
2911 2776 2926 2910 15
2910 2776 2926 2775 15
2776 2911 2926 2927 15
2912 2777 2927 2911 15
2911 2777 2927 2776 15
2777 2912 2927 2928 15
2913 2778 2928 2912 15
2912 2778 2928 2777 15
2778 2913 2928 2929 15
2914 2779 2929 2913 15
2913 2779 2929 2778 15
2779 2914 2929 2930 15
2915 2780 2930 2914 15
2914 2780 2930 2779 15
2780 2915 2930 2931 15
2916 2781 2931 2915 15
2915 2781 2931 2780 15
2781 2916 2931 2932 15
2917 2782 2932 2916 15
2916 2782 2932 2781 15
2782 2917 2932 2933 15
2918 2783 2933 2917 15
2917 2783 2933 2782 15
2783 2918 2933 2934 15
2919 2784 2934 2918 15
2918 2784 2934 2783 15
2784 2919 2934 2935 15
2920 2785 2935 2919 15
2919 2785 2935 2784 15
2785 2920 2935 2936 15
2921 2786 2936 2920 15
2920 2786 2936 2785 15
2786 2921 2936 2937 15
2922 2787 2937 2921 15
2921 2787 2937 2786 15
2787 2922 2937 2938 15
2923 2788 2938 2922 15
2922 2788 2938 2787 15
2788 2923 2938 2939 15
2924 2789 2939 2923 15
2923 2789 2939 2788 15
2789 2924 2939 1101 15
1100 1091 1101 2924 15
2924 1091 1101 2789 15
371 381 372 2790 15
2925 2775 2790 371 15
381 371 2925 2790 15
2775 2925 2790 2791 15
2926 2776 2791 2775 15
2925 2775 2926 2791 15
2776 2926 2791 2792 15
2927 2777 2792 2776 15
2926 2776 2927 2792 15
2777 2927 2792 2793 15
2928 2778 2793 2777 15
2927 2777 2928 2793 15
2778 2928 2793 2794 15
2929 2779 2794 2778 15
2928 2778 2929 2794 15
2779 2929 2794 2795 15
2930 2780 2795 2779 15
2929 2779 2930 2795 15
2780 2930 2795 2796 15
2931 2781 2796 2780 15
2930 2780 2931 2796 15
2781 2931 2796 2797 15
2932 2782 2797 2781 15
2931 2781 2932 2797 15
2782 2932 2797 2798 15
2933 2783 2798 2782 15
2932 2782 2933 2798 15
2783 2933 2798 2799 15
2934 2784 2799 2783 15
2933 2783 2934 2799 15
2784 2934 2799 2800 15
2935 2785 2800 2784 15
2934 2784 2935 2800 15
2785 2935 2800 2801 15
2936 2786 2801 2785 15
2935 2785 2936 2801 15
2786 2936 2801 2802 15
2937 2787 2802 2786 15
2936 2786 2937 2802 15
2787 2937 2802 2803 15
2938 2788 2803 2787 15
2937 2787 2938 2803 15
2788 2938 2803 2804 15
2939 2789 2804 2788 15
2938 2788 2939 2804 15
2789 2939 2804 1092 15
1101 1091 1092 2789 15
2939 2789 1101 1092 15
372 381 382 2940 15
2925 2790 2940 381 15
381 2790 2940 372 15
2790 2925 2940 2941 15
2926 2791 2941 2925 15
2925 2791 2941 2790 15
2791 2926 2941 2942 15
2927 2792 2942 2926 15
2926 2792 2942 2791 15
2792 2927 2942 2943 15
2928 2793 2943 2927 15
2927 2793 2943 2792 15
2793 2928 2943 2944 15
2929 2794 2944 2928 15
2928 2794 2944 2793 15
2794 2929 2944 2945 15
2930 2795 2945 2929 15
2929 2795 2945 2794 15
2795 2930 2945 2946 15
2931 2796 2946 2930 15
2930 2796 2946 2795 15
2796 2931 2946 2947 15
2932 2797 2947 2931 15
2931 2797 2947 2796 15
2797 2932 2947 2948 15
2933 2798 2948 2932 15
2932 2798 2948 2797 15
2798 2933 2948 2949 15
2934 2799 2949 2933 15
2933 2799 2949 2798 15
2799 2934 2949 2950 15
2935 2800 2950 2934 15
2934 2800 2950 2799 15
2800 2935 2950 2951 15
2936 2801 2951 2935 15
2935 2801 2951 2800 15
2801 2936 2951 2952 15
2937 2802 2952 2936 15
2936 2802 2952 2801 15
2802 2937 2952 2953 15
2938 2803 2953 2937 15
2937 2803 2953 2802 15
2803 2938 2953 2954 15
2939 2804 2954 2938 15
2938 2804 2954 2803 15
2804 2939 2954 1102 15
1101 1092 1102 2939 15
2939 1092 1102 2804 15
372 382 373 2805 15
2940 2790 2805 372 15
382 372 2940 2805 15
2790 2940 2805 2806 15
2941 2791 2806 2790 15
2940 2790 2941 2806 15
2791 2941 2806 2807 15
2942 2792 2807 2791 15
2941 2791 2942 2807 15
2792 2942 2807 2808 15
2943 2793 2808 2792 15
2942 2792 2943 2808 15
2793 2943 2808 2809 15
2944 2794 2809 2793 15
2943 2793 2944 2809 15
2794 2944 2809 2810 15
2945 2795 2810 2794 15
2944 2794 2945 2810 15
2795 2945 2810 2811 15
2946 2796 2811 2795 15
2945 2795 2946 2811 15
2796 2946 2811 2812 15
2947 2797 2812 2796 15
2946 2796 2947 2812 15
2797 2947 2812 2813 15
2948 2798 2813 2797 15
2947 2797 2948 2813 15
2798 2948 2813 2814 15
2949 2799 2814 2798 15
2948 2798 2949 2814 15
2799 2949 2814 2815 15
2950 2800 2815 2799 15
2949 2799 2950 2815 15
2800 2950 2815 2816 15
2951 2801 2816 2800 15
2950 2800 2951 2816 15
2801 2951 2816 2817 15
2952 2802 2817 2801 15
2951 2801 2952 2817 15
2802 2952 2817 2818 15
2953 2803 2818 2802 15
2952 2802 2953 2818 15
2803 2953 2818 2819 15
2954 2804 2819 2803 15
2953 2803 2954 2819 15
2804 2954 2819 1093 15
1102 1092 1093 2804 15
2954 2804 1102 1093 15
373 382 383 2955 15
2940 2805 2955 382 15
382 2805 2955 373 15
2805 2940 2955 2956 15
2941 2806 2956 2940 15
2940 2806 2956 2805 15
2806 2941 2956 2957 15
2942 2807 2957 2941 15
2941 2807 2957 2806 15
2807 2942 2957 2958 15
2943 2808 2958 2942 15
2942 2808 2958 2807 15
2808 2943 2958 2959 15
2944 2809 2959 2943 15
2943 2809 2959 2808 15
2809 2944 2959 2960 15
2945 2810 2960 2944 15
2944 2810 2960 2809 15
2810 2945 2960 2961 15
2946 2811 2961 2945 15
2945 2811 2961 2810 15
2811 2946 2961 2962 15
2947 2812 2962 2946 15
2946 2812 2962 2811 15
2812 2947 2962 2963 15
2948 2813 2963 2947 15
2947 2813 2963 2812 15
2813 2948 2963 2964 15
2949 2814 2964 2948 15
2948 2814 2964 2813 15
2814 2949 2964 2965 15
2950 2815 2965 2949 15
2949 2815 2965 2814 15
2815 2950 2965 2966 15
2951 2816 2966 2950 15
2950 2816 2966 2815 15
2816 2951 2966 2967 15
2952 2817 2967 2951 15
2951 2817 2967 2816 15
2817 2952 2967 2968 15
2953 2818 2968 2952 15
2952 2818 2968 2817 15
2818 2953 2968 2969 15
2954 2819 2969 2953 15
2953 2819 2969 2818 15
2819 2954 2969 1103 15
1102 1093 1103 2954 15
2954 1093 1103 2819 15
373 383 374 2820 15
2955 2805 2820 373 15
383 373 2955 2820 15
2805 2955 2820 2821 15
2956 2806 2821 2805 15
2955 2805 2956 2821 15
2806 2956 2821 2822 15
2957 2807 2822 2806 15
2956 2806 2957 2822 15
2807 2957 2822 2823 15
2958 2808 2823 2807 15
2957 2807 2958 2823 15
2808 2958 2823 2824 15
2959 2809 2824 2808 15
2958 2808 2959 2824 15
2809 2959 2824 2825 15
2960 2810 2825 2809 15
2959 2809 2960 2825 15
2810 2960 2825 2826 15
2961 2811 2826 2810 15
2960 2810 2961 2826 15
2811 2961 2826 2827 15
2962 2812 2827 2811 15
2961 2811 2962 2827 15
2812 2962 2827 2828 15
2963 2813 2828 2812 15
2962 2812 2963 2828 15
2813 2963 2828 2829 15
2964 2814 2829 2813 15
2963 2813 2964 2829 15
2814 2964 2829 2830 15
2965 2815 2830 2814 15
2964 2814 2965 2830 15
2815 2965 2830 2831 15
2966 2816 2831 2815 15
2965 2815 2966 2831 15
2816 2966 2831 2832 15
2967 2817 2832 2816 15
2966 2816 2967 2832 15
2817 2967 2832 2833 15
2968 2818 2833 2817 15
2967 2817 2968 2833 15
2818 2968 2833 2834 15
2969 2819 2834 2818 15
2968 2818 2969 2834 15
2819 2969 2834 1094 15
1103 1093 1094 2819 15
2969 2819 1103 1094 15
374 383 384 2970 15
2955 2820 2970 383 15
383 2820 2970 374 15
2820 2955 2970 2971 15
2956 2821 2971 2955 15
2955 2821 2971 2820 15
2821 2956 2971 2972 15
2957 2822 2972 2956 15
2956 2822 2972 2821 15
2822 2957 2972 2973 15
2958 2823 2973 2957 15
2957 2823 2973 2822 15
2823 2958 2973 2974 15
2959 2824 2974 2958 15
2958 2824 2974 2823 15
2824 2959 2974 2975 15
2960 2825 2975 2959 15
2959 2825 2975 2824 15
2825 2960 2975 2976 15
2961 2826 2976 2960 15
2960 2826 2976 2825 15
2826 2961 2976 2977 15
2962 2827 2977 2961 15
2961 2827 2977 2826 15
2827 2962 2977 2978 15
2963 2828 2978 2962 15
2962 2828 2978 2827 15
2828 2963 2978 2979 15
2964 2829 2979 2963 15
2963 2829 2979 2828 15
2829 2964 2979 2980 15
2965 2830 2980 2964 15
2964 2830 2980 2829 15
2830 2965 2980 2981 15
2966 2831 2981 2965 15
2965 2831 2981 2830 15
2831 2966 2981 2982 15
2967 2832 2982 2966 15
2966 2832 2982 2831 15
2832 2967 2982 2983 15
2968 2833 2983 2967 15
2967 2833 2983 2832 15
2833 2968 2983 2984 15
2969 2834 2984 2968 15
2968 2834 2984 2833 15
2834 2969 2984 1104 15
1103 1094 1104 2969 15
2969 1094 1104 2834 15
374 384 105 1005 15
2970 2820 1005 374 15
384 374 2970 1005 15
2820 2970 1005 1006 15
2971 2821 1006 2820 15
2970 2820 2971 1006 15
2821 2971 1006 1007 15
2972 2822 1007 2821 15
2971 2821 2972 1007 15
2822 2972 1007 1008 15
2973 2823 1008 2822 15
2972 2822 2973 1008 15
2823 2973 1008 1009 15
2974 2824 1009 2823 15
2973 2823 2974 1009 15
2824 2974 1009 1010 15
2975 2825 1010 2824 15
2974 2824 2975 1010 15
2825 2975 1010 1011 15
2976 2826 1011 2825 15
2975 2825 2976 1011 15
2826 2976 1011 1012 15
2977 2827 1012 2826 15
2976 2826 2977 1012 15
2827 2977 1012 1013 15
2978 2828 1013 2827 15
2977 2827 2978 1013 15
2828 2978 1013 1014 15
2979 2829 1014 2828 15
2978 2828 2979 1014 15
2829 2979 1014 1015 15
2980 2830 1015 2829 15
2979 2829 2980 1015 15
2830 2980 1015 1016 15
2981 2831 1016 2830 15
2980 2830 2981 1016 15
2831 2981 1016 1017 15
2982 2832 1017 2831 15
2981 2831 2982 1017 15
2832 2982 1017 1018 15
2983 2833 1018 2832 15
2982 2832 2983 1018 15
2833 2983 1018 1019 15
2984 2834 1019 2833 15
2983 2833 2984 1019 15
2834 2984 1019 150 15
1104 1094 150 2834 15
2984 2834 1104 150 15
105 384 106 1020 15
2970 1005 1020 384 15
384 1005 1020 105 15
1005 2970 1020 1021 15
2971 1006 1021 2970 15
2970 1006 1021 1005 15
1006 2971 1021 1022 15
2972 1007 1022 2971 15
2971 1007 1022 1006 15
1007 2972 1022 1023 15
2973 1008 1023 2972 15
2972 1008 1023 1007 15
1008 2973 1023 1024 15
2974 1009 1024 2973 15
2973 1009 1024 1008 15
1009 2974 1024 1025 15
2975 1010 1025 2974 15
2974 1010 1025 1009 15
1010 2975 1025 1026 15
2976 1011 1026 2975 15
2975 1011 1026 1010 15
1011 2976 1026 1027 15
2977 1012 1027 2976 15
2976 1012 1027 1011 15
1012 2977 1027 1028 15
2978 1013 1028 2977 15
2977 1013 1028 1012 15
1013 2978 1028 1029 15
2979 1014 1029 2978 15
2978 1014 1029 1013 15
1014 2979 1029 1030 15
2980 1015 1030 2979 15
2979 1015 1030 1014 15
1015 2980 1030 1031 15
2981 1016 1031 2980 15
2980 1016 1031 1015 15
1016 2981 1031 1032 15
2982 1017 1032 2981 15
2981 1017 1032 1016 15
1017 2982 1032 1033 15
2983 1018 1033 2982 15
2982 1018 1033 1017 15
1018 2983 1033 1034 15
2984 1019 1034 2983 15
2983 1019 1034 1018 15
1019 2984 1034 149 15
1104 150 149 2984 15
2984 150 149 1019 15
100 101 375 2835 15
795 780 2835 101 15
101 780 2835 100 15
780 795 2835 2836 15
796 781 2836 795 15
795 781 2836 780 15
781 796 2836 2837 15
797 782 2837 796 15
796 782 2837 781 15
782 797 2837 2838 15
798 783 2838 797 15
797 783 2838 782 15
783 798 2838 2839 15
799 784 2839 798 15
798 784 2839 783 15
784 799 2839 2840 15
800 785 2840 799 15
799 785 2840 784 15
785 800 2840 2841 15
801 786 2841 800 15
800 786 2841 785 15
786 801 2841 2842 15
802 787 2842 801 15
801 787 2842 786 15
787 802 2842 2843 15
803 788 2843 802 15
802 788 2843 787 15
788 803 2843 2844 15
804 789 2844 803 15
803 789 2844 788 15
789 804 2844 2845 15
805 790 2845 804 15
804 790 2845 789 15
790 805 2845 2846 15
806 791 2846 805 15
805 791 2846 790 15
791 806 2846 2847 15
807 792 2847 806 15
806 792 2847 791 15
792 807 2847 2848 15
808 793 2848 807 15
807 793 2848 792 15
793 808 2848 2849 15
809 794 2849 808 15
808 794 2849 793 15
794 809 2849 1095 15
135 134 1095 809 15
809 134 1095 794 15
375 101 385 2985 15
795 2835 2985 101 15
101 2835 2985 375 15
2835 795 2985 2986 15
796 2836 2986 795 15
795 2836 2986 2835 15
2836 796 2986 2987 15
797 2837 2987 796 15
796 2837 2987 2836 15
2837 797 2987 2988 15
798 2838 2988 797 15
797 2838 2988 2837 15
2838 798 2988 2989 15
799 2839 2989 798 15
798 2839 2989 2838 15
2839 799 2989 2990 15
800 2840 2990 799 15
799 2840 2990 2839 15
2840 800 2990 2991 15
801 2841 2991 800 15
800 2841 2991 2840 15
2841 801 2991 2992 15
802 2842 2992 801 15
801 2842 2992 2841 15
2842 802 2992 2993 15
803 2843 2993 802 15
802 2843 2993 2842 15
2843 803 2993 2994 15
804 2844 2994 803 15
803 2844 2994 2843 15
2844 804 2994 2995 15
805 2845 2995 804 15
804 2845 2995 2844 15
2845 805 2995 2996 15
806 2846 2996 805 15
805 2846 2996 2845 15
2846 806 2996 2997 15
807 2847 2997 806 15
806 2847 2997 2846 15
2847 807 2997 2998 15
808 2848 2998 807 15
807 2848 2998 2847 15
2848 808 2998 2999 15
809 2849 2999 808 15
808 2849 2999 2848 15
2849 809 2999 1105 15
135 1095 1105 809 15
809 1095 1105 2849 15
375 385 376 2850 15
2985 2835 2850 375 15
385 375 2985 2850 15
2835 2985 2850 2851 15
2986 2836 2851 2835 15
2985 2835 2986 2851 15
2836 2986 2851 2852 15
2987 2837 2852 2836 15
2986 2836 2987 2852 15
2837 2987 2852 2853 15
2988 2838 2853 2837 15
2987 2837 2988 2853 15
2838 2988 2853 2854 15
2989 2839 2854 2838 15
2988 2838 2989 2854 15
2839 2989 2854 2855 15
2990 2840 2855 2839 15
2989 2839 2990 2855 15
2840 2990 2855 2856 15
2991 2841 2856 2840 15
2990 2840 2991 2856 15
2841 2991 2856 2857 15
2992 2842 2857 2841 15
2991 2841 2992 2857 15
2842 2992 2857 2858 15
2993 2843 2858 2842 15
2992 2842 2993 2858 15
2843 2993 2858 2859 15
2994 2844 2859 2843 15
2993 2843 2994 2859 15
2844 2994 2859 2860 15
2995 2845 2860 2844 15
2994 2844 2995 2860 15
2845 2995 2860 2861 15
2996 2846 2861 2845 15
2995 2845 2996 2861 15
2846 2996 2861 2862 15
2997 2847 2862 2846 15
2996 2846 2997 2862 15
2847 2997 2862 2863 15
2998 2848 2863 2847 15
2997 2847 2998 2863 15
2848 2998 2863 2864 15
2999 2849 2864 2848 15
2998 2848 2999 2864 15
2849 2999 2864 1096 15
1105 1095 1096 2849 15
2999 2849 1105 1096 15
376 385 386 3000 15
2985 2850 3000 385 15
385 2850 3000 376 15
2850 2985 3000 3001 15
2986 2851 3001 2985 15
2985 2851 3001 2850 15
2851 2986 3001 3002 15
2987 2852 3002 2986 15
2986 2852 3002 2851 15
2852 2987 3002 3003 15
2988 2853 3003 2987 15
2987 2853 3003 2852 15
2853 2988 3003 3004 15
2989 2854 3004 2988 15
2988 2854 3004 2853 15
2854 2989 3004 3005 15
2990 2855 3005 2989 15
2989 2855 3005 2854 15
2855 2990 3005 3006 15
2991 2856 3006 2990 15
2990 2856 3006 2855 15
2856 2991 3006 3007 15
2992 2857 3007 2991 15
2991 2857 3007 2856 15
2857 2992 3007 3008 15
2993 2858 3008 2992 15
2992 2858 3008 2857 15
2858 2993 3008 3009 15
2994 2859 3009 2993 15
2993 2859 3009 2858 15
2859 2994 3009 3010 15
2995 2860 3010 2994 15
2994 2860 3010 2859 15
2860 2995 3010 3011 15
2996 2861 3011 2995 15
2995 2861 3011 2860 15
2861 2996 3011 3012 15
2997 2862 3012 2996 15
2996 2862 3012 2861 15
2862 2997 3012 3013 15
2998 2863 3013 2997 15
2997 2863 3013 2862 15
2863 2998 3013 3014 15
2999 2864 3014 2998 15
2998 2864 3014 2863 15
2864 2999 3014 1106 15
1105 1096 1106 2999 15
2999 1096 1106 2864 15
376 386 377 2865 15
3000 2850 2865 376 15
386 376 3000 2865 15
2850 3000 2865 2866 15
3001 2851 2866 2850 15
3000 2850 3001 2866 15
2851 3001 2866 2867 15
3002 2852 2867 2851 15
3001 2851 3002 2867 15
2852 3002 2867 2868 15
3003 2853 2868 2852 15
3002 2852 3003 2868 15
2853 3003 2868 2869 15
3004 2854 2869 2853 15
3003 2853 3004 2869 15
2854 3004 2869 2870 15
3005 2855 2870 2854 15
3004 2854 3005 2870 15
2855 3005 2870 2871 15
3006 2856 2871 2855 15
3005 2855 3006 2871 15
2856 3006 2871 2872 15
3007 2857 2872 2856 15
3006 2856 3007 2872 15
2857 3007 2872 2873 15
3008 2858 2873 2857 15
3007 2857 3008 2873 15
2858 3008 2873 2874 15
3009 2859 2874 2858 15
3008 2858 3009 2874 15
2859 3009 2874 2875 15
3010 2860 2875 2859 15
3009 2859 3010 2875 15
2860 3010 2875 2876 15
3011 2861 2876 2860 15
3010 2860 3011 2876 15
2861 3011 2876 2877 15
3012 2862 2877 2861 15
3011 2861 3012 2877 15
2862 3012 2877 2878 15
3013 2863 2878 2862 15
3012 2862 3013 2878 15
2863 3013 2878 2879 15
3014 2864 2879 2863 15
3013 2863 3014 2879 15
2864 3014 2879 1097 15
1106 1096 1097 2864 15
3014 2864 1106 1097 15
377 386 387 3015 15
3000 2865 3015 386 15
386 2865 3015 377 15
2865 3000 3015 3016 15
3001 2866 3016 3000 15
3000 2866 3016 2865 15
2866 3001 3016 3017 15
3002 2867 3017 3001 15
3001 2867 3017 2866 15
2867 3002 3017 3018 15
3003 2868 3018 3002 15
3002 2868 3018 2867 15
2868 3003 3018 3019 15
3004 2869 3019 3003 15
3003 2869 3019 2868 15
2869 3004 3019 3020 15
3005 2870 3020 3004 15
3004 2870 3020 2869 15
2870 3005 3020 3021 15
3006 2871 3021 3005 15
3005 2871 3021 2870 15
2871 3006 3021 3022 15
3007 2872 3022 3006 15
3006 2872 3022 2871 15
2872 3007 3022 3023 15
3008 2873 3023 3007 15
3007 2873 3023 2872 15
2873 3008 3023 3024 15
3009 2874 3024 3008 15
3008 2874 3024 2873 15
2874 3009 3024 3025 15
3010 2875 3025 3009 15
3009 2875 3025 2874 15
2875 3010 3025 3026 15
3011 2876 3026 3010 15
3010 2876 3026 2875 15
2876 3011 3026 3027 15
3012 2877 3027 3011 15
3011 2877 3027 2876 15
2877 3012 3027 3028 15
3013 2878 3028 3012 15
3012 2878 3028 2877 15
2878 3013 3028 3029 15
3014 2879 3029 3013 15
3013 2879 3029 2878 15
2879 3014 3029 1107 15
1106 1097 1107 3014 15
3014 1097 1107 2879 15
377 387 378 2880 15
3015 2865 2880 377 15
387 377 3015 2880 15
2865 3015 2880 2881 15
3016 2866 2881 2865 15
3015 2865 3016 2881 15
2866 3016 2881 2882 15
3017 2867 2882 2866 15
3016 2866 3017 2882 15
2867 3017 2882 2883 15
3018 2868 2883 2867 15
3017 2867 3018 2883 15
2868 3018 2883 2884 15
3019 2869 2884 2868 15
3018 2868 3019 2884 15
2869 3019 2884 2885 15
3020 2870 2885 2869 15
3019 2869 3020 2885 15
2870 3020 2885 2886 15
3021 2871 2886 2870 15
3020 2870 3021 2886 15
2871 3021 2886 2887 15
3022 2872 2887 2871 15
3021 2871 3022 2887 15
2872 3022 2887 2888 15
3023 2873 2888 2872 15
3022 2872 3023 2888 15
2873 3023 2888 2889 15
3024 2874 2889 2873 15
3023 2873 3024 2889 15
2874 3024 2889 2890 15
3025 2875 2890 2874 15
3024 2874 3025 2890 15
2875 3025 2890 2891 15
3026 2876 2891 2875 15
3025 2875 3026 2891 15
2876 3026 2891 2892 15
3027 2877 2892 2876 15
3026 2876 3027 2892 15
2877 3027 2892 2893 15
3028 2878 2893 2877 15
3027 2877 3028 2893 15
2878 3028 2893 2894 15
3029 2879 2894 2878 15
3028 2878 3029 2894 15
2879 3029 2894 1098 15
1107 1097 1098 2879 15
3029 2879 1107 1098 15
378 387 388 3030 15
3015 2880 3030 387 15
387 2880 3030 378 15
2880 3015 3030 3031 15
3016 2881 3031 3015 15
3015 2881 3031 2880 15
2881 3016 3031 3032 15
3017 2882 3032 3016 15
3016 2882 3032 2881 15
2882 3017 3032 3033 15
3018 2883 3033 3017 15
3017 2883 3033 2882 15
2883 3018 3033 3034 15
3019 2884 3034 3018 15
3018 2884 3034 2883 15
2884 3019 3034 3035 15
3020 2885 3035 3019 15
3019 2885 3035 2884 15
2885 3020 3035 3036 15
3021 2886 3036 3020 15
3020 2886 3036 2885 15
2886 3021 3036 3037 15
3022 2887 3037 3021 15
3021 2887 3037 2886 15
2887 3022 3037 3038 15
3023 2888 3038 3022 15
3022 2888 3038 2887 15
2888 3023 3038 3039 15
3024 2889 3039 3023 15
3023 2889 3039 2888 15
2889 3024 3039 3040 15
3025 2890 3040 3024 15
3024 2890 3040 2889 15
2890 3025 3040 3041 15
3026 2891 3041 3025 15
3025 2891 3041 2890 15
2891 3026 3041 3042 15
3027 2892 3042 3026 15
3026 2892 3042 2891 15
2892 3027 3042 3043 15
3028 2893 3043 3027 15
3027 2893 3043 2892 15
2893 3028 3043 3044 15
3029 2894 3044 3028 15
3028 2894 3044 2893 15
2894 3029 3044 1108 15
1107 1098 1108 3029 15
3029 1098 1108 2894 15
378 388 379 2895 15
3030 2880 2895 378 15
388 378 3030 2895 15
2880 3030 2895 2896 15
3031 2881 2896 2880 15
3030 2880 3031 2896 15
2881 3031 2896 2897 15
3032 2882 2897 2881 15
3031 2881 3032 2897 15
2882 3032 2897 2898 15
3033 2883 2898 2882 15
3032 2882 3033 2898 15
2883 3033 2898 2899 15
3034 2884 2899 2883 15
3033 2883 3034 2899 15
2884 3034 2899 2900 15
3035 2885 2900 2884 15
3034 2884 3035 2900 15
2885 3035 2900 2901 15
3036 2886 2901 2885 15
3035 2885 3036 2901 15
2886 3036 2901 2902 15
3037 2887 2902 2886 15
3036 2886 3037 2902 15
2887 3037 2902 2903 15
3038 2888 2903 2887 15
3037 2887 3038 2903 15
2888 3038 2903 2904 15
3039 2889 2904 2888 15
3038 2888 3039 2904 15
2889 3039 2904 2905 15
3040 2890 2905 2889 15
3039 2889 3040 2905 15
2890 3040 2905 2906 15
3041 2891 2906 2890 15
3040 2890 3041 2906 15
2891 3041 2906 2907 15
3042 2892 2907 2891 15
3041 2891 3042 2907 15
2892 3042 2907 2908 15
3043 2893 2908 2892 15
3042 2892 3043 2908 15
2893 3043 2908 2909 15
3044 2894 2909 2893 15
3043 2893 3044 2909 15
2894 3044 2909 1099 15
1108 1098 1099 2894 15
3044 2894 1108 1099 15
379 388 389 3045 15
3030 2895 3045 388 15
388 2895 3045 379 15
2895 3030 3045 3046 15
3031 2896 3046 3030 15
3030 2896 3046 2895 15
2896 3031 3046 3047 15
3032 2897 3047 3031 15
3031 2897 3047 2896 15
2897 3032 3047 3048 15
3033 2898 3048 3032 15
3032 2898 3048 2897 15
2898 3033 3048 3049 15
3034 2899 3049 3033 15
3033 2899 3049 2898 15
2899 3034 3049 3050 15
3035 2900 3050 3034 15
3034 2900 3050 2899 15
2900 3035 3050 3051 15
3036 2901 3051 3035 15
3035 2901 3051 2900 15
2901 3036 3051 3052 15
3037 2902 3052 3036 15
3036 2902 3052 2901 15
2902 3037 3052 3053 15
3038 2903 3053 3037 15
3037 2903 3053 2902 15
2903 3038 3053 3054 15
3039 2904 3054 3038 15
3038 2904 3054 2903 15
2904 3039 3054 3055 15
3040 2905 3055 3039 15
3039 2905 3055 2904 15
2905 3040 3055 3056 15
3041 2906 3056 3040 15
3040 2906 3056 2905 15
2906 3041 3056 3057 15
3042 2907 3057 3041 15
3041 2907 3057 2906 15
2907 3042 3057 3058 15
3043 2908 3058 3042 15
3042 2908 3058 2907 15
2908 3043 3058 3059 15
3044 2909 3059 3043 15
3043 2909 3059 2908 15
2909 3044 3059 1109 15
1108 1099 1109 3044 15
3044 1099 1109 2909 15
379 389 380 2910 15
3045 2895 2910 379 15
389 379 3045 2910 15
2895 3045 2910 2911 15
3046 2896 2911 2895 15
3045 2895 3046 2911 15
2896 3046 2911 2912 15
3047 2897 2912 2896 15
3046 2896 3047 2912 15
2897 3047 2912 2913 15
3048 2898 2913 2897 15
3047 2897 3048 2913 15
2898 3048 2913 2914 15
3049 2899 2914 2898 15
3048 2898 3049 2914 15
2899 3049 2914 2915 15
3050 2900 2915 2899 15
3049 2899 3050 2915 15
2900 3050 2915 2916 15
3051 2901 2916 2900 15
3050 2900 3051 2916 15
2901 3051 2916 2917 15
3052 2902 2917 2901 15
3051 2901 3052 2917 15
2902 3052 2917 2918 15
3053 2903 2918 2902 15
3052 2902 3053 2918 15
2903 3053 2918 2919 15
3054 2904 2919 2903 15
3053 2903 3054 2919 15
2904 3054 2919 2920 15
3055 2905 2920 2904 15
3054 2904 3055 2920 15
2905 3055 2920 2921 15
3056 2906 2921 2905 15
3055 2905 3056 2921 15
2906 3056 2921 2922 15
3057 2907 2922 2906 15
3056 2906 3057 2922 15
2907 3057 2922 2923 15
3058 2908 2923 2907 15
3057 2907 3058 2923 15
2908 3058 2923 2924 15
3059 2909 2924 2908 15
3058 2908 3059 2924 15
2909 3059 2924 1100 15
1109 1099 1100 2909 15
3059 2909 1109 1100 15
380 389 390 3060 15
3045 2910 3060 389 15
389 2910 3060 380 15
2910 3045 3060 3061 15
3046 2911 3061 3045 15
3045 2911 3061 2910 15
2911 3046 3061 3062 15
3047 2912 3062 3046 15
3046 2912 3062 2911 15
2912 3047 3062 3063 15
3048 2913 3063 3047 15
3047 2913 3063 2912 15
2913 3048 3063 3064 15
3049 2914 3064 3048 15
3048 2914 3064 2913 15
2914 3049 3064 3065 15
3050 2915 3065 3049 15
3049 2915 3065 2914 15
2915 3050 3065 3066 15
3051 2916 3066 3050 15
3050 2916 3066 2915 15
2916 3051 3066 3067 15
3052 2917 3067 3051 15
3051 2917 3067 2916 15
2917 3052 3067 3068 15
3053 2918 3068 3052 15
3052 2918 3068 2917 15
2918 3053 3068 3069 15
3054 2919 3069 3053 15
3053 2919 3069 2918 15
2919 3054 3069 3070 15
3055 2920 3070 3054 15
3054 2920 3070 2919 15
2920 3055 3070 3071 15
3056 2921 3071 3055 15
3055 2921 3071 2920 15
2921 3056 3071 3072 15
3057 2922 3072 3056 15
3056 2922 3072 2921 15
2922 3057 3072 3073 15
3058 2923 3073 3057 15
3057 2923 3073 2922 15
2923 3058 3073 3074 15
3059 2924 3074 3058 15
3058 2924 3074 2923 15
2924 3059 3074 1110 15
1109 1100 1110 3059 15
3059 1100 1110 2924 15
380 390 381 2925 15
3060 2910 2925 380 15
390 380 3060 2925 15
2910 3060 2925 2926 15
3061 2911 2926 2910 15
3060 2910 3061 2926 15
2911 3061 2926 2927 15
3062 2912 2927 2911 15
3061 2911 3062 2927 15
2912 3062 2927 2928 15
3063 2913 2928 2912 15
3062 2912 3063 2928 15
2913 3063 2928 2929 15
3064 2914 2929 2913 15
3063 2913 3064 2929 15
2914 3064 2929 2930 15
3065 2915 2930 2914 15
3064 2914 3065 2930 15
2915 3065 2930 2931 15
3066 2916 2931 2915 15
3065 2915 3066 2931 15
2916 3066 2931 2932 15
3067 2917 2932 2916 15
3066 2916 3067 2932 15
2917 3067 2932 2933 15
3068 2918 2933 2917 15
3067 2917 3068 2933 15
2918 3068 2933 2934 15
3069 2919 2934 2918 15
3068 2918 3069 2934 15
2919 3069 2934 2935 15
3070 2920 2935 2919 15
3069 2919 3070 2935 15
2920 3070 2935 2936 15
3071 2921 2936 2920 15
3070 2920 3071 2936 15
2921 3071 2936 2937 15
3072 2922 2937 2921 15
3071 2921 3072 2937 15
2922 3072 2937 2938 15
3073 2923 2938 2922 15
3072 2922 3073 2938 15
2923 3073 2938 2939 15
3074 2924 2939 2923 15
3073 2923 3074 2939 15
2924 3074 2939 1101 15
1110 1100 1101 2924 15
3074 2924 1110 1101 15
381 390 391 3075 15
3060 2925 3075 390 15
390 2925 3075 381 15
2925 3060 3075 3076 15
3061 2926 3076 3060 15
3060 2926 3076 2925 15
2926 3061 3076 3077 15
3062 2927 3077 3061 15
3061 2927 3077 2926 15
2927 3062 3077 3078 15
3063 2928 3078 3062 15
3062 2928 3078 2927 15
2928 3063 3078 3079 15
3064 2929 3079 3063 15
3063 2929 3079 2928 15
2929 3064 3079 3080 15
3065 2930 3080 3064 15
3064 2930 3080 2929 15
2930 3065 3080 3081 15
3066 2931 3081 3065 15
3065 2931 3081 2930 15
2931 3066 3081 3082 15
3067 2932 3082 3066 15
3066 2932 3082 2931 15
2932 3067 3082 3083 15
3068 2933 3083 3067 15
3067 2933 3083 2932 15
2933 3068 3083 3084 15
3069 2934 3084 3068 15
3068 2934 3084 2933 15
2934 3069 3084 3085 15
3070 2935 3085 3069 15
3069 2935 3085 2934 15
2935 3070 3085 3086 15
3071 2936 3086 3070 15
3070 2936 3086 2935 15
2936 3071 3086 3087 15
3072 2937 3087 3071 15
3071 2937 3087 2936 15
2937 3072 3087 3088 15
3073 2938 3088 3072 15
3072 2938 3088 2937 15
2938 3073 3088 3089 15
3074 2939 3089 3073 15
3073 2939 3089 2938 15
2939 3074 3089 1111 15
1110 1101 1111 3074 15
3074 1101 1111 2939 15
381 391 382 2940 15
3075 2925 2940 381 15
391 381 3075 2940 15
2925 3075 2940 2941 15
3076 2926 2941 2925 15
3075 2925 3076 2941 15
2926 3076 2941 2942 15
3077 2927 2942 2926 15
3076 2926 3077 2942 15
2927 3077 2942 2943 15
3078 2928 2943 2927 15
3077 2927 3078 2943 15
2928 3078 2943 2944 15
3079 2929 2944 2928 15
3078 2928 3079 2944 15
2929 3079 2944 2945 15
3080 2930 2945 2929 15
3079 2929 3080 2945 15
2930 3080 2945 2946 15
3081 2931 2946 2930 15
3080 2930 3081 2946 15
2931 3081 2946 2947 15
3082 2932 2947 2931 15
3081 2931 3082 2947 15
2932 3082 2947 2948 15
3083 2933 2948 2932 15
3082 2932 3083 2948 15
2933 3083 2948 2949 15
3084 2934 2949 2933 15
3083 2933 3084 2949 15
2934 3084 2949 2950 15
3085 2935 2950 2934 15
3084 2934 3085 2950 15
2935 3085 2950 2951 15
3086 2936 2951 2935 15
3085 2935 3086 2951 15
2936 3086 2951 2952 15
3087 2937 2952 2936 15
3086 2936 3087 2952 15
2937 3087 2952 2953 15
3088 2938 2953 2937 15
3087 2937 3088 2953 15
2938 3088 2953 2954 15
3089 2939 2954 2938 15
3088 2938 3089 2954 15
2939 3089 2954 1102 15
1111 1101 1102 2939 15
3089 2939 1111 1102 15
382 391 392 3090 15
3075 2940 3090 391 15
391 2940 3090 382 15
2940 3075 3090 3091 15
3076 2941 3091 3075 15
3075 2941 3091 2940 15
2941 3076 3091 3092 15
3077 2942 3092 3076 15
3076 2942 3092 2941 15
2942 3077 3092 3093 15
3078 2943 3093 3077 15
3077 2943 3093 2942 15
2943 3078 3093 3094 15
3079 2944 3094 3078 15
3078 2944 3094 2943 15
2944 3079 3094 3095 15
3080 2945 3095 3079 15
3079 2945 3095 2944 15
2945 3080 3095 3096 15
3081 2946 3096 3080 15
3080 2946 3096 2945 15
2946 3081 3096 3097 15
3082 2947 3097 3081 15
3081 2947 3097 2946 15
2947 3082 3097 3098 15
3083 2948 3098 3082 15
3082 2948 3098 2947 15
2948 3083 3098 3099 15
3084 2949 3099 3083 15
3083 2949 3099 2948 15
2949 3084 3099 3100 15
3085 2950 3100 3084 15
3084 2950 3100 2949 15
2950 3085 3100 3101 15
3086 2951 3101 3085 15
3085 2951 3101 2950 15
2951 3086 3101 3102 15
3087 2952 3102 3086 15
3086 2952 3102 2951 15
2952 3087 3102 3103 15
3088 2953 3103 3087 15
3087 2953 3103 2952 15
2953 3088 3103 3104 15
3089 2954 3104 3088 15
3088 2954 3104 2953 15
2954 3089 3104 1112 15
1111 1102 1112 3089 15
3089 1102 1112 2954 15
382 392 383 2955 15
3090 2940 2955 382 15
392 382 3090 2955 15
2940 3090 2955 2956 15
3091 2941 2956 2940 15
3090 2940 3091 2956 15
2941 3091 2956 2957 15
3092 2942 2957 2941 15
3091 2941 3092 2957 15
2942 3092 2957 2958 15
3093 2943 2958 2942 15
3092 2942 3093 2958 15
2943 3093 2958 2959 15
3094 2944 2959 2943 15
3093 2943 3094 2959 15
2944 3094 2959 2960 15
3095 2945 2960 2944 15
3094 2944 3095 2960 15
2945 3095 2960 2961 15
3096 2946 2961 2945 15
3095 2945 3096 2961 15
2946 3096 2961 2962 15
3097 2947 2962 2946 15
3096 2946 3097 2962 15
2947 3097 2962 2963 15
3098 2948 2963 2947 15
3097 2947 3098 2963 15
2948 3098 2963 2964 15
3099 2949 2964 2948 15
3098 2948 3099 2964 15
2949 3099 2964 2965 15
3100 2950 2965 2949 15
3099 2949 3100 2965 15
2950 3100 2965 2966 15
3101 2951 2966 2950 15
3100 2950 3101 2966 15
2951 3101 2966 2967 15
3102 2952 2967 2951 15
3101 2951 3102 2967 15
2952 3102 2967 2968 15
3103 2953 2968 2952 15
3102 2952 3103 2968 15
2953 3103 2968 2969 15
3104 2954 2969 2953 15
3103 2953 3104 2969 15
2954 3104 2969 1103 15
1112 1102 1103 2954 15
3104 2954 1112 1103 15
383 392 393 3105 15
3090 2955 3105 392 15
392 2955 3105 383 15
2955 3090 3105 3106 15
3091 2956 3106 3090 15
3090 2956 3106 2955 15
2956 3091 3106 3107 15
3092 2957 3107 3091 15
3091 2957 3107 2956 15
2957 3092 3107 3108 15
3093 2958 3108 3092 15
3092 2958 3108 2957 15
2958 3093 3108 3109 15
3094 2959 3109 3093 15
3093 2959 3109 2958 15
2959 3094 3109 3110 15
3095 2960 3110 3094 15
3094 2960 3110 2959 15
2960 3095 3110 3111 15
3096 2961 3111 3095 15
3095 2961 3111 2960 15
2961 3096 3111 3112 15
3097 2962 3112 3096 15
3096 2962 3112 2961 15
2962 3097 3112 3113 15
3098 2963 3113 3097 15
3097 2963 3113 2962 15
2963 3098 3113 3114 15
3099 2964 3114 3098 15
3098 2964 3114 2963 15
2964 3099 3114 3115 15
3100 2965 3115 3099 15
3099 2965 3115 2964 15
2965 3100 3115 3116 15
3101 2966 3116 3100 15
3100 2966 3116 2965 15
2966 3101 3116 3117 15
3102 2967 3117 3101 15
3101 2967 3117 2966 15
2967 3102 3117 3118 15
3103 2968 3118 3102 15
3102 2968 3118 2967 15
2968 3103 3118 3119 15
3104 2969 3119 3103 15
3103 2969 3119 2968 15
2969 3104 3119 1113 15
1112 1103 1113 3104 15
3104 1103 1113 2969 15
383 393 384 2970 15
3105 2955 2970 383 15
393 383 3105 2970 15
2955 3105 2970 2971 15
3106 2956 2971 2955 15
3105 2955 3106 2971 15
2956 3106 2971 2972 15
3107 2957 2972 2956 15
3106 2956 3107 2972 15
2957 3107 2972 2973 15
3108 2958 2973 2957 15
3107 2957 3108 2973 15
2958 3108 2973 2974 15
3109 2959 2974 2958 15
3108 2958 3109 2974 15
2959 3109 2974 2975 15
3110 2960 2975 2959 15
3109 2959 3110 2975 15
2960 3110 2975 2976 15
3111 2961 2976 2960 15
3110 2960 3111 2976 15
2961 3111 2976 2977 15
3112 2962 2977 2961 15
3111 2961 3112 2977 15
2962 3112 2977 2978 15
3113 2963 2978 2962 15
3112 2962 3113 2978 15
2963 3113 2978 2979 15
3114 2964 2979 2963 15
3113 2963 3114 2979 15
2964 3114 2979 2980 15
3115 2965 2980 2964 15
3114 2964 3115 2980 15
2965 3115 2980 2981 15
3116 2966 2981 2965 15
3115 2965 3116 2981 15
2966 3116 2981 2982 15
3117 2967 2982 2966 15
3116 2966 3117 2982 15
2967 3117 2982 2983 15
3118 2968 2983 2967 15
3117 2967 3118 2983 15
2968 3118 2983 2984 15
3119 2969 2984 2968 15
3118 2968 3119 2984 15
2969 3119 2984 1104 15
1113 1103 1104 2969 15
3119 2969 1113 1104 15
384 393 394 3120 15
3105 2970 3120 393 15
393 2970 3120 384 15
2970 3105 3120 3121 15
3106 2971 3121 3105 15
3105 2971 3121 2970 15
2971 3106 3121 3122 15
3107 2972 3122 3106 15
3106 2972 3122 2971 15
2972 3107 3122 3123 15
3108 2973 3123 3107 15
3107 2973 3123 2972 15
2973 3108 3123 3124 15
3109 2974 3124 3108 15
3108 2974 3124 2973 15
2974 3109 3124 3125 15
3110 2975 3125 3109 15
3109 2975 3125 2974 15
2975 3110 3125 3126 15
3111 2976 3126 3110 15
3110 2976 3126 2975 15
2976 3111 3126 3127 15
3112 2977 3127 3111 15
3111 2977 3127 2976 15
2977 3112 3127 3128 15
3113 2978 3128 3112 15
3112 2978 3128 2977 15
2978 3113 3128 3129 15
3114 2979 3129 3113 15
3113 2979 3129 2978 15
2979 3114 3129 3130 15
3115 2980 3130 3114 15
3114 2980 3130 2979 15
2980 3115 3130 3131 15
3116 2981 3131 3115 15
3115 2981 3131 2980 15
2981 3116 3131 3132 15
3117 2982 3132 3116 15
3116 2982 3132 2981 15
2982 3117 3132 3133 15
3118 2983 3133 3117 15
3117 2983 3133 2982 15
2983 3118 3133 3134 15
3119 2984 3134 3118 15
3118 2984 3134 2983 15
2984 3119 3134 1114 15
1113 1104 1114 3119 15
3119 1104 1114 2984 15
384 394 106 1020 15
3120 2970 1020 384 15
394 384 3120 1020 15
2970 3120 1020 1021 15
3121 2971 1021 2970 15
3120 2970 3121 1021 15
2971 3121 1021 1022 15
3122 2972 1022 2971 15
3121 2971 3122 1022 15
2972 3122 1022 1023 15
3123 2973 1023 2972 15
3122 2972 3123 1023 15
2973 3123 1023 1024 15
3124 2974 1024 2973 15
3123 2973 3124 1024 15
2974 3124 1024 1025 15
3125 2975 1025 2974 15
3124 2974 3125 1025 15
2975 3125 1025 1026 15
3126 2976 1026 2975 15
3125 2975 3126 1026 15
2976 3126 1026 1027 15
3127 2977 1027 2976 15
3126 2976 3127 1027 15
2977 3127 1027 1028 15
3128 2978 1028 2977 15
3127 2977 3128 1028 15
2978 3128 1028 1029 15
3129 2979 1029 2978 15
3128 2978 3129 1029 15
2979 3129 1029 1030 15
3130 2980 1030 2979 15
3129 2979 3130 1030 15
2980 3130 1030 1031 15
3131 2981 1031 2980 15
3130 2980 3131 1031 15
2981 3131 1031 1032 15
3132 2982 1032 2981 15
3131 2981 3132 1032 15
2982 3132 1032 1033 15
3133 2983 1033 2982 15
3132 2982 3133 1033 15
2983 3133 1033 1034 15
3134 2984 1034 2983 15
3133 2983 3134 1034 15
2984 3134 1034 149 15
1114 1104 149 2984 15
3134 2984 1114 149 15
106 394 107 1035 15
3120 1020 1035 394 15
394 1020 1035 106 15
1020 3120 1035 1036 15
3121 1021 1036 3120 15
3120 1021 1036 1020 15
1021 3121 1036 1037 15
3122 1022 1037 3121 15
3121 1022 1037 1021 15
1022 3122 1037 1038 15
3123 1023 1038 3122 15
3122 1023 1038 1022 15
1023 3123 1038 1039 15
3124 1024 1039 3123 15
3123 1024 1039 1023 15
1024 3124 1039 1040 15
3125 1025 1040 3124 15
3124 1025 1040 1024 15
1025 3125 1040 1041 15
3126 1026 1041 3125 15
3125 1026 1041 1025 15
1026 3126 1041 1042 15
3127 1027 1042 3126 15
3126 1027 1042 1026 15
1027 3127 1042 1043 15
3128 1028 1043 3127 15
3127 1028 1043 1027 15
1028 3128 1043 1044 15
3129 1029 1044 3128 15
3128 1029 1044 1028 15
1029 3129 1044 1045 15
3130 1030 1045 3129 15
3129 1030 1045 1029 15
1030 3130 1045 1046 15
3131 1031 1046 3130 15
3130 1031 1046 1030 15
1031 3131 1046 1047 15
3132 1032 1047 3131 15
3131 1032 1047 1031 15
1032 3132 1047 1048 15
3133 1033 1048 3132 15
3132 1033 1048 1032 15
1033 3133 1048 1049 15
3134 1034 1049 3133 15
3133 1034 1049 1033 15
1034 3134 1049 148 15
1114 149 148 3134 15
3134 149 148 1034 15
101 102 385 2985 15
810 795 2985 102 15
102 795 2985 101 15
795 810 2985 2986 15
811 796 2986 810 15
810 796 2986 795 15
796 811 2986 2987 15
812 797 2987 811 15
811 797 2987 796 15
797 812 2987 2988 15
813 798 2988 812 15
812 798 2988 797 15
798 813 2988 2989 15
814 799 2989 813 15
813 799 2989 798 15
799 814 2989 2990 15
815 800 2990 814 15
814 800 2990 799 15
800 815 2990 2991 15
816 801 2991 815 15
815 801 2991 800 15
801 816 2991 2992 15
817 802 2992 816 15
816 802 2992 801 15
802 817 2992 2993 15
818 803 2993 817 15
817 803 2993 802 15
803 818 2993 2994 15
819 804 2994 818 15
818 804 2994 803 15
804 819 2994 2995 15
820 805 2995 819 15
819 805 2995 804 15
805 820 2995 2996 15
821 806 2996 820 15
820 806 2996 805 15
806 821 2996 2997 15
822 807 2997 821 15
821 807 2997 806 15
807 822 2997 2998 15
823 808 2998 822 15
822 808 2998 807 15
808 823 2998 2999 15
824 809 2999 823 15
823 809 2999 808 15
809 824 2999 1105 15
136 135 1105 824 15
824 135 1105 809 15
385 102 395 3135 15
810 2985 3135 102 15
102 2985 3135 385 15
2985 810 3135 3136 15
811 2986 3136 810 15
810 2986 3136 2985 15
2986 811 3136 3137 15
812 2987 3137 811 15
811 2987 3137 2986 15
2987 812 3137 3138 15
813 2988 3138 812 15
812 2988 3138 2987 15
2988 813 3138 3139 15
814 2989 3139 813 15
813 2989 3139 2988 15
2989 814 3139 3140 15
815 2990 3140 814 15
814 2990 3140 2989 15
2990 815 3140 3141 15
816 2991 3141 815 15
815 2991 3141 2990 15
2991 816 3141 3142 15
817 2992 3142 816 15
816 2992 3142 2991 15
2992 817 3142 3143 15
818 2993 3143 817 15
817 2993 3143 2992 15
2993 818 3143 3144 15
819 2994 3144 818 15
818 2994 3144 2993 15
2994 819 3144 3145 15
820 2995 3145 819 15
819 2995 3145 2994 15
2995 820 3145 3146 15
821 2996 3146 820 15
820 2996 3146 2995 15
2996 821 3146 3147 15
822 2997 3147 821 15
821 2997 3147 2996 15
2997 822 3147 3148 15
823 2998 3148 822 15
822 2998 3148 2997 15
2998 823 3148 3149 15
824 2999 3149 823 15
823 2999 3149 2998 15
2999 824 3149 1115 15
136 1105 1115 824 15
824 1105 1115 2999 15
385 395 386 3000 15
3135 2985 3000 385 15
395 385 3135 3000 15
2985 3135 3000 3001 15
3136 2986 3001 2985 15
3135 2985 3136 3001 15
2986 3136 3001 3002 15
3137 2987 3002 2986 15
3136 2986 3137 3002 15
2987 3137 3002 3003 15
3138 2988 3003 2987 15
3137 2987 3138 3003 15
2988 3138 3003 3004 15
3139 2989 3004 2988 15
3138 2988 3139 3004 15
2989 3139 3004 3005 15
3140 2990 3005 2989 15
3139 2989 3140 3005 15
2990 3140 3005 3006 15
3141 2991 3006 2990 15
3140 2990 3141 3006 15
2991 3141 3006 3007 15
3142 2992 3007 2991 15
3141 2991 3142 3007 15
2992 3142 3007 3008 15
3143 2993 3008 2992 15
3142 2992 3143 3008 15
2993 3143 3008 3009 15
3144 2994 3009 2993 15
3143 2993 3144 3009 15
2994 3144 3009 3010 15
3145 2995 3010 2994 15
3144 2994 3145 3010 15
2995 3145 3010 3011 15
3146 2996 3011 2995 15
3145 2995 3146 3011 15
2996 3146 3011 3012 15
3147 2997 3012 2996 15
3146 2996 3147 3012 15
2997 3147 3012 3013 15
3148 2998 3013 2997 15
3147 2997 3148 3013 15
2998 3148 3013 3014 15
3149 2999 3014 2998 15
3148 2998 3149 3014 15
2999 3149 3014 1106 15
1115 1105 1106 2999 15
3149 2999 1115 1106 15
386 395 396 3150 15
3135 3000 3150 395 15
395 3000 3150 386 15
3000 3135 3150 3151 15
3136 3001 3151 3135 15
3135 3001 3151 3000 15
3001 3136 3151 3152 15
3137 3002 3152 3136 15
3136 3002 3152 3001 15
3002 3137 3152 3153 15
3138 3003 3153 3137 15
3137 3003 3153 3002 15
3003 3138 3153 3154 15
3139 3004 3154 3138 15
3138 3004 3154 3003 15
3004 3139 3154 3155 15
3140 3005 3155 3139 15
3139 3005 3155 3004 15
3005 3140 3155 3156 15
3141 3006 3156 3140 15
3140 3006 3156 3005 15
3006 3141 3156 3157 15
3142 3007 3157 3141 15
3141 3007 3157 3006 15
3007 3142 3157 3158 15
3143 3008 3158 3142 15
3142 3008 3158 3007 15
3008 3143 3158 3159 15
3144 3009 3159 3143 15
3143 3009 3159 3008 15
3009 3144 3159 3160 15
3145 3010 3160 3144 15
3144 3010 3160 3009 15
3010 3145 3160 3161 15
3146 3011 3161 3145 15
3145 3011 3161 3010 15
3011 3146 3161 3162 15
3147 3012 3162 3146 15
3146 3012 3162 3011 15
3012 3147 3162 3163 15
3148 3013 3163 3147 15
3147 3013 3163 3012 15
3013 3148 3163 3164 15
3149 3014 3164 3148 15
3148 3014 3164 3013 15
3014 3149 3164 1116 15
1115 1106 1116 3149 15
3149 1106 1116 3014 15
386 396 387 3015 15
3150 3000 3015 386 15
396 386 3150 3015 15
3000 3150 3015 3016 15
3151 3001 3016 3000 15
3150 3000 3151 3016 15
3001 3151 3016 3017 15
3152 3002 3017 3001 15
3151 3001 3152 3017 15
3002 3152 3017 3018 15
3153 3003 3018 3002 15
3152 3002 3153 3018 15
3003 3153 3018 3019 15
3154 3004 3019 3003 15
3153 3003 3154 3019 15
3004 3154 3019 3020 15
3155 3005 3020 3004 15
3154 3004 3155 3020 15
3005 3155 3020 3021 15
3156 3006 3021 3005 15
3155 3005 3156 3021 15
3006 3156 3021 3022 15
3157 3007 3022 3006 15
3156 3006 3157 3022 15
3007 3157 3022 3023 15
3158 3008 3023 3007 15
3157 3007 3158 3023 15
3008 3158 3023 3024 15
3159 3009 3024 3008 15
3158 3008 3159 3024 15
3009 3159 3024 3025 15
3160 3010 3025 3009 15
3159 3009 3160 3025 15
3010 3160 3025 3026 15
3161 3011 3026 3010 15
3160 3010 3161 3026 15
3011 3161 3026 3027 15
3162 3012 3027 3011 15
3161 3011 3162 3027 15
3012 3162 3027 3028 15
3163 3013 3028 3012 15
3162 3012 3163 3028 15
3013 3163 3028 3029 15
3164 3014 3029 3013 15
3163 3013 3164 3029 15
3014 3164 3029 1107 15
1116 1106 1107 3014 15
3164 3014 1116 1107 15
387 396 397 3165 15
3150 3015 3165 396 15
396 3015 3165 387 15
3015 3150 3165 3166 15
3151 3016 3166 3150 15
3150 3016 3166 3015 15
3016 3151 3166 3167 15
3152 3017 3167 3151 15
3151 3017 3167 3016 15
3017 3152 3167 3168 15
3153 3018 3168 3152 15
3152 3018 3168 3017 15
3018 3153 3168 3169 15
3154 3019 3169 3153 15
3153 3019 3169 3018 15
3019 3154 3169 3170 15
3155 3020 3170 3154 15
3154 3020 3170 3019 15
3020 3155 3170 3171 15
3156 3021 3171 3155 15
3155 3021 3171 3020 15
3021 3156 3171 3172 15
3157 3022 3172 3156 15
3156 3022 3172 3021 15
3022 3157 3172 3173 15
3158 3023 3173 3157 15
3157 3023 3173 3022 15
3023 3158 3173 3174 15
3159 3024 3174 3158 15
3158 3024 3174 3023 15
3024 3159 3174 3175 15
3160 3025 3175 3159 15
3159 3025 3175 3024 15
3025 3160 3175 3176 15
3161 3026 3176 3160 15
3160 3026 3176 3025 15
3026 3161 3176 3177 15
3162 3027 3177 3161 15
3161 3027 3177 3026 15
3027 3162 3177 3178 15
3163 3028 3178 3162 15
3162 3028 3178 3027 15
3028 3163 3178 3179 15
3164 3029 3179 3163 15
3163 3029 3179 3028 15
3029 3164 3179 1117 15
1116 1107 1117 3164 15
3164 1107 1117 3029 15
387 397 388 3030 15
3165 3015 3030 387 15
397 387 3165 3030 15
3015 3165 3030 3031 15
3166 3016 3031 3015 15
3165 3015 3166 3031 15
3016 3166 3031 3032 15
3167 3017 3032 3016 15
3166 3016 3167 3032 15
3017 3167 3032 3033 15
3168 3018 3033 3017 15
3167 3017 3168 3033 15
3018 3168 3033 3034 15
3169 3019 3034 3018 15
3168 3018 3169 3034 15
3019 3169 3034 3035 15
3170 3020 3035 3019 15
3169 3019 3170 3035 15
3020 3170 3035 3036 15
3171 3021 3036 3020 15
3170 3020 3171 3036 15
3021 3171 3036 3037 15
3172 3022 3037 3021 15
3171 3021 3172 3037 15
3022 3172 3037 3038 15
3173 3023 3038 3022 15
3172 3022 3173 3038 15
3023 3173 3038 3039 15
3174 3024 3039 3023 15
3173 3023 3174 3039 15
3024 3174 3039 3040 15
3175 3025 3040 3024 15
3174 3024 3175 3040 15
3025 3175 3040 3041 15
3176 3026 3041 3025 15
3175 3025 3176 3041 15
3026 3176 3041 3042 15
3177 3027 3042 3026 15
3176 3026 3177 3042 15
3027 3177 3042 3043 15
3178 3028 3043 3027 15
3177 3027 3178 3043 15
3028 3178 3043 3044 15
3179 3029 3044 3028 15
3178 3028 3179 3044 15
3029 3179 3044 1108 15
1117 1107 1108 3029 15
3179 3029 1117 1108 15
388 397 398 3180 15
3165 3030 3180 397 15
397 3030 3180 388 15
3030 3165 3180 3181 15
3166 3031 3181 3165 15
3165 3031 3181 3030 15
3031 3166 3181 3182 15
3167 3032 3182 3166 15
3166 3032 3182 3031 15
3032 3167 3182 3183 15
3168 3033 3183 3167 15
3167 3033 3183 3032 15
3033 3168 3183 3184 15
3169 3034 3184 3168 15
3168 3034 3184 3033 15
3034 3169 3184 3185 15
3170 3035 3185 3169 15
3169 3035 3185 3034 15
3035 3170 3185 3186 15
3171 3036 3186 3170 15
3170 3036 3186 3035 15
3036 3171 3186 3187 15
3172 3037 3187 3171 15
3171 3037 3187 3036 15
3037 3172 3187 3188 15
3173 3038 3188 3172 15
3172 3038 3188 3037 15
3038 3173 3188 3189 15
3174 3039 3189 3173 15
3173 3039 3189 3038 15
3039 3174 3189 3190 15
3175 3040 3190 3174 15
3174 3040 3190 3039 15
3040 3175 3190 3191 15
3176 3041 3191 3175 15
3175 3041 3191 3040 15
3041 3176 3191 3192 15
3177 3042 3192 3176 15
3176 3042 3192 3041 15
3042 3177 3192 3193 15
3178 3043 3193 3177 15
3177 3043 3193 3042 15
3043 3178 3193 3194 15
3179 3044 3194 3178 15
3178 3044 3194 3043 15
3044 3179 3194 1118 15
1117 1108 1118 3179 15
3179 1108 1118 3044 15
388 398 389 3045 15
3180 3030 3045 388 15
398 388 3180 3045 15
3030 3180 3045 3046 15
3181 3031 3046 3030 15
3180 3030 3181 3046 15
3031 3181 3046 3047 15
3182 3032 3047 3031 15
3181 3031 3182 3047 15
3032 3182 3047 3048 15
3183 3033 3048 3032 15
3182 3032 3183 3048 15
3033 3183 3048 3049 15
3184 3034 3049 3033 15
3183 3033 3184 3049 15
3034 3184 3049 3050 15
3185 3035 3050 3034 15
3184 3034 3185 3050 15
3035 3185 3050 3051 15
3186 3036 3051 3035 15
3185 3035 3186 3051 15
3036 3186 3051 3052 15
3187 3037 3052 3036 15
3186 3036 3187 3052 15
3037 3187 3052 3053 15
3188 3038 3053 3037 15
3187 3037 3188 3053 15
3038 3188 3053 3054 15
3189 3039 3054 3038 15
3188 3038 3189 3054 15
3039 3189 3054 3055 15
3190 3040 3055 3039 15
3189 3039 3190 3055 15
3040 3190 3055 3056 15
3191 3041 3056 3040 15
3190 3040 3191 3056 15
3041 3191 3056 3057 15
3192 3042 3057 3041 15
3191 3041 3192 3057 15
3042 3192 3057 3058 15
3193 3043 3058 3042 15
3192 3042 3193 3058 15
3043 3193 3058 3059 15
3194 3044 3059 3043 15
3193 3043 3194 3059 15
3044 3194 3059 1109 15
1118 1108 1109 3044 15
3194 3044 1118 1109 15
389 398 399 3195 15
3180 3045 3195 398 15
398 3045 3195 389 15
3045 3180 3195 3196 15
3181 3046 3196 3180 15
3180 3046 3196 3045 15
3046 3181 3196 3197 15
3182 3047 3197 3181 15
3181 3047 3197 3046 15
3047 3182 3197 3198 15
3183 3048 3198 3182 15
3182 3048 3198 3047 15
3048 3183 3198 3199 15
3184 3049 3199 3183 15
3183 3049 3199 3048 15
3049 3184 3199 3200 15
3185 3050 3200 3184 15
3184 3050 3200 3049 15
3050 3185 3200 3201 15
3186 3051 3201 3185 15
3185 3051 3201 3050 15
3051 3186 3201 3202 15
3187 3052 3202 3186 15
3186 3052 3202 3051 15
3052 3187 3202 3203 15
3188 3053 3203 3187 15
3187 3053 3203 3052 15
3053 3188 3203 3204 15
3189 3054 3204 3188 15
3188 3054 3204 3053 15
3054 3189 3204 3205 15
3190 3055 3205 3189 15
3189 3055 3205 3054 15
3055 3190 3205 3206 15
3191 3056 3206 3190 15
3190 3056 3206 3055 15
3056 3191 3206 3207 15
3192 3057 3207 3191 15
3191 3057 3207 3056 15
3057 3192 3207 3208 15
3193 3058 3208 3192 15
3192 3058 3208 3057 15
3058 3193 3208 3209 15
3194 3059 3209 3193 15
3193 3059 3209 3058 15
3059 3194 3209 1119 15
1118 1109 1119 3194 15
3194 1109 1119 3059 15
389 399 390 3060 15
3195 3045 3060 389 15
399 389 3195 3060 15
3045 3195 3060 3061 15
3196 3046 3061 3045 15
3195 3045 3196 3061 15
3046 3196 3061 3062 15
3197 3047 3062 3046 15
3196 3046 3197 3062 15
3047 3197 3062 3063 15
3198 3048 3063 3047 15
3197 3047 3198 3063 15
3048 3198 3063 3064 15
3199 3049 3064 3048 15
3198 3048 3199 3064 15
3049 3199 3064 3065 15
3200 3050 3065 3049 15
3199 3049 3200 3065 15
3050 3200 3065 3066 15
3201 3051 3066 3050 15
3200 3050 3201 3066 15
3051 3201 3066 3067 15
3202 3052 3067 3051 15
3201 3051 3202 3067 15
3052 3202 3067 3068 15
3203 3053 3068 3052 15
3202 3052 3203 3068 15
3053 3203 3068 3069 15
3204 3054 3069 3053 15
3203 3053 3204 3069 15
3054 3204 3069 3070 15
3205 3055 3070 3054 15
3204 3054 3205 3070 15
3055 3205 3070 3071 15
3206 3056 3071 3055 15
3205 3055 3206 3071 15
3056 3206 3071 3072 15
3207 3057 3072 3056 15
3206 3056 3207 3072 15
3057 3207 3072 3073 15
3208 3058 3073 3057 15
3207 3057 3208 3073 15
3058 3208 3073 3074 15
3209 3059 3074 3058 15
3208 3058 3209 3074 15
3059 3209 3074 1110 15
1119 1109 1110 3059 15
3209 3059 1119 1110 15
390 399 400 3210 15
3195 3060 3210 399 15
399 3060 3210 390 15
3060 3195 3210 3211 15
3196 3061 3211 3195 15
3195 3061 3211 3060 15
3061 3196 3211 3212 15
3197 3062 3212 3196 15
3196 3062 3212 3061 15
3062 3197 3212 3213 15
3198 3063 3213 3197 15
3197 3063 3213 3062 15
3063 3198 3213 3214 15
3199 3064 3214 3198 15
3198 3064 3214 3063 15
3064 3199 3214 3215 15
3200 3065 3215 3199 15
3199 3065 3215 3064 15
3065 3200 3215 3216 15
3201 3066 3216 3200 15
3200 3066 3216 3065 15
3066 3201 3216 3217 15
3202 3067 3217 3201 15
3201 3067 3217 3066 15
3067 3202 3217 3218 15
3203 3068 3218 3202 15
3202 3068 3218 3067 15
3068 3203 3218 3219 15
3204 3069 3219 3203 15
3203 3069 3219 3068 15
3069 3204 3219 3220 15
3205 3070 3220 3204 15
3204 3070 3220 3069 15
3070 3205 3220 3221 15
3206 3071 3221 3205 15
3205 3071 3221 3070 15
3071 3206 3221 3222 15
3207 3072 3222 3206 15
3206 3072 3222 3071 15
3072 3207 3222 3223 15
3208 3073 3223 3207 15
3207 3073 3223 3072 15
3073 3208 3223 3224 15
3209 3074 3224 3208 15
3208 3074 3224 3073 15
3074 3209 3224 1120 15
1119 1110 1120 3209 15
3209 1110 1120 3074 15
390 400 391 3075 15
3210 3060 3075 390 15
400 390 3210 3075 15
3060 3210 3075 3076 15
3211 3061 3076 3060 15
3210 3060 3211 3076 15
3061 3211 3076 3077 15
3212 3062 3077 3061 15
3211 3061 3212 3077 15
3062 3212 3077 3078 15
3213 3063 3078 3062 15
3212 3062 3213 3078 15
3063 3213 3078 3079 15
3214 3064 3079 3063 15
3213 3063 3214 3079 15
3064 3214 3079 3080 15
3215 3065 3080 3064 15
3214 3064 3215 3080 15
3065 3215 3080 3081 15
3216 3066 3081 3065 15
3215 3065 3216 3081 15
3066 3216 3081 3082 15
3217 3067 3082 3066 15
3216 3066 3217 3082 15
3067 3217 3082 3083 15
3218 3068 3083 3067 15
3217 3067 3218 3083 15
3068 3218 3083 3084 15
3219 3069 3084 3068 15
3218 3068 3219 3084 15
3069 3219 3084 3085 15
3220 3070 3085 3069 15
3219 3069 3220 3085 15
3070 3220 3085 3086 15
3221 3071 3086 3070 15
3220 3070 3221 3086 15
3071 3221 3086 3087 15
3222 3072 3087 3071 15
3221 3071 3222 3087 15
3072 3222 3087 3088 15
3223 3073 3088 3072 15
3222 3072 3223 3088 15
3073 3223 3088 3089 15
3224 3074 3089 3073 15
3223 3073 3224 3089 15
3074 3224 3089 1111 15
1120 1110 1111 3074 15
3224 3074 1120 1111 15
391 400 401 3225 15
3210 3075 3225 400 15
400 3075 3225 391 15
3075 3210 3225 3226 15
3211 3076 3226 3210 15
3210 3076 3226 3075 15
3076 3211 3226 3227 15
3212 3077 3227 3211 15
3211 3077 3227 3076 15
3077 3212 3227 3228 15
3213 3078 3228 3212 15
3212 3078 3228 3077 15
3078 3213 3228 3229 15
3214 3079 3229 3213 15
3213 3079 3229 3078 15
3079 3214 3229 3230 15
3215 3080 3230 3214 15
3214 3080 3230 3079 15
3080 3215 3230 3231 15
3216 3081 3231 3215 15
3215 3081 3231 3080 15
3081 3216 3231 3232 15
3217 3082 3232 3216 15
3216 3082 3232 3081 15
3082 3217 3232 3233 15
3218 3083 3233 3217 15
3217 3083 3233 3082 15
3083 3218 3233 3234 15
3219 3084 3234 3218 15
3218 3084 3234 3083 15
3084 3219 3234 3235 15
3220 3085 3235 3219 15
3219 3085 3235 3084 15
3085 3220 3235 3236 15
3221 3086 3236 3220 15
3220 3086 3236 3085 15
3086 3221 3236 3237 15
3222 3087 3237 3221 15
3221 3087 3237 3086 15
3087 3222 3237 3238 15
3223 3088 3238 3222 15
3222 3088 3238 3087 15
3088 3223 3238 3239 15
3224 3089 3239 3223 15
3223 3089 3239 3088 15
3089 3224 3239 1121 15
1120 1111 1121 3224 15
3224 1111 1121 3089 15
391 401 392 3090 15
3225 3075 3090 391 15
401 391 3225 3090 15
3075 3225 3090 3091 15
3226 3076 3091 3075 15
3225 3075 3226 3091 15
3076 3226 3091 3092 15
3227 3077 3092 3076 15
3226 3076 3227 3092 15
3077 3227 3092 3093 15
3228 3078 3093 3077 15
3227 3077 3228 3093 15
3078 3228 3093 3094 15
3229 3079 3094 3078 15
3228 3078 3229 3094 15
3079 3229 3094 3095 15
3230 3080 3095 3079 15
3229 3079 3230 3095 15
3080 3230 3095 3096 15
3231 3081 3096 3080 15
3230 3080 3231 3096 15
3081 3231 3096 3097 15
3232 3082 3097 3081 15
3231 3081 3232 3097 15
3082 3232 3097 3098 15
3233 3083 3098 3082 15
3232 3082 3233 3098 15
3083 3233 3098 3099 15
3234 3084 3099 3083 15
3233 3083 3234 3099 15
3084 3234 3099 3100 15
3235 3085 3100 3084 15
3234 3084 3235 3100 15
3085 3235 3100 3101 15
3236 3086 3101 3085 15
3235 3085 3236 3101 15
3086 3236 3101 3102 15
3237 3087 3102 3086 15
3236 3086 3237 3102 15
3087 3237 3102 3103 15
3238 3088 3103 3087 15
3237 3087 3238 3103 15
3088 3238 3103 3104 15
3239 3089 3104 3088 15
3238 3088 3239 3104 15
3089 3239 3104 1112 15
1121 1111 1112 3089 15
3239 3089 1121 1112 15
392 401 402 3240 15
3225 3090 3240 401 15
401 3090 3240 392 15
3090 3225 3240 3241 15
3226 3091 3241 3225 15
3225 3091 3241 3090 15
3091 3226 3241 3242 15
3227 3092 3242 3226 15
3226 3092 3242 3091 15
3092 3227 3242 3243 15
3228 3093 3243 3227 15
3227 3093 3243 3092 15
3093 3228 3243 3244 15
3229 3094 3244 3228 15
3228 3094 3244 3093 15
3094 3229 3244 3245 15
3230 3095 3245 3229 15
3229 3095 3245 3094 15
3095 3230 3245 3246 15
3231 3096 3246 3230 15
3230 3096 3246 3095 15
3096 3231 3246 3247 15
3232 3097 3247 3231 15
3231 3097 3247 3096 15
3097 3232 3247 3248 15
3233 3098 3248 3232 15
3232 3098 3248 3097 15
3098 3233 3248 3249 15
3234 3099 3249 3233 15
3233 3099 3249 3098 15
3099 3234 3249 3250 15
3235 3100 3250 3234 15
3234 3100 3250 3099 15
3100 3235 3250 3251 15
3236 3101 3251 3235 15
3235 3101 3251 3100 15
3101 3236 3251 3252 15
3237 3102 3252 3236 15
3236 3102 3252 3101 15
3102 3237 3252 3253 15
3238 3103 3253 3237 15
3237 3103 3253 3102 15
3103 3238 3253 3254 15
3239 3104 3254 3238 15
3238 3104 3254 3103 15
3104 3239 3254 1122 15
1121 1112 1122 3239 15
3239 1112 1122 3104 15
392 402 393 3105 15
3240 3090 3105 392 15
402 392 3240 3105 15
3090 3240 3105 3106 15
3241 3091 3106 3090 15
3240 3090 3241 3106 15
3091 3241 3106 3107 15
3242 3092 3107 3091 15
3241 3091 3242 3107 15
3092 3242 3107 3108 15
3243 3093 3108 3092 15
3242 3092 3243 3108 15
3093 3243 3108 3109 15
3244 3094 3109 3093 15
3243 3093 3244 3109 15
3094 3244 3109 3110 15
3245 3095 3110 3094 15
3244 3094 3245 3110 15
3095 3245 3110 3111 15
3246 3096 3111 3095 15
3245 3095 3246 3111 15
3096 3246 3111 3112 15
3247 3097 3112 3096 15
3246 3096 3247 3112 15
3097 3247 3112 3113 15
3248 3098 3113 3097 15
3247 3097 3248 3113 15
3098 3248 3113 3114 15
3249 3099 3114 3098 15
3248 3098 3249 3114 15
3099 3249 3114 3115 15
3250 3100 3115 3099 15
3249 3099 3250 3115 15
3100 3250 3115 3116 15
3251 3101 3116 3100 15
3250 3100 3251 3116 15
3101 3251 3116 3117 15
3252 3102 3117 3101 15
3251 3101 3252 3117 15
3102 3252 3117 3118 15
3253 3103 3118 3102 15
3252 3102 3253 3118 15
3103 3253 3118 3119 15
3254 3104 3119 3103 15
3253 3103 3254 3119 15
3104 3254 3119 1113 15
1122 1112 1113 3104 15
3254 3104 1122 1113 15
393 402 403 3255 15
3240 3105 3255 402 15
402 3105 3255 393 15
3105 3240 3255 3256 15
3241 3106 3256 3240 15
3240 3106 3256 3105 15
3106 3241 3256 3257 15
3242 3107 3257 3241 15
3241 3107 3257 3106 15
3107 3242 3257 3258 15
3243 3108 3258 3242 15
3242 3108 3258 3107 15
3108 3243 3258 3259 15
3244 3109 3259 3243 15
3243 3109 3259 3108 15
3109 3244 3259 3260 15
3245 3110 3260 3244 15
3244 3110 3260 3109 15
3110 3245 3260 3261 15
3246 3111 3261 3245 15
3245 3111 3261 3110 15
3111 3246 3261 3262 15
3247 3112 3262 3246 15
3246 3112 3262 3111 15
3112 3247 3262 3263 15
3248 3113 3263 3247 15
3247 3113 3263 3112 15
3113 3248 3263 3264 15
3249 3114 3264 3248 15
3248 3114 3264 3113 15
3114 3249 3264 3265 15
3250 3115 3265 3249 15
3249 3115 3265 3114 15
3115 3250 3265 3266 15
3251 3116 3266 3250 15
3250 3116 3266 3115 15
3116 3251 3266 3267 15
3252 3117 3267 3251 15
3251 3117 3267 3116 15
3117 3252 3267 3268 15
3253 3118 3268 3252 15
3252 3118 3268 3117 15
3118 3253 3268 3269 15
3254 3119 3269 3253 15
3253 3119 3269 3118 15
3119 3254 3269 1123 15
1122 1113 1123 3254 15
3254 1113 1123 3119 15
393 403 394 3120 15
3255 3105 3120 393 15
403 393 3255 3120 15
3105 3255 3120 3121 15
3256 3106 3121 3105 15
3255 3105 3256 3121 15
3106 3256 3121 3122 15
3257 3107 3122 3106 15
3256 3106 3257 3122 15
3107 3257 3122 3123 15
3258 3108 3123 3107 15
3257 3107 3258 3123 15
3108 3258 3123 3124 15
3259 3109 3124 3108 15
3258 3108 3259 3124 15
3109 3259 3124 3125 15
3260 3110 3125 3109 15
3259 3109 3260 3125 15
3110 3260 3125 3126 15
3261 3111 3126 3110 15
3260 3110 3261 3126 15
3111 3261 3126 3127 15
3262 3112 3127 3111 15
3261 3111 3262 3127 15
3112 3262 3127 3128 15
3263 3113 3128 3112 15
3262 3112 3263 3128 15
3113 3263 3128 3129 15
3264 3114 3129 3113 15
3263 3113 3264 3129 15
3114 3264 3129 3130 15
3265 3115 3130 3114 15
3264 3114 3265 3130 15
3115 3265 3130 3131 15
3266 3116 3131 3115 15
3265 3115 3266 3131 15
3116 3266 3131 3132 15
3267 3117 3132 3116 15
3266 3116 3267 3132 15
3117 3267 3132 3133 15
3268 3118 3133 3117 15
3267 3117 3268 3133 15
3118 3268 3133 3134 15
3269 3119 3134 3118 15
3268 3118 3269 3134 15
3119 3269 3134 1114 15
1123 1113 1114 3119 15
3269 3119 1123 1114 15
394 403 404 3270 15
3255 3120 3270 403 15
403 3120 3270 394 15
3120 3255 3270 3271 15
3256 3121 3271 3255 15
3255 3121 3271 3120 15
3121 3256 3271 3272 15
3257 3122 3272 3256 15
3256 3122 3272 3121 15
3122 3257 3272 3273 15
3258 3123 3273 3257 15
3257 3123 3273 3122 15
3123 3258 3273 3274 15
3259 3124 3274 3258 15
3258 3124 3274 3123 15
3124 3259 3274 3275 15
3260 3125 3275 3259 15
3259 3125 3275 3124 15
3125 3260 3275 3276 15
3261 3126 3276 3260 15
3260 3126 3276 3125 15
3126 3261 3276 3277 15
3262 3127 3277 3261 15
3261 3127 3277 3126 15
3127 3262 3277 3278 15
3263 3128 3278 3262 15
3262 3128 3278 3127 15
3128 3263 3278 3279 15
3264 3129 3279 3263 15
3263 3129 3279 3128 15
3129 3264 3279 3280 15
3265 3130 3280 3264 15
3264 3130 3280 3129 15
3130 3265 3280 3281 15
3266 3131 3281 3265 15
3265 3131 3281 3130 15
3131 3266 3281 3282 15
3267 3132 3282 3266 15
3266 3132 3282 3131 15
3132 3267 3282 3283 15
3268 3133 3283 3267 15
3267 3133 3283 3132 15
3133 3268 3283 3284 15
3269 3134 3284 3268 15
3268 3134 3284 3133 15
3134 3269 3284 1124 15
1123 1114 1124 3269 15
3269 1114 1124 3134 15
394 404 107 1035 15
3270 3120 1035 394 15
404 394 3270 1035 15
3120 3270 1035 1036 15
3271 3121 1036 3120 15
3270 3120 3271 1036 15
3121 3271 1036 1037 15
3272 3122 1037 3121 15
3271 3121 3272 1037 15
3122 3272 1037 1038 15
3273 3123 1038 3122 15
3272 3122 3273 1038 15
3123 3273 1038 1039 15
3274 3124 1039 3123 15
3273 3123 3274 1039 15
3124 3274 1039 1040 15
3275 3125 1040 3124 15
3274 3124 3275 1040 15
3125 3275 1040 1041 15
3276 3126 1041 3125 15
3275 3125 3276 1041 15
3126 3276 1041 1042 15
3277 3127 1042 3126 15
3276 3126 3277 1042 15
3127 3277 1042 1043 15
3278 3128 1043 3127 15
3277 3127 3278 1043 15
3128 3278 1043 1044 15
3279 3129 1044 3128 15
3278 3128 3279 1044 15
3129 3279 1044 1045 15
3280 3130 1045 3129 15
3279 3129 3280 1045 15
3130 3280 1045 1046 15
3281 3131 1046 3130 15
3280 3130 3281 1046 15
3131 3281 1046 1047 15
3282 3132 1047 3131 15
3281 3131 3282 1047 15
3132 3282 1047 1048 15
3283 3133 1048 3132 15
3282 3132 3283 1048 15
3133 3283 1048 1049 15
3284 3134 1049 3133 15
3283 3133 3284 1049 15
3134 3284 1049 148 15
1124 1114 148 3134 15
3284 3134 1124 148 15
107 404 108 1050 15
3270 1035 1050 404 15
404 1035 1050 107 15
1035 3270 1050 1051 15
3271 1036 1051 3270 15
3270 1036 1051 1035 15
1036 3271 1051 1052 15
3272 1037 1052 3271 15
3271 1037 1052 1036 15
1037 3272 1052 1053 15
3273 1038 1053 3272 15
3272 1038 1053 1037 15
1038 3273 1053 1054 15
3274 1039 1054 3273 15
3273 1039 1054 1038 15
1039 3274 1054 1055 15
3275 1040 1055 3274 15
3274 1040 1055 1039 15
1040 3275 1055 1056 15
3276 1041 1056 3275 15
3275 1041 1056 1040 15
1041 3276 1056 1057 15
3277 1042 1057 3276 15
3276 1042 1057 1041 15
1042 3277 1057 1058 15
3278 1043 1058 3277 15
3277 1043 1058 1042 15
1043 3278 1058 1059 15
3279 1044 1059 3278 15
3278 1044 1059 1043 15
1044 3279 1059 1060 15
3280 1045 1060 3279 15
3279 1045 1060 1044 15
1045 3280 1060 1061 15
3281 1046 1061 3280 15
3280 1046 1061 1045 15
1046 3281 1061 1062 15
3282 1047 1062 3281 15
3281 1047 1062 1046 15
1047 3282 1062 1063 15
3283 1048 1063 3282 15
3282 1048 1063 1047 15
1048 3283 1063 1064 15
3284 1049 1064 3283 15
3283 1049 1064 1048 15
1049 3284 1064 147 15
1124 148 147 3284 15
3284 148 147 1049 15
102 5 395 3135 15
183 810 3135 5 15
5 810 3135 102 15
810 183 3135 3136 15
184 811 3136 183 15
183 811 3136 810 15
811 184 3136 3137 15
185 812 3137 184 15
184 812 3137 811 15
812 185 3137 3138 15
186 813 3138 185 15
185 813 3138 812 15
813 186 3138 3139 15
187 814 3139 186 15
186 814 3139 813 15
814 187 3139 3140 15
188 815 3140 187 15
187 815 3140 814 15
815 188 3140 3141 15
189 816 3141 188 15
188 816 3141 815 15
816 189 3141 3142 15
190 817 3142 189 15
189 817 3142 816 15
817 190 3142 3143 15
191 818 3143 190 15
190 818 3143 817 15
818 191 3143 3144 15
192 819 3144 191 15
191 819 3144 818 15
819 192 3144 3145 15
193 820 3145 192 15
192 820 3145 819 15
820 193 3145 3146 15
194 821 3146 193 15
193 821 3146 820 15
821 194 3146 3147 15
195 822 3147 194 15
194 822 3147 821 15
822 195 3147 3148 15
196 823 3148 195 15
195 823 3148 822 15
823 196 3148 3149 15
197 824 3149 196 15
196 824 3149 823 15
824 197 3149 1115 15
11 136 1115 197 15
197 136 1115 824 15
395 5 57 825 15
183 3135 825 5 15
5 3135 825 395 15
3135 183 825 826 15
184 3136 826 183 15
183 3136 826 3135 15
3136 184 826 827 15
185 3137 827 184 15
184 3137 827 3136 15
3137 185 827 828 15
186 3138 828 185 15
185 3138 828 3137 15
3138 186 828 829 15
187 3139 829 186 15
186 3139 829 3138 15
3139 187 829 830 15
188 3140 830 187 15
187 3140 830 3139 15
3140 188 830 831 15
189 3141 831 188 15
188 3141 831 3140 15
3141 189 831 832 15
190 3142 832 189 15
189 3142 832 3141 15
3142 190 832 833 15
191 3143 833 190 15
190 3143 833 3142 15
3143 191 833 834 15
192 3144 834 191 15
191 3144 834 3143 15
3144 192 834 835 15
193 3145 835 192 15
192 3145 835 3144 15
3145 193 835 836 15
194 3146 836 193 15
193 3146 836 3145 15
3146 194 836 837 15
195 3147 837 194 15
194 3147 837 3146 15
3147 195 837 838 15
196 3148 838 195 15
195 3148 838 3147 15
3148 196 838 839 15
197 3149 839 196 15
196 3149 839 3148 15
3149 197 839 137 15
11 1115 137 197 15
197 1115 137 3149 15
395 57 396 3150 15
825 3135 3150 395 15
57 395 825 3150 15
3135 825 3150 3151 15
826 3136 3151 3135 15
825 3135 826 3151 15
3136 826 3151 3152 15
827 3137 3152 3136 15
826 3136 827 3152 15
3137 827 3152 3153 15
828 3138 3153 3137 15
827 3137 828 3153 15
3138 828 3153 3154 15
829 3139 3154 3138 15
828 3138 829 3154 15
3139 829 3154 3155 15
830 3140 3155 3139 15
829 3139 830 3155 15
3140 830 3155 3156 15
831 3141 3156 3140 15
830 3140 831 3156 15
3141 831 3156 3157 15
832 3142 3157 3141 15
831 3141 832 3157 15
3142 832 3157 3158 15
833 3143 3158 3142 15
832 3142 833 3158 15
3143 833 3158 3159 15
834 3144 3159 3143 15
833 3143 834 3159 15
3144 834 3159 3160 15
835 3145 3160 3144 15
834 3144 835 3160 15
3145 835 3160 3161 15
836 3146 3161 3145 15
835 3145 836 3161 15
3146 836 3161 3162 15
837 3147 3162 3146 15
836 3146 837 3162 15
3147 837 3162 3163 15
838 3148 3163 3147 15
837 3147 838 3163 15
3148 838 3163 3164 15
839 3149 3164 3148 15
838 3148 839 3164 15
3149 839 3164 1116 15
137 1115 1116 3149 15
839 3149 137 1116 15
396 57 58 840 15
825 3150 840 57 15
57 3150 840 396 15
3150 825 840 841 15
826 3151 841 825 15
825 3151 841 3150 15
3151 826 841 842 15
827 3152 842 826 15
826 3152 842 3151 15
3152 827 842 843 15
828 3153 843 827 15
827 3153 843 3152 15
3153 828 843 844 15
829 3154 844 828 15
828 3154 844 3153 15
3154 829 844 845 15
830 3155 845 829 15
829 3155 845 3154 15
3155 830 845 846 15
831 3156 846 830 15
830 3156 846 3155 15
3156 831 846 847 15
832 3157 847 831 15
831 3157 847 3156 15
3157 832 847 848 15
833 3158 848 832 15
832 3158 848 3157 15
3158 833 848 849 15
834 3159 849 833 15
833 3159 849 3158 15
3159 834 849 850 15
835 3160 850 834 15
834 3160 850 3159 15
3160 835 850 851 15
836 3161 851 835 15
835 3161 851 3160 15
3161 836 851 852 15
837 3162 852 836 15
836 3162 852 3161 15
3162 837 852 853 15
838 3163 853 837 15
837 3163 853 3162 15
3163 838 853 854 15
839 3164 854 838 15
838 3164 854 3163 15
3164 839 854 138 15
137 1116 138 839 15
839 1116 138 3164 15
396 58 397 3165 15
840 3150 3165 396 15
58 396 840 3165 15
3150 840 3165 3166 15
841 3151 3166 3150 15
840 3150 841 3166 15
3151 841 3166 3167 15
842 3152 3167 3151 15
841 3151 842 3167 15
3152 842 3167 3168 15
843 3153 3168 3152 15
842 3152 843 3168 15
3153 843 3168 3169 15
844 3154 3169 3153 15
843 3153 844 3169 15
3154 844 3169 3170 15
845 3155 3170 3154 15
844 3154 845 3170 15
3155 845 3170 3171 15
846 3156 3171 3155 15
845 3155 846 3171 15
3156 846 3171 3172 15
847 3157 3172 3156 15
846 3156 847 3172 15
3157 847 3172 3173 15
848 3158 3173 3157 15
847 3157 848 3173 15
3158 848 3173 3174 15
849 3159 3174 3158 15
848 3158 849 3174 15
3159 849 3174 3175 15
850 3160 3175 3159 15
849 3159 850 3175 15
3160 850 3175 3176 15
851 3161 3176 3160 15
850 3160 851 3176 15
3161 851 3176 3177 15
852 3162 3177 3161 15
851 3161 852 3177 15
3162 852 3177 3178 15
853 3163 3178 3162 15
852 3162 853 3178 15
3163 853 3178 3179 15
854 3164 3179 3163 15
853 3163 854 3179 15
3164 854 3179 1117 15
138 1116 1117 3164 15
854 3164 138 1117 15
397 58 59 855 15
840 3165 855 58 15
58 3165 855 397 15
3165 840 855 856 15
841 3166 856 840 15
840 3166 856 3165 15
3166 841 856 857 15
842 3167 857 841 15
841 3167 857 3166 15
3167 842 857 858 15
843 3168 858 842 15
842 3168 858 3167 15
3168 843 858 859 15
844 3169 859 843 15
843 3169 859 3168 15
3169 844 859 860 15
845 3170 860 844 15
844 3170 860 3169 15
3170 845 860 861 15
846 3171 861 845 15
845 3171 861 3170 15
3171 846 861 862 15
847 3172 862 846 15
846 3172 862 3171 15
3172 847 862 863 15
848 3173 863 847 15
847 3173 863 3172 15
3173 848 863 864 15
849 3174 864 848 15
848 3174 864 3173 15
3174 849 864 865 15
850 3175 865 849 15
849 3175 865 3174 15
3175 850 865 866 15
851 3176 866 850 15
850 3176 866 3175 15
3176 851 866 867 15
852 3177 867 851 15
851 3177 867 3176 15
3177 852 867 868 15
853 3178 868 852 15
852 3178 868 3177 15
3178 853 868 869 15
854 3179 869 853 15
853 3179 869 3178 15
3179 854 869 139 15
138 1117 139 854 15
854 1117 139 3179 15
397 59 398 3180 15
855 3165 3180 397 15
59 397 855 3180 15
3165 855 3180 3181 15
856 3166 3181 3165 15
855 3165 856 3181 15
3166 856 3181 3182 15
857 3167 3182 3166 15
856 3166 857 3182 15
3167 857 3182 3183 15
858 3168 3183 3167 15
857 3167 858 3183 15
3168 858 3183 3184 15
859 3169 3184 3168 15
858 3168 859 3184 15
3169 859 3184 3185 15
860 3170 3185 3169 15
859 3169 860 3185 15
3170 860 3185 3186 15
861 3171 3186 3170 15
860 3170 861 3186 15
3171 861 3186 3187 15
862 3172 3187 3171 15
861 3171 862 3187 15
3172 862 3187 3188 15
863 3173 3188 3172 15
862 3172 863 3188 15
3173 863 3188 3189 15
864 3174 3189 3173 15
863 3173 864 3189 15
3174 864 3189 3190 15
865 3175 3190 3174 15
864 3174 865 3190 15
3175 865 3190 3191 15
866 3176 3191 3175 15
865 3175 866 3191 15
3176 866 3191 3192 15
867 3177 3192 3176 15
866 3176 867 3192 15
3177 867 3192 3193 15
868 3178 3193 3177 15
867 3177 868 3193 15
3178 868 3193 3194 15
869 3179 3194 3178 15
868 3178 869 3194 15
3179 869 3194 1118 15
139 1117 1118 3179 15
869 3179 139 1118 15
398 59 60 870 15
855 3180 870 59 15
59 3180 870 398 15
3180 855 870 871 15
856 3181 871 855 15
855 3181 871 3180 15
3181 856 871 872 15
857 3182 872 856 15
856 3182 872 3181 15
3182 857 872 873 15
858 3183 873 857 15
857 3183 873 3182 15
3183 858 873 874 15
859 3184 874 858 15
858 3184 874 3183 15
3184 859 874 875 15
860 3185 875 859 15
859 3185 875 3184 15
3185 860 875 876 15
861 3186 876 860 15
860 3186 876 3185 15
3186 861 876 877 15
862 3187 877 861 15
861 3187 877 3186 15
3187 862 877 878 15
863 3188 878 862 15
862 3188 878 3187 15
3188 863 878 879 15
864 3189 879 863 15
863 3189 879 3188 15
3189 864 879 880 15
865 3190 880 864 15
864 3190 880 3189 15
3190 865 880 881 15
866 3191 881 865 15
865 3191 881 3190 15
3191 866 881 882 15
867 3192 882 866 15
866 3192 882 3191 15
3192 867 882 883 15
868 3193 883 867 15
867 3193 883 3192 15
3193 868 883 884 15
869 3194 884 868 15
868 3194 884 3193 15
3194 869 884 140 15
139 1118 140 869 15
869 1118 140 3194 15
398 60 399 3195 15
870 3180 3195 398 15
60 398 870 3195 15
3180 870 3195 3196 15
871 3181 3196 3180 15
870 3180 871 3196 15
3181 871 3196 3197 15
872 3182 3197 3181 15
871 3181 872 3197 15
3182 872 3197 3198 15
873 3183 3198 3182 15
872 3182 873 3198 15
3183 873 3198 3199 15
874 3184 3199 3183 15
873 3183 874 3199 15
3184 874 3199 3200 15
875 3185 3200 3184 15
874 3184 875 3200 15
3185 875 3200 3201 15
876 3186 3201 3185 15
875 3185 876 3201 15
3186 876 3201 3202 15
877 3187 3202 3186 15
876 3186 877 3202 15
3187 877 3202 3203 15
878 3188 3203 3187 15
877 3187 878 3203 15
3188 878 3203 3204 15
879 3189 3204 3188 15
878 3188 879 3204 15
3189 879 3204 3205 15
880 3190 3205 3189 15
879 3189 880 3205 15
3190 880 3205 3206 15
881 3191 3206 3190 15
880 3190 881 3206 15
3191 881 3206 3207 15
882 3192 3207 3191 15
881 3191 882 3207 15
3192 882 3207 3208 15
883 3193 3208 3192 15
882 3192 883 3208 15
3193 883 3208 3209 15
884 3194 3209 3193 15
883 3193 884 3209 15
3194 884 3209 1119 15
140 1118 1119 3194 15
884 3194 140 1119 15
399 60 61 885 15
870 3195 885 60 15
60 3195 885 399 15
3195 870 885 886 15
871 3196 886 870 15
870 3196 886 3195 15
3196 871 886 887 15
872 3197 887 871 15
871 3197 887 3196 15
3197 872 887 888 15
873 3198 888 872 15
872 3198 888 3197 15
3198 873 888 889 15
874 3199 889 873 15
873 3199 889 3198 15
3199 874 889 890 15
875 3200 890 874 15
874 3200 890 3199 15
3200 875 890 891 15
876 3201 891 875 15
875 3201 891 3200 15
3201 876 891 892 15
877 3202 892 876 15
876 3202 892 3201 15
3202 877 892 893 15
878 3203 893 877 15
877 3203 893 3202 15
3203 878 893 894 15
879 3204 894 878 15
878 3204 894 3203 15
3204 879 894 895 15
880 3205 895 879 15
879 3205 895 3204 15
3205 880 895 896 15
881 3206 896 880 15
880 3206 896 3205 15
3206 881 896 897 15
882 3207 897 881 15
881 3207 897 3206 15
3207 882 897 898 15
883 3208 898 882 15
882 3208 898 3207 15
3208 883 898 899 15
884 3209 899 883 15
883 3209 899 3208 15
3209 884 899 141 15
140 1119 141 884 15
884 1119 141 3209 15
399 61 400 3210 15
885 3195 3210 399 15
61 399 885 3210 15
3195 885 3210 3211 15
886 3196 3211 3195 15
885 3195 886 3211 15
3196 886 3211 3212 15
887 3197 3212 3196 15
886 3196 887 3212 15
3197 887 3212 3213 15
888 3198 3213 3197 15
887 3197 888 3213 15
3198 888 3213 3214 15
889 3199 3214 3198 15
888 3198 889 3214 15
3199 889 3214 3215 15
890 3200 3215 3199 15
889 3199 890 3215 15
3200 890 3215 3216 15
891 3201 3216 3200 15
890 3200 891 3216 15
3201 891 3216 3217 15
892 3202 3217 3201 15
891 3201 892 3217 15
3202 892 3217 3218 15
893 3203 3218 3202 15
892 3202 893 3218 15
3203 893 3218 3219 15
894 3204 3219 3203 15
893 3203 894 3219 15
3204 894 3219 3220 15
895 3205 3220 3204 15
894 3204 895 3220 15
3205 895 3220 3221 15
896 3206 3221 3205 15
895 3205 896 3221 15
3206 896 3221 3222 15
897 3207 3222 3206 15
896 3206 897 3222 15
3207 897 3222 3223 15
898 3208 3223 3207 15
897 3207 898 3223 15
3208 898 3223 3224 15
899 3209 3224 3208 15
898 3208 899 3224 15
3209 899 3224 1120 15
141 1119 1120 3209 15
899 3209 141 1120 15
400 61 62 900 15
885 3210 900 61 15
61 3210 900 400 15
3210 885 900 901 15
886 3211 901 885 15
885 3211 901 3210 15
3211 886 901 902 15
887 3212 902 886 15
886 3212 902 3211 15
3212 887 902 903 15
888 3213 903 887 15
887 3213 903 3212 15
3213 888 903 904 15
889 3214 904 888 15
888 3214 904 3213 15
3214 889 904 905 15
890 3215 905 889 15
889 3215 905 3214 15
3215 890 905 906 15
891 3216 906 890 15
890 3216 906 3215 15
3216 891 906 907 15
892 3217 907 891 15
891 3217 907 3216 15
3217 892 907 908 15
893 3218 908 892 15
892 3218 908 3217 15
3218 893 908 909 15
894 3219 909 893 15
893 3219 909 3218 15
3219 894 909 910 15
895 3220 910 894 15
894 3220 910 3219 15
3220 895 910 911 15
896 3221 911 895 15
895 3221 911 3220 15
3221 896 911 912 15
897 3222 912 896 15
896 3222 912 3221 15
3222 897 912 913 15
898 3223 913 897 15
897 3223 913 3222 15
3223 898 913 914 15
899 3224 914 898 15
898 3224 914 3223 15
3224 899 914 142 15
141 1120 142 899 15
899 1120 142 3224 15
400 62 401 3225 15
900 3210 3225 400 15
62 400 900 3225 15
3210 900 3225 3226 15
901 3211 3226 3210 15
900 3210 901 3226 15
3211 901 3226 3227 15
902 3212 3227 3211 15
901 3211 902 3227 15
3212 902 3227 3228 15
903 3213 3228 3212 15
902 3212 903 3228 15
3213 903 3228 3229 15
904 3214 3229 3213 15
903 3213 904 3229 15
3214 904 3229 3230 15
905 3215 3230 3214 15
904 3214 905 3230 15
3215 905 3230 3231 15
906 3216 3231 3215 15
905 3215 906 3231 15
3216 906 3231 3232 15
907 3217 3232 3216 15
906 3216 907 3232 15
3217 907 3232 3233 15
908 3218 3233 3217 15
907 3217 908 3233 15
3218 908 3233 3234 15
909 3219 3234 3218 15
908 3218 909 3234 15
3219 909 3234 3235 15
910 3220 3235 3219 15
909 3219 910 3235 15
3220 910 3235 3236 15
911 3221 3236 3220 15
910 3220 911 3236 15
3221 911 3236 3237 15
912 3222 3237 3221 15
911 3221 912 3237 15
3222 912 3237 3238 15
913 3223 3238 3222 15
912 3222 913 3238 15
3223 913 3238 3239 15
914 3224 3239 3223 15
913 3223 914 3239 15
3224 914 3239 1121 15
142 1120 1121 3224 15
914 3224 142 1121 15
401 62 63 915 15
900 3225 915 62 15
62 3225 915 401 15
3225 900 915 916 15
901 3226 916 900 15
900 3226 916 3225 15
3226 901 916 917 15
902 3227 917 901 15
901 3227 917 3226 15
3227 902 917 918 15
903 3228 918 902 15
902 3228 918 3227 15
3228 903 918 919 15
904 3229 919 903 15
903 3229 919 3228 15
3229 904 919 920 15
905 3230 920 904 15
904 3230 920 3229 15
3230 905 920 921 15
906 3231 921 905 15
905 3231 921 3230 15
3231 906 921 922 15
907 3232 922 906 15
906 3232 922 3231 15
3232 907 922 923 15
908 3233 923 907 15
907 3233 923 3232 15
3233 908 923 924 15
909 3234 924 908 15
908 3234 924 3233 15
3234 909 924 925 15
910 3235 925 909 15
909 3235 925 3234 15
3235 910 925 926 15
911 3236 926 910 15
910 3236 926 3235 15
3236 911 926 927 15
912 3237 927 911 15
911 3237 927 3236 15
3237 912 927 928 15
913 3238 928 912 15
912 3238 928 3237 15
3238 913 928 929 15
914 3239 929 913 15
913 3239 929 3238 15
3239 914 929 143 15
142 1121 143 914 15
914 1121 143 3239 15
401 63 402 3240 15
915 3225 3240 401 15
63 401 915 3240 15
3225 915 3240 3241 15
916 3226 3241 3225 15
915 3225 916 3241 15
3226 916 3241 3242 15
917 3227 3242 3226 15
916 3226 917 3242 15
3227 917 3242 3243 15
918 3228 3243 3227 15
917 3227 918 3243 15
3228 918 3243 3244 15
919 3229 3244 3228 15
918 3228 919 3244 15
3229 919 3244 3245 15
920 3230 3245 3229 15
919 3229 920 3245 15
3230 920 3245 3246 15
921 3231 3246 3230 15
920 3230 921 3246 15
3231 921 3246 3247 15
922 3232 3247 3231 15
921 3231 922 3247 15
3232 922 3247 3248 15
923 3233 3248 3232 15
922 3232 923 3248 15
3233 923 3248 3249 15
924 3234 3249 3233 15
923 3233 924 3249 15
3234 924 3249 3250 15
925 3235 3250 3234 15
924 3234 925 3250 15
3235 925 3250 3251 15
926 3236 3251 3235 15
925 3235 926 3251 15
3236 926 3251 3252 15
927 3237 3252 3236 15
926 3236 927 3252 15
3237 927 3252 3253 15
928 3238 3253 3237 15
927 3237 928 3253 15
3238 928 3253 3254 15
929 3239 3254 3238 15
928 3238 929 3254 15
3239 929 3254 1122 15
143 1121 1122 3239 15
929 3239 143 1122 15
402 63 64 930 15
915 3240 930 63 15
63 3240 930 402 15
3240 915 930 931 15
916 3241 931 915 15
915 3241 931 3240 15
3241 916 931 932 15
917 3242 932 916 15
916 3242 932 3241 15
3242 917 932 933 15
918 3243 933 917 15
917 3243 933 3242 15
3243 918 933 934 15
919 3244 934 918 15
918 3244 934 3243 15
3244 919 934 935 15
920 3245 935 919 15
919 3245 935 3244 15
3245 920 935 936 15
921 3246 936 920 15
920 3246 936 3245 15
3246 921 936 937 15
922 3247 937 921 15
921 3247 937 3246 15
3247 922 937 938 15
923 3248 938 922 15
922 3248 938 3247 15
3248 923 938 939 15
924 3249 939 923 15
923 3249 939 3248 15
3249 924 939 940 15
925 3250 940 924 15
924 3250 940 3249 15
3250 925 940 941 15
926 3251 941 925 15
925 3251 941 3250 15
3251 926 941 942 15
927 3252 942 926 15
926 3252 942 3251 15
3252 927 942 943 15
928 3253 943 927 15
927 3253 943 3252 15
3253 928 943 944 15
929 3254 944 928 15
928 3254 944 3253 15
3254 929 944 144 15
143 1122 144 929 15
929 1122 144 3254 15
402 64 403 3255 15
930 3240 3255 402 15
64 402 930 3255 15
3240 930 3255 3256 15
931 3241 3256 3240 15
930 3240 931 3256 15
3241 931 3256 3257 15
932 3242 3257 3241 15
931 3241 932 3257 15
3242 932 3257 3258 15
933 3243 3258 3242 15
932 3242 933 3258 15
3243 933 3258 3259 15
934 3244 3259 3243 15
933 3243 934 3259 15
3244 934 3259 3260 15
935 3245 3260 3244 15
934 3244 935 3260 15
3245 935 3260 3261 15
936 3246 3261 3245 15
935 3245 936 3261 15
3246 936 3261 3262 15
937 3247 3262 3246 15
936 3246 937 3262 15
3247 937 3262 3263 15
938 3248 3263 3247 15
937 3247 938 3263 15
3248 938 3263 3264 15
939 3249 3264 3248 15
938 3248 939 3264 15
3249 939 3264 3265 15
940 3250 3265 3249 15
939 3249 940 3265 15
3250 940 3265 3266 15
941 3251 3266 3250 15
940 3250 941 3266 15
3251 941 3266 3267 15
942 3252 3267 3251 15
941 3251 942 3267 15
3252 942 3267 3268 15
943 3253 3268 3252 15
942 3252 943 3268 15
3253 943 3268 3269 15
944 3254 3269 3253 15
943 3253 944 3269 15
3254 944 3269 1123 15
144 1122 1123 3254 15
944 3254 144 1123 15
403 64 65 945 15
930 3255 945 64 15
64 3255 945 403 15
3255 930 945 946 15
931 3256 946 930 15
930 3256 946 3255 15
3256 931 946 947 15
932 3257 947 931 15
931 3257 947 3256 15
3257 932 947 948 15
933 3258 948 932 15
932 3258 948 3257 15
3258 933 948 949 15
934 3259 949 933 15
933 3259 949 3258 15
3259 934 949 950 15
935 3260 950 934 15
934 3260 950 3259 15
3260 935 950 951 15
936 3261 951 935 15
935 3261 951 3260 15
3261 936 951 952 15
937 3262 952 936 15
936 3262 952 3261 15
3262 937 952 953 15
938 3263 953 937 15
937 3263 953 3262 15
3263 938 953 954 15
939 3264 954 938 15
938 3264 954 3263 15
3264 939 954 955 15
940 3265 955 939 15
939 3265 955 3264 15
3265 940 955 956 15
941 3266 956 940 15
940 3266 956 3265 15
3266 941 956 957 15
942 3267 957 941 15
941 3267 957 3266 15
3267 942 957 958 15
943 3268 958 942 15
942 3268 958 3267 15
3268 943 958 959 15
944 3269 959 943 15
943 3269 959 3268 15
3269 944 959 145 15
144 1123 145 944 15
944 1123 145 3269 15
403 65 404 3270 15
945 3255 3270 403 15
65 403 945 3270 15
3255 945 3270 3271 15
946 3256 3271 3255 15
945 3255 946 3271 15
3256 946 3271 3272 15
947 3257 3272 3256 15
946 3256 947 3272 15
3257 947 3272 3273 15
948 3258 3273 3257 15
947 3257 948 3273 15
3258 948 3273 3274 15
949 3259 3274 3258 15
948 3258 949 3274 15
3259 949 3274 3275 15
950 3260 3275 3259 15
949 3259 950 3275 15
3260 950 3275 3276 15
951 3261 3276 3260 15
950 3260 951 3276 15
3261 951 3276 3277 15
952 3262 3277 3261 15
951 3261 952 3277 15
3262 952 3277 3278 15
953 3263 3278 3262 15
952 3262 953 3278 15
3263 953 3278 3279 15
954 3264 3279 3263 15
953 3263 954 3279 15
3264 954 3279 3280 15
955 3265 3280 3264 15
954 3264 955 3280 15
3265 955 3280 3281 15
956 3266 3281 3265 15
955 3265 956 3281 15
3266 956 3281 3282 15
957 3267 3282 3266 15
956 3266 957 3282 15
3267 957 3282 3283 15
958 3268 3283 3267 15
957 3267 958 3283 15
3268 958 3283 3284 15
959 3269 3284 3268 15
958 3268 959 3284 15
3269 959 3284 1124 15
145 1123 1124 3269 15
959 3269 145 1124 15
404 65 66 960 15
945 3270 960 65 15
65 3270 960 404 15
3270 945 960 961 15
946 3271 961 945 15
945 3271 961 3270 15
3271 946 961 962 15
947 3272 962 946 15
946 3272 962 3271 15
3272 947 962 963 15
948 3273 963 947 15
947 3273 963 3272 15
3273 948 963 964 15
949 3274 964 948 15
948 3274 964 3273 15
3274 949 964 965 15
950 3275 965 949 15
949 3275 965 3274 15
3275 950 965 966 15
951 3276 966 950 15
950 3276 966 3275 15
3276 951 966 967 15
952 3277 967 951 15
951 3277 967 3276 15
3277 952 967 968 15
953 3278 968 952 15
952 3278 968 3277 15
3278 953 968 969 15
954 3279 969 953 15
953 3279 969 3278 15
3279 954 969 970 15
955 3280 970 954 15
954 3280 970 3279 15
3280 955 970 971 15
956 3281 971 955 15
955 3281 971 3280 15
3281 956 971 972 15
957 3282 972 956 15
956 3282 972 3281 15
3282 957 972 973 15
958 3283 973 957 15
957 3283 973 3282 15
3283 958 973 974 15
959 3284 974 958 15
958 3284 974 3283 15
3284 959 974 146 15
145 1124 146 959 15
959 1124 146 3284 15
404 66 108 1050 15
960 3270 1050 404 15
66 404 960 1050 15
3270 960 1050 1051 15
961 3271 1051 3270 15
960 3270 961 1051 15
3271 961 1051 1052 15
962 3272 1052 3271 15
961 3271 962 1052 15
3272 962 1052 1053 15
963 3273 1053 3272 15
962 3272 963 1053 15
3273 963 1053 1054 15
964 3274 1054 3273 15
963 3273 964 1054 15
3274 964 1054 1055 15
965 3275 1055 3274 15
964 3274 965 1055 15
3275 965 1055 1056 15
966 3276 1056 3275 15
965 3275 966 1056 15
3276 966 1056 1057 15
967 3277 1057 3276 15
966 3276 967 1057 15
3277 967 1057 1058 15
968 3278 1058 3277 15
967 3277 968 1058 15
3278 968 1058 1059 15
969 3279 1059 3278 15
968 3278 969 1059 15
3279 969 1059 1060 15
970 3280 1060 3279 15
969 3279 970 1060 15
3280 970 1060 1061 15
971 3281 1061 3280 15
970 3280 971 1061 15
3281 971 1061 1062 15
972 3282 1062 3281 15
971 3281 972 1062 15
3282 972 1062 1063 15
973 3283 1063 3282 15
972 3282 973 1063 15
3283 973 1063 1064 15
974 3284 1064 3283 15
973 3283 974 1064 15
3284 974 1064 147 15
146 1124 147 3284 15
974 3284 146 147 15
108 66 6 198 15
960 1050 198 66 15
66 1050 198 108 15
1050 960 198 199 15
961 1051 199 960 15
960 1051 199 1050 15
1051 961 199 200 15
962 1052 200 961 15
961 1052 200 1051 15
1052 962 200 201 15
963 1053 201 962 15
962 1053 201 1052 15
1053 963 201 202 15
964 1054 202 963 15
963 1054 202 1053 15
1054 964 202 203 15
965 1055 203 964 15
964 1055 203 1054 15
1055 965 203 204 15
966 1056 204 965 15
965 1056 204 1055 15
1056 966 204 205 15
967 1057 205 966 15
966 1057 205 1056 15
1057 967 205 206 15
968 1058 206 967 15
967 1058 206 1057 15
1058 968 206 207 15
969 1059 207 968 15
968 1059 207 1058 15
1059 969 207 208 15
970 1060 208 969 15
969 1060 208 1059 15
1060 970 208 209 15
971 1061 209 970 15
970 1061 209 1060 15
1061 971 209 210 15
972 1062 210 971 15
971 1062 210 1061 15
1062 972 210 211 15
973 1063 211 972 15
972 1063 211 1062 15
1063 973 211 212 15
974 1064 212 973 15
973 1064 212 1063 15
1064 974 212 12 15
146 147 12 974 15
974 147 12 1064 15
2 103 27 1125 15
975 153 1125 2 15
103 2 975 1125 15
153 975 1125 1126 15
976 154 1126 153 15
975 153 976 1126 15
154 976 1126 1127 15
977 155 1127 154 15
976 154 977 1127 15
155 977 1127 1128 15
978 156 1128 155 15
977 155 978 1128 15
156 978 1128 1129 15
979 157 1129 156 15
978 156 979 1129 15
157 979 1129 1130 15
980 158 1130 157 15
979 157 980 1130 15
158 980 1130 1131 15
981 159 1131 158 15
980 158 981 1131 15
159 981 1131 1132 15
982 160 1132 159 15
981 159 982 1132 15
160 982 1132 1133 15
983 161 1133 160 15
982 160 983 1133 15
161 983 1133 1134 15
984 162 1134 161 15
983 161 984 1134 15
162 984 1134 1135 15
985 163 1135 162 15
984 162 985 1135 15
163 985 1135 1136 15
986 164 1136 163 15
985 163 986 1136 15
164 986 1136 1137 15
987 165 1137 164 15
986 164 987 1137 15
165 987 1137 1138 15
988 166 1138 165 15
987 165 988 1138 15
166 988 1138 1139 15
989 167 1139 166 15
988 166 989 1139 15
167 989 1139 222 15
152 9 222 167 15
989 167 152 222 15
27 103 405 3285 15
975 1125 3285 103 15
103 1125 3285 27 15
1125 975 3285 3286 15
976 1126 3286 975 15
975 1126 3286 1125 15
1126 976 3286 3287 15
977 1127 3287 976 15
976 1127 3287 1126 15
1127 977 3287 3288 15
978 1128 3288 977 15
977 1128 3288 1127 15
1128 978 3288 3289 15
979 1129 3289 978 15
978 1129 3289 1128 15
1129 979 3289 3290 15
980 1130 3290 979 15
979 1130 3290 1129 15
1130 980 3290 3291 15
981 1131 3291 980 15
980 1131 3291 1130 15
1131 981 3291 3292 15
982 1132 3292 981 15
981 1132 3292 1131 15
1132 982 3292 3293 15
983 1133 3293 982 15
982 1133 3293 1132 15
1133 983 3293 3294 15
984 1134 3294 983 15
983 1134 3294 1133 15
1134 984 3294 3295 15
985 1135 3295 984 15
984 1135 3295 1134 15
1135 985 3295 3296 15
986 1136 3296 985 15
985 1136 3296 1135 15
1136 986 3296 3297 15
987 1137 3297 986 15
986 1137 3297 1136 15
1137 987 3297 3298 15
988 1138 3298 987 15
987 1138 3298 1137 15
1138 988 3298 3299 15
989 1139 3299 988 15
988 1139 3299 1138 15
1139 989 3299 1515 15
152 222 1515 989 15
989 222 1515 1139 15
27 405 28 1140 15
3285 1125 1140 27 15
405 27 3285 1140 15
1125 3285 1140 1141 15
3286 1126 1141 1125 15
3285 1125 3286 1141 15
1126 3286 1141 1142 15
3287 1127 1142 1126 15
3286 1126 3287 1142 15
1127 3287 1142 1143 15
3288 1128 1143 1127 15
3287 1127 3288 1143 15
1128 3288 1143 1144 15
3289 1129 1144 1128 15
3288 1128 3289 1144 15
1129 3289 1144 1145 15
3290 1130 1145 1129 15
3289 1129 3290 1145 15
1130 3290 1145 1146 15
3291 1131 1146 1130 15
3290 1130 3291 1146 15
1131 3291 1146 1147 15
3292 1132 1147 1131 15
3291 1131 3292 1147 15
1132 3292 1147 1148 15
3293 1133 1148 1132 15
3292 1132 3293 1148 15
1133 3293 1148 1149 15
3294 1134 1149 1133 15
3293 1133 3294 1149 15
1134 3294 1149 1150 15
3295 1135 1150 1134 15
3294 1134 3295 1150 15
1135 3295 1150 1151 15
3296 1136 1151 1135 15
3295 1135 3296 1151 15
1136 3296 1151 1152 15
3297 1137 1152 1136 15
3296 1136 3297 1152 15
1137 3297 1152 1153 15
3298 1138 1153 1137 15
3297 1137 3298 1153 15
1138 3298 1153 1154 15
3299 1139 1154 1138 15
3298 1138 3299 1154 15
1139 3299 1154 221 15
1515 222 221 1139 15
3299 1139 1515 221 15
28 405 406 3300 15
3285 1140 3300 405 15
405 1140 3300 28 15
1140 3285 3300 3301 15
3286 1141 3301 3285 15
3285 1141 3301 1140 15
1141 3286 3301 3302 15
3287 1142 3302 3286 15
3286 1142 3302 1141 15
1142 3287 3302 3303 15
3288 1143 3303 3287 15
3287 1143 3303 1142 15
1143 3288 3303 3304 15
3289 1144 3304 3288 15
3288 1144 3304 1143 15
1144 3289 3304 3305 15
3290 1145 3305 3289 15
3289 1145 3305 1144 15
1145 3290 3305 3306 15
3291 1146 3306 3290 15
3290 1146 3306 1145 15
1146 3291 3306 3307 15
3292 1147 3307 3291 15
3291 1147 3307 1146 15
1147 3292 3307 3308 15
3293 1148 3308 3292 15
3292 1148 3308 1147 15
1148 3293 3308 3309 15
3294 1149 3309 3293 15
3293 1149 3309 1148 15
1149 3294 3309 3310 15
3295 1150 3310 3294 15
3294 1150 3310 1149 15
1150 3295 3310 3311 15
3296 1151 3311 3295 15
3295 1151 3311 1150 15
1151 3296 3311 3312 15
3297 1152 3312 3296 15
3296 1152 3312 1151 15
1152 3297 3312 3313 15
3298 1153 3313 3297 15
3297 1153 3313 1152 15
1153 3298 3313 3314 15
3299 1154 3314 3298 15
3298 1154 3314 1153 15
1154 3299 3314 1516 15
1515 221 1516 3299 15
3299 221 1516 1154 15
28 406 29 1155 15
3300 1140 1155 28 15
406 28 3300 1155 15
1140 3300 1155 1156 15
3301 1141 1156 1140 15
3300 1140 3301 1156 15
1141 3301 1156 1157 15
3302 1142 1157 1141 15
3301 1141 3302 1157 15
1142 3302 1157 1158 15
3303 1143 1158 1142 15
3302 1142 3303 1158 15
1143 3303 1158 1159 15
3304 1144 1159 1143 15
3303 1143 3304 1159 15
1144 3304 1159 1160 15
3305 1145 1160 1144 15
3304 1144 3305 1160 15
1145 3305 1160 1161 15
3306 1146 1161 1145 15
3305 1145 3306 1161 15
1146 3306 1161 1162 15
3307 1147 1162 1146 15
3306 1146 3307 1162 15
1147 3307 1162 1163 15
3308 1148 1163 1147 15
3307 1147 3308 1163 15
1148 3308 1163 1164 15
3309 1149 1164 1148 15
3308 1148 3309 1164 15
1149 3309 1164 1165 15
3310 1150 1165 1149 15
3309 1149 3310 1165 15
1150 3310 1165 1166 15
3311 1151 1166 1150 15
3310 1150 3311 1166 15
1151 3311 1166 1167 15
3312 1152 1167 1151 15
3311 1151 3312 1167 15
1152 3312 1167 1168 15
3313 1153 1168 1152 15
3312 1152 3313 1168 15
1153 3313 1168 1169 15
3314 1154 1169 1153 15
3313 1153 3314 1169 15
1154 3314 1169 220 15
1516 221 220 1154 15
3314 1154 1516 220 15
29 406 407 3315 15
3300 1155 3315 406 15
406 1155 3315 29 15
1155 3300 3315 3316 15
3301 1156 3316 3300 15
3300 1156 3316 1155 15
1156 3301 3316 3317 15
3302 1157 3317 3301 15
3301 1157 3317 1156 15
1157 3302 3317 3318 15
3303 1158 3318 3302 15
3302 1158 3318 1157 15
1158 3303 3318 3319 15
3304 1159 3319 3303 15
3303 1159 3319 1158 15
1159 3304 3319 3320 15
3305 1160 3320 3304 15
3304 1160 3320 1159 15
1160 3305 3320 3321 15
3306 1161 3321 3305 15
3305 1161 3321 1160 15
1161 3306 3321 3322 15
3307 1162 3322 3306 15
3306 1162 3322 1161 15
1162 3307 3322 3323 15
3308 1163 3323 3307 15
3307 1163 3323 1162 15
1163 3308 3323 3324 15
3309 1164 3324 3308 15
3308 1164 3324 1163 15
1164 3309 3324 3325 15
3310 1165 3325 3309 15
3309 1165 3325 1164 15
1165 3310 3325 3326 15
3311 1166 3326 3310 15
3310 1166 3326 1165 15
1166 3311 3326 3327 15
3312 1167 3327 3311 15
3311 1167 3327 1166 15
1167 3312 3327 3328 15
3313 1168 3328 3312 15
3312 1168 3328 1167 15
1168 3313 3328 3329 15
3314 1169 3329 3313 15
3313 1169 3329 1168 15
1169 3314 3329 1517 15
1516 220 1517 3314 15
3314 220 1517 1169 15
29 407 30 1170 15
3315 1155 1170 29 15
407 29 3315 1170 15
1155 3315 1170 1171 15
3316 1156 1171 1155 15
3315 1155 3316 1171 15
1156 3316 1171 1172 15
3317 1157 1172 1156 15
3316 1156 3317 1172 15
1157 3317 1172 1173 15
3318 1158 1173 1157 15
3317 1157 3318 1173 15
1158 3318 1173 1174 15
3319 1159 1174 1158 15
3318 1158 3319 1174 15
1159 3319 1174 1175 15
3320 1160 1175 1159 15
3319 1159 3320 1175 15
1160 3320 1175 1176 15
3321 1161 1176 1160 15
3320 1160 3321 1176 15
1161 3321 1176 1177 15
3322 1162 1177 1161 15
3321 1161 3322 1177 15
1162 3322 1177 1178 15
3323 1163 1178 1162 15
3322 1162 3323 1178 15
1163 3323 1178 1179 15
3324 1164 1179 1163 15
3323 1163 3324 1179 15
1164 3324 1179 1180 15
3325 1165 1180 1164 15
3324 1164 3325 1180 15
1165 3325 1180 1181 15
3326 1166 1181 1165 15
3325 1165 3326 1181 15
1166 3326 1181 1182 15
3327 1167 1182 1166 15
3326 1166 3327 1182 15
1167 3327 1182 1183 15
3328 1168 1183 1167 15
3327 1167 3328 1183 15
1168 3328 1183 1184 15
3329 1169 1184 1168 15
3328 1168 3329 1184 15
1169 3329 1184 219 15
1517 220 219 1169 15
3329 1169 1517 219 15
30 407 408 3330 15
3315 1170 3330 407 15
407 1170 3330 30 15
1170 3315 3330 3331 15
3316 1171 3331 3315 15
3315 1171 3331 1170 15
1171 3316 3331 3332 15
3317 1172 3332 3316 15
3316 1172 3332 1171 15
1172 3317 3332 3333 15
3318 1173 3333 3317 15
3317 1173 3333 1172 15
1173 3318 3333 3334 15
3319 1174 3334 3318 15
3318 1174 3334 1173 15
1174 3319 3334 3335 15
3320 1175 3335 3319 15
3319 1175 3335 1174 15
1175 3320 3335 3336 15
3321 1176 3336 3320 15
3320 1176 3336 1175 15
1176 3321 3336 3337 15
3322 1177 3337 3321 15
3321 1177 3337 1176 15
1177 3322 3337 3338 15
3323 1178 3338 3322 15
3322 1178 3338 1177 15
1178 3323 3338 3339 15
3324 1179 3339 3323 15
3323 1179 3339 1178 15
1179 3324 3339 3340 15
3325 1180 3340 3324 15
3324 1180 3340 1179 15
1180 3325 3340 3341 15
3326 1181 3341 3325 15
3325 1181 3341 1180 15
1181 3326 3341 3342 15
3327 1182 3342 3326 15
3326 1182 3342 1181 15
1182 3327 3342 3343 15
3328 1183 3343 3327 15
3327 1183 3343 1182 15
1183 3328 3343 3344 15
3329 1184 3344 3328 15
3328 1184 3344 1183 15
1184 3329 3344 1518 15
1517 219 1518 3329 15
3329 219 1518 1184 15
30 408 31 1185 15
3330 1170 1185 30 15
408 30 3330 1185 15
1170 3330 1185 1186 15
3331 1171 1186 1170 15
3330 1170 3331 1186 15
1171 3331 1186 1187 15
3332 1172 1187 1171 15
3331 1171 3332 1187 15
1172 3332 1187 1188 15
3333 1173 1188 1172 15
3332 1172 3333 1188 15
1173 3333 1188 1189 15
3334 1174 1189 1173 15
3333 1173 3334 1189 15
1174 3334 1189 1190 15
3335 1175 1190 1174 15
3334 1174 3335 1190 15
1175 3335 1190 1191 15
3336 1176 1191 1175 15
3335 1175 3336 1191 15
1176 3336 1191 1192 15
3337 1177 1192 1176 15
3336 1176 3337 1192 15
1177 3337 1192 1193 15
3338 1178 1193 1177 15
3337 1177 3338 1193 15
1178 3338 1193 1194 15
3339 1179 1194 1178 15
3338 1178 3339 1194 15
1179 3339 1194 1195 15
3340 1180 1195 1179 15
3339 1179 3340 1195 15
1180 3340 1195 1196 15
3341 1181 1196 1180 15
3340 1180 3341 1196 15
1181 3341 1196 1197 15
3342 1182 1197 1181 15
3341 1181 3342 1197 15
1182 3342 1197 1198 15
3343 1183 1198 1182 15
3342 1182 3343 1198 15
1183 3343 1198 1199 15
3344 1184 1199 1183 15
3343 1183 3344 1199 15
1184 3344 1199 218 15
1518 219 218 1184 15
3344 1184 1518 218 15
31 408 409 3345 15
3330 1185 3345 408 15
408 1185 3345 31 15
1185 3330 3345 3346 15
3331 1186 3346 3330 15
3330 1186 3346 1185 15
1186 3331 3346 3347 15
3332 1187 3347 3331 15
3331 1187 3347 1186 15
1187 3332 3347 3348 15
3333 1188 3348 3332 15
3332 1188 3348 1187 15
1188 3333 3348 3349 15
3334 1189 3349 3333 15
3333 1189 3349 1188 15
1189 3334 3349 3350 15
3335 1190 3350 3334 15
3334 1190 3350 1189 15
1190 3335 3350 3351 15
3336 1191 3351 3335 15
3335 1191 3351 1190 15
1191 3336 3351 3352 15
3337 1192 3352 3336 15
3336 1192 3352 1191 15
1192 3337 3352 3353 15
3338 1193 3353 3337 15
3337 1193 3353 1192 15
1193 3338 3353 3354 15
3339 1194 3354 3338 15
3338 1194 3354 1193 15
1194 3339 3354 3355 15
3340 1195 3355 3339 15
3339 1195 3355 1194 15
1195 3340 3355 3356 15
3341 1196 3356 3340 15
3340 1196 3356 1195 15
1196 3341 3356 3357 15
3342 1197 3357 3341 15
3341 1197 3357 1196 15
1197 3342 3357 3358 15
3343 1198 3358 3342 15
3342 1198 3358 1197 15
1198 3343 3358 3359 15
3344 1199 3359 3343 15
3343 1199 3359 1198 15
1199 3344 3359 1519 15
1518 218 1519 3344 15
3344 218 1519 1199 15
31 409 32 1200 15
3345 1185 1200 31 15
409 31 3345 1200 15
1185 3345 1200 1201 15
3346 1186 1201 1185 15
3345 1185 3346 1201 15
1186 3346 1201 1202 15
3347 1187 1202 1186 15
3346 1186 3347 1202 15
1187 3347 1202 1203 15
3348 1188 1203 1187 15
3347 1187 3348 1203 15
1188 3348 1203 1204 15
3349 1189 1204 1188 15
3348 1188 3349 1204 15
1189 3349 1204 1205 15
3350 1190 1205 1189 15
3349 1189 3350 1205 15
1190 3350 1205 1206 15
3351 1191 1206 1190 15
3350 1190 3351 1206 15
1191 3351 1206 1207 15
3352 1192 1207 1191 15
3351 1191 3352 1207 15
1192 3352 1207 1208 15
3353 1193 1208 1192 15
3352 1192 3353 1208 15
1193 3353 1208 1209 15
3354 1194 1209 1193 15
3353 1193 3354 1209 15
1194 3354 1209 1210 15
3355 1195 1210 1194 15
3354 1194 3355 1210 15
1195 3355 1210 1211 15
3356 1196 1211 1195 15
3355 1195 3356 1211 15
1196 3356 1211 1212 15
3357 1197 1212 1196 15
3356 1196 3357 1212 15
1197 3357 1212 1213 15
3358 1198 1213 1197 15
3357 1197 3358 1213 15
1198 3358 1213 1214 15
3359 1199 1214 1198 15
3358 1198 3359 1214 15
1199 3359 1214 217 15
1519 218 217 1199 15
3359 1199 1519 217 15
32 409 410 3360 15
3345 1200 3360 409 15
409 1200 3360 32 15
1200 3345 3360 3361 15
3346 1201 3361 3345 15
3345 1201 3361 1200 15
1201 3346 3361 3362 15
3347 1202 3362 3346 15
3346 1202 3362 1201 15
1202 3347 3362 3363 15
3348 1203 3363 3347 15
3347 1203 3363 1202 15
1203 3348 3363 3364 15
3349 1204 3364 3348 15
3348 1204 3364 1203 15
1204 3349 3364 3365 15
3350 1205 3365 3349 15
3349 1205 3365 1204 15
1205 3350 3365 3366 15
3351 1206 3366 3350 15
3350 1206 3366 1205 15
1206 3351 3366 3367 15
3352 1207 3367 3351 15
3351 1207 3367 1206 15
1207 3352 3367 3368 15
3353 1208 3368 3352 15
3352 1208 3368 1207 15
1208 3353 3368 3369 15
3354 1209 3369 3353 15
3353 1209 3369 1208 15
1209 3354 3369 3370 15
3355 1210 3370 3354 15
3354 1210 3370 1209 15
1210 3355 3370 3371 15
3356 1211 3371 3355 15
3355 1211 3371 1210 15
1211 3356 3371 3372 15
3357 1212 3372 3356 15
3356 1212 3372 1211 15
1212 3357 3372 3373 15
3358 1213 3373 3357 15
3357 1213 3373 1212 15
1213 3358 3373 3374 15
3359 1214 3374 3358 15
3358 1214 3374 1213 15
1214 3359 3374 1520 15
1519 217 1520 3359 15
3359 217 1520 1214 15
32 410 33 1215 15
3360 1200 1215 32 15
410 32 3360 1215 15
1200 3360 1215 1216 15
3361 1201 1216 1200 15
3360 1200 3361 1216 15
1201 3361 1216 1217 15
3362 1202 1217 1201 15
3361 1201 3362 1217 15
1202 3362 1217 1218 15
3363 1203 1218 1202 15
3362 1202 3363 1218 15
1203 3363 1218 1219 15
3364 1204 1219 1203 15
3363 1203 3364 1219 15
1204 3364 1219 1220 15
3365 1205 1220 1204 15
3364 1204 3365 1220 15
1205 3365 1220 1221 15
3366 1206 1221 1205 15
3365 1205 3366 1221 15
1206 3366 1221 1222 15
3367 1207 1222 1206 15
3366 1206 3367 1222 15
1207 3367 1222 1223 15
3368 1208 1223 1207 15
3367 1207 3368 1223 15
1208 3368 1223 1224 15
3369 1209 1224 1208 15
3368 1208 3369 1224 15
1209 3369 1224 1225 15
3370 1210 1225 1209 15
3369 1209 3370 1225 15
1210 3370 1225 1226 15
3371 1211 1226 1210 15
3370 1210 3371 1226 15
1211 3371 1226 1227 15
3372 1212 1227 1211 15
3371 1211 3372 1227 15
1212 3372 1227 1228 15
3373 1213 1228 1212 15
3372 1212 3373 1228 15
1213 3373 1228 1229 15
3374 1214 1229 1213 15
3373 1213 3374 1229 15
1214 3374 1229 216 15
1520 217 216 1214 15
3374 1214 1520 216 15
33 410 411 3375 15
3360 1215 3375 410 15
410 1215 3375 33 15
1215 3360 3375 3376 15
3361 1216 3376 3360 15
3360 1216 3376 1215 15
1216 3361 3376 3377 15
3362 1217 3377 3361 15
3361 1217 3377 1216 15
1217 3362 3377 3378 15
3363 1218 3378 3362 15
3362 1218 3378 1217 15
1218 3363 3378 3379 15
3364 1219 3379 3363 15
3363 1219 3379 1218 15
1219 3364 3379 3380 15
3365 1220 3380 3364 15
3364 1220 3380 1219 15
1220 3365 3380 3381 15
3366 1221 3381 3365 15
3365 1221 3381 1220 15
1221 3366 3381 3382 15
3367 1222 3382 3366 15
3366 1222 3382 1221 15
1222 3367 3382 3383 15
3368 1223 3383 3367 15
3367 1223 3383 1222 15
1223 3368 3383 3384 15
3369 1224 3384 3368 15
3368 1224 3384 1223 15
1224 3369 3384 3385 15
3370 1225 3385 3369 15
3369 1225 3385 1224 15
1225 3370 3385 3386 15
3371 1226 3386 3370 15
3370 1226 3386 1225 15
1226 3371 3386 3387 15
3372 1227 3387 3371 15
3371 1227 3387 1226 15
1227 3372 3387 3388 15
3373 1228 3388 3372 15
3372 1228 3388 1227 15
1228 3373 3388 3389 15
3374 1229 3389 3373 15
3373 1229 3389 1228 15
1229 3374 3389 1521 15
1520 216 1521 3374 15
3374 216 1521 1229 15
33 411 34 1230 15
3375 1215 1230 33 15
411 33 3375 1230 15
1215 3375 1230 1231 15
3376 1216 1231 1215 15
3375 1215 3376 1231 15
1216 3376 1231 1232 15
3377 1217 1232 1216 15
3376 1216 3377 1232 15
1217 3377 1232 1233 15
3378 1218 1233 1217 15
3377 1217 3378 1233 15
1218 3378 1233 1234 15
3379 1219 1234 1218 15
3378 1218 3379 1234 15
1219 3379 1234 1235 15
3380 1220 1235 1219 15
3379 1219 3380 1235 15
1220 3380 1235 1236 15
3381 1221 1236 1220 15
3380 1220 3381 1236 15
1221 3381 1236 1237 15
3382 1222 1237 1221 15
3381 1221 3382 1237 15
1222 3382 1237 1238 15
3383 1223 1238 1222 15
3382 1222 3383 1238 15
1223 3383 1238 1239 15
3384 1224 1239 1223 15
3383 1223 3384 1239 15
1224 3384 1239 1240 15
3385 1225 1240 1224 15
3384 1224 3385 1240 15
1225 3385 1240 1241 15
3386 1226 1241 1225 15
3385 1225 3386 1241 15
1226 3386 1241 1242 15
3387 1227 1242 1226 15
3386 1226 3387 1242 15
1227 3387 1242 1243 15
3388 1228 1243 1227 15
3387 1227 3388 1243 15
1228 3388 1243 1244 15
3389 1229 1244 1228 15
3388 1228 3389 1244 15
1229 3389 1244 215 15
1521 216 215 1229 15
3389 1229 1521 215 15
34 411 412 3390 15
3375 1230 3390 411 15
411 1230 3390 34 15
1230 3375 3390 3391 15
3376 1231 3391 3375 15
3375 1231 3391 1230 15
1231 3376 3391 3392 15
3377 1232 3392 3376 15
3376 1232 3392 1231 15
1232 3377 3392 3393 15
3378 1233 3393 3377 15
3377 1233 3393 1232 15
1233 3378 3393 3394 15
3379 1234 3394 3378 15
3378 1234 3394 1233 15
1234 3379 3394 3395 15
3380 1235 3395 3379 15
3379 1235 3395 1234 15
1235 3380 3395 3396 15
3381 1236 3396 3380 15
3380 1236 3396 1235 15
1236 3381 3396 3397 15
3382 1237 3397 3381 15
3381 1237 3397 1236 15
1237 3382 3397 3398 15
3383 1238 3398 3382 15
3382 1238 3398 1237 15
1238 3383 3398 3399 15
3384 1239 3399 3383 15
3383 1239 3399 1238 15
1239 3384 3399 3400 15
3385 1240 3400 3384 15
3384 1240 3400 1239 15
1240 3385 3400 3401 15
3386 1241 3401 3385 15
3385 1241 3401 1240 15
1241 3386 3401 3402 15
3387 1242 3402 3386 15
3386 1242 3402 1241 15
1242 3387 3402 3403 15
3388 1243 3403 3387 15
3387 1243 3403 1242 15
1243 3388 3403 3404 15
3389 1244 3404 3388 15
3388 1244 3404 1243 15
1244 3389 3404 1522 15
1521 215 1522 3389 15
3389 215 1522 1244 15
34 412 35 1245 15
3390 1230 1245 34 15
412 34 3390 1245 15
1230 3390 1245 1246 15
3391 1231 1246 1230 15
3390 1230 3391 1246 15
1231 3391 1246 1247 15
3392 1232 1247 1231 15
3391 1231 3392 1247 15
1232 3392 1247 1248 15
3393 1233 1248 1232 15
3392 1232 3393 1248 15
1233 3393 1248 1249 15
3394 1234 1249 1233 15
3393 1233 3394 1249 15
1234 3394 1249 1250 15
3395 1235 1250 1234 15
3394 1234 3395 1250 15
1235 3395 1250 1251 15
3396 1236 1251 1235 15
3395 1235 3396 1251 15
1236 3396 1251 1252 15
3397 1237 1252 1236 15
3396 1236 3397 1252 15
1237 3397 1252 1253 15
3398 1238 1253 1237 15
3397 1237 3398 1253 15
1238 3398 1253 1254 15
3399 1239 1254 1238 15
3398 1238 3399 1254 15
1239 3399 1254 1255 15
3400 1240 1255 1239 15
3399 1239 3400 1255 15
1240 3400 1255 1256 15
3401 1241 1256 1240 15
3400 1240 3401 1256 15
1241 3401 1256 1257 15
3402 1242 1257 1241 15
3401 1241 3402 1257 15
1242 3402 1257 1258 15
3403 1243 1258 1242 15
3402 1242 3403 1258 15
1243 3403 1258 1259 15
3404 1244 1259 1243 15
3403 1243 3404 1259 15
1244 3404 1259 214 15
1522 215 214 1244 15
3404 1244 1522 214 15
35 412 413 3405 15
3390 1245 3405 412 15
412 1245 3405 35 15
1245 3390 3405 3406 15
3391 1246 3406 3390 15
3390 1246 3406 1245 15
1246 3391 3406 3407 15
3392 1247 3407 3391 15
3391 1247 3407 1246 15
1247 3392 3407 3408 15
3393 1248 3408 3392 15
3392 1248 3408 1247 15
1248 3393 3408 3409 15
3394 1249 3409 3393 15
3393 1249 3409 1248 15
1249 3394 3409 3410 15
3395 1250 3410 3394 15
3394 1250 3410 1249 15
1250 3395 3410 3411 15
3396 1251 3411 3395 15
3395 1251 3411 1250 15
1251 3396 3411 3412 15
3397 1252 3412 3396 15
3396 1252 3412 1251 15
1252 3397 3412 3413 15
3398 1253 3413 3397 15
3397 1253 3413 1252 15
1253 3398 3413 3414 15
3399 1254 3414 3398 15
3398 1254 3414 1253 15
1254 3399 3414 3415 15
3400 1255 3415 3399 15
3399 1255 3415 1254 15
1255 3400 3415 3416 15
3401 1256 3416 3400 15
3400 1256 3416 1255 15
1256 3401 3416 3417 15
3402 1257 3417 3401 15
3401 1257 3417 1256 15
1257 3402 3417 3418 15
3403 1258 3418 3402 15
3402 1258 3418 1257 15
1258 3403 3418 3419 15
3404 1259 3419 3403 15
3403 1259 3419 1258 15
1259 3404 3419 1523 15
1522 214 1523 3404 15
3404 214 1523 1259 15
35 413 36 1260 15
3405 1245 1260 35 15
413 35 3405 1260 15
1245 3405 1260 1261 15
3406 1246 1261 1245 15
3405 1245 3406 1261 15
1246 3406 1261 1262 15
3407 1247 1262 1246 15
3406 1246 3407 1262 15
1247 3407 1262 1263 15
3408 1248 1263 1247 15
3407 1247 3408 1263 15
1248 3408 1263 1264 15
3409 1249 1264 1248 15
3408 1248 3409 1264 15
1249 3409 1264 1265 15
3410 1250 1265 1249 15
3409 1249 3410 1265 15
1250 3410 1265 1266 15
3411 1251 1266 1250 15
3410 1250 3411 1266 15
1251 3411 1266 1267 15
3412 1252 1267 1251 15
3411 1251 3412 1267 15
1252 3412 1267 1268 15
3413 1253 1268 1252 15
3412 1252 3413 1268 15
1253 3413 1268 1269 15
3414 1254 1269 1253 15
3413 1253 3414 1269 15
1254 3414 1269 1270 15
3415 1255 1270 1254 15
3414 1254 3415 1270 15
1255 3415 1270 1271 15
3416 1256 1271 1255 15
3415 1255 3416 1271 15
1256 3416 1271 1272 15
3417 1257 1272 1256 15
3416 1256 3417 1272 15
1257 3417 1272 1273 15
3418 1258 1273 1257 15
3417 1257 3418 1273 15
1258 3418 1273 1274 15
3419 1259 1274 1258 15
3418 1258 3419 1274 15
1259 3419 1274 213 15
1523 214 213 1259 15
3419 1259 1523 213 15
36 413 414 3420 15
3405 1260 3420 413 15
413 1260 3420 36 15
1260 3405 3420 3421 15
3406 1261 3421 3405 15
3405 1261 3421 1260 15
1261 3406 3421 3422 15
3407 1262 3422 3406 15
3406 1262 3422 1261 15
1262 3407 3422 3423 15
3408 1263 3423 3407 15
3407 1263 3423 1262 15
1263 3408 3423 3424 15
3409 1264 3424 3408 15
3408 1264 3424 1263 15
1264 3409 3424 3425 15
3410 1265 3425 3409 15
3409 1265 3425 1264 15
1265 3410 3425 3426 15
3411 1266 3426 3410 15
3410 1266 3426 1265 15
1266 3411 3426 3427 15
3412 1267 3427 3411 15
3411 1267 3427 1266 15
1267 3412 3427 3428 15
3413 1268 3428 3412 15
3412 1268 3428 1267 15
1268 3413 3428 3429 15
3414 1269 3429 3413 15
3413 1269 3429 1268 15
1269 3414 3429 3430 15
3415 1270 3430 3414 15
3414 1270 3430 1269 15
1270 3415 3430 3431 15
3416 1271 3431 3415 15
3415 1271 3431 1270 15
1271 3416 3431 3432 15
3417 1272 3432 3416 15
3416 1272 3432 1271 15
1272 3417 3432 3433 15
3418 1273 3433 3417 15
3417 1273 3433 1272 15
1273 3418 3433 3434 15
3419 1274 3434 3418 15
3418 1274 3434 1273 15
1274 3419 3434 1524 15
1523 213 1524 3419 15
3419 213 1524 1274 15
36 414 3 239 15
3420 1260 239 36 15
414 36 3420 239 15
1260 3420 239 240 15
3421 1261 240 1260 15
3420 1260 3421 240 15
1261 3421 240 241 15
3422 1262 241 1261 15
3421 1261 3422 241 15
1262 3422 241 242 15
3423 1263 242 1262 15
3422 1262 3423 242 15
1263 3423 242 243 15
3424 1264 243 1263 15
3423 1263 3424 243 15
1264 3424 243 244 15
3425 1265 244 1264 15
3424 1264 3425 244 15
1265 3425 244 245 15
3426 1266 245 1265 15
3425 1265 3426 245 15
1266 3426 245 246 15
3427 1267 246 1266 15
3426 1266 3427 246 15
1267 3427 246 247 15
3428 1268 247 1267 15
3427 1267 3428 247 15
1268 3428 247 248 15
3429 1269 248 1268 15
3428 1268 3429 248 15
1269 3429 248 249 15
3430 1270 249 1269 15
3429 1269 3430 249 15
1270 3430 249 250 15
3431 1271 250 1270 15
3430 1270 3431 250 15
1271 3431 250 251 15
3432 1272 251 1271 15
3431 1271 3432 251 15
1272 3432 251 252 15
3433 1273 252 1272 15
3432 1272 3433 252 15
1273 3433 252 253 15
3434 1274 253 1273 15
3433 1273 3434 253 15
1274 3434 253 13 15
1524 213 13 1274 15
3434 1274 1524 13 15
3 414 109 239 15
3420 239 1425 414 15
414 239 1425 109 15
239 3420 1425 240 15
3421 240 1426 3420 15
3420 240 1426 1425 15
240 3421 1426 241 15
3422 241 1427 3421 15
3421 241 1427 1426 15
241 3422 1427 242 15
3423 242 1428 3422 15
3422 242 1428 1427 15
242 3423 1428 243 15
3424 243 1429 3423 15
3423 243 1429 1428 15
243 3424 1429 244 15
3425 244 1430 3424 15
3424 244 1430 1429 15
244 3425 1430 245 15
3426 245 1431 3425 15
3425 245 1431 1430 15
245 3426 1431 246 15
3427 246 1432 3426 15
3426 246 1432 1431 15
246 3427 1432 247 15
3428 247 1433 3427 15
3427 247 1433 1432 15
247 3428 1433 248 15
3429 248 1434 3428 15
3428 248 1434 1433 15
248 3429 1434 249 15
3430 249 1435 3429 15
3429 249 1435 1434 15
249 3430 1435 250 15
3431 250 1436 3430 15
3430 250 1436 1435 15
250 3431 1436 251 15
3432 251 1437 3431 15
3431 251 1437 1436 15
251 3432 1437 252 15
3433 252 1438 3432 15
3432 252 1438 1437 15
252 3433 1438 253 15
3434 253 1439 3433 15
3433 253 1439 1438 15
253 3434 1439 13 15
1524 13 238 3434 15
3434 13 238 1439 15
103 104 405 3285 15
990 975 3285 103 15
104 103 990 3285 15
975 990 3285 3286 15
991 976 3286 975 15
990 975 991 3286 15
976 991 3286 3287 15
992 977 3287 976 15
991 976 992 3287 15
977 992 3287 3288 15
993 978 3288 977 15
992 977 993 3288 15
978 993 3288 3289 15
994 979 3289 978 15
993 978 994 3289 15
979 994 3289 3290 15
995 980 3290 979 15
994 979 995 3290 15
980 995 3290 3291 15
996 981 3291 980 15
995 980 996 3291 15
981 996 3291 3292 15
997 982 3292 981 15
996 981 997 3292 15
982 997 3292 3293 15
998 983 3293 982 15
997 982 998 3293 15
983 998 3293 3294 15
999 984 3294 983 15
998 983 999 3294 15
984 999 3294 3295 15
1000 985 3295 984 15
999 984 1000 3295 15
985 1000 3295 3296 15
1001 986 3296 985 15
1000 985 1001 3296 15
986 1001 3296 3297 15
1002 987 3297 986 15
1001 986 1002 3297 15
987 1002 3297 3298 15
1003 988 3298 987 15
1002 987 1003 3298 15
988 1003 3298 3299 15
1004 989 3299 988 15
1003 988 1004 3299 15
989 1004 3299 1515 15
151 152 1515 989 15
1004 989 151 1515 15
405 104 415 3435 15
990 3285 3435 104 15
104 3285 3435 405 15
3285 990 3435 3436 15
991 3286 3436 990 15
990 3286 3436 3285 15
3286 991 3436 3437 15
992 3287 3437 991 15
991 3287 3437 3286 15
3287 992 3437 3438 15
993 3288 3438 992 15
992 3288 3438 3287 15
3288 993 3438 3439 15
994 3289 3439 993 15
993 3289 3439 3288 15
3289 994 3439 3440 15
995 3290 3440 994 15
994 3290 3440 3289 15
3290 995 3440 3441 15
996 3291 3441 995 15
995 3291 3441 3290 15
3291 996 3441 3442 15
997 3292 3442 996 15
996 3292 3442 3291 15
3292 997 3442 3443 15
998 3293 3443 997 15
997 3293 3443 3292 15
3293 998 3443 3444 15
999 3294 3444 998 15
998 3294 3444 3293 15
3294 999 3444 3445 15
1000 3295 3445 999 15
999 3295 3445 3294 15
3295 1000 3445 3446 15
1001 3296 3446 1000 15
1000 3296 3446 3295 15
3296 1001 3446 3447 15
1002 3297 3447 1001 15
1001 3297 3447 3296 15
3297 1002 3447 3448 15
1003 3298 3448 1002 15
1002 3298 3448 3297 15
3298 1003 3448 3449 15
1004 3299 3449 1003 15
1003 3299 3449 3298 15
3299 1004 3449 1525 15
151 1515 1525 1004 15
1004 1515 1525 3299 15
405 415 406 3300 15
3435 3285 3300 405 15
415 405 3435 3300 15
3285 3435 3300 3301 15
3436 3286 3301 3285 15
3435 3285 3436 3301 15
3286 3436 3301 3302 15
3437 3287 3302 3286 15
3436 3286 3437 3302 15
3287 3437 3302 3303 15
3438 3288 3303 3287 15
3437 3287 3438 3303 15
3288 3438 3303 3304 15
3439 3289 3304 3288 15
3438 3288 3439 3304 15
3289 3439 3304 3305 15
3440 3290 3305 3289 15
3439 3289 3440 3305 15
3290 3440 3305 3306 15
3441 3291 3306 3290 15
3440 3290 3441 3306 15
3291 3441 3306 3307 15
3442 3292 3307 3291 15
3441 3291 3442 3307 15
3292 3442 3307 3308 15
3443 3293 3308 3292 15
3442 3292 3443 3308 15
3293 3443 3308 3309 15
3444 3294 3309 3293 15
3443 3293 3444 3309 15
3294 3444 3309 3310 15
3445 3295 3310 3294 15
3444 3294 3445 3310 15
3295 3445 3310 3311 15
3446 3296 3311 3295 15
3445 3295 3446 3311 15
3296 3446 3311 3312 15
3447 3297 3312 3296 15
3446 3296 3447 3312 15
3297 3447 3312 3313 15
3448 3298 3313 3297 15
3447 3297 3448 3313 15
3298 3448 3313 3314 15
3449 3299 3314 3298 15
3448 3298 3449 3314 15
3299 3449 3314 1516 15
1525 1515 1516 3299 15
3449 3299 1525 1516 15
406 415 416 3450 15
3435 3300 3450 415 15
415 3300 3450 406 15
3300 3435 3450 3451 15
3436 3301 3451 3435 15
3435 3301 3451 3300 15
3301 3436 3451 3452 15
3437 3302 3452 3436 15
3436 3302 3452 3301 15
3302 3437 3452 3453 15
3438 3303 3453 3437 15
3437 3303 3453 3302 15
3303 3438 3453 3454 15
3439 3304 3454 3438 15
3438 3304 3454 3303 15
3304 3439 3454 3455 15
3440 3305 3455 3439 15
3439 3305 3455 3304 15
3305 3440 3455 3456 15
3441 3306 3456 3440 15
3440 3306 3456 3305 15
3306 3441 3456 3457 15
3442 3307 3457 3441 15
3441 3307 3457 3306 15
3307 3442 3457 3458 15
3443 3308 3458 3442 15
3442 3308 3458 3307 15
3308 3443 3458 3459 15
3444 3309 3459 3443 15
3443 3309 3459 3308 15
3309 3444 3459 3460 15
3445 3310 3460 3444 15
3444 3310 3460 3309 15
3310 3445 3460 3461 15
3446 3311 3461 3445 15
3445 3311 3461 3310 15
3311 3446 3461 3462 15
3447 3312 3462 3446 15
3446 3312 3462 3311 15
3312 3447 3462 3463 15
3448 3313 3463 3447 15
3447 3313 3463 3312 15
3313 3448 3463 3464 15
3449 3314 3464 3448 15
3448 3314 3464 3313 15
3314 3449 3464 1526 15
1525 1516 1526 3449 15
3449 1516 1526 3314 15
406 416 407 3315 15
3450 3300 3315 406 15
416 406 3450 3315 15
3300 3450 3315 3316 15
3451 3301 3316 3300 15
3450 3300 3451 3316 15
3301 3451 3316 3317 15
3452 3302 3317 3301 15
3451 3301 3452 3317 15
3302 3452 3317 3318 15
3453 3303 3318 3302 15
3452 3302 3453 3318 15
3303 3453 3318 3319 15
3454 3304 3319 3303 15
3453 3303 3454 3319 15
3304 3454 3319 3320 15
3455 3305 3320 3304 15
3454 3304 3455 3320 15
3305 3455 3320 3321 15
3456 3306 3321 3305 15
3455 3305 3456 3321 15
3306 3456 3321 3322 15
3457 3307 3322 3306 15
3456 3306 3457 3322 15
3307 3457 3322 3323 15
3458 3308 3323 3307 15
3457 3307 3458 3323 15
3308 3458 3323 3324 15
3459 3309 3324 3308 15
3458 3308 3459 3324 15
3309 3459 3324 3325 15
3460 3310 3325 3309 15
3459 3309 3460 3325 15
3310 3460 3325 3326 15
3461 3311 3326 3310 15
3460 3310 3461 3326 15
3311 3461 3326 3327 15
3462 3312 3327 3311 15
3461 3311 3462 3327 15
3312 3462 3327 3328 15
3463 3313 3328 3312 15
3462 3312 3463 3328 15
3313 3463 3328 3329 15
3464 3314 3329 3313 15
3463 3313 3464 3329 15
3314 3464 3329 1517 15
1526 1516 1517 3314 15
3464 3314 1526 1517 15
407 416 417 3465 15
3450 3315 3465 416 15
416 3315 3465 407 15
3315 3450 3465 3466 15
3451 3316 3466 3450 15
3450 3316 3466 3315 15
3316 3451 3466 3467 15
3452 3317 3467 3451 15
3451 3317 3467 3316 15
3317 3452 3467 3468 15
3453 3318 3468 3452 15
3452 3318 3468 3317 15
3318 3453 3468 3469 15
3454 3319 3469 3453 15
3453 3319 3469 3318 15
3319 3454 3469 3470 15
3455 3320 3470 3454 15
3454 3320 3470 3319 15
3320 3455 3470 3471 15
3456 3321 3471 3455 15
3455 3321 3471 3320 15
3321 3456 3471 3472 15
3457 3322 3472 3456 15
3456 3322 3472 3321 15
3322 3457 3472 3473 15
3458 3323 3473 3457 15
3457 3323 3473 3322 15
3323 3458 3473 3474 15
3459 3324 3474 3458 15
3458 3324 3474 3323 15
3324 3459 3474 3475 15
3460 3325 3475 3459 15
3459 3325 3475 3324 15
3325 3460 3475 3476 15
3461 3326 3476 3460 15
3460 3326 3476 3325 15
3326 3461 3476 3477 15
3462 3327 3477 3461 15
3461 3327 3477 3326 15
3327 3462 3477 3478 15
3463 3328 3478 3462 15
3462 3328 3478 3327 15
3328 3463 3478 3479 15
3464 3329 3479 3463 15
3463 3329 3479 3328 15
3329 3464 3479 1527 15
1526 1517 1527 3464 15
3464 1517 1527 3329 15
407 417 408 3330 15
3465 3315 3330 407 15
417 407 3465 3330 15
3315 3465 3330 3331 15
3466 3316 3331 3315 15
3465 3315 3466 3331 15
3316 3466 3331 3332 15
3467 3317 3332 3316 15
3466 3316 3467 3332 15
3317 3467 3332 3333 15
3468 3318 3333 3317 15
3467 3317 3468 3333 15
3318 3468 3333 3334 15
3469 3319 3334 3318 15
3468 3318 3469 3334 15
3319 3469 3334 3335 15
3470 3320 3335 3319 15
3469 3319 3470 3335 15
3320 3470 3335 3336 15
3471 3321 3336 3320 15
3470 3320 3471 3336 15
3321 3471 3336 3337 15
3472 3322 3337 3321 15
3471 3321 3472 3337 15
3322 3472 3337 3338 15
3473 3323 3338 3322 15
3472 3322 3473 3338 15
3323 3473 3338 3339 15
3474 3324 3339 3323 15
3473 3323 3474 3339 15
3324 3474 3339 3340 15
3475 3325 3340 3324 15
3474 3324 3475 3340 15
3325 3475 3340 3341 15
3476 3326 3341 3325 15
3475 3325 3476 3341 15
3326 3476 3341 3342 15
3477 3327 3342 3326 15
3476 3326 3477 3342 15
3327 3477 3342 3343 15
3478 3328 3343 3327 15
3477 3327 3478 3343 15
3328 3478 3343 3344 15
3479 3329 3344 3328 15
3478 3328 3479 3344 15
3329 3479 3344 1518 15
1527 1517 1518 3329 15
3479 3329 1527 1518 15
408 417 418 3480 15
3465 3330 3480 417 15
417 3330 3480 408 15
3330 3465 3480 3481 15
3466 3331 3481 3465 15
3465 3331 3481 3330 15
3331 3466 3481 3482 15
3467 3332 3482 3466 15
3466 3332 3482 3331 15
3332 3467 3482 3483 15
3468 3333 3483 3467 15
3467 3333 3483 3332 15
3333 3468 3483 3484 15
3469 3334 3484 3468 15
3468 3334 3484 3333 15
3334 3469 3484 3485 15
3470 3335 3485 3469 15
3469 3335 3485 3334 15
3335 3470 3485 3486 15
3471 3336 3486 3470 15
3470 3336 3486 3335 15
3336 3471 3486 3487 15
3472 3337 3487 3471 15
3471 3337 3487 3336 15
3337 3472 3487 3488 15
3473 3338 3488 3472 15
3472 3338 3488 3337 15
3338 3473 3488 3489 15
3474 3339 3489 3473 15
3473 3339 3489 3338 15
3339 3474 3489 3490 15
3475 3340 3490 3474 15
3474 3340 3490 3339 15
3340 3475 3490 3491 15
3476 3341 3491 3475 15
3475 3341 3491 3340 15
3341 3476 3491 3492 15
3477 3342 3492 3476 15
3476 3342 3492 3341 15
3342 3477 3492 3493 15
3478 3343 3493 3477 15
3477 3343 3493 3342 15
3343 3478 3493 3494 15
3479 3344 3494 3478 15
3478 3344 3494 3343 15
3344 3479 3494 1528 15
1527 1518 1528 3479 15
3479 1518 1528 3344 15
408 418 409 3345 15
3480 3330 3345 408 15
418 408 3480 3345 15
3330 3480 3345 3346 15
3481 3331 3346 3330 15
3480 3330 3481 3346 15
3331 3481 3346 3347 15
3482 3332 3347 3331 15
3481 3331 3482 3347 15
3332 3482 3347 3348 15
3483 3333 3348 3332 15
3482 3332 3483 3348 15
3333 3483 3348 3349 15
3484 3334 3349 3333 15
3483 3333 3484 3349 15
3334 3484 3349 3350 15
3485 3335 3350 3334 15
3484 3334 3485 3350 15
3335 3485 3350 3351 15
3486 3336 3351 3335 15
3485 3335 3486 3351 15
3336 3486 3351 3352 15
3487 3337 3352 3336 15
3486 3336 3487 3352 15
3337 3487 3352 3353 15
3488 3338 3353 3337 15
3487 3337 3488 3353 15
3338 3488 3353 3354 15
3489 3339 3354 3338 15
3488 3338 3489 3354 15
3339 3489 3354 3355 15
3490 3340 3355 3339 15
3489 3339 3490 3355 15
3340 3490 3355 3356 15
3491 3341 3356 3340 15
3490 3340 3491 3356 15
3341 3491 3356 3357 15
3492 3342 3357 3341 15
3491 3341 3492 3357 15
3342 3492 3357 3358 15
3493 3343 3358 3342 15
3492 3342 3493 3358 15
3343 3493 3358 3359 15
3494 3344 3359 3343 15
3493 3343 3494 3359 15
3344 3494 3359 1519 15
1528 1518 1519 3344 15
3494 3344 1528 1519 15
409 418 419 3495 15
3480 3345 3495 418 15
418 3345 3495 409 15
3345 3480 3495 3496 15
3481 3346 3496 3480 15
3480 3346 3496 3345 15
3346 3481 3496 3497 15
3482 3347 3497 3481 15
3481 3347 3497 3346 15
3347 3482 3497 3498 15
3483 3348 3498 3482 15
3482 3348 3498 3347 15
3348 3483 3498 3499 15
3484 3349 3499 3483 15
3483 3349 3499 3348 15
3349 3484 3499 3500 15
3485 3350 3500 3484 15
3484 3350 3500 3349 15
3350 3485 3500 3501 15
3486 3351 3501 3485 15
3485 3351 3501 3350 15
3351 3486 3501 3502 15
3487 3352 3502 3486 15
3486 3352 3502 3351 15
3352 3487 3502 3503 15
3488 3353 3503 3487 15
3487 3353 3503 3352 15
3353 3488 3503 3504 15
3489 3354 3504 3488 15
3488 3354 3504 3353 15
3354 3489 3504 3505 15
3490 3355 3505 3489 15
3489 3355 3505 3354 15
3355 3490 3505 3506 15
3491 3356 3506 3490 15
3490 3356 3506 3355 15
3356 3491 3506 3507 15
3492 3357 3507 3491 15
3491 3357 3507 3356 15
3357 3492 3507 3508 15
3493 3358 3508 3492 15
3492 3358 3508 3357 15
3358 3493 3508 3509 15
3494 3359 3509 3493 15
3493 3359 3509 3358 15
3359 3494 3509 1529 15
1528 1519 1529 3494 15
3494 1519 1529 3359 15
409 419 410 3360 15
3495 3345 3360 409 15
419 409 3495 3360 15
3345 3495 3360 3361 15
3496 3346 3361 3345 15
3495 3345 3496 3361 15
3346 3496 3361 3362 15
3497 3347 3362 3346 15
3496 3346 3497 3362 15
3347 3497 3362 3363 15
3498 3348 3363 3347 15
3497 3347 3498 3363 15
3348 3498 3363 3364 15
3499 3349 3364 3348 15
3498 3348 3499 3364 15
3349 3499 3364 3365 15
3500 3350 3365 3349 15
3499 3349 3500 3365 15
3350 3500 3365 3366 15
3501 3351 3366 3350 15
3500 3350 3501 3366 15
3351 3501 3366 3367 15
3502 3352 3367 3351 15
3501 3351 3502 3367 15
3352 3502 3367 3368 15
3503 3353 3368 3352 15
3502 3352 3503 3368 15
3353 3503 3368 3369 15
3504 3354 3369 3353 15
3503 3353 3504 3369 15
3354 3504 3369 3370 15
3505 3355 3370 3354 15
3504 3354 3505 3370 15
3355 3505 3370 3371 15
3506 3356 3371 3355 15
3505 3355 3506 3371 15
3356 3506 3371 3372 15
3507 3357 3372 3356 15
3506 3356 3507 3372 15
3357 3507 3372 3373 15
3508 3358 3373 3357 15
3507 3357 3508 3373 15
3358 3508 3373 3374 15
3509 3359 3374 3358 15
3508 3358 3509 3374 15
3359 3509 3374 1520 15
1529 1519 1520 3359 15
3509 3359 1529 1520 15
410 419 420 3510 15
3495 3360 3510 419 15
419 3360 3510 410 15
3360 3495 3510 3511 15
3496 3361 3511 3495 15
3495 3361 3511 3360 15
3361 3496 3511 3512 15
3497 3362 3512 3496 15
3496 3362 3512 3361 15
3362 3497 3512 3513 15
3498 3363 3513 3497 15
3497 3363 3513 3362 15
3363 3498 3513 3514 15
3499 3364 3514 3498 15
3498 3364 3514 3363 15
3364 3499 3514 3515 15
3500 3365 3515 3499 15
3499 3365 3515 3364 15
3365 3500 3515 3516 15
3501 3366 3516 3500 15
3500 3366 3516 3365 15
3366 3501 3516 3517 15
3502 3367 3517 3501 15
3501 3367 3517 3366 15
3367 3502 3517 3518 15
3503 3368 3518 3502 15
3502 3368 3518 3367 15
3368 3503 3518 3519 15
3504 3369 3519 3503 15
3503 3369 3519 3368 15
3369 3504 3519 3520 15
3505 3370 3520 3504 15
3504 3370 3520 3369 15
3370 3505 3520 3521 15
3506 3371 3521 3505 15
3505 3371 3521 3370 15
3371 3506 3521 3522 15
3507 3372 3522 3506 15
3506 3372 3522 3371 15
3372 3507 3522 3523 15
3508 3373 3523 3507 15
3507 3373 3523 3372 15
3373 3508 3523 3524 15
3509 3374 3524 3508 15
3508 3374 3524 3373 15
3374 3509 3524 1530 15
1529 1520 1530 3509 15
3509 1520 1530 3374 15
410 420 411 3375 15
3510 3360 3375 410 15
420 410 3510 3375 15
3360 3510 3375 3376 15
3511 3361 3376 3360 15
3510 3360 3511 3376 15
3361 3511 3376 3377 15
3512 3362 3377 3361 15
3511 3361 3512 3377 15
3362 3512 3377 3378 15
3513 3363 3378 3362 15
3512 3362 3513 3378 15
3363 3513 3378 3379 15
3514 3364 3379 3363 15
3513 3363 3514 3379 15
3364 3514 3379 3380 15
3515 3365 3380 3364 15
3514 3364 3515 3380 15
3365 3515 3380 3381 15
3516 3366 3381 3365 15
3515 3365 3516 3381 15
3366 3516 3381 3382 15
3517 3367 3382 3366 15
3516 3366 3517 3382 15
3367 3517 3382 3383 15
3518 3368 3383 3367 15
3517 3367 3518 3383 15
3368 3518 3383 3384 15
3519 3369 3384 3368 15
3518 3368 3519 3384 15
3369 3519 3384 3385 15
3520 3370 3385 3369 15
3519 3369 3520 3385 15
3370 3520 3385 3386 15
3521 3371 3386 3370 15
3520 3370 3521 3386 15
3371 3521 3386 3387 15
3522 3372 3387 3371 15
3521 3371 3522 3387 15
3372 3522 3387 3388 15
3523 3373 3388 3372 15
3522 3372 3523 3388 15
3373 3523 3388 3389 15
3524 3374 3389 3373 15
3523 3373 3524 3389 15
3374 3524 3389 1521 15
1530 1520 1521 3374 15
3524 3374 1530 1521 15
411 420 421 3525 15
3510 3375 3525 420 15
420 3375 3525 411 15
3375 3510 3525 3526 15
3511 3376 3526 3510 15
3510 3376 3526 3375 15
3376 3511 3526 3527 15
3512 3377 3527 3511 15
3511 3377 3527 3376 15
3377 3512 3527 3528 15
3513 3378 3528 3512 15
3512 3378 3528 3377 15
3378 3513 3528 3529 15
3514 3379 3529 3513 15
3513 3379 3529 3378 15
3379 3514 3529 3530 15
3515 3380 3530 3514 15
3514 3380 3530 3379 15
3380 3515 3530 3531 15
3516 3381 3531 3515 15
3515 3381 3531 3380 15
3381 3516 3531 3532 15
3517 3382 3532 3516 15
3516 3382 3532 3381 15
3382 3517 3532 3533 15
3518 3383 3533 3517 15
3517 3383 3533 3382 15
3383 3518 3533 3534 15
3519 3384 3534 3518 15
3518 3384 3534 3383 15
3384 3519 3534 3535 15
3520 3385 3535 3519 15
3519 3385 3535 3384 15
3385 3520 3535 3536 15
3521 3386 3536 3520 15
3520 3386 3536 3385 15
3386 3521 3536 3537 15
3522 3387 3537 3521 15
3521 3387 3537 3386 15
3387 3522 3537 3538 15
3523 3388 3538 3522 15
3522 3388 3538 3387 15
3388 3523 3538 3539 15
3524 3389 3539 3523 15
3523 3389 3539 3388 15
3389 3524 3539 1531 15
1530 1521 1531 3524 15
3524 1521 1531 3389 15
411 421 412 3390 15
3525 3375 3390 411 15
421 411 3525 3390 15
3375 3525 3390 3391 15
3526 3376 3391 3375 15
3525 3375 3526 3391 15
3376 3526 3391 3392 15
3527 3377 3392 3376 15
3526 3376 3527 3392 15
3377 3527 3392 3393 15
3528 3378 3393 3377 15
3527 3377 3528 3393 15
3378 3528 3393 3394 15
3529 3379 3394 3378 15
3528 3378 3529 3394 15
3379 3529 3394 3395 15
3530 3380 3395 3379 15
3529 3379 3530 3395 15
3380 3530 3395 3396 15
3531 3381 3396 3380 15
3530 3380 3531 3396 15
3381 3531 3396 3397 15
3532 3382 3397 3381 15
3531 3381 3532 3397 15
3382 3532 3397 3398 15
3533 3383 3398 3382 15
3532 3382 3533 3398 15
3383 3533 3398 3399 15
3534 3384 3399 3383 15
3533 3383 3534 3399 15
3384 3534 3399 3400 15
3535 3385 3400 3384 15
3534 3384 3535 3400 15
3385 3535 3400 3401 15
3536 3386 3401 3385 15
3535 3385 3536 3401 15
3386 3536 3401 3402 15
3537 3387 3402 3386 15
3536 3386 3537 3402 15
3387 3537 3402 3403 15
3538 3388 3403 3387 15
3537 3387 3538 3403 15
3388 3538 3403 3404 15
3539 3389 3404 3388 15
3538 3388 3539 3404 15
3389 3539 3404 1522 15
1531 1521 1522 3389 15
3539 3389 1531 1522 15
412 421 422 3540 15
3525 3390 3540 421 15
421 3390 3540 412 15
3390 3525 3540 3541 15
3526 3391 3541 3525 15
3525 3391 3541 3390 15
3391 3526 3541 3542 15
3527 3392 3542 3526 15
3526 3392 3542 3391 15
3392 3527 3542 3543 15
3528 3393 3543 3527 15
3527 3393 3543 3392 15
3393 3528 3543 3544 15
3529 3394 3544 3528 15
3528 3394 3544 3393 15
3394 3529 3544 3545 15
3530 3395 3545 3529 15
3529 3395 3545 3394 15
3395 3530 3545 3546 15
3531 3396 3546 3530 15
3530 3396 3546 3395 15
3396 3531 3546 3547 15
3532 3397 3547 3531 15
3531 3397 3547 3396 15
3397 3532 3547 3548 15
3533 3398 3548 3532 15
3532 3398 3548 3397 15
3398 3533 3548 3549 15
3534 3399 3549 3533 15
3533 3399 3549 3398 15
3399 3534 3549 3550 15
3535 3400 3550 3534 15
3534 3400 3550 3399 15
3400 3535 3550 3551 15
3536 3401 3551 3535 15
3535 3401 3551 3400 15
3401 3536 3551 3552 15
3537 3402 3552 3536 15
3536 3402 3552 3401 15
3402 3537 3552 3553 15
3538 3403 3553 3537 15
3537 3403 3553 3402 15
3403 3538 3553 3554 15
3539 3404 3554 3538 15
3538 3404 3554 3403 15
3404 3539 3554 1532 15
1531 1522 1532 3539 15
3539 1522 1532 3404 15
412 422 413 3405 15
3540 3390 3405 412 15
422 412 3540 3405 15
3390 3540 3405 3406 15
3541 3391 3406 3390 15
3540 3390 3541 3406 15
3391 3541 3406 3407 15
3542 3392 3407 3391 15
3541 3391 3542 3407 15
3392 3542 3407 3408 15
3543 3393 3408 3392 15
3542 3392 3543 3408 15
3393 3543 3408 3409 15
3544 3394 3409 3393 15
3543 3393 3544 3409 15
3394 3544 3409 3410 15
3545 3395 3410 3394 15
3544 3394 3545 3410 15
3395 3545 3410 3411 15
3546 3396 3411 3395 15
3545 3395 3546 3411 15
3396 3546 3411 3412 15
3547 3397 3412 3396 15
3546 3396 3547 3412 15
3397 3547 3412 3413 15
3548 3398 3413 3397 15
3547 3397 3548 3413 15
3398 3548 3413 3414 15
3549 3399 3414 3398 15
3548 3398 3549 3414 15
3399 3549 3414 3415 15
3550 3400 3415 3399 15
3549 3399 3550 3415 15
3400 3550 3415 3416 15
3551 3401 3416 3400 15
3550 3400 3551 3416 15
3401 3551 3416 3417 15
3552 3402 3417 3401 15
3551 3401 3552 3417 15
3402 3552 3417 3418 15
3553 3403 3418 3402 15
3552 3402 3553 3418 15
3403 3553 3418 3419 15
3554 3404 3419 3403 15
3553 3403 3554 3419 15
3404 3554 3419 1523 15
1532 1522 1523 3404 15
3554 3404 1532 1523 15
413 422 423 3555 15
3540 3405 3555 422 15
422 3405 3555 413 15
3405 3540 3555 3556 15
3541 3406 3556 3540 15
3540 3406 3556 3405 15
3406 3541 3556 3557 15
3542 3407 3557 3541 15
3541 3407 3557 3406 15
3407 3542 3557 3558 15
3543 3408 3558 3542 15
3542 3408 3558 3407 15
3408 3543 3558 3559 15
3544 3409 3559 3543 15
3543 3409 3559 3408 15
3409 3544 3559 3560 15
3545 3410 3560 3544 15
3544 3410 3560 3409 15
3410 3545 3560 3561 15
3546 3411 3561 3545 15
3545 3411 3561 3410 15
3411 3546 3561 3562 15
3547 3412 3562 3546 15
3546 3412 3562 3411 15
3412 3547 3562 3563 15
3548 3413 3563 3547 15
3547 3413 3563 3412 15
3413 3548 3563 3564 15
3549 3414 3564 3548 15
3548 3414 3564 3413 15
3414 3549 3564 3565 15
3550 3415 3565 3549 15
3549 3415 3565 3414 15
3415 3550 3565 3566 15
3551 3416 3566 3550 15
3550 3416 3566 3415 15
3416 3551 3566 3567 15
3552 3417 3567 3551 15
3551 3417 3567 3416 15
3417 3552 3567 3568 15
3553 3418 3568 3552 15
3552 3418 3568 3417 15
3418 3553 3568 3569 15
3554 3419 3569 3553 15
3553 3419 3569 3418 15
3419 3554 3569 1533 15
1532 1523 1533 3554 15
3554 1523 1533 3419 15
413 423 414 3420 15
3555 3405 3420 413 15
423 413 3555 3420 15
3405 3555 3420 3421 15
3556 3406 3421 3405 15
3555 3405 3556 3421 15
3406 3556 3421 3422 15
3557 3407 3422 3406 15
3556 3406 3557 3422 15
3407 3557 3422 3423 15
3558 3408 3423 3407 15
3557 3407 3558 3423 15
3408 3558 3423 3424 15
3559 3409 3424 3408 15
3558 3408 3559 3424 15
3409 3559 3424 3425 15
3560 3410 3425 3409 15
3559 3409 3560 3425 15
3410 3560 3425 3426 15
3561 3411 3426 3410 15
3560 3410 3561 3426 15
3411 3561 3426 3427 15
3562 3412 3427 3411 15
3561 3411 3562 3427 15
3412 3562 3427 3428 15
3563 3413 3428 3412 15
3562 3412 3563 3428 15
3413 3563 3428 3429 15
3564 3414 3429 3413 15
3563 3413 3564 3429 15
3414 3564 3429 3430 15
3565 3415 3430 3414 15
3564 3414 3565 3430 15
3415 3565 3430 3431 15
3566 3416 3431 3415 15
3565 3415 3566 3431 15
3416 3566 3431 3432 15
3567 3417 3432 3416 15
3566 3416 3567 3432 15
3417 3567 3432 3433 15
3568 3418 3433 3417 15
3567 3417 3568 3433 15
3418 3568 3433 3434 15
3569 3419 3434 3418 15
3568 3418 3569 3434 15
3419 3569 3434 1524 15
1533 1523 1524 3419 15
3569 3419 1533 1524 15
414 423 424 3570 15
3555 3420 3570 423 15
423 3420 3570 414 15
3420 3555 3570 3571 15
3556 3421 3571 3555 15
3555 3421 3571 3420 15
3421 3556 3571 3572 15
3557 3422 3572 3556 15
3556 3422 3572 3421 15
3422 3557 3572 3573 15
3558 3423 3573 3557 15
3557 3423 3573 3422 15
3423 3558 3573 3574 15
3559 3424 3574 3558 15
3558 3424 3574 3423 15
3424 3559 3574 3575 15
3560 3425 3575 3559 15
3559 3425 3575 3424 15
3425 3560 3575 3576 15
3561 3426 3576 3560 15
3560 3426 3576 3425 15
3426 3561 3576 3577 15
3562 3427 3577 3561 15
3561 3427 3577 3426 15
3427 3562 3577 3578 15
3563 3428 3578 3562 15
3562 3428 3578 3427 15
3428 3563 3578 3579 15
3564 3429 3579 3563 15
3563 3429 3579 3428 15
3429 3564 3579 3580 15
3565 3430 3580 3564 15
3564 3430 3580 3429 15
3430 3565 3580 3581 15
3566 3431 3581 3565 15
3565 3431 3581 3430 15
3431 3566 3581 3582 15
3567 3432 3582 3566 15
3566 3432 3582 3431 15
3432 3567 3582 3583 15
3568 3433 3583 3567 15
3567 3433 3583 3432 15
3433 3568 3583 3584 15
3569 3434 3584 3568 15
3568 3434 3584 3433 15
3434 3569 3584 1534 15
1533 1524 1534 3569 15
3569 1524 1534 3434 15
414 424 109 1425 15
3570 3420 1425 414 15
424 414 3570 1425 15
3420 3570 1425 1426 15
3571 3421 1426 3420 15
3570 3420 3571 1426 15
3421 3571 1426 1427 15
3572 3422 1427 3421 15
3571 3421 3572 1427 15
3422 3572 1427 1428 15
3573 3423 1428 3422 15
3572 3422 3573 1428 15
3423 3573 1428 1429 15
3574 3424 1429 3423 15
3573 3423 3574 1429 15
3424 3574 1429 1430 15
3575 3425 1430 3424 15
3574 3424 3575 1430 15
3425 3575 1430 1431 15
3576 3426 1431 3425 15
3575 3425 3576 1431 15
3426 3576 1431 1432 15
3577 3427 1432 3426 15
3576 3426 3577 1432 15
3427 3577 1432 1433 15
3578 3428 1433 3427 15
3577 3427 3578 1433 15
3428 3578 1433 1434 15
3579 3429 1434 3428 15
3578 3428 3579 1434 15
3429 3579 1434 1435 15
3580 3430 1435 3429 15
3579 3429 3580 1435 15
3430 3580 1435 1436 15
3581 3431 1436 3430 15
3580 3430 3581 1436 15
3431 3581 1436 1437 15
3582 3432 1437 3431 15
3581 3431 3582 1437 15
3432 3582 1437 1438 15
3583 3433 1438 3432 15
3582 3432 3583 1438 15
3433 3583 1438 1439 15
3584 3434 1439 3433 15
3583 3433 3584 1439 15
3434 3584 1439 238 15
1534 1524 238 3434 15
3584 3434 1534 238 15
109 424 110 1440 15
3570 1425 1440 424 15
424 1425 1440 109 15
1425 3570 1440 1441 15
3571 1426 1441 3570 15
3570 1426 1441 1425 15
1426 3571 1441 1442 15
3572 1427 1442 3571 15
3571 1427 1442 1426 15
1427 3572 1442 1443 15
3573 1428 1443 3572 15
3572 1428 1443 1427 15
1428 3573 1443 1444 15
3574 1429 1444 3573 15
3573 1429 1444 1428 15
1429 3574 1444 1445 15
3575 1430 1445 3574 15
3574 1430 1445 1429 15
1430 3575 1445 1446 15
3576 1431 1446 3575 15
3575 1431 1446 1430 15
1431 3576 1446 1447 15
3577 1432 1447 3576 15
3576 1432 1447 1431 15
1432 3577 1447 1448 15
3578 1433 1448 3577 15
3577 1433 1448 1432 15
1433 3578 1448 1449 15
3579 1434 1449 3578 15
3578 1434 1449 1433 15
1434 3579 1449 1450 15
3580 1435 1450 3579 15
3579 1435 1450 1434 15
1435 3580 1450 1451 15
3581 1436 1451 3580 15
3580 1436 1451 1435 15
1436 3581 1451 1452 15
3582 1437 1452 3581 15
3581 1437 1452 1436 15
1437 3582 1452 1453 15
3583 1438 1453 3582 15
3582 1438 1453 1437 15
1438 3583 1453 1454 15
3584 1439 1454 3583 15
3583 1439 1454 1438 15
1439 3584 1454 237 15
1534 238 237 3584 15
3584 238 237 1439 15
104 105 415 3435 15
1005 990 3435 104 15
105 104 1005 3435 15
990 1005 3435 3436 15
1006 991 3436 990 15
1005 990 1006 3436 15
991 1006 3436 3437 15
1007 992 3437 991 15
1006 991 1007 3437 15
992 1007 3437 3438 15
1008 993 3438 992 15
1007 992 1008 3438 15
993 1008 3438 3439 15
1009 994 3439 993 15
1008 993 1009 3439 15
994 1009 3439 3440 15
1010 995 3440 994 15
1009 994 1010 3440 15
995 1010 3440 3441 15
1011 996 3441 995 15
1010 995 1011 3441 15
996 1011 3441 3442 15
1012 997 3442 996 15
1011 996 1012 3442 15
997 1012 3442 3443 15
1013 998 3443 997 15
1012 997 1013 3443 15
998 1013 3443 3444 15
1014 999 3444 998 15
1013 998 1014 3444 15
999 1014 3444 3445 15
1015 1000 3445 999 15
1014 999 1015 3445 15
1000 1015 3445 3446 15
1016 1001 3446 1000 15
1015 1000 1016 3446 15
1001 1016 3446 3447 15
1017 1002 3447 1001 15
1016 1001 1017 3447 15
1002 1017 3447 3448 15
1018 1003 3448 1002 15
1017 1002 1018 3448 15
1003 1018 3448 3449 15
1019 1004 3449 1003 15
1018 1003 1019 3449 15
1004 1019 3449 1525 15
150 151 1525 1004 15
1019 1004 150 1525 15
415 105 425 3585 15
1005 3435 3585 105 15
105 3435 3585 415 15
3435 1005 3585 3586 15
1006 3436 3586 1005 15
1005 3436 3586 3435 15
3436 1006 3586 3587 15
1007 3437 3587 1006 15
1006 3437 3587 3436 15
3437 1007 3587 3588 15
1008 3438 3588 1007 15
1007 3438 3588 3437 15
3438 1008 3588 3589 15
1009 3439 3589 1008 15
1008 3439 3589 3438 15
3439 1009 3589 3590 15
1010 3440 3590 1009 15
1009 3440 3590 3439 15
3440 1010 3590 3591 15
1011 3441 3591 1010 15
1010 3441 3591 3440 15
3441 1011 3591 3592 15
1012 3442 3592 1011 15
1011 3442 3592 3441 15
3442 1012 3592 3593 15
1013 3443 3593 1012 15
1012 3443 3593 3442 15
3443 1013 3593 3594 15
1014 3444 3594 1013 15
1013 3444 3594 3443 15
3444 1014 3594 3595 15
1015 3445 3595 1014 15
1014 3445 3595 3444 15
3445 1015 3595 3596 15
1016 3446 3596 1015 15
1015 3446 3596 3445 15
3446 1016 3596 3597 15
1017 3447 3597 1016 15
1016 3447 3597 3446 15
3447 1017 3597 3598 15
1018 3448 3598 1017 15
1017 3448 3598 3447 15
3448 1018 3598 3599 15
1019 3449 3599 1018 15
1018 3449 3599 3448 15
3449 1019 3599 1535 15
150 1525 1535 1019 15
1019 1525 1535 3449 15
415 425 416 3450 15
3585 3435 3450 415 15
425 415 3585 3450 15
3435 3585 3450 3451 15
3586 3436 3451 3435 15
3585 3435 3586 3451 15
3436 3586 3451 3452 15
3587 3437 3452 3436 15
3586 3436 3587 3452 15
3437 3587 3452 3453 15
3588 3438 3453 3437 15
3587 3437 3588 3453 15
3438 3588 3453 3454 15
3589 3439 3454 3438 15
3588 3438 3589 3454 15
3439 3589 3454 3455 15
3590 3440 3455 3439 15
3589 3439 3590 3455 15
3440 3590 3455 3456 15
3591 3441 3456 3440 15
3590 3440 3591 3456 15
3441 3591 3456 3457 15
3592 3442 3457 3441 15
3591 3441 3592 3457 15
3442 3592 3457 3458 15
3593 3443 3458 3442 15
3592 3442 3593 3458 15
3443 3593 3458 3459 15
3594 3444 3459 3443 15
3593 3443 3594 3459 15
3444 3594 3459 3460 15
3595 3445 3460 3444 15
3594 3444 3595 3460 15
3445 3595 3460 3461 15
3596 3446 3461 3445 15
3595 3445 3596 3461 15
3446 3596 3461 3462 15
3597 3447 3462 3446 15
3596 3446 3597 3462 15
3447 3597 3462 3463 15
3598 3448 3463 3447 15
3597 3447 3598 3463 15
3448 3598 3463 3464 15
3599 3449 3464 3448 15
3598 3448 3599 3464 15
3449 3599 3464 1526 15
1535 1525 1526 3449 15
3599 3449 1535 1526 15
416 425 426 3600 15
3585 3450 3600 425 15
425 3450 3600 416 15
3450 3585 3600 3601 15
3586 3451 3601 3585 15
3585 3451 3601 3450 15
3451 3586 3601 3602 15
3587 3452 3602 3586 15
3586 3452 3602 3451 15
3452 3587 3602 3603 15
3588 3453 3603 3587 15
3587 3453 3603 3452 15
3453 3588 3603 3604 15
3589 3454 3604 3588 15
3588 3454 3604 3453 15
3454 3589 3604 3605 15
3590 3455 3605 3589 15
3589 3455 3605 3454 15
3455 3590 3605 3606 15
3591 3456 3606 3590 15
3590 3456 3606 3455 15
3456 3591 3606 3607 15
3592 3457 3607 3591 15
3591 3457 3607 3456 15
3457 3592 3607 3608 15
3593 3458 3608 3592 15
3592 3458 3608 3457 15
3458 3593 3608 3609 15
3594 3459 3609 3593 15
3593 3459 3609 3458 15
3459 3594 3609 3610 15
3595 3460 3610 3594 15
3594 3460 3610 3459 15
3460 3595 3610 3611 15
3596 3461 3611 3595 15
3595 3461 3611 3460 15
3461 3596 3611 3612 15
3597 3462 3612 3596 15
3596 3462 3612 3461 15
3462 3597 3612 3613 15
3598 3463 3613 3597 15
3597 3463 3613 3462 15
3463 3598 3613 3614 15
3599 3464 3614 3598 15
3598 3464 3614 3463 15
3464 3599 3614 1536 15
1535 1526 1536 3599 15
3599 1526 1536 3464 15
416 426 417 3465 15
3600 3450 3465 416 15
426 416 3600 3465 15
3450 3600 3465 3466 15
3601 3451 3466 3450 15
3600 3450 3601 3466 15
3451 3601 3466 3467 15
3602 3452 3467 3451 15
3601 3451 3602 3467 15
3452 3602 3467 3468 15
3603 3453 3468 3452 15
3602 3452 3603 3468 15
3453 3603 3468 3469 15
3604 3454 3469 3453 15
3603 3453 3604 3469 15
3454 3604 3469 3470 15
3605 3455 3470 3454 15
3604 3454 3605 3470 15
3455 3605 3470 3471 15
3606 3456 3471 3455 15
3605 3455 3606 3471 15
3456 3606 3471 3472 15
3607 3457 3472 3456 15
3606 3456 3607 3472 15
3457 3607 3472 3473 15
3608 3458 3473 3457 15
3607 3457 3608 3473 15
3458 3608 3473 3474 15
3609 3459 3474 3458 15
3608 3458 3609 3474 15
3459 3609 3474 3475 15
3610 3460 3475 3459 15
3609 3459 3610 3475 15
3460 3610 3475 3476 15
3611 3461 3476 3460 15
3610 3460 3611 3476 15
3461 3611 3476 3477 15
3612 3462 3477 3461 15
3611 3461 3612 3477 15
3462 3612 3477 3478 15
3613 3463 3478 3462 15
3612 3462 3613 3478 15
3463 3613 3478 3479 15
3614 3464 3479 3463 15
3613 3463 3614 3479 15
3464 3614 3479 1527 15
1536 1526 1527 3464 15
3614 3464 1536 1527 15
417 426 427 3615 15
3600 3465 3615 426 15
426 3465 3615 417 15
3465 3600 3615 3616 15
3601 3466 3616 3600 15
3600 3466 3616 3465 15
3466 3601 3616 3617 15
3602 3467 3617 3601 15
3601 3467 3617 3466 15
3467 3602 3617 3618 15
3603 3468 3618 3602 15
3602 3468 3618 3467 15
3468 3603 3618 3619 15
3604 3469 3619 3603 15
3603 3469 3619 3468 15
3469 3604 3619 3620 15
3605 3470 3620 3604 15
3604 3470 3620 3469 15
3470 3605 3620 3621 15
3606 3471 3621 3605 15
3605 3471 3621 3470 15
3471 3606 3621 3622 15
3607 3472 3622 3606 15
3606 3472 3622 3471 15
3472 3607 3622 3623 15
3608 3473 3623 3607 15
3607 3473 3623 3472 15
3473 3608 3623 3624 15
3609 3474 3624 3608 15
3608 3474 3624 3473 15
3474 3609 3624 3625 15
3610 3475 3625 3609 15
3609 3475 3625 3474 15
3475 3610 3625 3626 15
3611 3476 3626 3610 15
3610 3476 3626 3475 15
3476 3611 3626 3627 15
3612 3477 3627 3611 15
3611 3477 3627 3476 15
3477 3612 3627 3628 15
3613 3478 3628 3612 15
3612 3478 3628 3477 15
3478 3613 3628 3629 15
3614 3479 3629 3613 15
3613 3479 3629 3478 15
3479 3614 3629 1537 15
1536 1527 1537 3614 15
3614 1527 1537 3479 15
417 427 418 3480 15
3615 3465 3480 417 15
427 417 3615 3480 15
3465 3615 3480 3481 15
3616 3466 3481 3465 15
3615 3465 3616 3481 15
3466 3616 3481 3482 15
3617 3467 3482 3466 15
3616 3466 3617 3482 15
3467 3617 3482 3483 15
3618 3468 3483 3467 15
3617 3467 3618 3483 15
3468 3618 3483 3484 15
3619 3469 3484 3468 15
3618 3468 3619 3484 15
3469 3619 3484 3485 15
3620 3470 3485 3469 15
3619 3469 3620 3485 15
3470 3620 3485 3486 15
3621 3471 3486 3470 15
3620 3470 3621 3486 15
3471 3621 3486 3487 15
3622 3472 3487 3471 15
3621 3471 3622 3487 15
3472 3622 3487 3488 15
3623 3473 3488 3472 15
3622 3472 3623 3488 15
3473 3623 3488 3489 15
3624 3474 3489 3473 15
3623 3473 3624 3489 15
3474 3624 3489 3490 15
3625 3475 3490 3474 15
3624 3474 3625 3490 15
3475 3625 3490 3491 15
3626 3476 3491 3475 15
3625 3475 3626 3491 15
3476 3626 3491 3492 15
3627 3477 3492 3476 15
3626 3476 3627 3492 15
3477 3627 3492 3493 15
3628 3478 3493 3477 15
3627 3477 3628 3493 15
3478 3628 3493 3494 15
3629 3479 3494 3478 15
3628 3478 3629 3494 15
3479 3629 3494 1528 15
1537 1527 1528 3479 15
3629 3479 1537 1528 15
418 427 428 3630 15
3615 3480 3630 427 15
427 3480 3630 418 15
3480 3615 3630 3631 15
3616 3481 3631 3615 15
3615 3481 3631 3480 15
3481 3616 3631 3632 15
3617 3482 3632 3616 15
3616 3482 3632 3481 15
3482 3617 3632 3633 15
3618 3483 3633 3617 15
3617 3483 3633 3482 15
3483 3618 3633 3634 15
3619 3484 3634 3618 15
3618 3484 3634 3483 15
3484 3619 3634 3635 15
3620 3485 3635 3619 15
3619 3485 3635 3484 15
3485 3620 3635 3636 15
3621 3486 3636 3620 15
3620 3486 3636 3485 15
3486 3621 3636 3637 15
3622 3487 3637 3621 15
3621 3487 3637 3486 15
3487 3622 3637 3638 15
3623 3488 3638 3622 15
3622 3488 3638 3487 15
3488 3623 3638 3639 15
3624 3489 3639 3623 15
3623 3489 3639 3488 15
3489 3624 3639 3640 15
3625 3490 3640 3624 15
3624 3490 3640 3489 15
3490 3625 3640 3641 15
3626 3491 3641 3625 15
3625 3491 3641 3490 15
3491 3626 3641 3642 15
3627 3492 3642 3626 15
3626 3492 3642 3491 15
3492 3627 3642 3643 15
3628 3493 3643 3627 15
3627 3493 3643 3492 15
3493 3628 3643 3644 15
3629 3494 3644 3628 15
3628 3494 3644 3493 15
3494 3629 3644 1538 15
1537 1528 1538 3629 15
3629 1528 1538 3494 15
418 428 419 3495 15
3630 3480 3495 418 15
428 418 3630 3495 15
3480 3630 3495 3496 15
3631 3481 3496 3480 15
3630 3480 3631 3496 15
3481 3631 3496 3497 15
3632 3482 3497 3481 15
3631 3481 3632 3497 15
3482 3632 3497 3498 15
3633 3483 3498 3482 15
3632 3482 3633 3498 15
3483 3633 3498 3499 15
3634 3484 3499 3483 15
3633 3483 3634 3499 15
3484 3634 3499 3500 15
3635 3485 3500 3484 15
3634 3484 3635 3500 15
3485 3635 3500 3501 15
3636 3486 3501 3485 15
3635 3485 3636 3501 15
3486 3636 3501 3502 15
3637 3487 3502 3486 15
3636 3486 3637 3502 15
3487 3637 3502 3503 15
3638 3488 3503 3487 15
3637 3487 3638 3503 15
3488 3638 3503 3504 15
3639 3489 3504 3488 15
3638 3488 3639 3504 15
3489 3639 3504 3505 15
3640 3490 3505 3489 15
3639 3489 3640 3505 15
3490 3640 3505 3506 15
3641 3491 3506 3490 15
3640 3490 3641 3506 15
3491 3641 3506 3507 15
3642 3492 3507 3491 15
3641 3491 3642 3507 15
3492 3642 3507 3508 15
3643 3493 3508 3492 15
3642 3492 3643 3508 15
3493 3643 3508 3509 15
3644 3494 3509 3493 15
3643 3493 3644 3509 15
3494 3644 3509 1529 15
1538 1528 1529 3494 15
3644 3494 1538 1529 15
419 428 429 3645 15
3630 3495 3645 428 15
428 3495 3645 419 15
3495 3630 3645 3646 15
3631 3496 3646 3630 15
3630 3496 3646 3495 15
3496 3631 3646 3647 15
3632 3497 3647 3631 15
3631 3497 3647 3496 15
3497 3632 3647 3648 15
3633 3498 3648 3632 15
3632 3498 3648 3497 15
3498 3633 3648 3649 15
3634 3499 3649 3633 15
3633 3499 3649 3498 15
3499 3634 3649 3650 15
3635 3500 3650 3634 15
3634 3500 3650 3499 15
3500 3635 3650 3651 15
3636 3501 3651 3635 15
3635 3501 3651 3500 15
3501 3636 3651 3652 15
3637 3502 3652 3636 15
3636 3502 3652 3501 15
3502 3637 3652 3653 15
3638 3503 3653 3637 15
3637 3503 3653 3502 15
3503 3638 3653 3654 15
3639 3504 3654 3638 15
3638 3504 3654 3503 15
3504 3639 3654 3655 15
3640 3505 3655 3639 15
3639 3505 3655 3504 15
3505 3640 3655 3656 15
3641 3506 3656 3640 15
3640 3506 3656 3505 15
3506 3641 3656 3657 15
3642 3507 3657 3641 15
3641 3507 3657 3506 15
3507 3642 3657 3658 15
3643 3508 3658 3642 15
3642 3508 3658 3507 15
3508 3643 3658 3659 15
3644 3509 3659 3643 15
3643 3509 3659 3508 15
3509 3644 3659 1539 15
1538 1529 1539 3644 15
3644 1529 1539 3509 15
419 429 420 3510 15
3645 3495 3510 419 15
429 419 3645 3510 15
3495 3645 3510 3511 15
3646 3496 3511 3495 15
3645 3495 3646 3511 15
3496 3646 3511 3512 15
3647 3497 3512 3496 15
3646 3496 3647 3512 15
3497 3647 3512 3513 15
3648 3498 3513 3497 15
3647 3497 3648 3513 15
3498 3648 3513 3514 15
3649 3499 3514 3498 15
3648 3498 3649 3514 15
3499 3649 3514 3515 15
3650 3500 3515 3499 15
3649 3499 3650 3515 15
3500 3650 3515 3516 15
3651 3501 3516 3500 15
3650 3500 3651 3516 15
3501 3651 3516 3517 15
3652 3502 3517 3501 15
3651 3501 3652 3517 15
3502 3652 3517 3518 15
3653 3503 3518 3502 15
3652 3502 3653 3518 15
3503 3653 3518 3519 15
3654 3504 3519 3503 15
3653 3503 3654 3519 15
3504 3654 3519 3520 15
3655 3505 3520 3504 15
3654 3504 3655 3520 15
3505 3655 3520 3521 15
3656 3506 3521 3505 15
3655 3505 3656 3521 15
3506 3656 3521 3522 15
3657 3507 3522 3506 15
3656 3506 3657 3522 15
3507 3657 3522 3523 15
3658 3508 3523 3507 15
3657 3507 3658 3523 15
3508 3658 3523 3524 15
3659 3509 3524 3508 15
3658 3508 3659 3524 15
3509 3659 3524 1530 15
1539 1529 1530 3509 15
3659 3509 1539 1530 15
420 429 430 3660 15
3645 3510 3660 429 15
429 3510 3660 420 15
3510 3645 3660 3661 15
3646 3511 3661 3645 15
3645 3511 3661 3510 15
3511 3646 3661 3662 15
3647 3512 3662 3646 15
3646 3512 3662 3511 15
3512 3647 3662 3663 15
3648 3513 3663 3647 15
3647 3513 3663 3512 15
3513 3648 3663 3664 15
3649 3514 3664 3648 15
3648 3514 3664 3513 15
3514 3649 3664 3665 15
3650 3515 3665 3649 15
3649 3515 3665 3514 15
3515 3650 3665 3666 15
3651 3516 3666 3650 15
3650 3516 3666 3515 15
3516 3651 3666 3667 15
3652 3517 3667 3651 15
3651 3517 3667 3516 15
3517 3652 3667 3668 15
3653 3518 3668 3652 15
3652 3518 3668 3517 15
3518 3653 3668 3669 15
3654 3519 3669 3653 15
3653 3519 3669 3518 15
3519 3654 3669 3670 15
3655 3520 3670 3654 15
3654 3520 3670 3519 15
3520 3655 3670 3671 15
3656 3521 3671 3655 15
3655 3521 3671 3520 15
3521 3656 3671 3672 15
3657 3522 3672 3656 15
3656 3522 3672 3521 15
3522 3657 3672 3673 15
3658 3523 3673 3657 15
3657 3523 3673 3522 15
3523 3658 3673 3674 15
3659 3524 3674 3658 15
3658 3524 3674 3523 15
3524 3659 3674 1540 15
1539 1530 1540 3659 15
3659 1530 1540 3524 15
420 430 421 3525 15
3660 3510 3525 420 15
430 420 3660 3525 15
3510 3660 3525 3526 15
3661 3511 3526 3510 15
3660 3510 3661 3526 15
3511 3661 3526 3527 15
3662 3512 3527 3511 15
3661 3511 3662 3527 15
3512 3662 3527 3528 15
3663 3513 3528 3512 15
3662 3512 3663 3528 15
3513 3663 3528 3529 15
3664 3514 3529 3513 15
3663 3513 3664 3529 15
3514 3664 3529 3530 15
3665 3515 3530 3514 15
3664 3514 3665 3530 15
3515 3665 3530 3531 15
3666 3516 3531 3515 15
3665 3515 3666 3531 15
3516 3666 3531 3532 15
3667 3517 3532 3516 15
3666 3516 3667 3532 15
3517 3667 3532 3533 15
3668 3518 3533 3517 15
3667 3517 3668 3533 15
3518 3668 3533 3534 15
3669 3519 3534 3518 15
3668 3518 3669 3534 15
3519 3669 3534 3535 15
3670 3520 3535 3519 15
3669 3519 3670 3535 15
3520 3670 3535 3536 15
3671 3521 3536 3520 15
3670 3520 3671 3536 15
3521 3671 3536 3537 15
3672 3522 3537 3521 15
3671 3521 3672 3537 15
3522 3672 3537 3538 15
3673 3523 3538 3522 15
3672 3522 3673 3538 15
3523 3673 3538 3539 15
3674 3524 3539 3523 15
3673 3523 3674 3539 15
3524 3674 3539 1531 15
1540 1530 1531 3524 15
3674 3524 1540 1531 15
421 430 431 3675 15
3660 3525 3675 430 15
430 3525 3675 421 15
3525 3660 3675 3676 15
3661 3526 3676 3660 15
3660 3526 3676 3525 15
3526 3661 3676 3677 15
3662 3527 3677 3661 15
3661 3527 3677 3526 15
3527 3662 3677 3678 15
3663 3528 3678 3662 15
3662 3528 3678 3527 15
3528 3663 3678 3679 15
3664 3529 3679 3663 15
3663 3529 3679 3528 15
3529 3664 3679 3680 15
3665 3530 3680 3664 15
3664 3530 3680 3529 15
3530 3665 3680 3681 15
3666 3531 3681 3665 15
3665 3531 3681 3530 15
3531 3666 3681 3682 15
3667 3532 3682 3666 15
3666 3532 3682 3531 15
3532 3667 3682 3683 15
3668 3533 3683 3667 15
3667 3533 3683 3532 15
3533 3668 3683 3684 15
3669 3534 3684 3668 15
3668 3534 3684 3533 15
3534 3669 3684 3685 15
3670 3535 3685 3669 15
3669 3535 3685 3534 15
3535 3670 3685 3686 15
3671 3536 3686 3670 15
3670 3536 3686 3535 15
3536 3671 3686 3687 15
3672 3537 3687 3671 15
3671 3537 3687 3536 15
3537 3672 3687 3688 15
3673 3538 3688 3672 15
3672 3538 3688 3537 15
3538 3673 3688 3689 15
3674 3539 3689 3673 15
3673 3539 3689 3538 15
3539 3674 3689 1541 15
1540 1531 1541 3674 15
3674 1531 1541 3539 15
421 431 422 3540 15
3675 3525 3540 421 15
431 421 3675 3540 15
3525 3675 3540 3541 15
3676 3526 3541 3525 15
3675 3525 3676 3541 15
3526 3676 3541 3542 15
3677 3527 3542 3526 15
3676 3526 3677 3542 15
3527 3677 3542 3543 15
3678 3528 3543 3527 15
3677 3527 3678 3543 15
3528 3678 3543 3544 15
3679 3529 3544 3528 15
3678 3528 3679 3544 15
3529 3679 3544 3545 15
3680 3530 3545 3529 15
3679 3529 3680 3545 15
3530 3680 3545 3546 15
3681 3531 3546 3530 15
3680 3530 3681 3546 15
3531 3681 3546 3547 15
3682 3532 3547 3531 15
3681 3531 3682 3547 15
3532 3682 3547 3548 15
3683 3533 3548 3532 15
3682 3532 3683 3548 15
3533 3683 3548 3549 15
3684 3534 3549 3533 15
3683 3533 3684 3549 15
3534 3684 3549 3550 15
3685 3535 3550 3534 15
3684 3534 3685 3550 15
3535 3685 3550 3551 15
3686 3536 3551 3535 15
3685 3535 3686 3551 15
3536 3686 3551 3552 15
3687 3537 3552 3536 15
3686 3536 3687 3552 15
3537 3687 3552 3553 15
3688 3538 3553 3537 15
3687 3537 3688 3553 15
3538 3688 3553 3554 15
3689 3539 3554 3538 15
3688 3538 3689 3554 15
3539 3689 3554 1532 15
1541 1531 1532 3539 15
3689 3539 1541 1532 15
422 431 432 3690 15
3675 3540 3690 431 15
431 3540 3690 422 15
3540 3675 3690 3691 15
3676 3541 3691 3675 15
3675 3541 3691 3540 15
3541 3676 3691 3692 15
3677 3542 3692 3676 15
3676 3542 3692 3541 15
3542 3677 3692 3693 15
3678 3543 3693 3677 15
3677 3543 3693 3542 15
3543 3678 3693 3694 15
3679 3544 3694 3678 15
3678 3544 3694 3543 15
3544 3679 3694 3695 15
3680 3545 3695 3679 15
3679 3545 3695 3544 15
3545 3680 3695 3696 15
3681 3546 3696 3680 15
3680 3546 3696 3545 15
3546 3681 3696 3697 15
3682 3547 3697 3681 15
3681 3547 3697 3546 15
3547 3682 3697 3698 15
3683 3548 3698 3682 15
3682 3548 3698 3547 15
3548 3683 3698 3699 15
3684 3549 3699 3683 15
3683 3549 3699 3548 15
3549 3684 3699 3700 15
3685 3550 3700 3684 15
3684 3550 3700 3549 15
3550 3685 3700 3701 15
3686 3551 3701 3685 15
3685 3551 3701 3550 15
3551 3686 3701 3702 15
3687 3552 3702 3686 15
3686 3552 3702 3551 15
3552 3687 3702 3703 15
3688 3553 3703 3687 15
3687 3553 3703 3552 15
3553 3688 3703 3704 15
3689 3554 3704 3688 15
3688 3554 3704 3553 15
3554 3689 3704 1542 15
1541 1532 1542 3689 15
3689 1532 1542 3554 15
422 432 423 3555 15
3690 3540 3555 422 15
432 422 3690 3555 15
3540 3690 3555 3556 15
3691 3541 3556 3540 15
3690 3540 3691 3556 15
3541 3691 3556 3557 15
3692 3542 3557 3541 15
3691 3541 3692 3557 15
3542 3692 3557 3558 15
3693 3543 3558 3542 15
3692 3542 3693 3558 15
3543 3693 3558 3559 15
3694 3544 3559 3543 15
3693 3543 3694 3559 15
3544 3694 3559 3560 15
3695 3545 3560 3544 15
3694 3544 3695 3560 15
3545 3695 3560 3561 15
3696 3546 3561 3545 15
3695 3545 3696 3561 15
3546 3696 3561 3562 15
3697 3547 3562 3546 15
3696 3546 3697 3562 15
3547 3697 3562 3563 15
3698 3548 3563 3547 15
3697 3547 3698 3563 15
3548 3698 3563 3564 15
3699 3549 3564 3548 15
3698 3548 3699 3564 15
3549 3699 3564 3565 15
3700 3550 3565 3549 15
3699 3549 3700 3565 15
3550 3700 3565 3566 15
3701 3551 3566 3550 15
3700 3550 3701 3566 15
3551 3701 3566 3567 15
3702 3552 3567 3551 15
3701 3551 3702 3567 15
3552 3702 3567 3568 15
3703 3553 3568 3552 15
3702 3552 3703 3568 15
3553 3703 3568 3569 15
3704 3554 3569 3553 15
3703 3553 3704 3569 15
3554 3704 3569 1533 15
1542 1532 1533 3554 15
3704 3554 1542 1533 15
423 432 433 3705 15
3690 3555 3705 432 15
432 3555 3705 423 15
3555 3690 3705 3706 15
3691 3556 3706 3690 15
3690 3556 3706 3555 15
3556 3691 3706 3707 15
3692 3557 3707 3691 15
3691 3557 3707 3556 15
3557 3692 3707 3708 15
3693 3558 3708 3692 15
3692 3558 3708 3557 15
3558 3693 3708 3709 15
3694 3559 3709 3693 15
3693 3559 3709 3558 15
3559 3694 3709 3710 15
3695 3560 3710 3694 15
3694 3560 3710 3559 15
3560 3695 3710 3711 15
3696 3561 3711 3695 15
3695 3561 3711 3560 15
3561 3696 3711 3712 15
3697 3562 3712 3696 15
3696 3562 3712 3561 15
3562 3697 3712 3713 15
3698 3563 3713 3697 15
3697 3563 3713 3562 15
3563 3698 3713 3714 15
3699 3564 3714 3698 15
3698 3564 3714 3563 15
3564 3699 3714 3715 15
3700 3565 3715 3699 15
3699 3565 3715 3564 15
3565 3700 3715 3716 15
3701 3566 3716 3700 15
3700 3566 3716 3565 15
3566 3701 3716 3717 15
3702 3567 3717 3701 15
3701 3567 3717 3566 15
3567 3702 3717 3718 15
3703 3568 3718 3702 15
3702 3568 3718 3567 15
3568 3703 3718 3719 15
3704 3569 3719 3703 15
3703 3569 3719 3568 15
3569 3704 3719 1543 15
1542 1533 1543 3704 15
3704 1533 1543 3569 15
423 433 424 3570 15
3705 3555 3570 423 15
433 423 3705 3570 15
3555 3705 3570 3571 15
3706 3556 3571 3555 15
3705 3555 3706 3571 15
3556 3706 3571 3572 15
3707 3557 3572 3556 15
3706 3556 3707 3572 15
3557 3707 3572 3573 15
3708 3558 3573 3557 15
3707 3557 3708 3573 15
3558 3708 3573 3574 15
3709 3559 3574 3558 15
3708 3558 3709 3574 15
3559 3709 3574 3575 15
3710 3560 3575 3559 15
3709 3559 3710 3575 15
3560 3710 3575 3576 15
3711 3561 3576 3560 15
3710 3560 3711 3576 15
3561 3711 3576 3577 15
3712 3562 3577 3561 15
3711 3561 3712 3577 15
3562 3712 3577 3578 15
3713 3563 3578 3562 15
3712 3562 3713 3578 15
3563 3713 3578 3579 15
3714 3564 3579 3563 15
3713 3563 3714 3579 15
3564 3714 3579 3580 15
3715 3565 3580 3564 15
3714 3564 3715 3580 15
3565 3715 3580 3581 15
3716 3566 3581 3565 15
3715 3565 3716 3581 15
3566 3716 3581 3582 15
3717 3567 3582 3566 15
3716 3566 3717 3582 15
3567 3717 3582 3583 15
3718 3568 3583 3567 15
3717 3567 3718 3583 15
3568 3718 3583 3584 15
3719 3569 3584 3568 15
3718 3568 3719 3584 15
3569 3719 3584 1534 15
1543 1533 1534 3569 15
3719 3569 1543 1534 15
424 433 434 3720 15
3705 3570 3720 433 15
433 3570 3720 424 15
3570 3705 3720 3721 15
3706 3571 3721 3705 15
3705 3571 3721 3570 15
3571 3706 3721 3722 15
3707 3572 3722 3706 15
3706 3572 3722 3571 15
3572 3707 3722 3723 15
3708 3573 3723 3707 15
3707 3573 3723 3572 15
3573 3708 3723 3724 15
3709 3574 3724 3708 15
3708 3574 3724 3573 15
3574 3709 3724 3725 15
3710 3575 3725 3709 15
3709 3575 3725 3574 15
3575 3710 3725 3726 15
3711 3576 3726 3710 15
3710 3576 3726 3575 15
3576 3711 3726 3727 15
3712 3577 3727 3711 15
3711 3577 3727 3576 15
3577 3712 3727 3728 15
3713 3578 3728 3712 15
3712 3578 3728 3577 15
3578 3713 3728 3729 15
3714 3579 3729 3713 15
3713 3579 3729 3578 15
3579 3714 3729 3730 15
3715 3580 3730 3714 15
3714 3580 3730 3579 15
3580 3715 3730 3731 15
3716 3581 3731 3715 15
3715 3581 3731 3580 15
3581 3716 3731 3732 15
3717 3582 3732 3716 15
3716 3582 3732 3581 15
3582 3717 3732 3733 15
3718 3583 3733 3717 15
3717 3583 3733 3582 15
3583 3718 3733 3734 15
3719 3584 3734 3718 15
3718 3584 3734 3583 15
3584 3719 3734 1544 15
1543 1534 1544 3719 15
3719 1534 1544 3584 15
424 434 110 1440 15
3720 3570 1440 424 15
434 424 3720 1440 15
3570 3720 1440 1441 15
3721 3571 1441 3570 15
3720 3570 3721 1441 15
3571 3721 1441 1442 15
3722 3572 1442 3571 15
3721 3571 3722 1442 15
3572 3722 1442 1443 15
3723 3573 1443 3572 15
3722 3572 3723 1443 15
3573 3723 1443 1444 15
3724 3574 1444 3573 15
3723 3573 3724 1444 15
3574 3724 1444 1445 15
3725 3575 1445 3574 15
3724 3574 3725 1445 15
3575 3725 1445 1446 15
3726 3576 1446 3575 15
3725 3575 3726 1446 15
3576 3726 1446 1447 15
3727 3577 1447 3576 15
3726 3576 3727 1447 15
3577 3727 1447 1448 15
3728 3578 1448 3577 15
3727 3577 3728 1448 15
3578 3728 1448 1449 15
3729 3579 1449 3578 15
3728 3578 3729 1449 15
3579 3729 1449 1450 15
3730 3580 1450 3579 15
3729 3579 3730 1450 15
3580 3730 1450 1451 15
3731 3581 1451 3580 15
3730 3580 3731 1451 15
3581 3731 1451 1452 15
3732 3582 1452 3581 15
3731 3581 3732 1452 15
3582 3732 1452 1453 15
3733 3583 1453 3582 15
3732 3582 3733 1453 15
3583 3733 1453 1454 15
3734 3584 1454 3583 15
3733 3583 3734 1454 15
3584 3734 1454 237 15
1544 1534 237 3584 15
3734 3584 1544 237 15
110 434 111 1455 15
3720 1440 1455 434 15
434 1440 1455 110 15
1440 3720 1455 1456 15
3721 1441 1456 3720 15
3720 1441 1456 1440 15
1441 3721 1456 1457 15
3722 1442 1457 3721 15
3721 1442 1457 1441 15
1442 3722 1457 1458 15
3723 1443 1458 3722 15
3722 1443 1458 1442 15
1443 3723 1458 1459 15
3724 1444 1459 3723 15
3723 1444 1459 1443 15
1444 3724 1459 1460 15
3725 1445 1460 3724 15
3724 1445 1460 1444 15
1445 3725 1460 1461 15
3726 1446 1461 3725 15
3725 1446 1461 1445 15
1446 3726 1461 1462 15
3727 1447 1462 3726 15
3726 1447 1462 1446 15
1447 3727 1462 1463 15
3728 1448 1463 3727 15
3727 1448 1463 1447 15
1448 3728 1463 1464 15
3729 1449 1464 3728 15
3728 1449 1464 1448 15
1449 3729 1464 1465 15
3730 1450 1465 3729 15
3729 1450 1465 1449 15
1450 3730 1465 1466 15
3731 1451 1466 3730 15
3730 1451 1466 1450 15
1451 3731 1466 1467 15
3732 1452 1467 3731 15
3731 1452 1467 1451 15
1452 3732 1467 1468 15
3733 1453 1468 3732 15
3732 1453 1468 1452 15
1453 3733 1468 1469 15
3734 1454 1469 3733 15
3733 1454 1469 1453 15
1454 3734 1469 236 15
1544 237 236 3734 15
3734 237 236 1454 15
105 106 425 3585 15
1020 1005 3585 105 15
106 105 1020 3585 15
1005 1020 3585 3586 15
1021 1006 3586 1005 15
1020 1005 1021 3586 15
1006 1021 3586 3587 15
1022 1007 3587 1006 15
1021 1006 1022 3587 15
1007 1022 3587 3588 15
1023 1008 3588 1007 15
1022 1007 1023 3588 15
1008 1023 3588 3589 15
1024 1009 3589 1008 15
1023 1008 1024 3589 15
1009 1024 3589 3590 15
1025 1010 3590 1009 15
1024 1009 1025 3590 15
1010 1025 3590 3591 15
1026 1011 3591 1010 15
1025 1010 1026 3591 15
1011 1026 3591 3592 15
1027 1012 3592 1011 15
1026 1011 1027 3592 15
1012 1027 3592 3593 15
1028 1013 3593 1012 15
1027 1012 1028 3593 15
1013 1028 3593 3594 15
1029 1014 3594 1013 15
1028 1013 1029 3594 15
1014 1029 3594 3595 15
1030 1015 3595 1014 15
1029 1014 1030 3595 15
1015 1030 3595 3596 15
1031 1016 3596 1015 15
1030 1015 1031 3596 15
1016 1031 3596 3597 15
1032 1017 3597 1016 15
1031 1016 1032 3597 15
1017 1032 3597 3598 15
1033 1018 3598 1017 15
1032 1017 1033 3598 15
1018 1033 3598 3599 15
1034 1019 3599 1018 15
1033 1018 1034 3599 15
1019 1034 3599 1535 15
149 150 1535 1019 15
1034 1019 149 1535 15
425 106 435 3735 15
1020 3585 3735 106 15
106 3585 3735 425 15
3585 1020 3735 3736 15
1021 3586 3736 1020 15
1020 3586 3736 3585 15
3586 1021 3736 3737 15
1022 3587 3737 1021 15
1021 3587 3737 3586 15
3587 1022 3737 3738 15
1023 3588 3738 1022 15
1022 3588 3738 3587 15
3588 1023 3738 3739 15
1024 3589 3739 1023 15
1023 3589 3739 3588 15
3589 1024 3739 3740 15
1025 3590 3740 1024 15
1024 3590 3740 3589 15
3590 1025 3740 3741 15
1026 3591 3741 1025 15
1025 3591 3741 3590 15
3591 1026 3741 3742 15
1027 3592 3742 1026 15
1026 3592 3742 3591 15
3592 1027 3742 3743 15
1028 3593 3743 1027 15
1027 3593 3743 3592 15
3593 1028 3743 3744 15
1029 3594 3744 1028 15
1028 3594 3744 3593 15
3594 1029 3744 3745 15
1030 3595 3745 1029 15
1029 3595 3745 3594 15
3595 1030 3745 3746 15
1031 3596 3746 1030 15
1030 3596 3746 3595 15
3596 1031 3746 3747 15
1032 3597 3747 1031 15
1031 3597 3747 3596 15
3597 1032 3747 3748 15
1033 3598 3748 1032 15
1032 3598 3748 3597 15
3598 1033 3748 3749 15
1034 3599 3749 1033 15
1033 3599 3749 3598 15
3599 1034 3749 1545 15
149 1535 1545 1034 15
1034 1535 1545 3599 15
425 435 426 3600 15
3735 3585 3600 425 15
435 425 3735 3600 15
3585 3735 3600 3601 15
3736 3586 3601 3585 15
3735 3585 3736 3601 15
3586 3736 3601 3602 15
3737 3587 3602 3586 15
3736 3586 3737 3602 15
3587 3737 3602 3603 15
3738 3588 3603 3587 15
3737 3587 3738 3603 15
3588 3738 3603 3604 15
3739 3589 3604 3588 15
3738 3588 3739 3604 15
3589 3739 3604 3605 15
3740 3590 3605 3589 15
3739 3589 3740 3605 15
3590 3740 3605 3606 15
3741 3591 3606 3590 15
3740 3590 3741 3606 15
3591 3741 3606 3607 15
3742 3592 3607 3591 15
3741 3591 3742 3607 15
3592 3742 3607 3608 15
3743 3593 3608 3592 15
3742 3592 3743 3608 15
3593 3743 3608 3609 15
3744 3594 3609 3593 15
3743 3593 3744 3609 15
3594 3744 3609 3610 15
3745 3595 3610 3594 15
3744 3594 3745 3610 15
3595 3745 3610 3611 15
3746 3596 3611 3595 15
3745 3595 3746 3611 15
3596 3746 3611 3612 15
3747 3597 3612 3596 15
3746 3596 3747 3612 15
3597 3747 3612 3613 15
3748 3598 3613 3597 15
3747 3597 3748 3613 15
3598 3748 3613 3614 15
3749 3599 3614 3598 15
3748 3598 3749 3614 15
3599 3749 3614 1536 15
1545 1535 1536 3599 15
3749 3599 1545 1536 15
426 435 436 3750 15
3735 3600 3750 435 15
435 3600 3750 426 15
3600 3735 3750 3751 15
3736 3601 3751 3735 15
3735 3601 3751 3600 15
3601 3736 3751 3752 15
3737 3602 3752 3736 15
3736 3602 3752 3601 15
3602 3737 3752 3753 15
3738 3603 3753 3737 15
3737 3603 3753 3602 15
3603 3738 3753 3754 15
3739 3604 3754 3738 15
3738 3604 3754 3603 15
3604 3739 3754 3755 15
3740 3605 3755 3739 15
3739 3605 3755 3604 15
3605 3740 3755 3756 15
3741 3606 3756 3740 15
3740 3606 3756 3605 15
3606 3741 3756 3757 15
3742 3607 3757 3741 15
3741 3607 3757 3606 15
3607 3742 3757 3758 15
3743 3608 3758 3742 15
3742 3608 3758 3607 15
3608 3743 3758 3759 15
3744 3609 3759 3743 15
3743 3609 3759 3608 15
3609 3744 3759 3760 15
3745 3610 3760 3744 15
3744 3610 3760 3609 15
3610 3745 3760 3761 15
3746 3611 3761 3745 15
3745 3611 3761 3610 15
3611 3746 3761 3762 15
3747 3612 3762 3746 15
3746 3612 3762 3611 15
3612 3747 3762 3763 15
3748 3613 3763 3747 15
3747 3613 3763 3612 15
3613 3748 3763 3764 15
3749 3614 3764 3748 15
3748 3614 3764 3613 15
3614 3749 3764 1546 15
1545 1536 1546 3749 15
3749 1536 1546 3614 15
426 436 427 3615 15
3750 3600 3615 426 15
436 426 3750 3615 15
3600 3750 3615 3616 15
3751 3601 3616 3600 15
3750 3600 3751 3616 15
3601 3751 3616 3617 15
3752 3602 3617 3601 15
3751 3601 3752 3617 15
3602 3752 3617 3618 15
3753 3603 3618 3602 15
3752 3602 3753 3618 15
3603 3753 3618 3619 15
3754 3604 3619 3603 15
3753 3603 3754 3619 15
3604 3754 3619 3620 15
3755 3605 3620 3604 15
3754 3604 3755 3620 15
3605 3755 3620 3621 15
3756 3606 3621 3605 15
3755 3605 3756 3621 15
3606 3756 3621 3622 15
3757 3607 3622 3606 15
3756 3606 3757 3622 15
3607 3757 3622 3623 15
3758 3608 3623 3607 15
3757 3607 3758 3623 15
3608 3758 3623 3624 15
3759 3609 3624 3608 15
3758 3608 3759 3624 15
3609 3759 3624 3625 15
3760 3610 3625 3609 15
3759 3609 3760 3625 15
3610 3760 3625 3626 15
3761 3611 3626 3610 15
3760 3610 3761 3626 15
3611 3761 3626 3627 15
3762 3612 3627 3611 15
3761 3611 3762 3627 15
3612 3762 3627 3628 15
3763 3613 3628 3612 15
3762 3612 3763 3628 15
3613 3763 3628 3629 15
3764 3614 3629 3613 15
3763 3613 3764 3629 15
3614 3764 3629 1537 15
1546 1536 1537 3614 15
3764 3614 1546 1537 15
427 436 437 3765 15
3750 3615 3765 436 15
436 3615 3765 427 15
3615 3750 3765 3766 15
3751 3616 3766 3750 15
3750 3616 3766 3615 15
3616 3751 3766 3767 15
3752 3617 3767 3751 15
3751 3617 3767 3616 15
3617 3752 3767 3768 15
3753 3618 3768 3752 15
3752 3618 3768 3617 15
3618 3753 3768 3769 15
3754 3619 3769 3753 15
3753 3619 3769 3618 15
3619 3754 3769 3770 15
3755 3620 3770 3754 15
3754 3620 3770 3619 15
3620 3755 3770 3771 15
3756 3621 3771 3755 15
3755 3621 3771 3620 15
3621 3756 3771 3772 15
3757 3622 3772 3756 15
3756 3622 3772 3621 15
3622 3757 3772 3773 15
3758 3623 3773 3757 15
3757 3623 3773 3622 15
3623 3758 3773 3774 15
3759 3624 3774 3758 15
3758 3624 3774 3623 15
3624 3759 3774 3775 15
3760 3625 3775 3759 15
3759 3625 3775 3624 15
3625 3760 3775 3776 15
3761 3626 3776 3760 15
3760 3626 3776 3625 15
3626 3761 3776 3777 15
3762 3627 3777 3761 15
3761 3627 3777 3626 15
3627 3762 3777 3778 15
3763 3628 3778 3762 15
3762 3628 3778 3627 15
3628 3763 3778 3779 15
3764 3629 3779 3763 15
3763 3629 3779 3628 15
3629 3764 3779 1547 15
1546 1537 1547 3764 15
3764 1537 1547 3629 15
427 437 428 3630 15
3765 3615 3630 427 15
437 427 3765 3630 15
3615 3765 3630 3631 15
3766 3616 3631 3615 15
3765 3615 3766 3631 15
3616 3766 3631 3632 15
3767 3617 3632 3616 15
3766 3616 3767 3632 15
3617 3767 3632 3633 15
3768 3618 3633 3617 15
3767 3617 3768 3633 15
3618 3768 3633 3634 15
3769 3619 3634 3618 15
3768 3618 3769 3634 15
3619 3769 3634 3635 15
3770 3620 3635 3619 15
3769 3619 3770 3635 15
3620 3770 3635 3636 15
3771 3621 3636 3620 15
3770 3620 3771 3636 15
3621 3771 3636 3637 15
3772 3622 3637 3621 15
3771 3621 3772 3637 15
3622 3772 3637 3638 15
3773 3623 3638 3622 15
3772 3622 3773 3638 15
3623 3773 3638 3639 15
3774 3624 3639 3623 15
3773 3623 3774 3639 15
3624 3774 3639 3640 15
3775 3625 3640 3624 15
3774 3624 3775 3640 15
3625 3775 3640 3641 15
3776 3626 3641 3625 15
3775 3625 3776 3641 15
3626 3776 3641 3642 15
3777 3627 3642 3626 15
3776 3626 3777 3642 15
3627 3777 3642 3643 15
3778 3628 3643 3627 15
3777 3627 3778 3643 15
3628 3778 3643 3644 15
3779 3629 3644 3628 15
3778 3628 3779 3644 15
3629 3779 3644 1538 15
1547 1537 1538 3629 15
3779 3629 1547 1538 15
428 437 438 3780 15
3765 3630 3780 437 15
437 3630 3780 428 15
3630 3765 3780 3781 15
3766 3631 3781 3765 15
3765 3631 3781 3630 15
3631 3766 3781 3782 15
3767 3632 3782 3766 15
3766 3632 3782 3631 15
3632 3767 3782 3783 15
3768 3633 3783 3767 15
3767 3633 3783 3632 15
3633 3768 3783 3784 15
3769 3634 3784 3768 15
3768 3634 3784 3633 15
3634 3769 3784 3785 15
3770 3635 3785 3769 15
3769 3635 3785 3634 15
3635 3770 3785 3786 15
3771 3636 3786 3770 15
3770 3636 3786 3635 15
3636 3771 3786 3787 15
3772 3637 3787 3771 15
3771 3637 3787 3636 15
3637 3772 3787 3788 15
3773 3638 3788 3772 15
3772 3638 3788 3637 15
3638 3773 3788 3789 15
3774 3639 3789 3773 15
3773 3639 3789 3638 15
3639 3774 3789 3790 15
3775 3640 3790 3774 15
3774 3640 3790 3639 15
3640 3775 3790 3791 15
3776 3641 3791 3775 15
3775 3641 3791 3640 15
3641 3776 3791 3792 15
3777 3642 3792 3776 15
3776 3642 3792 3641 15
3642 3777 3792 3793 15
3778 3643 3793 3777 15
3777 3643 3793 3642 15
3643 3778 3793 3794 15
3779 3644 3794 3778 15
3778 3644 3794 3643 15
3644 3779 3794 1548 15
1547 1538 1548 3779 15
3779 1538 1548 3644 15
428 438 429 3645 15
3780 3630 3645 428 15
438 428 3780 3645 15
3630 3780 3645 3646 15
3781 3631 3646 3630 15
3780 3630 3781 3646 15
3631 3781 3646 3647 15
3782 3632 3647 3631 15
3781 3631 3782 3647 15
3632 3782 3647 3648 15
3783 3633 3648 3632 15
3782 3632 3783 3648 15
3633 3783 3648 3649 15
3784 3634 3649 3633 15
3783 3633 3784 3649 15
3634 3784 3649 3650 15
3785 3635 3650 3634 15
3784 3634 3785 3650 15
3635 3785 3650 3651 15
3786 3636 3651 3635 15
3785 3635 3786 3651 15
3636 3786 3651 3652 15
3787 3637 3652 3636 15
3786 3636 3787 3652 15
3637 3787 3652 3653 15
3788 3638 3653 3637 15
3787 3637 3788 3653 15
3638 3788 3653 3654 15
3789 3639 3654 3638 15
3788 3638 3789 3654 15
3639 3789 3654 3655 15
3790 3640 3655 3639 15
3789 3639 3790 3655 15
3640 3790 3655 3656 15
3791 3641 3656 3640 15
3790 3640 3791 3656 15
3641 3791 3656 3657 15
3792 3642 3657 3641 15
3791 3641 3792 3657 15
3642 3792 3657 3658 15
3793 3643 3658 3642 15
3792 3642 3793 3658 15
3643 3793 3658 3659 15
3794 3644 3659 3643 15
3793 3643 3794 3659 15
3644 3794 3659 1539 15
1548 1538 1539 3644 15
3794 3644 1548 1539 15
429 438 439 3795 15
3780 3645 3795 438 15
438 3645 3795 429 15
3645 3780 3795 3796 15
3781 3646 3796 3780 15
3780 3646 3796 3645 15
3646 3781 3796 3797 15
3782 3647 3797 3781 15
3781 3647 3797 3646 15
3647 3782 3797 3798 15
3783 3648 3798 3782 15
3782 3648 3798 3647 15
3648 3783 3798 3799 15
3784 3649 3799 3783 15
3783 3649 3799 3648 15
3649 3784 3799 3800 15
3785 3650 3800 3784 15
3784 3650 3800 3649 15
3650 3785 3800 3801 15
3786 3651 3801 3785 15
3785 3651 3801 3650 15
3651 3786 3801 3802 15
3787 3652 3802 3786 15
3786 3652 3802 3651 15
3652 3787 3802 3803 15
3788 3653 3803 3787 15
3787 3653 3803 3652 15
3653 3788 3803 3804 15
3789 3654 3804 3788 15
3788 3654 3804 3653 15
3654 3789 3804 3805 15
3790 3655 3805 3789 15
3789 3655 3805 3654 15
3655 3790 3805 3806 15
3791 3656 3806 3790 15
3790 3656 3806 3655 15
3656 3791 3806 3807 15
3792 3657 3807 3791 15
3791 3657 3807 3656 15
3657 3792 3807 3808 15
3793 3658 3808 3792 15
3792 3658 3808 3657 15
3658 3793 3808 3809 15
3794 3659 3809 3793 15
3793 3659 3809 3658 15
3659 3794 3809 1549 15
1548 1539 1549 3794 15
3794 1539 1549 3659 15
429 439 430 3660 15
3795 3645 3660 429 15
439 429 3795 3660 15
3645 3795 3660 3661 15
3796 3646 3661 3645 15
3795 3645 3796 3661 15
3646 3796 3661 3662 15
3797 3647 3662 3646 15
3796 3646 3797 3662 15
3647 3797 3662 3663 15
3798 3648 3663 3647 15
3797 3647 3798 3663 15
3648 3798 3663 3664 15
3799 3649 3664 3648 15
3798 3648 3799 3664 15
3649 3799 3664 3665 15
3800 3650 3665 3649 15
3799 3649 3800 3665 15
3650 3800 3665 3666 15
3801 3651 3666 3650 15
3800 3650 3801 3666 15
3651 3801 3666 3667 15
3802 3652 3667 3651 15
3801 3651 3802 3667 15
3652 3802 3667 3668 15
3803 3653 3668 3652 15
3802 3652 3803 3668 15
3653 3803 3668 3669 15
3804 3654 3669 3653 15
3803 3653 3804 3669 15
3654 3804 3669 3670 15
3805 3655 3670 3654 15
3804 3654 3805 3670 15
3655 3805 3670 3671 15
3806 3656 3671 3655 15
3805 3655 3806 3671 15
3656 3806 3671 3672 15
3807 3657 3672 3656 15
3806 3656 3807 3672 15
3657 3807 3672 3673 15
3808 3658 3673 3657 15
3807 3657 3808 3673 15
3658 3808 3673 3674 15
3809 3659 3674 3658 15
3808 3658 3809 3674 15
3659 3809 3674 1540 15
1549 1539 1540 3659 15
3809 3659 1549 1540 15
430 439 440 3810 15
3795 3660 3810 439 15
439 3660 3810 430 15
3660 3795 3810 3811 15
3796 3661 3811 3795 15
3795 3661 3811 3660 15
3661 3796 3811 3812 15
3797 3662 3812 3796 15
3796 3662 3812 3661 15
3662 3797 3812 3813 15
3798 3663 3813 3797 15
3797 3663 3813 3662 15
3663 3798 3813 3814 15
3799 3664 3814 3798 15
3798 3664 3814 3663 15
3664 3799 3814 3815 15
3800 3665 3815 3799 15
3799 3665 3815 3664 15
3665 3800 3815 3816 15
3801 3666 3816 3800 15
3800 3666 3816 3665 15
3666 3801 3816 3817 15
3802 3667 3817 3801 15
3801 3667 3817 3666 15
3667 3802 3817 3818 15
3803 3668 3818 3802 15
3802 3668 3818 3667 15
3668 3803 3818 3819 15
3804 3669 3819 3803 15
3803 3669 3819 3668 15
3669 3804 3819 3820 15
3805 3670 3820 3804 15
3804 3670 3820 3669 15
3670 3805 3820 3821 15
3806 3671 3821 3805 15
3805 3671 3821 3670 15
3671 3806 3821 3822 15
3807 3672 3822 3806 15
3806 3672 3822 3671 15
3672 3807 3822 3823 15
3808 3673 3823 3807 15
3807 3673 3823 3672 15
3673 3808 3823 3824 15
3809 3674 3824 3808 15
3808 3674 3824 3673 15
3674 3809 3824 1550 15
1549 1540 1550 3809 15
3809 1540 1550 3674 15
430 440 431 3675 15
3810 3660 3675 430 15
440 430 3810 3675 15
3660 3810 3675 3676 15
3811 3661 3676 3660 15
3810 3660 3811 3676 15
3661 3811 3676 3677 15
3812 3662 3677 3661 15
3811 3661 3812 3677 15
3662 3812 3677 3678 15
3813 3663 3678 3662 15
3812 3662 3813 3678 15
3663 3813 3678 3679 15
3814 3664 3679 3663 15
3813 3663 3814 3679 15
3664 3814 3679 3680 15
3815 3665 3680 3664 15
3814 3664 3815 3680 15
3665 3815 3680 3681 15
3816 3666 3681 3665 15
3815 3665 3816 3681 15
3666 3816 3681 3682 15
3817 3667 3682 3666 15
3816 3666 3817 3682 15
3667 3817 3682 3683 15
3818 3668 3683 3667 15
3817 3667 3818 3683 15
3668 3818 3683 3684 15
3819 3669 3684 3668 15
3818 3668 3819 3684 15
3669 3819 3684 3685 15
3820 3670 3685 3669 15
3819 3669 3820 3685 15
3670 3820 3685 3686 15
3821 3671 3686 3670 15
3820 3670 3821 3686 15
3671 3821 3686 3687 15
3822 3672 3687 3671 15
3821 3671 3822 3687 15
3672 3822 3687 3688 15
3823 3673 3688 3672 15
3822 3672 3823 3688 15
3673 3823 3688 3689 15
3824 3674 3689 3673 15
3823 3673 3824 3689 15
3674 3824 3689 1541 15
1550 1540 1541 3674 15
3824 3674 1550 1541 15
431 440 441 3825 15
3810 3675 3825 440 15
440 3675 3825 431 15
3675 3810 3825 3826 15
3811 3676 3826 3810 15
3810 3676 3826 3675 15
3676 3811 3826 3827 15
3812 3677 3827 3811 15
3811 3677 3827 3676 15
3677 3812 3827 3828 15
3813 3678 3828 3812 15
3812 3678 3828 3677 15
3678 3813 3828 3829 15
3814 3679 3829 3813 15
3813 3679 3829 3678 15
3679 3814 3829 3830 15
3815 3680 3830 3814 15
3814 3680 3830 3679 15
3680 3815 3830 3831 15
3816 3681 3831 3815 15
3815 3681 3831 3680 15
3681 3816 3831 3832 15
3817 3682 3832 3816 15
3816 3682 3832 3681 15
3682 3817 3832 3833 15
3818 3683 3833 3817 15
3817 3683 3833 3682 15
3683 3818 3833 3834 15
3819 3684 3834 3818 15
3818 3684 3834 3683 15
3684 3819 3834 3835 15
3820 3685 3835 3819 15
3819 3685 3835 3684 15
3685 3820 3835 3836 15
3821 3686 3836 3820 15
3820 3686 3836 3685 15
3686 3821 3836 3837 15
3822 3687 3837 3821 15
3821 3687 3837 3686 15
3687 3822 3837 3838 15
3823 3688 3838 3822 15
3822 3688 3838 3687 15
3688 3823 3838 3839 15
3824 3689 3839 3823 15
3823 3689 3839 3688 15
3689 3824 3839 1551 15
1550 1541 1551 3824 15
3824 1541 1551 3689 15
431 441 432 3690 15
3825 3675 3690 431 15
441 431 3825 3690 15
3675 3825 3690 3691 15
3826 3676 3691 3675 15
3825 3675 3826 3691 15
3676 3826 3691 3692 15
3827 3677 3692 3676 15
3826 3676 3827 3692 15
3677 3827 3692 3693 15
3828 3678 3693 3677 15
3827 3677 3828 3693 15
3678 3828 3693 3694 15
3829 3679 3694 3678 15
3828 3678 3829 3694 15
3679 3829 3694 3695 15
3830 3680 3695 3679 15
3829 3679 3830 3695 15
3680 3830 3695 3696 15
3831 3681 3696 3680 15
3830 3680 3831 3696 15
3681 3831 3696 3697 15
3832 3682 3697 3681 15
3831 3681 3832 3697 15
3682 3832 3697 3698 15
3833 3683 3698 3682 15
3832 3682 3833 3698 15
3683 3833 3698 3699 15
3834 3684 3699 3683 15
3833 3683 3834 3699 15
3684 3834 3699 3700 15
3835 3685 3700 3684 15
3834 3684 3835 3700 15
3685 3835 3700 3701 15
3836 3686 3701 3685 15
3835 3685 3836 3701 15
3686 3836 3701 3702 15
3837 3687 3702 3686 15
3836 3686 3837 3702 15
3687 3837 3702 3703 15
3838 3688 3703 3687 15
3837 3687 3838 3703 15
3688 3838 3703 3704 15
3839 3689 3704 3688 15
3838 3688 3839 3704 15
3689 3839 3704 1542 15
1551 1541 1542 3689 15
3839 3689 1551 1542 15
432 441 442 3840 15
3825 3690 3840 441 15
441 3690 3840 432 15
3690 3825 3840 3841 15
3826 3691 3841 3825 15
3825 3691 3841 3690 15
3691 3826 3841 3842 15
3827 3692 3842 3826 15
3826 3692 3842 3691 15
3692 3827 3842 3843 15
3828 3693 3843 3827 15
3827 3693 3843 3692 15
3693 3828 3843 3844 15
3829 3694 3844 3828 15
3828 3694 3844 3693 15
3694 3829 3844 3845 15
3830 3695 3845 3829 15
3829 3695 3845 3694 15
3695 3830 3845 3846 15
3831 3696 3846 3830 15
3830 3696 3846 3695 15
3696 3831 3846 3847 15
3832 3697 3847 3831 15
3831 3697 3847 3696 15
3697 3832 3847 3848 15
3833 3698 3848 3832 15
3832 3698 3848 3697 15
3698 3833 3848 3849 15
3834 3699 3849 3833 15
3833 3699 3849 3698 15
3699 3834 3849 3850 15
3835 3700 3850 3834 15
3834 3700 3850 3699 15
3700 3835 3850 3851 15
3836 3701 3851 3835 15
3835 3701 3851 3700 15
3701 3836 3851 3852 15
3837 3702 3852 3836 15
3836 3702 3852 3701 15
3702 3837 3852 3853 15
3838 3703 3853 3837 15
3837 3703 3853 3702 15
3703 3838 3853 3854 15
3839 3704 3854 3838 15
3838 3704 3854 3703 15
3704 3839 3854 1552 15
1551 1542 1552 3839 15
3839 1542 1552 3704 15
432 442 433 3705 15
3840 3690 3705 432 15
442 432 3840 3705 15
3690 3840 3705 3706 15
3841 3691 3706 3690 15
3840 3690 3841 3706 15
3691 3841 3706 3707 15
3842 3692 3707 3691 15
3841 3691 3842 3707 15
3692 3842 3707 3708 15
3843 3693 3708 3692 15
3842 3692 3843 3708 15
3693 3843 3708 3709 15
3844 3694 3709 3693 15
3843 3693 3844 3709 15
3694 3844 3709 3710 15
3845 3695 3710 3694 15
3844 3694 3845 3710 15
3695 3845 3710 3711 15
3846 3696 3711 3695 15
3845 3695 3846 3711 15
3696 3846 3711 3712 15
3847 3697 3712 3696 15
3846 3696 3847 3712 15
3697 3847 3712 3713 15
3848 3698 3713 3697 15
3847 3697 3848 3713 15
3698 3848 3713 3714 15
3849 3699 3714 3698 15
3848 3698 3849 3714 15
3699 3849 3714 3715 15
3850 3700 3715 3699 15
3849 3699 3850 3715 15
3700 3850 3715 3716 15
3851 3701 3716 3700 15
3850 3700 3851 3716 15
3701 3851 3716 3717 15
3852 3702 3717 3701 15
3851 3701 3852 3717 15
3702 3852 3717 3718 15
3853 3703 3718 3702 15
3852 3702 3853 3718 15
3703 3853 3718 3719 15
3854 3704 3719 3703 15
3853 3703 3854 3719 15
3704 3854 3719 1543 15
1552 1542 1543 3704 15
3854 3704 1552 1543 15
433 442 443 3855 15
3840 3705 3855 442 15
442 3705 3855 433 15
3705 3840 3855 3856 15
3841 3706 3856 3840 15
3840 3706 3856 3705 15
3706 3841 3856 3857 15
3842 3707 3857 3841 15
3841 3707 3857 3706 15
3707 3842 3857 3858 15
3843 3708 3858 3842 15
3842 3708 3858 3707 15
3708 3843 3858 3859 15
3844 3709 3859 3843 15
3843 3709 3859 3708 15
3709 3844 3859 3860 15
3845 3710 3860 3844 15
3844 3710 3860 3709 15
3710 3845 3860 3861 15
3846 3711 3861 3845 15
3845 3711 3861 3710 15
3711 3846 3861 3862 15
3847 3712 3862 3846 15
3846 3712 3862 3711 15
3712 3847 3862 3863 15
3848 3713 3863 3847 15
3847 3713 3863 3712 15
3713 3848 3863 3864 15
3849 3714 3864 3848 15
3848 3714 3864 3713 15
3714 3849 3864 3865 15
3850 3715 3865 3849 15
3849 3715 3865 3714 15
3715 3850 3865 3866 15
3851 3716 3866 3850 15
3850 3716 3866 3715 15
3716 3851 3866 3867 15
3852 3717 3867 3851 15
3851 3717 3867 3716 15
3717 3852 3867 3868 15
3853 3718 3868 3852 15
3852 3718 3868 3717 15
3718 3853 3868 3869 15
3854 3719 3869 3853 15
3853 3719 3869 3718 15
3719 3854 3869 1553 15
1552 1543 1553 3854 15
3854 1543 1553 3719 15
433 443 434 3720 15
3855 3705 3720 433 15
443 433 3855 3720 15
3705 3855 3720 3721 15
3856 3706 3721 3705 15
3855 3705 3856 3721 15
3706 3856 3721 3722 15
3857 3707 3722 3706 15
3856 3706 3857 3722 15
3707 3857 3722 3723 15
3858 3708 3723 3707 15
3857 3707 3858 3723 15
3708 3858 3723 3724 15
3859 3709 3724 3708 15
3858 3708 3859 3724 15
3709 3859 3724 3725 15
3860 3710 3725 3709 15
3859 3709 3860 3725 15
3710 3860 3725 3726 15
3861 3711 3726 3710 15
3860 3710 3861 3726 15
3711 3861 3726 3727 15
3862 3712 3727 3711 15
3861 3711 3862 3727 15
3712 3862 3727 3728 15
3863 3713 3728 3712 15
3862 3712 3863 3728 15
3713 3863 3728 3729 15
3864 3714 3729 3713 15
3863 3713 3864 3729 15
3714 3864 3729 3730 15
3865 3715 3730 3714 15
3864 3714 3865 3730 15
3715 3865 3730 3731 15
3866 3716 3731 3715 15
3865 3715 3866 3731 15
3716 3866 3731 3732 15
3867 3717 3732 3716 15
3866 3716 3867 3732 15
3717 3867 3732 3733 15
3868 3718 3733 3717 15
3867 3717 3868 3733 15
3718 3868 3733 3734 15
3869 3719 3734 3718 15
3868 3718 3869 3734 15
3719 3869 3734 1544 15
1553 1543 1544 3719 15
3869 3719 1553 1544 15
434 443 444 3870 15
3855 3720 3870 443 15
443 3720 3870 434 15
3720 3855 3870 3871 15
3856 3721 3871 3855 15
3855 3721 3871 3720 15
3721 3856 3871 3872 15
3857 3722 3872 3856 15
3856 3722 3872 3721 15
3722 3857 3872 3873 15
3858 3723 3873 3857 15
3857 3723 3873 3722 15
3723 3858 3873 3874 15
3859 3724 3874 3858 15
3858 3724 3874 3723 15
3724 3859 3874 3875 15
3860 3725 3875 3859 15
3859 3725 3875 3724 15
3725 3860 3875 3876 15
3861 3726 3876 3860 15
3860 3726 3876 3725 15
3726 3861 3876 3877 15
3862 3727 3877 3861 15
3861 3727 3877 3726 15
3727 3862 3877 3878 15
3863 3728 3878 3862 15
3862 3728 3878 3727 15
3728 3863 3878 3879 15
3864 3729 3879 3863 15
3863 3729 3879 3728 15
3729 3864 3879 3880 15
3865 3730 3880 3864 15
3864 3730 3880 3729 15
3730 3865 3880 3881 15
3866 3731 3881 3865 15
3865 3731 3881 3730 15
3731 3866 3881 3882 15
3867 3732 3882 3866 15
3866 3732 3882 3731 15
3732 3867 3882 3883 15
3868 3733 3883 3867 15
3867 3733 3883 3732 15
3733 3868 3883 3884 15
3869 3734 3884 3868 15
3868 3734 3884 3733 15
3734 3869 3884 1554 15
1553 1544 1554 3869 15
3869 1544 1554 3734 15
434 444 111 1455 15
3870 3720 1455 434 15
444 434 3870 1455 15
3720 3870 1455 1456 15
3871 3721 1456 3720 15
3870 3720 3871 1456 15
3721 3871 1456 1457 15
3872 3722 1457 3721 15
3871 3721 3872 1457 15
3722 3872 1457 1458 15
3873 3723 1458 3722 15
3872 3722 3873 1458 15
3723 3873 1458 1459 15
3874 3724 1459 3723 15
3873 3723 3874 1459 15
3724 3874 1459 1460 15
3875 3725 1460 3724 15
3874 3724 3875 1460 15
3725 3875 1460 1461 15
3876 3726 1461 3725 15
3875 3725 3876 1461 15
3726 3876 1461 1462 15
3877 3727 1462 3726 15
3876 3726 3877 1462 15
3727 3877 1462 1463 15
3878 3728 1463 3727 15
3877 3727 3878 1463 15
3728 3878 1463 1464 15
3879 3729 1464 3728 15
3878 3728 3879 1464 15
3729 3879 1464 1465 15
3880 3730 1465 3729 15
3879 3729 3880 1465 15
3730 3880 1465 1466 15
3881 3731 1466 3730 15
3880 3730 3881 1466 15
3731 3881 1466 1467 15
3882 3732 1467 3731 15
3881 3731 3882 1467 15
3732 3882 1467 1468 15
3883 3733 1468 3732 15
3882 3732 3883 1468 15
3733 3883 1468 1469 15
3884 3734 1469 3733 15
3883 3733 3884 1469 15
3734 3884 1469 236 15
1554 1544 236 3734 15
3884 3734 1554 236 15
111 444 112 1470 15
3870 1455 1470 444 15
444 1455 1470 111 15
1455 3870 1470 1471 15
3871 1456 1471 3870 15
3870 1456 1471 1455 15
1456 3871 1471 1472 15
3872 1457 1472 3871 15
3871 1457 1472 1456 15
1457 3872 1472 1473 15
3873 1458 1473 3872 15
3872 1458 1473 1457 15
1458 3873 1473 1474 15
3874 1459 1474 3873 15
3873 1459 1474 1458 15
1459 3874 1474 1475 15
3875 1460 1475 3874 15
3874 1460 1475 1459 15
1460 3875 1475 1476 15
3876 1461 1476 3875 15
3875 1461 1476 1460 15
1461 3876 1476 1477 15
3877 1462 1477 3876 15
3876 1462 1477 1461 15
1462 3877 1477 1478 15
3878 1463 1478 3877 15
3877 1463 1478 1462 15
1463 3878 1478 1479 15
3879 1464 1479 3878 15
3878 1464 1479 1463 15
1464 3879 1479 1480 15
3880 1465 1480 3879 15
3879 1465 1480 1464 15
1465 3880 1480 1481 15
3881 1466 1481 3880 15
3880 1466 1481 1465 15
1466 3881 1481 1482 15
3882 1467 1482 3881 15
3881 1467 1482 1466 15
1467 3882 1482 1483 15
3883 1468 1483 3882 15
3882 1468 1483 1467 15
1468 3883 1483 1484 15
3884 1469 1484 3883 15
3883 1469 1484 1468 15
1469 3884 1484 235 15
1554 236 235 3884 15
3884 236 235 1469 15
106 107 435 3735 15
1035 1020 3735 106 15
107 106 1035 3735 15
1020 1035 3735 3736 15
1036 1021 3736 1020 15
1035 1020 1036 3736 15
1021 1036 3736 3737 15
1037 1022 3737 1021 15
1036 1021 1037 3737 15
1022 1037 3737 3738 15
1038 1023 3738 1022 15
1037 1022 1038 3738 15
1023 1038 3738 3739 15
1039 1024 3739 1023 15
1038 1023 1039 3739 15
1024 1039 3739 3740 15
1040 1025 3740 1024 15
1039 1024 1040 3740 15
1025 1040 3740 3741 15
1041 1026 3741 1025 15
1040 1025 1041 3741 15
1026 1041 3741 3742 15
1042 1027 3742 1026 15
1041 1026 1042 3742 15
1027 1042 3742 3743 15
1043 1028 3743 1027 15
1042 1027 1043 3743 15
1028 1043 3743 3744 15
1044 1029 3744 1028 15
1043 1028 1044 3744 15
1029 1044 3744 3745 15
1045 1030 3745 1029 15
1044 1029 1045 3745 15
1030 1045 3745 3746 15
1046 1031 3746 1030 15
1045 1030 1046 3746 15
1031 1046 3746 3747 15
1047 1032 3747 1031 15
1046 1031 1047 3747 15
1032 1047 3747 3748 15
1048 1033 3748 1032 15
1047 1032 1048 3748 15
1033 1048 3748 3749 15
1049 1034 3749 1033 15
1048 1033 1049 3749 15
1034 1049 3749 1545 15
148 149 1545 1034 15
1049 1034 148 1545 15
435 107 445 3885 15
1035 3735 3885 107 15
107 3735 3885 435 15
3735 1035 3885 3886 15
1036 3736 3886 1035 15
1035 3736 3886 3735 15
3736 1036 3886 3887 15
1037 3737 3887 1036 15
1036 3737 3887 3736 15
3737 1037 3887 3888 15
1038 3738 3888 1037 15
1037 3738 3888 3737 15
3738 1038 3888 3889 15
1039 3739 3889 1038 15
1038 3739 3889 3738 15
3739 1039 3889 3890 15
1040 3740 3890 1039 15
1039 3740 3890 3739 15
3740 1040 3890 3891 15
1041 3741 3891 1040 15
1040 3741 3891 3740 15
3741 1041 3891 3892 15
1042 3742 3892 1041 15
1041 3742 3892 3741 15
3742 1042 3892 3893 15
1043 3743 3893 1042 15
1042 3743 3893 3742 15
3743 1043 3893 3894 15
1044 3744 3894 1043 15
1043 3744 3894 3743 15
3744 1044 3894 3895 15
1045 3745 3895 1044 15
1044 3745 3895 3744 15
3745 1045 3895 3896 15
1046 3746 3896 1045 15
1045 3746 3896 3745 15
3746 1046 3896 3897 15
1047 3747 3897 1046 15
1046 3747 3897 3746 15
3747 1047 3897 3898 15
1048 3748 3898 1047 15
1047 3748 3898 3747 15
3748 1048 3898 3899 15
1049 3749 3899 1048 15
1048 3749 3899 3748 15
3749 1049 3899 1555 15
148 1545 1555 1049 15
1049 1545 1555 3749 15
435 445 436 3750 15
3885 3735 3750 435 15
445 435 3885 3750 15
3735 3885 3750 3751 15
3886 3736 3751 3735 15
3885 3735 3886 3751 15
3736 3886 3751 3752 15
3887 3737 3752 3736 15
3886 3736 3887 3752 15
3737 3887 3752 3753 15
3888 3738 3753 3737 15
3887 3737 3888 3753 15
3738 3888 3753 3754 15
3889 3739 3754 3738 15
3888 3738 3889 3754 15
3739 3889 3754 3755 15
3890 3740 3755 3739 15
3889 3739 3890 3755 15
3740 3890 3755 3756 15
3891 3741 3756 3740 15
3890 3740 3891 3756 15
3741 3891 3756 3757 15
3892 3742 3757 3741 15
3891 3741 3892 3757 15
3742 3892 3757 3758 15
3893 3743 3758 3742 15
3892 3742 3893 3758 15
3743 3893 3758 3759 15
3894 3744 3759 3743 15
3893 3743 3894 3759 15
3744 3894 3759 3760 15
3895 3745 3760 3744 15
3894 3744 3895 3760 15
3745 3895 3760 3761 15
3896 3746 3761 3745 15
3895 3745 3896 3761 15
3746 3896 3761 3762 15
3897 3747 3762 3746 15
3896 3746 3897 3762 15
3747 3897 3762 3763 15
3898 3748 3763 3747 15
3897 3747 3898 3763 15
3748 3898 3763 3764 15
3899 3749 3764 3748 15
3898 3748 3899 3764 15
3749 3899 3764 1546 15
1555 1545 1546 3749 15
3899 3749 1555 1546 15
436 445 446 3900 15
3885 3750 3900 445 15
445 3750 3900 436 15
3750 3885 3900 3901 15
3886 3751 3901 3885 15
3885 3751 3901 3750 15
3751 3886 3901 3902 15
3887 3752 3902 3886 15
3886 3752 3902 3751 15
3752 3887 3902 3903 15
3888 3753 3903 3887 15
3887 3753 3903 3752 15
3753 3888 3903 3904 15
3889 3754 3904 3888 15
3888 3754 3904 3753 15
3754 3889 3904 3905 15
3890 3755 3905 3889 15
3889 3755 3905 3754 15
3755 3890 3905 3906 15
3891 3756 3906 3890 15
3890 3756 3906 3755 15
3756 3891 3906 3907 15
3892 3757 3907 3891 15
3891 3757 3907 3756 15
3757 3892 3907 3908 15
3893 3758 3908 3892 15
3892 3758 3908 3757 15
3758 3893 3908 3909 15
3894 3759 3909 3893 15
3893 3759 3909 3758 15
3759 3894 3909 3910 15
3895 3760 3910 3894 15
3894 3760 3910 3759 15
3760 3895 3910 3911 15
3896 3761 3911 3895 15
3895 3761 3911 3760 15
3761 3896 3911 3912 15
3897 3762 3912 3896 15
3896 3762 3912 3761 15
3762 3897 3912 3913 15
3898 3763 3913 3897 15
3897 3763 3913 3762 15
3763 3898 3913 3914 15
3899 3764 3914 3898 15
3898 3764 3914 3763 15
3764 3899 3914 1556 15
1555 1546 1556 3899 15
3899 1546 1556 3764 15
436 446 437 3765 15
3900 3750 3765 436 15
446 436 3900 3765 15
3750 3900 3765 3766 15
3901 3751 3766 3750 15
3900 3750 3901 3766 15
3751 3901 3766 3767 15
3902 3752 3767 3751 15
3901 3751 3902 3767 15
3752 3902 3767 3768 15
3903 3753 3768 3752 15
3902 3752 3903 3768 15
3753 3903 3768 3769 15
3904 3754 3769 3753 15
3903 3753 3904 3769 15
3754 3904 3769 3770 15
3905 3755 3770 3754 15
3904 3754 3905 3770 15
3755 3905 3770 3771 15
3906 3756 3771 3755 15
3905 3755 3906 3771 15
3756 3906 3771 3772 15
3907 3757 3772 3756 15
3906 3756 3907 3772 15
3757 3907 3772 3773 15
3908 3758 3773 3757 15
3907 3757 3908 3773 15
3758 3908 3773 3774 15
3909 3759 3774 3758 15
3908 3758 3909 3774 15
3759 3909 3774 3775 15
3910 3760 3775 3759 15
3909 3759 3910 3775 15
3760 3910 3775 3776 15
3911 3761 3776 3760 15
3910 3760 3911 3776 15
3761 3911 3776 3777 15
3912 3762 3777 3761 15
3911 3761 3912 3777 15
3762 3912 3777 3778 15
3913 3763 3778 3762 15
3912 3762 3913 3778 15
3763 3913 3778 3779 15
3914 3764 3779 3763 15
3913 3763 3914 3779 15
3764 3914 3779 1547 15
1556 1546 1547 3764 15
3914 3764 1556 1547 15
437 446 447 3915 15
3900 3765 3915 446 15
446 3765 3915 437 15
3765 3900 3915 3916 15
3901 3766 3916 3900 15
3900 3766 3916 3765 15
3766 3901 3916 3917 15
3902 3767 3917 3901 15
3901 3767 3917 3766 15
3767 3902 3917 3918 15
3903 3768 3918 3902 15
3902 3768 3918 3767 15
3768 3903 3918 3919 15
3904 3769 3919 3903 15
3903 3769 3919 3768 15
3769 3904 3919 3920 15
3905 3770 3920 3904 15
3904 3770 3920 3769 15
3770 3905 3920 3921 15
3906 3771 3921 3905 15
3905 3771 3921 3770 15
3771 3906 3921 3922 15
3907 3772 3922 3906 15
3906 3772 3922 3771 15
3772 3907 3922 3923 15
3908 3773 3923 3907 15
3907 3773 3923 3772 15
3773 3908 3923 3924 15
3909 3774 3924 3908 15
3908 3774 3924 3773 15
3774 3909 3924 3925 15
3910 3775 3925 3909 15
3909 3775 3925 3774 15
3775 3910 3925 3926 15
3911 3776 3926 3910 15
3910 3776 3926 3775 15
3776 3911 3926 3927 15
3912 3777 3927 3911 15
3911 3777 3927 3776 15
3777 3912 3927 3928 15
3913 3778 3928 3912 15
3912 3778 3928 3777 15
3778 3913 3928 3929 15
3914 3779 3929 3913 15
3913 3779 3929 3778 15
3779 3914 3929 1557 15
1556 1547 1557 3914 15
3914 1547 1557 3779 15
437 447 438 3780 15
3915 3765 3780 437 15
447 437 3915 3780 15
3765 3915 3780 3781 15
3916 3766 3781 3765 15
3915 3765 3916 3781 15
3766 3916 3781 3782 15
3917 3767 3782 3766 15
3916 3766 3917 3782 15
3767 3917 3782 3783 15
3918 3768 3783 3767 15
3917 3767 3918 3783 15
3768 3918 3783 3784 15
3919 3769 3784 3768 15
3918 3768 3919 3784 15
3769 3919 3784 3785 15
3920 3770 3785 3769 15
3919 3769 3920 3785 15
3770 3920 3785 3786 15
3921 3771 3786 3770 15
3920 3770 3921 3786 15
3771 3921 3786 3787 15
3922 3772 3787 3771 15
3921 3771 3922 3787 15
3772 3922 3787 3788 15
3923 3773 3788 3772 15
3922 3772 3923 3788 15
3773 3923 3788 3789 15
3924 3774 3789 3773 15
3923 3773 3924 3789 15
3774 3924 3789 3790 15
3925 3775 3790 3774 15
3924 3774 3925 3790 15
3775 3925 3790 3791 15
3926 3776 3791 3775 15
3925 3775 3926 3791 15
3776 3926 3791 3792 15
3927 3777 3792 3776 15
3926 3776 3927 3792 15
3777 3927 3792 3793 15
3928 3778 3793 3777 15
3927 3777 3928 3793 15
3778 3928 3793 3794 15
3929 3779 3794 3778 15
3928 3778 3929 3794 15
3779 3929 3794 1548 15
1557 1547 1548 3779 15
3929 3779 1557 1548 15
438 447 448 3930 15
3915 3780 3930 447 15
447 3780 3930 438 15
3780 3915 3930 3931 15
3916 3781 3931 3915 15
3915 3781 3931 3780 15
3781 3916 3931 3932 15
3917 3782 3932 3916 15
3916 3782 3932 3781 15
3782 3917 3932 3933 15
3918 3783 3933 3917 15
3917 3783 3933 3782 15
3783 3918 3933 3934 15
3919 3784 3934 3918 15
3918 3784 3934 3783 15
3784 3919 3934 3935 15
3920 3785 3935 3919 15
3919 3785 3935 3784 15
3785 3920 3935 3936 15
3921 3786 3936 3920 15
3920 3786 3936 3785 15
3786 3921 3936 3937 15
3922 3787 3937 3921 15
3921 3787 3937 3786 15
3787 3922 3937 3938 15
3923 3788 3938 3922 15
3922 3788 3938 3787 15
3788 3923 3938 3939 15
3924 3789 3939 3923 15
3923 3789 3939 3788 15
3789 3924 3939 3940 15
3925 3790 3940 3924 15
3924 3790 3940 3789 15
3790 3925 3940 3941 15
3926 3791 3941 3925 15
3925 3791 3941 3790 15
3791 3926 3941 3942 15
3927 3792 3942 3926 15
3926 3792 3942 3791 15
3792 3927 3942 3943 15
3928 3793 3943 3927 15
3927 3793 3943 3792 15
3793 3928 3943 3944 15
3929 3794 3944 3928 15
3928 3794 3944 3793 15
3794 3929 3944 1558 15
1557 1548 1558 3929 15
3929 1548 1558 3794 15
438 448 439 3795 15
3930 3780 3795 438 15
448 438 3930 3795 15
3780 3930 3795 3796 15
3931 3781 3796 3780 15
3930 3780 3931 3796 15
3781 3931 3796 3797 15
3932 3782 3797 3781 15
3931 3781 3932 3797 15
3782 3932 3797 3798 15
3933 3783 3798 3782 15
3932 3782 3933 3798 15
3783 3933 3798 3799 15
3934 3784 3799 3783 15
3933 3783 3934 3799 15
3784 3934 3799 3800 15
3935 3785 3800 3784 15
3934 3784 3935 3800 15
3785 3935 3800 3801 15
3936 3786 3801 3785 15
3935 3785 3936 3801 15
3786 3936 3801 3802 15
3937 3787 3802 3786 15
3936 3786 3937 3802 15
3787 3937 3802 3803 15
3938 3788 3803 3787 15
3937 3787 3938 3803 15
3788 3938 3803 3804 15
3939 3789 3804 3788 15
3938 3788 3939 3804 15
3789 3939 3804 3805 15
3940 3790 3805 3789 15
3939 3789 3940 3805 15
3790 3940 3805 3806 15
3941 3791 3806 3790 15
3940 3790 3941 3806 15
3791 3941 3806 3807 15
3942 3792 3807 3791 15
3941 3791 3942 3807 15
3792 3942 3807 3808 15
3943 3793 3808 3792 15
3942 3792 3943 3808 15
3793 3943 3808 3809 15
3944 3794 3809 3793 15
3943 3793 3944 3809 15
3794 3944 3809 1549 15
1558 1548 1549 3794 15
3944 3794 1558 1549 15
439 448 449 3945 15
3930 3795 3945 448 15
448 3795 3945 439 15
3795 3930 3945 3946 15
3931 3796 3946 3930 15
3930 3796 3946 3795 15
3796 3931 3946 3947 15
3932 3797 3947 3931 15
3931 3797 3947 3796 15
3797 3932 3947 3948 15
3933 3798 3948 3932 15
3932 3798 3948 3797 15
3798 3933 3948 3949 15
3934 3799 3949 3933 15
3933 3799 3949 3798 15
3799 3934 3949 3950 15
3935 3800 3950 3934 15
3934 3800 3950 3799 15
3800 3935 3950 3951 15
3936 3801 3951 3935 15
3935 3801 3951 3800 15
3801 3936 3951 3952 15
3937 3802 3952 3936 15
3936 3802 3952 3801 15
3802 3937 3952 3953 15
3938 3803 3953 3937 15
3937 3803 3953 3802 15
3803 3938 3953 3954 15
3939 3804 3954 3938 15
3938 3804 3954 3803 15
3804 3939 3954 3955 15
3940 3805 3955 3939 15
3939 3805 3955 3804 15
3805 3940 3955 3956 15
3941 3806 3956 3940 15
3940 3806 3956 3805 15
3806 3941 3956 3957 15
3942 3807 3957 3941 15
3941 3807 3957 3806 15
3807 3942 3957 3958 15
3943 3808 3958 3942 15
3942 3808 3958 3807 15
3808 3943 3958 3959 15
3944 3809 3959 3943 15
3943 3809 3959 3808 15
3809 3944 3959 1559 15
1558 1549 1559 3944 15
3944 1549 1559 3809 15
439 449 440 3810 15
3945 3795 3810 439 15
449 439 3945 3810 15
3795 3945 3810 3811 15
3946 3796 3811 3795 15
3945 3795 3946 3811 15
3796 3946 3811 3812 15
3947 3797 3812 3796 15
3946 3796 3947 3812 15
3797 3947 3812 3813 15
3948 3798 3813 3797 15
3947 3797 3948 3813 15
3798 3948 3813 3814 15
3949 3799 3814 3798 15
3948 3798 3949 3814 15
3799 3949 3814 3815 15
3950 3800 3815 3799 15
3949 3799 3950 3815 15
3800 3950 3815 3816 15
3951 3801 3816 3800 15
3950 3800 3951 3816 15
3801 3951 3816 3817 15
3952 3802 3817 3801 15
3951 3801 3952 3817 15
3802 3952 3817 3818 15
3953 3803 3818 3802 15
3952 3802 3953 3818 15
3803 3953 3818 3819 15
3954 3804 3819 3803 15
3953 3803 3954 3819 15
3804 3954 3819 3820 15
3955 3805 3820 3804 15
3954 3804 3955 3820 15
3805 3955 3820 3821 15
3956 3806 3821 3805 15
3955 3805 3956 3821 15
3806 3956 3821 3822 15
3957 3807 3822 3806 15
3956 3806 3957 3822 15
3807 3957 3822 3823 15
3958 3808 3823 3807 15
3957 3807 3958 3823 15
3808 3958 3823 3824 15
3959 3809 3824 3808 15
3958 3808 3959 3824 15
3809 3959 3824 1550 15
1559 1549 1550 3809 15
3959 3809 1559 1550 15
440 449 450 3960 15
3945 3810 3960 449 15
449 3810 3960 440 15
3810 3945 3960 3961 15
3946 3811 3961 3945 15
3945 3811 3961 3810 15
3811 3946 3961 3962 15
3947 3812 3962 3946 15
3946 3812 3962 3811 15
3812 3947 3962 3963 15
3948 3813 3963 3947 15
3947 3813 3963 3812 15
3813 3948 3963 3964 15
3949 3814 3964 3948 15
3948 3814 3964 3813 15
3814 3949 3964 3965 15
3950 3815 3965 3949 15
3949 3815 3965 3814 15
3815 3950 3965 3966 15
3951 3816 3966 3950 15
3950 3816 3966 3815 15
3816 3951 3966 3967 15
3952 3817 3967 3951 15
3951 3817 3967 3816 15
3817 3952 3967 3968 15
3953 3818 3968 3952 15
3952 3818 3968 3817 15
3818 3953 3968 3969 15
3954 3819 3969 3953 15
3953 3819 3969 3818 15
3819 3954 3969 3970 15
3955 3820 3970 3954 15
3954 3820 3970 3819 15
3820 3955 3970 3971 15
3956 3821 3971 3955 15
3955 3821 3971 3820 15
3821 3956 3971 3972 15
3957 3822 3972 3956 15
3956 3822 3972 3821 15
3822 3957 3972 3973 15
3958 3823 3973 3957 15
3957 3823 3973 3822 15
3823 3958 3973 3974 15
3959 3824 3974 3958 15
3958 3824 3974 3823 15
3824 3959 3974 1560 15
1559 1550 1560 3959 15
3959 1550 1560 3824 15
440 450 441 3825 15
3960 3810 3825 440 15
450 440 3960 3825 15
3810 3960 3825 3826 15
3961 3811 3826 3810 15
3960 3810 3961 3826 15
3811 3961 3826 3827 15
3962 3812 3827 3811 15
3961 3811 3962 3827 15
3812 3962 3827 3828 15
3963 3813 3828 3812 15
3962 3812 3963 3828 15
3813 3963 3828 3829 15
3964 3814 3829 3813 15
3963 3813 3964 3829 15
3814 3964 3829 3830 15
3965 3815 3830 3814 15
3964 3814 3965 3830 15
3815 3965 3830 3831 15
3966 3816 3831 3815 15
3965 3815 3966 3831 15
3816 3966 3831 3832 15
3967 3817 3832 3816 15
3966 3816 3967 3832 15
3817 3967 3832 3833 15
3968 3818 3833 3817 15
3967 3817 3968 3833 15
3818 3968 3833 3834 15
3969 3819 3834 3818 15
3968 3818 3969 3834 15
3819 3969 3834 3835 15
3970 3820 3835 3819 15
3969 3819 3970 3835 15
3820 3970 3835 3836 15
3971 3821 3836 3820 15
3970 3820 3971 3836 15
3821 3971 3836 3837 15
3972 3822 3837 3821 15
3971 3821 3972 3837 15
3822 3972 3837 3838 15
3973 3823 3838 3822 15
3972 3822 3973 3838 15
3823 3973 3838 3839 15
3974 3824 3839 3823 15
3973 3823 3974 3839 15
3824 3974 3839 1551 15
1560 1550 1551 3824 15
3974 3824 1560 1551 15
441 450 451 3975 15
3960 3825 3975 450 15
450 3825 3975 441 15
3825 3960 3975 3976 15
3961 3826 3976 3960 15
3960 3826 3976 3825 15
3826 3961 3976 3977 15
3962 3827 3977 3961 15
3961 3827 3977 3826 15
3827 3962 3977 3978 15
3963 3828 3978 3962 15
3962 3828 3978 3827 15
3828 3963 3978 3979 15
3964 3829 3979 3963 15
3963 3829 3979 3828 15
3829 3964 3979 3980 15
3965 3830 3980 3964 15
3964 3830 3980 3829 15
3830 3965 3980 3981 15
3966 3831 3981 3965 15
3965 3831 3981 3830 15
3831 3966 3981 3982 15
3967 3832 3982 3966 15
3966 3832 3982 3831 15
3832 3967 3982 3983 15
3968 3833 3983 3967 15
3967 3833 3983 3832 15
3833 3968 3983 3984 15
3969 3834 3984 3968 15
3968 3834 3984 3833 15
3834 3969 3984 3985 15
3970 3835 3985 3969 15
3969 3835 3985 3834 15
3835 3970 3985 3986 15
3971 3836 3986 3970 15
3970 3836 3986 3835 15
3836 3971 3986 3987 15
3972 3837 3987 3971 15
3971 3837 3987 3836 15
3837 3972 3987 3988 15
3973 3838 3988 3972 15
3972 3838 3988 3837 15
3838 3973 3988 3989 15
3974 3839 3989 3973 15
3973 3839 3989 3838 15
3839 3974 3989 1561 15
1560 1551 1561 3974 15
3974 1551 1561 3839 15
441 451 442 3840 15
3975 3825 3840 441 15
451 441 3975 3840 15
3825 3975 3840 3841 15
3976 3826 3841 3825 15
3975 3825 3976 3841 15
3826 3976 3841 3842 15
3977 3827 3842 3826 15
3976 3826 3977 3842 15
3827 3977 3842 3843 15
3978 3828 3843 3827 15
3977 3827 3978 3843 15
3828 3978 3843 3844 15
3979 3829 3844 3828 15
3978 3828 3979 3844 15
3829 3979 3844 3845 15
3980 3830 3845 3829 15
3979 3829 3980 3845 15
3830 3980 3845 3846 15
3981 3831 3846 3830 15
3980 3830 3981 3846 15
3831 3981 3846 3847 15
3982 3832 3847 3831 15
3981 3831 3982 3847 15
3832 3982 3847 3848 15
3983 3833 3848 3832 15
3982 3832 3983 3848 15
3833 3983 3848 3849 15
3984 3834 3849 3833 15
3983 3833 3984 3849 15
3834 3984 3849 3850 15
3985 3835 3850 3834 15
3984 3834 3985 3850 15
3835 3985 3850 3851 15
3986 3836 3851 3835 15
3985 3835 3986 3851 15
3836 3986 3851 3852 15
3987 3837 3852 3836 15
3986 3836 3987 3852 15
3837 3987 3852 3853 15
3988 3838 3853 3837 15
3987 3837 3988 3853 15
3838 3988 3853 3854 15
3989 3839 3854 3838 15
3988 3838 3989 3854 15
3839 3989 3854 1552 15
1561 1551 1552 3839 15
3989 3839 1561 1552 15
442 451 452 3990 15
3975 3840 3990 451 15
451 3840 3990 442 15
3840 3975 3990 3991 15
3976 3841 3991 3975 15
3975 3841 3991 3840 15
3841 3976 3991 3992 15
3977 3842 3992 3976 15
3976 3842 3992 3841 15
3842 3977 3992 3993 15
3978 3843 3993 3977 15
3977 3843 3993 3842 15
3843 3978 3993 3994 15
3979 3844 3994 3978 15
3978 3844 3994 3843 15
3844 3979 3994 3995 15
3980 3845 3995 3979 15
3979 3845 3995 3844 15
3845 3980 3995 3996 15
3981 3846 3996 3980 15
3980 3846 3996 3845 15
3846 3981 3996 3997 15
3982 3847 3997 3981 15
3981 3847 3997 3846 15
3847 3982 3997 3998 15
3983 3848 3998 3982 15
3982 3848 3998 3847 15
3848 3983 3998 3999 15
3984 3849 3999 3983 15
3983 3849 3999 3848 15
3849 3984 3999 4000 15
3985 3850 4000 3984 15
3984 3850 4000 3849 15
3850 3985 4000 4001 15
3986 3851 4001 3985 15
3985 3851 4001 3850 15
3851 3986 4001 4002 15
3987 3852 4002 3986 15
3986 3852 4002 3851 15
3852 3987 4002 4003 15
3988 3853 4003 3987 15
3987 3853 4003 3852 15
3853 3988 4003 4004 15
3989 3854 4004 3988 15
3988 3854 4004 3853 15
3854 3989 4004 1562 15
1561 1552 1562 3989 15
3989 1552 1562 3854 15
442 452 443 3855 15
3990 3840 3855 442 15
452 442 3990 3855 15
3840 3990 3855 3856 15
3991 3841 3856 3840 15
3990 3840 3991 3856 15
3841 3991 3856 3857 15
3992 3842 3857 3841 15
3991 3841 3992 3857 15
3842 3992 3857 3858 15
3993 3843 3858 3842 15
3992 3842 3993 3858 15
3843 3993 3858 3859 15
3994 3844 3859 3843 15
3993 3843 3994 3859 15
3844 3994 3859 3860 15
3995 3845 3860 3844 15
3994 3844 3995 3860 15
3845 3995 3860 3861 15
3996 3846 3861 3845 15
3995 3845 3996 3861 15
3846 3996 3861 3862 15
3997 3847 3862 3846 15
3996 3846 3997 3862 15
3847 3997 3862 3863 15
3998 3848 3863 3847 15
3997 3847 3998 3863 15
3848 3998 3863 3864 15
3999 3849 3864 3848 15
3998 3848 3999 3864 15
3849 3999 3864 3865 15
4000 3850 3865 3849 15
3999 3849 4000 3865 15
3850 4000 3865 3866 15
4001 3851 3866 3850 15
4000 3850 4001 3866 15
3851 4001 3866 3867 15
4002 3852 3867 3851 15
4001 3851 4002 3867 15
3852 4002 3867 3868 15
4003 3853 3868 3852 15
4002 3852 4003 3868 15
3853 4003 3868 3869 15
4004 3854 3869 3853 15
4003 3853 4004 3869 15
3854 4004 3869 1553 15
1562 1552 1553 3854 15
4004 3854 1562 1553 15
443 452 453 4005 15
3990 3855 4005 452 15
452 3855 4005 443 15
3855 3990 4005 4006 15
3991 3856 4006 3990 15
3990 3856 4006 3855 15
3856 3991 4006 4007 15
3992 3857 4007 3991 15
3991 3857 4007 3856 15
3857 3992 4007 4008 15
3993 3858 4008 3992 15
3992 3858 4008 3857 15
3858 3993 4008 4009 15
3994 3859 4009 3993 15
3993 3859 4009 3858 15
3859 3994 4009 4010 15
3995 3860 4010 3994 15
3994 3860 4010 3859 15
3860 3995 4010 4011 15
3996 3861 4011 3995 15
3995 3861 4011 3860 15
3861 3996 4011 4012 15
3997 3862 4012 3996 15
3996 3862 4012 3861 15
3862 3997 4012 4013 15
3998 3863 4013 3997 15
3997 3863 4013 3862 15
3863 3998 4013 4014 15
3999 3864 4014 3998 15
3998 3864 4014 3863 15
3864 3999 4014 4015 15
4000 3865 4015 3999 15
3999 3865 4015 3864 15
3865 4000 4015 4016 15
4001 3866 4016 4000 15
4000 3866 4016 3865 15
3866 4001 4016 4017 15
4002 3867 4017 4001 15
4001 3867 4017 3866 15
3867 4002 4017 4018 15
4003 3868 4018 4002 15
4002 3868 4018 3867 15
3868 4003 4018 4019 15
4004 3869 4019 4003 15
4003 3869 4019 3868 15
3869 4004 4019 1563 15
1562 1553 1563 4004 15
4004 1553 1563 3869 15
443 453 444 3870 15
4005 3855 3870 443 15
453 443 4005 3870 15
3855 4005 3870 3871 15
4006 3856 3871 3855 15
4005 3855 4006 3871 15
3856 4006 3871 3872 15
4007 3857 3872 3856 15
4006 3856 4007 3872 15
3857 4007 3872 3873 15
4008 3858 3873 3857 15
4007 3857 4008 3873 15
3858 4008 3873 3874 15
4009 3859 3874 3858 15
4008 3858 4009 3874 15
3859 4009 3874 3875 15
4010 3860 3875 3859 15
4009 3859 4010 3875 15
3860 4010 3875 3876 15
4011 3861 3876 3860 15
4010 3860 4011 3876 15
3861 4011 3876 3877 15
4012 3862 3877 3861 15
4011 3861 4012 3877 15
3862 4012 3877 3878 15
4013 3863 3878 3862 15
4012 3862 4013 3878 15
3863 4013 3878 3879 15
4014 3864 3879 3863 15
4013 3863 4014 3879 15
3864 4014 3879 3880 15
4015 3865 3880 3864 15
4014 3864 4015 3880 15
3865 4015 3880 3881 15
4016 3866 3881 3865 15
4015 3865 4016 3881 15
3866 4016 3881 3882 15
4017 3867 3882 3866 15
4016 3866 4017 3882 15
3867 4017 3882 3883 15
4018 3868 3883 3867 15
4017 3867 4018 3883 15
3868 4018 3883 3884 15
4019 3869 3884 3868 15
4018 3868 4019 3884 15
3869 4019 3884 1554 15
1563 1553 1554 3869 15
4019 3869 1563 1554 15
444 453 454 4020 15
4005 3870 4020 453 15
453 3870 4020 444 15
3870 4005 4020 4021 15
4006 3871 4021 4005 15
4005 3871 4021 3870 15
3871 4006 4021 4022 15
4007 3872 4022 4006 15
4006 3872 4022 3871 15
3872 4007 4022 4023 15
4008 3873 4023 4007 15
4007 3873 4023 3872 15
3873 4008 4023 4024 15
4009 3874 4024 4008 15
4008 3874 4024 3873 15
3874 4009 4024 4025 15
4010 3875 4025 4009 15
4009 3875 4025 3874 15
3875 4010 4025 4026 15
4011 3876 4026 4010 15
4010 3876 4026 3875 15
3876 4011 4026 4027 15
4012 3877 4027 4011 15
4011 3877 4027 3876 15
3877 4012 4027 4028 15
4013 3878 4028 4012 15
4012 3878 4028 3877 15
3878 4013 4028 4029 15
4014 3879 4029 4013 15
4013 3879 4029 3878 15
3879 4014 4029 4030 15
4015 3880 4030 4014 15
4014 3880 4030 3879 15
3880 4015 4030 4031 15
4016 3881 4031 4015 15
4015 3881 4031 3880 15
3881 4016 4031 4032 15
4017 3882 4032 4016 15
4016 3882 4032 3881 15
3882 4017 4032 4033 15
4018 3883 4033 4017 15
4017 3883 4033 3882 15
3883 4018 4033 4034 15
4019 3884 4034 4018 15
4018 3884 4034 3883 15
3884 4019 4034 1564 15
1563 1554 1564 4019 15
4019 1554 1564 3884 15
444 454 112 1470 15
4020 3870 1470 444 15
454 444 4020 1470 15
3870 4020 1470 1471 15
4021 3871 1471 3870 15
4020 3870 4021 1471 15
3871 4021 1471 1472 15
4022 3872 1472 3871 15
4021 3871 4022 1472 15
3872 4022 1472 1473 15
4023 3873 1473 3872 15
4022 3872 4023 1473 15
3873 4023 1473 1474 15
4024 3874 1474 3873 15
4023 3873 4024 1474 15
3874 4024 1474 1475 15
4025 3875 1475 3874 15
4024 3874 4025 1475 15
3875 4025 1475 1476 15
4026 3876 1476 3875 15
4025 3875 4026 1476 15
3876 4026 1476 1477 15
4027 3877 1477 3876 15
4026 3876 4027 1477 15
3877 4027 1477 1478 15
4028 3878 1478 3877 15
4027 3877 4028 1478 15
3878 4028 1478 1479 15
4029 3879 1479 3878 15
4028 3878 4029 1479 15
3879 4029 1479 1480 15
4030 3880 1480 3879 15
4029 3879 4030 1480 15
3880 4030 1480 1481 15
4031 3881 1481 3880 15
4030 3880 4031 1481 15
3881 4031 1481 1482 15
4032 3882 1482 3881 15
4031 3881 4032 1482 15
3882 4032 1482 1483 15
4033 3883 1483 3882 15
4032 3882 4033 1483 15
3883 4033 1483 1484 15
4034 3884 1484 3883 15
4033 3883 4034 1484 15
3884 4034 1484 235 15
1564 1554 235 3884 15
4034 3884 1564 235 15
112 454 113 1485 15
4020 1470 1485 454 15
454 1470 1485 112 15
1470 4020 1485 1486 15
4021 1471 1486 4020 15
4020 1471 1486 1470 15
1471 4021 1486 1487 15
4022 1472 1487 4021 15
4021 1472 1487 1471 15
1472 4022 1487 1488 15
4023 1473 1488 4022 15
4022 1473 1488 1472 15
1473 4023 1488 1489 15
4024 1474 1489 4023 15
4023 1474 1489 1473 15
1474 4024 1489 1490 15
4025 1475 1490 4024 15
4024 1475 1490 1474 15
1475 4025 1490 1491 15
4026 1476 1491 4025 15
4025 1476 1491 1475 15
1476 4026 1491 1492 15
4027 1477 1492 4026 15
4026 1477 1492 1476 15
1477 4027 1492 1493 15
4028 1478 1493 4027 15
4027 1478 1493 1477 15
1478 4028 1493 1494 15
4029 1479 1494 4028 15
4028 1479 1494 1478 15
1479 4029 1494 1495 15
4030 1480 1495 4029 15
4029 1480 1495 1479 15
1480 4030 1495 1496 15
4031 1481 1496 4030 15
4030 1481 1496 1480 15
1481 4031 1496 1497 15
4032 1482 1497 4031 15
4031 1482 1497 1481 15
1482 4032 1497 1498 15
4033 1483 1498 4032 15
4032 1483 1498 1482 15
1483 4033 1498 1499 15
4034 1484 1499 4033 15
4033 1484 1499 1483 15
1484 4034 1499 234 15
1564 235 234 4034 15
4034 235 234 1484 15
107 108 445 3885 15
1050 1035 3885 107 15
108 107 1050 3885 15
1035 1050 3885 3886 15
1051 1036 3886 1035 15
1050 1035 1051 3886 15
1036 1051 3886 3887 15
1052 1037 3887 1036 15
1051 1036 1052 3887 15
1037 1052 3887 3888 15
1053 1038 3888 1037 15
1052 1037 1053 3888 15
1038 1053 3888 3889 15
1054 1039 3889 1038 15
1053 1038 1054 3889 15
1039 1054 3889 3890 15
1055 1040 3890 1039 15
1054 1039 1055 3890 15
1040 1055 3890 3891 15
1056 1041 3891 1040 15
1055 1040 1056 3891 15
1041 1056 3891 3892 15
1057 1042 3892 1041 15
1056 1041 1057 3892 15
1042 1057 3892 3893 15
1058 1043 3893 1042 15
1057 1042 1058 3893 15
1043 1058 3893 3894 15
1059 1044 3894 1043 15
1058 1043 1059 3894 15
1044 1059 3894 3895 15
1060 1045 3895 1044 15
1059 1044 1060 3895 15
1045 1060 3895 3896 15
1061 1046 3896 1045 15
1060 1045 1061 3896 15
1046 1061 3896 3897 15
1062 1047 3897 1046 15
1061 1046 1062 3897 15
1047 1062 3897 3898 15
1063 1048 3898 1047 15
1062 1047 1063 3898 15
1048 1063 3898 3899 15
1064 1049 3899 1048 15
1063 1048 1064 3899 15
1049 1064 3899 1555 15
147 148 1555 1049 15
1064 1049 147 1555 15
445 108 455 4035 15
1050 3885 4035 108 15
108 3885 4035 445 15
3885 1050 4035 4036 15
1051 3886 4036 1050 15
1050 3886 4036 3885 15
3886 1051 4036 4037 15
1052 3887 4037 1051 15
1051 3887 4037 3886 15
3887 1052 4037 4038 15
1053 3888 4038 1052 15
1052 3888 4038 3887 15
3888 1053 4038 4039 15
1054 3889 4039 1053 15
1053 3889 4039 3888 15
3889 1054 4039 4040 15
1055 3890 4040 1054 15
1054 3890 4040 3889 15
3890 1055 4040 4041 15
1056 3891 4041 1055 15
1055 3891 4041 3890 15
3891 1056 4041 4042 15
1057 3892 4042 1056 15
1056 3892 4042 3891 15
3892 1057 4042 4043 15
1058 3893 4043 1057 15
1057 3893 4043 3892 15
3893 1058 4043 4044 15
1059 3894 4044 1058 15
1058 3894 4044 3893 15
3894 1059 4044 4045 15
1060 3895 4045 1059 15
1059 3895 4045 3894 15
3895 1060 4045 4046 15
1061 3896 4046 1060 15
1060 3896 4046 3895 15
3896 1061 4046 4047 15
1062 3897 4047 1061 15
1061 3897 4047 3896 15
3897 1062 4047 4048 15
1063 3898 4048 1062 15
1062 3898 4048 3897 15
3898 1063 4048 4049 15
1064 3899 4049 1063 15
1063 3899 4049 3898 15
3899 1064 4049 1565 15
147 1555 1565 1064 15
1064 1555 1565 3899 15
445 455 446 3900 15
4035 3885 3900 445 15
455 445 4035 3900 15
3885 4035 3900 3901 15
4036 3886 3901 3885 15
4035 3885 4036 3901 15
3886 4036 3901 3902 15
4037 3887 3902 3886 15
4036 3886 4037 3902 15
3887 4037 3902 3903 15
4038 3888 3903 3887 15
4037 3887 4038 3903 15
3888 4038 3903 3904 15
4039 3889 3904 3888 15
4038 3888 4039 3904 15
3889 4039 3904 3905 15
4040 3890 3905 3889 15
4039 3889 4040 3905 15
3890 4040 3905 3906 15
4041 3891 3906 3890 15
4040 3890 4041 3906 15
3891 4041 3906 3907 15
4042 3892 3907 3891 15
4041 3891 4042 3907 15
3892 4042 3907 3908 15
4043 3893 3908 3892 15
4042 3892 4043 3908 15
3893 4043 3908 3909 15
4044 3894 3909 3893 15
4043 3893 4044 3909 15
3894 4044 3909 3910 15
4045 3895 3910 3894 15
4044 3894 4045 3910 15
3895 4045 3910 3911 15
4046 3896 3911 3895 15
4045 3895 4046 3911 15
3896 4046 3911 3912 15
4047 3897 3912 3896 15
4046 3896 4047 3912 15
3897 4047 3912 3913 15
4048 3898 3913 3897 15
4047 3897 4048 3913 15
3898 4048 3913 3914 15
4049 3899 3914 3898 15
4048 3898 4049 3914 15
3899 4049 3914 1556 15
1565 1555 1556 3899 15
4049 3899 1565 1556 15
446 455 456 4050 15
4035 3900 4050 455 15
455 3900 4050 446 15
3900 4035 4050 4051 15
4036 3901 4051 4035 15
4035 3901 4051 3900 15
3901 4036 4051 4052 15
4037 3902 4052 4036 15
4036 3902 4052 3901 15
3902 4037 4052 4053 15
4038 3903 4053 4037 15
4037 3903 4053 3902 15
3903 4038 4053 4054 15
4039 3904 4054 4038 15
4038 3904 4054 3903 15
3904 4039 4054 4055 15
4040 3905 4055 4039 15
4039 3905 4055 3904 15
3905 4040 4055 4056 15
4041 3906 4056 4040 15
4040 3906 4056 3905 15
3906 4041 4056 4057 15
4042 3907 4057 4041 15
4041 3907 4057 3906 15
3907 4042 4057 4058 15
4043 3908 4058 4042 15
4042 3908 4058 3907 15
3908 4043 4058 4059 15
4044 3909 4059 4043 15
4043 3909 4059 3908 15
3909 4044 4059 4060 15
4045 3910 4060 4044 15
4044 3910 4060 3909 15
3910 4045 4060 4061 15
4046 3911 4061 4045 15
4045 3911 4061 3910 15
3911 4046 4061 4062 15
4047 3912 4062 4046 15
4046 3912 4062 3911 15
3912 4047 4062 4063 15
4048 3913 4063 4047 15
4047 3913 4063 3912 15
3913 4048 4063 4064 15
4049 3914 4064 4048 15
4048 3914 4064 3913 15
3914 4049 4064 1566 15
1565 1556 1566 4049 15
4049 1556 1566 3914 15
446 456 447 3915 15
4050 3900 3915 446 15
456 446 4050 3915 15
3900 4050 3915 3916 15
4051 3901 3916 3900 15
4050 3900 4051 3916 15
3901 4051 3916 3917 15
4052 3902 3917 3901 15
4051 3901 4052 3917 15
3902 4052 3917 3918 15
4053 3903 3918 3902 15
4052 3902 4053 3918 15
3903 4053 3918 3919 15
4054 3904 3919 3903 15
4053 3903 4054 3919 15
3904 4054 3919 3920 15
4055 3905 3920 3904 15
4054 3904 4055 3920 15
3905 4055 3920 3921 15
4056 3906 3921 3905 15
4055 3905 4056 3921 15
3906 4056 3921 3922 15
4057 3907 3922 3906 15
4056 3906 4057 3922 15
3907 4057 3922 3923 15
4058 3908 3923 3907 15
4057 3907 4058 3923 15
3908 4058 3923 3924 15
4059 3909 3924 3908 15
4058 3908 4059 3924 15
3909 4059 3924 3925 15
4060 3910 3925 3909 15
4059 3909 4060 3925 15
3910 4060 3925 3926 15
4061 3911 3926 3910 15
4060 3910 4061 3926 15
3911 4061 3926 3927 15
4062 3912 3927 3911 15
4061 3911 4062 3927 15
3912 4062 3927 3928 15
4063 3913 3928 3912 15
4062 3912 4063 3928 15
3913 4063 3928 3929 15
4064 3914 3929 3913 15
4063 3913 4064 3929 15
3914 4064 3929 1557 15
1566 1556 1557 3914 15
4064 3914 1566 1557 15
447 456 457 4065 15
4050 3915 4065 456 15
456 3915 4065 447 15
3915 4050 4065 4066 15
4051 3916 4066 4050 15
4050 3916 4066 3915 15
3916 4051 4066 4067 15
4052 3917 4067 4051 15
4051 3917 4067 3916 15
3917 4052 4067 4068 15
4053 3918 4068 4052 15
4052 3918 4068 3917 15
3918 4053 4068 4069 15
4054 3919 4069 4053 15
4053 3919 4069 3918 15
3919 4054 4069 4070 15
4055 3920 4070 4054 15
4054 3920 4070 3919 15
3920 4055 4070 4071 15
4056 3921 4071 4055 15
4055 3921 4071 3920 15
3921 4056 4071 4072 15
4057 3922 4072 4056 15
4056 3922 4072 3921 15
3922 4057 4072 4073 15
4058 3923 4073 4057 15
4057 3923 4073 3922 15
3923 4058 4073 4074 15
4059 3924 4074 4058 15
4058 3924 4074 3923 15
3924 4059 4074 4075 15
4060 3925 4075 4059 15
4059 3925 4075 3924 15
3925 4060 4075 4076 15
4061 3926 4076 4060 15
4060 3926 4076 3925 15
3926 4061 4076 4077 15
4062 3927 4077 4061 15
4061 3927 4077 3926 15
3927 4062 4077 4078 15
4063 3928 4078 4062 15
4062 3928 4078 3927 15
3928 4063 4078 4079 15
4064 3929 4079 4063 15
4063 3929 4079 3928 15
3929 4064 4079 1567 15
1566 1557 1567 4064 15
4064 1557 1567 3929 15
447 457 448 3930 15
4065 3915 3930 447 15
457 447 4065 3930 15
3915 4065 3930 3931 15
4066 3916 3931 3915 15
4065 3915 4066 3931 15
3916 4066 3931 3932 15
4067 3917 3932 3916 15
4066 3916 4067 3932 15
3917 4067 3932 3933 15
4068 3918 3933 3917 15
4067 3917 4068 3933 15
3918 4068 3933 3934 15
4069 3919 3934 3918 15
4068 3918 4069 3934 15
3919 4069 3934 3935 15
4070 3920 3935 3919 15
4069 3919 4070 3935 15
3920 4070 3935 3936 15
4071 3921 3936 3920 15
4070 3920 4071 3936 15
3921 4071 3936 3937 15
4072 3922 3937 3921 15
4071 3921 4072 3937 15
3922 4072 3937 3938 15
4073 3923 3938 3922 15
4072 3922 4073 3938 15
3923 4073 3938 3939 15
4074 3924 3939 3923 15
4073 3923 4074 3939 15
3924 4074 3939 3940 15
4075 3925 3940 3924 15
4074 3924 4075 3940 15
3925 4075 3940 3941 15
4076 3926 3941 3925 15
4075 3925 4076 3941 15
3926 4076 3941 3942 15
4077 3927 3942 3926 15
4076 3926 4077 3942 15
3927 4077 3942 3943 15
4078 3928 3943 3927 15
4077 3927 4078 3943 15
3928 4078 3943 3944 15
4079 3929 3944 3928 15
4078 3928 4079 3944 15
3929 4079 3944 1558 15
1567 1557 1558 3929 15
4079 3929 1567 1558 15
448 457 458 4080 15
4065 3930 4080 457 15
457 3930 4080 448 15
3930 4065 4080 4081 15
4066 3931 4081 4065 15
4065 3931 4081 3930 15
3931 4066 4081 4082 15
4067 3932 4082 4066 15
4066 3932 4082 3931 15
3932 4067 4082 4083 15
4068 3933 4083 4067 15
4067 3933 4083 3932 15
3933 4068 4083 4084 15
4069 3934 4084 4068 15
4068 3934 4084 3933 15
3934 4069 4084 4085 15
4070 3935 4085 4069 15
4069 3935 4085 3934 15
3935 4070 4085 4086 15
4071 3936 4086 4070 15
4070 3936 4086 3935 15
3936 4071 4086 4087 15
4072 3937 4087 4071 15
4071 3937 4087 3936 15
3937 4072 4087 4088 15
4073 3938 4088 4072 15
4072 3938 4088 3937 15
3938 4073 4088 4089 15
4074 3939 4089 4073 15
4073 3939 4089 3938 15
3939 4074 4089 4090 15
4075 3940 4090 4074 15
4074 3940 4090 3939 15
3940 4075 4090 4091 15
4076 3941 4091 4075 15
4075 3941 4091 3940 15
3941 4076 4091 4092 15
4077 3942 4092 4076 15
4076 3942 4092 3941 15
3942 4077 4092 4093 15
4078 3943 4093 4077 15
4077 3943 4093 3942 15
3943 4078 4093 4094 15
4079 3944 4094 4078 15
4078 3944 4094 3943 15
3944 4079 4094 1568 15
1567 1558 1568 4079 15
4079 1558 1568 3944 15
448 458 449 3945 15
4080 3930 3945 448 15
458 448 4080 3945 15
3930 4080 3945 3946 15
4081 3931 3946 3930 15
4080 3930 4081 3946 15
3931 4081 3946 3947 15
4082 3932 3947 3931 15
4081 3931 4082 3947 15
3932 4082 3947 3948 15
4083 3933 3948 3932 15
4082 3932 4083 3948 15
3933 4083 3948 3949 15
4084 3934 3949 3933 15
4083 3933 4084 3949 15
3934 4084 3949 3950 15
4085 3935 3950 3934 15
4084 3934 4085 3950 15
3935 4085 3950 3951 15
4086 3936 3951 3935 15
4085 3935 4086 3951 15
3936 4086 3951 3952 15
4087 3937 3952 3936 15
4086 3936 4087 3952 15
3937 4087 3952 3953 15
4088 3938 3953 3937 15
4087 3937 4088 3953 15
3938 4088 3953 3954 15
4089 3939 3954 3938 15
4088 3938 4089 3954 15
3939 4089 3954 3955 15
4090 3940 3955 3939 15
4089 3939 4090 3955 15
3940 4090 3955 3956 15
4091 3941 3956 3940 15
4090 3940 4091 3956 15
3941 4091 3956 3957 15
4092 3942 3957 3941 15
4091 3941 4092 3957 15
3942 4092 3957 3958 15
4093 3943 3958 3942 15
4092 3942 4093 3958 15
3943 4093 3958 3959 15
4094 3944 3959 3943 15
4093 3943 4094 3959 15
3944 4094 3959 1559 15
1568 1558 1559 3944 15
4094 3944 1568 1559 15
449 458 459 4095 15
4080 3945 4095 458 15
458 3945 4095 449 15
3945 4080 4095 4096 15
4081 3946 4096 4080 15
4080 3946 4096 3945 15
3946 4081 4096 4097 15
4082 3947 4097 4081 15
4081 3947 4097 3946 15
3947 4082 4097 4098 15
4083 3948 4098 4082 15
4082 3948 4098 3947 15
3948 4083 4098 4099 15
4084 3949 4099 4083 15
4083 3949 4099 3948 15
3949 4084 4099 4100 15
4085 3950 4100 4084 15
4084 3950 4100 3949 15
3950 4085 4100 4101 15
4086 3951 4101 4085 15
4085 3951 4101 3950 15
3951 4086 4101 4102 15
4087 3952 4102 4086 15
4086 3952 4102 3951 15
3952 4087 4102 4103 15
4088 3953 4103 4087 15
4087 3953 4103 3952 15
3953 4088 4103 4104 15
4089 3954 4104 4088 15
4088 3954 4104 3953 15
3954 4089 4104 4105 15
4090 3955 4105 4089 15
4089 3955 4105 3954 15
3955 4090 4105 4106 15
4091 3956 4106 4090 15
4090 3956 4106 3955 15
3956 4091 4106 4107 15
4092 3957 4107 4091 15
4091 3957 4107 3956 15
3957 4092 4107 4108 15
4093 3958 4108 4092 15
4092 3958 4108 3957 15
3958 4093 4108 4109 15
4094 3959 4109 4093 15
4093 3959 4109 3958 15
3959 4094 4109 1569 15
1568 1559 1569 4094 15
4094 1559 1569 3959 15
449 459 450 3960 15
4095 3945 3960 449 15
459 449 4095 3960 15
3945 4095 3960 3961 15
4096 3946 3961 3945 15
4095 3945 4096 3961 15
3946 4096 3961 3962 15
4097 3947 3962 3946 15
4096 3946 4097 3962 15
3947 4097 3962 3963 15
4098 3948 3963 3947 15
4097 3947 4098 3963 15
3948 4098 3963 3964 15
4099 3949 3964 3948 15
4098 3948 4099 3964 15
3949 4099 3964 3965 15
4100 3950 3965 3949 15
4099 3949 4100 3965 15
3950 4100 3965 3966 15
4101 3951 3966 3950 15
4100 3950 4101 3966 15
3951 4101 3966 3967 15
4102 3952 3967 3951 15
4101 3951 4102 3967 15
3952 4102 3967 3968 15
4103 3953 3968 3952 15
4102 3952 4103 3968 15
3953 4103 3968 3969 15
4104 3954 3969 3953 15
4103 3953 4104 3969 15
3954 4104 3969 3970 15
4105 3955 3970 3954 15
4104 3954 4105 3970 15
3955 4105 3970 3971 15
4106 3956 3971 3955 15
4105 3955 4106 3971 15
3956 4106 3971 3972 15
4107 3957 3972 3956 15
4106 3956 4107 3972 15
3957 4107 3972 3973 15
4108 3958 3973 3957 15
4107 3957 4108 3973 15
3958 4108 3973 3974 15
4109 3959 3974 3958 15
4108 3958 4109 3974 15
3959 4109 3974 1560 15
1569 1559 1560 3959 15
4109 3959 1569 1560 15
450 459 460 4110 15
4095 3960 4110 459 15
459 3960 4110 450 15
3960 4095 4110 4111 15
4096 3961 4111 4095 15
4095 3961 4111 3960 15
3961 4096 4111 4112 15
4097 3962 4112 4096 15
4096 3962 4112 3961 15
3962 4097 4112 4113 15
4098 3963 4113 4097 15
4097 3963 4113 3962 15
3963 4098 4113 4114 15
4099 3964 4114 4098 15
4098 3964 4114 3963 15
3964 4099 4114 4115 15
4100 3965 4115 4099 15
4099 3965 4115 3964 15
3965 4100 4115 4116 15
4101 3966 4116 4100 15
4100 3966 4116 3965 15
3966 4101 4116 4117 15
4102 3967 4117 4101 15
4101 3967 4117 3966 15
3967 4102 4117 4118 15
4103 3968 4118 4102 15
4102 3968 4118 3967 15
3968 4103 4118 4119 15
4104 3969 4119 4103 15
4103 3969 4119 3968 15
3969 4104 4119 4120 15
4105 3970 4120 4104 15
4104 3970 4120 3969 15
3970 4105 4120 4121 15
4106 3971 4121 4105 15
4105 3971 4121 3970 15
3971 4106 4121 4122 15
4107 3972 4122 4106 15
4106 3972 4122 3971 15
3972 4107 4122 4123 15
4108 3973 4123 4107 15
4107 3973 4123 3972 15
3973 4108 4123 4124 15
4109 3974 4124 4108 15
4108 3974 4124 3973 15
3974 4109 4124 1570 15
1569 1560 1570 4109 15
4109 1560 1570 3974 15
450 460 451 3975 15
4110 3960 3975 450 15
460 450 4110 3975 15
3960 4110 3975 3976 15
4111 3961 3976 3960 15
4110 3960 4111 3976 15
3961 4111 3976 3977 15
4112 3962 3977 3961 15
4111 3961 4112 3977 15
3962 4112 3977 3978 15
4113 3963 3978 3962 15
4112 3962 4113 3978 15
3963 4113 3978 3979 15
4114 3964 3979 3963 15
4113 3963 4114 3979 15
3964 4114 3979 3980 15
4115 3965 3980 3964 15
4114 3964 4115 3980 15
3965 4115 3980 3981 15
4116 3966 3981 3965 15
4115 3965 4116 3981 15
3966 4116 3981 3982 15
4117 3967 3982 3966 15
4116 3966 4117 3982 15
3967 4117 3982 3983 15
4118 3968 3983 3967 15
4117 3967 4118 3983 15
3968 4118 3983 3984 15
4119 3969 3984 3968 15
4118 3968 4119 3984 15
3969 4119 3984 3985 15
4120 3970 3985 3969 15
4119 3969 4120 3985 15
3970 4120 3985 3986 15
4121 3971 3986 3970 15
4120 3970 4121 3986 15
3971 4121 3986 3987 15
4122 3972 3987 3971 15
4121 3971 4122 3987 15
3972 4122 3987 3988 15
4123 3973 3988 3972 15
4122 3972 4123 3988 15
3973 4123 3988 3989 15
4124 3974 3989 3973 15
4123 3973 4124 3989 15
3974 4124 3989 1561 15
1570 1560 1561 3974 15
4124 3974 1570 1561 15
451 460 461 4125 15
4110 3975 4125 460 15
460 3975 4125 451 15
3975 4110 4125 4126 15
4111 3976 4126 4110 15
4110 3976 4126 3975 15
3976 4111 4126 4127 15
4112 3977 4127 4111 15
4111 3977 4127 3976 15
3977 4112 4127 4128 15
4113 3978 4128 4112 15
4112 3978 4128 3977 15
3978 4113 4128 4129 15
4114 3979 4129 4113 15
4113 3979 4129 3978 15
3979 4114 4129 4130 15
4115 3980 4130 4114 15
4114 3980 4130 3979 15
3980 4115 4130 4131 15
4116 3981 4131 4115 15
4115 3981 4131 3980 15
3981 4116 4131 4132 15
4117 3982 4132 4116 15
4116 3982 4132 3981 15
3982 4117 4132 4133 15
4118 3983 4133 4117 15
4117 3983 4133 3982 15
3983 4118 4133 4134 15
4119 3984 4134 4118 15
4118 3984 4134 3983 15
3984 4119 4134 4135 15
4120 3985 4135 4119 15
4119 3985 4135 3984 15
3985 4120 4135 4136 15
4121 3986 4136 4120 15
4120 3986 4136 3985 15
3986 4121 4136 4137 15
4122 3987 4137 4121 15
4121 3987 4137 3986 15
3987 4122 4137 4138 15
4123 3988 4138 4122 15
4122 3988 4138 3987 15
3988 4123 4138 4139 15
4124 3989 4139 4123 15
4123 3989 4139 3988 15
3989 4124 4139 1571 15
1570 1561 1571 4124 15
4124 1561 1571 3989 15
451 461 452 3990 15
4125 3975 3990 451 15
461 451 4125 3990 15
3975 4125 3990 3991 15
4126 3976 3991 3975 15
4125 3975 4126 3991 15
3976 4126 3991 3992 15
4127 3977 3992 3976 15
4126 3976 4127 3992 15
3977 4127 3992 3993 15
4128 3978 3993 3977 15
4127 3977 4128 3993 15
3978 4128 3993 3994 15
4129 3979 3994 3978 15
4128 3978 4129 3994 15
3979 4129 3994 3995 15
4130 3980 3995 3979 15
4129 3979 4130 3995 15
3980 4130 3995 3996 15
4131 3981 3996 3980 15
4130 3980 4131 3996 15
3981 4131 3996 3997 15
4132 3982 3997 3981 15
4131 3981 4132 3997 15
3982 4132 3997 3998 15
4133 3983 3998 3982 15
4132 3982 4133 3998 15
3983 4133 3998 3999 15
4134 3984 3999 3983 15
4133 3983 4134 3999 15
3984 4134 3999 4000 15
4135 3985 4000 3984 15
4134 3984 4135 4000 15
3985 4135 4000 4001 15
4136 3986 4001 3985 15
4135 3985 4136 4001 15
3986 4136 4001 4002 15
4137 3987 4002 3986 15
4136 3986 4137 4002 15
3987 4137 4002 4003 15
4138 3988 4003 3987 15
4137 3987 4138 4003 15
3988 4138 4003 4004 15
4139 3989 4004 3988 15
4138 3988 4139 4004 15
3989 4139 4004 1562 15
1571 1561 1562 3989 15
4139 3989 1571 1562 15
452 461 462 4140 15
4125 3990 4140 461 15
461 3990 4140 452 15
3990 4125 4140 4141 15
4126 3991 4141 4125 15
4125 3991 4141 3990 15
3991 4126 4141 4142 15
4127 3992 4142 4126 15
4126 3992 4142 3991 15
3992 4127 4142 4143 15
4128 3993 4143 4127 15
4127 3993 4143 3992 15
3993 4128 4143 4144 15
4129 3994 4144 4128 15
4128 3994 4144 3993 15
3994 4129 4144 4145 15
4130 3995 4145 4129 15
4129 3995 4145 3994 15
3995 4130 4145 4146 15
4131 3996 4146 4130 15
4130 3996 4146 3995 15
3996 4131 4146 4147 15
4132 3997 4147 4131 15
4131 3997 4147 3996 15
3997 4132 4147 4148 15
4133 3998 4148 4132 15
4132 3998 4148 3997 15
3998 4133 4148 4149 15
4134 3999 4149 4133 15
4133 3999 4149 3998 15
3999 4134 4149 4150 15
4135 4000 4150 4134 15
4134 4000 4150 3999 15
4000 4135 4150 4151 15
4136 4001 4151 4135 15
4135 4001 4151 4000 15
4001 4136 4151 4152 15
4137 4002 4152 4136 15
4136 4002 4152 4001 15
4002 4137 4152 4153 15
4138 4003 4153 4137 15
4137 4003 4153 4002 15
4003 4138 4153 4154 15
4139 4004 4154 4138 15
4138 4004 4154 4003 15
4004 4139 4154 1572 15
1571 1562 1572 4139 15
4139 1562 1572 4004 15
452 462 453 4005 15
4140 3990 4005 452 15
462 452 4140 4005 15
3990 4140 4005 4006 15
4141 3991 4006 3990 15
4140 3990 4141 4006 15
3991 4141 4006 4007 15
4142 3992 4007 3991 15
4141 3991 4142 4007 15
3992 4142 4007 4008 15
4143 3993 4008 3992 15
4142 3992 4143 4008 15
3993 4143 4008 4009 15
4144 3994 4009 3993 15
4143 3993 4144 4009 15
3994 4144 4009 4010 15
4145 3995 4010 3994 15
4144 3994 4145 4010 15
3995 4145 4010 4011 15
4146 3996 4011 3995 15
4145 3995 4146 4011 15
3996 4146 4011 4012 15
4147 3997 4012 3996 15
4146 3996 4147 4012 15
3997 4147 4012 4013 15
4148 3998 4013 3997 15
4147 3997 4148 4013 15
3998 4148 4013 4014 15
4149 3999 4014 3998 15
4148 3998 4149 4014 15
3999 4149 4014 4015 15
4150 4000 4015 3999 15
4149 3999 4150 4015 15
4000 4150 4015 4016 15
4151 4001 4016 4000 15
4150 4000 4151 4016 15
4001 4151 4016 4017 15
4152 4002 4017 4001 15
4151 4001 4152 4017 15
4002 4152 4017 4018 15
4153 4003 4018 4002 15
4152 4002 4153 4018 15
4003 4153 4018 4019 15
4154 4004 4019 4003 15
4153 4003 4154 4019 15
4004 4154 4019 1563 15
1572 1562 1563 4004 15
4154 4004 1572 1563 15
453 462 463 4155 15
4140 4005 4155 462 15
462 4005 4155 453 15
4005 4140 4155 4156 15
4141 4006 4156 4140 15
4140 4006 4156 4005 15
4006 4141 4156 4157 15
4142 4007 4157 4141 15
4141 4007 4157 4006 15
4007 4142 4157 4158 15
4143 4008 4158 4142 15
4142 4008 4158 4007 15
4008 4143 4158 4159 15
4144 4009 4159 4143 15
4143 4009 4159 4008 15
4009 4144 4159 4160 15
4145 4010 4160 4144 15
4144 4010 4160 4009 15
4010 4145 4160 4161 15
4146 4011 4161 4145 15
4145 4011 4161 4010 15
4011 4146 4161 4162 15
4147 4012 4162 4146 15
4146 4012 4162 4011 15
4012 4147 4162 4163 15
4148 4013 4163 4147 15
4147 4013 4163 4012 15
4013 4148 4163 4164 15
4149 4014 4164 4148 15
4148 4014 4164 4013 15
4014 4149 4164 4165 15
4150 4015 4165 4149 15
4149 4015 4165 4014 15
4015 4150 4165 4166 15
4151 4016 4166 4150 15
4150 4016 4166 4015 15
4016 4151 4166 4167 15
4152 4017 4167 4151 15
4151 4017 4167 4016 15
4017 4152 4167 4168 15
4153 4018 4168 4152 15
4152 4018 4168 4017 15
4018 4153 4168 4169 15
4154 4019 4169 4153 15
4153 4019 4169 4018 15
4019 4154 4169 1573 15
1572 1563 1573 4154 15
4154 1563 1573 4019 15
453 463 454 4020 15
4155 4005 4020 453 15
463 453 4155 4020 15
4005 4155 4020 4021 15
4156 4006 4021 4005 15
4155 4005 4156 4021 15
4006 4156 4021 4022 15
4157 4007 4022 4006 15
4156 4006 4157 4022 15
4007 4157 4022 4023 15
4158 4008 4023 4007 15
4157 4007 4158 4023 15
4008 4158 4023 4024 15
4159 4009 4024 4008 15
4158 4008 4159 4024 15
4009 4159 4024 4025 15
4160 4010 4025 4009 15
4159 4009 4160 4025 15
4010 4160 4025 4026 15
4161 4011 4026 4010 15
4160 4010 4161 4026 15
4011 4161 4026 4027 15
4162 4012 4027 4011 15
4161 4011 4162 4027 15
4012 4162 4027 4028 15
4163 4013 4028 4012 15
4162 4012 4163 4028 15
4013 4163 4028 4029 15
4164 4014 4029 4013 15
4163 4013 4164 4029 15
4014 4164 4029 4030 15
4165 4015 4030 4014 15
4164 4014 4165 4030 15
4015 4165 4030 4031 15
4166 4016 4031 4015 15
4165 4015 4166 4031 15
4016 4166 4031 4032 15
4167 4017 4032 4016 15
4166 4016 4167 4032 15
4017 4167 4032 4033 15
4168 4018 4033 4017 15
4167 4017 4168 4033 15
4018 4168 4033 4034 15
4169 4019 4034 4018 15
4168 4018 4169 4034 15
4019 4169 4034 1564 15
1573 1563 1564 4019 15
4169 4019 1573 1564 15
454 463 464 4170 15
4155 4020 4170 463 15
463 4020 4170 454 15
4020 4155 4170 4171 15
4156 4021 4171 4155 15
4155 4021 4171 4020 15
4021 4156 4171 4172 15
4157 4022 4172 4156 15
4156 4022 4172 4021 15
4022 4157 4172 4173 15
4158 4023 4173 4157 15
4157 4023 4173 4022 15
4023 4158 4173 4174 15
4159 4024 4174 4158 15
4158 4024 4174 4023 15
4024 4159 4174 4175 15
4160 4025 4175 4159 15
4159 4025 4175 4024 15
4025 4160 4175 4176 15
4161 4026 4176 4160 15
4160 4026 4176 4025 15
4026 4161 4176 4177 15
4162 4027 4177 4161 15
4161 4027 4177 4026 15
4027 4162 4177 4178 15
4163 4028 4178 4162 15
4162 4028 4178 4027 15
4028 4163 4178 4179 15
4164 4029 4179 4163 15
4163 4029 4179 4028 15
4029 4164 4179 4180 15
4165 4030 4180 4164 15
4164 4030 4180 4029 15
4030 4165 4180 4181 15
4166 4031 4181 4165 15
4165 4031 4181 4030 15
4031 4166 4181 4182 15
4167 4032 4182 4166 15
4166 4032 4182 4031 15
4032 4167 4182 4183 15
4168 4033 4183 4167 15
4167 4033 4183 4032 15
4033 4168 4183 4184 15
4169 4034 4184 4168 15
4168 4034 4184 4033 15
4034 4169 4184 1574 15
1573 1564 1574 4169 15
4169 1564 1574 4034 15
454 464 113 1485 15
4170 4020 1485 454 15
464 454 4170 1485 15
4020 4170 1485 1486 15
4171 4021 1486 4020 15
4170 4020 4171 1486 15
4021 4171 1486 1487 15
4172 4022 1487 4021 15
4171 4021 4172 1487 15
4022 4172 1487 1488 15
4173 4023 1488 4022 15
4172 4022 4173 1488 15
4023 4173 1488 1489 15
4174 4024 1489 4023 15
4173 4023 4174 1489 15
4024 4174 1489 1490 15
4175 4025 1490 4024 15
4174 4024 4175 1490 15
4025 4175 1490 1491 15
4176 4026 1491 4025 15
4175 4025 4176 1491 15
4026 4176 1491 1492 15
4177 4027 1492 4026 15
4176 4026 4177 1492 15
4027 4177 1492 1493 15
4178 4028 1493 4027 15
4177 4027 4178 1493 15
4028 4178 1493 1494 15
4179 4029 1494 4028 15
4178 4028 4179 1494 15
4029 4179 1494 1495 15
4180 4030 1495 4029 15
4179 4029 4180 1495 15
4030 4180 1495 1496 15
4181 4031 1496 4030 15
4180 4030 4181 1496 15
4031 4181 1496 1497 15
4182 4032 1497 4031 15
4181 4031 4182 1497 15
4032 4182 1497 1498 15
4183 4033 1498 4032 15
4182 4032 4183 1498 15
4033 4183 1498 1499 15
4184 4034 1499 4033 15
4183 4033 4184 1499 15
4034 4184 1499 234 15
1574 1564 234 4034 15
4184 4034 1574 234 15
113 464 114 1500 15
4170 1485 1500 464 15
464 1485 1500 113 15
1485 4170 1500 1501 15
4171 1486 1501 4170 15
4170 1486 1501 1485 15
1486 4171 1501 1502 15
4172 1487 1502 4171 15
4171 1487 1502 1486 15
1487 4172 1502 1503 15
4173 1488 1503 4172 15
4172 1488 1503 1487 15
1488 4173 1503 1504 15
4174 1489 1504 4173 15
4173 1489 1504 1488 15
1489 4174 1504 1505 15
4175 1490 1505 4174 15
4174 1490 1505 1489 15
1490 4175 1505 1506 15
4176 1491 1506 4175 15
4175 1491 1506 1490 15
1491 4176 1506 1507 15
4177 1492 1507 4176 15
4176 1492 1507 1491 15
1492 4177 1507 1508 15
4178 1493 1508 4177 15
4177 1493 1508 1492 15
1493 4178 1508 1509 15
4179 1494 1509 4178 15
4178 1494 1509 1493 15
1494 4179 1509 1510 15
4180 1495 1510 4179 15
4179 1495 1510 1494 15
1495 4180 1510 1511 15
4181 1496 1511 4180 15
4180 1496 1511 1495 15
1496 4181 1511 1512 15
4182 1497 1512 4181 15
4181 1497 1512 1496 15
1497 4182 1512 1513 15
4183 1498 1513 4182 15
4182 1498 1513 1497 15
1498 4183 1513 1514 15
4184 1499 1514 4183 15
4183 1499 1514 1498 15
1499 4184 1514 233 15
1574 234 233 4184 15
4184 234 233 1499 15
108 6 455 4035 15
198 1050 4035 108 15
6 108 198 4035 15
1050 198 4035 4036 15
199 1051 4036 1050 15
198 1050 199 4036 15
1051 199 4036 4037 15
200 1052 4037 1051 15
199 1051 200 4037 15
1052 200 4037 4038 15
201 1053 4038 1052 15
200 1052 201 4038 15
1053 201 4038 4039 15
202 1054 4039 1053 15
201 1053 202 4039 15
1054 202 4039 4040 15
203 1055 4040 1054 15
202 1054 203 4040 15
1055 203 4040 4041 15
204 1056 4041 1055 15
203 1055 204 4041 15
1056 204 4041 4042 15
205 1057 4042 1056 15
204 1056 205 4042 15
1057 205 4042 4043 15
206 1058 4043 1057 15
205 1057 206 4043 15
1058 206 4043 4044 15
207 1059 4044 1058 15
206 1058 207 4044 15
1059 207 4044 4045 15
208 1060 4045 1059 15
207 1059 208 4045 15
1060 208 4045 4046 15
209 1061 4046 1060 15
208 1060 209 4046 15
1061 209 4046 4047 15
210 1062 4047 1061 15
209 1061 210 4047 15
1062 210 4047 4048 15
211 1063 4048 1062 15
210 1062 211 4048 15
1063 211 4048 4049 15
212 1064 4049 1063 15
211 1063 212 4049 15
1064 212 4049 1565 15
12 147 1565 1064 15
212 1064 12 1565 15
455 6 67 1275 15
198 4035 1275 6 15
6 4035 1275 455 15
4035 198 1275 1276 15
199 4036 1276 198 15
198 4036 1276 4035 15
4036 199 1276 1277 15
200 4037 1277 199 15
199 4037 1277 4036 15
4037 200 1277 1278 15
201 4038 1278 200 15
200 4038 1278 4037 15
4038 201 1278 1279 15
202 4039 1279 201 15
201 4039 1279 4038 15
4039 202 1279 1280 15
203 4040 1280 202 15
202 4040 1280 4039 15
4040 203 1280 1281 15
204 4041 1281 203 15
203 4041 1281 4040 15
4041 204 1281 1282 15
205 4042 1282 204 15
204 4042 1282 4041 15
4042 205 1282 1283 15
206 4043 1283 205 15
205 4043 1283 4042 15
4043 206 1283 1284 15
207 4044 1284 206 15
206 4044 1284 4043 15
4044 207 1284 1285 15
208 4045 1285 207 15
207 4045 1285 4044 15
4045 208 1285 1286 15
209 4046 1286 208 15
208 4046 1286 4045 15
4046 209 1286 1287 15
210 4047 1287 209 15
209 4047 1287 4046 15
4047 210 1287 1288 15
211 4048 1288 210 15
210 4048 1288 4047 15
4048 211 1288 1289 15
212 4049 1289 211 15
211 4049 1289 4048 15
4049 212 1289 223 15
12 1565 223 212 15
212 1565 223 4049 15
455 67 456 4050 15
1275 4035 4050 455 15
67 455 1275 4050 15
4035 1275 4050 4051 15
1276 4036 4051 4035 15
1275 4035 1276 4051 15
4036 1276 4051 4052 15
1277 4037 4052 4036 15
1276 4036 1277 4052 15
4037 1277 4052 4053 15
1278 4038 4053 4037 15
1277 4037 1278 4053 15
4038 1278 4053 4054 15
1279 4039 4054 4038 15
1278 4038 1279 4054 15
4039 1279 4054 4055 15
1280 4040 4055 4039 15
1279 4039 1280 4055 15
4040 1280 4055 4056 15
1281 4041 4056 4040 15
1280 4040 1281 4056 15
4041 1281 4056 4057 15
1282 4042 4057 4041 15
1281 4041 1282 4057 15
4042 1282 4057 4058 15
1283 4043 4058 4042 15
1282 4042 1283 4058 15
4043 1283 4058 4059 15
1284 4044 4059 4043 15
1283 4043 1284 4059 15
4044 1284 4059 4060 15
1285 4045 4060 4044 15
1284 4044 1285 4060 15
4045 1285 4060 4061 15
1286 4046 4061 4045 15
1285 4045 1286 4061 15
4046 1286 4061 4062 15
1287 4047 4062 4046 15
1286 4046 1287 4062 15
4047 1287 4062 4063 15
1288 4048 4063 4047 15
1287 4047 1288 4063 15
4048 1288 4063 4064 15
1289 4049 4064 4048 15
1288 4048 1289 4064 15
4049 1289 4064 1566 15
223 1565 1566 4049 15
1289 4049 223 1566 15
456 67 68 1290 15
1275 4050 1290 67 15
67 4050 1290 456 15
4050 1275 1290 1291 15
1276 4051 1291 1275 15
1275 4051 1291 4050 15
4051 1276 1291 1292 15
1277 4052 1292 1276 15
1276 4052 1292 4051 15
4052 1277 1292 1293 15
1278 4053 1293 1277 15
1277 4053 1293 4052 15
4053 1278 1293 1294 15
1279 4054 1294 1278 15
1278 4054 1294 4053 15
4054 1279 1294 1295 15
1280 4055 1295 1279 15
1279 4055 1295 4054 15
4055 1280 1295 1296 15
1281 4056 1296 1280 15
1280 4056 1296 4055 15
4056 1281 1296 1297 15
1282 4057 1297 1281 15
1281 4057 1297 4056 15
4057 1282 1297 1298 15
1283 4058 1298 1282 15
1282 4058 1298 4057 15
4058 1283 1298 1299 15
1284 4059 1299 1283 15
1283 4059 1299 4058 15
4059 1284 1299 1300 15
1285 4060 1300 1284 15
1284 4060 1300 4059 15
4060 1285 1300 1301 15
1286 4061 1301 1285 15
1285 4061 1301 4060 15
4061 1286 1301 1302 15
1287 4062 1302 1286 15
1286 4062 1302 4061 15
4062 1287 1302 1303 15
1288 4063 1303 1287 15
1287 4063 1303 4062 15
4063 1288 1303 1304 15
1289 4064 1304 1288 15
1288 4064 1304 4063 15
4064 1289 1304 224 15
223 1566 224 1289 15
1289 1566 224 4064 15
456 68 457 4065 15
1290 4050 4065 456 15
68 456 1290 4065 15
4050 1290 4065 4066 15
1291 4051 4066 4050 15
1290 4050 1291 4066 15
4051 1291 4066 4067 15
1292 4052 4067 4051 15
1291 4051 1292 4067 15
4052 1292 4067 4068 15
1293 4053 4068 4052 15
1292 4052 1293 4068 15
4053 1293 4068 4069 15
1294 4054 4069 4053 15
1293 4053 1294 4069 15
4054 1294 4069 4070 15
1295 4055 4070 4054 15
1294 4054 1295 4070 15
4055 1295 4070 4071 15
1296 4056 4071 4055 15
1295 4055 1296 4071 15
4056 1296 4071 4072 15
1297 4057 4072 4056 15
1296 4056 1297 4072 15
4057 1297 4072 4073 15
1298 4058 4073 4057 15
1297 4057 1298 4073 15
4058 1298 4073 4074 15
1299 4059 4074 4058 15
1298 4058 1299 4074 15
4059 1299 4074 4075 15
1300 4060 4075 4059 15
1299 4059 1300 4075 15
4060 1300 4075 4076 15
1301 4061 4076 4060 15
1300 4060 1301 4076 15
4061 1301 4076 4077 15
1302 4062 4077 4061 15
1301 4061 1302 4077 15
4062 1302 4077 4078 15
1303 4063 4078 4062 15
1302 4062 1303 4078 15
4063 1303 4078 4079 15
1304 4064 4079 4063 15
1303 4063 1304 4079 15
4064 1304 4079 1567 15
224 1566 1567 4064 15
1304 4064 224 1567 15
457 68 69 1305 15
1290 4065 1305 68 15
68 4065 1305 457 15
4065 1290 1305 1306 15
1291 4066 1306 1290 15
1290 4066 1306 4065 15
4066 1291 1306 1307 15
1292 4067 1307 1291 15
1291 4067 1307 4066 15
4067 1292 1307 1308 15
1293 4068 1308 1292 15
1292 4068 1308 4067 15
4068 1293 1308 1309 15
1294 4069 1309 1293 15
1293 4069 1309 4068 15
4069 1294 1309 1310 15
1295 4070 1310 1294 15
1294 4070 1310 4069 15
4070 1295 1310 1311 15
1296 4071 1311 1295 15
1295 4071 1311 4070 15
4071 1296 1311 1312 15
1297 4072 1312 1296 15
1296 4072 1312 4071 15
4072 1297 1312 1313 15
1298 4073 1313 1297 15
1297 4073 1313 4072 15
4073 1298 1313 1314 15
1299 4074 1314 1298 15
1298 4074 1314 4073 15
4074 1299 1314 1315 15
1300 4075 1315 1299 15
1299 4075 1315 4074 15
4075 1300 1315 1316 15
1301 4076 1316 1300 15
1300 4076 1316 4075 15
4076 1301 1316 1317 15
1302 4077 1317 1301 15
1301 4077 1317 4076 15
4077 1302 1317 1318 15
1303 4078 1318 1302 15
1302 4078 1318 4077 15
4078 1303 1318 1319 15
1304 4079 1319 1303 15
1303 4079 1319 4078 15
4079 1304 1319 225 15
224 1567 225 1304 15
1304 1567 225 4079 15
457 69 458 4080 15
1305 4065 4080 457 15
69 457 1305 4080 15
4065 1305 4080 4081 15
1306 4066 4081 4065 15
1305 4065 1306 4081 15
4066 1306 4081 4082 15
1307 4067 4082 4066 15
1306 4066 1307 4082 15
4067 1307 4082 4083 15
1308 4068 4083 4067 15
1307 4067 1308 4083 15
4068 1308 4083 4084 15
1309 4069 4084 4068 15
1308 4068 1309 4084 15
4069 1309 4084 4085 15
1310 4070 4085 4069 15
1309 4069 1310 4085 15
4070 1310 4085 4086 15
1311 4071 4086 4070 15
1310 4070 1311 4086 15
4071 1311 4086 4087 15
1312 4072 4087 4071 15
1311 4071 1312 4087 15
4072 1312 4087 4088 15
1313 4073 4088 4072 15
1312 4072 1313 4088 15
4073 1313 4088 4089 15
1314 4074 4089 4073 15
1313 4073 1314 4089 15
4074 1314 4089 4090 15
1315 4075 4090 4074 15
1314 4074 1315 4090 15
4075 1315 4090 4091 15
1316 4076 4091 4075 15
1315 4075 1316 4091 15
4076 1316 4091 4092 15
1317 4077 4092 4076 15
1316 4076 1317 4092 15
4077 1317 4092 4093 15
1318 4078 4093 4077 15
1317 4077 1318 4093 15
4078 1318 4093 4094 15
1319 4079 4094 4078 15
1318 4078 1319 4094 15
4079 1319 4094 1568 15
225 1567 1568 4079 15
1319 4079 225 1568 15
458 69 70 1320 15
1305 4080 1320 69 15
69 4080 1320 458 15
4080 1305 1320 1321 15
1306 4081 1321 1305 15
1305 4081 1321 4080 15
4081 1306 1321 1322 15
1307 4082 1322 1306 15
1306 4082 1322 4081 15
4082 1307 1322 1323 15
1308 4083 1323 1307 15
1307 4083 1323 4082 15
4083 1308 1323 1324 15
1309 4084 1324 1308 15
1308 4084 1324 4083 15
4084 1309 1324 1325 15
1310 4085 1325 1309 15
1309 4085 1325 4084 15
4085 1310 1325 1326 15
1311 4086 1326 1310 15
1310 4086 1326 4085 15
4086 1311 1326 1327 15
1312 4087 1327 1311 15
1311 4087 1327 4086 15
4087 1312 1327 1328 15
1313 4088 1328 1312 15
1312 4088 1328 4087 15
4088 1313 1328 1329 15
1314 4089 1329 1313 15
1313 4089 1329 4088 15
4089 1314 1329 1330 15
1315 4090 1330 1314 15
1314 4090 1330 4089 15
4090 1315 1330 1331 15
1316 4091 1331 1315 15
1315 4091 1331 4090 15
4091 1316 1331 1332 15
1317 4092 1332 1316 15
1316 4092 1332 4091 15
4092 1317 1332 1333 15
1318 4093 1333 1317 15
1317 4093 1333 4092 15
4093 1318 1333 1334 15
1319 4094 1334 1318 15
1318 4094 1334 4093 15
4094 1319 1334 226 15
225 1568 226 1319 15
1319 1568 226 4094 15
458 70 459 4095 15
1320 4080 4095 458 15
70 458 1320 4095 15
4080 1320 4095 4096 15
1321 4081 4096 4080 15
1320 4080 1321 4096 15
4081 1321 4096 4097 15
1322 4082 4097 4081 15
1321 4081 1322 4097 15
4082 1322 4097 4098 15
1323 4083 4098 4082 15
1322 4082 1323 4098 15
4083 1323 4098 4099 15
1324 4084 4099 4083 15
1323 4083 1324 4099 15
4084 1324 4099 4100 15
1325 4085 4100 4084 15
1324 4084 1325 4100 15
4085 1325 4100 4101 15
1326 4086 4101 4085 15
1325 4085 1326 4101 15
4086 1326 4101 4102 15
1327 4087 4102 4086 15
1326 4086 1327 4102 15
4087 1327 4102 4103 15
1328 4088 4103 4087 15
1327 4087 1328 4103 15
4088 1328 4103 4104 15
1329 4089 4104 4088 15
1328 4088 1329 4104 15
4089 1329 4104 4105 15
1330 4090 4105 4089 15
1329 4089 1330 4105 15
4090 1330 4105 4106 15
1331 4091 4106 4090 15
1330 4090 1331 4106 15
4091 1331 4106 4107 15
1332 4092 4107 4091 15
1331 4091 1332 4107 15
4092 1332 4107 4108 15
1333 4093 4108 4092 15
1332 4092 1333 4108 15
4093 1333 4108 4109 15
1334 4094 4109 4093 15
1333 4093 1334 4109 15
4094 1334 4109 1569 15
226 1568 1569 4094 15
1334 4094 226 1569 15
459 70 71 1335 15
1320 4095 1335 70 15
70 4095 1335 459 15
4095 1320 1335 1336 15
1321 4096 1336 1320 15
1320 4096 1336 4095 15
4096 1321 1336 1337 15
1322 4097 1337 1321 15
1321 4097 1337 4096 15
4097 1322 1337 1338 15
1323 4098 1338 1322 15
1322 4098 1338 4097 15
4098 1323 1338 1339 15
1324 4099 1339 1323 15
1323 4099 1339 4098 15
4099 1324 1339 1340 15
1325 4100 1340 1324 15
1324 4100 1340 4099 15
4100 1325 1340 1341 15
1326 4101 1341 1325 15
1325 4101 1341 4100 15
4101 1326 1341 1342 15
1327 4102 1342 1326 15
1326 4102 1342 4101 15
4102 1327 1342 1343 15
1328 4103 1343 1327 15
1327 4103 1343 4102 15
4103 1328 1343 1344 15
1329 4104 1344 1328 15
1328 4104 1344 4103 15
4104 1329 1344 1345 15
1330 4105 1345 1329 15
1329 4105 1345 4104 15
4105 1330 1345 1346 15
1331 4106 1346 1330 15
1330 4106 1346 4105 15
4106 1331 1346 1347 15
1332 4107 1347 1331 15
1331 4107 1347 4106 15
4107 1332 1347 1348 15
1333 4108 1348 1332 15
1332 4108 1348 4107 15
4108 1333 1348 1349 15
1334 4109 1349 1333 15
1333 4109 1349 4108 15
4109 1334 1349 227 15
226 1569 227 1334 15
1334 1569 227 4109 15
459 71 460 4110 15
1335 4095 4110 459 15
71 459 1335 4110 15
4095 1335 4110 4111 15
1336 4096 4111 4095 15
1335 4095 1336 4111 15
4096 1336 4111 4112 15
1337 4097 4112 4096 15
1336 4096 1337 4112 15
4097 1337 4112 4113 15
1338 4098 4113 4097 15
1337 4097 1338 4113 15
4098 1338 4113 4114 15
1339 4099 4114 4098 15
1338 4098 1339 4114 15
4099 1339 4114 4115 15
1340 4100 4115 4099 15
1339 4099 1340 4115 15
4100 1340 4115 4116 15
1341 4101 4116 4100 15
1340 4100 1341 4116 15
4101 1341 4116 4117 15
1342 4102 4117 4101 15
1341 4101 1342 4117 15
4102 1342 4117 4118 15
1343 4103 4118 4102 15
1342 4102 1343 4118 15
4103 1343 4118 4119 15
1344 4104 4119 4103 15
1343 4103 1344 4119 15
4104 1344 4119 4120 15
1345 4105 4120 4104 15
1344 4104 1345 4120 15
4105 1345 4120 4121 15
1346 4106 4121 4105 15
1345 4105 1346 4121 15
4106 1346 4121 4122 15
1347 4107 4122 4106 15
1346 4106 1347 4122 15
4107 1347 4122 4123 15
1348 4108 4123 4107 15
1347 4107 1348 4123 15
4108 1348 4123 4124 15
1349 4109 4124 4108 15
1348 4108 1349 4124 15
4109 1349 4124 1570 15
227 1569 1570 4109 15
1349 4109 227 1570 15
460 71 72 1350 15
1335 4110 1350 71 15
71 4110 1350 460 15
4110 1335 1350 1351 15
1336 4111 1351 1335 15
1335 4111 1351 4110 15
4111 1336 1351 1352 15
1337 4112 1352 1336 15
1336 4112 1352 4111 15
4112 1337 1352 1353 15
1338 4113 1353 1337 15
1337 4113 1353 4112 15
4113 1338 1353 1354 15
1339 4114 1354 1338 15
1338 4114 1354 4113 15
4114 1339 1354 1355 15
1340 4115 1355 1339 15
1339 4115 1355 4114 15
4115 1340 1355 1356 15
1341 4116 1356 1340 15
1340 4116 1356 4115 15
4116 1341 1356 1357 15
1342 4117 1357 1341 15
1341 4117 1357 4116 15
4117 1342 1357 1358 15
1343 4118 1358 1342 15
1342 4118 1358 4117 15
4118 1343 1358 1359 15
1344 4119 1359 1343 15
1343 4119 1359 4118 15
4119 1344 1359 1360 15
1345 4120 1360 1344 15
1344 4120 1360 4119 15
4120 1345 1360 1361 15
1346 4121 1361 1345 15
1345 4121 1361 4120 15
4121 1346 1361 1362 15
1347 4122 1362 1346 15
1346 4122 1362 4121 15
4122 1347 1362 1363 15
1348 4123 1363 1347 15
1347 4123 1363 4122 15
4123 1348 1363 1364 15
1349 4124 1364 1348 15
1348 4124 1364 4123 15
4124 1349 1364 228 15
227 1570 228 1349 15
1349 1570 228 4124 15
460 72 461 4125 15
1350 4110 4125 460 15
72 460 1350 4125 15
4110 1350 4125 4126 15
1351 4111 4126 4110 15
1350 4110 1351 4126 15
4111 1351 4126 4127 15
1352 4112 4127 4111 15
1351 4111 1352 4127 15
4112 1352 4127 4128 15
1353 4113 4128 4112 15
1352 4112 1353 4128 15
4113 1353 4128 4129 15
1354 4114 4129 4113 15
1353 4113 1354 4129 15
4114 1354 4129 4130 15
1355 4115 4130 4114 15
1354 4114 1355 4130 15
4115 1355 4130 4131 15
1356 4116 4131 4115 15
1355 4115 1356 4131 15
4116 1356 4131 4132 15
1357 4117 4132 4116 15
1356 4116 1357 4132 15
4117 1357 4132 4133 15
1358 4118 4133 4117 15
1357 4117 1358 4133 15
4118 1358 4133 4134 15
1359 4119 4134 4118 15
1358 4118 1359 4134 15
4119 1359 4134 4135 15
1360 4120 4135 4119 15
1359 4119 1360 4135 15
4120 1360 4135 4136 15
1361 4121 4136 4120 15
1360 4120 1361 4136 15
4121 1361 4136 4137 15
1362 4122 4137 4121 15
1361 4121 1362 4137 15
4122 1362 4137 4138 15
1363 4123 4138 4122 15
1362 4122 1363 4138 15
4123 1363 4138 4139 15
1364 4124 4139 4123 15
1363 4123 1364 4139 15
4124 1364 4139 1571 15
228 1570 1571 4124 15
1364 4124 228 1571 15
461 72 73 1365 15
1350 4125 1365 72 15
72 4125 1365 461 15
4125 1350 1365 1366 15
1351 4126 1366 1350 15
1350 4126 1366 4125 15
4126 1351 1366 1367 15
1352 4127 1367 1351 15
1351 4127 1367 4126 15
4127 1352 1367 1368 15
1353 4128 1368 1352 15
1352 4128 1368 4127 15
4128 1353 1368 1369 15
1354 4129 1369 1353 15
1353 4129 1369 4128 15
4129 1354 1369 1370 15
1355 4130 1370 1354 15
1354 4130 1370 4129 15
4130 1355 1370 1371 15
1356 4131 1371 1355 15
1355 4131 1371 4130 15
4131 1356 1371 1372 15
1357 4132 1372 1356 15
1356 4132 1372 4131 15
4132 1357 1372 1373 15
1358 4133 1373 1357 15
1357 4133 1373 4132 15
4133 1358 1373 1374 15
1359 4134 1374 1358 15
1358 4134 1374 4133 15
4134 1359 1374 1375 15
1360 4135 1375 1359 15
1359 4135 1375 4134 15
4135 1360 1375 1376 15
1361 4136 1376 1360 15
1360 4136 1376 4135 15
4136 1361 1376 1377 15
1362 4137 1377 1361 15
1361 4137 1377 4136 15
4137 1362 1377 1378 15
1363 4138 1378 1362 15
1362 4138 1378 4137 15
4138 1363 1378 1379 15
1364 4139 1379 1363 15
1363 4139 1379 4138 15
4139 1364 1379 229 15
228 1571 229 1364 15
1364 1571 229 4139 15
461 73 462 4140 15
1365 4125 4140 461 15
73 461 1365 4140 15
4125 1365 4140 4141 15
1366 4126 4141 4125 15
1365 4125 1366 4141 15
4126 1366 4141 4142 15
1367 4127 4142 4126 15
1366 4126 1367 4142 15
4127 1367 4142 4143 15
1368 4128 4143 4127 15
1367 4127 1368 4143 15
4128 1368 4143 4144 15
1369 4129 4144 4128 15
1368 4128 1369 4144 15
4129 1369 4144 4145 15
1370 4130 4145 4129 15
1369 4129 1370 4145 15
4130 1370 4145 4146 15
1371 4131 4146 4130 15
1370 4130 1371 4146 15
4131 1371 4146 4147 15
1372 4132 4147 4131 15
1371 4131 1372 4147 15
4132 1372 4147 4148 15
1373 4133 4148 4132 15
1372 4132 1373 4148 15
4133 1373 4148 4149 15
1374 4134 4149 4133 15
1373 4133 1374 4149 15
4134 1374 4149 4150 15
1375 4135 4150 4134 15
1374 4134 1375 4150 15
4135 1375 4150 4151 15
1376 4136 4151 4135 15
1375 4135 1376 4151 15
4136 1376 4151 4152 15
1377 4137 4152 4136 15
1376 4136 1377 4152 15
4137 1377 4152 4153 15
1378 4138 4153 4137 15
1377 4137 1378 4153 15
4138 1378 4153 4154 15
1379 4139 4154 4138 15
1378 4138 1379 4154 15
4139 1379 4154 1572 15
229 1571 1572 4139 15
1379 4139 229 1572 15
462 73 74 1380 15
1365 4140 1380 73 15
73 4140 1380 462 15
4140 1365 1380 1381 15
1366 4141 1381 1365 15
1365 4141 1381 4140 15
4141 1366 1381 1382 15
1367 4142 1382 1366 15
1366 4142 1382 4141 15
4142 1367 1382 1383 15
1368 4143 1383 1367 15
1367 4143 1383 4142 15
4143 1368 1383 1384 15
1369 4144 1384 1368 15
1368 4144 1384 4143 15
4144 1369 1384 1385 15
1370 4145 1385 1369 15
1369 4145 1385 4144 15
4145 1370 1385 1386 15
1371 4146 1386 1370 15
1370 4146 1386 4145 15
4146 1371 1386 1387 15
1372 4147 1387 1371 15
1371 4147 1387 4146 15
4147 1372 1387 1388 15
1373 4148 1388 1372 15
1372 4148 1388 4147 15
4148 1373 1388 1389 15
1374 4149 1389 1373 15
1373 4149 1389 4148 15
4149 1374 1389 1390 15
1375 4150 1390 1374 15
1374 4150 1390 4149 15
4150 1375 1390 1391 15
1376 4151 1391 1375 15
1375 4151 1391 4150 15
4151 1376 1391 1392 15
1377 4152 1392 1376 15
1376 4152 1392 4151 15
4152 1377 1392 1393 15
1378 4153 1393 1377 15
1377 4153 1393 4152 15
4153 1378 1393 1394 15
1379 4154 1394 1378 15
1378 4154 1394 4153 15
4154 1379 1394 230 15
229 1572 230 1379 15
1379 1572 230 4154 15
462 74 463 4155 15
1380 4140 4155 462 15
74 462 1380 4155 15
4140 1380 4155 4156 15
1381 4141 4156 4140 15
1380 4140 1381 4156 15
4141 1381 4156 4157 15
1382 4142 4157 4141 15
1381 4141 1382 4157 15
4142 1382 4157 4158 15
1383 4143 4158 4142 15
1382 4142 1383 4158 15
4143 1383 4158 4159 15
1384 4144 4159 4143 15
1383 4143 1384 4159 15
4144 1384 4159 4160 15
1385 4145 4160 4144 15
1384 4144 1385 4160 15
4145 1385 4160 4161 15
1386 4146 4161 4145 15
1385 4145 1386 4161 15
4146 1386 4161 4162 15
1387 4147 4162 4146 15
1386 4146 1387 4162 15
4147 1387 4162 4163 15
1388 4148 4163 4147 15
1387 4147 1388 4163 15
4148 1388 4163 4164 15
1389 4149 4164 4148 15
1388 4148 1389 4164 15
4149 1389 4164 4165 15
1390 4150 4165 4149 15
1389 4149 1390 4165 15
4150 1390 4165 4166 15
1391 4151 4166 4150 15
1390 4150 1391 4166 15
4151 1391 4166 4167 15
1392 4152 4167 4151 15
1391 4151 1392 4167 15
4152 1392 4167 4168 15
1393 4153 4168 4152 15
1392 4152 1393 4168 15
4153 1393 4168 4169 15
1394 4154 4169 4153 15
1393 4153 1394 4169 15
4154 1394 4169 1573 15
230 1572 1573 4154 15
1394 4154 230 1573 15
463 74 75 1395 15
1380 4155 1395 74 15
74 4155 1395 463 15
4155 1380 1395 1396 15
1381 4156 1396 1380 15
1380 4156 1396 4155 15
4156 1381 1396 1397 15
1382 4157 1397 1381 15
1381 4157 1397 4156 15
4157 1382 1397 1398 15
1383 4158 1398 1382 15
1382 4158 1398 4157 15
4158 1383 1398 1399 15
1384 4159 1399 1383 15
1383 4159 1399 4158 15
4159 1384 1399 1400 15
1385 4160 1400 1384 15
1384 4160 1400 4159 15
4160 1385 1400 1401 15
1386 4161 1401 1385 15
1385 4161 1401 4160 15
4161 1386 1401 1402 15
1387 4162 1402 1386 15
1386 4162 1402 4161 15
4162 1387 1402 1403 15
1388 4163 1403 1387 15
1387 4163 1403 4162 15
4163 1388 1403 1404 15
1389 4164 1404 1388 15
1388 4164 1404 4163 15
4164 1389 1404 1405 15
1390 4165 1405 1389 15
1389 4165 1405 4164 15
4165 1390 1405 1406 15
1391 4166 1406 1390 15
1390 4166 1406 4165 15
4166 1391 1406 1407 15
1392 4167 1407 1391 15
1391 4167 1407 4166 15
4167 1392 1407 1408 15
1393 4168 1408 1392 15
1392 4168 1408 4167 15
4168 1393 1408 1409 15
1394 4169 1409 1393 15
1393 4169 1409 4168 15
4169 1394 1409 231 15
230 1573 231 1394 15
1394 1573 231 4169 15
463 75 464 4170 15
1395 4155 4170 463 15
75 463 1395 4170 15
4155 1395 4170 4171 15
1396 4156 4171 4155 15
1395 4155 1396 4171 15
4156 1396 4171 4172 15
1397 4157 4172 4156 15
1396 4156 1397 4172 15
4157 1397 4172 4173 15
1398 4158 4173 4157 15
1397 4157 1398 4173 15
4158 1398 4173 4174 15
1399 4159 4174 4158 15
1398 4158 1399 4174 15
4159 1399 4174 4175 15
1400 4160 4175 4159 15
1399 4159 1400 4175 15
4160 1400 4175 4176 15
1401 4161 4176 4160 15
1400 4160 1401 4176 15
4161 1401 4176 4177 15
1402 4162 4177 4161 15
1401 4161 1402 4177 15
4162 1402 4177 4178 15
1403 4163 4178 4162 15
1402 4162 1403 4178 15
4163 1403 4178 4179 15
1404 4164 4179 4163 15
1403 4163 1404 4179 15
4164 1404 4179 4180 15
1405 4165 4180 4164 15
1404 4164 1405 4180 15
4165 1405 4180 4181 15
1406 4166 4181 4165 15
1405 4165 1406 4181 15
4166 1406 4181 4182 15
1407 4167 4182 4166 15
1406 4166 1407 4182 15
4167 1407 4182 4183 15
1408 4168 4183 4167 15
1407 4167 1408 4183 15
4168 1408 4183 4184 15
1409 4169 4184 4168 15
1408 4168 1409 4184 15
4169 1409 4184 1574 15
231 1573 1574 4169 15
1409 4169 231 1574 15
464 75 76 1410 15
1395 4170 1410 75 15
75 4170 1410 464 15
4170 1395 1410 1411 15
1396 4171 1411 1395 15
1395 4171 1411 4170 15
4171 1396 1411 1412 15
1397 4172 1412 1396 15
1396 4172 1412 4171 15
4172 1397 1412 1413 15
1398 4173 1413 1397 15
1397 4173 1413 4172 15
4173 1398 1413 1414 15
1399 4174 1414 1398 15
1398 4174 1414 4173 15
4174 1399 1414 1415 15
1400 4175 1415 1399 15
1399 4175 1415 4174 15
4175 1400 1415 1416 15
1401 4176 1416 1400 15
1400 4176 1416 4175 15
4176 1401 1416 1417 15
1402 4177 1417 1401 15
1401 4177 1417 4176 15
4177 1402 1417 1418 15
1403 4178 1418 1402 15
1402 4178 1418 4177 15
4178 1403 1418 1419 15
1404 4179 1419 1403 15
1403 4179 1419 4178 15
4179 1404 1419 1420 15
1405 4180 1420 1404 15
1404 4180 1420 4179 15
4180 1405 1420 1421 15
1406 4181 1421 1405 15
1405 4181 1421 4180 15
4181 1406 1421 1422 15
1407 4182 1422 1406 15
1406 4182 1422 4181 15
4182 1407 1422 1423 15
1408 4183 1423 1407 15
1407 4183 1423 4182 15
4183 1408 1423 1424 15
1409 4184 1424 1408 15
1408 4184 1424 4183 15
4184 1409 1424 232 15
231 1574 232 1409 15
1409 1574 232 4184 15
464 76 114 1500 15
1410 4170 1500 464 15
76 464 1410 1500 15
4170 1410 1500 1501 15
1411 4171 1501 4170 15
1410 4170 1411 1501 15
4171 1411 1501 1502 15
1412 4172 1502 4171 15
1411 4171 1412 1502 15
4172 1412 1502 1503 15
1413 4173 1503 4172 15
1412 4172 1413 1503 15
4173 1413 1503 1504 15
1414 4174 1504 4173 15
1413 4173 1414 1504 15
4174 1414 1504 1505 15
1415 4175 1505 4174 15
1414 4174 1415 1505 15
4175 1415 1505 1506 15
1416 4176 1506 4175 15
1415 4175 1416 1506 15
4176 1416 1506 1507 15
1417 4177 1507 4176 15
1416 4176 1417 1507 15
4177 1417 1507 1508 15
1418 4178 1508 4177 15
1417 4177 1418 1508 15
4178 1418 1508 1509 15
1419 4179 1509 4178 15
1418 4178 1419 1509 15
4179 1419 1509 1510 15
1420 4180 1510 4179 15
1419 4179 1420 1510 15
4180 1420 1510 1511 15
1421 4181 1511 4180 15
1420 4180 1421 1511 15
4181 1421 1511 1512 15
1422 4182 1512 4181 15
1421 4181 1422 1512 15
4182 1422 1512 1513 15
1423 4183 1513 4182 15
1422 4182 1423 1513 15
4183 1423 1513 1514 15
1424 4184 1514 4183 15
1423 4183 1424 1514 15
4184 1424 1514 233 15
232 1574 233 4184 15
1424 4184 232 233 15
114 76 7 254 15
1410 1500 254 76 15
76 1500 254 114 15
1500 1410 254 255 15
1411 1501 255 1410 15
1410 1501 255 1500 15
1501 1411 255 256 15
1412 1502 256 1411 15
1411 1502 256 1501 15
1502 1412 256 257 15
1413 1503 257 1412 15
1412 1503 257 1502 15
1503 1413 257 258 15
1414 1504 258 1413 15
1413 1504 258 1503 15
1504 1414 258 259 15
1415 1505 259 1414 15
1414 1505 259 1504 15
1505 1415 259 260 15
1416 1506 260 1415 15
1415 1506 260 1505 15
1506 1416 260 261 15
1417 1507 261 1416 15
1416 1507 261 1506 15
1507 1417 261 262 15
1418 1508 262 1417 15
1417 1508 262 1507 15
1508 1418 262 263 15
1419 1509 263 1418 15
1418 1509 263 1508 15
1509 1419 263 264 15
1420 1510 264 1419 15
1419 1510 264 1509 15
1510 1420 264 265 15
1421 1511 265 1420 15
1420 1511 265 1510 15
1511 1421 265 266 15
1422 1512 266 1421 15
1421 1512 266 1511 15
1512 1422 266 267 15
1423 1513 267 1422 15
1422 1513 267 1512 15
1513 1423 267 268 15
1424 1514 268 1423 15
1423 1514 268 1513 15
1514 1424 268 14 15
232 233 14 1424 15
1424 233 14 1514 15
3 109 37 239 15
1425 239 1575 109 15
109 239 1575 37 15
239 1425 1575 240 15
1426 240 1576 1425 15
1425 240 1576 1575 15
240 1426 1576 241 15
1427 241 1577 1426 15
1426 241 1577 1576 15
241 1427 1577 242 15
1428 242 1578 1427 15
1427 242 1578 1577 15
242 1428 1578 243 15
1429 243 1579 1428 15
1428 243 1579 1578 15
243 1429 1579 244 15
1430 244 1580 1429 15
1429 244 1580 1579 15
244 1430 1580 245 15
1431 245 1581 1430 15
1430 245 1581 1580 15
245 1431 1581 246 15
1432 246 1582 1431 15
1431 246 1582 1581 15
246 1432 1582 247 15
1433 247 1583 1432 15
1432 247 1583 1582 15
247 1433 1583 248 15
1434 248 1584 1433 15
1433 248 1584 1583 15
248 1434 1584 249 15
1435 249 1585 1434 15
1434 249 1585 1584 15
249 1435 1585 250 15
1436 250 1586 1435 15
1435 250 1586 1585 15
250 1436 1586 251 15
1437 251 1587 1436 15
1436 251 1587 1586 15
251 1437 1587 252 15
1438 252 1588 1437 15
1437 252 1588 1587 15
252 1438 1588 253 15
1439 253 1589 1438 15
1438 253 1589 1588 15
253 1439 1589 13 15
238 13 278 1439 15
1439 13 278 1589 15
37 109 465 4185 15
1425 1575 4185 109 15
109 1575 4185 37 15
1575 1425 4185 4186 15
1426 1576 4186 1425 15
1425 1576 4186 1575 15
1576 1426 4186 4187 15
1427 1577 4187 1426 15
1426 1577 4187 1576 15
1577 1427 4187 4188 15
1428 1578 4188 1427 15
1427 1578 4188 1577 15
1578 1428 4188 4189 15
1429 1579 4189 1428 15
1428 1579 4189 1578 15
1579 1429 4189 4190 15
1430 1580 4190 1429 15
1429 1580 4190 1579 15
1580 1430 4190 4191 15
1431 1581 4191 1430 15
1430 1581 4191 1580 15
1581 1431 4191 4192 15
1432 1582 4192 1431 15
1431 1582 4192 1581 15
1582 1432 4192 4193 15
1433 1583 4193 1432 15
1432 1583 4193 1582 15
1583 1433 4193 4194 15
1434 1584 4194 1433 15
1433 1584 4194 1583 15
1584 1434 4194 4195 15
1435 1585 4195 1434 15
1434 1585 4195 1584 15
1585 1435 4195 4196 15
1436 1586 4196 1435 15
1435 1586 4196 1585 15
1586 1436 4196 4197 15
1437 1587 4197 1436 15
1436 1587 4197 1586 15
1587 1437 4197 4198 15
1438 1588 4198 1437 15
1437 1588 4198 1587 15
1588 1438 4198 4199 15
1439 1589 4199 1438 15
1438 1589 4199 1588 15
1589 1439 4199 1965 15
238 278 1965 1439 15
1439 278 1965 1589 15
37 465 38 1590 15
4185 1575 1590 37 15
465 37 4185 1590 15
1575 4185 1590 1591 15
4186 1576 1591 1575 15
4185 1575 4186 1591 15
1576 4186 1591 1592 15
4187 1577 1592 1576 15
4186 1576 4187 1592 15
1577 4187 1592 1593 15
4188 1578 1593 1577 15
4187 1577 4188 1593 15
1578 4188 1593 1594 15
4189 1579 1594 1578 15
4188 1578 4189 1594 15
1579 4189 1594 1595 15
4190 1580 1595 1579 15
4189 1579 4190 1595 15
1580 4190 1595 1596 15
4191 1581 1596 1580 15
4190 1580 4191 1596 15
1581 4191 1596 1597 15
4192 1582 1597 1581 15
4191 1581 4192 1597 15
1582 4192 1597 1598 15
4193 1583 1598 1582 15
4192 1582 4193 1598 15
1583 4193 1598 1599 15
4194 1584 1599 1583 15
4193 1583 4194 1599 15
1584 4194 1599 1600 15
4195 1585 1600 1584 15
4194 1584 4195 1600 15
1585 4195 1600 1601 15
4196 1586 1601 1585 15
4195 1585 4196 1601 15
1586 4196 1601 1602 15
4197 1587 1602 1586 15
4196 1586 4197 1602 15
1587 4197 1602 1603 15
4198 1588 1603 1587 15
4197 1587 4198 1603 15
1588 4198 1603 1604 15
4199 1589 1604 1588 15
4198 1588 4199 1604 15
1589 4199 1604 277 15
1965 278 277 1589 15
4199 1589 1965 277 15
38 465 466 4200 15
4185 1590 4200 465 15
465 1590 4200 38 15
1590 4185 4200 4201 15
4186 1591 4201 4185 15
4185 1591 4201 1590 15
1591 4186 4201 4202 15
4187 1592 4202 4186 15
4186 1592 4202 1591 15
1592 4187 4202 4203 15
4188 1593 4203 4187 15
4187 1593 4203 1592 15
1593 4188 4203 4204 15
4189 1594 4204 4188 15
4188 1594 4204 1593 15
1594 4189 4204 4205 15
4190 1595 4205 4189 15
4189 1595 4205 1594 15
1595 4190 4205 4206 15
4191 1596 4206 4190 15
4190 1596 4206 1595 15
1596 4191 4206 4207 15
4192 1597 4207 4191 15
4191 1597 4207 1596 15
1597 4192 4207 4208 15
4193 1598 4208 4192 15
4192 1598 4208 1597 15
1598 4193 4208 4209 15
4194 1599 4209 4193 15
4193 1599 4209 1598 15
1599 4194 4209 4210 15
4195 1600 4210 4194 15
4194 1600 4210 1599 15
1600 4195 4210 4211 15
4196 1601 4211 4195 15
4195 1601 4211 1600 15
1601 4196 4211 4212 15
4197 1602 4212 4196 15
4196 1602 4212 1601 15
1602 4197 4212 4213 15
4198 1603 4213 4197 15
4197 1603 4213 1602 15
1603 4198 4213 4214 15
4199 1604 4214 4198 15
4198 1604 4214 1603 15
1604 4199 4214 1966 15
1965 277 1966 4199 15
4199 277 1966 1604 15
38 466 39 1605 15
4200 1590 1605 38 15
466 38 4200 1605 15
1590 4200 1605 1606 15
4201 1591 1606 1590 15
4200 1590 4201 1606 15
1591 4201 1606 1607 15
4202 1592 1607 1591 15
4201 1591 4202 1607 15
1592 4202 1607 1608 15
4203 1593 1608 1592 15
4202 1592 4203 1608 15
1593 4203 1608 1609 15
4204 1594 1609 1593 15
4203 1593 4204 1609 15
1594 4204 1609 1610 15
4205 1595 1610 1594 15
4204 1594 4205 1610 15
1595 4205 1610 1611 15
4206 1596 1611 1595 15
4205 1595 4206 1611 15
1596 4206 1611 1612 15
4207 1597 1612 1596 15
4206 1596 4207 1612 15
1597 4207 1612 1613 15
4208 1598 1613 1597 15
4207 1597 4208 1613 15
1598 4208 1613 1614 15
4209 1599 1614 1598 15
4208 1598 4209 1614 15
1599 4209 1614 1615 15
4210 1600 1615 1599 15
4209 1599 4210 1615 15
1600 4210 1615 1616 15
4211 1601 1616 1600 15
4210 1600 4211 1616 15
1601 4211 1616 1617 15
4212 1602 1617 1601 15
4211 1601 4212 1617 15
1602 4212 1617 1618 15
4213 1603 1618 1602 15
4212 1602 4213 1618 15
1603 4213 1618 1619 15
4214 1604 1619 1603 15
4213 1603 4214 1619 15
1604 4214 1619 276 15
1966 277 276 1604 15
4214 1604 1966 276 15
39 466 467 4215 15
4200 1605 4215 466 15
466 1605 4215 39 15
1605 4200 4215 4216 15
4201 1606 4216 4200 15
4200 1606 4216 1605 15
1606 4201 4216 4217 15
4202 1607 4217 4201 15
4201 1607 4217 1606 15
1607 4202 4217 4218 15
4203 1608 4218 4202 15
4202 1608 4218 1607 15
1608 4203 4218 4219 15
4204 1609 4219 4203 15
4203 1609 4219 1608 15
1609 4204 4219 4220 15
4205 1610 4220 4204 15
4204 1610 4220 1609 15
1610 4205 4220 4221 15
4206 1611 4221 4205 15
4205 1611 4221 1610 15
1611 4206 4221 4222 15
4207 1612 4222 4206 15
4206 1612 4222 1611 15
1612 4207 4222 4223 15
4208 1613 4223 4207 15
4207 1613 4223 1612 15
1613 4208 4223 4224 15
4209 1614 4224 4208 15
4208 1614 4224 1613 15
1614 4209 4224 4225 15
4210 1615 4225 4209 15
4209 1615 4225 1614 15
1615 4210 4225 4226 15
4211 1616 4226 4210 15
4210 1616 4226 1615 15
1616 4211 4226 4227 15
4212 1617 4227 4211 15
4211 1617 4227 1616 15
1617 4212 4227 4228 15
4213 1618 4228 4212 15
4212 1618 4228 1617 15
1618 4213 4228 4229 15
4214 1619 4229 4213 15
4213 1619 4229 1618 15
1619 4214 4229 1967 15
1966 276 1967 4214 15
4214 276 1967 1619 15
39 467 40 1620 15
4215 1605 1620 39 15
467 39 4215 1620 15
1605 4215 1620 1621 15
4216 1606 1621 1605 15
4215 1605 4216 1621 15
1606 4216 1621 1622 15
4217 1607 1622 1606 15
4216 1606 4217 1622 15
1607 4217 1622 1623 15
4218 1608 1623 1607 15
4217 1607 4218 1623 15
1608 4218 1623 1624 15
4219 1609 1624 1608 15
4218 1608 4219 1624 15
1609 4219 1624 1625 15
4220 1610 1625 1609 15
4219 1609 4220 1625 15
1610 4220 1625 1626 15
4221 1611 1626 1610 15
4220 1610 4221 1626 15
1611 4221 1626 1627 15
4222 1612 1627 1611 15
4221 1611 4222 1627 15
1612 4222 1627 1628 15
4223 1613 1628 1612 15
4222 1612 4223 1628 15
1613 4223 1628 1629 15
4224 1614 1629 1613 15
4223 1613 4224 1629 15
1614 4224 1629 1630 15
4225 1615 1630 1614 15
4224 1614 4225 1630 15
1615 4225 1630 1631 15
4226 1616 1631 1615 15
4225 1615 4226 1631 15
1616 4226 1631 1632 15
4227 1617 1632 1616 15
4226 1616 4227 1632 15
1617 4227 1632 1633 15
4228 1618 1633 1617 15
4227 1617 4228 1633 15
1618 4228 1633 1634 15
4229 1619 1634 1618 15
4228 1618 4229 1634 15
1619 4229 1634 275 15
1967 276 275 1619 15
4229 1619 1967 275 15
40 467 468 4230 15
4215 1620 4230 467 15
467 1620 4230 40 15
1620 4215 4230 4231 15
4216 1621 4231 4215 15
4215 1621 4231 1620 15
1621 4216 4231 4232 15
4217 1622 4232 4216 15
4216 1622 4232 1621 15
1622 4217 4232 4233 15
4218 1623 4233 4217 15
4217 1623 4233 1622 15
1623 4218 4233 4234 15
4219 1624 4234 4218 15
4218 1624 4234 1623 15
1624 4219 4234 4235 15
4220 1625 4235 4219 15
4219 1625 4235 1624 15
1625 4220 4235 4236 15
4221 1626 4236 4220 15
4220 1626 4236 1625 15
1626 4221 4236 4237 15
4222 1627 4237 4221 15
4221 1627 4237 1626 15
1627 4222 4237 4238 15
4223 1628 4238 4222 15
4222 1628 4238 1627 15
1628 4223 4238 4239 15
4224 1629 4239 4223 15
4223 1629 4239 1628 15
1629 4224 4239 4240 15
4225 1630 4240 4224 15
4224 1630 4240 1629 15
1630 4225 4240 4241 15
4226 1631 4241 4225 15
4225 1631 4241 1630 15
1631 4226 4241 4242 15
4227 1632 4242 4226 15
4226 1632 4242 1631 15
1632 4227 4242 4243 15
4228 1633 4243 4227 15
4227 1633 4243 1632 15
1633 4228 4243 4244 15
4229 1634 4244 4228 15
4228 1634 4244 1633 15
1634 4229 4244 1968 15
1967 275 1968 4229 15
4229 275 1968 1634 15
40 468 41 1635 15
4230 1620 1635 40 15
468 40 4230 1635 15
1620 4230 1635 1636 15
4231 1621 1636 1620 15
4230 1620 4231 1636 15
1621 4231 1636 1637 15
4232 1622 1637 1621 15
4231 1621 4232 1637 15
1622 4232 1637 1638 15
4233 1623 1638 1622 15
4232 1622 4233 1638 15
1623 4233 1638 1639 15
4234 1624 1639 1623 15
4233 1623 4234 1639 15
1624 4234 1639 1640 15
4235 1625 1640 1624 15
4234 1624 4235 1640 15
1625 4235 1640 1641 15
4236 1626 1641 1625 15
4235 1625 4236 1641 15
1626 4236 1641 1642 15
4237 1627 1642 1626 15
4236 1626 4237 1642 15
1627 4237 1642 1643 15
4238 1628 1643 1627 15
4237 1627 4238 1643 15
1628 4238 1643 1644 15
4239 1629 1644 1628 15
4238 1628 4239 1644 15
1629 4239 1644 1645 15
4240 1630 1645 1629 15
4239 1629 4240 1645 15
1630 4240 1645 1646 15
4241 1631 1646 1630 15
4240 1630 4241 1646 15
1631 4241 1646 1647 15
4242 1632 1647 1631 15
4241 1631 4242 1647 15
1632 4242 1647 1648 15
4243 1633 1648 1632 15
4242 1632 4243 1648 15
1633 4243 1648 1649 15
4244 1634 1649 1633 15
4243 1633 4244 1649 15
1634 4244 1649 274 15
1968 275 274 1634 15
4244 1634 1968 274 15
41 468 469 4245 15
4230 1635 4245 468 15
468 1635 4245 41 15
1635 4230 4245 4246 15
4231 1636 4246 4230 15
4230 1636 4246 1635 15
1636 4231 4246 4247 15
4232 1637 4247 4231 15
4231 1637 4247 1636 15
1637 4232 4247 4248 15
4233 1638 4248 4232 15
4232 1638 4248 1637 15
1638 4233 4248 4249 15
4234 1639 4249 4233 15
4233 1639 4249 1638 15
1639 4234 4249 4250 15
4235 1640 4250 4234 15
4234 1640 4250 1639 15
1640 4235 4250 4251 15
4236 1641 4251 4235 15
4235 1641 4251 1640 15
1641 4236 4251 4252 15
4237 1642 4252 4236 15
4236 1642 4252 1641 15
1642 4237 4252 4253 15
4238 1643 4253 4237 15
4237 1643 4253 1642 15
1643 4238 4253 4254 15
4239 1644 4254 4238 15
4238 1644 4254 1643 15
1644 4239 4254 4255 15
4240 1645 4255 4239 15
4239 1645 4255 1644 15
1645 4240 4255 4256 15
4241 1646 4256 4240 15
4240 1646 4256 1645 15
1646 4241 4256 4257 15
4242 1647 4257 4241 15
4241 1647 4257 1646 15
1647 4242 4257 4258 15
4243 1648 4258 4242 15
4242 1648 4258 1647 15
1648 4243 4258 4259 15
4244 1649 4259 4243 15
4243 1649 4259 1648 15
1649 4244 4259 1969 15
1968 274 1969 4244 15
4244 274 1969 1649 15
41 469 42 1650 15
4245 1635 1650 41 15
469 41 4245 1650 15
1635 4245 1650 1651 15
4246 1636 1651 1635 15
4245 1635 4246 1651 15
1636 4246 1651 1652 15
4247 1637 1652 1636 15
4246 1636 4247 1652 15
1637 4247 1652 1653 15
4248 1638 1653 1637 15
4247 1637 4248 1653 15
1638 4248 1653 1654 15
4249 1639 1654 1638 15
4248 1638 4249 1654 15
1639 4249 1654 1655 15
4250 1640 1655 1639 15
4249 1639 4250 1655 15
1640 4250 1655 1656 15
4251 1641 1656 1640 15
4250 1640 4251 1656 15
1641 4251 1656 1657 15
4252 1642 1657 1641 15
4251 1641 4252 1657 15
1642 4252 1657 1658 15
4253 1643 1658 1642 15
4252 1642 4253 1658 15
1643 4253 1658 1659 15
4254 1644 1659 1643 15
4253 1643 4254 1659 15
1644 4254 1659 1660 15
4255 1645 1660 1644 15
4254 1644 4255 1660 15
1645 4255 1660 1661 15
4256 1646 1661 1645 15
4255 1645 4256 1661 15
1646 4256 1661 1662 15
4257 1647 1662 1646 15
4256 1646 4257 1662 15
1647 4257 1662 1663 15
4258 1648 1663 1647 15
4257 1647 4258 1663 15
1648 4258 1663 1664 15
4259 1649 1664 1648 15
4258 1648 4259 1664 15
1649 4259 1664 273 15
1969 274 273 1649 15
4259 1649 1969 273 15
42 469 470 1650 15
4245 1650 4260 469 15
469 1650 4260 470 15
1650 4245 4260 1651 15
4246 1651 4261 4245 15
4245 1651 4261 4260 15
1651 4246 4261 1652 15
4247 1652 4262 4246 15
4246 1652 4262 4261 15
1652 4247 4262 1653 15
4248 1653 4263 4247 15
4247 1653 4263 4262 15
1653 4248 4263 1654 15
4249 1654 4264 4248 15
4248 1654 4264 4263 15
1654 4249 4264 1655 15
4250 1655 4265 4249 15
4249 1655 4265 4264 15
1655 4250 4265 1656 15
4251 1656 4266 4250 15
4250 1656 4266 4265 15
1656 4251 4266 1657 15
4252 1657 4267 4251 15
4251 1657 4267 4266 15
1657 4252 4267 1658 15
4253 1658 4268 4252 15
4252 1658 4268 4267 15
1658 4253 4268 1659 15
4254 1659 4269 4253 15
4253 1659 4269 4268 15
1659 4254 4269 1660 15
4255 1660 4270 4254 15
4254 1660 4270 4269 15
1660 4255 4270 1661 15
4256 1661 4271 4255 15
4255 1661 4271 4270 15
1661 4256 4271 1662 15
4257 1662 4272 4256 15
4256 1662 4272 4271 15
1662 4257 4272 1663 15
4258 1663 4273 4257 15
4257 1663 4273 4272 15
1663 4258 4273 1664 15
4259 1664 4274 4258 15
4258 1664 4274 4273 15
1664 4259 4274 273 15
1969 273 1970 4259 15
4259 273 1970 4274 15
42 470 43 1650 15
4260 1650 1665 470 15
470 1650 1665 43 15
1650 4260 1665 1651 15
4261 1651 1666 4260 15
4260 1651 1666 1665 15
1651 4261 1666 1652 15
4262 1652 1667 4261 15
4261 1652 1667 1666 15
1652 4262 1667 1653 15
4263 1653 1668 4262 15
4262 1653 1668 1667 15
1653 4263 1668 1654 15
4264 1654 1669 4263 15
4263 1654 1669 1668 15
1654 4264 1669 1655 15
4265 1655 1670 4264 15
4264 1655 1670 1669 15
1655 4265 1670 1656 15
4266 1656 1671 4265 15
4265 1656 1671 1670 15
1656 4266 1671 1657 15
4267 1657 1672 4266 15
4266 1657 1672 1671 15
1657 4267 1672 1658 15
4268 1658 1673 4267 15
4267 1658 1673 1672 15
1658 4268 1673 1659 15
4269 1659 1674 4268 15
4268 1659 1674 1673 15
1659 4269 1674 1660 15
4270 1660 1675 4269 15
4269 1660 1675 1674 15
1660 4270 1675 1661 15
4271 1661 1676 4270 15
4270 1661 1676 1675 15
1661 4271 1676 1662 15
4272 1662 1677 4271 15
4271 1662 1677 1676 15
1662 4272 1677 1663 15
4273 1663 1678 4272 15
4272 1663 1678 1677 15
1663 4273 1678 1664 15
4274 1664 1679 4273 15
4273 1664 1679 1678 15
1664 4274 1679 273 15
1970 273 272 4274 15
4274 273 272 1679 15
43 470 471 4275 15
4260 1665 4275 470 15
470 1665 4275 43 15
1665 4260 4275 4276 15
4261 1666 4276 4260 15
4260 1666 4276 1665 15
1666 4261 4276 4277 15
4262 1667 4277 4261 15
4261 1667 4277 1666 15
1667 4262 4277 4278 15
4263 1668 4278 4262 15
4262 1668 4278 1667 15
1668 4263 4278 4279 15
4264 1669 4279 4263 15
4263 1669 4279 1668 15
1669 4264 4279 4280 15
4265 1670 4280 4264 15
4264 1670 4280 1669 15
1670 4265 4280 4281 15
4266 1671 4281 4265 15
4265 1671 4281 1670 15
1671 4266 4281 4282 15
4267 1672 4282 4266 15
4266 1672 4282 1671 15
1672 4267 4282 4283 15
4268 1673 4283 4267 15
4267 1673 4283 1672 15
1673 4268 4283 4284 15
4269 1674 4284 4268 15
4268 1674 4284 1673 15
1674 4269 4284 4285 15
4270 1675 4285 4269 15
4269 1675 4285 1674 15
1675 4270 4285 4286 15
4271 1676 4286 4270 15
4270 1676 4286 1675 15
1676 4271 4286 4287 15
4272 1677 4287 4271 15
4271 1677 4287 1676 15
1677 4272 4287 4288 15
4273 1678 4288 4272 15
4272 1678 4288 1677 15
1678 4273 4288 4289 15
4274 1679 4289 4273 15
4273 1679 4289 1678 15
1679 4274 4289 1971 15
1970 272 1971 4274 15
4274 272 1971 1679 15
43 471 44 1680 15
4275 1665 1680 43 15
471 43 4275 1680 15
1665 4275 1680 1681 15
4276 1666 1681 1665 15
4275 1665 4276 1681 15
1666 4276 1681 1682 15
4277 1667 1682 1666 15
4276 1666 4277 1682 15
1667 4277 1682 1683 15
4278 1668 1683 1667 15
4277 1667 4278 1683 15
1668 4278 1683 1684 15
4279 1669 1684 1668 15
4278 1668 4279 1684 15
1669 4279 1684 1685 15
4280 1670 1685 1669 15
4279 1669 4280 1685 15
1670 4280 1685 1686 15
4281 1671 1686 1670 15
4280 1670 4281 1686 15
1671 4281 1686 1687 15
4282 1672 1687 1671 15
4281 1671 4282 1687 15
1672 4282 1687 1688 15
4283 1673 1688 1672 15
4282 1672 4283 1688 15
1673 4283 1688 1689 15
4284 1674 1689 1673 15
4283 1673 4284 1689 15
1674 4284 1689 1690 15
4285 1675 1690 1674 15
4284 1674 4285 1690 15
1675 4285 1690 1691 15
4286 1676 1691 1675 15
4285 1675 4286 1691 15
1676 4286 1691 1692 15
4287 1677 1692 1676 15
4286 1676 4287 1692 15
1677 4287 1692 1693 15
4288 1678 1693 1677 15
4287 1677 4288 1693 15
1678 4288 1693 1694 15
4289 1679 1694 1678 15
4288 1678 4289 1694 15
1679 4289 1694 271 15
1971 272 271 1679 15
4289 1679 1971 271 15
44 471 472 4290 15
4275 1680 4290 471 15
471 1680 4290 44 15
1680 4275 4290 4291 15
4276 1681 4291 4275 15
4275 1681 4291 1680 15
1681 4276 4291 4292 15
4277 1682 4292 4276 15
4276 1682 4292 1681 15
1682 4277 4292 4293 15
4278 1683 4293 4277 15
4277 1683 4293 1682 15
1683 4278 4293 4294 15
4279 1684 4294 4278 15
4278 1684 4294 1683 15
1684 4279 4294 4295 15
4280 1685 4295 4279 15
4279 1685 4295 1684 15
1685 4280 4295 4296 15
4281 1686 4296 4280 15
4280 1686 4296 1685 15
1686 4281 4296 4297 15
4282 1687 4297 4281 15
4281 1687 4297 1686 15
1687 4282 4297 4298 15
4283 1688 4298 4282 15
4282 1688 4298 1687 15
1688 4283 4298 4299 15
4284 1689 4299 4283 15
4283 1689 4299 1688 15
1689 4284 4299 4300 15
4285 1690 4300 4284 15
4284 1690 4300 1689 15
1690 4285 4300 4301 15
4286 1691 4301 4285 15
4285 1691 4301 1690 15
1691 4286 4301 4302 15
4287 1692 4302 4286 15
4286 1692 4302 1691 15
1692 4287 4302 4303 15
4288 1693 4303 4287 15
4287 1693 4303 1692 15
1693 4288 4303 4304 15
4289 1694 4304 4288 15
4288 1694 4304 1693 15
1694 4289 4304 1972 15
1971 271 1972 4289 15
4289 271 1972 1694 15
44 472 45 1695 15
4290 1680 1695 44 15
472 44 4290 1695 15
1680 4290 1695 1696 15
4291 1681 1696 1680 15
4290 1680 4291 1696 15
1681 4291 1696 1697 15
4292 1682 1697 1681 15
4291 1681 4292 1697 15
1682 4292 1697 1698 15
4293 1683 1698 1682 15
4292 1682 4293 1698 15
1683 4293 1698 1699 15
4294 1684 1699 1683 15
4293 1683 4294 1699 15
1684 4294 1699 1700 15
4295 1685 1700 1684 15
4294 1684 4295 1700 15
1685 4295 1700 1701 15
4296 1686 1701 1685 15
4295 1685 4296 1701 15
1686 4296 1701 1702 15
4297 1687 1702 1686 15
4296 1686 4297 1702 15
1687 4297 1702 1703 15
4298 1688 1703 1687 15
4297 1687 4298 1703 15
1688 4298 1703 1704 15
4299 1689 1704 1688 15
4298 1688 4299 1704 15
1689 4299 1704 1705 15
4300 1690 1705 1689 15
4299 1689 4300 1705 15
1690 4300 1705 1706 15
4301 1691 1706 1690 15
4300 1690 4301 1706 15
1691 4301 1706 1707 15
4302 1692 1707 1691 15
4301 1691 4302 1707 15
1692 4302 1707 1708 15
4303 1693 1708 1692 15
4302 1692 4303 1708 15
1693 4303 1708 1709 15
4304 1694 1709 1693 15
4303 1693 4304 1709 15
1694 4304 1709 270 15
1972 271 270 1694 15
4304 1694 1972 270 15
45 472 473 4305 15
4290 1695 4305 472 15
472 1695 4305 45 15
1695 4290 4305 4306 15
4291 1696 4306 4290 15
4290 1696 4306 1695 15
1696 4291 4306 4307 15
4292 1697 4307 4291 15
4291 1697 4307 1696 15
1697 4292 4307 4308 15
4293 1698 4308 4292 15
4292 1698 4308 1697 15
1698 4293 4308 4309 15
4294 1699 4309 4293 15
4293 1699 4309 1698 15
1699 4294 4309 4310 15
4295 1700 4310 4294 15
4294 1700 4310 1699 15
1700 4295 4310 4311 15
4296 1701 4311 4295 15
4295 1701 4311 1700 15
1701 4296 4311 4312 15
4297 1702 4312 4296 15
4296 1702 4312 1701 15
1702 4297 4312 4313 15
4298 1703 4313 4297 15
4297 1703 4313 1702 15
1703 4298 4313 4314 15
4299 1704 4314 4298 15
4298 1704 4314 1703 15
1704 4299 4314 4315 15
4300 1705 4315 4299 15
4299 1705 4315 1704 15
1705 4300 4315 4316 15
4301 1706 4316 4300 15
4300 1706 4316 1705 15
1706 4301 4316 4317 15
4302 1707 4317 4301 15
4301 1707 4317 1706 15
1707 4302 4317 4318 15
4303 1708 4318 4302 15
4302 1708 4318 1707 15
1708 4303 4318 4319 15
4304 1709 4319 4303 15
4303 1709 4319 1708 15
1709 4304 4319 1973 15
1972 270 1973 4304 15
4304 270 1973 1709 15
45 473 46 1710 15
4305 1695 1710 45 15
473 45 4305 1710 15
1695 4305 1710 1711 15
4306 1696 1711 1695 15
4305 1695 4306 1711 15
1696 4306 1711 1712 15
4307 1697 1712 1696 15
4306 1696 4307 1712 15
1697 4307 1712 1713 15
4308 1698 1713 1697 15
4307 1697 4308 1713 15
1698 4308 1713 1714 15
4309 1699 1714 1698 15
4308 1698 4309 1714 15
1699 4309 1714 1715 15
4310 1700 1715 1699 15
4309 1699 4310 1715 15
1700 4310 1715 1716 15
4311 1701 1716 1700 15
4310 1700 4311 1716 15
1701 4311 1716 1717 15
4312 1702 1717 1701 15
4311 1701 4312 1717 15
1702 4312 1717 1718 15
4313 1703 1718 1702 15
4312 1702 4313 1718 15
1703 4313 1718 1719 15
4314 1704 1719 1703 15
4313 1703 4314 1719 15
1704 4314 1719 1720 15
4315 1705 1720 1704 15
4314 1704 4315 1720 15
1705 4315 1720 1721 15
4316 1706 1721 1705 15
4315 1705 4316 1721 15
1706 4316 1721 1722 15
4317 1707 1722 1706 15
4316 1706 4317 1722 15
1707 4317 1722 1723 15
4318 1708 1723 1707 15
4317 1707 4318 1723 15
1708 4318 1723 1724 15
4319 1709 1724 1708 15
4318 1708 4319 1724 15
1709 4319 1724 269 15
1973 270 269 1709 15
4319 1709 1973 269 15
46 473 474 4320 15
4305 1710 4320 473 15
473 1710 4320 46 15
1710 4305 4320 4321 15
4306 1711 4321 4305 15
4305 1711 4321 1710 15
1711 4306 4321 4322 15
4307 1712 4322 4306 15
4306 1712 4322 1711 15
1712 4307 4322 4323 15
4308 1713 4323 4307 15
4307 1713 4323 1712 15
1713 4308 4323 4324 15
4309 1714 4324 4308 15
4308 1714 4324 1713 15
1714 4309 4324 4325 15
4310 1715 4325 4309 15
4309 1715 4325 1714 15
1715 4310 4325 4326 15
4311 1716 4326 4310 15
4310 1716 4326 1715 15
1716 4311 4326 4327 15
4312 1717 4327 4311 15
4311 1717 4327 1716 15
1717 4312 4327 4328 15
4313 1718 4328 4312 15
4312 1718 4328 1717 15
1718 4313 4328 4329 15
4314 1719 4329 4313 15
4313 1719 4329 1718 15
1719 4314 4329 4330 15
4315 1720 4330 4314 15
4314 1720 4330 1719 15
1720 4315 4330 4331 15
4316 1721 4331 4315 15
4315 1721 4331 1720 15
1721 4316 4331 4332 15
4317 1722 4332 4316 15
4316 1722 4332 1721 15
1722 4317 4332 4333 15
4318 1723 4333 4317 15
4317 1723 4333 1722 15
1723 4318 4333 4334 15
4319 1724 4334 4318 15
4318 1724 4334 1723 15
1724 4319 4334 1974 15
1973 269 1974 4319 15
4319 269 1974 1724 15
46 474 4 295 15
4320 1710 295 46 15
474 46 4320 295 15
1710 4320 295 296 15
4321 1711 296 1710 15
4320 1710 4321 296 15
1711 4321 296 297 15
4322 1712 297 1711 15
4321 1711 4322 297 15
1712 4322 297 298 15
4323 1713 298 1712 15
4322 1712 4323 298 15
1713 4323 298 299 15
4324 1714 299 1713 15
4323 1713 4324 299 15
1714 4324 299 300 15
4325 1715 300 1714 15
4324 1714 4325 300 15
1715 4325 300 301 15
4326 1716 301 1715 15
4325 1715 4326 301 15
1716 4326 301 302 15
4327 1717 302 1716 15
4326 1716 4327 302 15
1717 4327 302 303 15
4328 1718 303 1717 15
4327 1717 4328 303 15
1718 4328 303 304 15
4329 1719 304 1718 15
4328 1718 4329 304 15
1719 4329 304 305 15
4330 1720 305 1719 15
4329 1719 4330 305 15
1720 4330 305 306 15
4331 1721 306 1720 15
4330 1720 4331 306 15
1721 4331 306 307 15
4332 1722 307 1721 15
4331 1721 4332 307 15
1722 4332 307 308 15
4333 1723 308 1722 15
4332 1722 4333 308 15
1723 4333 308 309 15
4334 1724 309 1723 15
4333 1723 4334 309 15
1724 4334 309 15 15
1974 269 15 1724 15
4334 1724 1974 15 15
4 474 115 1875 15
4320 295 1875 474 15
474 295 1875 4 15
295 4320 1875 1876 15
4321 296 1876 4320 15
4320 296 1876 295 15
296 4321 1876 1877 15
4322 297 1877 4321 15
4321 297 1877 296 15
297 4322 1877 1878 15
4323 298 1878 4322 15
4322 298 1878 297 15
298 4323 1878 1879 15
4324 299 1879 4323 15
4323 299 1879 298 15
299 4324 1879 1880 15
4325 300 1880 4324 15
4324 300 1880 299 15
300 4325 1880 1881 15
4326 301 1881 4325 15
4325 301 1881 300 15
301 4326 1881 1882 15
4327 302 1882 4326 15
4326 302 1882 301 15
302 4327 1882 1883 15
4328 303 1883 4327 15
4327 303 1883 302 15
303 4328 1883 1884 15
4329 304 1884 4328 15
4328 304 1884 303 15
304 4329 1884 1885 15
4330 305 1885 4329 15
4329 305 1885 304 15
305 4330 1885 1886 15
4331 306 1886 4330 15
4330 306 1886 305 15
306 4331 1886 1887 15
4332 307 1887 4331 15
4331 307 1887 306 15
307 4332 1887 1888 15
4333 308 1888 4332 15
4332 308 1888 307 15
308 4333 1888 1889 15
4334 309 1889 4333 15
4333 309 1889 308 15
309 4334 1889 294 15
1974 15 294 4334 15
4334 15 294 309 15
109 110 465 4185 15
1440 1425 4185 109 15
110 109 1440 4185 15
1425 1440 4185 4186 15
1441 1426 4186 1425 15
1440 1425 1441 4186 15
1426 1441 4186 4187 15
1442 1427 4187 1426 15
1441 1426 1442 4187 15
1427 1442 4187 4188 15
1443 1428 4188 1427 15
1442 1427 1443 4188 15
1428 1443 4188 4189 15
1444 1429 4189 1428 15
1443 1428 1444 4189 15
1429 1444 4189 4190 15
1445 1430 4190 1429 15
1444 1429 1445 4190 15
1430 1445 4190 4191 15
1446 1431 4191 1430 15
1445 1430 1446 4191 15
1431 1446 4191 4192 15
1447 1432 4192 1431 15
1446 1431 1447 4192 15
1432 1447 4192 4193 15
1448 1433 4193 1432 15
1447 1432 1448 4193 15
1433 1448 4193 4194 15
1449 1434 4194 1433 15
1448 1433 1449 4194 15
1434 1449 4194 4195 15
1450 1435 4195 1434 15
1449 1434 1450 4195 15
1435 1450 4195 4196 15
1451 1436 4196 1435 15
1450 1435 1451 4196 15
1436 1451 4196 4197 15
1452 1437 4197 1436 15
1451 1436 1452 4197 15
1437 1452 4197 4198 15
1453 1438 4198 1437 15
1452 1437 1453 4198 15
1438 1453 4198 4199 15
1454 1439 4199 1438 15
1453 1438 1454 4199 15
1439 1454 4199 1965 15
237 238 1965 1439 15
1454 1439 237 1965 15
465 110 475 4335 15
1440 4185 4335 110 15
110 4185 4335 465 15
4185 1440 4335 4336 15
1441 4186 4336 1440 15
1440 4186 4336 4185 15
4186 1441 4336 4337 15
1442 4187 4337 1441 15
1441 4187 4337 4186 15
4187 1442 4337 4338 15
1443 4188 4338 1442 15
1442 4188 4338 4187 15
4188 1443 4338 4339 15
1444 4189 4339 1443 15
1443 4189 4339 4188 15
4189 1444 4339 4340 15
1445 4190 4340 1444 15
1444 4190 4340 4189 15
4190 1445 4340 4341 15
1446 4191 4341 1445 15
1445 4191 4341 4190 15
4191 1446 4341 4342 15
1447 4192 4342 1446 15
1446 4192 4342 4191 15
4192 1447 4342 4343 15
1448 4193 4343 1447 15
1447 4193 4343 4192 15
4193 1448 4343 4344 15
1449 4194 4344 1448 15
1448 4194 4344 4193 15
4194 1449 4344 4345 15
1450 4195 4345 1449 15
1449 4195 4345 4194 15
4195 1450 4345 4346 15
1451 4196 4346 1450 15
1450 4196 4346 4195 15
4196 1451 4346 4347 15
1452 4197 4347 1451 15
1451 4197 4347 4196 15
4197 1452 4347 4348 15
1453 4198 4348 1452 15
1452 4198 4348 4197 15
4198 1453 4348 4349 15
1454 4199 4349 1453 15
1453 4199 4349 4198 15
4199 1454 4349 1975 15
237 1965 1975 1454 15
1454 1965 1975 4199 15
465 475 466 4200 15
4335 4185 4200 465 15
475 465 4335 4200 15
4185 4335 4200 4201 15
4336 4186 4201 4185 15
4335 4185 4336 4201 15
4186 4336 4201 4202 15
4337 4187 4202 4186 15
4336 4186 4337 4202 15
4187 4337 4202 4203 15
4338 4188 4203 4187 15
4337 4187 4338 4203 15
4188 4338 4203 4204 15
4339 4189 4204 4188 15
4338 4188 4339 4204 15
4189 4339 4204 4205 15
4340 4190 4205 4189 15
4339 4189 4340 4205 15
4190 4340 4205 4206 15
4341 4191 4206 4190 15
4340 4190 4341 4206 15
4191 4341 4206 4207 15
4342 4192 4207 4191 15
4341 4191 4342 4207 15
4192 4342 4207 4208 15
4343 4193 4208 4192 15
4342 4192 4343 4208 15
4193 4343 4208 4209 15
4344 4194 4209 4193 15
4343 4193 4344 4209 15
4194 4344 4209 4210 15
4345 4195 4210 4194 15
4344 4194 4345 4210 15
4195 4345 4210 4211 15
4346 4196 4211 4195 15
4345 4195 4346 4211 15
4196 4346 4211 4212 15
4347 4197 4212 4196 15
4346 4196 4347 4212 15
4197 4347 4212 4213 15
4348 4198 4213 4197 15
4347 4197 4348 4213 15
4198 4348 4213 4214 15
4349 4199 4214 4198 15
4348 4198 4349 4214 15
4199 4349 4214 1966 15
1975 1965 1966 4199 15
4349 4199 1975 1966 15
466 475 476 4350 15
4335 4200 4350 475 15
475 4200 4350 466 15
4200 4335 4350 4351 15
4336 4201 4351 4335 15
4335 4201 4351 4200 15
4201 4336 4351 4352 15
4337 4202 4352 4336 15
4336 4202 4352 4201 15
4202 4337 4352 4353 15
4338 4203 4353 4337 15
4337 4203 4353 4202 15
4203 4338 4353 4354 15
4339 4204 4354 4338 15
4338 4204 4354 4203 15
4204 4339 4354 4355 15
4340 4205 4355 4339 15
4339 4205 4355 4204 15
4205 4340 4355 4356 15
4341 4206 4356 4340 15
4340 4206 4356 4205 15
4206 4341 4356 4357 15
4342 4207 4357 4341 15
4341 4207 4357 4206 15
4207 4342 4357 4358 15
4343 4208 4358 4342 15
4342 4208 4358 4207 15
4208 4343 4358 4359 15
4344 4209 4359 4343 15
4343 4209 4359 4208 15
4209 4344 4359 4360 15
4345 4210 4360 4344 15
4344 4210 4360 4209 15
4210 4345 4360 4361 15
4346 4211 4361 4345 15
4345 4211 4361 4210 15
4211 4346 4361 4362 15
4347 4212 4362 4346 15
4346 4212 4362 4211 15
4212 4347 4362 4363 15
4348 4213 4363 4347 15
4347 4213 4363 4212 15
4213 4348 4363 4364 15
4349 4214 4364 4348 15
4348 4214 4364 4213 15
4214 4349 4364 1976 15
1975 1966 1976 4349 15
4349 1966 1976 4214 15
466 476 467 4215 15
4350 4200 4215 466 15
476 466 4350 4215 15
4200 4350 4215 4216 15
4351 4201 4216 4200 15
4350 4200 4351 4216 15
4201 4351 4216 4217 15
4352 4202 4217 4201 15
4351 4201 4352 4217 15
4202 4352 4217 4218 15
4353 4203 4218 4202 15
4352 4202 4353 4218 15
4203 4353 4218 4219 15
4354 4204 4219 4203 15
4353 4203 4354 4219 15
4204 4354 4219 4220 15
4355 4205 4220 4204 15
4354 4204 4355 4220 15
4205 4355 4220 4221 15
4356 4206 4221 4205 15
4355 4205 4356 4221 15
4206 4356 4221 4222 15
4357 4207 4222 4206 15
4356 4206 4357 4222 15
4207 4357 4222 4223 15
4358 4208 4223 4207 15
4357 4207 4358 4223 15
4208 4358 4223 4224 15
4359 4209 4224 4208 15
4358 4208 4359 4224 15
4209 4359 4224 4225 15
4360 4210 4225 4209 15
4359 4209 4360 4225 15
4210 4360 4225 4226 15
4361 4211 4226 4210 15
4360 4210 4361 4226 15
4211 4361 4226 4227 15
4362 4212 4227 4211 15
4361 4211 4362 4227 15
4212 4362 4227 4228 15
4363 4213 4228 4212 15
4362 4212 4363 4228 15
4213 4363 4228 4229 15
4364 4214 4229 4213 15
4363 4213 4364 4229 15
4214 4364 4229 1967 15
1976 1966 1967 4214 15
4364 4214 1976 1967 15
467 476 477 4365 15
4350 4215 4365 476 15
476 4215 4365 467 15
4215 4350 4365 4366 15
4351 4216 4366 4350 15
4350 4216 4366 4215 15
4216 4351 4366 4367 15
4352 4217 4367 4351 15
4351 4217 4367 4216 15
4217 4352 4367 4368 15
4353 4218 4368 4352 15
4352 4218 4368 4217 15
4218 4353 4368 4369 15
4354 4219 4369 4353 15
4353 4219 4369 4218 15
4219 4354 4369 4370 15
4355 4220 4370 4354 15
4354 4220 4370 4219 15
4220 4355 4370 4371 15
4356 4221 4371 4355 15
4355 4221 4371 4220 15
4221 4356 4371 4372 15
4357 4222 4372 4356 15
4356 4222 4372 4221 15
4222 4357 4372 4373 15
4358 4223 4373 4357 15
4357 4223 4373 4222 15
4223 4358 4373 4374 15
4359 4224 4374 4358 15
4358 4224 4374 4223 15
4224 4359 4374 4375 15
4360 4225 4375 4359 15
4359 4225 4375 4224 15
4225 4360 4375 4376 15
4361 4226 4376 4360 15
4360 4226 4376 4225 15
4226 4361 4376 4377 15
4362 4227 4377 4361 15
4361 4227 4377 4226 15
4227 4362 4377 4378 15
4363 4228 4378 4362 15
4362 4228 4378 4227 15
4228 4363 4378 4379 15
4364 4229 4379 4363 15
4363 4229 4379 4228 15
4229 4364 4379 1977 15
1976 1967 1977 4364 15
4364 1967 1977 4229 15
467 477 468 4230 15
4365 4215 4230 467 15
477 467 4365 4230 15
4215 4365 4230 4231 15
4366 4216 4231 4215 15
4365 4215 4366 4231 15
4216 4366 4231 4232 15
4367 4217 4232 4216 15
4366 4216 4367 4232 15
4217 4367 4232 4233 15
4368 4218 4233 4217 15
4367 4217 4368 4233 15
4218 4368 4233 4234 15
4369 4219 4234 4218 15
4368 4218 4369 4234 15
4219 4369 4234 4235 15
4370 4220 4235 4219 15
4369 4219 4370 4235 15
4220 4370 4235 4236 15
4371 4221 4236 4220 15
4370 4220 4371 4236 15
4221 4371 4236 4237 15
4372 4222 4237 4221 15
4371 4221 4372 4237 15
4222 4372 4237 4238 15
4373 4223 4238 4222 15
4372 4222 4373 4238 15
4223 4373 4238 4239 15
4374 4224 4239 4223 15
4373 4223 4374 4239 15
4224 4374 4239 4240 15
4375 4225 4240 4224 15
4374 4224 4375 4240 15
4225 4375 4240 4241 15
4376 4226 4241 4225 15
4375 4225 4376 4241 15
4226 4376 4241 4242 15
4377 4227 4242 4226 15
4376 4226 4377 4242 15
4227 4377 4242 4243 15
4378 4228 4243 4227 15
4377 4227 4378 4243 15
4228 4378 4243 4244 15
4379 4229 4244 4228 15
4378 4228 4379 4244 15
4229 4379 4244 1968 15
1977 1967 1968 4229 15
4379 4229 1977 1968 15
468 477 478 4380 15
4365 4230 4380 477 15
477 4230 4380 468 15
4230 4365 4380 4381 15
4366 4231 4381 4365 15
4365 4231 4381 4230 15
4231 4366 4381 4382 15
4367 4232 4382 4366 15
4366 4232 4382 4231 15
4232 4367 4382 4383 15
4368 4233 4383 4367 15
4367 4233 4383 4232 15
4233 4368 4383 4384 15
4369 4234 4384 4368 15
4368 4234 4384 4233 15
4234 4369 4384 4385 15
4370 4235 4385 4369 15
4369 4235 4385 4234 15
4235 4370 4385 4386 15
4371 4236 4386 4370 15
4370 4236 4386 4235 15
4236 4371 4386 4387 15
4372 4237 4387 4371 15
4371 4237 4387 4236 15
4237 4372 4387 4388 15
4373 4238 4388 4372 15
4372 4238 4388 4237 15
4238 4373 4388 4389 15
4374 4239 4389 4373 15
4373 4239 4389 4238 15
4239 4374 4389 4390 15
4375 4240 4390 4374 15
4374 4240 4390 4239 15
4240 4375 4390 4391 15
4376 4241 4391 4375 15
4375 4241 4391 4240 15
4241 4376 4391 4392 15
4377 4242 4392 4376 15
4376 4242 4392 4241 15
4242 4377 4392 4393 15
4378 4243 4393 4377 15
4377 4243 4393 4242 15
4243 4378 4393 4394 15
4379 4244 4394 4378 15
4378 4244 4394 4243 15
4244 4379 4394 1978 15
1977 1968 1978 4379 15
4379 1968 1978 4244 15
468 478 469 4245 15
4380 4230 4245 468 15
478 468 4380 4245 15
4230 4380 4245 4246 15
4381 4231 4246 4230 15
4380 4230 4381 4246 15
4231 4381 4246 4247 15
4382 4232 4247 4231 15
4381 4231 4382 4247 15
4232 4382 4247 4248 15
4383 4233 4248 4232 15
4382 4232 4383 4248 15
4233 4383 4248 4249 15
4384 4234 4249 4233 15
4383 4233 4384 4249 15
4234 4384 4249 4250 15
4385 4235 4250 4234 15
4384 4234 4385 4250 15
4235 4385 4250 4251 15
4386 4236 4251 4235 15
4385 4235 4386 4251 15
4236 4386 4251 4252 15
4387 4237 4252 4236 15
4386 4236 4387 4252 15
4237 4387 4252 4253 15
4388 4238 4253 4237 15
4387 4237 4388 4253 15
4238 4388 4253 4254 15
4389 4239 4254 4238 15
4388 4238 4389 4254 15
4239 4389 4254 4255 15
4390 4240 4255 4239 15
4389 4239 4390 4255 15
4240 4390 4255 4256 15
4391 4241 4256 4240 15
4390 4240 4391 4256 15
4241 4391 4256 4257 15
4392 4242 4257 4241 15
4391 4241 4392 4257 15
4242 4392 4257 4258 15
4393 4243 4258 4242 15
4392 4242 4393 4258 15
4243 4393 4258 4259 15
4394 4244 4259 4243 15
4393 4243 4394 4259 15
4244 4394 4259 1969 15
1978 1968 1969 4244 15
4394 4244 1978 1969 15
469 478 479 4395 15
4380 4245 4395 478 15
478 4245 4395 469 15
4245 4380 4395 4396 15
4381 4246 4396 4380 15
4380 4246 4396 4245 15
4246 4381 4396 4397 15
4382 4247 4397 4381 15
4381 4247 4397 4246 15
4247 4382 4397 4398 15
4383 4248 4398 4382 15
4382 4248 4398 4247 15
4248 4383 4398 4399 15
4384 4249 4399 4383 15
4383 4249 4399 4248 15
4249 4384 4399 4400 15
4385 4250 4400 4384 15
4384 4250 4400 4249 15
4250 4385 4400 4401 15
4386 4251 4401 4385 15
4385 4251 4401 4250 15
4251 4386 4401 4402 15
4387 4252 4402 4386 15
4386 4252 4402 4251 15
4252 4387 4402 4403 15
4388 4253 4403 4387 15
4387 4253 4403 4252 15
4253 4388 4403 4404 15
4389 4254 4404 4388 15
4388 4254 4404 4253 15
4254 4389 4404 4405 15
4390 4255 4405 4389 15
4389 4255 4405 4254 15
4255 4390 4405 4406 15
4391 4256 4406 4390 15
4390 4256 4406 4255 15
4256 4391 4406 4407 15
4392 4257 4407 4391 15
4391 4257 4407 4256 15
4257 4392 4407 4408 15
4393 4258 4408 4392 15
4392 4258 4408 4257 15
4258 4393 4408 4409 15
4394 4259 4409 4393 15
4393 4259 4409 4258 15
4259 4394 4409 1979 15
1978 1969 1979 4394 15
4394 1969 1979 4259 15
469 479 470 4260 15
4395 4245 4260 469 15
479 469 4395 4260 15
4245 4395 4260 4261 15
4396 4246 4261 4245 15
4395 4245 4396 4261 15
4246 4396 4261 4262 15
4397 4247 4262 4246 15
4396 4246 4397 4262 15
4247 4397 4262 4263 15
4398 4248 4263 4247 15
4397 4247 4398 4263 15
4248 4398 4263 4264 15
4399 4249 4264 4248 15
4398 4248 4399 4264 15
4249 4399 4264 4265 15
4400 4250 4265 4249 15
4399 4249 4400 4265 15
4250 4400 4265 4266 15
4401 4251 4266 4250 15
4400 4250 4401 4266 15
4251 4401 4266 4267 15
4402 4252 4267 4251 15
4401 4251 4402 4267 15
4252 4402 4267 4268 15
4403 4253 4268 4252 15
4402 4252 4403 4268 15
4253 4403 4268 4269 15
4404 4254 4269 4253 15
4403 4253 4404 4269 15
4254 4404 4269 4270 15
4405 4255 4270 4254 15
4404 4254 4405 4270 15
4255 4405 4270 4271 15
4406 4256 4271 4255 15
4405 4255 4406 4271 15
4256 4406 4271 4272 15
4407 4257 4272 4256 15
4406 4256 4407 4272 15
4257 4407 4272 4273 15
4408 4258 4273 4257 15
4407 4257 4408 4273 15
4258 4408 4273 4274 15
4409 4259 4274 4258 15
4408 4258 4409 4274 15
4259 4409 4274 1970 15
1979 1969 1970 4259 15
4409 4259 1979 1970 15
470 479 480 4410 15
4395 4260 4410 479 15
479 4260 4410 470 15
4260 4395 4410 4411 15
4396 4261 4411 4395 15
4395 4261 4411 4260 15
4261 4396 4411 4412 15
4397 4262 4412 4396 15
4396 4262 4412 4261 15
4262 4397 4412 4413 15
4398 4263 4413 4397 15
4397 4263 4413 4262 15
4263 4398 4413 4414 15
4399 4264 4414 4398 15
4398 4264 4414 4263 15
4264 4399 4414 4415 15
4400 4265 4415 4399 15
4399 4265 4415 4264 15
4265 4400 4415 4416 15
4401 4266 4416 4400 15
4400 4266 4416 4265 15
4266 4401 4416 4417 15
4402 4267 4417 4401 15
4401 4267 4417 4266 15
4267 4402 4417 4418 15
4403 4268 4418 4402 15
4402 4268 4418 4267 15
4268 4403 4418 4419 15
4404 4269 4419 4403 15
4403 4269 4419 4268 15
4269 4404 4419 4420 15
4405 4270 4420 4404 15
4404 4270 4420 4269 15
4270 4405 4420 4421 15
4406 4271 4421 4405 15
4405 4271 4421 4270 15
4271 4406 4421 4422 15
4407 4272 4422 4406 15
4406 4272 4422 4271 15
4272 4407 4422 4423 15
4408 4273 4423 4407 15
4407 4273 4423 4272 15
4273 4408 4423 4424 15
4409 4274 4424 4408 15
4408 4274 4424 4273 15
4274 4409 4424 1980 15
1979 1970 1980 4409 15
4409 1970 1980 4274 15
470 480 471 4275 15
4410 4260 4275 470 15
480 470 4410 4275 15
4260 4410 4275 4276 15
4411 4261 4276 4260 15
4410 4260 4411 4276 15
4261 4411 4276 4277 15
4412 4262 4277 4261 15
4411 4261 4412 4277 15
4262 4412 4277 4278 15
4413 4263 4278 4262 15
4412 4262 4413 4278 15
4263 4413 4278 4279 15
4414 4264 4279 4263 15
4413 4263 4414 4279 15
4264 4414 4279 4280 15
4415 4265 4280 4264 15
4414 4264 4415 4280 15
4265 4415 4280 4281 15
4416 4266 4281 4265 15
4415 4265 4416 4281 15
4266 4416 4281 4282 15
4417 4267 4282 4266 15
4416 4266 4417 4282 15
4267 4417 4282 4283 15
4418 4268 4283 4267 15
4417 4267 4418 4283 15
4268 4418 4283 4284 15
4419 4269 4284 4268 15
4418 4268 4419 4284 15
4269 4419 4284 4285 15
4420 4270 4285 4269 15
4419 4269 4420 4285 15
4270 4420 4285 4286 15
4421 4271 4286 4270 15
4420 4270 4421 4286 15
4271 4421 4286 4287 15
4422 4272 4287 4271 15
4421 4271 4422 4287 15
4272 4422 4287 4288 15
4423 4273 4288 4272 15
4422 4272 4423 4288 15
4273 4423 4288 4289 15
4424 4274 4289 4273 15
4423 4273 4424 4289 15
4274 4424 4289 1971 15
1980 1970 1971 4274 15
4424 4274 1980 1971 15
471 480 481 4425 15
4410 4275 4425 480 15
480 4275 4425 471 15
4275 4410 4425 4426 15
4411 4276 4426 4410 15
4410 4276 4426 4275 15
4276 4411 4426 4427 15
4412 4277 4427 4411 15
4411 4277 4427 4276 15
4277 4412 4427 4428 15
4413 4278 4428 4412 15
4412 4278 4428 4277 15
4278 4413 4428 4429 15
4414 4279 4429 4413 15
4413 4279 4429 4278 15
4279 4414 4429 4430 15
4415 4280 4430 4414 15
4414 4280 4430 4279 15
4280 4415 4430 4431 15
4416 4281 4431 4415 15
4415 4281 4431 4280 15
4281 4416 4431 4432 15
4417 4282 4432 4416 15
4416 4282 4432 4281 15
4282 4417 4432 4433 15
4418 4283 4433 4417 15
4417 4283 4433 4282 15
4283 4418 4433 4434 15
4419 4284 4434 4418 15
4418 4284 4434 4283 15
4284 4419 4434 4435 15
4420 4285 4435 4419 15
4419 4285 4435 4284 15
4285 4420 4435 4436 15
4421 4286 4436 4420 15
4420 4286 4436 4285 15
4286 4421 4436 4437 15
4422 4287 4437 4421 15
4421 4287 4437 4286 15
4287 4422 4437 4438 15
4423 4288 4438 4422 15
4422 4288 4438 4287 15
4288 4423 4438 4439 15
4424 4289 4439 4423 15
4423 4289 4439 4288 15
4289 4424 4439 1981 15
1980 1971 1981 4424 15
4424 1971 1981 4289 15
471 481 472 4290 15
4425 4275 4290 471 15
481 471 4425 4290 15
4275 4425 4290 4291 15
4426 4276 4291 4275 15
4425 4275 4426 4291 15
4276 4426 4291 4292 15
4427 4277 4292 4276 15
4426 4276 4427 4292 15
4277 4427 4292 4293 15
4428 4278 4293 4277 15
4427 4277 4428 4293 15
4278 4428 4293 4294 15
4429 4279 4294 4278 15
4428 4278 4429 4294 15
4279 4429 4294 4295 15
4430 4280 4295 4279 15
4429 4279 4430 4295 15
4280 4430 4295 4296 15
4431 4281 4296 4280 15
4430 4280 4431 4296 15
4281 4431 4296 4297 15
4432 4282 4297 4281 15
4431 4281 4432 4297 15
4282 4432 4297 4298 15
4433 4283 4298 4282 15
4432 4282 4433 4298 15
4283 4433 4298 4299 15
4434 4284 4299 4283 15
4433 4283 4434 4299 15
4284 4434 4299 4300 15
4435 4285 4300 4284 15
4434 4284 4435 4300 15
4285 4435 4300 4301 15
4436 4286 4301 4285 15
4435 4285 4436 4301 15
4286 4436 4301 4302 15
4437 4287 4302 4286 15
4436 4286 4437 4302 15
4287 4437 4302 4303 15
4438 4288 4303 4287 15
4437 4287 4438 4303 15
4288 4438 4303 4304 15
4439 4289 4304 4288 15
4438 4288 4439 4304 15
4289 4439 4304 1972 15
1981 1971 1972 4289 15
4439 4289 1981 1972 15
472 481 482 4440 15
4425 4290 4440 481 15
481 4290 4440 472 15
4290 4425 4440 4441 15
4426 4291 4441 4425 15
4425 4291 4441 4290 15
4291 4426 4441 4442 15
4427 4292 4442 4426 15
4426 4292 4442 4291 15
4292 4427 4442 4443 15
4428 4293 4443 4427 15
4427 4293 4443 4292 15
4293 4428 4443 4444 15
4429 4294 4444 4428 15
4428 4294 4444 4293 15
4294 4429 4444 4445 15
4430 4295 4445 4429 15
4429 4295 4445 4294 15
4295 4430 4445 4446 15
4431 4296 4446 4430 15
4430 4296 4446 4295 15
4296 4431 4446 4447 15
4432 4297 4447 4431 15
4431 4297 4447 4296 15
4297 4432 4447 4448 15
4433 4298 4448 4432 15
4432 4298 4448 4297 15
4298 4433 4448 4449 15
4434 4299 4449 4433 15
4433 4299 4449 4298 15
4299 4434 4449 4450 15
4435 4300 4450 4434 15
4434 4300 4450 4299 15
4300 4435 4450 4451 15
4436 4301 4451 4435 15
4435 4301 4451 4300 15
4301 4436 4451 4452 15
4437 4302 4452 4436 15
4436 4302 4452 4301 15
4302 4437 4452 4453 15
4438 4303 4453 4437 15
4437 4303 4453 4302 15
4303 4438 4453 4454 15
4439 4304 4454 4438 15
4438 4304 4454 4303 15
4304 4439 4454 1982 15
1981 1972 1982 4439 15
4439 1972 1982 4304 15
472 482 473 4305 15
4440 4290 4305 472 15
482 472 4440 4305 15
4290 4440 4305 4306 15
4441 4291 4306 4290 15
4440 4290 4441 4306 15
4291 4441 4306 4307 15
4442 4292 4307 4291 15
4441 4291 4442 4307 15
4292 4442 4307 4308 15
4443 4293 4308 4292 15
4442 4292 4443 4308 15
4293 4443 4308 4309 15
4444 4294 4309 4293 15
4443 4293 4444 4309 15
4294 4444 4309 4310 15
4445 4295 4310 4294 15
4444 4294 4445 4310 15
4295 4445 4310 4311 15
4446 4296 4311 4295 15
4445 4295 4446 4311 15
4296 4446 4311 4312 15
4447 4297 4312 4296 15
4446 4296 4447 4312 15
4297 4447 4312 4313 15
4448 4298 4313 4297 15
4447 4297 4448 4313 15
4298 4448 4313 4314 15
4449 4299 4314 4298 15
4448 4298 4449 4314 15
4299 4449 4314 4315 15
4450 4300 4315 4299 15
4449 4299 4450 4315 15
4300 4450 4315 4316 15
4451 4301 4316 4300 15
4450 4300 4451 4316 15
4301 4451 4316 4317 15
4452 4302 4317 4301 15
4451 4301 4452 4317 15
4302 4452 4317 4318 15
4453 4303 4318 4302 15
4452 4302 4453 4318 15
4303 4453 4318 4319 15
4454 4304 4319 4303 15
4453 4303 4454 4319 15
4304 4454 4319 1973 15
1982 1972 1973 4304 15
4454 4304 1982 1973 15
473 482 483 4455 15
4440 4305 4455 482 15
482 4305 4455 473 15
4305 4440 4455 4456 15
4441 4306 4456 4440 15
4440 4306 4456 4305 15
4306 4441 4456 4457 15
4442 4307 4457 4441 15
4441 4307 4457 4306 15
4307 4442 4457 4458 15
4443 4308 4458 4442 15
4442 4308 4458 4307 15
4308 4443 4458 4459 15
4444 4309 4459 4443 15
4443 4309 4459 4308 15
4309 4444 4459 4460 15
4445 4310 4460 4444 15
4444 4310 4460 4309 15
4310 4445 4460 4461 15
4446 4311 4461 4445 15
4445 4311 4461 4310 15
4311 4446 4461 4462 15
4447 4312 4462 4446 15
4446 4312 4462 4311 15
4312 4447 4462 4463 15
4448 4313 4463 4447 15
4447 4313 4463 4312 15
4313 4448 4463 4464 15
4449 4314 4464 4448 15
4448 4314 4464 4313 15
4314 4449 4464 4465 15
4450 4315 4465 4449 15
4449 4315 4465 4314 15
4315 4450 4465 4466 15
4451 4316 4466 4450 15
4450 4316 4466 4315 15
4316 4451 4466 4467 15
4452 4317 4467 4451 15
4451 4317 4467 4316 15
4317 4452 4467 4468 15
4453 4318 4468 4452 15
4452 4318 4468 4317 15
4318 4453 4468 4469 15
4454 4319 4469 4453 15
4453 4319 4469 4318 15
4319 4454 4469 1983 15
1982 1973 1983 4454 15
4454 1973 1983 4319 15
473 483 474 4320 15
4455 4305 4320 473 15
483 473 4455 4320 15
4305 4455 4320 4321 15
4456 4306 4321 4305 15
4455 4305 4456 4321 15
4306 4456 4321 4322 15
4457 4307 4322 4306 15
4456 4306 4457 4322 15
4307 4457 4322 4323 15
4458 4308 4323 4307 15
4457 4307 4458 4323 15
4308 4458 4323 4324 15
4459 4309 4324 4308 15
4458 4308 4459 4324 15
4309 4459 4324 4325 15
4460 4310 4325 4309 15
4459 4309 4460 4325 15
4310 4460 4325 4326 15
4461 4311 4326 4310 15
4460 4310 4461 4326 15
4311 4461 4326 4327 15
4462 4312 4327 4311 15
4461 4311 4462 4327 15
4312 4462 4327 4328 15
4463 4313 4328 4312 15
4462 4312 4463 4328 15
4313 4463 4328 4329 15
4464 4314 4329 4313 15
4463 4313 4464 4329 15
4314 4464 4329 4330 15
4465 4315 4330 4314 15
4464 4314 4465 4330 15
4315 4465 4330 4331 15
4466 4316 4331 4315 15
4465 4315 4466 4331 15
4316 4466 4331 4332 15
4467 4317 4332 4316 15
4466 4316 4467 4332 15
4317 4467 4332 4333 15
4468 4318 4333 4317 15
4467 4317 4468 4333 15
4318 4468 4333 4334 15
4469 4319 4334 4318 15
4468 4318 4469 4334 15
4319 4469 4334 1974 15
1983 1973 1974 4319 15
4469 4319 1983 1974 15
474 483 484 4470 15
4455 4320 4470 483 15
483 4320 4470 474 15
4320 4455 4470 4471 15
4456 4321 4471 4455 15
4455 4321 4471 4320 15
4321 4456 4471 4472 15
4457 4322 4472 4456 15
4456 4322 4472 4321 15
4322 4457 4472 4473 15
4458 4323 4473 4457 15
4457 4323 4473 4322 15
4323 4458 4473 4474 15
4459 4324 4474 4458 15
4458 4324 4474 4323 15
4324 4459 4474 4475 15
4460 4325 4475 4459 15
4459 4325 4475 4324 15
4325 4460 4475 4476 15
4461 4326 4476 4460 15
4460 4326 4476 4325 15
4326 4461 4476 4477 15
4462 4327 4477 4461 15
4461 4327 4477 4326 15
4327 4462 4477 4478 15
4463 4328 4478 4462 15
4462 4328 4478 4327 15
4328 4463 4478 4479 15
4464 4329 4479 4463 15
4463 4329 4479 4328 15
4329 4464 4479 4480 15
4465 4330 4480 4464 15
4464 4330 4480 4329 15
4330 4465 4480 4481 15
4466 4331 4481 4465 15
4465 4331 4481 4330 15
4331 4466 4481 4482 15
4467 4332 4482 4466 15
4466 4332 4482 4331 15
4332 4467 4482 4483 15
4468 4333 4483 4467 15
4467 4333 4483 4332 15
4333 4468 4483 4484 15
4469 4334 4484 4468 15
4468 4334 4484 4333 15
4334 4469 4484 1984 15
1983 1974 1984 4469 15
4469 1974 1984 4334 15
474 484 115 1875 15
4470 4320 1875 474 15
484 474 4470 1875 15
4320 4470 1875 1876 15
4471 4321 1876 4320 15
4470 4320 4471 1876 15
4321 4471 1876 1877 15
4472 4322 1877 4321 15
4471 4321 4472 1877 15
4322 4472 1877 1878 15
4473 4323 1878 4322 15
4472 4322 4473 1878 15
4323 4473 1878 1879 15
4474 4324 1879 4323 15
4473 4323 4474 1879 15
4324 4474 1879 1880 15
4475 4325 1880 4324 15
4474 4324 4475 1880 15
4325 4475 1880 1881 15
4476 4326 1881 4325 15
4475 4325 4476 1881 15
4326 4476 1881 1882 15
4477 4327 1882 4326 15
4476 4326 4477 1882 15
4327 4477 1882 1883 15
4478 4328 1883 4327 15
4477 4327 4478 1883 15
4328 4478 1883 1884 15
4479 4329 1884 4328 15
4478 4328 4479 1884 15
4329 4479 1884 1885 15
4480 4330 1885 4329 15
4479 4329 4480 1885 15
4330 4480 1885 1886 15
4481 4331 1886 4330 15
4480 4330 4481 1886 15
4331 4481 1886 1887 15
4482 4332 1887 4331 15
4481 4331 4482 1887 15
4332 4482 1887 1888 15
4483 4333 1888 4332 15
4482 4332 4483 1888 15
4333 4483 1888 1889 15
4484 4334 1889 4333 15
4483 4333 4484 1889 15
4334 4484 1889 294 15
1984 1974 294 4334 15
4484 4334 1984 294 15
115 484 116 1890 15
4470 1875 1890 484 15
484 1875 1890 115 15
1875 4470 1890 1891 15
4471 1876 1891 4470 15
4470 1876 1891 1875 15
1876 4471 1891 1892 15
4472 1877 1892 4471 15
4471 1877 1892 1876 15
1877 4472 1892 1893 15
4473 1878 1893 4472 15
4472 1878 1893 1877 15
1878 4473 1893 1894 15
4474 1879 1894 4473 15
4473 1879 1894 1878 15
1879 4474 1894 1895 15
4475 1880 1895 4474 15
4474 1880 1895 1879 15
1880 4475 1895 1896 15
4476 1881 1896 4475 15
4475 1881 1896 1880 15
1881 4476 1896 1897 15
4477 1882 1897 4476 15
4476 1882 1897 1881 15
1882 4477 1897 1898 15
4478 1883 1898 4477 15
4477 1883 1898 1882 15
1883 4478 1898 1899 15
4479 1884 1899 4478 15
4478 1884 1899 1883 15
1884 4479 1899 1900 15
4480 1885 1900 4479 15
4479 1885 1900 1884 15
1885 4480 1900 1901 15
4481 1886 1901 4480 15
4480 1886 1901 1885 15
1886 4481 1901 1902 15
4482 1887 1902 4481 15
4481 1887 1902 1886 15
1887 4482 1902 1903 15
4483 1888 1903 4482 15
4482 1888 1903 1887 15
1888 4483 1903 1904 15
4484 1889 1904 4483 15
4483 1889 1904 1888 15
1889 4484 1904 293 15
1984 294 293 4484 15
4484 294 293 1889 15
110 111 475 4335 15
1455 1440 4335 110 15
111 110 1455 4335 15
1440 1455 4335 4336 15
1456 1441 4336 1440 15
1455 1440 1456 4336 15
1441 1456 4336 4337 15
1457 1442 4337 1441 15
1456 1441 1457 4337 15
1442 1457 4337 4338 15
1458 1443 4338 1442 15
1457 1442 1458 4338 15
1443 1458 4338 4339 15
1459 1444 4339 1443 15
1458 1443 1459 4339 15
1444 1459 4339 4340 15
1460 1445 4340 1444 15
1459 1444 1460 4340 15
1445 1460 4340 4341 15
1461 1446 4341 1445 15
1460 1445 1461 4341 15
1446 1461 4341 4342 15
1462 1447 4342 1446 15
1461 1446 1462 4342 15
1447 1462 4342 4343 15
1463 1448 4343 1447 15
1462 1447 1463 4343 15
1448 1463 4343 4344 15
1464 1449 4344 1448 15
1463 1448 1464 4344 15
1449 1464 4344 4345 15
1465 1450 4345 1449 15
1464 1449 1465 4345 15
1450 1465 4345 4346 15
1466 1451 4346 1450 15
1465 1450 1466 4346 15
1451 1466 4346 4347 15
1467 1452 4347 1451 15
1466 1451 1467 4347 15
1452 1467 4347 4348 15
1468 1453 4348 1452 15
1467 1452 1468 4348 15
1453 1468 4348 4349 15
1469 1454 4349 1453 15
1468 1453 1469 4349 15
1454 1469 4349 1975 15
236 237 1975 1454 15
1469 1454 236 1975 15
475 111 485 4485 15
1455 4335 4485 111 15
111 4335 4485 475 15
4335 1455 4485 4486 15
1456 4336 4486 1455 15
1455 4336 4486 4335 15
4336 1456 4486 4487 15
1457 4337 4487 1456 15
1456 4337 4487 4336 15
4337 1457 4487 4488 15
1458 4338 4488 1457 15
1457 4338 4488 4337 15
4338 1458 4488 4489 15
1459 4339 4489 1458 15
1458 4339 4489 4338 15
4339 1459 4489 4490 15
1460 4340 4490 1459 15
1459 4340 4490 4339 15
4340 1460 4490 4491 15
1461 4341 4491 1460 15
1460 4341 4491 4340 15
4341 1461 4491 4492 15
1462 4342 4492 1461 15
1461 4342 4492 4341 15
4342 1462 4492 4493 15
1463 4343 4493 1462 15
1462 4343 4493 4342 15
4343 1463 4493 4494 15
1464 4344 4494 1463 15
1463 4344 4494 4343 15
4344 1464 4494 4495 15
1465 4345 4495 1464 15
1464 4345 4495 4344 15
4345 1465 4495 4496 15
1466 4346 4496 1465 15
1465 4346 4496 4345 15
4346 1466 4496 4497 15
1467 4347 4497 1466 15
1466 4347 4497 4346 15
4347 1467 4497 4498 15
1468 4348 4498 1467 15
1467 4348 4498 4347 15
4348 1468 4498 4499 15
1469 4349 4499 1468 15
1468 4349 4499 4348 15
4349 1469 4499 1985 15
236 1975 1985 1469 15
1469 1975 1985 4349 15
475 485 476 4350 15
4485 4335 4350 475 15
485 475 4485 4350 15
4335 4485 4350 4351 15
4486 4336 4351 4335 15
4485 4335 4486 4351 15
4336 4486 4351 4352 15
4487 4337 4352 4336 15
4486 4336 4487 4352 15
4337 4487 4352 4353 15
4488 4338 4353 4337 15
4487 4337 4488 4353 15
4338 4488 4353 4354 15
4489 4339 4354 4338 15
4488 4338 4489 4354 15
4339 4489 4354 4355 15
4490 4340 4355 4339 15
4489 4339 4490 4355 15
4340 4490 4355 4356 15
4491 4341 4356 4340 15
4490 4340 4491 4356 15
4341 4491 4356 4357 15
4492 4342 4357 4341 15
4491 4341 4492 4357 15
4342 4492 4357 4358 15
4493 4343 4358 4342 15
4492 4342 4493 4358 15
4343 4493 4358 4359 15
4494 4344 4359 4343 15
4493 4343 4494 4359 15
4344 4494 4359 4360 15
4495 4345 4360 4344 15
4494 4344 4495 4360 15
4345 4495 4360 4361 15
4496 4346 4361 4345 15
4495 4345 4496 4361 15
4346 4496 4361 4362 15
4497 4347 4362 4346 15
4496 4346 4497 4362 15
4347 4497 4362 4363 15
4498 4348 4363 4347 15
4497 4347 4498 4363 15
4348 4498 4363 4364 15
4499 4349 4364 4348 15
4498 4348 4499 4364 15
4349 4499 4364 1976 15
1985 1975 1976 4349 15
4499 4349 1985 1976 15
476 485 486 4500 15
4485 4350 4500 485 15
485 4350 4500 476 15
4350 4485 4500 4501 15
4486 4351 4501 4485 15
4485 4351 4501 4350 15
4351 4486 4501 4502 15
4487 4352 4502 4486 15
4486 4352 4502 4351 15
4352 4487 4502 4503 15
4488 4353 4503 4487 15
4487 4353 4503 4352 15
4353 4488 4503 4504 15
4489 4354 4504 4488 15
4488 4354 4504 4353 15
4354 4489 4504 4505 15
4490 4355 4505 4489 15
4489 4355 4505 4354 15
4355 4490 4505 4506 15
4491 4356 4506 4490 15
4490 4356 4506 4355 15
4356 4491 4506 4507 15
4492 4357 4507 4491 15
4491 4357 4507 4356 15
4357 4492 4507 4508 15
4493 4358 4508 4492 15
4492 4358 4508 4357 15
4358 4493 4508 4509 15
4494 4359 4509 4493 15
4493 4359 4509 4358 15
4359 4494 4509 4510 15
4495 4360 4510 4494 15
4494 4360 4510 4359 15
4360 4495 4510 4511 15
4496 4361 4511 4495 15
4495 4361 4511 4360 15
4361 4496 4511 4512 15
4497 4362 4512 4496 15
4496 4362 4512 4361 15
4362 4497 4512 4513 15
4498 4363 4513 4497 15
4497 4363 4513 4362 15
4363 4498 4513 4514 15
4499 4364 4514 4498 15
4498 4364 4514 4363 15
4364 4499 4514 1986 15
1985 1976 1986 4499 15
4499 1976 1986 4364 15
476 486 477 4365 15
4500 4350 4365 476 15
486 476 4500 4365 15
4350 4500 4365 4366 15
4501 4351 4366 4350 15
4500 4350 4501 4366 15
4351 4501 4366 4367 15
4502 4352 4367 4351 15
4501 4351 4502 4367 15
4352 4502 4367 4368 15
4503 4353 4368 4352 15
4502 4352 4503 4368 15
4353 4503 4368 4369 15
4504 4354 4369 4353 15
4503 4353 4504 4369 15
4354 4504 4369 4370 15
4505 4355 4370 4354 15
4504 4354 4505 4370 15
4355 4505 4370 4371 15
4506 4356 4371 4355 15
4505 4355 4506 4371 15
4356 4506 4371 4372 15
4507 4357 4372 4356 15
4506 4356 4507 4372 15
4357 4507 4372 4373 15
4508 4358 4373 4357 15
4507 4357 4508 4373 15
4358 4508 4373 4374 15
4509 4359 4374 4358 15
4508 4358 4509 4374 15
4359 4509 4374 4375 15
4510 4360 4375 4359 15
4509 4359 4510 4375 15
4360 4510 4375 4376 15
4511 4361 4376 4360 15
4510 4360 4511 4376 15
4361 4511 4376 4377 15
4512 4362 4377 4361 15
4511 4361 4512 4377 15
4362 4512 4377 4378 15
4513 4363 4378 4362 15
4512 4362 4513 4378 15
4363 4513 4378 4379 15
4514 4364 4379 4363 15
4513 4363 4514 4379 15
4364 4514 4379 1977 15
1986 1976 1977 4364 15
4514 4364 1986 1977 15
477 486 487 4515 15
4500 4365 4515 486 15
486 4365 4515 477 15
4365 4500 4515 4516 15
4501 4366 4516 4500 15
4500 4366 4516 4365 15
4366 4501 4516 4517 15
4502 4367 4517 4501 15
4501 4367 4517 4366 15
4367 4502 4517 4518 15
4503 4368 4518 4502 15
4502 4368 4518 4367 15
4368 4503 4518 4519 15
4504 4369 4519 4503 15
4503 4369 4519 4368 15
4369 4504 4519 4520 15
4505 4370 4520 4504 15
4504 4370 4520 4369 15
4370 4505 4520 4521 15
4506 4371 4521 4505 15
4505 4371 4521 4370 15
4371 4506 4521 4522 15
4507 4372 4522 4506 15
4506 4372 4522 4371 15
4372 4507 4522 4523 15
4508 4373 4523 4507 15
4507 4373 4523 4372 15
4373 4508 4523 4524 15
4509 4374 4524 4508 15
4508 4374 4524 4373 15
4374 4509 4524 4525 15
4510 4375 4525 4509 15
4509 4375 4525 4374 15
4375 4510 4525 4526 15
4511 4376 4526 4510 15
4510 4376 4526 4375 15
4376 4511 4526 4527 15
4512 4377 4527 4511 15
4511 4377 4527 4376 15
4377 4512 4527 4528 15
4513 4378 4528 4512 15
4512 4378 4528 4377 15
4378 4513 4528 4529 15
4514 4379 4529 4513 15
4513 4379 4529 4378 15
4379 4514 4529 1987 15
1986 1977 1987 4514 15
4514 1977 1987 4379 15
477 487 478 4380 15
4515 4365 4380 477 15
487 477 4515 4380 15
4365 4515 4380 4381 15
4516 4366 4381 4365 15
4515 4365 4516 4381 15
4366 4516 4381 4382 15
4517 4367 4382 4366 15
4516 4366 4517 4382 15
4367 4517 4382 4383 15
4518 4368 4383 4367 15
4517 4367 4518 4383 15
4368 4518 4383 4384 15
4519 4369 4384 4368 15
4518 4368 4519 4384 15
4369 4519 4384 4385 15
4520 4370 4385 4369 15
4519 4369 4520 4385 15
4370 4520 4385 4386 15
4521 4371 4386 4370 15
4520 4370 4521 4386 15
4371 4521 4386 4387 15
4522 4372 4387 4371 15
4521 4371 4522 4387 15
4372 4522 4387 4388 15
4523 4373 4388 4372 15
4522 4372 4523 4388 15
4373 4523 4388 4389 15
4524 4374 4389 4373 15
4523 4373 4524 4389 15
4374 4524 4389 4390 15
4525 4375 4390 4374 15
4524 4374 4525 4390 15
4375 4525 4390 4391 15
4526 4376 4391 4375 15
4525 4375 4526 4391 15
4376 4526 4391 4392 15
4527 4377 4392 4376 15
4526 4376 4527 4392 15
4377 4527 4392 4393 15
4528 4378 4393 4377 15
4527 4377 4528 4393 15
4378 4528 4393 4394 15
4529 4379 4394 4378 15
4528 4378 4529 4394 15
4379 4529 4394 1978 15
1987 1977 1978 4379 15
4529 4379 1987 1978 15
478 487 488 4530 15
4515 4380 4530 487 15
487 4380 4530 478 15
4380 4515 4530 4531 15
4516 4381 4531 4515 15
4515 4381 4531 4380 15
4381 4516 4531 4532 15
4517 4382 4532 4516 15
4516 4382 4532 4381 15
4382 4517 4532 4533 15
4518 4383 4533 4517 15
4517 4383 4533 4382 15
4383 4518 4533 4534 15
4519 4384 4534 4518 15
4518 4384 4534 4383 15
4384 4519 4534 4535 15
4520 4385 4535 4519 15
4519 4385 4535 4384 15
4385 4520 4535 4536 15
4521 4386 4536 4520 15
4520 4386 4536 4385 15
4386 4521 4536 4537 15
4522 4387 4537 4521 15
4521 4387 4537 4386 15
4387 4522 4537 4538 15
4523 4388 4538 4522 15
4522 4388 4538 4387 15
4388 4523 4538 4539 15
4524 4389 4539 4523 15
4523 4389 4539 4388 15
4389 4524 4539 4540 15
4525 4390 4540 4524 15
4524 4390 4540 4389 15
4390 4525 4540 4541 15
4526 4391 4541 4525 15
4525 4391 4541 4390 15
4391 4526 4541 4542 15
4527 4392 4542 4526 15
4526 4392 4542 4391 15
4392 4527 4542 4543 15
4528 4393 4543 4527 15
4527 4393 4543 4392 15
4393 4528 4543 4544 15
4529 4394 4544 4528 15
4528 4394 4544 4393 15
4394 4529 4544 1988 15
1987 1978 1988 4529 15
4529 1978 1988 4394 15
478 488 479 4395 15
4530 4380 4395 478 15
488 478 4530 4395 15
4380 4530 4395 4396 15
4531 4381 4396 4380 15
4530 4380 4531 4396 15
4381 4531 4396 4397 15
4532 4382 4397 4381 15
4531 4381 4532 4397 15
4382 4532 4397 4398 15
4533 4383 4398 4382 15
4532 4382 4533 4398 15
4383 4533 4398 4399 15
4534 4384 4399 4383 15
4533 4383 4534 4399 15
4384 4534 4399 4400 15
4535 4385 4400 4384 15
4534 4384 4535 4400 15
4385 4535 4400 4401 15
4536 4386 4401 4385 15
4535 4385 4536 4401 15
4386 4536 4401 4402 15
4537 4387 4402 4386 15
4536 4386 4537 4402 15
4387 4537 4402 4403 15
4538 4388 4403 4387 15
4537 4387 4538 4403 15
4388 4538 4403 4404 15
4539 4389 4404 4388 15
4538 4388 4539 4404 15
4389 4539 4404 4405 15
4540 4390 4405 4389 15
4539 4389 4540 4405 15
4390 4540 4405 4406 15
4541 4391 4406 4390 15
4540 4390 4541 4406 15
4391 4541 4406 4407 15
4542 4392 4407 4391 15
4541 4391 4542 4407 15
4392 4542 4407 4408 15
4543 4393 4408 4392 15
4542 4392 4543 4408 15
4393 4543 4408 4409 15
4544 4394 4409 4393 15
4543 4393 4544 4409 15
4394 4544 4409 1979 15
1988 1978 1979 4394 15
4544 4394 1988 1979 15
479 488 489 4545 15
4530 4395 4545 488 15
488 4395 4545 479 15
4395 4530 4545 4546 15
4531 4396 4546 4530 15
4530 4396 4546 4395 15
4396 4531 4546 4547 15
4532 4397 4547 4531 15
4531 4397 4547 4396 15
4397 4532 4547 4548 15
4533 4398 4548 4532 15
4532 4398 4548 4397 15
4398 4533 4548 4549 15
4534 4399 4549 4533 15
4533 4399 4549 4398 15
4399 4534 4549 4550 15
4535 4400 4550 4534 15
4534 4400 4550 4399 15
4400 4535 4550 4551 15
4536 4401 4551 4535 15
4535 4401 4551 4400 15
4401 4536 4551 4552 15
4537 4402 4552 4536 15
4536 4402 4552 4401 15
4402 4537 4552 4553 15
4538 4403 4553 4537 15
4537 4403 4553 4402 15
4403 4538 4553 4554 15
4539 4404 4554 4538 15
4538 4404 4554 4403 15
4404 4539 4554 4555 15
4540 4405 4555 4539 15
4539 4405 4555 4404 15
4405 4540 4555 4556 15
4541 4406 4556 4540 15
4540 4406 4556 4405 15
4406 4541 4556 4557 15
4542 4407 4557 4541 15
4541 4407 4557 4406 15
4407 4542 4557 4558 15
4543 4408 4558 4542 15
4542 4408 4558 4407 15
4408 4543 4558 4559 15
4544 4409 4559 4543 15
4543 4409 4559 4408 15
4409 4544 4559 1989 15
1988 1979 1989 4544 15
4544 1979 1989 4409 15
479 489 480 4410 15
4545 4395 4410 479 15
489 479 4545 4410 15
4395 4545 4410 4411 15
4546 4396 4411 4395 15
4545 4395 4546 4411 15
4396 4546 4411 4412 15
4547 4397 4412 4396 15
4546 4396 4547 4412 15
4397 4547 4412 4413 15
4548 4398 4413 4397 15
4547 4397 4548 4413 15
4398 4548 4413 4414 15
4549 4399 4414 4398 15
4548 4398 4549 4414 15
4399 4549 4414 4415 15
4550 4400 4415 4399 15
4549 4399 4550 4415 15
4400 4550 4415 4416 15
4551 4401 4416 4400 15
4550 4400 4551 4416 15
4401 4551 4416 4417 15
4552 4402 4417 4401 15
4551 4401 4552 4417 15
4402 4552 4417 4418 15
4553 4403 4418 4402 15
4552 4402 4553 4418 15
4403 4553 4418 4419 15
4554 4404 4419 4403 15
4553 4403 4554 4419 15
4404 4554 4419 4420 15
4555 4405 4420 4404 15
4554 4404 4555 4420 15
4405 4555 4420 4421 15
4556 4406 4421 4405 15
4555 4405 4556 4421 15
4406 4556 4421 4422 15
4557 4407 4422 4406 15
4556 4406 4557 4422 15
4407 4557 4422 4423 15
4558 4408 4423 4407 15
4557 4407 4558 4423 15
4408 4558 4423 4424 15
4559 4409 4424 4408 15
4558 4408 4559 4424 15
4409 4559 4424 1980 15
1989 1979 1980 4409 15
4559 4409 1989 1980 15
480 489 490 4560 15
4545 4410 4560 489 15
489 4410 4560 480 15
4410 4545 4560 4561 15
4546 4411 4561 4545 15
4545 4411 4561 4410 15
4411 4546 4561 4562 15
4547 4412 4562 4546 15
4546 4412 4562 4411 15
4412 4547 4562 4563 15
4548 4413 4563 4547 15
4547 4413 4563 4412 15
4413 4548 4563 4564 15
4549 4414 4564 4548 15
4548 4414 4564 4413 15
4414 4549 4564 4565 15
4550 4415 4565 4549 15
4549 4415 4565 4414 15
4415 4550 4565 4566 15
4551 4416 4566 4550 15
4550 4416 4566 4415 15
4416 4551 4566 4567 15
4552 4417 4567 4551 15
4551 4417 4567 4416 15
4417 4552 4567 4568 15
4553 4418 4568 4552 15
4552 4418 4568 4417 15
4418 4553 4568 4569 15
4554 4419 4569 4553 15
4553 4419 4569 4418 15
4419 4554 4569 4570 15
4555 4420 4570 4554 15
4554 4420 4570 4419 15
4420 4555 4570 4571 15
4556 4421 4571 4555 15
4555 4421 4571 4420 15
4421 4556 4571 4572 15
4557 4422 4572 4556 15
4556 4422 4572 4421 15
4422 4557 4572 4573 15
4558 4423 4573 4557 15
4557 4423 4573 4422 15
4423 4558 4573 4574 15
4559 4424 4574 4558 15
4558 4424 4574 4423 15
4424 4559 4574 1990 15
1989 1980 1990 4559 15
4559 1980 1990 4424 15
480 490 481 4425 15
4560 4410 4425 480 15
490 480 4560 4425 15
4410 4560 4425 4426 15
4561 4411 4426 4410 15
4560 4410 4561 4426 15
4411 4561 4426 4427 15
4562 4412 4427 4411 15
4561 4411 4562 4427 15
4412 4562 4427 4428 15
4563 4413 4428 4412 15
4562 4412 4563 4428 15
4413 4563 4428 4429 15
4564 4414 4429 4413 15
4563 4413 4564 4429 15
4414 4564 4429 4430 15
4565 4415 4430 4414 15
4564 4414 4565 4430 15
4415 4565 4430 4431 15
4566 4416 4431 4415 15
4565 4415 4566 4431 15
4416 4566 4431 4432 15
4567 4417 4432 4416 15
4566 4416 4567 4432 15
4417 4567 4432 4433 15
4568 4418 4433 4417 15
4567 4417 4568 4433 15
4418 4568 4433 4434 15
4569 4419 4434 4418 15
4568 4418 4569 4434 15
4419 4569 4434 4435 15
4570 4420 4435 4419 15
4569 4419 4570 4435 15
4420 4570 4435 4436 15
4571 4421 4436 4420 15
4570 4420 4571 4436 15
4421 4571 4436 4437 15
4572 4422 4437 4421 15
4571 4421 4572 4437 15
4422 4572 4437 4438 15
4573 4423 4438 4422 15
4572 4422 4573 4438 15
4423 4573 4438 4439 15
4574 4424 4439 4423 15
4573 4423 4574 4439 15
4424 4574 4439 1981 15
1990 1980 1981 4424 15
4574 4424 1990 1981 15
481 490 491 4575 15
4560 4425 4575 490 15
490 4425 4575 481 15
4425 4560 4575 4576 15
4561 4426 4576 4560 15
4560 4426 4576 4425 15
4426 4561 4576 4577 15
4562 4427 4577 4561 15
4561 4427 4577 4426 15
4427 4562 4577 4578 15
4563 4428 4578 4562 15
4562 4428 4578 4427 15
4428 4563 4578 4579 15
4564 4429 4579 4563 15
4563 4429 4579 4428 15
4429 4564 4579 4580 15
4565 4430 4580 4564 15
4564 4430 4580 4429 15
4430 4565 4580 4581 15
4566 4431 4581 4565 15
4565 4431 4581 4430 15
4431 4566 4581 4582 15
4567 4432 4582 4566 15
4566 4432 4582 4431 15
4432 4567 4582 4583 15
4568 4433 4583 4567 15
4567 4433 4583 4432 15
4433 4568 4583 4584 15
4569 4434 4584 4568 15
4568 4434 4584 4433 15
4434 4569 4584 4585 15
4570 4435 4585 4569 15
4569 4435 4585 4434 15
4435 4570 4585 4586 15
4571 4436 4586 4570 15
4570 4436 4586 4435 15
4436 4571 4586 4587 15
4572 4437 4587 4571 15
4571 4437 4587 4436 15
4437 4572 4587 4588 15
4573 4438 4588 4572 15
4572 4438 4588 4437 15
4438 4573 4588 4589 15
4574 4439 4589 4573 15
4573 4439 4589 4438 15
4439 4574 4589 1991 15
1990 1981 1991 4574 15
4574 1981 1991 4439 15
481 491 482 4440 15
4575 4425 4440 481 15
491 481 4575 4440 15
4425 4575 4440 4441 15
4576 4426 4441 4425 15
4575 4425 4576 4441 15
4426 4576 4441 4442 15
4577 4427 4442 4426 15
4576 4426 4577 4442 15
4427 4577 4442 4443 15
4578 4428 4443 4427 15
4577 4427 4578 4443 15
4428 4578 4443 4444 15
4579 4429 4444 4428 15
4578 4428 4579 4444 15
4429 4579 4444 4445 15
4580 4430 4445 4429 15
4579 4429 4580 4445 15
4430 4580 4445 4446 15
4581 4431 4446 4430 15
4580 4430 4581 4446 15
4431 4581 4446 4447 15
4582 4432 4447 4431 15
4581 4431 4582 4447 15
4432 4582 4447 4448 15
4583 4433 4448 4432 15
4582 4432 4583 4448 15
4433 4583 4448 4449 15
4584 4434 4449 4433 15
4583 4433 4584 4449 15
4434 4584 4449 4450 15
4585 4435 4450 4434 15
4584 4434 4585 4450 15
4435 4585 4450 4451 15
4586 4436 4451 4435 15
4585 4435 4586 4451 15
4436 4586 4451 4452 15
4587 4437 4452 4436 15
4586 4436 4587 4452 15
4437 4587 4452 4453 15
4588 4438 4453 4437 15
4587 4437 4588 4453 15
4438 4588 4453 4454 15
4589 4439 4454 4438 15
4588 4438 4589 4454 15
4439 4589 4454 1982 15
1991 1981 1982 4439 15
4589 4439 1991 1982 15
482 491 492 4590 15
4575 4440 4590 491 15
491 4440 4590 482 15
4440 4575 4590 4591 15
4576 4441 4591 4575 15
4575 4441 4591 4440 15
4441 4576 4591 4592 15
4577 4442 4592 4576 15
4576 4442 4592 4441 15
4442 4577 4592 4593 15
4578 4443 4593 4577 15
4577 4443 4593 4442 15
4443 4578 4593 4594 15
4579 4444 4594 4578 15
4578 4444 4594 4443 15
4444 4579 4594 4595 15
4580 4445 4595 4579 15
4579 4445 4595 4444 15
4445 4580 4595 4596 15
4581 4446 4596 4580 15
4580 4446 4596 4445 15
4446 4581 4596 4597 15
4582 4447 4597 4581 15
4581 4447 4597 4446 15
4447 4582 4597 4598 15
4583 4448 4598 4582 15
4582 4448 4598 4447 15
4448 4583 4598 4599 15
4584 4449 4599 4583 15
4583 4449 4599 4448 15
4449 4584 4599 4600 15
4585 4450 4600 4584 15
4584 4450 4600 4449 15
4450 4585 4600 4601 15
4586 4451 4601 4585 15
4585 4451 4601 4450 15
4451 4586 4601 4602 15
4587 4452 4602 4586 15
4586 4452 4602 4451 15
4452 4587 4602 4603 15
4588 4453 4603 4587 15
4587 4453 4603 4452 15
4453 4588 4603 4604 15
4589 4454 4604 4588 15
4588 4454 4604 4453 15
4454 4589 4604 1992 15
1991 1982 1992 4589 15
4589 1982 1992 4454 15
482 492 483 4455 15
4590 4440 4455 482 15
492 482 4590 4455 15
4440 4590 4455 4456 15
4591 4441 4456 4440 15
4590 4440 4591 4456 15
4441 4591 4456 4457 15
4592 4442 4457 4441 15
4591 4441 4592 4457 15
4442 4592 4457 4458 15
4593 4443 4458 4442 15
4592 4442 4593 4458 15
4443 4593 4458 4459 15
4594 4444 4459 4443 15
4593 4443 4594 4459 15
4444 4594 4459 4460 15
4595 4445 4460 4444 15
4594 4444 4595 4460 15
4445 4595 4460 4461 15
4596 4446 4461 4445 15
4595 4445 4596 4461 15
4446 4596 4461 4462 15
4597 4447 4462 4446 15
4596 4446 4597 4462 15
4447 4597 4462 4463 15
4598 4448 4463 4447 15
4597 4447 4598 4463 15
4448 4598 4463 4464 15
4599 4449 4464 4448 15
4598 4448 4599 4464 15
4449 4599 4464 4465 15
4600 4450 4465 4449 15
4599 4449 4600 4465 15
4450 4600 4465 4466 15
4601 4451 4466 4450 15
4600 4450 4601 4466 15
4451 4601 4466 4467 15
4602 4452 4467 4451 15
4601 4451 4602 4467 15
4452 4602 4467 4468 15
4603 4453 4468 4452 15
4602 4452 4603 4468 15
4453 4603 4468 4469 15
4604 4454 4469 4453 15
4603 4453 4604 4469 15
4454 4604 4469 1983 15
1992 1982 1983 4454 15
4604 4454 1992 1983 15
483 492 493 4605 15
4590 4455 4605 492 15
492 4455 4605 483 15
4455 4590 4605 4606 15
4591 4456 4606 4590 15
4590 4456 4606 4455 15
4456 4591 4606 4607 15
4592 4457 4607 4591 15
4591 4457 4607 4456 15
4457 4592 4607 4608 15
4593 4458 4608 4592 15
4592 4458 4608 4457 15
4458 4593 4608 4609 15
4594 4459 4609 4593 15
4593 4459 4609 4458 15
4459 4594 4609 4610 15
4595 4460 4610 4594 15
4594 4460 4610 4459 15
4460 4595 4610 4611 15
4596 4461 4611 4595 15
4595 4461 4611 4460 15
4461 4596 4611 4612 15
4597 4462 4612 4596 15
4596 4462 4612 4461 15
4462 4597 4612 4613 15
4598 4463 4613 4597 15
4597 4463 4613 4462 15
4463 4598 4613 4614 15
4599 4464 4614 4598 15
4598 4464 4614 4463 15
4464 4599 4614 4615 15
4600 4465 4615 4599 15
4599 4465 4615 4464 15
4465 4600 4615 4616 15
4601 4466 4616 4600 15
4600 4466 4616 4465 15
4466 4601 4616 4617 15
4602 4467 4617 4601 15
4601 4467 4617 4466 15
4467 4602 4617 4618 15
4603 4468 4618 4602 15
4602 4468 4618 4467 15
4468 4603 4618 4619 15
4604 4469 4619 4603 15
4603 4469 4619 4468 15
4469 4604 4619 1993 15
1992 1983 1993 4604 15
4604 1983 1993 4469 15
483 493 484 4470 15
4605 4455 4470 483 15
493 483 4605 4470 15
4455 4605 4470 4471 15
4606 4456 4471 4455 15
4605 4455 4606 4471 15
4456 4606 4471 4472 15
4607 4457 4472 4456 15
4606 4456 4607 4472 15
4457 4607 4472 4473 15
4608 4458 4473 4457 15
4607 4457 4608 4473 15
4458 4608 4473 4474 15
4609 4459 4474 4458 15
4608 4458 4609 4474 15
4459 4609 4474 4475 15
4610 4460 4475 4459 15
4609 4459 4610 4475 15
4460 4610 4475 4476 15
4611 4461 4476 4460 15
4610 4460 4611 4476 15
4461 4611 4476 4477 15
4612 4462 4477 4461 15
4611 4461 4612 4477 15
4462 4612 4477 4478 15
4613 4463 4478 4462 15
4612 4462 4613 4478 15
4463 4613 4478 4479 15
4614 4464 4479 4463 15
4613 4463 4614 4479 15
4464 4614 4479 4480 15
4615 4465 4480 4464 15
4614 4464 4615 4480 15
4465 4615 4480 4481 15
4616 4466 4481 4465 15
4615 4465 4616 4481 15
4466 4616 4481 4482 15
4617 4467 4482 4466 15
4616 4466 4617 4482 15
4467 4617 4482 4483 15
4618 4468 4483 4467 15
4617 4467 4618 4483 15
4468 4618 4483 4484 15
4619 4469 4484 4468 15
4618 4468 4619 4484 15
4469 4619 4484 1984 15
1993 1983 1984 4469 15
4619 4469 1993 1984 15
484 493 494 4620 15
4605 4470 4620 493 15
493 4470 4620 484 15
4470 4605 4620 4621 15
4606 4471 4621 4605 15
4605 4471 4621 4470 15
4471 4606 4621 4622 15
4607 4472 4622 4606 15
4606 4472 4622 4471 15
4472 4607 4622 4623 15
4608 4473 4623 4607 15
4607 4473 4623 4472 15
4473 4608 4623 4624 15
4609 4474 4624 4608 15
4608 4474 4624 4473 15
4474 4609 4624 4625 15
4610 4475 4625 4609 15
4609 4475 4625 4474 15
4475 4610 4625 4626 15
4611 4476 4626 4610 15
4610 4476 4626 4475 15
4476 4611 4626 4627 15
4612 4477 4627 4611 15
4611 4477 4627 4476 15
4477 4612 4627 4628 15
4613 4478 4628 4612 15
4612 4478 4628 4477 15
4478 4613 4628 4629 15
4614 4479 4629 4613 15
4613 4479 4629 4478 15
4479 4614 4629 4630 15
4615 4480 4630 4614 15
4614 4480 4630 4479 15
4480 4615 4630 4631 15
4616 4481 4631 4615 15
4615 4481 4631 4480 15
4481 4616 4631 4632 15
4617 4482 4632 4616 15
4616 4482 4632 4481 15
4482 4617 4632 4633 15
4618 4483 4633 4617 15
4617 4483 4633 4482 15
4483 4618 4633 4634 15
4619 4484 4634 4618 15
4618 4484 4634 4483 15
4484 4619 4634 1994 15
1993 1984 1994 4619 15
4619 1984 1994 4484 15
484 494 116 1890 15
4620 4470 1890 484 15
494 484 4620 1890 15
4470 4620 1890 1891 15
4621 4471 1891 4470 15
4620 4470 4621 1891 15
4471 4621 1891 1892 15
4622 4472 1892 4471 15
4621 4471 4622 1892 15
4472 4622 1892 1893 15
4623 4473 1893 4472 15
4622 4472 4623 1893 15
4473 4623 1893 1894 15
4624 4474 1894 4473 15
4623 4473 4624 1894 15
4474 4624 1894 1895 15
4625 4475 1895 4474 15
4624 4474 4625 1895 15
4475 4625 1895 1896 15
4626 4476 1896 4475 15
4625 4475 4626 1896 15
4476 4626 1896 1897 15
4627 4477 1897 4476 15
4626 4476 4627 1897 15
4477 4627 1897 1898 15
4628 4478 1898 4477 15
4627 4477 4628 1898 15
4478 4628 1898 1899 15
4629 4479 1899 4478 15
4628 4478 4629 1899 15
4479 4629 1899 1900 15
4630 4480 1900 4479 15
4629 4479 4630 1900 15
4480 4630 1900 1901 15
4631 4481 1901 4480 15
4630 4480 4631 1901 15
4481 4631 1901 1902 15
4632 4482 1902 4481 15
4631 4481 4632 1902 15
4482 4632 1902 1903 15
4633 4483 1903 4482 15
4632 4482 4633 1903 15
4483 4633 1903 1904 15
4634 4484 1904 4483 15
4633 4483 4634 1904 15
4484 4634 1904 293 15
1994 1984 293 4484 15
4634 4484 1994 293 15
116 494 117 1905 15
4620 1890 1905 494 15
494 1890 1905 116 15
1890 4620 1905 1906 15
4621 1891 1906 4620 15
4620 1891 1906 1890 15
1891 4621 1906 1907 15
4622 1892 1907 4621 15
4621 1892 1907 1891 15
1892 4622 1907 1908 15
4623 1893 1908 4622 15
4622 1893 1908 1892 15
1893 4623 1908 1909 15
4624 1894 1909 4623 15
4623 1894 1909 1893 15
1894 4624 1909 1910 15
4625 1895 1910 4624 15
4624 1895 1910 1894 15
1895 4625 1910 1911 15
4626 1896 1911 4625 15
4625 1896 1911 1895 15
1896 4626 1911 1912 15
4627 1897 1912 4626 15
4626 1897 1912 1896 15
1897 4627 1912 1913 15
4628 1898 1913 4627 15
4627 1898 1913 1897 15
1898 4628 1913 1914 15
4629 1899 1914 4628 15
4628 1899 1914 1898 15
1899 4629 1914 1915 15
4630 1900 1915 4629 15
4629 1900 1915 1899 15
1900 4630 1915 1916 15
4631 1901 1916 4630 15
4630 1901 1916 1900 15
1901 4631 1916 1917 15
4632 1902 1917 4631 15
4631 1902 1917 1901 15
1902 4632 1917 1918 15
4633 1903 1918 4632 15
4632 1903 1918 1902 15
1903 4633 1918 1919 15
4634 1904 1919 4633 15
4633 1904 1919 1903 15
1904 4634 1919 292 15
1994 293 292 4634 15
4634 293 292 1904 15
111 112 485 4485 15
1470 1455 4485 111 15
112 111 1470 4485 15
1455 1470 4485 4486 15
1471 1456 4486 1455 15
1470 1455 1471 4486 15
1456 1471 4486 4487 15
1472 1457 4487 1456 15
1471 1456 1472 4487 15
1457 1472 4487 4488 15
1473 1458 4488 1457 15
1472 1457 1473 4488 15
1458 1473 4488 4489 15
1474 1459 4489 1458 15
1473 1458 1474 4489 15
1459 1474 4489 4490 15
1475 1460 4490 1459 15
1474 1459 1475 4490 15
1460 1475 4490 4491 15
1476 1461 4491 1460 15
1475 1460 1476 4491 15
1461 1476 4491 4492 15
1477 1462 4492 1461 15
1476 1461 1477 4492 15
1462 1477 4492 4493 15
1478 1463 4493 1462 15
1477 1462 1478 4493 15
1463 1478 4493 4494 15
1479 1464 4494 1463 15
1478 1463 1479 4494 15
1464 1479 4494 4495 15
1480 1465 4495 1464 15
1479 1464 1480 4495 15
1465 1480 4495 4496 15
1481 1466 4496 1465 15
1480 1465 1481 4496 15
1466 1481 4496 4497 15
1482 1467 4497 1466 15
1481 1466 1482 4497 15
1467 1482 4497 4498 15
1483 1468 4498 1467 15
1482 1467 1483 4498 15
1468 1483 4498 4499 15
1484 1469 4499 1468 15
1483 1468 1484 4499 15
1469 1484 4499 1985 15
235 236 1985 1469 15
1484 1469 235 1985 15
485 112 495 4635 15
1470 4485 4635 112 15
112 4485 4635 485 15
4485 1470 4635 4636 15
1471 4486 4636 1470 15
1470 4486 4636 4485 15
4486 1471 4636 4637 15
1472 4487 4637 1471 15
1471 4487 4637 4486 15
4487 1472 4637 4638 15
1473 4488 4638 1472 15
1472 4488 4638 4487 15
4488 1473 4638 4639 15
1474 4489 4639 1473 15
1473 4489 4639 4488 15
4489 1474 4639 4640 15
1475 4490 4640 1474 15
1474 4490 4640 4489 15
4490 1475 4640 4641 15
1476 4491 4641 1475 15
1475 4491 4641 4490 15
4491 1476 4641 4642 15
1477 4492 4642 1476 15
1476 4492 4642 4491 15
4492 1477 4642 4643 15
1478 4493 4643 1477 15
1477 4493 4643 4492 15
4493 1478 4643 4644 15
1479 4494 4644 1478 15
1478 4494 4644 4493 15
4494 1479 4644 4645 15
1480 4495 4645 1479 15
1479 4495 4645 4494 15
4495 1480 4645 4646 15
1481 4496 4646 1480 15
1480 4496 4646 4495 15
4496 1481 4646 4647 15
1482 4497 4647 1481 15
1481 4497 4647 4496 15
4497 1482 4647 4648 15
1483 4498 4648 1482 15
1482 4498 4648 4497 15
4498 1483 4648 4649 15
1484 4499 4649 1483 15
1483 4499 4649 4498 15
4499 1484 4649 1995 15
235 1985 1995 1484 15
1484 1985 1995 4499 15
485 495 486 4500 15
4635 4485 4500 485 15
495 485 4635 4500 15
4485 4635 4500 4501 15
4636 4486 4501 4485 15
4635 4485 4636 4501 15
4486 4636 4501 4502 15
4637 4487 4502 4486 15
4636 4486 4637 4502 15
4487 4637 4502 4503 15
4638 4488 4503 4487 15
4637 4487 4638 4503 15
4488 4638 4503 4504 15
4639 4489 4504 4488 15
4638 4488 4639 4504 15
4489 4639 4504 4505 15
4640 4490 4505 4489 15
4639 4489 4640 4505 15
4490 4640 4505 4506 15
4641 4491 4506 4490 15
4640 4490 4641 4506 15
4491 4641 4506 4507 15
4642 4492 4507 4491 15
4641 4491 4642 4507 15
4492 4642 4507 4508 15
4643 4493 4508 4492 15
4642 4492 4643 4508 15
4493 4643 4508 4509 15
4644 4494 4509 4493 15
4643 4493 4644 4509 15
4494 4644 4509 4510 15
4645 4495 4510 4494 15
4644 4494 4645 4510 15
4495 4645 4510 4511 15
4646 4496 4511 4495 15
4645 4495 4646 4511 15
4496 4646 4511 4512 15
4647 4497 4512 4496 15
4646 4496 4647 4512 15
4497 4647 4512 4513 15
4648 4498 4513 4497 15
4647 4497 4648 4513 15
4498 4648 4513 4514 15
4649 4499 4514 4498 15
4648 4498 4649 4514 15
4499 4649 4514 1986 15
1995 1985 1986 4499 15
4649 4499 1995 1986 15
486 495 496 4650 15
4635 4500 4650 495 15
495 4500 4650 486 15
4500 4635 4650 4651 15
4636 4501 4651 4635 15
4635 4501 4651 4500 15
4501 4636 4651 4652 15
4637 4502 4652 4636 15
4636 4502 4652 4501 15
4502 4637 4652 4653 15
4638 4503 4653 4637 15
4637 4503 4653 4502 15
4503 4638 4653 4654 15
4639 4504 4654 4638 15
4638 4504 4654 4503 15
4504 4639 4654 4655 15
4640 4505 4655 4639 15
4639 4505 4655 4504 15
4505 4640 4655 4656 15
4641 4506 4656 4640 15
4640 4506 4656 4505 15
4506 4641 4656 4657 15
4642 4507 4657 4641 15
4641 4507 4657 4506 15
4507 4642 4657 4658 15
4643 4508 4658 4642 15
4642 4508 4658 4507 15
4508 4643 4658 4659 15
4644 4509 4659 4643 15
4643 4509 4659 4508 15
4509 4644 4659 4660 15
4645 4510 4660 4644 15
4644 4510 4660 4509 15
4510 4645 4660 4661 15
4646 4511 4661 4645 15
4645 4511 4661 4510 15
4511 4646 4661 4662 15
4647 4512 4662 4646 15
4646 4512 4662 4511 15
4512 4647 4662 4663 15
4648 4513 4663 4647 15
4647 4513 4663 4512 15
4513 4648 4663 4664 15
4649 4514 4664 4648 15
4648 4514 4664 4513 15
4514 4649 4664 1996 15
1995 1986 1996 4649 15
4649 1986 1996 4514 15
486 496 487 4515 15
4650 4500 4515 486 15
496 486 4650 4515 15
4500 4650 4515 4516 15
4651 4501 4516 4500 15
4650 4500 4651 4516 15
4501 4651 4516 4517 15
4652 4502 4517 4501 15
4651 4501 4652 4517 15
4502 4652 4517 4518 15
4653 4503 4518 4502 15
4652 4502 4653 4518 15
4503 4653 4518 4519 15
4654 4504 4519 4503 15
4653 4503 4654 4519 15
4504 4654 4519 4520 15
4655 4505 4520 4504 15
4654 4504 4655 4520 15
4505 4655 4520 4521 15
4656 4506 4521 4505 15
4655 4505 4656 4521 15
4506 4656 4521 4522 15
4657 4507 4522 4506 15
4656 4506 4657 4522 15
4507 4657 4522 4523 15
4658 4508 4523 4507 15
4657 4507 4658 4523 15
4508 4658 4523 4524 15
4659 4509 4524 4508 15
4658 4508 4659 4524 15
4509 4659 4524 4525 15
4660 4510 4525 4509 15
4659 4509 4660 4525 15
4510 4660 4525 4526 15
4661 4511 4526 4510 15
4660 4510 4661 4526 15
4511 4661 4526 4527 15
4662 4512 4527 4511 15
4661 4511 4662 4527 15
4512 4662 4527 4528 15
4663 4513 4528 4512 15
4662 4512 4663 4528 15
4513 4663 4528 4529 15
4664 4514 4529 4513 15
4663 4513 4664 4529 15
4514 4664 4529 1987 15
1996 1986 1987 4514 15
4664 4514 1996 1987 15
487 496 497 4665 15
4650 4515 4665 496 15
496 4515 4665 487 15
4515 4650 4665 4666 15
4651 4516 4666 4650 15
4650 4516 4666 4515 15
4516 4651 4666 4667 15
4652 4517 4667 4651 15
4651 4517 4667 4516 15
4517 4652 4667 4668 15
4653 4518 4668 4652 15
4652 4518 4668 4517 15
4518 4653 4668 4669 15
4654 4519 4669 4653 15
4653 4519 4669 4518 15
4519 4654 4669 4670 15
4655 4520 4670 4654 15
4654 4520 4670 4519 15
4520 4655 4670 4671 15
4656 4521 4671 4655 15
4655 4521 4671 4520 15
4521 4656 4671 4672 15
4657 4522 4672 4656 15
4656 4522 4672 4521 15
4522 4657 4672 4673 15
4658 4523 4673 4657 15
4657 4523 4673 4522 15
4523 4658 4673 4674 15
4659 4524 4674 4658 15
4658 4524 4674 4523 15
4524 4659 4674 4675 15
4660 4525 4675 4659 15
4659 4525 4675 4524 15
4525 4660 4675 4676 15
4661 4526 4676 4660 15
4660 4526 4676 4525 15
4526 4661 4676 4677 15
4662 4527 4677 4661 15
4661 4527 4677 4526 15
4527 4662 4677 4678 15
4663 4528 4678 4662 15
4662 4528 4678 4527 15
4528 4663 4678 4679 15
4664 4529 4679 4663 15
4663 4529 4679 4528 15
4529 4664 4679 1997 15
1996 1987 1997 4664 15
4664 1987 1997 4529 15
487 497 488 4530 15
4665 4515 4530 487 15
497 487 4665 4530 15
4515 4665 4530 4531 15
4666 4516 4531 4515 15
4665 4515 4666 4531 15
4516 4666 4531 4532 15
4667 4517 4532 4516 15
4666 4516 4667 4532 15
4517 4667 4532 4533 15
4668 4518 4533 4517 15
4667 4517 4668 4533 15
4518 4668 4533 4534 15
4669 4519 4534 4518 15
4668 4518 4669 4534 15
4519 4669 4534 4535 15
4670 4520 4535 4519 15
4669 4519 4670 4535 15
4520 4670 4535 4536 15
4671 4521 4536 4520 15
4670 4520 4671 4536 15
4521 4671 4536 4537 15
4672 4522 4537 4521 15
4671 4521 4672 4537 15
4522 4672 4537 4538 15
4673 4523 4538 4522 15
4672 4522 4673 4538 15
4523 4673 4538 4539 15
4674 4524 4539 4523 15
4673 4523 4674 4539 15
4524 4674 4539 4540 15
4675 4525 4540 4524 15
4674 4524 4675 4540 15
4525 4675 4540 4541 15
4676 4526 4541 4525 15
4675 4525 4676 4541 15
4526 4676 4541 4542 15
4677 4527 4542 4526 15
4676 4526 4677 4542 15
4527 4677 4542 4543 15
4678 4528 4543 4527 15
4677 4527 4678 4543 15
4528 4678 4543 4544 15
4679 4529 4544 4528 15
4678 4528 4679 4544 15
4529 4679 4544 1988 15
1997 1987 1988 4529 15
4679 4529 1997 1988 15
488 497 498 4680 15
4665 4530 4680 497 15
497 4530 4680 488 15
4530 4665 4680 4681 15
4666 4531 4681 4665 15
4665 4531 4681 4530 15
4531 4666 4681 4682 15
4667 4532 4682 4666 15
4666 4532 4682 4531 15
4532 4667 4682 4683 15
4668 4533 4683 4667 15
4667 4533 4683 4532 15
4533 4668 4683 4684 15
4669 4534 4684 4668 15
4668 4534 4684 4533 15
4534 4669 4684 4685 15
4670 4535 4685 4669 15
4669 4535 4685 4534 15
4535 4670 4685 4686 15
4671 4536 4686 4670 15
4670 4536 4686 4535 15
4536 4671 4686 4687 15
4672 4537 4687 4671 15
4671 4537 4687 4536 15
4537 4672 4687 4688 15
4673 4538 4688 4672 15
4672 4538 4688 4537 15
4538 4673 4688 4689 15
4674 4539 4689 4673 15
4673 4539 4689 4538 15
4539 4674 4689 4690 15
4675 4540 4690 4674 15
4674 4540 4690 4539 15
4540 4675 4690 4691 15
4676 4541 4691 4675 15
4675 4541 4691 4540 15
4541 4676 4691 4692 15
4677 4542 4692 4676 15
4676 4542 4692 4541 15
4542 4677 4692 4693 15
4678 4543 4693 4677 15
4677 4543 4693 4542 15
4543 4678 4693 4694 15
4679 4544 4694 4678 15
4678 4544 4694 4543 15
4544 4679 4694 1998 15
1997 1988 1998 4679 15
4679 1988 1998 4544 15
488 498 489 4545 15
4680 4530 4545 488 15
498 488 4680 4545 15
4530 4680 4545 4546 15
4681 4531 4546 4530 15
4680 4530 4681 4546 15
4531 4681 4546 4547 15
4682 4532 4547 4531 15
4681 4531 4682 4547 15
4532 4682 4547 4548 15
4683 4533 4548 4532 15
4682 4532 4683 4548 15
4533 4683 4548 4549 15
4684 4534 4549 4533 15
4683 4533 4684 4549 15
4534 4684 4549 4550 15
4685 4535 4550 4534 15
4684 4534 4685 4550 15
4535 4685 4550 4551 15
4686 4536 4551 4535 15
4685 4535 4686 4551 15
4536 4686 4551 4552 15
4687 4537 4552 4536 15
4686 4536 4687 4552 15
4537 4687 4552 4553 15
4688 4538 4553 4537 15
4687 4537 4688 4553 15
4538 4688 4553 4554 15
4689 4539 4554 4538 15
4688 4538 4689 4554 15
4539 4689 4554 4555 15
4690 4540 4555 4539 15
4689 4539 4690 4555 15
4540 4690 4555 4556 15
4691 4541 4556 4540 15
4690 4540 4691 4556 15
4541 4691 4556 4557 15
4692 4542 4557 4541 15
4691 4541 4692 4557 15
4542 4692 4557 4558 15
4693 4543 4558 4542 15
4692 4542 4693 4558 15
4543 4693 4558 4559 15
4694 4544 4559 4543 15
4693 4543 4694 4559 15
4544 4694 4559 1989 15
1998 1988 1989 4544 15
4694 4544 1998 1989 15
489 498 499 4695 15
4680 4545 4695 498 15
498 4545 4695 489 15
4545 4680 4695 4696 15
4681 4546 4696 4680 15
4680 4546 4696 4545 15
4546 4681 4696 4697 15
4682 4547 4697 4681 15
4681 4547 4697 4546 15
4547 4682 4697 4698 15
4683 4548 4698 4682 15
4682 4548 4698 4547 15
4548 4683 4698 4699 15
4684 4549 4699 4683 15
4683 4549 4699 4548 15
4549 4684 4699 4700 15
4685 4550 4700 4684 15
4684 4550 4700 4549 15
4550 4685 4700 4701 15
4686 4551 4701 4685 15
4685 4551 4701 4550 15
4551 4686 4701 4702 15
4687 4552 4702 4686 15
4686 4552 4702 4551 15
4552 4687 4702 4703 15
4688 4553 4703 4687 15
4687 4553 4703 4552 15
4553 4688 4703 4704 15
4689 4554 4704 4688 15
4688 4554 4704 4553 15
4554 4689 4704 4705 15
4690 4555 4705 4689 15
4689 4555 4705 4554 15
4555 4690 4705 4706 15
4691 4556 4706 4690 15
4690 4556 4706 4555 15
4556 4691 4706 4707 15
4692 4557 4707 4691 15
4691 4557 4707 4556 15
4557 4692 4707 4708 15
4693 4558 4708 4692 15
4692 4558 4708 4557 15
4558 4693 4708 4709 15
4694 4559 4709 4693 15
4693 4559 4709 4558 15
4559 4694 4709 1999 15
1998 1989 1999 4694 15
4694 1989 1999 4559 15
489 499 490 4560 15
4695 4545 4560 489 15
499 489 4695 4560 15
4545 4695 4560 4561 15
4696 4546 4561 4545 15
4695 4545 4696 4561 15
4546 4696 4561 4562 15
4697 4547 4562 4546 15
4696 4546 4697 4562 15
4547 4697 4562 4563 15
4698 4548 4563 4547 15
4697 4547 4698 4563 15
4548 4698 4563 4564 15
4699 4549 4564 4548 15
4698 4548 4699 4564 15
4549 4699 4564 4565 15
4700 4550 4565 4549 15
4699 4549 4700 4565 15
4550 4700 4565 4566 15
4701 4551 4566 4550 15
4700 4550 4701 4566 15
4551 4701 4566 4567 15
4702 4552 4567 4551 15
4701 4551 4702 4567 15
4552 4702 4567 4568 15
4703 4553 4568 4552 15
4702 4552 4703 4568 15
4553 4703 4568 4569 15
4704 4554 4569 4553 15
4703 4553 4704 4569 15
4554 4704 4569 4570 15
4705 4555 4570 4554 15
4704 4554 4705 4570 15
4555 4705 4570 4571 15
4706 4556 4571 4555 15
4705 4555 4706 4571 15
4556 4706 4571 4572 15
4707 4557 4572 4556 15
4706 4556 4707 4572 15
4557 4707 4572 4573 15
4708 4558 4573 4557 15
4707 4557 4708 4573 15
4558 4708 4573 4574 15
4709 4559 4574 4558 15
4708 4558 4709 4574 15
4559 4709 4574 1990 15
1999 1989 1990 4559 15
4709 4559 1999 1990 15
490 499 500 4710 15
4695 4560 4710 499 15
499 4560 4710 490 15
4560 4695 4710 4711 15
4696 4561 4711 4695 15
4695 4561 4711 4560 15
4561 4696 4711 4712 15
4697 4562 4712 4696 15
4696 4562 4712 4561 15
4562 4697 4712 4713 15
4698 4563 4713 4697 15
4697 4563 4713 4562 15
4563 4698 4713 4714 15
4699 4564 4714 4698 15
4698 4564 4714 4563 15
4564 4699 4714 4715 15
4700 4565 4715 4699 15
4699 4565 4715 4564 15
4565 4700 4715 4716 15
4701 4566 4716 4700 15
4700 4566 4716 4565 15
4566 4701 4716 4717 15
4702 4567 4717 4701 15
4701 4567 4717 4566 15
4567 4702 4717 4718 15
4703 4568 4718 4702 15
4702 4568 4718 4567 15
4568 4703 4718 4719 15
4704 4569 4719 4703 15
4703 4569 4719 4568 15
4569 4704 4719 4720 15
4705 4570 4720 4704 15
4704 4570 4720 4569 15
4570 4705 4720 4721 15
4706 4571 4721 4705 15
4705 4571 4721 4570 15
4571 4706 4721 4722 15
4707 4572 4722 4706 15
4706 4572 4722 4571 15
4572 4707 4722 4723 15
4708 4573 4723 4707 15
4707 4573 4723 4572 15
4573 4708 4723 4724 15
4709 4574 4724 4708 15
4708 4574 4724 4573 15
4574 4709 4724 2000 15
1999 1990 2000 4709 15
4709 1990 2000 4574 15
490 500 491 4575 15
4710 4560 4575 490 15
500 490 4710 4575 15
4560 4710 4575 4576 15
4711 4561 4576 4560 15
4710 4560 4711 4576 15
4561 4711 4576 4577 15
4712 4562 4577 4561 15
4711 4561 4712 4577 15
4562 4712 4577 4578 15
4713 4563 4578 4562 15
4712 4562 4713 4578 15
4563 4713 4578 4579 15
4714 4564 4579 4563 15
4713 4563 4714 4579 15
4564 4714 4579 4580 15
4715 4565 4580 4564 15
4714 4564 4715 4580 15
4565 4715 4580 4581 15
4716 4566 4581 4565 15
4715 4565 4716 4581 15
4566 4716 4581 4582 15
4717 4567 4582 4566 15
4716 4566 4717 4582 15
4567 4717 4582 4583 15
4718 4568 4583 4567 15
4717 4567 4718 4583 15
4568 4718 4583 4584 15
4719 4569 4584 4568 15
4718 4568 4719 4584 15
4569 4719 4584 4585 15
4720 4570 4585 4569 15
4719 4569 4720 4585 15
4570 4720 4585 4586 15
4721 4571 4586 4570 15
4720 4570 4721 4586 15
4571 4721 4586 4587 15
4722 4572 4587 4571 15
4721 4571 4722 4587 15
4572 4722 4587 4588 15
4723 4573 4588 4572 15
4722 4572 4723 4588 15
4573 4723 4588 4589 15
4724 4574 4589 4573 15
4723 4573 4724 4589 15
4574 4724 4589 1991 15
2000 1990 1991 4574 15
4724 4574 2000 1991 15
491 500 501 4725 15
4710 4575 4725 500 15
500 4575 4725 491 15
4575 4710 4725 4726 15
4711 4576 4726 4710 15
4710 4576 4726 4575 15
4576 4711 4726 4727 15
4712 4577 4727 4711 15
4711 4577 4727 4576 15
4577 4712 4727 4728 15
4713 4578 4728 4712 15
4712 4578 4728 4577 15
4578 4713 4728 4729 15
4714 4579 4729 4713 15
4713 4579 4729 4578 15
4579 4714 4729 4730 15
4715 4580 4730 4714 15
4714 4580 4730 4579 15
4580 4715 4730 4731 15
4716 4581 4731 4715 15
4715 4581 4731 4580 15
4581 4716 4731 4732 15
4717 4582 4732 4716 15
4716 4582 4732 4581 15
4582 4717 4732 4733 15
4718 4583 4733 4717 15
4717 4583 4733 4582 15
4583 4718 4733 4734 15
4719 4584 4734 4718 15
4718 4584 4734 4583 15
4584 4719 4734 4735 15
4720 4585 4735 4719 15
4719 4585 4735 4584 15
4585 4720 4735 4736 15
4721 4586 4736 4720 15
4720 4586 4736 4585 15
4586 4721 4736 4737 15
4722 4587 4737 4721 15
4721 4587 4737 4586 15
4587 4722 4737 4738 15
4723 4588 4738 4722 15
4722 4588 4738 4587 15
4588 4723 4738 4739 15
4724 4589 4739 4723 15
4723 4589 4739 4588 15
4589 4724 4739 2001 15
2000 1991 2001 4724 15
4724 1991 2001 4589 15
491 501 492 4590 15
4725 4575 4590 491 15
501 491 4725 4590 15
4575 4725 4590 4591 15
4726 4576 4591 4575 15
4725 4575 4726 4591 15
4576 4726 4591 4592 15
4727 4577 4592 4576 15
4726 4576 4727 4592 15
4577 4727 4592 4593 15
4728 4578 4593 4577 15
4727 4577 4728 4593 15
4578 4728 4593 4594 15
4729 4579 4594 4578 15
4728 4578 4729 4594 15
4579 4729 4594 4595 15
4730 4580 4595 4579 15
4729 4579 4730 4595 15
4580 4730 4595 4596 15
4731 4581 4596 4580 15
4730 4580 4731 4596 15
4581 4731 4596 4597 15
4732 4582 4597 4581 15
4731 4581 4732 4597 15
4582 4732 4597 4598 15
4733 4583 4598 4582 15
4732 4582 4733 4598 15
4583 4733 4598 4599 15
4734 4584 4599 4583 15
4733 4583 4734 4599 15
4584 4734 4599 4600 15
4735 4585 4600 4584 15
4734 4584 4735 4600 15
4585 4735 4600 4601 15
4736 4586 4601 4585 15
4735 4585 4736 4601 15
4586 4736 4601 4602 15
4737 4587 4602 4586 15
4736 4586 4737 4602 15
4587 4737 4602 4603 15
4738 4588 4603 4587 15
4737 4587 4738 4603 15
4588 4738 4603 4604 15
4739 4589 4604 4588 15
4738 4588 4739 4604 15
4589 4739 4604 1992 15
2001 1991 1992 4589 15
4739 4589 2001 1992 15
492 501 502 4740 15
4725 4590 4740 501 15
501 4590 4740 492 15
4590 4725 4740 4741 15
4726 4591 4741 4725 15
4725 4591 4741 4590 15
4591 4726 4741 4742 15
4727 4592 4742 4726 15
4726 4592 4742 4591 15
4592 4727 4742 4743 15
4728 4593 4743 4727 15
4727 4593 4743 4592 15
4593 4728 4743 4744 15
4729 4594 4744 4728 15
4728 4594 4744 4593 15
4594 4729 4744 4745 15
4730 4595 4745 4729 15
4729 4595 4745 4594 15
4595 4730 4745 4746 15
4731 4596 4746 4730 15
4730 4596 4746 4595 15
4596 4731 4746 4747 15
4732 4597 4747 4731 15
4731 4597 4747 4596 15
4597 4732 4747 4748 15
4733 4598 4748 4732 15
4732 4598 4748 4597 15
4598 4733 4748 4749 15
4734 4599 4749 4733 15
4733 4599 4749 4598 15
4599 4734 4749 4750 15
4735 4600 4750 4734 15
4734 4600 4750 4599 15
4600 4735 4750 4751 15
4736 4601 4751 4735 15
4735 4601 4751 4600 15
4601 4736 4751 4752 15
4737 4602 4752 4736 15
4736 4602 4752 4601 15
4602 4737 4752 4753 15
4738 4603 4753 4737 15
4737 4603 4753 4602 15
4603 4738 4753 4754 15
4739 4604 4754 4738 15
4738 4604 4754 4603 15
4604 4739 4754 2002 15
2001 1992 2002 4739 15
4739 1992 2002 4604 15
492 502 493 4605 15
4740 4590 4605 492 15
502 492 4740 4605 15
4590 4740 4605 4606 15
4741 4591 4606 4590 15
4740 4590 4741 4606 15
4591 4741 4606 4607 15
4742 4592 4607 4591 15
4741 4591 4742 4607 15
4592 4742 4607 4608 15
4743 4593 4608 4592 15
4742 4592 4743 4608 15
4593 4743 4608 4609 15
4744 4594 4609 4593 15
4743 4593 4744 4609 15
4594 4744 4609 4610 15
4745 4595 4610 4594 15
4744 4594 4745 4610 15
4595 4745 4610 4611 15
4746 4596 4611 4595 15
4745 4595 4746 4611 15
4596 4746 4611 4612 15
4747 4597 4612 4596 15
4746 4596 4747 4612 15
4597 4747 4612 4613 15
4748 4598 4613 4597 15
4747 4597 4748 4613 15
4598 4748 4613 4614 15
4749 4599 4614 4598 15
4748 4598 4749 4614 15
4599 4749 4614 4615 15
4750 4600 4615 4599 15
4749 4599 4750 4615 15
4600 4750 4615 4616 15
4751 4601 4616 4600 15
4750 4600 4751 4616 15
4601 4751 4616 4617 15
4752 4602 4617 4601 15
4751 4601 4752 4617 15
4602 4752 4617 4618 15
4753 4603 4618 4602 15
4752 4602 4753 4618 15
4603 4753 4618 4619 15
4754 4604 4619 4603 15
4753 4603 4754 4619 15
4604 4754 4619 1993 15
2002 1992 1993 4604 15
4754 4604 2002 1993 15
493 502 503 4755 15
4740 4605 4755 502 15
502 4605 4755 493 15
4605 4740 4755 4756 15
4741 4606 4756 4740 15
4740 4606 4756 4605 15
4606 4741 4756 4757 15
4742 4607 4757 4741 15
4741 4607 4757 4606 15
4607 4742 4757 4758 15
4743 4608 4758 4742 15
4742 4608 4758 4607 15
4608 4743 4758 4759 15
4744 4609 4759 4743 15
4743 4609 4759 4608 15
4609 4744 4759 4760 15
4745 4610 4760 4744 15
4744 4610 4760 4609 15
4610 4745 4760 4761 15
4746 4611 4761 4745 15
4745 4611 4761 4610 15
4611 4746 4761 4762 15
4747 4612 4762 4746 15
4746 4612 4762 4611 15
4612 4747 4762 4763 15
4748 4613 4763 4747 15
4747 4613 4763 4612 15
4613 4748 4763 4764 15
4749 4614 4764 4748 15
4748 4614 4764 4613 15
4614 4749 4764 4765 15
4750 4615 4765 4749 15
4749 4615 4765 4614 15
4615 4750 4765 4766 15
4751 4616 4766 4750 15
4750 4616 4766 4615 15
4616 4751 4766 4767 15
4752 4617 4767 4751 15
4751 4617 4767 4616 15
4617 4752 4767 4768 15
4753 4618 4768 4752 15
4752 4618 4768 4617 15
4618 4753 4768 4769 15
4754 4619 4769 4753 15
4753 4619 4769 4618 15
4619 4754 4769 2003 15
2002 1993 2003 4754 15
4754 1993 2003 4619 15
493 503 494 4620 15
4755 4605 4620 493 15
503 493 4755 4620 15
4605 4755 4620 4621 15
4756 4606 4621 4605 15
4755 4605 4756 4621 15
4606 4756 4621 4622 15
4757 4607 4622 4606 15
4756 4606 4757 4622 15
4607 4757 4622 4623 15
4758 4608 4623 4607 15
4757 4607 4758 4623 15
4608 4758 4623 4624 15
4759 4609 4624 4608 15
4758 4608 4759 4624 15
4609 4759 4624 4625 15
4760 4610 4625 4609 15
4759 4609 4760 4625 15
4610 4760 4625 4626 15
4761 4611 4626 4610 15
4760 4610 4761 4626 15
4611 4761 4626 4627 15
4762 4612 4627 4611 15
4761 4611 4762 4627 15
4612 4762 4627 4628 15
4763 4613 4628 4612 15
4762 4612 4763 4628 15
4613 4763 4628 4629 15
4764 4614 4629 4613 15
4763 4613 4764 4629 15
4614 4764 4629 4630 15
4765 4615 4630 4614 15
4764 4614 4765 4630 15
4615 4765 4630 4631 15
4766 4616 4631 4615 15
4765 4615 4766 4631 15
4616 4766 4631 4632 15
4767 4617 4632 4616 15
4766 4616 4767 4632 15
4617 4767 4632 4633 15
4768 4618 4633 4617 15
4767 4617 4768 4633 15
4618 4768 4633 4634 15
4769 4619 4634 4618 15
4768 4618 4769 4634 15
4619 4769 4634 1994 15
2003 1993 1994 4619 15
4769 4619 2003 1994 15
494 503 504 4770 15
4755 4620 4770 503 15
503 4620 4770 494 15
4620 4755 4770 4771 15
4756 4621 4771 4755 15
4755 4621 4771 4620 15
4621 4756 4771 4772 15
4757 4622 4772 4756 15
4756 4622 4772 4621 15
4622 4757 4772 4773 15
4758 4623 4773 4757 15
4757 4623 4773 4622 15
4623 4758 4773 4774 15
4759 4624 4774 4758 15
4758 4624 4774 4623 15
4624 4759 4774 4775 15
4760 4625 4775 4759 15
4759 4625 4775 4624 15
4625 4760 4775 4776 15
4761 4626 4776 4760 15
4760 4626 4776 4625 15
4626 4761 4776 4777 15
4762 4627 4777 4761 15
4761 4627 4777 4626 15
4627 4762 4777 4778 15
4763 4628 4778 4762 15
4762 4628 4778 4627 15
4628 4763 4778 4779 15
4764 4629 4779 4763 15
4763 4629 4779 4628 15
4629 4764 4779 4780 15
4765 4630 4780 4764 15
4764 4630 4780 4629 15
4630 4765 4780 4781 15
4766 4631 4781 4765 15
4765 4631 4781 4630 15
4631 4766 4781 4782 15
4767 4632 4782 4766 15
4766 4632 4782 4631 15
4632 4767 4782 4783 15
4768 4633 4783 4767 15
4767 4633 4783 4632 15
4633 4768 4783 4784 15
4769 4634 4784 4768 15
4768 4634 4784 4633 15
4634 4769 4784 2004 15
2003 1994 2004 4769 15
4769 1994 2004 4634 15
494 504 117 1905 15
4770 4620 1905 494 15
504 494 4770 1905 15
4620 4770 1905 1906 15
4771 4621 1906 4620 15
4770 4620 4771 1906 15
4621 4771 1906 1907 15
4772 4622 1907 4621 15
4771 4621 4772 1907 15
4622 4772 1907 1908 15
4773 4623 1908 4622 15
4772 4622 4773 1908 15
4623 4773 1908 1909 15
4774 4624 1909 4623 15
4773 4623 4774 1909 15
4624 4774 1909 1910 15
4775 4625 1910 4624 15
4774 4624 4775 1910 15
4625 4775 1910 1911 15
4776 4626 1911 4625 15
4775 4625 4776 1911 15
4626 4776 1911 1912 15
4777 4627 1912 4626 15
4776 4626 4777 1912 15
4627 4777 1912 1913 15
4778 4628 1913 4627 15
4777 4627 4778 1913 15
4628 4778 1913 1914 15
4779 4629 1914 4628 15
4778 4628 4779 1914 15
4629 4779 1914 1915 15
4780 4630 1915 4629 15
4779 4629 4780 1915 15
4630 4780 1915 1916 15
4781 4631 1916 4630 15
4780 4630 4781 1916 15
4631 4781 1916 1917 15
4782 4632 1917 4631 15
4781 4631 4782 1917 15
4632 4782 1917 1918 15
4783 4633 1918 4632 15
4782 4632 4783 1918 15
4633 4783 1918 1919 15
4784 4634 1919 4633 15
4783 4633 4784 1919 15
4634 4784 1919 292 15
2004 1994 292 4634 15
4784 4634 2004 292 15
117 504 118 1920 15
4770 1905 1920 504 15
504 1905 1920 117 15
1905 4770 1920 1921 15
4771 1906 1921 4770 15
4770 1906 1921 1905 15
1906 4771 1921 1922 15
4772 1907 1922 4771 15
4771 1907 1922 1906 15
1907 4772 1922 1923 15
4773 1908 1923 4772 15
4772 1908 1923 1907 15
1908 4773 1923 1924 15
4774 1909 1924 4773 15
4773 1909 1924 1908 15
1909 4774 1924 1925 15
4775 1910 1925 4774 15
4774 1910 1925 1909 15
1910 4775 1925 1926 15
4776 1911 1926 4775 15
4775 1911 1926 1910 15
1911 4776 1926 1927 15
4777 1912 1927 4776 15
4776 1912 1927 1911 15
1912 4777 1927 1928 15
4778 1913 1928 4777 15
4777 1913 1928 1912 15
1913 4778 1928 1929 15
4779 1914 1929 4778 15
4778 1914 1929 1913 15
1914 4779 1929 1930 15
4780 1915 1930 4779 15
4779 1915 1930 1914 15
1915 4780 1930 1931 15
4781 1916 1931 4780 15
4780 1916 1931 1915 15
1916 4781 1931 1932 15
4782 1917 1932 4781 15
4781 1917 1932 1916 15
1917 4782 1932 1933 15
4783 1918 1933 4782 15
4782 1918 1933 1917 15
1918 4783 1933 1934 15
4784 1919 1934 4783 15
4783 1919 1934 1918 15
1919 4784 1934 291 15
2004 292 291 4784 15
4784 292 291 1919 15
112 113 495 4635 15
1485 1470 4635 112 15
113 112 1485 4635 15
1470 1485 4635 4636 15
1486 1471 4636 1470 15
1485 1470 1486 4636 15
1471 1486 4636 4637 15
1487 1472 4637 1471 15
1486 1471 1487 4637 15
1472 1487 4637 4638 15
1488 1473 4638 1472 15
1487 1472 1488 4638 15
1473 1488 4638 4639 15
1489 1474 4639 1473 15
1488 1473 1489 4639 15
1474 1489 4639 4640 15
1490 1475 4640 1474 15
1489 1474 1490 4640 15
1475 1490 4640 4641 15
1491 1476 4641 1475 15
1490 1475 1491 4641 15
1476 1491 4641 4642 15
1492 1477 4642 1476 15
1491 1476 1492 4642 15
1477 1492 4642 4643 15
1493 1478 4643 1477 15
1492 1477 1493 4643 15
1478 1493 4643 4644 15
1494 1479 4644 1478 15
1493 1478 1494 4644 15
1479 1494 4644 4645 15
1495 1480 4645 1479 15
1494 1479 1495 4645 15
1480 1495 4645 4646 15
1496 1481 4646 1480 15
1495 1480 1496 4646 15
1481 1496 4646 4647 15
1497 1482 4647 1481 15
1496 1481 1497 4647 15
1482 1497 4647 4648 15
1498 1483 4648 1482 15
1497 1482 1498 4648 15
1483 1498 4648 4649 15
1499 1484 4649 1483 15
1498 1483 1499 4649 15
1484 1499 4649 1995 15
234 235 1995 1484 15
1499 1484 234 1995 15
495 113 505 4785 15
1485 4635 4785 113 15
113 4635 4785 495 15
4635 1485 4785 4786 15
1486 4636 4786 1485 15
1485 4636 4786 4635 15
4636 1486 4786 4787 15
1487 4637 4787 1486 15
1486 4637 4787 4636 15
4637 1487 4787 4788 15
1488 4638 4788 1487 15
1487 4638 4788 4637 15
4638 1488 4788 4789 15
1489 4639 4789 1488 15
1488 4639 4789 4638 15
4639 1489 4789 4790 15
1490 4640 4790 1489 15
1489 4640 4790 4639 15
4640 1490 4790 4791 15
1491 4641 4791 1490 15
1490 4641 4791 4640 15
4641 1491 4791 4792 15
1492 4642 4792 1491 15
1491 4642 4792 4641 15
4642 1492 4792 4793 15
1493 4643 4793 1492 15
1492 4643 4793 4642 15
4643 1493 4793 4794 15
1494 4644 4794 1493 15
1493 4644 4794 4643 15
4644 1494 4794 4795 15
1495 4645 4795 1494 15
1494 4645 4795 4644 15
4645 1495 4795 4796 15
1496 4646 4796 1495 15
1495 4646 4796 4645 15
4646 1496 4796 4797 15
1497 4647 4797 1496 15
1496 4647 4797 4646 15
4647 1497 4797 4798 15
1498 4648 4798 1497 15
1497 4648 4798 4647 15
4648 1498 4798 4799 15
1499 4649 4799 1498 15
1498 4649 4799 4648 15
4649 1499 4799 2005 15
234 1995 2005 1499 15
1499 1995 2005 4649 15
495 505 496 4650 15
4785 4635 4650 495 15
505 495 4785 4650 15
4635 4785 4650 4651 15
4786 4636 4651 4635 15
4785 4635 4786 4651 15
4636 4786 4651 4652 15
4787 4637 4652 4636 15
4786 4636 4787 4652 15
4637 4787 4652 4653 15
4788 4638 4653 4637 15
4787 4637 4788 4653 15
4638 4788 4653 4654 15
4789 4639 4654 4638 15
4788 4638 4789 4654 15
4639 4789 4654 4655 15
4790 4640 4655 4639 15
4789 4639 4790 4655 15
4640 4790 4655 4656 15
4791 4641 4656 4640 15
4790 4640 4791 4656 15
4641 4791 4656 4657 15
4792 4642 4657 4641 15
4791 4641 4792 4657 15
4642 4792 4657 4658 15
4793 4643 4658 4642 15
4792 4642 4793 4658 15
4643 4793 4658 4659 15
4794 4644 4659 4643 15
4793 4643 4794 4659 15
4644 4794 4659 4660 15
4795 4645 4660 4644 15
4794 4644 4795 4660 15
4645 4795 4660 4661 15
4796 4646 4661 4645 15
4795 4645 4796 4661 15
4646 4796 4661 4662 15
4797 4647 4662 4646 15
4796 4646 4797 4662 15
4647 4797 4662 4663 15
4798 4648 4663 4647 15
4797 4647 4798 4663 15
4648 4798 4663 4664 15
4799 4649 4664 4648 15
4798 4648 4799 4664 15
4649 4799 4664 1996 15
2005 1995 1996 4649 15
4799 4649 2005 1996 15
496 505 506 4800 15
4785 4650 4800 505 15
505 4650 4800 496 15
4650 4785 4800 4801 15
4786 4651 4801 4785 15
4785 4651 4801 4650 15
4651 4786 4801 4802 15
4787 4652 4802 4786 15
4786 4652 4802 4651 15
4652 4787 4802 4803 15
4788 4653 4803 4787 15
4787 4653 4803 4652 15
4653 4788 4803 4804 15
4789 4654 4804 4788 15
4788 4654 4804 4653 15
4654 4789 4804 4805 15
4790 4655 4805 4789 15
4789 4655 4805 4654 15
4655 4790 4805 4806 15
4791 4656 4806 4790 15
4790 4656 4806 4655 15
4656 4791 4806 4807 15
4792 4657 4807 4791 15
4791 4657 4807 4656 15
4657 4792 4807 4808 15
4793 4658 4808 4792 15
4792 4658 4808 4657 15
4658 4793 4808 4809 15
4794 4659 4809 4793 15
4793 4659 4809 4658 15
4659 4794 4809 4810 15
4795 4660 4810 4794 15
4794 4660 4810 4659 15
4660 4795 4810 4811 15
4796 4661 4811 4795 15
4795 4661 4811 4660 15
4661 4796 4811 4812 15
4797 4662 4812 4796 15
4796 4662 4812 4661 15
4662 4797 4812 4813 15
4798 4663 4813 4797 15
4797 4663 4813 4662 15
4663 4798 4813 4814 15
4799 4664 4814 4798 15
4798 4664 4814 4663 15
4664 4799 4814 2006 15
2005 1996 2006 4799 15
4799 1996 2006 4664 15
496 506 497 4665 15
4800 4650 4665 496 15
506 496 4800 4665 15
4650 4800 4665 4666 15
4801 4651 4666 4650 15
4800 4650 4801 4666 15
4651 4801 4666 4667 15
4802 4652 4667 4651 15
4801 4651 4802 4667 15
4652 4802 4667 4668 15
4803 4653 4668 4652 15
4802 4652 4803 4668 15
4653 4803 4668 4669 15
4804 4654 4669 4653 15
4803 4653 4804 4669 15
4654 4804 4669 4670 15
4805 4655 4670 4654 15
4804 4654 4805 4670 15
4655 4805 4670 4671 15
4806 4656 4671 4655 15
4805 4655 4806 4671 15
4656 4806 4671 4672 15
4807 4657 4672 4656 15
4806 4656 4807 4672 15
4657 4807 4672 4673 15
4808 4658 4673 4657 15
4807 4657 4808 4673 15
4658 4808 4673 4674 15
4809 4659 4674 4658 15
4808 4658 4809 4674 15
4659 4809 4674 4675 15
4810 4660 4675 4659 15
4809 4659 4810 4675 15
4660 4810 4675 4676 15
4811 4661 4676 4660 15
4810 4660 4811 4676 15
4661 4811 4676 4677 15
4812 4662 4677 4661 15
4811 4661 4812 4677 15
4662 4812 4677 4678 15
4813 4663 4678 4662 15
4812 4662 4813 4678 15
4663 4813 4678 4679 15
4814 4664 4679 4663 15
4813 4663 4814 4679 15
4664 4814 4679 1997 15
2006 1996 1997 4664 15
4814 4664 2006 1997 15
497 506 507 4815 15
4800 4665 4815 506 15
506 4665 4815 497 15
4665 4800 4815 4816 15
4801 4666 4816 4800 15
4800 4666 4816 4665 15
4666 4801 4816 4817 15
4802 4667 4817 4801 15
4801 4667 4817 4666 15
4667 4802 4817 4818 15
4803 4668 4818 4802 15
4802 4668 4818 4667 15
4668 4803 4818 4819 15
4804 4669 4819 4803 15
4803 4669 4819 4668 15
4669 4804 4819 4820 15
4805 4670 4820 4804 15
4804 4670 4820 4669 15
4670 4805 4820 4821 15
4806 4671 4821 4805 15
4805 4671 4821 4670 15
4671 4806 4821 4822 15
4807 4672 4822 4806 15
4806 4672 4822 4671 15
4672 4807 4822 4823 15
4808 4673 4823 4807 15
4807 4673 4823 4672 15
4673 4808 4823 4824 15
4809 4674 4824 4808 15
4808 4674 4824 4673 15
4674 4809 4824 4825 15
4810 4675 4825 4809 15
4809 4675 4825 4674 15
4675 4810 4825 4826 15
4811 4676 4826 4810 15
4810 4676 4826 4675 15
4676 4811 4826 4827 15
4812 4677 4827 4811 15
4811 4677 4827 4676 15
4677 4812 4827 4828 15
4813 4678 4828 4812 15
4812 4678 4828 4677 15
4678 4813 4828 4829 15
4814 4679 4829 4813 15
4813 4679 4829 4678 15
4679 4814 4829 2007 15
2006 1997 2007 4814 15
4814 1997 2007 4679 15
497 507 498 4680 15
4815 4665 4680 497 15
507 497 4815 4680 15
4665 4815 4680 4681 15
4816 4666 4681 4665 15
4815 4665 4816 4681 15
4666 4816 4681 4682 15
4817 4667 4682 4666 15
4816 4666 4817 4682 15
4667 4817 4682 4683 15
4818 4668 4683 4667 15
4817 4667 4818 4683 15
4668 4818 4683 4684 15
4819 4669 4684 4668 15
4818 4668 4819 4684 15
4669 4819 4684 4685 15
4820 4670 4685 4669 15
4819 4669 4820 4685 15
4670 4820 4685 4686 15
4821 4671 4686 4670 15
4820 4670 4821 4686 15
4671 4821 4686 4687 15
4822 4672 4687 4671 15
4821 4671 4822 4687 15
4672 4822 4687 4688 15
4823 4673 4688 4672 15
4822 4672 4823 4688 15
4673 4823 4688 4689 15
4824 4674 4689 4673 15
4823 4673 4824 4689 15
4674 4824 4689 4690 15
4825 4675 4690 4674 15
4824 4674 4825 4690 15
4675 4825 4690 4691 15
4826 4676 4691 4675 15
4825 4675 4826 4691 15
4676 4826 4691 4692 15
4827 4677 4692 4676 15
4826 4676 4827 4692 15
4677 4827 4692 4693 15
4828 4678 4693 4677 15
4827 4677 4828 4693 15
4678 4828 4693 4694 15
4829 4679 4694 4678 15
4828 4678 4829 4694 15
4679 4829 4694 1998 15
2007 1997 1998 4679 15
4829 4679 2007 1998 15
498 507 508 4830 15
4815 4680 4830 507 15
507 4680 4830 498 15
4680 4815 4830 4831 15
4816 4681 4831 4815 15
4815 4681 4831 4680 15
4681 4816 4831 4832 15
4817 4682 4832 4816 15
4816 4682 4832 4681 15
4682 4817 4832 4833 15
4818 4683 4833 4817 15
4817 4683 4833 4682 15
4683 4818 4833 4834 15
4819 4684 4834 4818 15
4818 4684 4834 4683 15
4684 4819 4834 4835 15
4820 4685 4835 4819 15
4819 4685 4835 4684 15
4685 4820 4835 4836 15
4821 4686 4836 4820 15
4820 4686 4836 4685 15
4686 4821 4836 4837 15
4822 4687 4837 4821 15
4821 4687 4837 4686 15
4687 4822 4837 4838 15
4823 4688 4838 4822 15
4822 4688 4838 4687 15
4688 4823 4838 4839 15
4824 4689 4839 4823 15
4823 4689 4839 4688 15
4689 4824 4839 4840 15
4825 4690 4840 4824 15
4824 4690 4840 4689 15
4690 4825 4840 4841 15
4826 4691 4841 4825 15
4825 4691 4841 4690 15
4691 4826 4841 4842 15
4827 4692 4842 4826 15
4826 4692 4842 4691 15
4692 4827 4842 4843 15
4828 4693 4843 4827 15
4827 4693 4843 4692 15
4693 4828 4843 4844 15
4829 4694 4844 4828 15
4828 4694 4844 4693 15
4694 4829 4844 2008 15
2007 1998 2008 4829 15
4829 1998 2008 4694 15
498 508 499 4695 15
4830 4680 4695 498 15
508 498 4830 4695 15
4680 4830 4695 4696 15
4831 4681 4696 4680 15
4830 4680 4831 4696 15
4681 4831 4696 4697 15
4832 4682 4697 4681 15
4831 4681 4832 4697 15
4682 4832 4697 4698 15
4833 4683 4698 4682 15
4832 4682 4833 4698 15
4683 4833 4698 4699 15
4834 4684 4699 4683 15
4833 4683 4834 4699 15
4684 4834 4699 4700 15
4835 4685 4700 4684 15
4834 4684 4835 4700 15
4685 4835 4700 4701 15
4836 4686 4701 4685 15
4835 4685 4836 4701 15
4686 4836 4701 4702 15
4837 4687 4702 4686 15
4836 4686 4837 4702 15
4687 4837 4702 4703 15
4838 4688 4703 4687 15
4837 4687 4838 4703 15
4688 4838 4703 4704 15
4839 4689 4704 4688 15
4838 4688 4839 4704 15
4689 4839 4704 4705 15
4840 4690 4705 4689 15
4839 4689 4840 4705 15
4690 4840 4705 4706 15
4841 4691 4706 4690 15
4840 4690 4841 4706 15
4691 4841 4706 4707 15
4842 4692 4707 4691 15
4841 4691 4842 4707 15
4692 4842 4707 4708 15
4843 4693 4708 4692 15
4842 4692 4843 4708 15
4693 4843 4708 4709 15
4844 4694 4709 4693 15
4843 4693 4844 4709 15
4694 4844 4709 1999 15
2008 1998 1999 4694 15
4844 4694 2008 1999 15
499 508 509 4845 15
4830 4695 4845 508 15
508 4695 4845 499 15
4695 4830 4845 4846 15
4831 4696 4846 4830 15
4830 4696 4846 4695 15
4696 4831 4846 4847 15
4832 4697 4847 4831 15
4831 4697 4847 4696 15
4697 4832 4847 4848 15
4833 4698 4848 4832 15
4832 4698 4848 4697 15
4698 4833 4848 4849 15
4834 4699 4849 4833 15
4833 4699 4849 4698 15
4699 4834 4849 4850 15
4835 4700 4850 4834 15
4834 4700 4850 4699 15
4700 4835 4850 4851 15
4836 4701 4851 4835 15
4835 4701 4851 4700 15
4701 4836 4851 4852 15
4837 4702 4852 4836 15
4836 4702 4852 4701 15
4702 4837 4852 4853 15
4838 4703 4853 4837 15
4837 4703 4853 4702 15
4703 4838 4853 4854 15
4839 4704 4854 4838 15
4838 4704 4854 4703 15
4704 4839 4854 4855 15
4840 4705 4855 4839 15
4839 4705 4855 4704 15
4705 4840 4855 4856 15
4841 4706 4856 4840 15
4840 4706 4856 4705 15
4706 4841 4856 4857 15
4842 4707 4857 4841 15
4841 4707 4857 4706 15
4707 4842 4857 4858 15
4843 4708 4858 4842 15
4842 4708 4858 4707 15
4708 4843 4858 4859 15
4844 4709 4859 4843 15
4843 4709 4859 4708 15
4709 4844 4859 2009 15
2008 1999 2009 4844 15
4844 1999 2009 4709 15
499 509 500 4710 15
4845 4695 4710 499 15
509 499 4845 4710 15
4695 4845 4710 4711 15
4846 4696 4711 4695 15
4845 4695 4846 4711 15
4696 4846 4711 4712 15
4847 4697 4712 4696 15
4846 4696 4847 4712 15
4697 4847 4712 4713 15
4848 4698 4713 4697 15
4847 4697 4848 4713 15
4698 4848 4713 4714 15
4849 4699 4714 4698 15
4848 4698 4849 4714 15
4699 4849 4714 4715 15
4850 4700 4715 4699 15
4849 4699 4850 4715 15
4700 4850 4715 4716 15
4851 4701 4716 4700 15
4850 4700 4851 4716 15
4701 4851 4716 4717 15
4852 4702 4717 4701 15
4851 4701 4852 4717 15
4702 4852 4717 4718 15
4853 4703 4718 4702 15
4852 4702 4853 4718 15
4703 4853 4718 4719 15
4854 4704 4719 4703 15
4853 4703 4854 4719 15
4704 4854 4719 4720 15
4855 4705 4720 4704 15
4854 4704 4855 4720 15
4705 4855 4720 4721 15
4856 4706 4721 4705 15
4855 4705 4856 4721 15
4706 4856 4721 4722 15
4857 4707 4722 4706 15
4856 4706 4857 4722 15
4707 4857 4722 4723 15
4858 4708 4723 4707 15
4857 4707 4858 4723 15
4708 4858 4723 4724 15
4859 4709 4724 4708 15
4858 4708 4859 4724 15
4709 4859 4724 2000 15
2009 1999 2000 4709 15
4859 4709 2009 2000 15
500 509 510 4860 15
4845 4710 4860 509 15
509 4710 4860 500 15
4710 4845 4860 4861 15
4846 4711 4861 4845 15
4845 4711 4861 4710 15
4711 4846 4861 4862 15
4847 4712 4862 4846 15
4846 4712 4862 4711 15
4712 4847 4862 4863 15
4848 4713 4863 4847 15
4847 4713 4863 4712 15
4713 4848 4863 4864 15
4849 4714 4864 4848 15
4848 4714 4864 4713 15
4714 4849 4864 4865 15
4850 4715 4865 4849 15
4849 4715 4865 4714 15
4715 4850 4865 4866 15
4851 4716 4866 4850 15
4850 4716 4866 4715 15
4716 4851 4866 4867 15
4852 4717 4867 4851 15
4851 4717 4867 4716 15
4717 4852 4867 4868 15
4853 4718 4868 4852 15
4852 4718 4868 4717 15
4718 4853 4868 4869 15
4854 4719 4869 4853 15
4853 4719 4869 4718 15
4719 4854 4869 4870 15
4855 4720 4870 4854 15
4854 4720 4870 4719 15
4720 4855 4870 4871 15
4856 4721 4871 4855 15
4855 4721 4871 4720 15
4721 4856 4871 4872 15
4857 4722 4872 4856 15
4856 4722 4872 4721 15
4722 4857 4872 4873 15
4858 4723 4873 4857 15
4857 4723 4873 4722 15
4723 4858 4873 4874 15
4859 4724 4874 4858 15
4858 4724 4874 4723 15
4724 4859 4874 2010 15
2009 2000 2010 4859 15
4859 2000 2010 4724 15
500 510 501 4725 15
4860 4710 4725 500 15
510 500 4860 4725 15
4710 4860 4725 4726 15
4861 4711 4726 4710 15
4860 4710 4861 4726 15
4711 4861 4726 4727 15
4862 4712 4727 4711 15
4861 4711 4862 4727 15
4712 4862 4727 4728 15
4863 4713 4728 4712 15
4862 4712 4863 4728 15
4713 4863 4728 4729 15
4864 4714 4729 4713 15
4863 4713 4864 4729 15
4714 4864 4729 4730 15
4865 4715 4730 4714 15
4864 4714 4865 4730 15
4715 4865 4730 4731 15
4866 4716 4731 4715 15
4865 4715 4866 4731 15
4716 4866 4731 4732 15
4867 4717 4732 4716 15
4866 4716 4867 4732 15
4717 4867 4732 4733 15
4868 4718 4733 4717 15
4867 4717 4868 4733 15
4718 4868 4733 4734 15
4869 4719 4734 4718 15
4868 4718 4869 4734 15
4719 4869 4734 4735 15
4870 4720 4735 4719 15
4869 4719 4870 4735 15
4720 4870 4735 4736 15
4871 4721 4736 4720 15
4870 4720 4871 4736 15
4721 4871 4736 4737 15
4872 4722 4737 4721 15
4871 4721 4872 4737 15
4722 4872 4737 4738 15
4873 4723 4738 4722 15
4872 4722 4873 4738 15
4723 4873 4738 4739 15
4874 4724 4739 4723 15
4873 4723 4874 4739 15
4724 4874 4739 2001 15
2010 2000 2001 4724 15
4874 4724 2010 2001 15
501 510 511 4875 15
4860 4725 4875 510 15
510 4725 4875 501 15
4725 4860 4875 4876 15
4861 4726 4876 4860 15
4860 4726 4876 4725 15
4726 4861 4876 4877 15
4862 4727 4877 4861 15
4861 4727 4877 4726 15
4727 4862 4877 4878 15
4863 4728 4878 4862 15
4862 4728 4878 4727 15
4728 4863 4878 4879 15
4864 4729 4879 4863 15
4863 4729 4879 4728 15
4729 4864 4879 4880 15
4865 4730 4880 4864 15
4864 4730 4880 4729 15
4730 4865 4880 4881 15
4866 4731 4881 4865 15
4865 4731 4881 4730 15
4731 4866 4881 4882 15
4867 4732 4882 4866 15
4866 4732 4882 4731 15
4732 4867 4882 4883 15
4868 4733 4883 4867 15
4867 4733 4883 4732 15
4733 4868 4883 4884 15
4869 4734 4884 4868 15
4868 4734 4884 4733 15
4734 4869 4884 4885 15
4870 4735 4885 4869 15
4869 4735 4885 4734 15
4735 4870 4885 4886 15
4871 4736 4886 4870 15
4870 4736 4886 4735 15
4736 4871 4886 4887 15
4872 4737 4887 4871 15
4871 4737 4887 4736 15
4737 4872 4887 4888 15
4873 4738 4888 4872 15
4872 4738 4888 4737 15
4738 4873 4888 4889 15
4874 4739 4889 4873 15
4873 4739 4889 4738 15
4739 4874 4889 2011 15
2010 2001 2011 4874 15
4874 2001 2011 4739 15
501 511 502 4740 15
4875 4725 4740 501 15
511 501 4875 4740 15
4725 4875 4740 4741 15
4876 4726 4741 4725 15
4875 4725 4876 4741 15
4726 4876 4741 4742 15
4877 4727 4742 4726 15
4876 4726 4877 4742 15
4727 4877 4742 4743 15
4878 4728 4743 4727 15
4877 4727 4878 4743 15
4728 4878 4743 4744 15
4879 4729 4744 4728 15
4878 4728 4879 4744 15
4729 4879 4744 4745 15
4880 4730 4745 4729 15
4879 4729 4880 4745 15
4730 4880 4745 4746 15
4881 4731 4746 4730 15
4880 4730 4881 4746 15
4731 4881 4746 4747 15
4882 4732 4747 4731 15
4881 4731 4882 4747 15
4732 4882 4747 4748 15
4883 4733 4748 4732 15
4882 4732 4883 4748 15
4733 4883 4748 4749 15
4884 4734 4749 4733 15
4883 4733 4884 4749 15
4734 4884 4749 4750 15
4885 4735 4750 4734 15
4884 4734 4885 4750 15
4735 4885 4750 4751 15
4886 4736 4751 4735 15
4885 4735 4886 4751 15
4736 4886 4751 4752 15
4887 4737 4752 4736 15
4886 4736 4887 4752 15
4737 4887 4752 4753 15
4888 4738 4753 4737 15
4887 4737 4888 4753 15
4738 4888 4753 4754 15
4889 4739 4754 4738 15
4888 4738 4889 4754 15
4739 4889 4754 2002 15
2011 2001 2002 4739 15
4889 4739 2011 2002 15
502 511 512 4890 15
4875 4740 4890 511 15
511 4740 4890 502 15
4740 4875 4890 4891 15
4876 4741 4891 4875 15
4875 4741 4891 4740 15
4741 4876 4891 4892 15
4877 4742 4892 4876 15
4876 4742 4892 4741 15
4742 4877 4892 4893 15
4878 4743 4893 4877 15
4877 4743 4893 4742 15
4743 4878 4893 4894 15
4879 4744 4894 4878 15
4878 4744 4894 4743 15
4744 4879 4894 4895 15
4880 4745 4895 4879 15
4879 4745 4895 4744 15
4745 4880 4895 4896 15
4881 4746 4896 4880 15
4880 4746 4896 4745 15
4746 4881 4896 4897 15
4882 4747 4897 4881 15
4881 4747 4897 4746 15
4747 4882 4897 4898 15
4883 4748 4898 4882 15
4882 4748 4898 4747 15
4748 4883 4898 4899 15
4884 4749 4899 4883 15
4883 4749 4899 4748 15
4749 4884 4899 4900 15
4885 4750 4900 4884 15
4884 4750 4900 4749 15
4750 4885 4900 4901 15
4886 4751 4901 4885 15
4885 4751 4901 4750 15
4751 4886 4901 4902 15
4887 4752 4902 4886 15
4886 4752 4902 4751 15
4752 4887 4902 4903 15
4888 4753 4903 4887 15
4887 4753 4903 4752 15
4753 4888 4903 4904 15
4889 4754 4904 4888 15
4888 4754 4904 4753 15
4754 4889 4904 2012 15
2011 2002 2012 4889 15
4889 2002 2012 4754 15
502 512 503 4755 15
4890 4740 4755 502 15
512 502 4890 4755 15
4740 4890 4755 4756 15
4891 4741 4756 4740 15
4890 4740 4891 4756 15
4741 4891 4756 4757 15
4892 4742 4757 4741 15
4891 4741 4892 4757 15
4742 4892 4757 4758 15
4893 4743 4758 4742 15
4892 4742 4893 4758 15
4743 4893 4758 4759 15
4894 4744 4759 4743 15
4893 4743 4894 4759 15
4744 4894 4759 4760 15
4895 4745 4760 4744 15
4894 4744 4895 4760 15
4745 4895 4760 4761 15
4896 4746 4761 4745 15
4895 4745 4896 4761 15
4746 4896 4761 4762 15
4897 4747 4762 4746 15
4896 4746 4897 4762 15
4747 4897 4762 4763 15
4898 4748 4763 4747 15
4897 4747 4898 4763 15
4748 4898 4763 4764 15
4899 4749 4764 4748 15
4898 4748 4899 4764 15
4749 4899 4764 4765 15
4900 4750 4765 4749 15
4899 4749 4900 4765 15
4750 4900 4765 4766 15
4901 4751 4766 4750 15
4900 4750 4901 4766 15
4751 4901 4766 4767 15
4902 4752 4767 4751 15
4901 4751 4902 4767 15
4752 4902 4767 4768 15
4903 4753 4768 4752 15
4902 4752 4903 4768 15
4753 4903 4768 4769 15
4904 4754 4769 4753 15
4903 4753 4904 4769 15
4754 4904 4769 2003 15
2012 2002 2003 4754 15
4904 4754 2012 2003 15
503 512 513 4905 15
4890 4755 4905 512 15
512 4755 4905 503 15
4755 4890 4905 4906 15
4891 4756 4906 4890 15
4890 4756 4906 4755 15
4756 4891 4906 4907 15
4892 4757 4907 4891 15
4891 4757 4907 4756 15
4757 4892 4907 4908 15
4893 4758 4908 4892 15
4892 4758 4908 4757 15
4758 4893 4908 4909 15
4894 4759 4909 4893 15
4893 4759 4909 4758 15
4759 4894 4909 4910 15
4895 4760 4910 4894 15
4894 4760 4910 4759 15
4760 4895 4910 4911 15
4896 4761 4911 4895 15
4895 4761 4911 4760 15
4761 4896 4911 4912 15
4897 4762 4912 4896 15
4896 4762 4912 4761 15
4762 4897 4912 4913 15
4898 4763 4913 4897 15
4897 4763 4913 4762 15
4763 4898 4913 4914 15
4899 4764 4914 4898 15
4898 4764 4914 4763 15
4764 4899 4914 4915 15
4900 4765 4915 4899 15
4899 4765 4915 4764 15
4765 4900 4915 4916 15
4901 4766 4916 4900 15
4900 4766 4916 4765 15
4766 4901 4916 4917 15
4902 4767 4917 4901 15
4901 4767 4917 4766 15
4767 4902 4917 4918 15
4903 4768 4918 4902 15
4902 4768 4918 4767 15
4768 4903 4918 4919 15
4904 4769 4919 4903 15
4903 4769 4919 4768 15
4769 4904 4919 2013 15
2012 2003 2013 4904 15
4904 2003 2013 4769 15
503 513 504 4770 15
4905 4755 4770 503 15
513 503 4905 4770 15
4755 4905 4770 4771 15
4906 4756 4771 4755 15
4905 4755 4906 4771 15
4756 4906 4771 4772 15
4907 4757 4772 4756 15
4906 4756 4907 4772 15
4757 4907 4772 4773 15
4908 4758 4773 4757 15
4907 4757 4908 4773 15
4758 4908 4773 4774 15
4909 4759 4774 4758 15
4908 4758 4909 4774 15
4759 4909 4774 4775 15
4910 4760 4775 4759 15
4909 4759 4910 4775 15
4760 4910 4775 4776 15
4911 4761 4776 4760 15
4910 4760 4911 4776 15
4761 4911 4776 4777 15
4912 4762 4777 4761 15
4911 4761 4912 4777 15
4762 4912 4777 4778 15
4913 4763 4778 4762 15
4912 4762 4913 4778 15
4763 4913 4778 4779 15
4914 4764 4779 4763 15
4913 4763 4914 4779 15
4764 4914 4779 4780 15
4915 4765 4780 4764 15
4914 4764 4915 4780 15
4765 4915 4780 4781 15
4916 4766 4781 4765 15
4915 4765 4916 4781 15
4766 4916 4781 4782 15
4917 4767 4782 4766 15
4916 4766 4917 4782 15
4767 4917 4782 4783 15
4918 4768 4783 4767 15
4917 4767 4918 4783 15
4768 4918 4783 4784 15
4919 4769 4784 4768 15
4918 4768 4919 4784 15
4769 4919 4784 2004 15
2013 2003 2004 4769 15
4919 4769 2013 2004 15
504 513 514 4920 15
4905 4770 4920 513 15
513 4770 4920 504 15
4770 4905 4920 4921 15
4906 4771 4921 4905 15
4905 4771 4921 4770 15
4771 4906 4921 4922 15
4907 4772 4922 4906 15
4906 4772 4922 4771 15
4772 4907 4922 4923 15
4908 4773 4923 4907 15
4907 4773 4923 4772 15
4773 4908 4923 4924 15
4909 4774 4924 4908 15
4908 4774 4924 4773 15
4774 4909 4924 4925 15
4910 4775 4925 4909 15
4909 4775 4925 4774 15
4775 4910 4925 4926 15
4911 4776 4926 4910 15
4910 4776 4926 4775 15
4776 4911 4926 4927 15
4912 4777 4927 4911 15
4911 4777 4927 4776 15
4777 4912 4927 4928 15
4913 4778 4928 4912 15
4912 4778 4928 4777 15
4778 4913 4928 4929 15
4914 4779 4929 4913 15
4913 4779 4929 4778 15
4779 4914 4929 4930 15
4915 4780 4930 4914 15
4914 4780 4930 4779 15
4780 4915 4930 4931 15
4916 4781 4931 4915 15
4915 4781 4931 4780 15
4781 4916 4931 4932 15
4917 4782 4932 4916 15
4916 4782 4932 4781 15
4782 4917 4932 4933 15
4918 4783 4933 4917 15
4917 4783 4933 4782 15
4783 4918 4933 4934 15
4919 4784 4934 4918 15
4918 4784 4934 4783 15
4784 4919 4934 2014 15
2013 2004 2014 4919 15
4919 2004 2014 4784 15
504 514 118 1920 15
4920 4770 1920 504 15
514 504 4920 1920 15
4770 4920 1920 1921 15
4921 4771 1921 4770 15
4920 4770 4921 1921 15
4771 4921 1921 1922 15
4922 4772 1922 4771 15
4921 4771 4922 1922 15
4772 4922 1922 1923 15
4923 4773 1923 4772 15
4922 4772 4923 1923 15
4773 4923 1923 1924 15
4924 4774 1924 4773 15
4923 4773 4924 1924 15
4774 4924 1924 1925 15
4925 4775 1925 4774 15
4924 4774 4925 1925 15
4775 4925 1925 1926 15
4926 4776 1926 4775 15
4925 4775 4926 1926 15
4776 4926 1926 1927 15
4927 4777 1927 4776 15
4926 4776 4927 1927 15
4777 4927 1927 1928 15
4928 4778 1928 4777 15
4927 4777 4928 1928 15
4778 4928 1928 1929 15
4929 4779 1929 4778 15
4928 4778 4929 1929 15
4779 4929 1929 1930 15
4930 4780 1930 4779 15
4929 4779 4930 1930 15
4780 4930 1930 1931 15
4931 4781 1931 4780 15
4930 4780 4931 1931 15
4781 4931 1931 1932 15
4932 4782 1932 4781 15
4931 4781 4932 1932 15
4782 4932 1932 1933 15
4933 4783 1933 4782 15
4932 4782 4933 1933 15
4783 4933 1933 1934 15
4934 4784 1934 4783 15
4933 4783 4934 1934 15
4784 4934 1934 291 15
2014 2004 291 4784 15
4934 4784 2014 291 15
118 514 119 1935 15
4920 1920 1935 514 15
514 1920 1935 118 15
1920 4920 1935 1936 15
4921 1921 1936 4920 15
4920 1921 1936 1920 15
1921 4921 1936 1937 15
4922 1922 1937 4921 15
4921 1922 1937 1921 15
1922 4922 1937 1938 15
4923 1923 1938 4922 15
4922 1923 1938 1922 15
1923 4923 1938 1939 15
4924 1924 1939 4923 15
4923 1924 1939 1923 15
1924 4924 1939 1940 15
4925 1925 1940 4924 15
4924 1925 1940 1924 15
1925 4925 1940 1941 15
4926 1926 1941 4925 15
4925 1926 1941 1925 15
1926 4926 1941 1942 15
4927 1927 1942 4926 15
4926 1927 1942 1926 15
1927 4927 1942 1943 15
4928 1928 1943 4927 15
4927 1928 1943 1927 15
1928 4928 1943 1944 15
4929 1929 1944 4928 15
4928 1929 1944 1928 15
1929 4929 1944 1945 15
4930 1930 1945 4929 15
4929 1930 1945 1929 15
1930 4930 1945 1946 15
4931 1931 1946 4930 15
4930 1931 1946 1930 15
1931 4931 1946 1947 15
4932 1932 1947 4931 15
4931 1932 1947 1931 15
1932 4932 1947 1948 15
4933 1933 1948 4932 15
4932 1933 1948 1932 15
1933 4933 1948 1949 15
4934 1934 1949 4933 15
4933 1934 1949 1933 15
1934 4934 1949 290 15
2014 291 290 4934 15
4934 291 290 1934 15
113 114 505 4785 15
1500 1485 4785 113 15
114 113 1500 4785 15
1485 1500 4785 4786 15
1501 1486 4786 1485 15
1500 1485 1501 4786 15
1486 1501 4786 4787 15
1502 1487 4787 1486 15
1501 1486 1502 4787 15
1487 1502 4787 4788 15
1503 1488 4788 1487 15
1502 1487 1503 4788 15
1488 1503 4788 4789 15
1504 1489 4789 1488 15
1503 1488 1504 4789 15
1489 1504 4789 4790 15
1505 1490 4790 1489 15
1504 1489 1505 4790 15
1490 1505 4790 4791 15
1506 1491 4791 1490 15
1505 1490 1506 4791 15
1491 1506 4791 4792 15
1507 1492 4792 1491 15
1506 1491 1507 4792 15
1492 1507 4792 4793 15
1508 1493 4793 1492 15
1507 1492 1508 4793 15
1493 1508 4793 4794 15
1509 1494 4794 1493 15
1508 1493 1509 4794 15
1494 1509 4794 4795 15
1510 1495 4795 1494 15
1509 1494 1510 4795 15
1495 1510 4795 4796 15
1511 1496 4796 1495 15
1510 1495 1511 4796 15
1496 1511 4796 4797 15
1512 1497 4797 1496 15
1511 1496 1512 4797 15
1497 1512 4797 4798 15
1513 1498 4798 1497 15
1512 1497 1513 4798 15
1498 1513 4798 4799 15
1514 1499 4799 1498 15
1513 1498 1514 4799 15
1499 1514 4799 2005 15
233 234 2005 1499 15
1514 1499 233 2005 15
505 114 515 4935 15
1500 4785 4935 114 15
114 4785 4935 505 15
4785 1500 4935 4936 15
1501 4786 4936 1500 15
1500 4786 4936 4785 15
4786 1501 4936 4937 15
1502 4787 4937 1501 15
1501 4787 4937 4786 15
4787 1502 4937 4938 15
1503 4788 4938 1502 15
1502 4788 4938 4787 15
4788 1503 4938 4939 15
1504 4789 4939 1503 15
1503 4789 4939 4788 15
4789 1504 4939 4940 15
1505 4790 4940 1504 15
1504 4790 4940 4789 15
4790 1505 4940 4941 15
1506 4791 4941 1505 15
1505 4791 4941 4790 15
4791 1506 4941 4942 15
1507 4792 4942 1506 15
1506 4792 4942 4791 15
4792 1507 4942 4943 15
1508 4793 4943 1507 15
1507 4793 4943 4792 15
4793 1508 4943 4944 15
1509 4794 4944 1508 15
1508 4794 4944 4793 15
4794 1509 4944 4945 15
1510 4795 4945 1509 15
1509 4795 4945 4794 15
4795 1510 4945 4946 15
1511 4796 4946 1510 15
1510 4796 4946 4795 15
4796 1511 4946 4947 15
1512 4797 4947 1511 15
1511 4797 4947 4796 15
4797 1512 4947 4948 15
1513 4798 4948 1512 15
1512 4798 4948 4797 15
4798 1513 4948 4949 15
1514 4799 4949 1513 15
1513 4799 4949 4798 15
4799 1514 4949 2015 15
233 2005 2015 1514 15
1514 2005 2015 4799 15
505 515 506 4800 15
4935 4785 4800 505 15
515 505 4935 4800 15
4785 4935 4800 4801 15
4936 4786 4801 4785 15
4935 4785 4936 4801 15
4786 4936 4801 4802 15
4937 4787 4802 4786 15
4936 4786 4937 4802 15
4787 4937 4802 4803 15
4938 4788 4803 4787 15
4937 4787 4938 4803 15
4788 4938 4803 4804 15
4939 4789 4804 4788 15
4938 4788 4939 4804 15
4789 4939 4804 4805 15
4940 4790 4805 4789 15
4939 4789 4940 4805 15
4790 4940 4805 4806 15
4941 4791 4806 4790 15
4940 4790 4941 4806 15
4791 4941 4806 4807 15
4942 4792 4807 4791 15
4941 4791 4942 4807 15
4792 4942 4807 4808 15
4943 4793 4808 4792 15
4942 4792 4943 4808 15
4793 4943 4808 4809 15
4944 4794 4809 4793 15
4943 4793 4944 4809 15
4794 4944 4809 4810 15
4945 4795 4810 4794 15
4944 4794 4945 4810 15
4795 4945 4810 4811 15
4946 4796 4811 4795 15
4945 4795 4946 4811 15
4796 4946 4811 4812 15
4947 4797 4812 4796 15
4946 4796 4947 4812 15
4797 4947 4812 4813 15
4948 4798 4813 4797 15
4947 4797 4948 4813 15
4798 4948 4813 4814 15
4949 4799 4814 4798 15
4948 4798 4949 4814 15
4799 4949 4814 2006 15
2015 2005 2006 4799 15
4949 4799 2015 2006 15
506 515 516 4950 15
4935 4800 4950 515 15
515 4800 4950 506 15
4800 4935 4950 4951 15
4936 4801 4951 4935 15
4935 4801 4951 4800 15
4801 4936 4951 4952 15
4937 4802 4952 4936 15
4936 4802 4952 4801 15
4802 4937 4952 4953 15
4938 4803 4953 4937 15
4937 4803 4953 4802 15
4803 4938 4953 4954 15
4939 4804 4954 4938 15
4938 4804 4954 4803 15
4804 4939 4954 4955 15
4940 4805 4955 4939 15
4939 4805 4955 4804 15
4805 4940 4955 4956 15
4941 4806 4956 4940 15
4940 4806 4956 4805 15
4806 4941 4956 4957 15
4942 4807 4957 4941 15
4941 4807 4957 4806 15
4807 4942 4957 4958 15
4943 4808 4958 4942 15
4942 4808 4958 4807 15
4808 4943 4958 4959 15
4944 4809 4959 4943 15
4943 4809 4959 4808 15
4809 4944 4959 4960 15
4945 4810 4960 4944 15
4944 4810 4960 4809 15
4810 4945 4960 4961 15
4946 4811 4961 4945 15
4945 4811 4961 4810 15
4811 4946 4961 4962 15
4947 4812 4962 4946 15
4946 4812 4962 4811 15
4812 4947 4962 4963 15
4948 4813 4963 4947 15
4947 4813 4963 4812 15
4813 4948 4963 4964 15
4949 4814 4964 4948 15
4948 4814 4964 4813 15
4814 4949 4964 2016 15
2015 2006 2016 4949 15
4949 2006 2016 4814 15
506 516 507 4815 15
4950 4800 4815 506 15
516 506 4950 4815 15
4800 4950 4815 4816 15
4951 4801 4816 4800 15
4950 4800 4951 4816 15
4801 4951 4816 4817 15
4952 4802 4817 4801 15
4951 4801 4952 4817 15
4802 4952 4817 4818 15
4953 4803 4818 4802 15
4952 4802 4953 4818 15
4803 4953 4818 4819 15
4954 4804 4819 4803 15
4953 4803 4954 4819 15
4804 4954 4819 4820 15
4955 4805 4820 4804 15
4954 4804 4955 4820 15
4805 4955 4820 4821 15
4956 4806 4821 4805 15
4955 4805 4956 4821 15
4806 4956 4821 4822 15
4957 4807 4822 4806 15
4956 4806 4957 4822 15
4807 4957 4822 4823 15
4958 4808 4823 4807 15
4957 4807 4958 4823 15
4808 4958 4823 4824 15
4959 4809 4824 4808 15
4958 4808 4959 4824 15
4809 4959 4824 4825 15
4960 4810 4825 4809 15
4959 4809 4960 4825 15
4810 4960 4825 4826 15
4961 4811 4826 4810 15
4960 4810 4961 4826 15
4811 4961 4826 4827 15
4962 4812 4827 4811 15
4961 4811 4962 4827 15
4812 4962 4827 4828 15
4963 4813 4828 4812 15
4962 4812 4963 4828 15
4813 4963 4828 4829 15
4964 4814 4829 4813 15
4963 4813 4964 4829 15
4814 4964 4829 2007 15
2016 2006 2007 4814 15
4964 4814 2016 2007 15
507 516 517 4965 15
4950 4815 4965 516 15
516 4815 4965 507 15
4815 4950 4965 4966 15
4951 4816 4966 4950 15
4950 4816 4966 4815 15
4816 4951 4966 4967 15
4952 4817 4967 4951 15
4951 4817 4967 4816 15
4817 4952 4967 4968 15
4953 4818 4968 4952 15
4952 4818 4968 4817 15
4818 4953 4968 4969 15
4954 4819 4969 4953 15
4953 4819 4969 4818 15
4819 4954 4969 4970 15
4955 4820 4970 4954 15
4954 4820 4970 4819 15
4820 4955 4970 4971 15
4956 4821 4971 4955 15
4955 4821 4971 4820 15
4821 4956 4971 4972 15
4957 4822 4972 4956 15
4956 4822 4972 4821 15
4822 4957 4972 4973 15
4958 4823 4973 4957 15
4957 4823 4973 4822 15
4823 4958 4973 4974 15
4959 4824 4974 4958 15
4958 4824 4974 4823 15
4824 4959 4974 4975 15
4960 4825 4975 4959 15
4959 4825 4975 4824 15
4825 4960 4975 4976 15
4961 4826 4976 4960 15
4960 4826 4976 4825 15
4826 4961 4976 4977 15
4962 4827 4977 4961 15
4961 4827 4977 4826 15
4827 4962 4977 4978 15
4963 4828 4978 4962 15
4962 4828 4978 4827 15
4828 4963 4978 4979 15
4964 4829 4979 4963 15
4963 4829 4979 4828 15
4829 4964 4979 2017 15
2016 2007 2017 4964 15
4964 2007 2017 4829 15
507 517 508 4830 15
4965 4815 4830 507 15
517 507 4965 4830 15
4815 4965 4830 4831 15
4966 4816 4831 4815 15
4965 4815 4966 4831 15
4816 4966 4831 4832 15
4967 4817 4832 4816 15
4966 4816 4967 4832 15
4817 4967 4832 4833 15
4968 4818 4833 4817 15
4967 4817 4968 4833 15
4818 4968 4833 4834 15
4969 4819 4834 4818 15
4968 4818 4969 4834 15
4819 4969 4834 4835 15
4970 4820 4835 4819 15
4969 4819 4970 4835 15
4820 4970 4835 4836 15
4971 4821 4836 4820 15
4970 4820 4971 4836 15
4821 4971 4836 4837 15
4972 4822 4837 4821 15
4971 4821 4972 4837 15
4822 4972 4837 4838 15
4973 4823 4838 4822 15
4972 4822 4973 4838 15
4823 4973 4838 4839 15
4974 4824 4839 4823 15
4973 4823 4974 4839 15
4824 4974 4839 4840 15
4975 4825 4840 4824 15
4974 4824 4975 4840 15
4825 4975 4840 4841 15
4976 4826 4841 4825 15
4975 4825 4976 4841 15
4826 4976 4841 4842 15
4977 4827 4842 4826 15
4976 4826 4977 4842 15
4827 4977 4842 4843 15
4978 4828 4843 4827 15
4977 4827 4978 4843 15
4828 4978 4843 4844 15
4979 4829 4844 4828 15
4978 4828 4979 4844 15
4829 4979 4844 2008 15
2017 2007 2008 4829 15
4979 4829 2017 2008 15
508 517 518 4980 15
4965 4830 4980 517 15
517 4830 4980 508 15
4830 4965 4980 4981 15
4966 4831 4981 4965 15
4965 4831 4981 4830 15
4831 4966 4981 4982 15
4967 4832 4982 4966 15
4966 4832 4982 4831 15
4832 4967 4982 4983 15
4968 4833 4983 4967 15
4967 4833 4983 4832 15
4833 4968 4983 4984 15
4969 4834 4984 4968 15
4968 4834 4984 4833 15
4834 4969 4984 4985 15
4970 4835 4985 4969 15
4969 4835 4985 4834 15
4835 4970 4985 4986 15
4971 4836 4986 4970 15
4970 4836 4986 4835 15
4836 4971 4986 4987 15
4972 4837 4987 4971 15
4971 4837 4987 4836 15
4837 4972 4987 4988 15
4973 4838 4988 4972 15
4972 4838 4988 4837 15
4838 4973 4988 4989 15
4974 4839 4989 4973 15
4973 4839 4989 4838 15
4839 4974 4989 4990 15
4975 4840 4990 4974 15
4974 4840 4990 4839 15
4840 4975 4990 4991 15
4976 4841 4991 4975 15
4975 4841 4991 4840 15
4841 4976 4991 4992 15
4977 4842 4992 4976 15
4976 4842 4992 4841 15
4842 4977 4992 4993 15
4978 4843 4993 4977 15
4977 4843 4993 4842 15
4843 4978 4993 4994 15
4979 4844 4994 4978 15
4978 4844 4994 4843 15
4844 4979 4994 2018 15
2017 2008 2018 4979 15
4979 2008 2018 4844 15
508 518 509 4845 15
4980 4830 4845 508 15
518 508 4980 4845 15
4830 4980 4845 4846 15
4981 4831 4846 4830 15
4980 4830 4981 4846 15
4831 4981 4846 4847 15
4982 4832 4847 4831 15
4981 4831 4982 4847 15
4832 4982 4847 4848 15
4983 4833 4848 4832 15
4982 4832 4983 4848 15
4833 4983 4848 4849 15
4984 4834 4849 4833 15
4983 4833 4984 4849 15
4834 4984 4849 4850 15
4985 4835 4850 4834 15
4984 4834 4985 4850 15
4835 4985 4850 4851 15
4986 4836 4851 4835 15
4985 4835 4986 4851 15
4836 4986 4851 4852 15
4987 4837 4852 4836 15
4986 4836 4987 4852 15
4837 4987 4852 4853 15
4988 4838 4853 4837 15
4987 4837 4988 4853 15
4838 4988 4853 4854 15
4989 4839 4854 4838 15
4988 4838 4989 4854 15
4839 4989 4854 4855 15
4990 4840 4855 4839 15
4989 4839 4990 4855 15
4840 4990 4855 4856 15
4991 4841 4856 4840 15
4990 4840 4991 4856 15
4841 4991 4856 4857 15
4992 4842 4857 4841 15
4991 4841 4992 4857 15
4842 4992 4857 4858 15
4993 4843 4858 4842 15
4992 4842 4993 4858 15
4843 4993 4858 4859 15
4994 4844 4859 4843 15
4993 4843 4994 4859 15
4844 4994 4859 2009 15
2018 2008 2009 4844 15
4994 4844 2018 2009 15
509 518 519 4995 15
4980 4845 4995 518 15
518 4845 4995 509 15
4845 4980 4995 4996 15
4981 4846 4996 4980 15
4980 4846 4996 4845 15
4846 4981 4996 4997 15
4982 4847 4997 4981 15
4981 4847 4997 4846 15
4847 4982 4997 4998 15
4983 4848 4998 4982 15
4982 4848 4998 4847 15
4848 4983 4998 4999 15
4984 4849 4999 4983 15
4983 4849 4999 4848 15
4849 4984 4999 5000 15
4985 4850 5000 4984 15
4984 4850 5000 4849 15
4850 4985 5000 5001 15
4986 4851 5001 4985 15
4985 4851 5001 4850 15
4851 4986 5001 5002 15
4987 4852 5002 4986 15
4986 4852 5002 4851 15
4852 4987 5002 5003 15
4988 4853 5003 4987 15
4987 4853 5003 4852 15
4853 4988 5003 5004 15
4989 4854 5004 4988 15
4988 4854 5004 4853 15
4854 4989 5004 5005 15
4990 4855 5005 4989 15
4989 4855 5005 4854 15
4855 4990 5005 5006 15
4991 4856 5006 4990 15
4990 4856 5006 4855 15
4856 4991 5006 5007 15
4992 4857 5007 4991 15
4991 4857 5007 4856 15
4857 4992 5007 5008 15
4993 4858 5008 4992 15
4992 4858 5008 4857 15
4858 4993 5008 5009 15
4994 4859 5009 4993 15
4993 4859 5009 4858 15
4859 4994 5009 2019 15
2018 2009 2019 4994 15
4994 2009 2019 4859 15
509 519 510 4860 15
4995 4845 4860 509 15
519 509 4995 4860 15
4845 4995 4860 4861 15
4996 4846 4861 4845 15
4995 4845 4996 4861 15
4846 4996 4861 4862 15
4997 4847 4862 4846 15
4996 4846 4997 4862 15
4847 4997 4862 4863 15
4998 4848 4863 4847 15
4997 4847 4998 4863 15
4848 4998 4863 4864 15
4999 4849 4864 4848 15
4998 4848 4999 4864 15
4849 4999 4864 4865 15
5000 4850 4865 4849 15
4999 4849 5000 4865 15
4850 5000 4865 4866 15
5001 4851 4866 4850 15
5000 4850 5001 4866 15
4851 5001 4866 4867 15
5002 4852 4867 4851 15
5001 4851 5002 4867 15
4852 5002 4867 4868 15
5003 4853 4868 4852 15
5002 4852 5003 4868 15
4853 5003 4868 4869 15
5004 4854 4869 4853 15
5003 4853 5004 4869 15
4854 5004 4869 4870 15
5005 4855 4870 4854 15
5004 4854 5005 4870 15
4855 5005 4870 4871 15
5006 4856 4871 4855 15
5005 4855 5006 4871 15
4856 5006 4871 4872 15
5007 4857 4872 4856 15
5006 4856 5007 4872 15
4857 5007 4872 4873 15
5008 4858 4873 4857 15
5007 4857 5008 4873 15
4858 5008 4873 4874 15
5009 4859 4874 4858 15
5008 4858 5009 4874 15
4859 5009 4874 2010 15
2019 2009 2010 4859 15
5009 4859 2019 2010 15
510 519 520 5010 15
4995 4860 5010 519 15
519 4860 5010 510 15
4860 4995 5010 5011 15
4996 4861 5011 4995 15
4995 4861 5011 4860 15
4861 4996 5011 5012 15
4997 4862 5012 4996 15
4996 4862 5012 4861 15
4862 4997 5012 5013 15
4998 4863 5013 4997 15
4997 4863 5013 4862 15
4863 4998 5013 5014 15
4999 4864 5014 4998 15
4998 4864 5014 4863 15
4864 4999 5014 5015 15
5000 4865 5015 4999 15
4999 4865 5015 4864 15
4865 5000 5015 5016 15
5001 4866 5016 5000 15
5000 4866 5016 4865 15
4866 5001 5016 5017 15
5002 4867 5017 5001 15
5001 4867 5017 4866 15
4867 5002 5017 5018 15
5003 4868 5018 5002 15
5002 4868 5018 4867 15
4868 5003 5018 5019 15
5004 4869 5019 5003 15
5003 4869 5019 4868 15
4869 5004 5019 5020 15
5005 4870 5020 5004 15
5004 4870 5020 4869 15
4870 5005 5020 5021 15
5006 4871 5021 5005 15
5005 4871 5021 4870 15
4871 5006 5021 5022 15
5007 4872 5022 5006 15
5006 4872 5022 4871 15
4872 5007 5022 5023 15
5008 4873 5023 5007 15
5007 4873 5023 4872 15
4873 5008 5023 5024 15
5009 4874 5024 5008 15
5008 4874 5024 4873 15
4874 5009 5024 2020 15
2019 2010 2020 5009 15
5009 2010 2020 4874 15
510 520 511 4875 15
5010 4860 4875 510 15
520 510 5010 4875 15
4860 5010 4875 4876 15
5011 4861 4876 4860 15
5010 4860 5011 4876 15
4861 5011 4876 4877 15
5012 4862 4877 4861 15
5011 4861 5012 4877 15
4862 5012 4877 4878 15
5013 4863 4878 4862 15
5012 4862 5013 4878 15
4863 5013 4878 4879 15
5014 4864 4879 4863 15
5013 4863 5014 4879 15
4864 5014 4879 4880 15
5015 4865 4880 4864 15
5014 4864 5015 4880 15
4865 5015 4880 4881 15
5016 4866 4881 4865 15
5015 4865 5016 4881 15
4866 5016 4881 4882 15
5017 4867 4882 4866 15
5016 4866 5017 4882 15
4867 5017 4882 4883 15
5018 4868 4883 4867 15
5017 4867 5018 4883 15
4868 5018 4883 4884 15
5019 4869 4884 4868 15
5018 4868 5019 4884 15
4869 5019 4884 4885 15
5020 4870 4885 4869 15
5019 4869 5020 4885 15
4870 5020 4885 4886 15
5021 4871 4886 4870 15
5020 4870 5021 4886 15
4871 5021 4886 4887 15
5022 4872 4887 4871 15
5021 4871 5022 4887 15
4872 5022 4887 4888 15
5023 4873 4888 4872 15
5022 4872 5023 4888 15
4873 5023 4888 4889 15
5024 4874 4889 4873 15
5023 4873 5024 4889 15
4874 5024 4889 2011 15
2020 2010 2011 4874 15
5024 4874 2020 2011 15
511 520 521 5025 15
5010 4875 5025 520 15
520 4875 5025 511 15
4875 5010 5025 5026 15
5011 4876 5026 5010 15
5010 4876 5026 4875 15
4876 5011 5026 5027 15
5012 4877 5027 5011 15
5011 4877 5027 4876 15
4877 5012 5027 5028 15
5013 4878 5028 5012 15
5012 4878 5028 4877 15
4878 5013 5028 5029 15
5014 4879 5029 5013 15
5013 4879 5029 4878 15
4879 5014 5029 5030 15
5015 4880 5030 5014 15
5014 4880 5030 4879 15
4880 5015 5030 5031 15
5016 4881 5031 5015 15
5015 4881 5031 4880 15
4881 5016 5031 5032 15
5017 4882 5032 5016 15
5016 4882 5032 4881 15
4882 5017 5032 5033 15
5018 4883 5033 5017 15
5017 4883 5033 4882 15
4883 5018 5033 5034 15
5019 4884 5034 5018 15
5018 4884 5034 4883 15
4884 5019 5034 5035 15
5020 4885 5035 5019 15
5019 4885 5035 4884 15
4885 5020 5035 5036 15
5021 4886 5036 5020 15
5020 4886 5036 4885 15
4886 5021 5036 5037 15
5022 4887 5037 5021 15
5021 4887 5037 4886 15
4887 5022 5037 5038 15
5023 4888 5038 5022 15
5022 4888 5038 4887 15
4888 5023 5038 5039 15
5024 4889 5039 5023 15
5023 4889 5039 4888 15
4889 5024 5039 2021 15
2020 2011 2021 5024 15
5024 2011 2021 4889 15
511 521 512 4890 15
5025 4875 4890 511 15
521 511 5025 4890 15
4875 5025 4890 4891 15
5026 4876 4891 4875 15
5025 4875 5026 4891 15
4876 5026 4891 4892 15
5027 4877 4892 4876 15
5026 4876 5027 4892 15
4877 5027 4892 4893 15
5028 4878 4893 4877 15
5027 4877 5028 4893 15
4878 5028 4893 4894 15
5029 4879 4894 4878 15
5028 4878 5029 4894 15
4879 5029 4894 4895 15
5030 4880 4895 4879 15
5029 4879 5030 4895 15
4880 5030 4895 4896 15
5031 4881 4896 4880 15
5030 4880 5031 4896 15
4881 5031 4896 4897 15
5032 4882 4897 4881 15
5031 4881 5032 4897 15
4882 5032 4897 4898 15
5033 4883 4898 4882 15
5032 4882 5033 4898 15
4883 5033 4898 4899 15
5034 4884 4899 4883 15
5033 4883 5034 4899 15
4884 5034 4899 4900 15
5035 4885 4900 4884 15
5034 4884 5035 4900 15
4885 5035 4900 4901 15
5036 4886 4901 4885 15
5035 4885 5036 4901 15
4886 5036 4901 4902 15
5037 4887 4902 4886 15
5036 4886 5037 4902 15
4887 5037 4902 4903 15
5038 4888 4903 4887 15
5037 4887 5038 4903 15
4888 5038 4903 4904 15
5039 4889 4904 4888 15
5038 4888 5039 4904 15
4889 5039 4904 2012 15
2021 2011 2012 4889 15
5039 4889 2021 2012 15
512 521 522 5040 15
5025 4890 5040 521 15
521 4890 5040 512 15
4890 5025 5040 5041 15
5026 4891 5041 5025 15
5025 4891 5041 4890 15
4891 5026 5041 5042 15
5027 4892 5042 5026 15
5026 4892 5042 4891 15
4892 5027 5042 5043 15
5028 4893 5043 5027 15
5027 4893 5043 4892 15
4893 5028 5043 5044 15
5029 4894 5044 5028 15
5028 4894 5044 4893 15
4894 5029 5044 5045 15
5030 4895 5045 5029 15
5029 4895 5045 4894 15
4895 5030 5045 5046 15
5031 4896 5046 5030 15
5030 4896 5046 4895 15
4896 5031 5046 5047 15
5032 4897 5047 5031 15
5031 4897 5047 4896 15
4897 5032 5047 5048 15
5033 4898 5048 5032 15
5032 4898 5048 4897 15
4898 5033 5048 5049 15
5034 4899 5049 5033 15
5033 4899 5049 4898 15
4899 5034 5049 5050 15
5035 4900 5050 5034 15
5034 4900 5050 4899 15
4900 5035 5050 5051 15
5036 4901 5051 5035 15
5035 4901 5051 4900 15
4901 5036 5051 5052 15
5037 4902 5052 5036 15
5036 4902 5052 4901 15
4902 5037 5052 5053 15
5038 4903 5053 5037 15
5037 4903 5053 4902 15
4903 5038 5053 5054 15
5039 4904 5054 5038 15
5038 4904 5054 4903 15
4904 5039 5054 2022 15
2021 2012 2022 5039 15
5039 2012 2022 4904 15
512 522 513 4905 15
5040 4890 4905 512 15
522 512 5040 4905 15
4890 5040 4905 4906 15
5041 4891 4906 4890 15
5040 4890 5041 4906 15
4891 5041 4906 4907 15
5042 4892 4907 4891 15
5041 4891 5042 4907 15
4892 5042 4907 4908 15
5043 4893 4908 4892 15
5042 4892 5043 4908 15
4893 5043 4908 4909 15
5044 4894 4909 4893 15
5043 4893 5044 4909 15
4894 5044 4909 4910 15
5045 4895 4910 4894 15
5044 4894 5045 4910 15
4895 5045 4910 4911 15
5046 4896 4911 4895 15
5045 4895 5046 4911 15
4896 5046 4911 4912 15
5047 4897 4912 4896 15
5046 4896 5047 4912 15
4897 5047 4912 4913 15
5048 4898 4913 4897 15
5047 4897 5048 4913 15
4898 5048 4913 4914 15
5049 4899 4914 4898 15
5048 4898 5049 4914 15
4899 5049 4914 4915 15
5050 4900 4915 4899 15
5049 4899 5050 4915 15
4900 5050 4915 4916 15
5051 4901 4916 4900 15
5050 4900 5051 4916 15
4901 5051 4916 4917 15
5052 4902 4917 4901 15
5051 4901 5052 4917 15
4902 5052 4917 4918 15
5053 4903 4918 4902 15
5052 4902 5053 4918 15
4903 5053 4918 4919 15
5054 4904 4919 4903 15
5053 4903 5054 4919 15
4904 5054 4919 2013 15
2022 2012 2013 4904 15
5054 4904 2022 2013 15
513 522 523 5055 15
5040 4905 5055 522 15
522 4905 5055 513 15
4905 5040 5055 5056 15
5041 4906 5056 5040 15
5040 4906 5056 4905 15
4906 5041 5056 5057 15
5042 4907 5057 5041 15
5041 4907 5057 4906 15
4907 5042 5057 5058 15
5043 4908 5058 5042 15
5042 4908 5058 4907 15
4908 5043 5058 5059 15
5044 4909 5059 5043 15
5043 4909 5059 4908 15
4909 5044 5059 5060 15
5045 4910 5060 5044 15
5044 4910 5060 4909 15
4910 5045 5060 5061 15
5046 4911 5061 5045 15
5045 4911 5061 4910 15
4911 5046 5061 5062 15
5047 4912 5062 5046 15
5046 4912 5062 4911 15
4912 5047 5062 5063 15
5048 4913 5063 5047 15
5047 4913 5063 4912 15
4913 5048 5063 5064 15
5049 4914 5064 5048 15
5048 4914 5064 4913 15
4914 5049 5064 5065 15
5050 4915 5065 5049 15
5049 4915 5065 4914 15
4915 5050 5065 5066 15
5051 4916 5066 5050 15
5050 4916 5066 4915 15
4916 5051 5066 5067 15
5052 4917 5067 5051 15
5051 4917 5067 4916 15
4917 5052 5067 5068 15
5053 4918 5068 5052 15
5052 4918 5068 4917 15
4918 5053 5068 5069 15
5054 4919 5069 5053 15
5053 4919 5069 4918 15
4919 5054 5069 2023 15
2022 2013 2023 5054 15
5054 2013 2023 4919 15
513 523 514 4920 15
5055 4905 4920 513 15
523 513 5055 4920 15
4905 5055 4920 4921 15
5056 4906 4921 4905 15
5055 4905 5056 4921 15
4906 5056 4921 4922 15
5057 4907 4922 4906 15
5056 4906 5057 4922 15
4907 5057 4922 4923 15
5058 4908 4923 4907 15
5057 4907 5058 4923 15
4908 5058 4923 4924 15
5059 4909 4924 4908 15
5058 4908 5059 4924 15
4909 5059 4924 4925 15
5060 4910 4925 4909 15
5059 4909 5060 4925 15
4910 5060 4925 4926 15
5061 4911 4926 4910 15
5060 4910 5061 4926 15
4911 5061 4926 4927 15
5062 4912 4927 4911 15
5061 4911 5062 4927 15
4912 5062 4927 4928 15
5063 4913 4928 4912 15
5062 4912 5063 4928 15
4913 5063 4928 4929 15
5064 4914 4929 4913 15
5063 4913 5064 4929 15
4914 5064 4929 4930 15
5065 4915 4930 4914 15
5064 4914 5065 4930 15
4915 5065 4930 4931 15
5066 4916 4931 4915 15
5065 4915 5066 4931 15
4916 5066 4931 4932 15
5067 4917 4932 4916 15
5066 4916 5067 4932 15
4917 5067 4932 4933 15
5068 4918 4933 4917 15
5067 4917 5068 4933 15
4918 5068 4933 4934 15
5069 4919 4934 4918 15
5068 4918 5069 4934 15
4919 5069 4934 2014 15
2023 2013 2014 4919 15
5069 4919 2023 2014 15
514 523 524 5070 15
5055 4920 5070 523 15
523 4920 5070 514 15
4920 5055 5070 5071 15
5056 4921 5071 5055 15
5055 4921 5071 4920 15
4921 5056 5071 5072 15
5057 4922 5072 5056 15
5056 4922 5072 4921 15
4922 5057 5072 5073 15
5058 4923 5073 5057 15
5057 4923 5073 4922 15
4923 5058 5073 5074 15
5059 4924 5074 5058 15
5058 4924 5074 4923 15
4924 5059 5074 5075 15
5060 4925 5075 5059 15
5059 4925 5075 4924 15
4925 5060 5075 5076 15
5061 4926 5076 5060 15
5060 4926 5076 4925 15
4926 5061 5076 5077 15
5062 4927 5077 5061 15
5061 4927 5077 4926 15
4927 5062 5077 5078 15
5063 4928 5078 5062 15
5062 4928 5078 4927 15
4928 5063 5078 5079 15
5064 4929 5079 5063 15
5063 4929 5079 4928 15
4929 5064 5079 5080 15
5065 4930 5080 5064 15
5064 4930 5080 4929 15
4930 5065 5080 5081 15
5066 4931 5081 5065 15
5065 4931 5081 4930 15
4931 5066 5081 5082 15
5067 4932 5082 5066 15
5066 4932 5082 4931 15
4932 5067 5082 5083 15
5068 4933 5083 5067 15
5067 4933 5083 4932 15
4933 5068 5083 5084 15
5069 4934 5084 5068 15
5068 4934 5084 4933 15
4934 5069 5084 2024 15
2023 2014 2024 5069 15
5069 2014 2024 4934 15
514 524 119 1935 15
5070 4920 1935 514 15
524 514 5070 1935 15
4920 5070 1935 1936 15
5071 4921 1936 4920 15
5070 4920 5071 1936 15
4921 5071 1936 1937 15
5072 4922 1937 4921 15
5071 4921 5072 1937 15
4922 5072 1937 1938 15
5073 4923 1938 4922 15
5072 4922 5073 1938 15
4923 5073 1938 1939 15
5074 4924 1939 4923 15
5073 4923 5074 1939 15
4924 5074 1939 1940 15
5075 4925 1940 4924 15
5074 4924 5075 1940 15
4925 5075 1940 1941 15
5076 4926 1941 4925 15
5075 4925 5076 1941 15
4926 5076 1941 1942 15
5077 4927 1942 4926 15
5076 4926 5077 1942 15
4927 5077 1942 1943 15
5078 4928 1943 4927 15
5077 4927 5078 1943 15
4928 5078 1943 1944 15
5079 4929 1944 4928 15
5078 4928 5079 1944 15
4929 5079 1944 1945 15
5080 4930 1945 4929 15
5079 4929 5080 1945 15
4930 5080 1945 1946 15
5081 4931 1946 4930 15
5080 4930 5081 1946 15
4931 5081 1946 1947 15
5082 4932 1947 4931 15
5081 4931 5082 1947 15
4932 5082 1947 1948 15
5083 4933 1948 4932 15
5082 4932 5083 1948 15
4933 5083 1948 1949 15
5084 4934 1949 4933 15
5083 4933 5084 1949 15
4934 5084 1949 290 15
2024 2014 290 4934 15
5084 4934 2024 290 15
119 524 120 1950 15
5070 1935 1950 524 15
524 1935 1950 119 15
1935 5070 1950 1951 15
5071 1936 1951 5070 15
5070 1936 1951 1935 15
1936 5071 1951 1952 15
5072 1937 1952 5071 15
5071 1937 1952 1936 15
1937 5072 1952 1953 15
5073 1938 1953 5072 15
5072 1938 1953 1937 15
1938 5073 1953 1954 15
5074 1939 1954 5073 15
5073 1939 1954 1938 15
1939 5074 1954 1955 15
5075 1940 1955 5074 15
5074 1940 1955 1939 15
1940 5075 1955 1956 15
5076 1941 1956 5075 15
5075 1941 1956 1940 15
1941 5076 1956 1957 15
5077 1942 1957 5076 15
5076 1942 1957 1941 15
1942 5077 1957 1958 15
5078 1943 1958 5077 15
5077 1943 1958 1942 15
1943 5078 1958 1959 15
5079 1944 1959 5078 15
5078 1944 1959 1943 15
1944 5079 1959 1960 15
5080 1945 1960 5079 15
5079 1945 1960 1944 15
1945 5080 1960 1961 15
5081 1946 1961 5080 15
5080 1946 1961 1945 15
1946 5081 1961 1962 15
5082 1947 1962 5081 15
5081 1947 1962 1946 15
1947 5082 1962 1963 15
5083 1948 1963 5082 15
5082 1948 1963 1947 15
1948 5083 1963 1964 15
5084 1949 1964 5083 15
5083 1949 1964 1948 15
1949 5084 1964 289 15
2024 290 289 5084 15
5084 290 289 1949 15
114 7 515 4935 15
254 1500 4935 114 15
7 114 254 4935 15
1500 254 4935 4936 15
255 1501 4936 1500 15
254 1500 255 4936 15
1501 255 4936 4937 15
256 1502 4937 1501 15
255 1501 256 4937 15
1502 256 4937 4938 15
257 1503 4938 1502 15
256 1502 257 4938 15
1503 257 4938 4939 15
258 1504 4939 1503 15
257 1503 258 4939 15
1504 258 4939 4940 15
259 1505 4940 1504 15
258 1504 259 4940 15
1505 259 4940 4941 15
260 1506 4941 1505 15
259 1505 260 4941 15
1506 260 4941 4942 15
261 1507 4942 1506 15
260 1506 261 4942 15
1507 261 4942 4943 15
262 1508 4943 1507 15
261 1507 262 4943 15
1508 262 4943 4944 15
263 1509 4944 1508 15
262 1508 263 4944 15
1509 263 4944 4945 15
264 1510 4945 1509 15
263 1509 264 4945 15
1510 264 4945 4946 15
265 1511 4946 1510 15
264 1510 265 4946 15
1511 265 4946 4947 15
266 1512 4947 1511 15
265 1511 266 4947 15
1512 266 4947 4948 15
267 1513 4948 1512 15
266 1512 267 4948 15
1513 267 4948 4949 15
268 1514 4949 1513 15
267 1513 268 4949 15
1514 268 4949 2015 15
14 233 2015 1514 15
268 1514 14 2015 15
515 7 77 1725 15
254 4935 1725 7 15
7 4935 1725 515 15
4935 254 1725 1726 15
255 4936 1726 254 15
254 4936 1726 4935 15
4936 255 1726 1727 15
256 4937 1727 255 15
255 4937 1727 4936 15
4937 256 1727 1728 15
257 4938 1728 256 15
256 4938 1728 4937 15
4938 257 1728 1729 15
258 4939 1729 257 15
257 4939 1729 4938 15
4939 258 1729 1730 15
259 4940 1730 258 15
258 4940 1730 4939 15
4940 259 1730 1731 15
260 4941 1731 259 15
259 4941 1731 4940 15
4941 260 1731 1732 15
261 4942 1732 260 15
260 4942 1732 4941 15
4942 261 1732 1733 15
262 4943 1733 261 15
261 4943 1733 4942 15
4943 262 1733 1734 15
263 4944 1734 262 15
262 4944 1734 4943 15
4944 263 1734 1735 15
264 4945 1735 263 15
263 4945 1735 4944 15
4945 264 1735 1736 15
265 4946 1736 264 15
264 4946 1736 4945 15
4946 265 1736 1737 15
266 4947 1737 265 15
265 4947 1737 4946 15
4947 266 1737 1738 15
267 4948 1738 266 15
266 4948 1738 4947 15
4948 267 1738 1739 15
268 4949 1739 267 15
267 4949 1739 4948 15
4949 268 1739 279 15
14 2015 279 268 15
268 2015 279 4949 15
515 77 516 4950 15
1725 4935 4950 515 15
77 515 1725 4950 15
4935 1725 4950 4951 15
1726 4936 4951 4935 15
1725 4935 1726 4951 15
4936 1726 4951 4952 15
1727 4937 4952 4936 15
1726 4936 1727 4952 15
4937 1727 4952 4953 15
1728 4938 4953 4937 15
1727 4937 1728 4953 15
4938 1728 4953 4954 15
1729 4939 4954 4938 15
1728 4938 1729 4954 15
4939 1729 4954 4955 15
1730 4940 4955 4939 15
1729 4939 1730 4955 15
4940 1730 4955 4956 15
1731 4941 4956 4940 15
1730 4940 1731 4956 15
4941 1731 4956 4957 15
1732 4942 4957 4941 15
1731 4941 1732 4957 15
4942 1732 4957 4958 15
1733 4943 4958 4942 15
1732 4942 1733 4958 15
4943 1733 4958 4959 15
1734 4944 4959 4943 15
1733 4943 1734 4959 15
4944 1734 4959 4960 15
1735 4945 4960 4944 15
1734 4944 1735 4960 15
4945 1735 4960 4961 15
1736 4946 4961 4945 15
1735 4945 1736 4961 15
4946 1736 4961 4962 15
1737 4947 4962 4946 15
1736 4946 1737 4962 15
4947 1737 4962 4963 15
1738 4948 4963 4947 15
1737 4947 1738 4963 15
4948 1738 4963 4964 15
1739 4949 4964 4948 15
1738 4948 1739 4964 15
4949 1739 4964 2016 15
279 2015 2016 4949 15
1739 4949 279 2016 15
516 77 78 1740 15
1725 4950 1740 77 15
77 4950 1740 516 15
4950 1725 1740 1741 15
1726 4951 1741 1725 15
1725 4951 1741 4950 15
4951 1726 1741 1742 15
1727 4952 1742 1726 15
1726 4952 1742 4951 15
4952 1727 1742 1743 15
1728 4953 1743 1727 15
1727 4953 1743 4952 15
4953 1728 1743 1744 15
1729 4954 1744 1728 15
1728 4954 1744 4953 15
4954 1729 1744 1745 15
1730 4955 1745 1729 15
1729 4955 1745 4954 15
4955 1730 1745 1746 15
1731 4956 1746 1730 15
1730 4956 1746 4955 15
4956 1731 1746 1747 15
1732 4957 1747 1731 15
1731 4957 1747 4956 15
4957 1732 1747 1748 15
1733 4958 1748 1732 15
1732 4958 1748 4957 15
4958 1733 1748 1749 15
1734 4959 1749 1733 15
1733 4959 1749 4958 15
4959 1734 1749 1750 15
1735 4960 1750 1734 15
1734 4960 1750 4959 15
4960 1735 1750 1751 15
1736 4961 1751 1735 15
1735 4961 1751 4960 15
4961 1736 1751 1752 15
1737 4962 1752 1736 15
1736 4962 1752 4961 15
4962 1737 1752 1753 15
1738 4963 1753 1737 15
1737 4963 1753 4962 15
4963 1738 1753 1754 15
1739 4964 1754 1738 15
1738 4964 1754 4963 15
4964 1739 1754 280 15
279 2016 280 1739 15
1739 2016 280 4964 15
516 78 517 4965 15
1740 4950 4965 516 15
78 516 1740 4965 15
4950 1740 4965 4966 15
1741 4951 4966 4950 15
1740 4950 1741 4966 15
4951 1741 4966 4967 15
1742 4952 4967 4951 15
1741 4951 1742 4967 15
4952 1742 4967 4968 15
1743 4953 4968 4952 15
1742 4952 1743 4968 15
4953 1743 4968 4969 15
1744 4954 4969 4953 15
1743 4953 1744 4969 15
4954 1744 4969 4970 15
1745 4955 4970 4954 15
1744 4954 1745 4970 15
4955 1745 4970 4971 15
1746 4956 4971 4955 15
1745 4955 1746 4971 15
4956 1746 4971 4972 15
1747 4957 4972 4956 15
1746 4956 1747 4972 15
4957 1747 4972 4973 15
1748 4958 4973 4957 15
1747 4957 1748 4973 15
4958 1748 4973 4974 15
1749 4959 4974 4958 15
1748 4958 1749 4974 15
4959 1749 4974 4975 15
1750 4960 4975 4959 15
1749 4959 1750 4975 15
4960 1750 4975 4976 15
1751 4961 4976 4960 15
1750 4960 1751 4976 15
4961 1751 4976 4977 15
1752 4962 4977 4961 15
1751 4961 1752 4977 15
4962 1752 4977 4978 15
1753 4963 4978 4962 15
1752 4962 1753 4978 15
4963 1753 4978 4979 15
1754 4964 4979 4963 15
1753 4963 1754 4979 15
4964 1754 4979 2017 15
280 2016 2017 4964 15
1754 4964 280 2017 15
517 78 79 1755 15
1740 4965 1755 78 15
78 4965 1755 517 15
4965 1740 1755 1756 15
1741 4966 1756 1740 15
1740 4966 1756 4965 15
4966 1741 1756 1757 15
1742 4967 1757 1741 15
1741 4967 1757 4966 15
4967 1742 1757 1758 15
1743 4968 1758 1742 15
1742 4968 1758 4967 15
4968 1743 1758 1759 15
1744 4969 1759 1743 15
1743 4969 1759 4968 15
4969 1744 1759 1760 15
1745 4970 1760 1744 15
1744 4970 1760 4969 15
4970 1745 1760 1761 15
1746 4971 1761 1745 15
1745 4971 1761 4970 15
4971 1746 1761 1762 15
1747 4972 1762 1746 15
1746 4972 1762 4971 15
4972 1747 1762 1763 15
1748 4973 1763 1747 15
1747 4973 1763 4972 15
4973 1748 1763 1764 15
1749 4974 1764 1748 15
1748 4974 1764 4973 15
4974 1749 1764 1765 15
1750 4975 1765 1749 15
1749 4975 1765 4974 15
4975 1750 1765 1766 15
1751 4976 1766 1750 15
1750 4976 1766 4975 15
4976 1751 1766 1767 15
1752 4977 1767 1751 15
1751 4977 1767 4976 15
4977 1752 1767 1768 15
1753 4978 1768 1752 15
1752 4978 1768 4977 15
4978 1753 1768 1769 15
1754 4979 1769 1753 15
1753 4979 1769 4978 15
4979 1754 1769 281 15
280 2017 281 1754 15
1754 2017 281 4979 15
517 79 518 4980 15
1755 4965 4980 517 15
79 517 1755 4980 15
4965 1755 4980 4981 15
1756 4966 4981 4965 15
1755 4965 1756 4981 15
4966 1756 4981 4982 15
1757 4967 4982 4966 15
1756 4966 1757 4982 15
4967 1757 4982 4983 15
1758 4968 4983 4967 15
1757 4967 1758 4983 15
4968 1758 4983 4984 15
1759 4969 4984 4968 15
1758 4968 1759 4984 15
4969 1759 4984 4985 15
1760 4970 4985 4969 15
1759 4969 1760 4985 15
4970 1760 4985 4986 15
1761 4971 4986 4970 15
1760 4970 1761 4986 15
4971 1761 4986 4987 15
1762 4972 4987 4971 15
1761 4971 1762 4987 15
4972 1762 4987 4988 15
1763 4973 4988 4972 15
1762 4972 1763 4988 15
4973 1763 4988 4989 15
1764 4974 4989 4973 15
1763 4973 1764 4989 15
4974 1764 4989 4990 15
1765 4975 4990 4974 15
1764 4974 1765 4990 15
4975 1765 4990 4991 15
1766 4976 4991 4975 15
1765 4975 1766 4991 15
4976 1766 4991 4992 15
1767 4977 4992 4976 15
1766 4976 1767 4992 15
4977 1767 4992 4993 15
1768 4978 4993 4977 15
1767 4977 1768 4993 15
4978 1768 4993 4994 15
1769 4979 4994 4978 15
1768 4978 1769 4994 15
4979 1769 4994 2018 15
281 2017 2018 4979 15
1769 4979 281 2018 15
518 79 80 1770 15
1755 4980 1770 79 15
79 4980 1770 518 15
4980 1755 1770 1771 15
1756 4981 1771 1755 15
1755 4981 1771 4980 15
4981 1756 1771 1772 15
1757 4982 1772 1756 15
1756 4982 1772 4981 15
4982 1757 1772 1773 15
1758 4983 1773 1757 15
1757 4983 1773 4982 15
4983 1758 1773 1774 15
1759 4984 1774 1758 15
1758 4984 1774 4983 15
4984 1759 1774 1775 15
1760 4985 1775 1759 15
1759 4985 1775 4984 15
4985 1760 1775 1776 15
1761 4986 1776 1760 15
1760 4986 1776 4985 15
4986 1761 1776 1777 15
1762 4987 1777 1761 15
1761 4987 1777 4986 15
4987 1762 1777 1778 15
1763 4988 1778 1762 15
1762 4988 1778 4987 15
4988 1763 1778 1779 15
1764 4989 1779 1763 15
1763 4989 1779 4988 15
4989 1764 1779 1780 15
1765 4990 1780 1764 15
1764 4990 1780 4989 15
4990 1765 1780 1781 15
1766 4991 1781 1765 15
1765 4991 1781 4990 15
4991 1766 1781 1782 15
1767 4992 1782 1766 15
1766 4992 1782 4991 15
4992 1767 1782 1783 15
1768 4993 1783 1767 15
1767 4993 1783 4992 15
4993 1768 1783 1784 15
1769 4994 1784 1768 15
1768 4994 1784 4993 15
4994 1769 1784 282 15
281 2018 282 1769 15
1769 2018 282 4994 15
518 80 519 4995 15
1770 4980 4995 518 15
80 518 1770 4995 15
4980 1770 4995 4996 15
1771 4981 4996 4980 15
1770 4980 1771 4996 15
4981 1771 4996 4997 15
1772 4982 4997 4981 15
1771 4981 1772 4997 15
4982 1772 4997 4998 15
1773 4983 4998 4982 15
1772 4982 1773 4998 15
4983 1773 4998 4999 15
1774 4984 4999 4983 15
1773 4983 1774 4999 15
4984 1774 4999 5000 15
1775 4985 5000 4984 15
1774 4984 1775 5000 15
4985 1775 5000 5001 15
1776 4986 5001 4985 15
1775 4985 1776 5001 15
4986 1776 5001 5002 15
1777 4987 5002 4986 15
1776 4986 1777 5002 15
4987 1777 5002 5003 15
1778 4988 5003 4987 15
1777 4987 1778 5003 15
4988 1778 5003 5004 15
1779 4989 5004 4988 15
1778 4988 1779 5004 15
4989 1779 5004 5005 15
1780 4990 5005 4989 15
1779 4989 1780 5005 15
4990 1780 5005 5006 15
1781 4991 5006 4990 15
1780 4990 1781 5006 15
4991 1781 5006 5007 15
1782 4992 5007 4991 15
1781 4991 1782 5007 15
4992 1782 5007 5008 15
1783 4993 5008 4992 15
1782 4992 1783 5008 15
4993 1783 5008 5009 15
1784 4994 5009 4993 15
1783 4993 1784 5009 15
4994 1784 5009 2019 15
282 2018 2019 4994 15
1784 4994 282 2019 15
519 80 81 1785 15
1770 4995 1785 80 15
80 4995 1785 519 15
4995 1770 1785 1786 15
1771 4996 1786 1770 15
1770 4996 1786 4995 15
4996 1771 1786 1787 15
1772 4997 1787 1771 15
1771 4997 1787 4996 15
4997 1772 1787 1788 15
1773 4998 1788 1772 15
1772 4998 1788 4997 15
4998 1773 1788 1789 15
1774 4999 1789 1773 15
1773 4999 1789 4998 15
4999 1774 1789 1790 15
1775 5000 1790 1774 15
1774 5000 1790 4999 15
5000 1775 1790 1791 15
1776 5001 1791 1775 15
1775 5001 1791 5000 15
5001 1776 1791 1792 15
1777 5002 1792 1776 15
1776 5002 1792 5001 15
5002 1777 1792 1793 15
1778 5003 1793 1777 15
1777 5003 1793 5002 15
5003 1778 1793 1794 15
1779 5004 1794 1778 15
1778 5004 1794 5003 15
5004 1779 1794 1795 15
1780 5005 1795 1779 15
1779 5005 1795 5004 15
5005 1780 1795 1796 15
1781 5006 1796 1780 15
1780 5006 1796 5005 15
5006 1781 1796 1797 15
1782 5007 1797 1781 15
1781 5007 1797 5006 15
5007 1782 1797 1798 15
1783 5008 1798 1782 15
1782 5008 1798 5007 15
5008 1783 1798 1799 15
1784 5009 1799 1783 15
1783 5009 1799 5008 15
5009 1784 1799 283 15
282 2019 283 1784 15
1784 2019 283 5009 15
519 81 520 5010 15
1785 4995 5010 519 15
81 519 1785 5010 15
4995 1785 5010 5011 15
1786 4996 5011 4995 15
1785 4995 1786 5011 15
4996 1786 5011 5012 15
1787 4997 5012 4996 15
1786 4996 1787 5012 15
4997 1787 5012 5013 15
1788 4998 5013 4997 15
1787 4997 1788 5013 15
4998 1788 5013 5014 15
1789 4999 5014 4998 15
1788 4998 1789 5014 15
4999 1789 5014 5015 15
1790 5000 5015 4999 15
1789 4999 1790 5015 15
5000 1790 5015 5016 15
1791 5001 5016 5000 15
1790 5000 1791 5016 15
5001 1791 5016 5017 15
1792 5002 5017 5001 15
1791 5001 1792 5017 15
5002 1792 5017 5018 15
1793 5003 5018 5002 15
1792 5002 1793 5018 15
5003 1793 5018 5019 15
1794 5004 5019 5003 15
1793 5003 1794 5019 15
5004 1794 5019 5020 15
1795 5005 5020 5004 15
1794 5004 1795 5020 15
5005 1795 5020 5021 15
1796 5006 5021 5005 15
1795 5005 1796 5021 15
5006 1796 5021 5022 15
1797 5007 5022 5006 15
1796 5006 1797 5022 15
5007 1797 5022 5023 15
1798 5008 5023 5007 15
1797 5007 1798 5023 15
5008 1798 5023 5024 15
1799 5009 5024 5008 15
1798 5008 1799 5024 15
5009 1799 5024 2020 15
283 2019 2020 5009 15
1799 5009 283 2020 15
520 81 82 1800 15
1785 5010 1800 81 15
81 5010 1800 520 15
5010 1785 1800 1801 15
1786 5011 1801 1785 15
1785 5011 1801 5010 15
5011 1786 1801 1802 15
1787 5012 1802 1786 15
1786 5012 1802 5011 15
5012 1787 1802 1803 15
1788 5013 1803 1787 15
1787 5013 1803 5012 15
5013 1788 1803 1804 15
1789 5014 1804 1788 15
1788 5014 1804 5013 15
5014 1789 1804 1805 15
1790 5015 1805 1789 15
1789 5015 1805 5014 15
5015 1790 1805 1806 15
1791 5016 1806 1790 15
1790 5016 1806 5015 15
5016 1791 1806 1807 15
1792 5017 1807 1791 15
1791 5017 1807 5016 15
5017 1792 1807 1808 15
1793 5018 1808 1792 15
1792 5018 1808 5017 15
5018 1793 1808 1809 15
1794 5019 1809 1793 15
1793 5019 1809 5018 15
5019 1794 1809 1810 15
1795 5020 1810 1794 15
1794 5020 1810 5019 15
5020 1795 1810 1811 15
1796 5021 1811 1795 15
1795 5021 1811 5020 15
5021 1796 1811 1812 15
1797 5022 1812 1796 15
1796 5022 1812 5021 15
5022 1797 1812 1813 15
1798 5023 1813 1797 15
1797 5023 1813 5022 15
5023 1798 1813 1814 15
1799 5024 1814 1798 15
1798 5024 1814 5023 15
5024 1799 1814 284 15
283 2020 284 1799 15
1799 2020 284 5024 15
520 82 521 5025 15
1800 5010 5025 520 15
82 520 1800 5025 15
5010 1800 5025 5026 15
1801 5011 5026 5010 15
1800 5010 1801 5026 15
5011 1801 5026 5027 15
1802 5012 5027 5011 15
1801 5011 1802 5027 15
5012 1802 5027 5028 15
1803 5013 5028 5012 15
1802 5012 1803 5028 15
5013 1803 5028 5029 15
1804 5014 5029 5013 15
1803 5013 1804 5029 15
5014 1804 5029 5030 15
1805 5015 5030 5014 15
1804 5014 1805 5030 15
5015 1805 5030 5031 15
1806 5016 5031 5015 15
1805 5015 1806 5031 15
5016 1806 5031 5032 15
1807 5017 5032 5016 15
1806 5016 1807 5032 15
5017 1807 5032 5033 15
1808 5018 5033 5017 15
1807 5017 1808 5033 15
5018 1808 5033 5034 15
1809 5019 5034 5018 15
1808 5018 1809 5034 15
5019 1809 5034 5035 15
1810 5020 5035 5019 15
1809 5019 1810 5035 15
5020 1810 5035 5036 15
1811 5021 5036 5020 15
1810 5020 1811 5036 15
5021 1811 5036 5037 15
1812 5022 5037 5021 15
1811 5021 1812 5037 15
5022 1812 5037 5038 15
1813 5023 5038 5022 15
1812 5022 1813 5038 15
5023 1813 5038 5039 15
1814 5024 5039 5023 15
1813 5023 1814 5039 15
5024 1814 5039 2021 15
284 2020 2021 5024 15
1814 5024 284 2021 15
521 82 83 1815 15
1800 5025 1815 82 15
82 5025 1815 521 15
5025 1800 1815 1816 15
1801 5026 1816 1800 15
1800 5026 1816 5025 15
5026 1801 1816 1817 15
1802 5027 1817 1801 15
1801 5027 1817 5026 15
5027 1802 1817 1818 15
1803 5028 1818 1802 15
1802 5028 1818 5027 15
5028 1803 1818 1819 15
1804 5029 1819 1803 15
1803 5029 1819 5028 15
5029 1804 1819 1820 15
1805 5030 1820 1804 15
1804 5030 1820 5029 15
5030 1805 1820 1821 15
1806 5031 1821 1805 15
1805 5031 1821 5030 15
5031 1806 1821 1822 15
1807 5032 1822 1806 15
1806 5032 1822 5031 15
5032 1807 1822 1823 15
1808 5033 1823 1807 15
1807 5033 1823 5032 15
5033 1808 1823 1824 15
1809 5034 1824 1808 15
1808 5034 1824 5033 15
5034 1809 1824 1825 15
1810 5035 1825 1809 15
1809 5035 1825 5034 15
5035 1810 1825 1826 15
1811 5036 1826 1810 15
1810 5036 1826 5035 15
5036 1811 1826 1827 15
1812 5037 1827 1811 15
1811 5037 1827 5036 15
5037 1812 1827 1828 15
1813 5038 1828 1812 15
1812 5038 1828 5037 15
5038 1813 1828 1829 15
1814 5039 1829 1813 15
1813 5039 1829 5038 15
5039 1814 1829 285 15
284 2021 285 1814 15
1814 2021 285 5039 15
521 83 522 5040 15
1815 5025 5040 521 15
83 521 1815 5040 15
5025 1815 5040 5041 15
1816 5026 5041 5025 15
1815 5025 1816 5041 15
5026 1816 5041 5042 15
1817 5027 5042 5026 15
1816 5026 1817 5042 15
5027 1817 5042 5043 15
1818 5028 5043 5027 15
1817 5027 1818 5043 15
5028 1818 5043 5044 15
1819 5029 5044 5028 15
1818 5028 1819 5044 15
5029 1819 5044 5045 15
1820 5030 5045 5029 15
1819 5029 1820 5045 15
5030 1820 5045 5046 15
1821 5031 5046 5030 15
1820 5030 1821 5046 15
5031 1821 5046 5047 15
1822 5032 5047 5031 15
1821 5031 1822 5047 15
5032 1822 5047 5048 15
1823 5033 5048 5032 15
1822 5032 1823 5048 15
5033 1823 5048 5049 15
1824 5034 5049 5033 15
1823 5033 1824 5049 15
5034 1824 5049 5050 15
1825 5035 5050 5034 15
1824 5034 1825 5050 15
5035 1825 5050 5051 15
1826 5036 5051 5035 15
1825 5035 1826 5051 15
5036 1826 5051 5052 15
1827 5037 5052 5036 15
1826 5036 1827 5052 15
5037 1827 5052 5053 15
1828 5038 5053 5037 15
1827 5037 1828 5053 15
5038 1828 5053 5054 15
1829 5039 5054 5038 15
1828 5038 1829 5054 15
5039 1829 5054 2022 15
285 2021 2022 5039 15
1829 5039 285 2022 15
522 83 84 1830 15
1815 5040 1830 83 15
83 5040 1830 522 15
5040 1815 1830 1831 15
1816 5041 1831 1815 15
1815 5041 1831 5040 15
5041 1816 1831 1832 15
1817 5042 1832 1816 15
1816 5042 1832 5041 15
5042 1817 1832 1833 15
1818 5043 1833 1817 15
1817 5043 1833 5042 15
5043 1818 1833 1834 15
1819 5044 1834 1818 15
1818 5044 1834 5043 15
5044 1819 1834 1835 15
1820 5045 1835 1819 15
1819 5045 1835 5044 15
5045 1820 1835 1836 15
1821 5046 1836 1820 15
1820 5046 1836 5045 15
5046 1821 1836 1837 15
1822 5047 1837 1821 15
1821 5047 1837 5046 15
5047 1822 1837 1838 15
1823 5048 1838 1822 15
1822 5048 1838 5047 15
5048 1823 1838 1839 15
1824 5049 1839 1823 15
1823 5049 1839 5048 15
5049 1824 1839 1840 15
1825 5050 1840 1824 15
1824 5050 1840 5049 15
5050 1825 1840 1841 15
1826 5051 1841 1825 15
1825 5051 1841 5050 15
5051 1826 1841 1842 15
1827 5052 1842 1826 15
1826 5052 1842 5051 15
5052 1827 1842 1843 15
1828 5053 1843 1827 15
1827 5053 1843 5052 15
5053 1828 1843 1844 15
1829 5054 1844 1828 15
1828 5054 1844 5053 15
5054 1829 1844 286 15
285 2022 286 1829 15
1829 2022 286 5054 15
522 84 523 5055 15
1830 5040 5055 522 15
84 522 1830 5055 15
5040 1830 5055 5056 15
1831 5041 5056 5040 15
1830 5040 1831 5056 15
5041 1831 5056 5057 15
1832 5042 5057 5041 15
1831 5041 1832 5057 15
5042 1832 5057 5058 15
1833 5043 5058 5042 15
1832 5042 1833 5058 15
5043 1833 5058 5059 15
1834 5044 5059 5043 15
1833 5043 1834 5059 15
5044 1834 5059 5060 15
1835 5045 5060 5044 15
1834 5044 1835 5060 15
5045 1835 5060 5061 15
1836 5046 5061 5045 15
1835 5045 1836 5061 15
5046 1836 5061 5062 15
1837 5047 5062 5046 15
1836 5046 1837 5062 15
5047 1837 5062 5063 15
1838 5048 5063 5047 15
1837 5047 1838 5063 15
5048 1838 5063 5064 15
1839 5049 5064 5048 15
1838 5048 1839 5064 15
5049 1839 5064 5065 15
1840 5050 5065 5049 15
1839 5049 1840 5065 15
5050 1840 5065 5066 15
1841 5051 5066 5050 15
1840 5050 1841 5066 15
5051 1841 5066 5067 15
1842 5052 5067 5051 15
1841 5051 1842 5067 15
5052 1842 5067 5068 15
1843 5053 5068 5052 15
1842 5052 1843 5068 15
5053 1843 5068 5069 15
1844 5054 5069 5053 15
1843 5053 1844 5069 15
5054 1844 5069 2023 15
286 2022 2023 5054 15
1844 5054 286 2023 15
523 84 85 1845 15
1830 5055 1845 84 15
84 5055 1845 523 15
5055 1830 1845 1846 15
1831 5056 1846 1830 15
1830 5056 1846 5055 15
5056 1831 1846 1847 15
1832 5057 1847 1831 15
1831 5057 1847 5056 15
5057 1832 1847 1848 15
1833 5058 1848 1832 15
1832 5058 1848 5057 15
5058 1833 1848 1849 15
1834 5059 1849 1833 15
1833 5059 1849 5058 15
5059 1834 1849 1850 15
1835 5060 1850 1834 15
1834 5060 1850 5059 15
5060 1835 1850 1851 15
1836 5061 1851 1835 15
1835 5061 1851 5060 15
5061 1836 1851 1852 15
1837 5062 1852 1836 15
1836 5062 1852 5061 15
5062 1837 1852 1853 15
1838 5063 1853 1837 15
1837 5063 1853 5062 15
5063 1838 1853 1854 15
1839 5064 1854 1838 15
1838 5064 1854 5063 15
5064 1839 1854 1855 15
1840 5065 1855 1839 15
1839 5065 1855 5064 15
5065 1840 1855 1856 15
1841 5066 1856 1840 15
1840 5066 1856 5065 15
5066 1841 1856 1857 15
1842 5067 1857 1841 15
1841 5067 1857 5066 15
5067 1842 1857 1858 15
1843 5068 1858 1842 15
1842 5068 1858 5067 15
5068 1843 1858 1859 15
1844 5069 1859 1843 15
1843 5069 1859 5068 15
5069 1844 1859 287 15
286 2023 287 1844 15
1844 2023 287 5069 15
523 85 524 5070 15
1845 5055 5070 523 15
85 523 1845 5070 15
5055 1845 5070 5071 15
1846 5056 5071 5055 15
1845 5055 1846 5071 15
5056 1846 5071 5072 15
1847 5057 5072 5056 15
1846 5056 1847 5072 15
5057 1847 5072 5073 15
1848 5058 5073 5057 15
1847 5057 1848 5073 15
5058 1848 5073 5074 15
1849 5059 5074 5058 15
1848 5058 1849 5074 15
5059 1849 5074 5075 15
1850 5060 5075 5059 15
1849 5059 1850 5075 15
5060 1850 5075 5076 15
1851 5061 5076 5060 15
1850 5060 1851 5076 15
5061 1851 5076 5077 15
1852 5062 5077 5061 15
1851 5061 1852 5077 15
5062 1852 5077 5078 15
1853 5063 5078 5062 15
1852 5062 1853 5078 15
5063 1853 5078 5079 15
1854 5064 5079 5063 15
1853 5063 1854 5079 15
5064 1854 5079 5080 15
1855 5065 5080 5064 15
1854 5064 1855 5080 15
5065 1855 5080 5081 15
1856 5066 5081 5065 15
1855 5065 1856 5081 15
5066 1856 5081 5082 15
1857 5067 5082 5066 15
1856 5066 1857 5082 15
5067 1857 5082 5083 15
1858 5068 5083 5067 15
1857 5067 1858 5083 15
5068 1858 5083 5084 15
1859 5069 5084 5068 15
1858 5068 1859 5084 15
5069 1859 5084 2024 15
287 2023 2024 5069 15
1859 5069 287 2024 15
524 85 86 1860 15
1845 5070 1860 85 15
85 5070 1860 524 15
5070 1845 1860 1861 15
1846 5071 1861 1845 15
1845 5071 1861 5070 15
5071 1846 1861 1862 15
1847 5072 1862 1846 15
1846 5072 1862 5071 15
5072 1847 1862 1863 15
1848 5073 1863 1847 15
1847 5073 1863 5072 15
5073 1848 1863 1864 15
1849 5074 1864 1848 15
1848 5074 1864 5073 15
5074 1849 1864 1865 15
1850 5075 1865 1849 15
1849 5075 1865 5074 15
5075 1850 1865 1866 15
1851 5076 1866 1850 15
1850 5076 1866 5075 15
5076 1851 1866 1867 15
1852 5077 1867 1851 15
1851 5077 1867 5076 15
5077 1852 1867 1868 15
1853 5078 1868 1852 15
1852 5078 1868 5077 15
5078 1853 1868 1869 15
1854 5079 1869 1853 15
1853 5079 1869 5078 15
5079 1854 1869 1870 15
1855 5080 1870 1854 15
1854 5080 1870 5079 15
5080 1855 1870 1871 15
1856 5081 1871 1855 15
1855 5081 1871 5080 15
5081 1856 1871 1872 15
1857 5082 1872 1856 15
1856 5082 1872 5081 15
5082 1857 1872 1873 15
1858 5083 1873 1857 15
1857 5083 1873 5082 15
5083 1858 1873 1874 15
1859 5084 1874 1858 15
1858 5084 1874 5083 15
5084 1859 1874 288 15
287 2024 288 1859 15
1859 2024 288 5084 15
524 86 120 1950 15
1860 5070 1950 524 15
86 524 1860 1950 15
5070 1860 1950 1951 15
1861 5071 1951 5070 15
1860 5070 1861 1951 15
5071 1861 1951 1952 15
1862 5072 1952 5071 15
1861 5071 1862 1952 15
5072 1862 1952 1953 15
1863 5073 1953 5072 15
1862 5072 1863 1953 15
5073 1863 1953 1954 15
1864 5074 1954 5073 15
1863 5073 1864 1954 15
5074 1864 1954 1955 15
1865 5075 1955 5074 15
1864 5074 1865 1955 15
5075 1865 1955 1956 15
1866 5076 1956 5075 15
1865 5075 1866 1956 15
5076 1866 1956 1957 15
1867 5077 1957 5076 15
1866 5076 1867 1957 15
5077 1867 1957 1958 15
1868 5078 1958 5077 15
1867 5077 1868 1958 15
5078 1868 1958 1959 15
1869 5079 1959 5078 15
1868 5078 1869 1959 15
5079 1869 1959 1960 15
1870 5080 1960 5079 15
1869 5079 1870 1960 15
5080 1870 1960 1961 15
1871 5081 1961 5080 15
1870 5080 1871 1961 15
5081 1871 1961 1962 15
1872 5082 1962 5081 15
1871 5081 1872 1962 15
5082 1872 1962 1963 15
1873 5083 1963 5082 15
1872 5082 1873 1963 15
5083 1873 1963 1964 15
1874 5084 1964 5083 15
1873 5083 1874 1964 15
5084 1874 1964 289 15
288 2024 289 5084 15
1874 5084 288 289 15
120 86 8 310 15
1860 1950 310 86 15
86 1950 310 120 15
1950 1860 310 311 15
1861 1951 311 1860 15
1860 1951 311 1950 15
1951 1861 311 312 15
1862 1952 312 1861 15
1861 1952 312 1951 15
1952 1862 312 313 15
1863 1953 313 1862 15
1862 1953 313 1952 15
1953 1863 313 314 15
1864 1954 314 1863 15
1863 1954 314 1953 15
1954 1864 314 315 15
1865 1955 315 1864 15
1864 1955 315 1954 15
1955 1865 315 316 15
1866 1956 316 1865 15
1865 1956 316 1955 15
1956 1866 316 317 15
1867 1957 317 1866 15
1866 1957 317 1956 15
1957 1867 317 318 15
1868 1958 318 1867 15
1867 1958 318 1957 15
1958 1868 318 319 15
1869 1959 319 1868 15
1868 1959 319 1958 15
1959 1869 319 320 15
1870 1960 320 1869 15
1869 1960 320 1959 15
1960 1870 320 321 15
1871 1961 321 1870 15
1870 1961 321 1960 15
1961 1871 321 322 15
1872 1962 322 1871 15
1871 1962 322 1961 15
1962 1872 322 323 15
1873 1963 323 1872 15
1872 1963 323 1962 15
1963 1873 323 324 15
1874 1964 324 1873 15
1873 1964 324 1963 15
1964 1874 324 16 15
288 289 16 1874 15
1874 289 16 1964 15
4 115 47 2025 15
1875 295 2025 4 15
115 4 1875 2025 15
295 1875 2025 2026 15
1876 296 2026 295 15
1875 295 1876 2026 15
296 1876 2026 2027 15
1877 297 2027 296 15
1876 296 1877 2027 15
297 1877 2027 2028 15
1878 298 2028 297 15
1877 297 1878 2028 15
298 1878 2028 2029 15
1879 299 2029 298 15
1878 298 1879 2029 15
299 1879 2029 2030 15
1880 300 2030 299 15
1879 299 1880 2030 15
300 1880 2030 2031 15
1881 301 2031 300 15
1880 300 1881 2031 15
301 1881 2031 2032 15
1882 302 2032 301 15
1881 301 1882 2032 15
302 1882 2032 2033 15
1883 303 2033 302 15
1882 302 1883 2033 15
303 1883 2033 2034 15
1884 304 2034 303 15
1883 303 1884 2034 15
304 1884 2034 2035 15
1885 305 2035 304 15
1884 304 1885 2035 15
305 1885 2035 2036 15
1886 306 2036 305 15
1885 305 1886 2036 15
306 1886 2036 2037 15
1887 307 2037 306 15
1886 306 1887 2037 15
307 1887 2037 2038 15
1888 308 2038 307 15
1887 307 1888 2038 15
308 1888 2038 2039 15
1889 309 2039 308 15
1888 308 1889 2039 15
309 1889 2039 334 15
294 15 334 309 15
1889 309 294 334 15
47 115 525 5085 15
1875 2025 5085 115 15
115 2025 5085 47 15
2025 1875 5085 5086 15
1876 2026 5086 1875 15
1875 2026 5086 2025 15
2026 1876 5086 5087 15
1877 2027 5087 1876 15
1876 2027 5087 2026 15
2027 1877 5087 5088 15
1878 2028 5088 1877 15
1877 2028 5088 2027 15
2028 1878 5088 5089 15
1879 2029 5089 1878 15
1878 2029 5089 2028 15
2029 1879 5089 5090 15
1880 2030 5090 1879 15
1879 2030 5090 2029 15
2030 1880 5090 5091 15
1881 2031 5091 1880 15
1880 2031 5091 2030 15
2031 1881 5091 5092 15
1882 2032 5092 1881 15
1881 2032 5092 2031 15
2032 1882 5092 5093 15
1883 2033 5093 1882 15
1882 2033 5093 2032 15
2033 1883 5093 5094 15
1884 2034 5094 1883 15
1883 2034 5094 2033 15
2034 1884 5094 5095 15
1885 2035 5095 1884 15
1884 2035 5095 2034 15
2035 1885 5095 5096 15
1886 2036 5096 1885 15
1885 2036 5096 2035 15
2036 1886 5096 5097 15
1887 2037 5097 1886 15
1886 2037 5097 2036 15
2037 1887 5097 5098 15
1888 2038 5098 1887 15
1887 2038 5098 2037 15
2038 1888 5098 5099 15
1889 2039 5099 1888 15
1888 2039 5099 2038 15
2039 1889 5099 2325 15
294 334 2325 1889 15
1889 334 2325 2039 15
47 525 48 2040 15
5085 2025 2040 47 15
525 47 5085 2040 15
2025 5085 2040 2041 15
5086 2026 2041 2025 15
5085 2025 5086 2041 15
2026 5086 2041 2042 15
5087 2027 2042 2026 15
5086 2026 5087 2042 15
2027 5087 2042 2043 15
5088 2028 2043 2027 15
5087 2027 5088 2043 15
2028 5088 2043 2044 15
5089 2029 2044 2028 15
5088 2028 5089 2044 15
2029 5089 2044 2045 15
5090 2030 2045 2029 15
5089 2029 5090 2045 15
2030 5090 2045 2046 15
5091 2031 2046 2030 15
5090 2030 5091 2046 15
2031 5091 2046 2047 15
5092 2032 2047 2031 15
5091 2031 5092 2047 15
2032 5092 2047 2048 15
5093 2033 2048 2032 15
5092 2032 5093 2048 15
2033 5093 2048 2049 15
5094 2034 2049 2033 15
5093 2033 5094 2049 15
2034 5094 2049 2050 15
5095 2035 2050 2034 15
5094 2034 5095 2050 15
2035 5095 2050 2051 15
5096 2036 2051 2035 15
5095 2035 5096 2051 15
2036 5096 2051 2052 15
5097 2037 2052 2036 15
5096 2036 5097 2052 15
2037 5097 2052 2053 15
5098 2038 2053 2037 15
5097 2037 5098 2053 15
2038 5098 2053 2054 15
5099 2039 2054 2038 15
5098 2038 5099 2054 15
2039 5099 2054 333 15
2325 334 333 2039 15
5099 2039 2325 333 15
48 525 526 5100 15
5085 2040 5100 525 15
525 2040 5100 48 15
2040 5085 5100 5101 15
5086 2041 5101 5085 15
5085 2041 5101 2040 15
2041 5086 5101 5102 15
5087 2042 5102 5086 15
5086 2042 5102 2041 15
2042 5087 5102 5103 15
5088 2043 5103 5087 15
5087 2043 5103 2042 15
2043 5088 5103 5104 15
5089 2044 5104 5088 15
5088 2044 5104 2043 15
2044 5089 5104 5105 15
5090 2045 5105 5089 15
5089 2045 5105 2044 15
2045 5090 5105 5106 15
5091 2046 5106 5090 15
5090 2046 5106 2045 15
2046 5091 5106 5107 15
5092 2047 5107 5091 15
5091 2047 5107 2046 15
2047 5092 5107 5108 15
5093 2048 5108 5092 15
5092 2048 5108 2047 15
2048 5093 5108 5109 15
5094 2049 5109 5093 15
5093 2049 5109 2048 15
2049 5094 5109 5110 15
5095 2050 5110 5094 15
5094 2050 5110 2049 15
2050 5095 5110 5111 15
5096 2051 5111 5095 15
5095 2051 5111 2050 15
2051 5096 5111 5112 15
5097 2052 5112 5096 15
5096 2052 5112 2051 15
2052 5097 5112 5113 15
5098 2053 5113 5097 15
5097 2053 5113 2052 15
2053 5098 5113 5114 15
5099 2054 5114 5098 15
5098 2054 5114 2053 15
2054 5099 5114 2326 15
2325 333 2326 5099 15
5099 333 2326 2054 15
48 526 49 2055 15
5100 2040 2055 48 15
526 48 5100 2055 15
2040 5100 2055 2056 15
5101 2041 2056 2040 15
5100 2040 5101 2056 15
2041 5101 2056 2057 15
5102 2042 2057 2041 15
5101 2041 5102 2057 15
2042 5102 2057 2058 15
5103 2043 2058 2042 15
5102 2042 5103 2058 15
2043 5103 2058 2059 15
5104 2044 2059 2043 15
5103 2043 5104 2059 15
2044 5104 2059 2060 15
5105 2045 2060 2044 15
5104 2044 5105 2060 15
2045 5105 2060 2061 15
5106 2046 2061 2045 15
5105 2045 5106 2061 15
2046 5106 2061 2062 15
5107 2047 2062 2046 15
5106 2046 5107 2062 15
2047 5107 2062 2063 15
5108 2048 2063 2047 15
5107 2047 5108 2063 15
2048 5108 2063 2064 15
5109 2049 2064 2048 15
5108 2048 5109 2064 15
2049 5109 2064 2065 15
5110 2050 2065 2049 15
5109 2049 5110 2065 15
2050 5110 2065 2066 15
5111 2051 2066 2050 15
5110 2050 5111 2066 15
2051 5111 2066 2067 15
5112 2052 2067 2051 15
5111 2051 5112 2067 15
2052 5112 2067 2068 15
5113 2053 2068 2052 15
5112 2052 5113 2068 15
2053 5113 2068 2069 15
5114 2054 2069 2053 15
5113 2053 5114 2069 15
2054 5114 2069 332 15
2326 333 332 2054 15
5114 2054 2326 332 15
49 526 527 2055 15
5100 2055 5115 526 15
526 2055 5115 527 15
2055 5100 5115 2056 15
5101 2056 5116 5100 15
5100 2056 5116 5115 15
2056 5101 5116 2057 15
5102 2057 5117 5101 15
5101 2057 5117 5116 15
2057 5102 5117 2058 15
5103 2058 5118 5102 15
5102 2058 5118 5117 15
2058 5103 5118 2059 15
5104 2059 5119 5103 15
5103 2059 5119 5118 15
2059 5104 5119 2060 15
5105 2060 5120 5104 15
5104 2060 5120 5119 15
2060 5105 5120 2061 15
5106 2061 5121 5105 15
5105 2061 5121 5120 15
2061 5106 5121 2062 15
5107 2062 5122 5106 15
5106 2062 5122 5121 15
2062 5107 5122 2063 15
5108 2063 5123 5107 15
5107 2063 5123 5122 15
2063 5108 5123 2064 15
5109 2064 5124 5108 15
5108 2064 5124 5123 15
2064 5109 5124 2065 15
5110 2065 5125 5109 15
5109 2065 5125 5124 15
2065 5110 5125 2066 15
5111 2066 5126 5110 15
5110 2066 5126 5125 15
2066 5111 5126 2067 15
5112 2067 5127 5111 15
5111 2067 5127 5126 15
2067 5112 5127 2068 15
5113 2068 5128 5112 15
5112 2068 5128 5127 15
2068 5113 5128 2069 15
5114 2069 5129 5113 15
5113 2069 5129 5128 15
2069 5114 5129 332 15
2326 332 2327 5114 15
5114 332 2327 5129 15
49 527 50 2055 15
5115 2055 2070 527 15
527 2055 2070 50 15
2055 5115 2070 2056 15
5116 2056 2071 5115 15
5115 2056 2071 2070 15
2056 5116 2071 2057 15
5117 2057 2072 5116 15
5116 2057 2072 2071 15
2057 5117 2072 2058 15
5118 2058 2073 5117 15
5117 2058 2073 2072 15
2058 5118 2073 2059 15
5119 2059 2074 5118 15
5118 2059 2074 2073 15
2059 5119 2074 2060 15
5120 2060 2075 5119 15
5119 2060 2075 2074 15
2060 5120 2075 2061 15
5121 2061 2076 5120 15
5120 2061 2076 2075 15
2061 5121 2076 2062 15
5122 2062 2077 5121 15
5121 2062 2077 2076 15
2062 5122 2077 2063 15
5123 2063 2078 5122 15
5122 2063 2078 2077 15
2063 5123 2078 2064 15
5124 2064 2079 5123 15
5123 2064 2079 2078 15
2064 5124 2079 2065 15
5125 2065 2080 5124 15
5124 2065 2080 2079 15
2065 5125 2080 2066 15
5126 2066 2081 5125 15
5125 2066 2081 2080 15
2066 5126 2081 2067 15
5127 2067 2082 5126 15
5126 2067 2082 2081 15
2067 5127 2082 2068 15
5128 2068 2083 5127 15
5127 2068 2083 2082 15
2068 5128 2083 2069 15
5129 2069 2084 5128 15
5128 2069 2084 2083 15
2069 5129 2084 332 15
2327 332 331 5129 15
5129 332 331 2084 15
50 527 528 5130 15
5115 2070 5130 527 15
527 2070 5130 50 15
2070 5115 5130 5131 15
5116 2071 5131 5115 15
5115 2071 5131 2070 15
2071 5116 5131 5132 15
5117 2072 5132 5116 15
5116 2072 5132 2071 15
2072 5117 5132 5133 15
5118 2073 5133 5117 15
5117 2073 5133 2072 15
2073 5118 5133 5134 15
5119 2074 5134 5118 15
5118 2074 5134 2073 15
2074 5119 5134 5135 15
5120 2075 5135 5119 15
5119 2075 5135 2074 15
2075 5120 5135 5136 15
5121 2076 5136 5120 15
5120 2076 5136 2075 15
2076 5121 5136 5137 15
5122 2077 5137 5121 15
5121 2077 5137 2076 15
2077 5122 5137 5138 15
5123 2078 5138 5122 15
5122 2078 5138 2077 15
2078 5123 5138 5139 15
5124 2079 5139 5123 15
5123 2079 5139 2078 15
2079 5124 5139 5140 15
5125 2080 5140 5124 15
5124 2080 5140 2079 15
2080 5125 5140 5141 15
5126 2081 5141 5125 15
5125 2081 5141 2080 15
2081 5126 5141 5142 15
5127 2082 5142 5126 15
5126 2082 5142 2081 15
2082 5127 5142 5143 15
5128 2083 5143 5127 15
5127 2083 5143 2082 15
2083 5128 5143 5144 15
5129 2084 5144 5128 15
5128 2084 5144 2083 15
2084 5129 5144 2328 15
2327 331 2328 5129 15
5129 331 2328 2084 15
50 528 51 2085 15
5130 2070 2085 50 15
528 50 5130 2085 15
2070 5130 2085 2086 15
5131 2071 2086 2070 15
5130 2070 5131 2086 15
2071 5131 2086 2087 15
5132 2072 2087 2071 15
5131 2071 5132 2087 15
2072 5132 2087 2088 15
5133 2073 2088 2072 15
5132 2072 5133 2088 15
2073 5133 2088 2089 15
5134 2074 2089 2073 15
5133 2073 5134 2089 15
2074 5134 2089 2090 15
5135 2075 2090 2074 15
5134 2074 5135 2090 15
2075 5135 2090 2091 15
5136 2076 2091 2075 15
5135 2075 5136 2091 15
2076 5136 2091 2092 15
5137 2077 2092 2076 15
5136 2076 5137 2092 15
2077 5137 2092 2093 15
5138 2078 2093 2077 15
5137 2077 5138 2093 15
2078 5138 2093 2094 15
5139 2079 2094 2078 15
5138 2078 5139 2094 15
2079 5139 2094 2095 15
5140 2080 2095 2079 15
5139 2079 5140 2095 15
2080 5140 2095 2096 15
5141 2081 2096 2080 15
5140 2080 5141 2096 15
2081 5141 2096 2097 15
5142 2082 2097 2081 15
5141 2081 5142 2097 15
2082 5142 2097 2098 15
5143 2083 2098 2082 15
5142 2082 5143 2098 15
2083 5143 2098 2099 15
5144 2084 2099 2083 15
5143 2083 5144 2099 15
2084 5144 2099 330 15
2328 331 330 2084 15
5144 2084 2328 330 15
51 528 529 5145 15
5130 2085 5145 528 15
528 2085 5145 51 15
2085 5130 5145 5146 15
5131 2086 5146 5130 15
5130 2086 5146 2085 15
2086 5131 5146 5147 15
5132 2087 5147 5131 15
5131 2087 5147 2086 15
2087 5132 5147 5148 15
5133 2088 5148 5132 15
5132 2088 5148 2087 15
2088 5133 5148 5149 15
5134 2089 5149 5133 15
5133 2089 5149 2088 15
2089 5134 5149 5150 15
5135 2090 5150 5134 15
5134 2090 5150 2089 15
2090 5135 5150 5151 15
5136 2091 5151 5135 15
5135 2091 5151 2090 15
2091 5136 5151 5152 15
5137 2092 5152 5136 15
5136 2092 5152 2091 15
2092 5137 5152 5153 15
5138 2093 5153 5137 15
5137 2093 5153 2092 15
2093 5138 5153 5154 15
5139 2094 5154 5138 15
5138 2094 5154 2093 15
2094 5139 5154 5155 15
5140 2095 5155 5139 15
5139 2095 5155 2094 15
2095 5140 5155 5156 15
5141 2096 5156 5140 15
5140 2096 5156 2095 15
2096 5141 5156 5157 15
5142 2097 5157 5141 15
5141 2097 5157 2096 15
2097 5142 5157 5158 15
5143 2098 5158 5142 15
5142 2098 5158 2097 15
2098 5143 5158 5159 15
5144 2099 5159 5143 15
5143 2099 5159 2098 15
2099 5144 5159 2329 15
2328 330 2329 5144 15
5144 330 2329 2099 15
51 529 52 2100 15
5145 2085 2100 51 15
529 51 5145 2100 15
2085 5145 2100 2101 15
5146 2086 2101 2085 15
5145 2085 5146 2101 15
2086 5146 2101 2102 15
5147 2087 2102 2086 15
5146 2086 5147 2102 15
2087 5147 2102 2103 15
5148 2088 2103 2087 15
5147 2087 5148 2103 15
2088 5148 2103 2104 15
5149 2089 2104 2088 15
5148 2088 5149 2104 15
2089 5149 2104 2105 15
5150 2090 2105 2089 15
5149 2089 5150 2105 15
2090 5150 2105 2106 15
5151 2091 2106 2090 15
5150 2090 5151 2106 15
2091 5151 2106 2107 15
5152 2092 2107 2091 15
5151 2091 5152 2107 15
2092 5152 2107 2108 15
5153 2093 2108 2092 15
5152 2092 5153 2108 15
2093 5153 2108 2109 15
5154 2094 2109 2093 15
5153 2093 5154 2109 15
2094 5154 2109 2110 15
5155 2095 2110 2094 15
5154 2094 5155 2110 15
2095 5155 2110 2111 15
5156 2096 2111 2095 15
5155 2095 5156 2111 15
2096 5156 2111 2112 15
5157 2097 2112 2096 15
5156 2096 5157 2112 15
2097 5157 2112 2113 15
5158 2098 2113 2097 15
5157 2097 5158 2113 15
2098 5158 2113 2114 15
5159 2099 2114 2098 15
5158 2098 5159 2114 15
2099 5159 2114 329 15
2329 330 329 2099 15
5159 2099 2329 329 15
52 529 530 5160 15
5145 2100 5160 529 15
529 2100 5160 52 15
2100 5145 5160 5161 15
5146 2101 5161 5145 15
5145 2101 5161 2100 15
2101 5146 5161 5162 15
5147 2102 5162 5146 15
5146 2102 5162 2101 15
2102 5147 5162 5163 15
5148 2103 5163 5147 15
5147 2103 5163 2102 15
2103 5148 5163 5164 15
5149 2104 5164 5148 15
5148 2104 5164 2103 15
2104 5149 5164 5165 15
5150 2105 5165 5149 15
5149 2105 5165 2104 15
2105 5150 5165 5166 15
5151 2106 5166 5150 15
5150 2106 5166 2105 15
2106 5151 5166 5167 15
5152 2107 5167 5151 15
5151 2107 5167 2106 15
2107 5152 5167 5168 15
5153 2108 5168 5152 15
5152 2108 5168 2107 15
2108 5153 5168 5169 15
5154 2109 5169 5153 15
5153 2109 5169 2108 15
2109 5154 5169 5170 15
5155 2110 5170 5154 15
5154 2110 5170 2109 15
2110 5155 5170 5171 15
5156 2111 5171 5155 15
5155 2111 5171 2110 15
2111 5156 5171 5172 15
5157 2112 5172 5156 15
5156 2112 5172 2111 15
2112 5157 5172 5173 15
5158 2113 5173 5157 15
5157 2113 5173 2112 15
2113 5158 5173 5174 15
5159 2114 5174 5158 15
5158 2114 5174 2113 15
2114 5159 5174 2330 15
2329 329 2330 5159 15
5159 329 2330 2114 15
52 530 53 2115 15
5160 2100 2115 52 15
530 52 5160 2115 15
2100 5160 2115 2116 15
5161 2101 2116 2100 15
5160 2100 5161 2116 15
2101 5161 2116 2117 15
5162 2102 2117 2101 15
5161 2101 5162 2117 15
2102 5162 2117 2118 15
5163 2103 2118 2102 15
5162 2102 5163 2118 15
2103 5163 2118 2119 15
5164 2104 2119 2103 15
5163 2103 5164 2119 15
2104 5164 2119 2120 15
5165 2105 2120 2104 15
5164 2104 5165 2120 15
2105 5165 2120 2121 15
5166 2106 2121 2105 15
5165 2105 5166 2121 15
2106 5166 2121 2122 15
5167 2107 2122 2106 15
5166 2106 5167 2122 15
2107 5167 2122 2123 15
5168 2108 2123 2107 15
5167 2107 5168 2123 15
2108 5168 2123 2124 15
5169 2109 2124 2108 15
5168 2108 5169 2124 15
2109 5169 2124 2125 15
5170 2110 2125 2109 15
5169 2109 5170 2125 15
2110 5170 2125 2126 15
5171 2111 2126 2110 15
5170 2110 5171 2126 15
2111 5171 2126 2127 15
5172 2112 2127 2111 15
5171 2111 5172 2127 15
2112 5172 2127 2128 15
5173 2113 2128 2112 15
5172 2112 5173 2128 15
2113 5173 2128 2129 15
5174 2114 2129 2113 15
5173 2113 5174 2129 15
2114 5174 2129 328 15
2330 329 328 2114 15
5174 2114 2330 328 15
53 530 531 5175 15
5160 2115 5175 530 15
530 2115 5175 53 15
2115 5160 5175 5176 15
5161 2116 5176 5160 15
5160 2116 5176 2115 15
2116 5161 5176 5177 15
5162 2117 5177 5161 15
5161 2117 5177 2116 15
2117 5162 5177 5178 15
5163 2118 5178 5162 15
5162 2118 5178 2117 15
2118 5163 5178 5179 15
5164 2119 5179 5163 15
5163 2119 5179 2118 15
2119 5164 5179 5180 15
5165 2120 5180 5164 15
5164 2120 5180 2119 15
2120 5165 5180 5181 15
5166 2121 5181 5165 15
5165 2121 5181 2120 15
2121 5166 5181 5182 15
5167 2122 5182 5166 15
5166 2122 5182 2121 15
2122 5167 5182 5183 15
5168 2123 5183 5167 15
5167 2123 5183 2122 15
2123 5168 5183 5184 15
5169 2124 5184 5168 15
5168 2124 5184 2123 15
2124 5169 5184 5185 15
5170 2125 5185 5169 15
5169 2125 5185 2124 15
2125 5170 5185 5186 15
5171 2126 5186 5170 15
5170 2126 5186 2125 15
2126 5171 5186 5187 15
5172 2127 5187 5171 15
5171 2127 5187 2126 15
2127 5172 5187 5188 15
5173 2128 5188 5172 15
5172 2128 5188 2127 15
2128 5173 5188 5189 15
5174 2129 5189 5173 15
5173 2129 5189 2128 15
2129 5174 5189 2331 15
2330 328 2331 5174 15
5174 328 2331 2129 15
53 531 54 2130 15
5175 2115 2130 53 15
531 53 5175 2130 15
2115 5175 2130 2131 15
5176 2116 2131 2115 15
5175 2115 5176 2131 15
2116 5176 2131 2132 15
5177 2117 2132 2116 15
5176 2116 5177 2132 15
2117 5177 2132 2133 15
5178 2118 2133 2117 15
5177 2117 5178 2133 15
2118 5178 2133 2134 15
5179 2119 2134 2118 15
5178 2118 5179 2134 15
2119 5179 2134 2135 15
5180 2120 2135 2119 15
5179 2119 5180 2135 15
2120 5180 2135 2136 15
5181 2121 2136 2120 15
5180 2120 5181 2136 15
2121 5181 2136 2137 15
5182 2122 2137 2121 15
5181 2121 5182 2137 15
2122 5182 2137 2138 15
5183 2123 2138 2122 15
5182 2122 5183 2138 15
2123 5183 2138 2139 15
5184 2124 2139 2123 15
5183 2123 5184 2139 15
2124 5184 2139 2140 15
5185 2125 2140 2124 15
5184 2124 5185 2140 15
2125 5185 2140 2141 15
5186 2126 2141 2125 15
5185 2125 5186 2141 15
2126 5186 2141 2142 15
5187 2127 2142 2126 15
5186 2126 5187 2142 15
2127 5187 2142 2143 15
5188 2128 2143 2127 15
5187 2127 5188 2143 15
2128 5188 2143 2144 15
5189 2129 2144 2128 15
5188 2128 5189 2144 15
2129 5189 2144 327 15
2331 328 327 2129 15
5189 2129 2331 327 15
54 531 532 5190 15
5175 2130 5190 531 15
531 2130 5190 54 15
2130 5175 5190 5191 15
5176 2131 5191 5175 15
5175 2131 5191 2130 15
2131 5176 5191 5192 15
5177 2132 5192 5176 15
5176 2132 5192 2131 15
2132 5177 5192 5193 15
5178 2133 5193 5177 15
5177 2133 5193 2132 15
2133 5178 5193 5194 15
5179 2134 5194 5178 15
5178 2134 5194 2133 15
2134 5179 5194 5195 15
5180 2135 5195 5179 15
5179 2135 5195 2134 15
2135 5180 5195 5196 15
5181 2136 5196 5180 15
5180 2136 5196 2135 15
2136 5181 5196 5197 15
5182 2137 5197 5181 15
5181 2137 5197 2136 15
2137 5182 5197 5198 15
5183 2138 5198 5182 15
5182 2138 5198 2137 15
2138 5183 5198 5199 15
5184 2139 5199 5183 15
5183 2139 5199 2138 15
2139 5184 5199 5200 15
5185 2140 5200 5184 15
5184 2140 5200 2139 15
2140 5185 5200 5201 15
5186 2141 5201 5185 15
5185 2141 5201 2140 15
2141 5186 5201 5202 15
5187 2142 5202 5186 15
5186 2142 5202 2141 15
2142 5187 5202 5203 15
5188 2143 5203 5187 15
5187 2143 5203 2142 15
2143 5188 5203 5204 15
5189 2144 5204 5188 15
5188 2144 5204 2143 15
2144 5189 5204 2332 15
2331 327 2332 5189 15
5189 327 2332 2144 15
54 532 55 2145 15
5190 2130 2145 54 15
532 54 5190 2145 15
2130 5190 2145 2146 15
5191 2131 2146 2130 15
5190 2130 5191 2146 15
2131 5191 2146 2147 15
5192 2132 2147 2131 15
5191 2131 5192 2147 15
2132 5192 2147 2148 15
5193 2133 2148 2132 15
5192 2132 5193 2148 15
2133 5193 2148 2149 15
5194 2134 2149 2133 15
5193 2133 5194 2149 15
2134 5194 2149 2150 15
5195 2135 2150 2134 15
5194 2134 5195 2150 15
2135 5195 2150 2151 15
5196 2136 2151 2135 15
5195 2135 5196 2151 15
2136 5196 2151 2152 15
5197 2137 2152 2136 15
5196 2136 5197 2152 15
2137 5197 2152 2153 15
5198 2138 2153 2137 15
5197 2137 5198 2153 15
2138 5198 2153 2154 15
5199 2139 2154 2138 15
5198 2138 5199 2154 15
2139 5199 2154 2155 15
5200 2140 2155 2139 15
5199 2139 5200 2155 15
2140 5200 2155 2156 15
5201 2141 2156 2140 15
5200 2140 5201 2156 15
2141 5201 2156 2157 15
5202 2142 2157 2141 15
5201 2141 5202 2157 15
2142 5202 2157 2158 15
5203 2143 2158 2142 15
5202 2142 5203 2158 15
2143 5203 2158 2159 15
5204 2144 2159 2143 15
5203 2143 5204 2159 15
2144 5204 2159 326 15
2332 327 326 2144 15
5204 2144 2332 326 15
55 532 533 5205 15
5190 2145 5205 532 15
532 2145 5205 55 15
2145 5190 5205 5206 15
5191 2146 5206 5190 15
5190 2146 5206 2145 15
2146 5191 5206 5207 15
5192 2147 5207 5191 15
5191 2147 5207 2146 15
2147 5192 5207 5208 15
5193 2148 5208 5192 15
5192 2148 5208 2147 15
2148 5193 5208 5209 15
5194 2149 5209 5193 15
5193 2149 5209 2148 15
2149 5194 5209 5210 15
5195 2150 5210 5194 15
5194 2150 5210 2149 15
2150 5195 5210 5211 15
5196 2151 5211 5195 15
5195 2151 5211 2150 15
2151 5196 5211 5212 15
5197 2152 5212 5196 15
5196 2152 5212 2151 15
2152 5197 5212 5213 15
5198 2153 5213 5197 15
5197 2153 5213 2152 15
2153 5198 5213 5214 15
5199 2154 5214 5198 15
5198 2154 5214 2153 15
2154 5199 5214 5215 15
5200 2155 5215 5199 15
5199 2155 5215 2154 15
2155 5200 5215 5216 15
5201 2156 5216 5200 15
5200 2156 5216 2155 15
2156 5201 5216 5217 15
5202 2157 5217 5201 15
5201 2157 5217 2156 15
2157 5202 5217 5218 15
5203 2158 5218 5202 15
5202 2158 5218 2157 15
2158 5203 5218 5219 15
5204 2159 5219 5203 15
5203 2159 5219 2158 15
2159 5204 5219 2333 15
2332 326 2333 5204 15
5204 326 2333 2159 15
55 533 56 2160 15
5205 2145 2160 55 15
533 55 5205 2160 15
2145 5205 2160 2161 15
5206 2146 2161 2145 15
5205 2145 5206 2161 15
2146 5206 2161 2162 15
5207 2147 2162 2146 15
5206 2146 5207 2162 15
2147 5207 2162 2163 15
5208 2148 2163 2147 15
5207 2147 5208 2163 15
2148 5208 2163 2164 15
5209 2149 2164 2148 15
5208 2148 5209 2164 15
2149 5209 2164 2165 15
5210 2150 2165 2149 15
5209 2149 5210 2165 15
2150 5210 2165 2166 15
5211 2151 2166 2150 15
5210 2150 5211 2166 15
2151 5211 2166 2167 15
5212 2152 2167 2151 15
5211 2151 5212 2167 15
2152 5212 2167 2168 15
5213 2153 2168 2152 15
5212 2152 5213 2168 15
2153 5213 2168 2169 15
5214 2154 2169 2153 15
5213 2153 5214 2169 15
2154 5214 2169 2170 15
5215 2155 2170 2154 15
5214 2154 5215 2170 15
2155 5215 2170 2171 15
5216 2156 2171 2155 15
5215 2155 5216 2171 15
2156 5216 2171 2172 15
5217 2157 2172 2156 15
5216 2156 5217 2172 15
2157 5217 2172 2173 15
5218 2158 2173 2157 15
5217 2157 5218 2173 15
2158 5218 2173 2174 15
5219 2159 2174 2158 15
5218 2158 5219 2174 15
2159 5219 2174 325 15
2333 326 325 2159 15
5219 2159 2333 325 15
56 533 534 5220 15
5205 2160 5220 533 15
533 2160 5220 56 15
2160 5205 5220 5221 15
5206 2161 5221 5205 15
5205 2161 5221 2160 15
2161 5206 5221 5222 15
5207 2162 5222 5206 15
5206 2162 5222 2161 15
2162 5207 5222 5223 15
5208 2163 5223 5207 15
5207 2163 5223 2162 15
2163 5208 5223 5224 15
5209 2164 5224 5208 15
5208 2164 5224 2163 15
2164 5209 5224 5225 15
5210 2165 5225 5209 15
5209 2165 5225 2164 15
2165 5210 5225 5226 15
5211 2166 5226 5210 15
5210 2166 5226 2165 15
2166 5211 5226 5227 15
5212 2167 5227 5211 15
5211 2167 5227 2166 15
2167 5212 5227 5228 15
5213 2168 5228 5212 15
5212 2168 5228 2167 15
2168 5213 5228 5229 15
5214 2169 5229 5213 15
5213 2169 5229 2168 15
2169 5214 5229 5230 15
5215 2170 5230 5214 15
5214 2170 5230 2169 15
2170 5215 5230 5231 15
5216 2171 5231 5215 15
5215 2171 5231 2170 15
2171 5216 5231 5232 15
5217 2172 5232 5216 15
5216 2172 5232 2171 15
2172 5217 5232 5233 15
5218 2173 5233 5217 15
5217 2173 5233 2172 15
2173 5218 5233 5234 15
5219 2174 5234 5218 15
5218 2174 5234 2173 15
2174 5219 5234 2334 15
2333 325 2334 5219 15
5219 325 2334 2174 15
56 534 1 168 15
5220 2160 168 56 15
534 56 5220 168 15
2160 5220 168 169 15
5221 2161 169 2160 15
5220 2160 5221 169 15
2161 5221 169 170 15
5222 2162 170 2161 15
5221 2161 5222 170 15
2162 5222 170 171 15
5223 2163 171 2162 15
5222 2162 5223 171 15
2163 5223 171 172 15
5224 2164 172 2163 15
5223 2163 5224 172 15
2164 5224 172 173 15
5225 2165 173 2164 15
5224 2164 5225 173 15
2165 5225 173 174 15
5226 2166 174 2165 15
5225 2165 5226 174 15
2166 5226 174 175 15
5227 2167 175 2166 15
5226 2166 5227 175 15
2167 5227 175 176 15
5228 2168 176 2167 15
5227 2167 5228 176 15
2168 5228 176 177 15
5229 2169 177 2168 15
5228 2168 5229 177 15
2169 5229 177 178 15
5230 2170 178 2169 15
5229 2169 5230 178 15
2170 5230 178 179 15
5231 2171 179 2170 15
5230 2170 5231 179 15
2171 5231 179 180 15
5232 2172 180 2171 15
5231 2171 5232 180 15
2172 5232 180 181 15
5233 2173 181 2172 15
5232 2172 5233 181 15
2173 5233 181 182 15
5234 2174 182 2173 15
5233 2173 5234 182 15
2174 5234 182 10 15
2334 325 10 2174 15
5234 2174 2334 10 15
1 534 97 168 15
5220 168 735 534 15
534 168 735 97 15
168 5220 735 169 15
5221 169 736 5220 15
5220 169 736 735 15
169 5221 736 170 15
5222 170 737 5221 15
5221 170 737 736 15
170 5222 737 171 15
5223 171 738 5222 15
5222 171 738 737 15
171 5223 738 172 15
5224 172 739 5223 15
5223 172 739 738 15
172 5224 739 173 15
5225 173 740 5224 15
5224 173 740 739 15
173 5225 740 174 15
5226 174 741 5225 15
5225 174 741 740 15
174 5226 741 175 15
5227 175 742 5226 15
5226 175 742 741 15
175 5227 742 176 15
5228 176 743 5227 15
5227 176 743 742 15
176 5228 743 177 15
5229 177 744 5228 15
5228 177 744 743 15
177 5229 744 178 15
5230 178 745 5229 15
5229 178 745 744 15
178 5230 745 179 15
5231 179 746 5230 15
5230 179 746 745 15
179 5231 746 180 15
5232 180 747 5231 15
5231 180 747 746 15
180 5232 747 181 15
5233 181 748 5232 15
5232 181 748 747 15
181 5233 748 182 15
5234 182 749 5233 15
5233 182 749 748 15
182 5234 749 10 15
2334 10 131 5234 15
5234 10 131 749 15
115 116 525 5085 15
1890 1875 5085 115 15
116 115 1890 5085 15
1875 1890 5085 5086 15
1891 1876 5086 1875 15
1890 1875 1891 5086 15
1876 1891 5086 5087 15
1892 1877 5087 1876 15
1891 1876 1892 5087 15
1877 1892 5087 5088 15
1893 1878 5088 1877 15
1892 1877 1893 5088 15
1878 1893 5088 5089 15
1894 1879 5089 1878 15
1893 1878 1894 5089 15
1879 1894 5089 5090 15
1895 1880 5090 1879 15
1894 1879 1895 5090 15
1880 1895 5090 5091 15
1896 1881 5091 1880 15
1895 1880 1896 5091 15
1881 1896 5091 5092 15
1897 1882 5092 1881 15
1896 1881 1897 5092 15
1882 1897 5092 5093 15
1898 1883 5093 1882 15
1897 1882 1898 5093 15
1883 1898 5093 5094 15
1899 1884 5094 1883 15
1898 1883 1899 5094 15
1884 1899 5094 5095 15
1900 1885 5095 1884 15
1899 1884 1900 5095 15
1885 1900 5095 5096 15
1901 1886 5096 1885 15
1900 1885 1901 5096 15
1886 1901 5096 5097 15
1902 1887 5097 1886 15
1901 1886 1902 5097 15
1887 1902 5097 5098 15
1903 1888 5098 1887 15
1902 1887 1903 5098 15
1888 1903 5098 5099 15
1904 1889 5099 1888 15
1903 1888 1904 5099 15
1889 1904 5099 2325 15
293 294 2325 1889 15
1904 1889 293 2325 15
525 116 535 5235 15
1890 5085 5235 116 15
116 5085 5235 525 15
5085 1890 5235 5236 15
1891 5086 5236 1890 15
1890 5086 5236 5085 15
5086 1891 5236 5237 15
1892 5087 5237 1891 15
1891 5087 5237 5086 15
5087 1892 5237 5238 15
1893 5088 5238 1892 15
1892 5088 5238 5087 15
5088 1893 5238 5239 15
1894 5089 5239 1893 15
1893 5089 5239 5088 15
5089 1894 5239 5240 15
1895 5090 5240 1894 15
1894 5090 5240 5089 15
5090 1895 5240 5241 15
1896 5091 5241 1895 15
1895 5091 5241 5090 15
5091 1896 5241 5242 15
1897 5092 5242 1896 15
1896 5092 5242 5091 15
5092 1897 5242 5243 15
1898 5093 5243 1897 15
1897 5093 5243 5092 15
5093 1898 5243 5244 15
1899 5094 5244 1898 15
1898 5094 5244 5093 15
5094 1899 5244 5245 15
1900 5095 5245 1899 15
1899 5095 5245 5094 15
5095 1900 5245 5246 15
1901 5096 5246 1900 15
1900 5096 5246 5095 15
5096 1901 5246 5247 15
1902 5097 5247 1901 15
1901 5097 5247 5096 15
5097 1902 5247 5248 15
1903 5098 5248 1902 15
1902 5098 5248 5097 15
5098 1903 5248 5249 15
1904 5099 5249 1903 15
1903 5099 5249 5098 15
5099 1904 5249 2335 15
293 2325 2335 1904 15
1904 2325 2335 5099 15
525 535 526 5100 15
5235 5085 5100 525 15
535 525 5235 5100 15
5085 5235 5100 5101 15
5236 5086 5101 5085 15
5235 5085 5236 5101 15
5086 5236 5101 5102 15
5237 5087 5102 5086 15
5236 5086 5237 5102 15
5087 5237 5102 5103 15
5238 5088 5103 5087 15
5237 5087 5238 5103 15
5088 5238 5103 5104 15
5239 5089 5104 5088 15
5238 5088 5239 5104 15
5089 5239 5104 5105 15
5240 5090 5105 5089 15
5239 5089 5240 5105 15
5090 5240 5105 5106 15
5241 5091 5106 5090 15
5240 5090 5241 5106 15
5091 5241 5106 5107 15
5242 5092 5107 5091 15
5241 5091 5242 5107 15
5092 5242 5107 5108 15
5243 5093 5108 5092 15
5242 5092 5243 5108 15
5093 5243 5108 5109 15
5244 5094 5109 5093 15
5243 5093 5244 5109 15
5094 5244 5109 5110 15
5245 5095 5110 5094 15
5244 5094 5245 5110 15
5095 5245 5110 5111 15
5246 5096 5111 5095 15
5245 5095 5246 5111 15
5096 5246 5111 5112 15
5247 5097 5112 5096 15
5246 5096 5247 5112 15
5097 5247 5112 5113 15
5248 5098 5113 5097 15
5247 5097 5248 5113 15
5098 5248 5113 5114 15
5249 5099 5114 5098 15
5248 5098 5249 5114 15
5099 5249 5114 2326 15
2335 2325 2326 5099 15
5249 5099 2335 2326 15
526 535 536 5250 15
5235 5100 5250 535 15
535 5100 5250 526 15
5100 5235 5250 5251 15
5236 5101 5251 5235 15
5235 5101 5251 5100 15
5101 5236 5251 5252 15
5237 5102 5252 5236 15
5236 5102 5252 5101 15
5102 5237 5252 5253 15
5238 5103 5253 5237 15
5237 5103 5253 5102 15
5103 5238 5253 5254 15
5239 5104 5254 5238 15
5238 5104 5254 5103 15
5104 5239 5254 5255 15
5240 5105 5255 5239 15
5239 5105 5255 5104 15
5105 5240 5255 5256 15
5241 5106 5256 5240 15
5240 5106 5256 5105 15
5106 5241 5256 5257 15
5242 5107 5257 5241 15
5241 5107 5257 5106 15
5107 5242 5257 5258 15
5243 5108 5258 5242 15
5242 5108 5258 5107 15
5108 5243 5258 5259 15
5244 5109 5259 5243 15
5243 5109 5259 5108 15
5109 5244 5259 5260 15
5245 5110 5260 5244 15
5244 5110 5260 5109 15
5110 5245 5260 5261 15
5246 5111 5261 5245 15
5245 5111 5261 5110 15
5111 5246 5261 5262 15
5247 5112 5262 5246 15
5246 5112 5262 5111 15
5112 5247 5262 5263 15
5248 5113 5263 5247 15
5247 5113 5263 5112 15
5113 5248 5263 5264 15
5249 5114 5264 5248 15
5248 5114 5264 5113 15
5114 5249 5264 2336 15
2335 2326 2336 5249 15
5249 2326 2336 5114 15
526 536 527 5115 15
5250 5100 5115 526 15
536 526 5250 5115 15
5100 5250 5115 5116 15
5251 5101 5116 5100 15
5250 5100 5251 5116 15
5101 5251 5116 5117 15
5252 5102 5117 5101 15
5251 5101 5252 5117 15
5102 5252 5117 5118 15
5253 5103 5118 5102 15
5252 5102 5253 5118 15
5103 5253 5118 5119 15
5254 5104 5119 5103 15
5253 5103 5254 5119 15
5104 5254 5119 5120 15
5255 5105 5120 5104 15
5254 5104 5255 5120 15
5105 5255 5120 5121 15
5256 5106 5121 5105 15
5255 5105 5256 5121 15
5106 5256 5121 5122 15
5257 5107 5122 5106 15
5256 5106 5257 5122 15
5107 5257 5122 5123 15
5258 5108 5123 5107 15
5257 5107 5258 5123 15
5108 5258 5123 5124 15
5259 5109 5124 5108 15
5258 5108 5259 5124 15
5109 5259 5124 5125 15
5260 5110 5125 5109 15
5259 5109 5260 5125 15
5110 5260 5125 5126 15
5261 5111 5126 5110 15
5260 5110 5261 5126 15
5111 5261 5126 5127 15
5262 5112 5127 5111 15
5261 5111 5262 5127 15
5112 5262 5127 5128 15
5263 5113 5128 5112 15
5262 5112 5263 5128 15
5113 5263 5128 5129 15
5264 5114 5129 5113 15
5263 5113 5264 5129 15
5114 5264 5129 2327 15
2336 2326 2327 5114 15
5264 5114 2336 2327 15
527 536 537 5265 15
5250 5115 5265 536 15
536 5115 5265 527 15
5115 5250 5265 5266 15
5251 5116 5266 5250 15
5250 5116 5266 5115 15
5116 5251 5266 5267 15
5252 5117 5267 5251 15
5251 5117 5267 5116 15
5117 5252 5267 5268 15
5253 5118 5268 5252 15
5252 5118 5268 5117 15
5118 5253 5268 5269 15
5254 5119 5269 5253 15
5253 5119 5269 5118 15
5119 5254 5269 5270 15
5255 5120 5270 5254 15
5254 5120 5270 5119 15
5120 5255 5270 5271 15
5256 5121 5271 5255 15
5255 5121 5271 5120 15
5121 5256 5271 5272 15
5257 5122 5272 5256 15
5256 5122 5272 5121 15
5122 5257 5272 5273 15
5258 5123 5273 5257 15
5257 5123 5273 5122 15
5123 5258 5273 5274 15
5259 5124 5274 5258 15
5258 5124 5274 5123 15
5124 5259 5274 5275 15
5260 5125 5275 5259 15
5259 5125 5275 5124 15
5125 5260 5275 5276 15
5261 5126 5276 5260 15
5260 5126 5276 5125 15
5126 5261 5276 5277 15
5262 5127 5277 5261 15
5261 5127 5277 5126 15
5127 5262 5277 5278 15
5263 5128 5278 5262 15
5262 5128 5278 5127 15
5128 5263 5278 5279 15
5264 5129 5279 5263 15
5263 5129 5279 5128 15
5129 5264 5279 2337 15
2336 2327 2337 5264 15
5264 2327 2337 5129 15
527 537 528 5130 15
5265 5115 5130 527 15
537 527 5265 5130 15
5115 5265 5130 5131 15
5266 5116 5131 5115 15
5265 5115 5266 5131 15
5116 5266 5131 5132 15
5267 5117 5132 5116 15
5266 5116 5267 5132 15
5117 5267 5132 5133 15
5268 5118 5133 5117 15
5267 5117 5268 5133 15
5118 5268 5133 5134 15
5269 5119 5134 5118 15
5268 5118 5269 5134 15
5119 5269 5134 5135 15
5270 5120 5135 5119 15
5269 5119 5270 5135 15
5120 5270 5135 5136 15
5271 5121 5136 5120 15
5270 5120 5271 5136 15
5121 5271 5136 5137 15
5272 5122 5137 5121 15
5271 5121 5272 5137 15
5122 5272 5137 5138 15
5273 5123 5138 5122 15
5272 5122 5273 5138 15
5123 5273 5138 5139 15
5274 5124 5139 5123 15
5273 5123 5274 5139 15
5124 5274 5139 5140 15
5275 5125 5140 5124 15
5274 5124 5275 5140 15
5125 5275 5140 5141 15
5276 5126 5141 5125 15
5275 5125 5276 5141 15
5126 5276 5141 5142 15
5277 5127 5142 5126 15
5276 5126 5277 5142 15
5127 5277 5142 5143 15
5278 5128 5143 5127 15
5277 5127 5278 5143 15
5128 5278 5143 5144 15
5279 5129 5144 5128 15
5278 5128 5279 5144 15
5129 5279 5144 2328 15
2337 2327 2328 5129 15
5279 5129 2337 2328 15
528 537 538 5280 15
5265 5130 5280 537 15
537 5130 5280 528 15
5130 5265 5280 5281 15
5266 5131 5281 5265 15
5265 5131 5281 5130 15
5131 5266 5281 5282 15
5267 5132 5282 5266 15
5266 5132 5282 5131 15
5132 5267 5282 5283 15
5268 5133 5283 5267 15
5267 5133 5283 5132 15
5133 5268 5283 5284 15
5269 5134 5284 5268 15
5268 5134 5284 5133 15
5134 5269 5284 5285 15
5270 5135 5285 5269 15
5269 5135 5285 5134 15
5135 5270 5285 5286 15
5271 5136 5286 5270 15
5270 5136 5286 5135 15
5136 5271 5286 5287 15
5272 5137 5287 5271 15
5271 5137 5287 5136 15
5137 5272 5287 5288 15
5273 5138 5288 5272 15
5272 5138 5288 5137 15
5138 5273 5288 5289 15
5274 5139 5289 5273 15
5273 5139 5289 5138 15
5139 5274 5289 5290 15
5275 5140 5290 5274 15
5274 5140 5290 5139 15
5140 5275 5290 5291 15
5276 5141 5291 5275 15
5275 5141 5291 5140 15
5141 5276 5291 5292 15
5277 5142 5292 5276 15
5276 5142 5292 5141 15
5142 5277 5292 5293 15
5278 5143 5293 5277 15
5277 5143 5293 5142 15
5143 5278 5293 5294 15
5279 5144 5294 5278 15
5278 5144 5294 5143 15
5144 5279 5294 2338 15
2337 2328 2338 5279 15
5279 2328 2338 5144 15
528 538 529 5145 15
5280 5130 5145 528 15
538 528 5280 5145 15
5130 5280 5145 5146 15
5281 5131 5146 5130 15
5280 5130 5281 5146 15
5131 5281 5146 5147 15
5282 5132 5147 5131 15
5281 5131 5282 5147 15
5132 5282 5147 5148 15
5283 5133 5148 5132 15
5282 5132 5283 5148 15
5133 5283 5148 5149 15
5284 5134 5149 5133 15
5283 5133 5284 5149 15
5134 5284 5149 5150 15
5285 5135 5150 5134 15
5284 5134 5285 5150 15
5135 5285 5150 5151 15
5286 5136 5151 5135 15
5285 5135 5286 5151 15
5136 5286 5151 5152 15
5287 5137 5152 5136 15
5286 5136 5287 5152 15
5137 5287 5152 5153 15
5288 5138 5153 5137 15
5287 5137 5288 5153 15
5138 5288 5153 5154 15
5289 5139 5154 5138 15
5288 5138 5289 5154 15
5139 5289 5154 5155 15
5290 5140 5155 5139 15
5289 5139 5290 5155 15
5140 5290 5155 5156 15
5291 5141 5156 5140 15
5290 5140 5291 5156 15
5141 5291 5156 5157 15
5292 5142 5157 5141 15
5291 5141 5292 5157 15
5142 5292 5157 5158 15
5293 5143 5158 5142 15
5292 5142 5293 5158 15
5143 5293 5158 5159 15
5294 5144 5159 5143 15
5293 5143 5294 5159 15
5144 5294 5159 2329 15
2338 2328 2329 5144 15
5294 5144 2338 2329 15
529 538 539 5295 15
5280 5145 5295 538 15
538 5145 5295 529 15
5145 5280 5295 5296 15
5281 5146 5296 5280 15
5280 5146 5296 5145 15
5146 5281 5296 5297 15
5282 5147 5297 5281 15
5281 5147 5297 5146 15
5147 5282 5297 5298 15
5283 5148 5298 5282 15
5282 5148 5298 5147 15
5148 5283 5298 5299 15
5284 5149 5299 5283 15
5283 5149 5299 5148 15
5149 5284 5299 5300 15
5285 5150 5300 5284 15
5284 5150 5300 5149 15
5150 5285 5300 5301 15
5286 5151 5301 5285 15
5285 5151 5301 5150 15
5151 5286 5301 5302 15
5287 5152 5302 5286 15
5286 5152 5302 5151 15
5152 5287 5302 5303 15
5288 5153 5303 5287 15
5287 5153 5303 5152 15
5153 5288 5303 5304 15
5289 5154 5304 5288 15
5288 5154 5304 5153 15
5154 5289 5304 5305 15
5290 5155 5305 5289 15
5289 5155 5305 5154 15
5155 5290 5305 5306 15
5291 5156 5306 5290 15
5290 5156 5306 5155 15
5156 5291 5306 5307 15
5292 5157 5307 5291 15
5291 5157 5307 5156 15
5157 5292 5307 5308 15
5293 5158 5308 5292 15
5292 5158 5308 5157 15
5158 5293 5308 5309 15
5294 5159 5309 5293 15
5293 5159 5309 5158 15
5159 5294 5309 2339 15
2338 2329 2339 5294 15
5294 2329 2339 5159 15
529 539 530 5160 15
5295 5145 5160 529 15
539 529 5295 5160 15
5145 5295 5160 5161 15
5296 5146 5161 5145 15
5295 5145 5296 5161 15
5146 5296 5161 5162 15
5297 5147 5162 5146 15
5296 5146 5297 5162 15
5147 5297 5162 5163 15
5298 5148 5163 5147 15
5297 5147 5298 5163 15
5148 5298 5163 5164 15
5299 5149 5164 5148 15
5298 5148 5299 5164 15
5149 5299 5164 5165 15
5300 5150 5165 5149 15
5299 5149 5300 5165 15
5150 5300 5165 5166 15
5301 5151 5166 5150 15
5300 5150 5301 5166 15
5151 5301 5166 5167 15
5302 5152 5167 5151 15
5301 5151 5302 5167 15
5152 5302 5167 5168 15
5303 5153 5168 5152 15
5302 5152 5303 5168 15
5153 5303 5168 5169 15
5304 5154 5169 5153 15
5303 5153 5304 5169 15
5154 5304 5169 5170 15
5305 5155 5170 5154 15
5304 5154 5305 5170 15
5155 5305 5170 5171 15
5306 5156 5171 5155 15
5305 5155 5306 5171 15
5156 5306 5171 5172 15
5307 5157 5172 5156 15
5306 5156 5307 5172 15
5157 5307 5172 5173 15
5308 5158 5173 5157 15
5307 5157 5308 5173 15
5158 5308 5173 5174 15
5309 5159 5174 5158 15
5308 5158 5309 5174 15
5159 5309 5174 2330 15
2339 2329 2330 5159 15
5309 5159 2339 2330 15
530 539 540 5310 15
5295 5160 5310 539 15
539 5160 5310 530 15
5160 5295 5310 5311 15
5296 5161 5311 5295 15
5295 5161 5311 5160 15
5161 5296 5311 5312 15
5297 5162 5312 5296 15
5296 5162 5312 5161 15
5162 5297 5312 5313 15
5298 5163 5313 5297 15
5297 5163 5313 5162 15
5163 5298 5313 5314 15
5299 5164 5314 5298 15
5298 5164 5314 5163 15
5164 5299 5314 5315 15
5300 5165 5315 5299 15
5299 5165 5315 5164 15
5165 5300 5315 5316 15
5301 5166 5316 5300 15
5300 5166 5316 5165 15
5166 5301 5316 5317 15
5302 5167 5317 5301 15
5301 5167 5317 5166 15
5167 5302 5317 5318 15
5303 5168 5318 5302 15
5302 5168 5318 5167 15
5168 5303 5318 5319 15
5304 5169 5319 5303 15
5303 5169 5319 5168 15
5169 5304 5319 5320 15
5305 5170 5320 5304 15
5304 5170 5320 5169 15
5170 5305 5320 5321 15
5306 5171 5321 5305 15
5305 5171 5321 5170 15
5171 5306 5321 5322 15
5307 5172 5322 5306 15
5306 5172 5322 5171 15
5172 5307 5322 5323 15
5308 5173 5323 5307 15
5307 5173 5323 5172 15
5173 5308 5323 5324 15
5309 5174 5324 5308 15
5308 5174 5324 5173 15
5174 5309 5324 2340 15
2339 2330 2340 5309 15
5309 2330 2340 5174 15
530 540 531 5175 15
5310 5160 5175 530 15
540 530 5310 5175 15
5160 5310 5175 5176 15
5311 5161 5176 5160 15
5310 5160 5311 5176 15
5161 5311 5176 5177 15
5312 5162 5177 5161 15
5311 5161 5312 5177 15
5162 5312 5177 5178 15
5313 5163 5178 5162 15
5312 5162 5313 5178 15
5163 5313 5178 5179 15
5314 5164 5179 5163 15
5313 5163 5314 5179 15
5164 5314 5179 5180 15
5315 5165 5180 5164 15
5314 5164 5315 5180 15
5165 5315 5180 5181 15
5316 5166 5181 5165 15
5315 5165 5316 5181 15
5166 5316 5181 5182 15
5317 5167 5182 5166 15
5316 5166 5317 5182 15
5167 5317 5182 5183 15
5318 5168 5183 5167 15
5317 5167 5318 5183 15
5168 5318 5183 5184 15
5319 5169 5184 5168 15
5318 5168 5319 5184 15
5169 5319 5184 5185 15
5320 5170 5185 5169 15
5319 5169 5320 5185 15
5170 5320 5185 5186 15
5321 5171 5186 5170 15
5320 5170 5321 5186 15
5171 5321 5186 5187 15
5322 5172 5187 5171 15
5321 5171 5322 5187 15
5172 5322 5187 5188 15
5323 5173 5188 5172 15
5322 5172 5323 5188 15
5173 5323 5188 5189 15
5324 5174 5189 5173 15
5323 5173 5324 5189 15
5174 5324 5189 2331 15
2340 2330 2331 5174 15
5324 5174 2340 2331 15
531 540 541 5325 15
5310 5175 5325 540 15
540 5175 5325 531 15
5175 5310 5325 5326 15
5311 5176 5326 5310 15
5310 5176 5326 5175 15
5176 5311 5326 5327 15
5312 5177 5327 5311 15
5311 5177 5327 5176 15
5177 5312 5327 5328 15
5313 5178 5328 5312 15
5312 5178 5328 5177 15
5178 5313 5328 5329 15
5314 5179 5329 5313 15
5313 5179 5329 5178 15
5179 5314 5329 5330 15
5315 5180 5330 5314 15
5314 5180 5330 5179 15
5180 5315 5330 5331 15
5316 5181 5331 5315 15
5315 5181 5331 5180 15
5181 5316 5331 5332 15
5317 5182 5332 5316 15
5316 5182 5332 5181 15
5182 5317 5332 5333 15
5318 5183 5333 5317 15
5317 5183 5333 5182 15
5183 5318 5333 5334 15
5319 5184 5334 5318 15
5318 5184 5334 5183 15
5184 5319 5334 5335 15
5320 5185 5335 5319 15
5319 5185 5335 5184 15
5185 5320 5335 5336 15
5321 5186 5336 5320 15
5320 5186 5336 5185 15
5186 5321 5336 5337 15
5322 5187 5337 5321 15
5321 5187 5337 5186 15
5187 5322 5337 5338 15
5323 5188 5338 5322 15
5322 5188 5338 5187 15
5188 5323 5338 5339 15
5324 5189 5339 5323 15
5323 5189 5339 5188 15
5189 5324 5339 2341 15
2340 2331 2341 5324 15
5324 2331 2341 5189 15
531 541 532 5190 15
5325 5175 5190 531 15
541 531 5325 5190 15
5175 5325 5190 5191 15
5326 5176 5191 5175 15
5325 5175 5326 5191 15
5176 5326 5191 5192 15
5327 5177 5192 5176 15
5326 5176 5327 5192 15
5177 5327 5192 5193 15
5328 5178 5193 5177 15
5327 5177 5328 5193 15
5178 5328 5193 5194 15
5329 5179 5194 5178 15
5328 5178 5329 5194 15
5179 5329 5194 5195 15
5330 5180 5195 5179 15
5329 5179 5330 5195 15
5180 5330 5195 5196 15
5331 5181 5196 5180 15
5330 5180 5331 5196 15
5181 5331 5196 5197 15
5332 5182 5197 5181 15
5331 5181 5332 5197 15
5182 5332 5197 5198 15
5333 5183 5198 5182 15
5332 5182 5333 5198 15
5183 5333 5198 5199 15
5334 5184 5199 5183 15
5333 5183 5334 5199 15
5184 5334 5199 5200 15
5335 5185 5200 5184 15
5334 5184 5335 5200 15
5185 5335 5200 5201 15
5336 5186 5201 5185 15
5335 5185 5336 5201 15
5186 5336 5201 5202 15
5337 5187 5202 5186 15
5336 5186 5337 5202 15
5187 5337 5202 5203 15
5338 5188 5203 5187 15
5337 5187 5338 5203 15
5188 5338 5203 5204 15
5339 5189 5204 5188 15
5338 5188 5339 5204 15
5189 5339 5204 2332 15
2341 2331 2332 5189 15
5339 5189 2341 2332 15
532 541 542 5340 15
5325 5190 5340 541 15
541 5190 5340 532 15
5190 5325 5340 5341 15
5326 5191 5341 5325 15
5325 5191 5341 5190 15
5191 5326 5341 5342 15
5327 5192 5342 5326 15
5326 5192 5342 5191 15
5192 5327 5342 5343 15
5328 5193 5343 5327 15
5327 5193 5343 5192 15
5193 5328 5343 5344 15
5329 5194 5344 5328 15
5328 5194 5344 5193 15
5194 5329 5344 5345 15
5330 5195 5345 5329 15
5329 5195 5345 5194 15
5195 5330 5345 5346 15
5331 5196 5346 5330 15
5330 5196 5346 5195 15
5196 5331 5346 5347 15
5332 5197 5347 5331 15
5331 5197 5347 5196 15
5197 5332 5347 5348 15
5333 5198 5348 5332 15
5332 5198 5348 5197 15
5198 5333 5348 5349 15
5334 5199 5349 5333 15
5333 5199 5349 5198 15
5199 5334 5349 5350 15
5335 5200 5350 5334 15
5334 5200 5350 5199 15
5200 5335 5350 5351 15
5336 5201 5351 5335 15
5335 5201 5351 5200 15
5201 5336 5351 5352 15
5337 5202 5352 5336 15
5336 5202 5352 5201 15
5202 5337 5352 5353 15
5338 5203 5353 5337 15
5337 5203 5353 5202 15
5203 5338 5353 5354 15
5339 5204 5354 5338 15
5338 5204 5354 5203 15
5204 5339 5354 2342 15
2341 2332 2342 5339 15
5339 2332 2342 5204 15
532 542 533 5205 15
5340 5190 5205 532 15
542 532 5340 5205 15
5190 5340 5205 5206 15
5341 5191 5206 5190 15
5340 5190 5341 5206 15
5191 5341 5206 5207 15
5342 5192 5207 5191 15
5341 5191 5342 5207 15
5192 5342 5207 5208 15
5343 5193 5208 5192 15
5342 5192 5343 5208 15
5193 5343 5208 5209 15
5344 5194 5209 5193 15
5343 5193 5344 5209 15
5194 5344 5209 5210 15
5345 5195 5210 5194 15
5344 5194 5345 5210 15
5195 5345 5210 5211 15
5346 5196 5211 5195 15
5345 5195 5346 5211 15
5196 5346 5211 5212 15
5347 5197 5212 5196 15
5346 5196 5347 5212 15
5197 5347 5212 5213 15
5348 5198 5213 5197 15
5347 5197 5348 5213 15
5198 5348 5213 5214 15
5349 5199 5214 5198 15
5348 5198 5349 5214 15
5199 5349 5214 5215 15
5350 5200 5215 5199 15
5349 5199 5350 5215 15
5200 5350 5215 5216 15
5351 5201 5216 5200 15
5350 5200 5351 5216 15
5201 5351 5216 5217 15
5352 5202 5217 5201 15
5351 5201 5352 5217 15
5202 5352 5217 5218 15
5353 5203 5218 5202 15
5352 5202 5353 5218 15
5203 5353 5218 5219 15
5354 5204 5219 5203 15
5353 5203 5354 5219 15
5204 5354 5219 2333 15
2342 2332 2333 5204 15
5354 5204 2342 2333 15
533 542 543 5355 15
5340 5205 5355 542 15
542 5205 5355 533 15
5205 5340 5355 5356 15
5341 5206 5356 5340 15
5340 5206 5356 5205 15
5206 5341 5356 5357 15
5342 5207 5357 5341 15
5341 5207 5357 5206 15
5207 5342 5357 5358 15
5343 5208 5358 5342 15
5342 5208 5358 5207 15
5208 5343 5358 5359 15
5344 5209 5359 5343 15
5343 5209 5359 5208 15
5209 5344 5359 5360 15
5345 5210 5360 5344 15
5344 5210 5360 5209 15
5210 5345 5360 5361 15
5346 5211 5361 5345 15
5345 5211 5361 5210 15
5211 5346 5361 5362 15
5347 5212 5362 5346 15
5346 5212 5362 5211 15
5212 5347 5362 5363 15
5348 5213 5363 5347 15
5347 5213 5363 5212 15
5213 5348 5363 5364 15
5349 5214 5364 5348 15
5348 5214 5364 5213 15
5214 5349 5364 5365 15
5350 5215 5365 5349 15
5349 5215 5365 5214 15
5215 5350 5365 5366 15
5351 5216 5366 5350 15
5350 5216 5366 5215 15
5216 5351 5366 5367 15
5352 5217 5367 5351 15
5351 5217 5367 5216 15
5217 5352 5367 5368 15
5353 5218 5368 5352 15
5352 5218 5368 5217 15
5218 5353 5368 5369 15
5354 5219 5369 5353 15
5353 5219 5369 5218 15
5219 5354 5369 2343 15
2342 2333 2343 5354 15
5354 2333 2343 5219 15
533 543 534 5220 15
5355 5205 5220 533 15
543 533 5355 5220 15
5205 5355 5220 5221 15
5356 5206 5221 5205 15
5355 5205 5356 5221 15
5206 5356 5221 5222 15
5357 5207 5222 5206 15
5356 5206 5357 5222 15
5207 5357 5222 5223 15
5358 5208 5223 5207 15
5357 5207 5358 5223 15
5208 5358 5223 5224 15
5359 5209 5224 5208 15
5358 5208 5359 5224 15
5209 5359 5224 5225 15
5360 5210 5225 5209 15
5359 5209 5360 5225 15
5210 5360 5225 5226 15
5361 5211 5226 5210 15
5360 5210 5361 5226 15
5211 5361 5226 5227 15
5362 5212 5227 5211 15
5361 5211 5362 5227 15
5212 5362 5227 5228 15
5363 5213 5228 5212 15
5362 5212 5363 5228 15
5213 5363 5228 5229 15
5364 5214 5229 5213 15
5363 5213 5364 5229 15
5214 5364 5229 5230 15
5365 5215 5230 5214 15
5364 5214 5365 5230 15
5215 5365 5230 5231 15
5366 5216 5231 5215 15
5365 5215 5366 5231 15
5216 5366 5231 5232 15
5367 5217 5232 5216 15
5366 5216 5367 5232 15
5217 5367 5232 5233 15
5368 5218 5233 5217 15
5367 5217 5368 5233 15
5218 5368 5233 5234 15
5369 5219 5234 5218 15
5368 5218 5369 5234 15
5219 5369 5234 2334 15
2343 2333 2334 5219 15
5369 5219 2343 2334 15
534 543 544 5370 15
5355 5220 5370 543 15
543 5220 5370 534 15
5220 5355 5370 5371 15
5356 5221 5371 5355 15
5355 5221 5371 5220 15
5221 5356 5371 5372 15
5357 5222 5372 5356 15
5356 5222 5372 5221 15
5222 5357 5372 5373 15
5358 5223 5373 5357 15
5357 5223 5373 5222 15
5223 5358 5373 5374 15
5359 5224 5374 5358 15
5358 5224 5374 5223 15
5224 5359 5374 5375 15
5360 5225 5375 5359 15
5359 5225 5375 5224 15
5225 5360 5375 5376 15
5361 5226 5376 5360 15
5360 5226 5376 5225 15
5226 5361 5376 5377 15
5362 5227 5377 5361 15
5361 5227 5377 5226 15
5227 5362 5377 5378 15
5363 5228 5378 5362 15
5362 5228 5378 5227 15
5228 5363 5378 5379 15
5364 5229 5379 5363 15
5363 5229 5379 5228 15
5229 5364 5379 5380 15
5365 5230 5380 5364 15
5364 5230 5380 5229 15
5230 5365 5380 5381 15
5366 5231 5381 5365 15
5365 5231 5381 5230 15
5231 5366 5381 5382 15
5367 5232 5382 5366 15
5366 5232 5382 5231 15
5232 5367 5382 5383 15
5368 5233 5383 5367 15
5367 5233 5383 5232 15
5233 5368 5383 5384 15
5369 5234 5384 5368 15
5368 5234 5384 5233 15
5234 5369 5384 2344 15
2343 2334 2344 5369 15
5369 2334 2344 5234 15
534 544 97 735 15
5370 5220 735 534 15
544 534 5370 735 15
5220 5370 735 736 15
5371 5221 736 5220 15
5370 5220 5371 736 15
5221 5371 736 737 15
5372 5222 737 5221 15
5371 5221 5372 737 15
5222 5372 737 738 15
5373 5223 738 5222 15
5372 5222 5373 738 15
5223 5373 738 739 15
5374 5224 739 5223 15
5373 5223 5374 739 15
5224 5374 739 740 15
5375 5225 740 5224 15
5374 5224 5375 740 15
5225 5375 740 741 15
5376 5226 741 5225 15
5375 5225 5376 741 15
5226 5376 741 742 15
5377 5227 742 5226 15
5376 5226 5377 742 15
5227 5377 742 743 15
5378 5228 743 5227 15
5377 5227 5378 743 15
5228 5378 743 744 15
5379 5229 744 5228 15
5378 5228 5379 744 15
5229 5379 744 745 15
5380 5230 745 5229 15
5379 5229 5380 745 15
5230 5380 745 746 15
5381 5231 746 5230 15
5380 5230 5381 746 15
5231 5381 746 747 15
5382 5232 747 5231 15
5381 5231 5382 747 15
5232 5382 747 748 15
5383 5233 748 5232 15
5382 5232 5383 748 15
5233 5383 748 749 15
5384 5234 749 5233 15
5383 5233 5384 749 15
5234 5384 749 131 15
2344 2334 131 5234 15
5384 5234 2344 131 15
97 544 98 735 15
5370 735 750 544 15
544 735 750 98 15
735 5370 750 736 15
5371 736 751 5370 15
5370 736 751 750 15
736 5371 751 737 15
5372 737 752 5371 15
5371 737 752 751 15
737 5372 752 738 15
5373 738 753 5372 15
5372 738 753 752 15
738 5373 753 739 15
5374 739 754 5373 15
5373 739 754 753 15
739 5374 754 740 15
5375 740 755 5374 15
5374 740 755 754 15
740 5375 755 741 15
5376 741 756 5375 15
5375 741 756 755 15
741 5376 756 742 15
5377 742 757 5376 15
5376 742 757 756 15
742 5377 757 743 15
5378 743 758 5377 15
5377 743 758 757 15
743 5378 758 744 15
5379 744 759 5378 15
5378 744 759 758 15
744 5379 759 745 15
5380 745 760 5379 15
5379 745 760 759 15
745 5380 760 746 15
5381 746 761 5380 15
5380 746 761 760 15
746 5381 761 747 15
5382 747 762 5381 15
5381 747 762 761 15
747 5382 762 748 15
5383 748 763 5382 15
5382 748 763 762 15
748 5383 763 749 15
5384 749 764 5383 15
5383 749 764 763 15
749 5384 764 131 15
2344 131 132 5384 15
5384 131 132 764 15
116 117 535 5235 15
1905 1890 5235 116 15
117 116 1905 5235 15
1890 1905 5235 5236 15
1906 1891 5236 1890 15
1905 1890 1906 5236 15
1891 1906 5236 5237 15
1907 1892 5237 1891 15
1906 1891 1907 5237 15
1892 1907 5237 5238 15
1908 1893 5238 1892 15
1907 1892 1908 5238 15
1893 1908 5238 5239 15
1909 1894 5239 1893 15
1908 1893 1909 5239 15
1894 1909 5239 5240 15
1910 1895 5240 1894 15
1909 1894 1910 5240 15
1895 1910 5240 5241 15
1911 1896 5241 1895 15
1910 1895 1911 5241 15
1896 1911 5241 5242 15
1912 1897 5242 1896 15
1911 1896 1912 5242 15
1897 1912 5242 5243 15
1913 1898 5243 1897 15
1912 1897 1913 5243 15
1898 1913 5243 5244 15
1914 1899 5244 1898 15
1913 1898 1914 5244 15
1899 1914 5244 5245 15
1915 1900 5245 1899 15
1914 1899 1915 5245 15
1900 1915 5245 5246 15
1916 1901 5246 1900 15
1915 1900 1916 5246 15
1901 1916 5246 5247 15
1917 1902 5247 1901 15
1916 1901 1917 5247 15
1902 1917 5247 5248 15
1918 1903 5248 1902 15
1917 1902 1918 5248 15
1903 1918 5248 5249 15
1919 1904 5249 1903 15
1918 1903 1919 5249 15
1904 1919 5249 2335 15
292 293 2335 1904 15
1919 1904 292 2335 15
535 117 545 5385 15
1905 5235 5385 117 15
117 5235 5385 535 15
5235 1905 5385 5386 15
1906 5236 5386 1905 15
1905 5236 5386 5235 15
5236 1906 5386 5387 15
1907 5237 5387 1906 15
1906 5237 5387 5236 15
5237 1907 5387 5388 15
1908 5238 5388 1907 15
1907 5238 5388 5237 15
5238 1908 5388 5389 15
1909 5239 5389 1908 15
1908 5239 5389 5238 15
5239 1909 5389 5390 15
1910 5240 5390 1909 15
1909 5240 5390 5239 15
5240 1910 5390 5391 15
1911 5241 5391 1910 15
1910 5241 5391 5240 15
5241 1911 5391 5392 15
1912 5242 5392 1911 15
1911 5242 5392 5241 15
5242 1912 5392 5393 15
1913 5243 5393 1912 15
1912 5243 5393 5242 15
5243 1913 5393 5394 15
1914 5244 5394 1913 15
1913 5244 5394 5243 15
5244 1914 5394 5395 15
1915 5245 5395 1914 15
1914 5245 5395 5244 15
5245 1915 5395 5396 15
1916 5246 5396 1915 15
1915 5246 5396 5245 15
5246 1916 5396 5397 15
1917 5247 5397 1916 15
1916 5247 5397 5246 15
5247 1917 5397 5398 15
1918 5248 5398 1917 15
1917 5248 5398 5247 15
5248 1918 5398 5399 15
1919 5249 5399 1918 15
1918 5249 5399 5248 15
5249 1919 5399 2345 15
292 2335 2345 1919 15
1919 2335 2345 5249 15
535 545 536 5250 15
5385 5235 5250 535 15
545 535 5385 5250 15
5235 5385 5250 5251 15
5386 5236 5251 5235 15
5385 5235 5386 5251 15
5236 5386 5251 5252 15
5387 5237 5252 5236 15
5386 5236 5387 5252 15
5237 5387 5252 5253 15
5388 5238 5253 5237 15
5387 5237 5388 5253 15
5238 5388 5253 5254 15
5389 5239 5254 5238 15
5388 5238 5389 5254 15
5239 5389 5254 5255 15
5390 5240 5255 5239 15
5389 5239 5390 5255 15
5240 5390 5255 5256 15
5391 5241 5256 5240 15
5390 5240 5391 5256 15
5241 5391 5256 5257 15
5392 5242 5257 5241 15
5391 5241 5392 5257 15
5242 5392 5257 5258 15
5393 5243 5258 5242 15
5392 5242 5393 5258 15
5243 5393 5258 5259 15
5394 5244 5259 5243 15
5393 5243 5394 5259 15
5244 5394 5259 5260 15
5395 5245 5260 5244 15
5394 5244 5395 5260 15
5245 5395 5260 5261 15
5396 5246 5261 5245 15
5395 5245 5396 5261 15
5246 5396 5261 5262 15
5397 5247 5262 5246 15
5396 5246 5397 5262 15
5247 5397 5262 5263 15
5398 5248 5263 5247 15
5397 5247 5398 5263 15
5248 5398 5263 5264 15
5399 5249 5264 5248 15
5398 5248 5399 5264 15
5249 5399 5264 2336 15
2345 2335 2336 5249 15
5399 5249 2345 2336 15
536 545 546 5400 15
5385 5250 5400 545 15
545 5250 5400 536 15
5250 5385 5400 5401 15
5386 5251 5401 5385 15
5385 5251 5401 5250 15
5251 5386 5401 5402 15
5387 5252 5402 5386 15
5386 5252 5402 5251 15
5252 5387 5402 5403 15
5388 5253 5403 5387 15
5387 5253 5403 5252 15
5253 5388 5403 5404 15
5389 5254 5404 5388 15
5388 5254 5404 5253 15
5254 5389 5404 5405 15
5390 5255 5405 5389 15
5389 5255 5405 5254 15
5255 5390 5405 5406 15
5391 5256 5406 5390 15
5390 5256 5406 5255 15
5256 5391 5406 5407 15
5392 5257 5407 5391 15
5391 5257 5407 5256 15
5257 5392 5407 5408 15
5393 5258 5408 5392 15
5392 5258 5408 5257 15
5258 5393 5408 5409 15
5394 5259 5409 5393 15
5393 5259 5409 5258 15
5259 5394 5409 5410 15
5395 5260 5410 5394 15
5394 5260 5410 5259 15
5260 5395 5410 5411 15
5396 5261 5411 5395 15
5395 5261 5411 5260 15
5261 5396 5411 5412 15
5397 5262 5412 5396 15
5396 5262 5412 5261 15
5262 5397 5412 5413 15
5398 5263 5413 5397 15
5397 5263 5413 5262 15
5263 5398 5413 5414 15
5399 5264 5414 5398 15
5398 5264 5414 5263 15
5264 5399 5414 2346 15
2345 2336 2346 5399 15
5399 2336 2346 5264 15
536 546 537 5265 15
5400 5250 5265 536 15
546 536 5400 5265 15
5250 5400 5265 5266 15
5401 5251 5266 5250 15
5400 5250 5401 5266 15
5251 5401 5266 5267 15
5402 5252 5267 5251 15
5401 5251 5402 5267 15
5252 5402 5267 5268 15
5403 5253 5268 5252 15
5402 5252 5403 5268 15
5253 5403 5268 5269 15
5404 5254 5269 5253 15
5403 5253 5404 5269 15
5254 5404 5269 5270 15
5405 5255 5270 5254 15
5404 5254 5405 5270 15
5255 5405 5270 5271 15
5406 5256 5271 5255 15
5405 5255 5406 5271 15
5256 5406 5271 5272 15
5407 5257 5272 5256 15
5406 5256 5407 5272 15
5257 5407 5272 5273 15
5408 5258 5273 5257 15
5407 5257 5408 5273 15
5258 5408 5273 5274 15
5409 5259 5274 5258 15
5408 5258 5409 5274 15
5259 5409 5274 5275 15
5410 5260 5275 5259 15
5409 5259 5410 5275 15
5260 5410 5275 5276 15
5411 5261 5276 5260 15
5410 5260 5411 5276 15
5261 5411 5276 5277 15
5412 5262 5277 5261 15
5411 5261 5412 5277 15
5262 5412 5277 5278 15
5413 5263 5278 5262 15
5412 5262 5413 5278 15
5263 5413 5278 5279 15
5414 5264 5279 5263 15
5413 5263 5414 5279 15
5264 5414 5279 2337 15
2346 2336 2337 5264 15
5414 5264 2346 2337 15
537 546 547 5415 15
5400 5265 5415 546 15
546 5265 5415 537 15
5265 5400 5415 5416 15
5401 5266 5416 5400 15
5400 5266 5416 5265 15
5266 5401 5416 5417 15
5402 5267 5417 5401 15
5401 5267 5417 5266 15
5267 5402 5417 5418 15
5403 5268 5418 5402 15
5402 5268 5418 5267 15
5268 5403 5418 5419 15
5404 5269 5419 5403 15
5403 5269 5419 5268 15
5269 5404 5419 5420 15
5405 5270 5420 5404 15
5404 5270 5420 5269 15
5270 5405 5420 5421 15
5406 5271 5421 5405 15
5405 5271 5421 5270 15
5271 5406 5421 5422 15
5407 5272 5422 5406 15
5406 5272 5422 5271 15
5272 5407 5422 5423 15
5408 5273 5423 5407 15
5407 5273 5423 5272 15
5273 5408 5423 5424 15
5409 5274 5424 5408 15
5408 5274 5424 5273 15
5274 5409 5424 5425 15
5410 5275 5425 5409 15
5409 5275 5425 5274 15
5275 5410 5425 5426 15
5411 5276 5426 5410 15
5410 5276 5426 5275 15
5276 5411 5426 5427 15
5412 5277 5427 5411 15
5411 5277 5427 5276 15
5277 5412 5427 5428 15
5413 5278 5428 5412 15
5412 5278 5428 5277 15
5278 5413 5428 5429 15
5414 5279 5429 5413 15
5413 5279 5429 5278 15
5279 5414 5429 2347 15
2346 2337 2347 5414 15
5414 2337 2347 5279 15
537 547 538 5280 15
5415 5265 5280 537 15
547 537 5415 5280 15
5265 5415 5280 5281 15
5416 5266 5281 5265 15
5415 5265 5416 5281 15
5266 5416 5281 5282 15
5417 5267 5282 5266 15
5416 5266 5417 5282 15
5267 5417 5282 5283 15
5418 5268 5283 5267 15
5417 5267 5418 5283 15
5268 5418 5283 5284 15
5419 5269 5284 5268 15
5418 5268 5419 5284 15
5269 5419 5284 5285 15
5420 5270 5285 5269 15
5419 5269 5420 5285 15
5270 5420 5285 5286 15
5421 5271 5286 5270 15
5420 5270 5421 5286 15
5271 5421 5286 5287 15
5422 5272 5287 5271 15
5421 5271 5422 5287 15
5272 5422 5287 5288 15
5423 5273 5288 5272 15
5422 5272 5423 5288 15
5273 5423 5288 5289 15
5424 5274 5289 5273 15
5423 5273 5424 5289 15
5274 5424 5289 5290 15
5425 5275 5290 5274 15
5424 5274 5425 5290 15
5275 5425 5290 5291 15
5426 5276 5291 5275 15
5425 5275 5426 5291 15
5276 5426 5291 5292 15
5427 5277 5292 5276 15
5426 5276 5427 5292 15
5277 5427 5292 5293 15
5428 5278 5293 5277 15
5427 5277 5428 5293 15
5278 5428 5293 5294 15
5429 5279 5294 5278 15
5428 5278 5429 5294 15
5279 5429 5294 2338 15
2347 2337 2338 5279 15
5429 5279 2347 2338 15
538 547 548 5430 15
5415 5280 5430 547 15
547 5280 5430 538 15
5280 5415 5430 5431 15
5416 5281 5431 5415 15
5415 5281 5431 5280 15
5281 5416 5431 5432 15
5417 5282 5432 5416 15
5416 5282 5432 5281 15
5282 5417 5432 5433 15
5418 5283 5433 5417 15
5417 5283 5433 5282 15
5283 5418 5433 5434 15
5419 5284 5434 5418 15
5418 5284 5434 5283 15
5284 5419 5434 5435 15
5420 5285 5435 5419 15
5419 5285 5435 5284 15
5285 5420 5435 5436 15
5421 5286 5436 5420 15
5420 5286 5436 5285 15
5286 5421 5436 5437 15
5422 5287 5437 5421 15
5421 5287 5437 5286 15
5287 5422 5437 5438 15
5423 5288 5438 5422 15
5422 5288 5438 5287 15
5288 5423 5438 5439 15
5424 5289 5439 5423 15
5423 5289 5439 5288 15
5289 5424 5439 5440 15
5425 5290 5440 5424 15
5424 5290 5440 5289 15
5290 5425 5440 5441 15
5426 5291 5441 5425 15
5425 5291 5441 5290 15
5291 5426 5441 5442 15
5427 5292 5442 5426 15
5426 5292 5442 5291 15
5292 5427 5442 5443 15
5428 5293 5443 5427 15
5427 5293 5443 5292 15
5293 5428 5443 5444 15
5429 5294 5444 5428 15
5428 5294 5444 5293 15
5294 5429 5444 2348 15
2347 2338 2348 5429 15
5429 2338 2348 5294 15
538 548 539 5295 15
5430 5280 5295 538 15
548 538 5430 5295 15
5280 5430 5295 5296 15
5431 5281 5296 5280 15
5430 5280 5431 5296 15
5281 5431 5296 5297 15
5432 5282 5297 5281 15
5431 5281 5432 5297 15
5282 5432 5297 5298 15
5433 5283 5298 5282 15
5432 5282 5433 5298 15
5283 5433 5298 5299 15
5434 5284 5299 5283 15
5433 5283 5434 5299 15
5284 5434 5299 5300 15
5435 5285 5300 5284 15
5434 5284 5435 5300 15
5285 5435 5300 5301 15
5436 5286 5301 5285 15
5435 5285 5436 5301 15
5286 5436 5301 5302 15
5437 5287 5302 5286 15
5436 5286 5437 5302 15
5287 5437 5302 5303 15
5438 5288 5303 5287 15
5437 5287 5438 5303 15
5288 5438 5303 5304 15
5439 5289 5304 5288 15
5438 5288 5439 5304 15
5289 5439 5304 5305 15
5440 5290 5305 5289 15
5439 5289 5440 5305 15
5290 5440 5305 5306 15
5441 5291 5306 5290 15
5440 5290 5441 5306 15
5291 5441 5306 5307 15
5442 5292 5307 5291 15
5441 5291 5442 5307 15
5292 5442 5307 5308 15
5443 5293 5308 5292 15
5442 5292 5443 5308 15
5293 5443 5308 5309 15
5444 5294 5309 5293 15
5443 5293 5444 5309 15
5294 5444 5309 2339 15
2348 2338 2339 5294 15
5444 5294 2348 2339 15
539 548 549 5445 15
5430 5295 5445 548 15
548 5295 5445 539 15
5295 5430 5445 5446 15
5431 5296 5446 5430 15
5430 5296 5446 5295 15
5296 5431 5446 5447 15
5432 5297 5447 5431 15
5431 5297 5447 5296 15
5297 5432 5447 5448 15
5433 5298 5448 5432 15
5432 5298 5448 5297 15
5298 5433 5448 5449 15
5434 5299 5449 5433 15
5433 5299 5449 5298 15
5299 5434 5449 5450 15
5435 5300 5450 5434 15
5434 5300 5450 5299 15
5300 5435 5450 5451 15
5436 5301 5451 5435 15
5435 5301 5451 5300 15
5301 5436 5451 5452 15
5437 5302 5452 5436 15
5436 5302 5452 5301 15
5302 5437 5452 5453 15
5438 5303 5453 5437 15
5437 5303 5453 5302 15
5303 5438 5453 5454 15
5439 5304 5454 5438 15
5438 5304 5454 5303 15
5304 5439 5454 5455 15
5440 5305 5455 5439 15
5439 5305 5455 5304 15
5305 5440 5455 5456 15
5441 5306 5456 5440 15
5440 5306 5456 5305 15
5306 5441 5456 5457 15
5442 5307 5457 5441 15
5441 5307 5457 5306 15
5307 5442 5457 5458 15
5443 5308 5458 5442 15
5442 5308 5458 5307 15
5308 5443 5458 5459 15
5444 5309 5459 5443 15
5443 5309 5459 5308 15
5309 5444 5459 2349 15
2348 2339 2349 5444 15
5444 2339 2349 5309 15
539 549 540 5310 15
5445 5295 5310 539 15
549 539 5445 5310 15
5295 5445 5310 5311 15
5446 5296 5311 5295 15
5445 5295 5446 5311 15
5296 5446 5311 5312 15
5447 5297 5312 5296 15
5446 5296 5447 5312 15
5297 5447 5312 5313 15
5448 5298 5313 5297 15
5447 5297 5448 5313 15
5298 5448 5313 5314 15
5449 5299 5314 5298 15
5448 5298 5449 5314 15
5299 5449 5314 5315 15
5450 5300 5315 5299 15
5449 5299 5450 5315 15
5300 5450 5315 5316 15
5451 5301 5316 5300 15
5450 5300 5451 5316 15
5301 5451 5316 5317 15
5452 5302 5317 5301 15
5451 5301 5452 5317 15
5302 5452 5317 5318 15
5453 5303 5318 5302 15
5452 5302 5453 5318 15
5303 5453 5318 5319 15
5454 5304 5319 5303 15
5453 5303 5454 5319 15
5304 5454 5319 5320 15
5455 5305 5320 5304 15
5454 5304 5455 5320 15
5305 5455 5320 5321 15
5456 5306 5321 5305 15
5455 5305 5456 5321 15
5306 5456 5321 5322 15
5457 5307 5322 5306 15
5456 5306 5457 5322 15
5307 5457 5322 5323 15
5458 5308 5323 5307 15
5457 5307 5458 5323 15
5308 5458 5323 5324 15
5459 5309 5324 5308 15
5458 5308 5459 5324 15
5309 5459 5324 2340 15
2349 2339 2340 5309 15
5459 5309 2349 2340 15
540 549 550 5460 15
5445 5310 5460 549 15
549 5310 5460 540 15
5310 5445 5460 5461 15
5446 5311 5461 5445 15
5445 5311 5461 5310 15
5311 5446 5461 5462 15
5447 5312 5462 5446 15
5446 5312 5462 5311 15
5312 5447 5462 5463 15
5448 5313 5463 5447 15
5447 5313 5463 5312 15
5313 5448 5463 5464 15
5449 5314 5464 5448 15
5448 5314 5464 5313 15
5314 5449 5464 5465 15
5450 5315 5465 5449 15
5449 5315 5465 5314 15
5315 5450 5465 5466 15
5451 5316 5466 5450 15
5450 5316 5466 5315 15
5316 5451 5466 5467 15
5452 5317 5467 5451 15
5451 5317 5467 5316 15
5317 5452 5467 5468 15
5453 5318 5468 5452 15
5452 5318 5468 5317 15
5318 5453 5468 5469 15
5454 5319 5469 5453 15
5453 5319 5469 5318 15
5319 5454 5469 5470 15
5455 5320 5470 5454 15
5454 5320 5470 5319 15
5320 5455 5470 5471 15
5456 5321 5471 5455 15
5455 5321 5471 5320 15
5321 5456 5471 5472 15
5457 5322 5472 5456 15
5456 5322 5472 5321 15
5322 5457 5472 5473 15
5458 5323 5473 5457 15
5457 5323 5473 5322 15
5323 5458 5473 5474 15
5459 5324 5474 5458 15
5458 5324 5474 5323 15
5324 5459 5474 2350 15
2349 2340 2350 5459 15
5459 2340 2350 5324 15
540 550 541 5325 15
5460 5310 5325 540 15
550 540 5460 5325 15
5310 5460 5325 5326 15
5461 5311 5326 5310 15
5460 5310 5461 5326 15
5311 5461 5326 5327 15
5462 5312 5327 5311 15
5461 5311 5462 5327 15
5312 5462 5327 5328 15
5463 5313 5328 5312 15
5462 5312 5463 5328 15
5313 5463 5328 5329 15
5464 5314 5329 5313 15
5463 5313 5464 5329 15
5314 5464 5329 5330 15
5465 5315 5330 5314 15
5464 5314 5465 5330 15
5315 5465 5330 5331 15
5466 5316 5331 5315 15
5465 5315 5466 5331 15
5316 5466 5331 5332 15
5467 5317 5332 5316 15
5466 5316 5467 5332 15
5317 5467 5332 5333 15
5468 5318 5333 5317 15
5467 5317 5468 5333 15
5318 5468 5333 5334 15
5469 5319 5334 5318 15
5468 5318 5469 5334 15
5319 5469 5334 5335 15
5470 5320 5335 5319 15
5469 5319 5470 5335 15
5320 5470 5335 5336 15
5471 5321 5336 5320 15
5470 5320 5471 5336 15
5321 5471 5336 5337 15
5472 5322 5337 5321 15
5471 5321 5472 5337 15
5322 5472 5337 5338 15
5473 5323 5338 5322 15
5472 5322 5473 5338 15
5323 5473 5338 5339 15
5474 5324 5339 5323 15
5473 5323 5474 5339 15
5324 5474 5339 2341 15
2350 2340 2341 5324 15
5474 5324 2350 2341 15
541 550 551 5475 15
5460 5325 5475 550 15
550 5325 5475 541 15
5325 5460 5475 5476 15
5461 5326 5476 5460 15
5460 5326 5476 5325 15
5326 5461 5476 5477 15
5462 5327 5477 5461 15
5461 5327 5477 5326 15
5327 5462 5477 5478 15
5463 5328 5478 5462 15
5462 5328 5478 5327 15
5328 5463 5478 5479 15
5464 5329 5479 5463 15
5463 5329 5479 5328 15
5329 5464 5479 5480 15
5465 5330 5480 5464 15
5464 5330 5480 5329 15
5330 5465 5480 5481 15
5466 5331 5481 5465 15
5465 5331 5481 5330 15
5331 5466 5481 5482 15
5467 5332 5482 5466 15
5466 5332 5482 5331 15
5332 5467 5482 5483 15
5468 5333 5483 5467 15
5467 5333 5483 5332 15
5333 5468 5483 5484 15
5469 5334 5484 5468 15
5468 5334 5484 5333 15
5334 5469 5484 5485 15
5470 5335 5485 5469 15
5469 5335 5485 5334 15
5335 5470 5485 5486 15
5471 5336 5486 5470 15
5470 5336 5486 5335 15
5336 5471 5486 5487 15
5472 5337 5487 5471 15
5471 5337 5487 5336 15
5337 5472 5487 5488 15
5473 5338 5488 5472 15
5472 5338 5488 5337 15
5338 5473 5488 5489 15
5474 5339 5489 5473 15
5473 5339 5489 5338 15
5339 5474 5489 2351 15
2350 2341 2351 5474 15
5474 2341 2351 5339 15
541 551 542 5340 15
5475 5325 5340 541 15
551 541 5475 5340 15
5325 5475 5340 5341 15
5476 5326 5341 5325 15
5475 5325 5476 5341 15
5326 5476 5341 5342 15
5477 5327 5342 5326 15
5476 5326 5477 5342 15
5327 5477 5342 5343 15
5478 5328 5343 5327 15
5477 5327 5478 5343 15
5328 5478 5343 5344 15
5479 5329 5344 5328 15
5478 5328 5479 5344 15
5329 5479 5344 5345 15
5480 5330 5345 5329 15
5479 5329 5480 5345 15
5330 5480 5345 5346 15
5481 5331 5346 5330 15
5480 5330 5481 5346 15
5331 5481 5346 5347 15
5482 5332 5347 5331 15
5481 5331 5482 5347 15
5332 5482 5347 5348 15
5483 5333 5348 5332 15
5482 5332 5483 5348 15
5333 5483 5348 5349 15
5484 5334 5349 5333 15
5483 5333 5484 5349 15
5334 5484 5349 5350 15
5485 5335 5350 5334 15
5484 5334 5485 5350 15
5335 5485 5350 5351 15
5486 5336 5351 5335 15
5485 5335 5486 5351 15
5336 5486 5351 5352 15
5487 5337 5352 5336 15
5486 5336 5487 5352 15
5337 5487 5352 5353 15
5488 5338 5353 5337 15
5487 5337 5488 5353 15
5338 5488 5353 5354 15
5489 5339 5354 5338 15
5488 5338 5489 5354 15
5339 5489 5354 2342 15
2351 2341 2342 5339 15
5489 5339 2351 2342 15
542 551 552 5490 15
5475 5340 5490 551 15
551 5340 5490 542 15
5340 5475 5490 5491 15
5476 5341 5491 5475 15
5475 5341 5491 5340 15
5341 5476 5491 5492 15
5477 5342 5492 5476 15
5476 5342 5492 5341 15
5342 5477 5492 5493 15
5478 5343 5493 5477 15
5477 5343 5493 5342 15
5343 5478 5493 5494 15
5479 5344 5494 5478 15
5478 5344 5494 5343 15
5344 5479 5494 5495 15
5480 5345 5495 5479 15
5479 5345 5495 5344 15
5345 5480 5495 5496 15
5481 5346 5496 5480 15
5480 5346 5496 5345 15
5346 5481 5496 5497 15
5482 5347 5497 5481 15
5481 5347 5497 5346 15
5347 5482 5497 5498 15
5483 5348 5498 5482 15
5482 5348 5498 5347 15
5348 5483 5498 5499 15
5484 5349 5499 5483 15
5483 5349 5499 5348 15
5349 5484 5499 5500 15
5485 5350 5500 5484 15
5484 5350 5500 5349 15
5350 5485 5500 5501 15
5486 5351 5501 5485 15
5485 5351 5501 5350 15
5351 5486 5501 5502 15
5487 5352 5502 5486 15
5486 5352 5502 5351 15
5352 5487 5502 5503 15
5488 5353 5503 5487 15
5487 5353 5503 5352 15
5353 5488 5503 5504 15
5489 5354 5504 5488 15
5488 5354 5504 5353 15
5354 5489 5504 2352 15
2351 2342 2352 5489 15
5489 2342 2352 5354 15
542 552 543 5355 15
5490 5340 5355 542 15
552 542 5490 5355 15
5340 5490 5355 5356 15
5491 5341 5356 5340 15
5490 5340 5491 5356 15
5341 5491 5356 5357 15
5492 5342 5357 5341 15
5491 5341 5492 5357 15
5342 5492 5357 5358 15
5493 5343 5358 5342 15
5492 5342 5493 5358 15
5343 5493 5358 5359 15
5494 5344 5359 5343 15
5493 5343 5494 5359 15
5344 5494 5359 5360 15
5495 5345 5360 5344 15
5494 5344 5495 5360 15
5345 5495 5360 5361 15
5496 5346 5361 5345 15
5495 5345 5496 5361 15
5346 5496 5361 5362 15
5497 5347 5362 5346 15
5496 5346 5497 5362 15
5347 5497 5362 5363 15
5498 5348 5363 5347 15
5497 5347 5498 5363 15
5348 5498 5363 5364 15
5499 5349 5364 5348 15
5498 5348 5499 5364 15
5349 5499 5364 5365 15
5500 5350 5365 5349 15
5499 5349 5500 5365 15
5350 5500 5365 5366 15
5501 5351 5366 5350 15
5500 5350 5501 5366 15
5351 5501 5366 5367 15
5502 5352 5367 5351 15
5501 5351 5502 5367 15
5352 5502 5367 5368 15
5503 5353 5368 5352 15
5502 5352 5503 5368 15
5353 5503 5368 5369 15
5504 5354 5369 5353 15
5503 5353 5504 5369 15
5354 5504 5369 2343 15
2352 2342 2343 5354 15
5504 5354 2352 2343 15
543 552 553 5505 15
5490 5355 5505 552 15
552 5355 5505 543 15
5355 5490 5505 5506 15
5491 5356 5506 5490 15
5490 5356 5506 5355 15
5356 5491 5506 5507 15
5492 5357 5507 5491 15
5491 5357 5507 5356 15
5357 5492 5507 5508 15
5493 5358 5508 5492 15
5492 5358 5508 5357 15
5358 5493 5508 5509 15
5494 5359 5509 5493 15
5493 5359 5509 5358 15
5359 5494 5509 5510 15
5495 5360 5510 5494 15
5494 5360 5510 5359 15
5360 5495 5510 5511 15
5496 5361 5511 5495 15
5495 5361 5511 5360 15
5361 5496 5511 5512 15
5497 5362 5512 5496 15
5496 5362 5512 5361 15
5362 5497 5512 5513 15
5498 5363 5513 5497 15
5497 5363 5513 5362 15
5363 5498 5513 5514 15
5499 5364 5514 5498 15
5498 5364 5514 5363 15
5364 5499 5514 5515 15
5500 5365 5515 5499 15
5499 5365 5515 5364 15
5365 5500 5515 5516 15
5501 5366 5516 5500 15
5500 5366 5516 5365 15
5366 5501 5516 5517 15
5502 5367 5517 5501 15
5501 5367 5517 5366 15
5367 5502 5517 5518 15
5503 5368 5518 5502 15
5502 5368 5518 5367 15
5368 5503 5518 5519 15
5504 5369 5519 5503 15
5503 5369 5519 5368 15
5369 5504 5519 2353 15
2352 2343 2353 5504 15
5504 2343 2353 5369 15
543 553 544 5370 15
5505 5355 5370 543 15
553 543 5505 5370 15
5355 5505 5370 5371 15
5506 5356 5371 5355 15
5505 5355 5506 5371 15
5356 5506 5371 5372 15
5507 5357 5372 5356 15
5506 5356 5507 5372 15
5357 5507 5372 5373 15
5508 5358 5373 5357 15
5507 5357 5508 5373 15
5358 5508 5373 5374 15
5509 5359 5374 5358 15
5508 5358 5509 5374 15
5359 5509 5374 5375 15
5510 5360 5375 5359 15
5509 5359 5510 5375 15
5360 5510 5375 5376 15
5511 5361 5376 5360 15
5510 5360 5511 5376 15
5361 5511 5376 5377 15
5512 5362 5377 5361 15
5511 5361 5512 5377 15
5362 5512 5377 5378 15
5513 5363 5378 5362 15
5512 5362 5513 5378 15
5363 5513 5378 5379 15
5514 5364 5379 5363 15
5513 5363 5514 5379 15
5364 5514 5379 5380 15
5515 5365 5380 5364 15
5514 5364 5515 5380 15
5365 5515 5380 5381 15
5516 5366 5381 5365 15
5515 5365 5516 5381 15
5366 5516 5381 5382 15
5517 5367 5382 5366 15
5516 5366 5517 5382 15
5367 5517 5382 5383 15
5518 5368 5383 5367 15
5517 5367 5518 5383 15
5368 5518 5383 5384 15
5519 5369 5384 5368 15
5518 5368 5519 5384 15
5369 5519 5384 2344 15
2353 2343 2344 5369 15
5519 5369 2353 2344 15
544 553 554 5520 15
5505 5370 5520 553 15
553 5370 5520 544 15
5370 5505 5520 5521 15
5506 5371 5521 5505 15
5505 5371 5521 5370 15
5371 5506 5521 5522 15
5507 5372 5522 5506 15
5506 5372 5522 5371 15
5372 5507 5522 5523 15
5508 5373 5523 5507 15
5507 5373 5523 5372 15
5373 5508 5523 5524 15
5509 5374 5524 5508 15
5508 5374 5524 5373 15
5374 5509 5524 5525 15
5510 5375 5525 5509 15
5509 5375 5525 5374 15
5375 5510 5525 5526 15
5511 5376 5526 5510 15
5510 5376 5526 5375 15
5376 5511 5526 5527 15
5512 5377 5527 5511 15
5511 5377 5527 5376 15
5377 5512 5527 5528 15
5513 5378 5528 5512 15
5512 5378 5528 5377 15
5378 5513 5528 5529 15
5514 5379 5529 5513 15
5513 5379 5529 5378 15
5379 5514 5529 5530 15
5515 5380 5530 5514 15
5514 5380 5530 5379 15
5380 5515 5530 5531 15
5516 5381 5531 5515 15
5515 5381 5531 5380 15
5381 5516 5531 5532 15
5517 5382 5532 5516 15
5516 5382 5532 5381 15
5382 5517 5532 5533 15
5518 5383 5533 5517 15
5517 5383 5533 5382 15
5383 5518 5533 5534 15
5519 5384 5534 5518 15
5518 5384 5534 5383 15
5384 5519 5534 2354 15
2353 2344 2354 5519 15
5519 2344 2354 5384 15
544 554 98 750 15
5520 5370 750 544 15
554 544 5520 750 15
5370 5520 750 751 15
5521 5371 751 5370 15
5520 5370 5521 751 15
5371 5521 751 752 15
5522 5372 752 5371 15
5521 5371 5522 752 15
5372 5522 752 753 15
5523 5373 753 5372 15
5522 5372 5523 753 15
5373 5523 753 754 15
5524 5374 754 5373 15
5523 5373 5524 754 15
5374 5524 754 755 15
5525 5375 755 5374 15
5524 5374 5525 755 15
5375 5525 755 756 15
5526 5376 756 5375 15
5525 5375 5526 756 15
5376 5526 756 757 15
5527 5377 757 5376 15
5526 5376 5527 757 15
5377 5527 757 758 15
5528 5378 758 5377 15
5527 5377 5528 758 15
5378 5528 758 759 15
5529 5379 759 5378 15
5528 5378 5529 759 15
5379 5529 759 760 15
5530 5380 760 5379 15
5529 5379 5530 760 15
5380 5530 760 761 15
5531 5381 761 5380 15
5530 5380 5531 761 15
5381 5531 761 762 15
5532 5382 762 5381 15
5531 5381 5532 762 15
5382 5532 762 763 15
5533 5383 763 5382 15
5532 5382 5533 763 15
5383 5533 763 764 15
5534 5384 764 5383 15
5533 5383 5534 764 15
5384 5534 764 132 15
2354 2344 132 5384 15
5534 5384 2354 132 15
98 554 99 750 15
5520 750 765 554 15
554 750 765 99 15
750 5520 765 751 15
5521 751 766 5520 15
5520 751 766 765 15
751 5521 766 752 15
5522 752 767 5521 15
5521 752 767 766 15
752 5522 767 753 15
5523 753 768 5522 15
5522 753 768 767 15
753 5523 768 754 15
5524 754 769 5523 15
5523 754 769 768 15
754 5524 769 755 15
5525 755 770 5524 15
5524 755 770 769 15
755 5525 770 756 15
5526 756 771 5525 15
5525 756 771 770 15
756 5526 771 757 15
5527 757 772 5526 15
5526 757 772 771 15
757 5527 772 758 15
5528 758 773 5527 15
5527 758 773 772 15
758 5528 773 759 15
5529 759 774 5528 15
5528 759 774 773 15
759 5529 774 760 15
5530 760 775 5529 15
5529 760 775 774 15
760 5530 775 761 15
5531 761 776 5530 15
5530 761 776 775 15
761 5531 776 762 15
5532 762 777 5531 15
5531 762 777 776 15
762 5532 777 763 15
5533 763 778 5532 15
5532 763 778 777 15
763 5533 778 764 15
5534 764 779 5533 15
5533 764 779 778 15
764 5534 779 132 15
2354 132 133 5534 15
5534 132 133 779 15
117 118 545 5385 15
1920 1905 5385 117 15
118 117 1920 5385 15
1905 1920 5385 5386 15
1921 1906 5386 1905 15
1920 1905 1921 5386 15
1906 1921 5386 5387 15
1922 1907 5387 1906 15
1921 1906 1922 5387 15
1907 1922 5387 5388 15
1923 1908 5388 1907 15
1922 1907 1923 5388 15
1908 1923 5388 5389 15
1924 1909 5389 1908 15
1923 1908 1924 5389 15
1909 1924 5389 5390 15
1925 1910 5390 1909 15
1924 1909 1925 5390 15
1910 1925 5390 5391 15
1926 1911 5391 1910 15
1925 1910 1926 5391 15
1911 1926 5391 5392 15
1927 1912 5392 1911 15
1926 1911 1927 5392 15
1912 1927 5392 5393 15
1928 1913 5393 1912 15
1927 1912 1928 5393 15
1913 1928 5393 5394 15
1929 1914 5394 1913 15
1928 1913 1929 5394 15
1914 1929 5394 5395 15
1930 1915 5395 1914 15
1929 1914 1930 5395 15
1915 1930 5395 5396 15
1931 1916 5396 1915 15
1930 1915 1931 5396 15
1916 1931 5396 5397 15
1932 1917 5397 1916 15
1931 1916 1932 5397 15
1917 1932 5397 5398 15
1933 1918 5398 1917 15
1932 1917 1933 5398 15
1918 1933 5398 5399 15
1934 1919 5399 1918 15
1933 1918 1934 5399 15
1919 1934 5399 2345 15
291 292 2345 1919 15
1934 1919 291 2345 15
545 118 555 5535 15
1920 5385 5535 118 15
118 5385 5535 545 15
5385 1920 5535 5536 15
1921 5386 5536 1920 15
1920 5386 5536 5385 15
5386 1921 5536 5537 15
1922 5387 5537 1921 15
1921 5387 5537 5386 15
5387 1922 5537 5538 15
1923 5388 5538 1922 15
1922 5388 5538 5387 15
5388 1923 5538 5539 15
1924 5389 5539 1923 15
1923 5389 5539 5388 15
5389 1924 5539 5540 15
1925 5390 5540 1924 15
1924 5390 5540 5389 15
5390 1925 5540 5541 15
1926 5391 5541 1925 15
1925 5391 5541 5390 15
5391 1926 5541 5542 15
1927 5392 5542 1926 15
1926 5392 5542 5391 15
5392 1927 5542 5543 15
1928 5393 5543 1927 15
1927 5393 5543 5392 15
5393 1928 5543 5544 15
1929 5394 5544 1928 15
1928 5394 5544 5393 15
5394 1929 5544 5545 15
1930 5395 5545 1929 15
1929 5395 5545 5394 15
5395 1930 5545 5546 15
1931 5396 5546 1930 15
1930 5396 5546 5395 15
5396 1931 5546 5547 15
1932 5397 5547 1931 15
1931 5397 5547 5396 15
5397 1932 5547 5548 15
1933 5398 5548 1932 15
1932 5398 5548 5397 15
5398 1933 5548 5549 15
1934 5399 5549 1933 15
1933 5399 5549 5398 15
5399 1934 5549 2355 15
291 2345 2355 1934 15
1934 2345 2355 5399 15
545 555 546 5400 15
5535 5385 5400 545 15
555 545 5535 5400 15
5385 5535 5400 5401 15
5536 5386 5401 5385 15
5535 5385 5536 5401 15
5386 5536 5401 5402 15
5537 5387 5402 5386 15
5536 5386 5537 5402 15
5387 5537 5402 5403 15
5538 5388 5403 5387 15
5537 5387 5538 5403 15
5388 5538 5403 5404 15
5539 5389 5404 5388 15
5538 5388 5539 5404 15
5389 5539 5404 5405 15
5540 5390 5405 5389 15
5539 5389 5540 5405 15
5390 5540 5405 5406 15
5541 5391 5406 5390 15
5540 5390 5541 5406 15
5391 5541 5406 5407 15
5542 5392 5407 5391 15
5541 5391 5542 5407 15
5392 5542 5407 5408 15
5543 5393 5408 5392 15
5542 5392 5543 5408 15
5393 5543 5408 5409 15
5544 5394 5409 5393 15
5543 5393 5544 5409 15
5394 5544 5409 5410 15
5545 5395 5410 5394 15
5544 5394 5545 5410 15
5395 5545 5410 5411 15
5546 5396 5411 5395 15
5545 5395 5546 5411 15
5396 5546 5411 5412 15
5547 5397 5412 5396 15
5546 5396 5547 5412 15
5397 5547 5412 5413 15
5548 5398 5413 5397 15
5547 5397 5548 5413 15
5398 5548 5413 5414 15
5549 5399 5414 5398 15
5548 5398 5549 5414 15
5399 5549 5414 2346 15
2355 2345 2346 5399 15
5549 5399 2355 2346 15
546 555 556 5550 15
5535 5400 5550 555 15
555 5400 5550 546 15
5400 5535 5550 5551 15
5536 5401 5551 5535 15
5535 5401 5551 5400 15
5401 5536 5551 5552 15
5537 5402 5552 5536 15
5536 5402 5552 5401 15
5402 5537 5552 5553 15
5538 5403 5553 5537 15
5537 5403 5553 5402 15
5403 5538 5553 5554 15
5539 5404 5554 5538 15
5538 5404 5554 5403 15
5404 5539 5554 5555 15
5540 5405 5555 5539 15
5539 5405 5555 5404 15
5405 5540 5555 5556 15
5541 5406 5556 5540 15
5540 5406 5556 5405 15
5406 5541 5556 5557 15
5542 5407 5557 5541 15
5541 5407 5557 5406 15
5407 5542 5557 5558 15
5543 5408 5558 5542 15
5542 5408 5558 5407 15
5408 5543 5558 5559 15
5544 5409 5559 5543 15
5543 5409 5559 5408 15
5409 5544 5559 5560 15
5545 5410 5560 5544 15
5544 5410 5560 5409 15
5410 5545 5560 5561 15
5546 5411 5561 5545 15
5545 5411 5561 5410 15
5411 5546 5561 5562 15
5547 5412 5562 5546 15
5546 5412 5562 5411 15
5412 5547 5562 5563 15
5548 5413 5563 5547 15
5547 5413 5563 5412 15
5413 5548 5563 5564 15
5549 5414 5564 5548 15
5548 5414 5564 5413 15
5414 5549 5564 2356 15
2355 2346 2356 5549 15
5549 2346 2356 5414 15
546 556 547 5415 15
5550 5400 5415 546 15
556 546 5550 5415 15
5400 5550 5415 5416 15
5551 5401 5416 5400 15
5550 5400 5551 5416 15
5401 5551 5416 5417 15
5552 5402 5417 5401 15
5551 5401 5552 5417 15
5402 5552 5417 5418 15
5553 5403 5418 5402 15
5552 5402 5553 5418 15
5403 5553 5418 5419 15
5554 5404 5419 5403 15
5553 5403 5554 5419 15
5404 5554 5419 5420 15
5555 5405 5420 5404 15
5554 5404 5555 5420 15
5405 5555 5420 5421 15
5556 5406 5421 5405 15
5555 5405 5556 5421 15
5406 5556 5421 5422 15
5557 5407 5422 5406 15
5556 5406 5557 5422 15
5407 5557 5422 5423 15
5558 5408 5423 5407 15
5557 5407 5558 5423 15
5408 5558 5423 5424 15
5559 5409 5424 5408 15
5558 5408 5559 5424 15
5409 5559 5424 5425 15
5560 5410 5425 5409 15
5559 5409 5560 5425 15
5410 5560 5425 5426 15
5561 5411 5426 5410 15
5560 5410 5561 5426 15
5411 5561 5426 5427 15
5562 5412 5427 5411 15
5561 5411 5562 5427 15
5412 5562 5427 5428 15
5563 5413 5428 5412 15
5562 5412 5563 5428 15
5413 5563 5428 5429 15
5564 5414 5429 5413 15
5563 5413 5564 5429 15
5414 5564 5429 2347 15
2356 2346 2347 5414 15
5564 5414 2356 2347 15
547 556 557 5565 15
5550 5415 5565 556 15
556 5415 5565 547 15
5415 5550 5565 5566 15
5551 5416 5566 5550 15
5550 5416 5566 5415 15
5416 5551 5566 5567 15
5552 5417 5567 5551 15
5551 5417 5567 5416 15
5417 5552 5567 5568 15
5553 5418 5568 5552 15
5552 5418 5568 5417 15
5418 5553 5568 5569 15
5554 5419 5569 5553 15
5553 5419 5569 5418 15
5419 5554 5569 5570 15
5555 5420 5570 5554 15
5554 5420 5570 5419 15
5420 5555 5570 5571 15
5556 5421 5571 5555 15
5555 5421 5571 5420 15
5421 5556 5571 5572 15
5557 5422 5572 5556 15
5556 5422 5572 5421 15
5422 5557 5572 5573 15
5558 5423 5573 5557 15
5557 5423 5573 5422 15
5423 5558 5573 5574 15
5559 5424 5574 5558 15
5558 5424 5574 5423 15
5424 5559 5574 5575 15
5560 5425 5575 5559 15
5559 5425 5575 5424 15
5425 5560 5575 5576 15
5561 5426 5576 5560 15
5560 5426 5576 5425 15
5426 5561 5576 5577 15
5562 5427 5577 5561 15
5561 5427 5577 5426 15
5427 5562 5577 5578 15
5563 5428 5578 5562 15
5562 5428 5578 5427 15
5428 5563 5578 5579 15
5564 5429 5579 5563 15
5563 5429 5579 5428 15
5429 5564 5579 2357 15
2356 2347 2357 5564 15
5564 2347 2357 5429 15
547 557 548 5430 15
5565 5415 5430 547 15
557 547 5565 5430 15
5415 5565 5430 5431 15
5566 5416 5431 5415 15
5565 5415 5566 5431 15
5416 5566 5431 5432 15
5567 5417 5432 5416 15
5566 5416 5567 5432 15
5417 5567 5432 5433 15
5568 5418 5433 5417 15
5567 5417 5568 5433 15
5418 5568 5433 5434 15
5569 5419 5434 5418 15
5568 5418 5569 5434 15
5419 5569 5434 5435 15
5570 5420 5435 5419 15
5569 5419 5570 5435 15
5420 5570 5435 5436 15
5571 5421 5436 5420 15
5570 5420 5571 5436 15
5421 5571 5436 5437 15
5572 5422 5437 5421 15
5571 5421 5572 5437 15
5422 5572 5437 5438 15
5573 5423 5438 5422 15
5572 5422 5573 5438 15
5423 5573 5438 5439 15
5574 5424 5439 5423 15
5573 5423 5574 5439 15
5424 5574 5439 5440 15
5575 5425 5440 5424 15
5574 5424 5575 5440 15
5425 5575 5440 5441 15
5576 5426 5441 5425 15
5575 5425 5576 5441 15
5426 5576 5441 5442 15
5577 5427 5442 5426 15
5576 5426 5577 5442 15
5427 5577 5442 5443 15
5578 5428 5443 5427 15
5577 5427 5578 5443 15
5428 5578 5443 5444 15
5579 5429 5444 5428 15
5578 5428 5579 5444 15
5429 5579 5444 2348 15
2357 2347 2348 5429 15
5579 5429 2357 2348 15
548 557 558 5580 15
5565 5430 5580 557 15
557 5430 5580 548 15
5430 5565 5580 5581 15
5566 5431 5581 5565 15
5565 5431 5581 5430 15
5431 5566 5581 5582 15
5567 5432 5582 5566 15
5566 5432 5582 5431 15
5432 5567 5582 5583 15
5568 5433 5583 5567 15
5567 5433 5583 5432 15
5433 5568 5583 5584 15
5569 5434 5584 5568 15
5568 5434 5584 5433 15
5434 5569 5584 5585 15
5570 5435 5585 5569 15
5569 5435 5585 5434 15
5435 5570 5585 5586 15
5571 5436 5586 5570 15
5570 5436 5586 5435 15
5436 5571 5586 5587 15
5572 5437 5587 5571 15
5571 5437 5587 5436 15
5437 5572 5587 5588 15
5573 5438 5588 5572 15
5572 5438 5588 5437 15
5438 5573 5588 5589 15
5574 5439 5589 5573 15
5573 5439 5589 5438 15
5439 5574 5589 5590 15
5575 5440 5590 5574 15
5574 5440 5590 5439 15
5440 5575 5590 5591 15
5576 5441 5591 5575 15
5575 5441 5591 5440 15
5441 5576 5591 5592 15
5577 5442 5592 5576 15
5576 5442 5592 5441 15
5442 5577 5592 5593 15
5578 5443 5593 5577 15
5577 5443 5593 5442 15
5443 5578 5593 5594 15
5579 5444 5594 5578 15
5578 5444 5594 5443 15
5444 5579 5594 2358 15
2357 2348 2358 5579 15
5579 2348 2358 5444 15
548 558 549 5445 15
5580 5430 5445 548 15
558 548 5580 5445 15
5430 5580 5445 5446 15
5581 5431 5446 5430 15
5580 5430 5581 5446 15
5431 5581 5446 5447 15
5582 5432 5447 5431 15
5581 5431 5582 5447 15
5432 5582 5447 5448 15
5583 5433 5448 5432 15
5582 5432 5583 5448 15
5433 5583 5448 5449 15
5584 5434 5449 5433 15
5583 5433 5584 5449 15
5434 5584 5449 5450 15
5585 5435 5450 5434 15
5584 5434 5585 5450 15
5435 5585 5450 5451 15
5586 5436 5451 5435 15
5585 5435 5586 5451 15
5436 5586 5451 5452 15
5587 5437 5452 5436 15
5586 5436 5587 5452 15
5437 5587 5452 5453 15
5588 5438 5453 5437 15
5587 5437 5588 5453 15
5438 5588 5453 5454 15
5589 5439 5454 5438 15
5588 5438 5589 5454 15
5439 5589 5454 5455 15
5590 5440 5455 5439 15
5589 5439 5590 5455 15
5440 5590 5455 5456 15
5591 5441 5456 5440 15
5590 5440 5591 5456 15
5441 5591 5456 5457 15
5592 5442 5457 5441 15
5591 5441 5592 5457 15
5442 5592 5457 5458 15
5593 5443 5458 5442 15
5592 5442 5593 5458 15
5443 5593 5458 5459 15
5594 5444 5459 5443 15
5593 5443 5594 5459 15
5444 5594 5459 2349 15
2358 2348 2349 5444 15
5594 5444 2358 2349 15
549 558 559 5595 15
5580 5445 5595 558 15
558 5445 5595 549 15
5445 5580 5595 5596 15
5581 5446 5596 5580 15
5580 5446 5596 5445 15
5446 5581 5596 5597 15
5582 5447 5597 5581 15
5581 5447 5597 5446 15
5447 5582 5597 5598 15
5583 5448 5598 5582 15
5582 5448 5598 5447 15
5448 5583 5598 5599 15
5584 5449 5599 5583 15
5583 5449 5599 5448 15
5449 5584 5599 5600 15
5585 5450 5600 5584 15
5584 5450 5600 5449 15
5450 5585 5600 5601 15
5586 5451 5601 5585 15
5585 5451 5601 5450 15
5451 5586 5601 5602 15
5587 5452 5602 5586 15
5586 5452 5602 5451 15
5452 5587 5602 5603 15
5588 5453 5603 5587 15
5587 5453 5603 5452 15
5453 5588 5603 5604 15
5589 5454 5604 5588 15
5588 5454 5604 5453 15
5454 5589 5604 5605 15
5590 5455 5605 5589 15
5589 5455 5605 5454 15
5455 5590 5605 5606 15
5591 5456 5606 5590 15
5590 5456 5606 5455 15
5456 5591 5606 5607 15
5592 5457 5607 5591 15
5591 5457 5607 5456 15
5457 5592 5607 5608 15
5593 5458 5608 5592 15
5592 5458 5608 5457 15
5458 5593 5608 5609 15
5594 5459 5609 5593 15
5593 5459 5609 5458 15
5459 5594 5609 2359 15
2358 2349 2359 5594 15
5594 2349 2359 5459 15
549 559 550 5460 15
5595 5445 5460 549 15
559 549 5595 5460 15
5445 5595 5460 5461 15
5596 5446 5461 5445 15
5595 5445 5596 5461 15
5446 5596 5461 5462 15
5597 5447 5462 5446 15
5596 5446 5597 5462 15
5447 5597 5462 5463 15
5598 5448 5463 5447 15
5597 5447 5598 5463 15
5448 5598 5463 5464 15
5599 5449 5464 5448 15
5598 5448 5599 5464 15
5449 5599 5464 5465 15
5600 5450 5465 5449 15
5599 5449 5600 5465 15
5450 5600 5465 5466 15
5601 5451 5466 5450 15
5600 5450 5601 5466 15
5451 5601 5466 5467 15
5602 5452 5467 5451 15
5601 5451 5602 5467 15
5452 5602 5467 5468 15
5603 5453 5468 5452 15
5602 5452 5603 5468 15
5453 5603 5468 5469 15
5604 5454 5469 5453 15
5603 5453 5604 5469 15
5454 5604 5469 5470 15
5605 5455 5470 5454 15
5604 5454 5605 5470 15
5455 5605 5470 5471 15
5606 5456 5471 5455 15
5605 5455 5606 5471 15
5456 5606 5471 5472 15
5607 5457 5472 5456 15
5606 5456 5607 5472 15
5457 5607 5472 5473 15
5608 5458 5473 5457 15
5607 5457 5608 5473 15
5458 5608 5473 5474 15
5609 5459 5474 5458 15
5608 5458 5609 5474 15
5459 5609 5474 2350 15
2359 2349 2350 5459 15
5609 5459 2359 2350 15
550 559 560 5610 15
5595 5460 5610 559 15
559 5460 5610 550 15
5460 5595 5610 5611 15
5596 5461 5611 5595 15
5595 5461 5611 5460 15
5461 5596 5611 5612 15
5597 5462 5612 5596 15
5596 5462 5612 5461 15
5462 5597 5612 5613 15
5598 5463 5613 5597 15
5597 5463 5613 5462 15
5463 5598 5613 5614 15
5599 5464 5614 5598 15
5598 5464 5614 5463 15
5464 5599 5614 5615 15
5600 5465 5615 5599 15
5599 5465 5615 5464 15
5465 5600 5615 5616 15
5601 5466 5616 5600 15
5600 5466 5616 5465 15
5466 5601 5616 5617 15
5602 5467 5617 5601 15
5601 5467 5617 5466 15
5467 5602 5617 5618 15
5603 5468 5618 5602 15
5602 5468 5618 5467 15
5468 5603 5618 5619 15
5604 5469 5619 5603 15
5603 5469 5619 5468 15
5469 5604 5619 5620 15
5605 5470 5620 5604 15
5604 5470 5620 5469 15
5470 5605 5620 5621 15
5606 5471 5621 5605 15
5605 5471 5621 5470 15
5471 5606 5621 5622 15
5607 5472 5622 5606 15
5606 5472 5622 5471 15
5472 5607 5622 5623 15
5608 5473 5623 5607 15
5607 5473 5623 5472 15
5473 5608 5623 5624 15
5609 5474 5624 5608 15
5608 5474 5624 5473 15
5474 5609 5624 2360 15
2359 2350 2360 5609 15
5609 2350 2360 5474 15
550 560 551 5475 15
5610 5460 5475 550 15
560 550 5610 5475 15
5460 5610 5475 5476 15
5611 5461 5476 5460 15
5610 5460 5611 5476 15
5461 5611 5476 5477 15
5612 5462 5477 5461 15
5611 5461 5612 5477 15
5462 5612 5477 5478 15
5613 5463 5478 5462 15
5612 5462 5613 5478 15
5463 5613 5478 5479 15
5614 5464 5479 5463 15
5613 5463 5614 5479 15
5464 5614 5479 5480 15
5615 5465 5480 5464 15
5614 5464 5615 5480 15
5465 5615 5480 5481 15
5616 5466 5481 5465 15
5615 5465 5616 5481 15
5466 5616 5481 5482 15
5617 5467 5482 5466 15
5616 5466 5617 5482 15
5467 5617 5482 5483 15
5618 5468 5483 5467 15
5617 5467 5618 5483 15
5468 5618 5483 5484 15
5619 5469 5484 5468 15
5618 5468 5619 5484 15
5469 5619 5484 5485 15
5620 5470 5485 5469 15
5619 5469 5620 5485 15
5470 5620 5485 5486 15
5621 5471 5486 5470 15
5620 5470 5621 5486 15
5471 5621 5486 5487 15
5622 5472 5487 5471 15
5621 5471 5622 5487 15
5472 5622 5487 5488 15
5623 5473 5488 5472 15
5622 5472 5623 5488 15
5473 5623 5488 5489 15
5624 5474 5489 5473 15
5623 5473 5624 5489 15
5474 5624 5489 2351 15
2360 2350 2351 5474 15
5624 5474 2360 2351 15
551 560 561 5625 15
5610 5475 5625 560 15
560 5475 5625 551 15
5475 5610 5625 5626 15
5611 5476 5626 5610 15
5610 5476 5626 5475 15
5476 5611 5626 5627 15
5612 5477 5627 5611 15
5611 5477 5627 5476 15
5477 5612 5627 5628 15
5613 5478 5628 5612 15
5612 5478 5628 5477 15
5478 5613 5628 5629 15
5614 5479 5629 5613 15
5613 5479 5629 5478 15
5479 5614 5629 5630 15
5615 5480 5630 5614 15
5614 5480 5630 5479 15
5480 5615 5630 5631 15
5616 5481 5631 5615 15
5615 5481 5631 5480 15
5481 5616 5631 5632 15
5617 5482 5632 5616 15
5616 5482 5632 5481 15
5482 5617 5632 5633 15
5618 5483 5633 5617 15
5617 5483 5633 5482 15
5483 5618 5633 5634 15
5619 5484 5634 5618 15
5618 5484 5634 5483 15
5484 5619 5634 5635 15
5620 5485 5635 5619 15
5619 5485 5635 5484 15
5485 5620 5635 5636 15
5621 5486 5636 5620 15
5620 5486 5636 5485 15
5486 5621 5636 5637 15
5622 5487 5637 5621 15
5621 5487 5637 5486 15
5487 5622 5637 5638 15
5623 5488 5638 5622 15
5622 5488 5638 5487 15
5488 5623 5638 5639 15
5624 5489 5639 5623 15
5623 5489 5639 5488 15
5489 5624 5639 2361 15
2360 2351 2361 5624 15
5624 2351 2361 5489 15
551 561 552 5490 15
5625 5475 5490 551 15
561 551 5625 5490 15
5475 5625 5490 5491 15
5626 5476 5491 5475 15
5625 5475 5626 5491 15
5476 5626 5491 5492 15
5627 5477 5492 5476 15
5626 5476 5627 5492 15
5477 5627 5492 5493 15
5628 5478 5493 5477 15
5627 5477 5628 5493 15
5478 5628 5493 5494 15
5629 5479 5494 5478 15
5628 5478 5629 5494 15
5479 5629 5494 5495 15
5630 5480 5495 5479 15
5629 5479 5630 5495 15
5480 5630 5495 5496 15
5631 5481 5496 5480 15
5630 5480 5631 5496 15
5481 5631 5496 5497 15
5632 5482 5497 5481 15
5631 5481 5632 5497 15
5482 5632 5497 5498 15
5633 5483 5498 5482 15
5632 5482 5633 5498 15
5483 5633 5498 5499 15
5634 5484 5499 5483 15
5633 5483 5634 5499 15
5484 5634 5499 5500 15
5635 5485 5500 5484 15
5634 5484 5635 5500 15
5485 5635 5500 5501 15
5636 5486 5501 5485 15
5635 5485 5636 5501 15
5486 5636 5501 5502 15
5637 5487 5502 5486 15
5636 5486 5637 5502 15
5487 5637 5502 5503 15
5638 5488 5503 5487 15
5637 5487 5638 5503 15
5488 5638 5503 5504 15
5639 5489 5504 5488 15
5638 5488 5639 5504 15
5489 5639 5504 2352 15
2361 2351 2352 5489 15
5639 5489 2361 2352 15
552 561 562 5640 15
5625 5490 5640 561 15
561 5490 5640 552 15
5490 5625 5640 5641 15
5626 5491 5641 5625 15
5625 5491 5641 5490 15
5491 5626 5641 5642 15
5627 5492 5642 5626 15
5626 5492 5642 5491 15
5492 5627 5642 5643 15
5628 5493 5643 5627 15
5627 5493 5643 5492 15
5493 5628 5643 5644 15
5629 5494 5644 5628 15
5628 5494 5644 5493 15
5494 5629 5644 5645 15
5630 5495 5645 5629 15
5629 5495 5645 5494 15
5495 5630 5645 5646 15
5631 5496 5646 5630 15
5630 5496 5646 5495 15
5496 5631 5646 5647 15
5632 5497 5647 5631 15
5631 5497 5647 5496 15
5497 5632 5647 5648 15
5633 5498 5648 5632 15
5632 5498 5648 5497 15
5498 5633 5648 5649 15
5634 5499 5649 5633 15
5633 5499 5649 5498 15
5499 5634 5649 5650 15
5635 5500 5650 5634 15
5634 5500 5650 5499 15
5500 5635 5650 5651 15
5636 5501 5651 5635 15
5635 5501 5651 5500 15
5501 5636 5651 5652 15
5637 5502 5652 5636 15
5636 5502 5652 5501 15
5502 5637 5652 5653 15
5638 5503 5653 5637 15
5637 5503 5653 5502 15
5503 5638 5653 5654 15
5639 5504 5654 5638 15
5638 5504 5654 5503 15
5504 5639 5654 2362 15
2361 2352 2362 5639 15
5639 2352 2362 5504 15
552 562 553 5505 15
5640 5490 5505 552 15
562 552 5640 5505 15
5490 5640 5505 5506 15
5641 5491 5506 5490 15
5640 5490 5641 5506 15
5491 5641 5506 5507 15
5642 5492 5507 5491 15
5641 5491 5642 5507 15
5492 5642 5507 5508 15
5643 5493 5508 5492 15
5642 5492 5643 5508 15
5493 5643 5508 5509 15
5644 5494 5509 5493 15
5643 5493 5644 5509 15
5494 5644 5509 5510 15
5645 5495 5510 5494 15
5644 5494 5645 5510 15
5495 5645 5510 5511 15
5646 5496 5511 5495 15
5645 5495 5646 5511 15
5496 5646 5511 5512 15
5647 5497 5512 5496 15
5646 5496 5647 5512 15
5497 5647 5512 5513 15
5648 5498 5513 5497 15
5647 5497 5648 5513 15
5498 5648 5513 5514 15
5649 5499 5514 5498 15
5648 5498 5649 5514 15
5499 5649 5514 5515 15
5650 5500 5515 5499 15
5649 5499 5650 5515 15
5500 5650 5515 5516 15
5651 5501 5516 5500 15
5650 5500 5651 5516 15
5501 5651 5516 5517 15
5652 5502 5517 5501 15
5651 5501 5652 5517 15
5502 5652 5517 5518 15
5653 5503 5518 5502 15
5652 5502 5653 5518 15
5503 5653 5518 5519 15
5654 5504 5519 5503 15
5653 5503 5654 5519 15
5504 5654 5519 2353 15
2362 2352 2353 5504 15
5654 5504 2362 2353 15
553 562 563 5655 15
5640 5505 5655 562 15
562 5505 5655 553 15
5505 5640 5655 5656 15
5641 5506 5656 5640 15
5640 5506 5656 5505 15
5506 5641 5656 5657 15
5642 5507 5657 5641 15
5641 5507 5657 5506 15
5507 5642 5657 5658 15
5643 5508 5658 5642 15
5642 5508 5658 5507 15
5508 5643 5658 5659 15
5644 5509 5659 5643 15
5643 5509 5659 5508 15
5509 5644 5659 5660 15
5645 5510 5660 5644 15
5644 5510 5660 5509 15
5510 5645 5660 5661 15
5646 5511 5661 5645 15
5645 5511 5661 5510 15
5511 5646 5661 5662 15
5647 5512 5662 5646 15
5646 5512 5662 5511 15
5512 5647 5662 5663 15
5648 5513 5663 5647 15
5647 5513 5663 5512 15
5513 5648 5663 5664 15
5649 5514 5664 5648 15
5648 5514 5664 5513 15
5514 5649 5664 5665 15
5650 5515 5665 5649 15
5649 5515 5665 5514 15
5515 5650 5665 5666 15
5651 5516 5666 5650 15
5650 5516 5666 5515 15
5516 5651 5666 5667 15
5652 5517 5667 5651 15
5651 5517 5667 5516 15
5517 5652 5667 5668 15
5653 5518 5668 5652 15
5652 5518 5668 5517 15
5518 5653 5668 5669 15
5654 5519 5669 5653 15
5653 5519 5669 5518 15
5519 5654 5669 2363 15
2362 2353 2363 5654 15
5654 2353 2363 5519 15
553 563 554 5520 15
5655 5505 5520 553 15
563 553 5655 5520 15
5505 5655 5520 5521 15
5656 5506 5521 5505 15
5655 5505 5656 5521 15
5506 5656 5521 5522 15
5657 5507 5522 5506 15
5656 5506 5657 5522 15
5507 5657 5522 5523 15
5658 5508 5523 5507 15
5657 5507 5658 5523 15
5508 5658 5523 5524 15
5659 5509 5524 5508 15
5658 5508 5659 5524 15
5509 5659 5524 5525 15
5660 5510 5525 5509 15
5659 5509 5660 5525 15
5510 5660 5525 5526 15
5661 5511 5526 5510 15
5660 5510 5661 5526 15
5511 5661 5526 5527 15
5662 5512 5527 5511 15
5661 5511 5662 5527 15
5512 5662 5527 5528 15
5663 5513 5528 5512 15
5662 5512 5663 5528 15
5513 5663 5528 5529 15
5664 5514 5529 5513 15
5663 5513 5664 5529 15
5514 5664 5529 5530 15
5665 5515 5530 5514 15
5664 5514 5665 5530 15
5515 5665 5530 5531 15
5666 5516 5531 5515 15
5665 5515 5666 5531 15
5516 5666 5531 5532 15
5667 5517 5532 5516 15
5666 5516 5667 5532 15
5517 5667 5532 5533 15
5668 5518 5533 5517 15
5667 5517 5668 5533 15
5518 5668 5533 5534 15
5669 5519 5534 5518 15
5668 5518 5669 5534 15
5519 5669 5534 2354 15
2363 2353 2354 5519 15
5669 5519 2363 2354 15
554 563 564 5670 15
5655 5520 5670 563 15
563 5520 5670 554 15
5520 5655 5670 5671 15
5656 5521 5671 5655 15
5655 5521 5671 5520 15
5521 5656 5671 5672 15
5657 5522 5672 5656 15
5656 5522 5672 5521 15
5522 5657 5672 5673 15
5658 5523 5673 5657 15
5657 5523 5673 5522 15
5523 5658 5673 5674 15
5659 5524 5674 5658 15
5658 5524 5674 5523 15
5524 5659 5674 5675 15
5660 5525 5675 5659 15
5659 5525 5675 5524 15
5525 5660 5675 5676 15
5661 5526 5676 5660 15
5660 5526 5676 5525 15
5526 5661 5676 5677 15
5662 5527 5677 5661 15
5661 5527 5677 5526 15
5527 5662 5677 5678 15
5663 5528 5678 5662 15
5662 5528 5678 5527 15
5528 5663 5678 5679 15
5664 5529 5679 5663 15
5663 5529 5679 5528 15
5529 5664 5679 5680 15
5665 5530 5680 5664 15
5664 5530 5680 5529 15
5530 5665 5680 5681 15
5666 5531 5681 5665 15
5665 5531 5681 5530 15
5531 5666 5681 5682 15
5667 5532 5682 5666 15
5666 5532 5682 5531 15
5532 5667 5682 5683 15
5668 5533 5683 5667 15
5667 5533 5683 5532 15
5533 5668 5683 5684 15
5669 5534 5684 5668 15
5668 5534 5684 5533 15
5534 5669 5684 2364 15
2363 2354 2364 5669 15
5669 2354 2364 5534 15
554 564 99 765 15
5670 5520 765 554 15
564 554 5670 765 15
5520 5670 765 766 15
5671 5521 766 5520 15
5670 5520 5671 766 15
5521 5671 766 767 15
5672 5522 767 5521 15
5671 5521 5672 767 15
5522 5672 767 768 15
5673 5523 768 5522 15
5672 5522 5673 768 15
5523 5673 768 769 15
5674 5524 769 5523 15
5673 5523 5674 769 15
5524 5674 769 770 15
5675 5525 770 5524 15
5674 5524 5675 770 15
5525 5675 770 771 15
5676 5526 771 5525 15
5675 5525 5676 771 15
5526 5676 771 772 15
5677 5527 772 5526 15
5676 5526 5677 772 15
5527 5677 772 773 15
5678 5528 773 5527 15
5677 5527 5678 773 15
5528 5678 773 774 15
5679 5529 774 5528 15
5678 5528 5679 774 15
5529 5679 774 775 15
5680 5530 775 5529 15
5679 5529 5680 775 15
5530 5680 775 776 15
5681 5531 776 5530 15
5680 5530 5681 776 15
5531 5681 776 777 15
5682 5532 777 5531 15
5681 5531 5682 777 15
5532 5682 777 778 15
5683 5533 778 5532 15
5682 5532 5683 778 15
5533 5683 778 779 15
5684 5534 779 5533 15
5683 5533 5684 779 15
5534 5684 779 133 15
2364 2354 133 5534 15
5684 5534 2364 133 15
99 564 100 765 15
5670 765 780 564 15
564 765 780 100 15
765 5670 780 766 15
5671 766 781 5670 15
5670 766 781 780 15
766 5671 781 767 15
5672 767 782 5671 15
5671 767 782 781 15
767 5672 782 768 15
5673 768 783 5672 15
5672 768 783 782 15
768 5673 783 769 15
5674 769 784 5673 15
5673 769 784 783 15
769 5674 784 770 15
5675 770 785 5674 15
5674 770 785 784 15
770 5675 785 771 15
5676 771 786 5675 15
5675 771 786 785 15
771 5676 786 772 15
5677 772 787 5676 15
5676 772 787 786 15
772 5677 787 773 15
5678 773 788 5677 15
5677 773 788 787 15
773 5678 788 774 15
5679 774 789 5678 15
5678 774 789 788 15
774 5679 789 775 15
5680 775 790 5679 15
5679 775 790 789 15
775 5680 790 776 15
5681 776 791 5680 15
5680 776 791 790 15
776 5681 791 777 15
5682 777 792 5681 15
5681 777 792 791 15
777 5682 792 778 15
5683 778 793 5682 15
5682 778 793 792 15
778 5683 793 779 15
5684 779 794 5683 15
5683 779 794 793 15
779 5684 794 133 15
2364 133 134 5684 15
5684 133 134 794 15
118 119 555 5535 15
1935 1920 5535 118 15
119 118 1935 5535 15
1920 1935 5535 5536 15
1936 1921 5536 1920 15
1935 1920 1936 5536 15
1921 1936 5536 5537 15
1937 1922 5537 1921 15
1936 1921 1937 5537 15
1922 1937 5537 5538 15
1938 1923 5538 1922 15
1937 1922 1938 5538 15
1923 1938 5538 5539 15
1939 1924 5539 1923 15
1938 1923 1939 5539 15
1924 1939 5539 5540 15
1940 1925 5540 1924 15
1939 1924 1940 5540 15
1925 1940 5540 5541 15
1941 1926 5541 1925 15
1940 1925 1941 5541 15
1926 1941 5541 5542 15
1942 1927 5542 1926 15
1941 1926 1942 5542 15
1927 1942 5542 5543 15
1943 1928 5543 1927 15
1942 1927 1943 5543 15
1928 1943 5543 5544 15
1944 1929 5544 1928 15
1943 1928 1944 5544 15
1929 1944 5544 5545 15
1945 1930 5545 1929 15
1944 1929 1945 5545 15
1930 1945 5545 5546 15
1946 1931 5546 1930 15
1945 1930 1946 5546 15
1931 1946 5546 5547 15
1947 1932 5547 1931 15
1946 1931 1947 5547 15
1932 1947 5547 5548 15
1948 1933 5548 1932 15
1947 1932 1948 5548 15
1933 1948 5548 5549 15
1949 1934 5549 1933 15
1948 1933 1949 5549 15
1934 1949 5549 2355 15
290 291 2355 1934 15
1949 1934 290 2355 15
555 119 565 5685 15
1935 5535 5685 119 15
119 5535 5685 555 15
5535 1935 5685 5686 15
1936 5536 5686 1935 15
1935 5536 5686 5535 15
5536 1936 5686 5687 15
1937 5537 5687 1936 15
1936 5537 5687 5536 15
5537 1937 5687 5688 15
1938 5538 5688 1937 15
1937 5538 5688 5537 15
5538 1938 5688 5689 15
1939 5539 5689 1938 15
1938 5539 5689 5538 15
5539 1939 5689 5690 15
1940 5540 5690 1939 15
1939 5540 5690 5539 15
5540 1940 5690 5691 15
1941 5541 5691 1940 15
1940 5541 5691 5540 15
5541 1941 5691 5692 15
1942 5542 5692 1941 15
1941 5542 5692 5541 15
5542 1942 5692 5693 15
1943 5543 5693 1942 15
1942 5543 5693 5542 15
5543 1943 5693 5694 15
1944 5544 5694 1943 15
1943 5544 5694 5543 15
5544 1944 5694 5695 15
1945 5545 5695 1944 15
1944 5545 5695 5544 15
5545 1945 5695 5696 15
1946 5546 5696 1945 15
1945 5546 5696 5545 15
5546 1946 5696 5697 15
1947 5547 5697 1946 15
1946 5547 5697 5546 15
5547 1947 5697 5698 15
1948 5548 5698 1947 15
1947 5548 5698 5547 15
5548 1948 5698 5699 15
1949 5549 5699 1948 15
1948 5549 5699 5548 15
5549 1949 5699 2365 15
290 2355 2365 1949 15
1949 2355 2365 5549 15
555 565 556 5550 15
5685 5535 5550 555 15
565 555 5685 5550 15
5535 5685 5550 5551 15
5686 5536 5551 5535 15
5685 5535 5686 5551 15
5536 5686 5551 5552 15
5687 5537 5552 5536 15
5686 5536 5687 5552 15
5537 5687 5552 5553 15
5688 5538 5553 5537 15
5687 5537 5688 5553 15
5538 5688 5553 5554 15
5689 5539 5554 5538 15
5688 5538 5689 5554 15
5539 5689 5554 5555 15
5690 5540 5555 5539 15
5689 5539 5690 5555 15
5540 5690 5555 5556 15
5691 5541 5556 5540 15
5690 5540 5691 5556 15
5541 5691 5556 5557 15
5692 5542 5557 5541 15
5691 5541 5692 5557 15
5542 5692 5557 5558 15
5693 5543 5558 5542 15
5692 5542 5693 5558 15
5543 5693 5558 5559 15
5694 5544 5559 5543 15
5693 5543 5694 5559 15
5544 5694 5559 5560 15
5695 5545 5560 5544 15
5694 5544 5695 5560 15
5545 5695 5560 5561 15
5696 5546 5561 5545 15
5695 5545 5696 5561 15
5546 5696 5561 5562 15
5697 5547 5562 5546 15
5696 5546 5697 5562 15
5547 5697 5562 5563 15
5698 5548 5563 5547 15
5697 5547 5698 5563 15
5548 5698 5563 5564 15
5699 5549 5564 5548 15
5698 5548 5699 5564 15
5549 5699 5564 2356 15
2365 2355 2356 5549 15
5699 5549 2365 2356 15
556 565 566 5700 15
5685 5550 5700 565 15
565 5550 5700 556 15
5550 5685 5700 5701 15
5686 5551 5701 5685 15
5685 5551 5701 5550 15
5551 5686 5701 5702 15
5687 5552 5702 5686 15
5686 5552 5702 5551 15
5552 5687 5702 5703 15
5688 5553 5703 5687 15
5687 5553 5703 5552 15
5553 5688 5703 5704 15
5689 5554 5704 5688 15
5688 5554 5704 5553 15
5554 5689 5704 5705 15
5690 5555 5705 5689 15
5689 5555 5705 5554 15
5555 5690 5705 5706 15
5691 5556 5706 5690 15
5690 5556 5706 5555 15
5556 5691 5706 5707 15
5692 5557 5707 5691 15
5691 5557 5707 5556 15
5557 5692 5707 5708 15
5693 5558 5708 5692 15
5692 5558 5708 5557 15
5558 5693 5708 5709 15
5694 5559 5709 5693 15
5693 5559 5709 5558 15
5559 5694 5709 5710 15
5695 5560 5710 5694 15
5694 5560 5710 5559 15
5560 5695 5710 5711 15
5696 5561 5711 5695 15
5695 5561 5711 5560 15
5561 5696 5711 5712 15
5697 5562 5712 5696 15
5696 5562 5712 5561 15
5562 5697 5712 5713 15
5698 5563 5713 5697 15
5697 5563 5713 5562 15
5563 5698 5713 5714 15
5699 5564 5714 5698 15
5698 5564 5714 5563 15
5564 5699 5714 2366 15
2365 2356 2366 5699 15
5699 2356 2366 5564 15
556 566 557 5565 15
5700 5550 5565 556 15
566 556 5700 5565 15
5550 5700 5565 5566 15
5701 5551 5566 5550 15
5700 5550 5701 5566 15
5551 5701 5566 5567 15
5702 5552 5567 5551 15
5701 5551 5702 5567 15
5552 5702 5567 5568 15
5703 5553 5568 5552 15
5702 5552 5703 5568 15
5553 5703 5568 5569 15
5704 5554 5569 5553 15
5703 5553 5704 5569 15
5554 5704 5569 5570 15
5705 5555 5570 5554 15
5704 5554 5705 5570 15
5555 5705 5570 5571 15
5706 5556 5571 5555 15
5705 5555 5706 5571 15
5556 5706 5571 5572 15
5707 5557 5572 5556 15
5706 5556 5707 5572 15
5557 5707 5572 5573 15
5708 5558 5573 5557 15
5707 5557 5708 5573 15
5558 5708 5573 5574 15
5709 5559 5574 5558 15
5708 5558 5709 5574 15
5559 5709 5574 5575 15
5710 5560 5575 5559 15
5709 5559 5710 5575 15
5560 5710 5575 5576 15
5711 5561 5576 5560 15
5710 5560 5711 5576 15
5561 5711 5576 5577 15
5712 5562 5577 5561 15
5711 5561 5712 5577 15
5562 5712 5577 5578 15
5713 5563 5578 5562 15
5712 5562 5713 5578 15
5563 5713 5578 5579 15
5714 5564 5579 5563 15
5713 5563 5714 5579 15
5564 5714 5579 2357 15
2366 2356 2357 5564 15
5714 5564 2366 2357 15
557 566 567 5715 15
5700 5565 5715 566 15
566 5565 5715 557 15
5565 5700 5715 5716 15
5701 5566 5716 5700 15
5700 5566 5716 5565 15
5566 5701 5716 5717 15
5702 5567 5717 5701 15
5701 5567 5717 5566 15
5567 5702 5717 5718 15
5703 5568 5718 5702 15
5702 5568 5718 5567 15
5568 5703 5718 5719 15
5704 5569 5719 5703 15
5703 5569 5719 5568 15
5569 5704 5719 5720 15
5705 5570 5720 5704 15
5704 5570 5720 5569 15
5570 5705 5720 5721 15
5706 5571 5721 5705 15
5705 5571 5721 5570 15
5571 5706 5721 5722 15
5707 5572 5722 5706 15
5706 5572 5722 5571 15
5572 5707 5722 5723 15
5708 5573 5723 5707 15
5707 5573 5723 5572 15
5573 5708 5723 5724 15
5709 5574 5724 5708 15
5708 5574 5724 5573 15
5574 5709 5724 5725 15
5710 5575 5725 5709 15
5709 5575 5725 5574 15
5575 5710 5725 5726 15
5711 5576 5726 5710 15
5710 5576 5726 5575 15
5576 5711 5726 5727 15
5712 5577 5727 5711 15
5711 5577 5727 5576 15
5577 5712 5727 5728 15
5713 5578 5728 5712 15
5712 5578 5728 5577 15
5578 5713 5728 5729 15
5714 5579 5729 5713 15
5713 5579 5729 5578 15
5579 5714 5729 2367 15
2366 2357 2367 5714 15
5714 2357 2367 5579 15
557 567 558 5580 15
5715 5565 5580 557 15
567 557 5715 5580 15
5565 5715 5580 5581 15
5716 5566 5581 5565 15
5715 5565 5716 5581 15
5566 5716 5581 5582 15
5717 5567 5582 5566 15
5716 5566 5717 5582 15
5567 5717 5582 5583 15
5718 5568 5583 5567 15
5717 5567 5718 5583 15
5568 5718 5583 5584 15
5719 5569 5584 5568 15
5718 5568 5719 5584 15
5569 5719 5584 5585 15
5720 5570 5585 5569 15
5719 5569 5720 5585 15
5570 5720 5585 5586 15
5721 5571 5586 5570 15
5720 5570 5721 5586 15
5571 5721 5586 5587 15
5722 5572 5587 5571 15
5721 5571 5722 5587 15
5572 5722 5587 5588 15
5723 5573 5588 5572 15
5722 5572 5723 5588 15
5573 5723 5588 5589 15
5724 5574 5589 5573 15
5723 5573 5724 5589 15
5574 5724 5589 5590 15
5725 5575 5590 5574 15
5724 5574 5725 5590 15
5575 5725 5590 5591 15
5726 5576 5591 5575 15
5725 5575 5726 5591 15
5576 5726 5591 5592 15
5727 5577 5592 5576 15
5726 5576 5727 5592 15
5577 5727 5592 5593 15
5728 5578 5593 5577 15
5727 5577 5728 5593 15
5578 5728 5593 5594 15
5729 5579 5594 5578 15
5728 5578 5729 5594 15
5579 5729 5594 2358 15
2367 2357 2358 5579 15
5729 5579 2367 2358 15
558 567 568 5730 15
5715 5580 5730 567 15
567 5580 5730 558 15
5580 5715 5730 5731 15
5716 5581 5731 5715 15
5715 5581 5731 5580 15
5581 5716 5731 5732 15
5717 5582 5732 5716 15
5716 5582 5732 5581 15
5582 5717 5732 5733 15
5718 5583 5733 5717 15
5717 5583 5733 5582 15
5583 5718 5733 5734 15
5719 5584 5734 5718 15
5718 5584 5734 5583 15
5584 5719 5734 5735 15
5720 5585 5735 5719 15
5719 5585 5735 5584 15
5585 5720 5735 5736 15
5721 5586 5736 5720 15
5720 5586 5736 5585 15
5586 5721 5736 5737 15
5722 5587 5737 5721 15
5721 5587 5737 5586 15
5587 5722 5737 5738 15
5723 5588 5738 5722 15
5722 5588 5738 5587 15
5588 5723 5738 5739 15
5724 5589 5739 5723 15
5723 5589 5739 5588 15
5589 5724 5739 5740 15
5725 5590 5740 5724 15
5724 5590 5740 5589 15
5590 5725 5740 5741 15
5726 5591 5741 5725 15
5725 5591 5741 5590 15
5591 5726 5741 5742 15
5727 5592 5742 5726 15
5726 5592 5742 5591 15
5592 5727 5742 5743 15
5728 5593 5743 5727 15
5727 5593 5743 5592 15
5593 5728 5743 5744 15
5729 5594 5744 5728 15
5728 5594 5744 5593 15
5594 5729 5744 2368 15
2367 2358 2368 5729 15
5729 2358 2368 5594 15
558 568 559 5595 15
5730 5580 5595 558 15
568 558 5730 5595 15
5580 5730 5595 5596 15
5731 5581 5596 5580 15
5730 5580 5731 5596 15
5581 5731 5596 5597 15
5732 5582 5597 5581 15
5731 5581 5732 5597 15
5582 5732 5597 5598 15
5733 5583 5598 5582 15
5732 5582 5733 5598 15
5583 5733 5598 5599 15
5734 5584 5599 5583 15
5733 5583 5734 5599 15
5584 5734 5599 5600 15
5735 5585 5600 5584 15
5734 5584 5735 5600 15
5585 5735 5600 5601 15
5736 5586 5601 5585 15
5735 5585 5736 5601 15
5586 5736 5601 5602 15
5737 5587 5602 5586 15
5736 5586 5737 5602 15
5587 5737 5602 5603 15
5738 5588 5603 5587 15
5737 5587 5738 5603 15
5588 5738 5603 5604 15
5739 5589 5604 5588 15
5738 5588 5739 5604 15
5589 5739 5604 5605 15
5740 5590 5605 5589 15
5739 5589 5740 5605 15
5590 5740 5605 5606 15
5741 5591 5606 5590 15
5740 5590 5741 5606 15
5591 5741 5606 5607 15
5742 5592 5607 5591 15
5741 5591 5742 5607 15
5592 5742 5607 5608 15
5743 5593 5608 5592 15
5742 5592 5743 5608 15
5593 5743 5608 5609 15
5744 5594 5609 5593 15
5743 5593 5744 5609 15
5594 5744 5609 2359 15
2368 2358 2359 5594 15
5744 5594 2368 2359 15
559 568 569 5745 15
5730 5595 5745 568 15
568 5595 5745 559 15
5595 5730 5745 5746 15
5731 5596 5746 5730 15
5730 5596 5746 5595 15
5596 5731 5746 5747 15
5732 5597 5747 5731 15
5731 5597 5747 5596 15
5597 5732 5747 5748 15
5733 5598 5748 5732 15
5732 5598 5748 5597 15
5598 5733 5748 5749 15
5734 5599 5749 5733 15
5733 5599 5749 5598 15
5599 5734 5749 5750 15
5735 5600 5750 5734 15
5734 5600 5750 5599 15
5600 5735 5750 5751 15
5736 5601 5751 5735 15
5735 5601 5751 5600 15
5601 5736 5751 5752 15
5737 5602 5752 5736 15
5736 5602 5752 5601 15
5602 5737 5752 5753 15
5738 5603 5753 5737 15
5737 5603 5753 5602 15
5603 5738 5753 5754 15
5739 5604 5754 5738 15
5738 5604 5754 5603 15
5604 5739 5754 5755 15
5740 5605 5755 5739 15
5739 5605 5755 5604 15
5605 5740 5755 5756 15
5741 5606 5756 5740 15
5740 5606 5756 5605 15
5606 5741 5756 5757 15
5742 5607 5757 5741 15
5741 5607 5757 5606 15
5607 5742 5757 5758 15
5743 5608 5758 5742 15
5742 5608 5758 5607 15
5608 5743 5758 5759 15
5744 5609 5759 5743 15
5743 5609 5759 5608 15
5609 5744 5759 2369 15
2368 2359 2369 5744 15
5744 2359 2369 5609 15
559 569 560 5610 15
5745 5595 5610 559 15
569 559 5745 5610 15
5595 5745 5610 5611 15
5746 5596 5611 5595 15
5745 5595 5746 5611 15
5596 5746 5611 5612 15
5747 5597 5612 5596 15
5746 5596 5747 5612 15
5597 5747 5612 5613 15
5748 5598 5613 5597 15
5747 5597 5748 5613 15
5598 5748 5613 5614 15
5749 5599 5614 5598 15
5748 5598 5749 5614 15
5599 5749 5614 5615 15
5750 5600 5615 5599 15
5749 5599 5750 5615 15
5600 5750 5615 5616 15
5751 5601 5616 5600 15
5750 5600 5751 5616 15
5601 5751 5616 5617 15
5752 5602 5617 5601 15
5751 5601 5752 5617 15
5602 5752 5617 5618 15
5753 5603 5618 5602 15
5752 5602 5753 5618 15
5603 5753 5618 5619 15
5754 5604 5619 5603 15
5753 5603 5754 5619 15
5604 5754 5619 5620 15
5755 5605 5620 5604 15
5754 5604 5755 5620 15
5605 5755 5620 5621 15
5756 5606 5621 5605 15
5755 5605 5756 5621 15
5606 5756 5621 5622 15
5757 5607 5622 5606 15
5756 5606 5757 5622 15
5607 5757 5622 5623 15
5758 5608 5623 5607 15
5757 5607 5758 5623 15
5608 5758 5623 5624 15
5759 5609 5624 5608 15
5758 5608 5759 5624 15
5609 5759 5624 2360 15
2369 2359 2360 5609 15
5759 5609 2369 2360 15
560 569 570 5760 15
5745 5610 5760 569 15
569 5610 5760 560 15
5610 5745 5760 5761 15
5746 5611 5761 5745 15
5745 5611 5761 5610 15
5611 5746 5761 5762 15
5747 5612 5762 5746 15
5746 5612 5762 5611 15
5612 5747 5762 5763 15
5748 5613 5763 5747 15
5747 5613 5763 5612 15
5613 5748 5763 5764 15
5749 5614 5764 5748 15
5748 5614 5764 5613 15
5614 5749 5764 5765 15
5750 5615 5765 5749 15
5749 5615 5765 5614 15
5615 5750 5765 5766 15
5751 5616 5766 5750 15
5750 5616 5766 5615 15
5616 5751 5766 5767 15
5752 5617 5767 5751 15
5751 5617 5767 5616 15
5617 5752 5767 5768 15
5753 5618 5768 5752 15
5752 5618 5768 5617 15
5618 5753 5768 5769 15
5754 5619 5769 5753 15
5753 5619 5769 5618 15
5619 5754 5769 5770 15
5755 5620 5770 5754 15
5754 5620 5770 5619 15
5620 5755 5770 5771 15
5756 5621 5771 5755 15
5755 5621 5771 5620 15
5621 5756 5771 5772 15
5757 5622 5772 5756 15
5756 5622 5772 5621 15
5622 5757 5772 5773 15
5758 5623 5773 5757 15
5757 5623 5773 5622 15
5623 5758 5773 5774 15
5759 5624 5774 5758 15
5758 5624 5774 5623 15
5624 5759 5774 2370 15
2369 2360 2370 5759 15
5759 2360 2370 5624 15
560 570 561 5625 15
5760 5610 5625 560 15
570 560 5760 5625 15
5610 5760 5625 5626 15
5761 5611 5626 5610 15
5760 5610 5761 5626 15
5611 5761 5626 5627 15
5762 5612 5627 5611 15
5761 5611 5762 5627 15
5612 5762 5627 5628 15
5763 5613 5628 5612 15
5762 5612 5763 5628 15
5613 5763 5628 5629 15
5764 5614 5629 5613 15
5763 5613 5764 5629 15
5614 5764 5629 5630 15
5765 5615 5630 5614 15
5764 5614 5765 5630 15
5615 5765 5630 5631 15
5766 5616 5631 5615 15
5765 5615 5766 5631 15
5616 5766 5631 5632 15
5767 5617 5632 5616 15
5766 5616 5767 5632 15
5617 5767 5632 5633 15
5768 5618 5633 5617 15
5767 5617 5768 5633 15
5618 5768 5633 5634 15
5769 5619 5634 5618 15
5768 5618 5769 5634 15
5619 5769 5634 5635 15
5770 5620 5635 5619 15
5769 5619 5770 5635 15
5620 5770 5635 5636 15
5771 5621 5636 5620 15
5770 5620 5771 5636 15
5621 5771 5636 5637 15
5772 5622 5637 5621 15
5771 5621 5772 5637 15
5622 5772 5637 5638 15
5773 5623 5638 5622 15
5772 5622 5773 5638 15
5623 5773 5638 5639 15
5774 5624 5639 5623 15
5773 5623 5774 5639 15
5624 5774 5639 2361 15
2370 2360 2361 5624 15
5774 5624 2370 2361 15
561 570 571 5775 15
5760 5625 5775 570 15
570 5625 5775 561 15
5625 5760 5775 5776 15
5761 5626 5776 5760 15
5760 5626 5776 5625 15
5626 5761 5776 5777 15
5762 5627 5777 5761 15
5761 5627 5777 5626 15
5627 5762 5777 5778 15
5763 5628 5778 5762 15
5762 5628 5778 5627 15
5628 5763 5778 5779 15
5764 5629 5779 5763 15
5763 5629 5779 5628 15
5629 5764 5779 5780 15
5765 5630 5780 5764 15
5764 5630 5780 5629 15
5630 5765 5780 5781 15
5766 5631 5781 5765 15
5765 5631 5781 5630 15
5631 5766 5781 5782 15
5767 5632 5782 5766 15
5766 5632 5782 5631 15
5632 5767 5782 5783 15
5768 5633 5783 5767 15
5767 5633 5783 5632 15
5633 5768 5783 5784 15
5769 5634 5784 5768 15
5768 5634 5784 5633 15
5634 5769 5784 5785 15
5770 5635 5785 5769 15
5769 5635 5785 5634 15
5635 5770 5785 5786 15
5771 5636 5786 5770 15
5770 5636 5786 5635 15
5636 5771 5786 5787 15
5772 5637 5787 5771 15
5771 5637 5787 5636 15
5637 5772 5787 5788 15
5773 5638 5788 5772 15
5772 5638 5788 5637 15
5638 5773 5788 5789 15
5774 5639 5789 5773 15
5773 5639 5789 5638 15
5639 5774 5789 2371 15
2370 2361 2371 5774 15
5774 2361 2371 5639 15
561 571 562 5640 15
5775 5625 5640 561 15
571 561 5775 5640 15
5625 5775 5640 5641 15
5776 5626 5641 5625 15
5775 5625 5776 5641 15
5626 5776 5641 5642 15
5777 5627 5642 5626 15
5776 5626 5777 5642 15
5627 5777 5642 5643 15
5778 5628 5643 5627 15
5777 5627 5778 5643 15
5628 5778 5643 5644 15
5779 5629 5644 5628 15
5778 5628 5779 5644 15
5629 5779 5644 5645 15
5780 5630 5645 5629 15
5779 5629 5780 5645 15
5630 5780 5645 5646 15
5781 5631 5646 5630 15
5780 5630 5781 5646 15
5631 5781 5646 5647 15
5782 5632 5647 5631 15
5781 5631 5782 5647 15
5632 5782 5647 5648 15
5783 5633 5648 5632 15
5782 5632 5783 5648 15
5633 5783 5648 5649 15
5784 5634 5649 5633 15
5783 5633 5784 5649 15
5634 5784 5649 5650 15
5785 5635 5650 5634 15
5784 5634 5785 5650 15
5635 5785 5650 5651 15
5786 5636 5651 5635 15
5785 5635 5786 5651 15
5636 5786 5651 5652 15
5787 5637 5652 5636 15
5786 5636 5787 5652 15
5637 5787 5652 5653 15
5788 5638 5653 5637 15
5787 5637 5788 5653 15
5638 5788 5653 5654 15
5789 5639 5654 5638 15
5788 5638 5789 5654 15
5639 5789 5654 2362 15
2371 2361 2362 5639 15
5789 5639 2371 2362 15
562 571 572 5790 15
5775 5640 5790 571 15
571 5640 5790 562 15
5640 5775 5790 5791 15
5776 5641 5791 5775 15
5775 5641 5791 5640 15
5641 5776 5791 5792 15
5777 5642 5792 5776 15
5776 5642 5792 5641 15
5642 5777 5792 5793 15
5778 5643 5793 5777 15
5777 5643 5793 5642 15
5643 5778 5793 5794 15
5779 5644 5794 5778 15
5778 5644 5794 5643 15
5644 5779 5794 5795 15
5780 5645 5795 5779 15
5779 5645 5795 5644 15
5645 5780 5795 5796 15
5781 5646 5796 5780 15
5780 5646 5796 5645 15
5646 5781 5796 5797 15
5782 5647 5797 5781 15
5781 5647 5797 5646 15
5647 5782 5797 5798 15
5783 5648 5798 5782 15
5782 5648 5798 5647 15
5648 5783 5798 5799 15
5784 5649 5799 5783 15
5783 5649 5799 5648 15
5649 5784 5799 5800 15
5785 5650 5800 5784 15
5784 5650 5800 5649 15
5650 5785 5800 5801 15
5786 5651 5801 5785 15
5785 5651 5801 5650 15
5651 5786 5801 5802 15
5787 5652 5802 5786 15
5786 5652 5802 5651 15
5652 5787 5802 5803 15
5788 5653 5803 5787 15
5787 5653 5803 5652 15
5653 5788 5803 5804 15
5789 5654 5804 5788 15
5788 5654 5804 5653 15
5654 5789 5804 2372 15
2371 2362 2372 5789 15
5789 2362 2372 5654 15
562 572 563 5655 15
5790 5640 5655 562 15
572 562 5790 5655 15
5640 5790 5655 5656 15
5791 5641 5656 5640 15
5790 5640 5791 5656 15
5641 5791 5656 5657 15
5792 5642 5657 5641 15
5791 5641 5792 5657 15
5642 5792 5657 5658 15
5793 5643 5658 5642 15
5792 5642 5793 5658 15
5643 5793 5658 5659 15
5794 5644 5659 5643 15
5793 5643 5794 5659 15
5644 5794 5659 5660 15
5795 5645 5660 5644 15
5794 5644 5795 5660 15
5645 5795 5660 5661 15
5796 5646 5661 5645 15
5795 5645 5796 5661 15
5646 5796 5661 5662 15
5797 5647 5662 5646 15
5796 5646 5797 5662 15
5647 5797 5662 5663 15
5798 5648 5663 5647 15
5797 5647 5798 5663 15
5648 5798 5663 5664 15
5799 5649 5664 5648 15
5798 5648 5799 5664 15
5649 5799 5664 5665 15
5800 5650 5665 5649 15
5799 5649 5800 5665 15
5650 5800 5665 5666 15
5801 5651 5666 5650 15
5800 5650 5801 5666 15
5651 5801 5666 5667 15
5802 5652 5667 5651 15
5801 5651 5802 5667 15
5652 5802 5667 5668 15
5803 5653 5668 5652 15
5802 5652 5803 5668 15
5653 5803 5668 5669 15
5804 5654 5669 5653 15
5803 5653 5804 5669 15
5654 5804 5669 2363 15
2372 2362 2363 5654 15
5804 5654 2372 2363 15
563 572 573 5805 15
5790 5655 5805 572 15
572 5655 5805 563 15
5655 5790 5805 5806 15
5791 5656 5806 5790 15
5790 5656 5806 5655 15
5656 5791 5806 5807 15
5792 5657 5807 5791 15
5791 5657 5807 5656 15
5657 5792 5807 5808 15
5793 5658 5808 5792 15
5792 5658 5808 5657 15
5658 5793 5808 5809 15
5794 5659 5809 5793 15
5793 5659 5809 5658 15
5659 5794 5809 5810 15
5795 5660 5810 5794 15
5794 5660 5810 5659 15
5660 5795 5810 5811 15
5796 5661 5811 5795 15
5795 5661 5811 5660 15
5661 5796 5811 5812 15
5797 5662 5812 5796 15
5796 5662 5812 5661 15
5662 5797 5812 5813 15
5798 5663 5813 5797 15
5797 5663 5813 5662 15
5663 5798 5813 5814 15
5799 5664 5814 5798 15
5798 5664 5814 5663 15
5664 5799 5814 5815 15
5800 5665 5815 5799 15
5799 5665 5815 5664 15
5665 5800 5815 5816 15
5801 5666 5816 5800 15
5800 5666 5816 5665 15
5666 5801 5816 5817 15
5802 5667 5817 5801 15
5801 5667 5817 5666 15
5667 5802 5817 5818 15
5803 5668 5818 5802 15
5802 5668 5818 5667 15
5668 5803 5818 5819 15
5804 5669 5819 5803 15
5803 5669 5819 5668 15
5669 5804 5819 2373 15
2372 2363 2373 5804 15
5804 2363 2373 5669 15
563 573 564 5670 15
5805 5655 5670 563 15
573 563 5805 5670 15
5655 5805 5670 5671 15
5806 5656 5671 5655 15
5805 5655 5806 5671 15
5656 5806 5671 5672 15
5807 5657 5672 5656 15
5806 5656 5807 5672 15
5657 5807 5672 5673 15
5808 5658 5673 5657 15
5807 5657 5808 5673 15
5658 5808 5673 5674 15
5809 5659 5674 5658 15
5808 5658 5809 5674 15
5659 5809 5674 5675 15
5810 5660 5675 5659 15
5809 5659 5810 5675 15
5660 5810 5675 5676 15
5811 5661 5676 5660 15
5810 5660 5811 5676 15
5661 5811 5676 5677 15
5812 5662 5677 5661 15
5811 5661 5812 5677 15
5662 5812 5677 5678 15
5813 5663 5678 5662 15
5812 5662 5813 5678 15
5663 5813 5678 5679 15
5814 5664 5679 5663 15
5813 5663 5814 5679 15
5664 5814 5679 5680 15
5815 5665 5680 5664 15
5814 5664 5815 5680 15
5665 5815 5680 5681 15
5816 5666 5681 5665 15
5815 5665 5816 5681 15
5666 5816 5681 5682 15
5817 5667 5682 5666 15
5816 5666 5817 5682 15
5667 5817 5682 5683 15
5818 5668 5683 5667 15
5817 5667 5818 5683 15
5668 5818 5683 5684 15
5819 5669 5684 5668 15
5818 5668 5819 5684 15
5669 5819 5684 2364 15
2373 2363 2364 5669 15
5819 5669 2373 2364 15
564 573 574 5820 15
5805 5670 5820 573 15
573 5670 5820 564 15
5670 5805 5820 5821 15
5806 5671 5821 5805 15
5805 5671 5821 5670 15
5671 5806 5821 5822 15
5807 5672 5822 5806 15
5806 5672 5822 5671 15
5672 5807 5822 5823 15
5808 5673 5823 5807 15
5807 5673 5823 5672 15
5673 5808 5823 5824 15
5809 5674 5824 5808 15
5808 5674 5824 5673 15
5674 5809 5824 5825 15
5810 5675 5825 5809 15
5809 5675 5825 5674 15
5675 5810 5825 5826 15
5811 5676 5826 5810 15
5810 5676 5826 5675 15
5676 5811 5826 5827 15
5812 5677 5827 5811 15
5811 5677 5827 5676 15
5677 5812 5827 5828 15
5813 5678 5828 5812 15
5812 5678 5828 5677 15
5678 5813 5828 5829 15
5814 5679 5829 5813 15
5813 5679 5829 5678 15
5679 5814 5829 5830 15
5815 5680 5830 5814 15
5814 5680 5830 5679 15
5680 5815 5830 5831 15
5816 5681 5831 5815 15
5815 5681 5831 5680 15
5681 5816 5831 5832 15
5817 5682 5832 5816 15
5816 5682 5832 5681 15
5682 5817 5832 5833 15
5818 5683 5833 5817 15
5817 5683 5833 5682 15
5683 5818 5833 5834 15
5819 5684 5834 5818 15
5818 5684 5834 5683 15
5684 5819 5834 2374 15
2373 2364 2374 5819 15
5819 2364 2374 5684 15
564 574 100 780 15
5820 5670 780 564 15
574 564 5820 780 15
5670 5820 780 781 15
5821 5671 781 5670 15
5820 5670 5821 781 15
5671 5821 781 782 15
5822 5672 782 5671 15
5821 5671 5822 782 15
5672 5822 782 783 15
5823 5673 783 5672 15
5822 5672 5823 783 15
5673 5823 783 784 15
5824 5674 784 5673 15
5823 5673 5824 784 15
5674 5824 784 785 15
5825 5675 785 5674 15
5824 5674 5825 785 15
5675 5825 785 786 15
5826 5676 786 5675 15
5825 5675 5826 786 15
5676 5826 786 787 15
5827 5677 787 5676 15
5826 5676 5827 787 15
5677 5827 787 788 15
5828 5678 788 5677 15
5827 5677 5828 788 15
5678 5828 788 789 15
5829 5679 789 5678 15
5828 5678 5829 789 15
5679 5829 789 790 15
5830 5680 790 5679 15
5829 5679 5830 790 15
5680 5830 790 791 15
5831 5681 791 5680 15
5830 5680 5831 791 15
5681 5831 791 792 15
5832 5682 792 5681 15
5831 5681 5832 792 15
5682 5832 792 793 15
5833 5683 793 5682 15
5832 5682 5833 793 15
5683 5833 793 794 15
5834 5684 794 5683 15
5833 5683 5834 794 15
5684 5834 794 134 15
2374 2364 134 5684 15
5834 5684 2374 134 15
100 574 101 780 15
5820 780 795 574 15
574 780 795 101 15
780 5820 795 781 15
5821 781 796 5820 15
5820 781 796 795 15
781 5821 796 782 15
5822 782 797 5821 15
5821 782 797 796 15
782 5822 797 783 15
5823 783 798 5822 15
5822 783 798 797 15
783 5823 798 784 15
5824 784 799 5823 15
5823 784 799 798 15
784 5824 799 785 15
5825 785 800 5824 15
5824 785 800 799 15
785 5825 800 786 15
5826 786 801 5825 15
5825 786 801 800 15
786 5826 801 787 15
5827 787 802 5826 15
5826 787 802 801 15
787 5827 802 788 15
5828 788 803 5827 15
5827 788 803 802 15
788 5828 803 789 15
5829 789 804 5828 15
5828 789 804 803 15
789 5829 804 790 15
5830 790 805 5829 15
5829 790 805 804 15
790 5830 805 791 15
5831 791 806 5830 15
5830 791 806 805 15
791 5831 806 792 15
5832 792 807 5831 15
5831 792 807 806 15
792 5832 807 793 15
5833 793 808 5832 15
5832 793 808 807 15
793 5833 808 794 15
5834 794 809 5833 15
5833 794 809 808 15
794 5834 809 134 15
2374 134 135 5834 15
5834 134 135 809 15
119 120 565 5685 15
1950 1935 5685 119 15
120 119 1950 5685 15
1935 1950 5685 5686 15
1951 1936 5686 1935 15
1950 1935 1951 5686 15
1936 1951 5686 5687 15
1952 1937 5687 1936 15
1951 1936 1952 5687 15
1937 1952 5687 5688 15
1953 1938 5688 1937 15
1952 1937 1953 5688 15
1938 1953 5688 5689 15
1954 1939 5689 1938 15
1953 1938 1954 5689 15
1939 1954 5689 5690 15
1955 1940 5690 1939 15
1954 1939 1955 5690 15
1940 1955 5690 5691 15
1956 1941 5691 1940 15
1955 1940 1956 5691 15
1941 1956 5691 5692 15
1957 1942 5692 1941 15
1956 1941 1957 5692 15
1942 1957 5692 5693 15
1958 1943 5693 1942 15
1957 1942 1958 5693 15
1943 1958 5693 5694 15
1959 1944 5694 1943 15
1958 1943 1959 5694 15
1944 1959 5694 5695 15
1960 1945 5695 1944 15
1959 1944 1960 5695 15
1945 1960 5695 5696 15
1961 1946 5696 1945 15
1960 1945 1961 5696 15
1946 1961 5696 5697 15
1962 1947 5697 1946 15
1961 1946 1962 5697 15
1947 1962 5697 5698 15
1963 1948 5698 1947 15
1962 1947 1963 5698 15
1948 1963 5698 5699 15
1964 1949 5699 1948 15
1963 1948 1964 5699 15
1949 1964 5699 2365 15
289 290 2365 1949 15
1964 1949 289 2365 15
565 120 575 5835 15
1950 5685 5835 120 15
120 5685 5835 565 15
5685 1950 5835 5836 15
1951 5686 5836 1950 15
1950 5686 5836 5685 15
5686 1951 5836 5837 15
1952 5687 5837 1951 15
1951 5687 5837 5686 15
5687 1952 5837 5838 15
1953 5688 5838 1952 15
1952 5688 5838 5687 15
5688 1953 5838 5839 15
1954 5689 5839 1953 15
1953 5689 5839 5688 15
5689 1954 5839 5840 15
1955 5690 5840 1954 15
1954 5690 5840 5689 15
5690 1955 5840 5841 15
1956 5691 5841 1955 15
1955 5691 5841 5690 15
5691 1956 5841 5842 15
1957 5692 5842 1956 15
1956 5692 5842 5691 15
5692 1957 5842 5843 15
1958 5693 5843 1957 15
1957 5693 5843 5692 15
5693 1958 5843 5844 15
1959 5694 5844 1958 15
1958 5694 5844 5693 15
5694 1959 5844 5845 15
1960 5695 5845 1959 15
1959 5695 5845 5694 15
5695 1960 5845 5846 15
1961 5696 5846 1960 15
1960 5696 5846 5695 15
5696 1961 5846 5847 15
1962 5697 5847 1961 15
1961 5697 5847 5696 15
5697 1962 5847 5848 15
1963 5698 5848 1962 15
1962 5698 5848 5697 15
5698 1963 5848 5849 15
1964 5699 5849 1963 15
1963 5699 5849 5698 15
5699 1964 5849 2375 15
289 2365 2375 1964 15
1964 2365 2375 5699 15
565 575 566 5700 15
5835 5685 5700 565 15
575 565 5835 5700 15
5685 5835 5700 5701 15
5836 5686 5701 5685 15
5835 5685 5836 5701 15
5686 5836 5701 5702 15
5837 5687 5702 5686 15
5836 5686 5837 5702 15
5687 5837 5702 5703 15
5838 5688 5703 5687 15
5837 5687 5838 5703 15
5688 5838 5703 5704 15
5839 5689 5704 5688 15
5838 5688 5839 5704 15
5689 5839 5704 5705 15
5840 5690 5705 5689 15
5839 5689 5840 5705 15
5690 5840 5705 5706 15
5841 5691 5706 5690 15
5840 5690 5841 5706 15
5691 5841 5706 5707 15
5842 5692 5707 5691 15
5841 5691 5842 5707 15
5692 5842 5707 5708 15
5843 5693 5708 5692 15
5842 5692 5843 5708 15
5693 5843 5708 5709 15
5844 5694 5709 5693 15
5843 5693 5844 5709 15
5694 5844 5709 5710 15
5845 5695 5710 5694 15
5844 5694 5845 5710 15
5695 5845 5710 5711 15
5846 5696 5711 5695 15
5845 5695 5846 5711 15
5696 5846 5711 5712 15
5847 5697 5712 5696 15
5846 5696 5847 5712 15
5697 5847 5712 5713 15
5848 5698 5713 5697 15
5847 5697 5848 5713 15
5698 5848 5713 5714 15
5849 5699 5714 5698 15
5848 5698 5849 5714 15
5699 5849 5714 2366 15
2375 2365 2366 5699 15
5849 5699 2375 2366 15
566 575 576 5850 15
5835 5700 5850 575 15
575 5700 5850 566 15
5700 5835 5850 5851 15
5836 5701 5851 5835 15
5835 5701 5851 5700 15
5701 5836 5851 5852 15
5837 5702 5852 5836 15
5836 5702 5852 5701 15
5702 5837 5852 5853 15
5838 5703 5853 5837 15
5837 5703 5853 5702 15
5703 5838 5853 5854 15
5839 5704 5854 5838 15
5838 5704 5854 5703 15
5704 5839 5854 5855 15
5840 5705 5855 5839 15
5839 5705 5855 5704 15
5705 5840 5855 5856 15
5841 5706 5856 5840 15
5840 5706 5856 5705 15
5706 5841 5856 5857 15
5842 5707 5857 5841 15
5841 5707 5857 5706 15
5707 5842 5857 5858 15
5843 5708 5858 5842 15
5842 5708 5858 5707 15
5708 5843 5858 5859 15
5844 5709 5859 5843 15
5843 5709 5859 5708 15
5709 5844 5859 5860 15
5845 5710 5860 5844 15
5844 5710 5860 5709 15
5710 5845 5860 5861 15
5846 5711 5861 5845 15
5845 5711 5861 5710 15
5711 5846 5861 5862 15
5847 5712 5862 5846 15
5846 5712 5862 5711 15
5712 5847 5862 5863 15
5848 5713 5863 5847 15
5847 5713 5863 5712 15
5713 5848 5863 5864 15
5849 5714 5864 5848 15
5848 5714 5864 5713 15
5714 5849 5864 2376 15
2375 2366 2376 5849 15
5849 2366 2376 5714 15
566 576 567 5715 15
5850 5700 5715 566 15
576 566 5850 5715 15
5700 5850 5715 5716 15
5851 5701 5716 5700 15
5850 5700 5851 5716 15
5701 5851 5716 5717 15
5852 5702 5717 5701 15
5851 5701 5852 5717 15
5702 5852 5717 5718 15
5853 5703 5718 5702 15
5852 5702 5853 5718 15
5703 5853 5718 5719 15
5854 5704 5719 5703 15
5853 5703 5854 5719 15
5704 5854 5719 5720 15
5855 5705 5720 5704 15
5854 5704 5855 5720 15
5705 5855 5720 5721 15
5856 5706 5721 5705 15
5855 5705 5856 5721 15
5706 5856 5721 5722 15
5857 5707 5722 5706 15
5856 5706 5857 5722 15
5707 5857 5722 5723 15
5858 5708 5723 5707 15
5857 5707 5858 5723 15
5708 5858 5723 5724 15
5859 5709 5724 5708 15
5858 5708 5859 5724 15
5709 5859 5724 5725 15
5860 5710 5725 5709 15
5859 5709 5860 5725 15
5710 5860 5725 5726 15
5861 5711 5726 5710 15
5860 5710 5861 5726 15
5711 5861 5726 5727 15
5862 5712 5727 5711 15
5861 5711 5862 5727 15
5712 5862 5727 5728 15
5863 5713 5728 5712 15
5862 5712 5863 5728 15
5713 5863 5728 5729 15
5864 5714 5729 5713 15
5863 5713 5864 5729 15
5714 5864 5729 2367 15
2376 2366 2367 5714 15
5864 5714 2376 2367 15
567 576 577 5865 15
5850 5715 5865 576 15
576 5715 5865 567 15
5715 5850 5865 5866 15
5851 5716 5866 5850 15
5850 5716 5866 5715 15
5716 5851 5866 5867 15
5852 5717 5867 5851 15
5851 5717 5867 5716 15
5717 5852 5867 5868 15
5853 5718 5868 5852 15
5852 5718 5868 5717 15
5718 5853 5868 5869 15
5854 5719 5869 5853 15
5853 5719 5869 5718 15
5719 5854 5869 5870 15
5855 5720 5870 5854 15
5854 5720 5870 5719 15
5720 5855 5870 5871 15
5856 5721 5871 5855 15
5855 5721 5871 5720 15
5721 5856 5871 5872 15
5857 5722 5872 5856 15
5856 5722 5872 5721 15
5722 5857 5872 5873 15
5858 5723 5873 5857 15
5857 5723 5873 5722 15
5723 5858 5873 5874 15
5859 5724 5874 5858 15
5858 5724 5874 5723 15
5724 5859 5874 5875 15
5860 5725 5875 5859 15
5859 5725 5875 5724 15
5725 5860 5875 5876 15
5861 5726 5876 5860 15
5860 5726 5876 5725 15
5726 5861 5876 5877 15
5862 5727 5877 5861 15
5861 5727 5877 5726 15
5727 5862 5877 5878 15
5863 5728 5878 5862 15
5862 5728 5878 5727 15
5728 5863 5878 5879 15
5864 5729 5879 5863 15
5863 5729 5879 5728 15
5729 5864 5879 2377 15
2376 2367 2377 5864 15
5864 2367 2377 5729 15
567 577 568 5730 15
5865 5715 5730 567 15
577 567 5865 5730 15
5715 5865 5730 5731 15
5866 5716 5731 5715 15
5865 5715 5866 5731 15
5716 5866 5731 5732 15
5867 5717 5732 5716 15
5866 5716 5867 5732 15
5717 5867 5732 5733 15
5868 5718 5733 5717 15
5867 5717 5868 5733 15
5718 5868 5733 5734 15
5869 5719 5734 5718 15
5868 5718 5869 5734 15
5719 5869 5734 5735 15
5870 5720 5735 5719 15
5869 5719 5870 5735 15
5720 5870 5735 5736 15
5871 5721 5736 5720 15
5870 5720 5871 5736 15
5721 5871 5736 5737 15
5872 5722 5737 5721 15
5871 5721 5872 5737 15
5722 5872 5737 5738 15
5873 5723 5738 5722 15
5872 5722 5873 5738 15
5723 5873 5738 5739 15
5874 5724 5739 5723 15
5873 5723 5874 5739 15
5724 5874 5739 5740 15
5875 5725 5740 5724 15
5874 5724 5875 5740 15
5725 5875 5740 5741 15
5876 5726 5741 5725 15
5875 5725 5876 5741 15
5726 5876 5741 5742 15
5877 5727 5742 5726 15
5876 5726 5877 5742 15
5727 5877 5742 5743 15
5878 5728 5743 5727 15
5877 5727 5878 5743 15
5728 5878 5743 5744 15
5879 5729 5744 5728 15
5878 5728 5879 5744 15
5729 5879 5744 2368 15
2377 2367 2368 5729 15
5879 5729 2377 2368 15
568 577 578 5880 15
5865 5730 5880 577 15
577 5730 5880 568 15
5730 5865 5880 5881 15
5866 5731 5881 5865 15
5865 5731 5881 5730 15
5731 5866 5881 5882 15
5867 5732 5882 5866 15
5866 5732 5882 5731 15
5732 5867 5882 5883 15
5868 5733 5883 5867 15
5867 5733 5883 5732 15
5733 5868 5883 5884 15
5869 5734 5884 5868 15
5868 5734 5884 5733 15
5734 5869 5884 5885 15
5870 5735 5885 5869 15
5869 5735 5885 5734 15
5735 5870 5885 5886 15
5871 5736 5886 5870 15
5870 5736 5886 5735 15
5736 5871 5886 5887 15
5872 5737 5887 5871 15
5871 5737 5887 5736 15
5737 5872 5887 5888 15
5873 5738 5888 5872 15
5872 5738 5888 5737 15
5738 5873 5888 5889 15
5874 5739 5889 5873 15
5873 5739 5889 5738 15
5739 5874 5889 5890 15
5875 5740 5890 5874 15
5874 5740 5890 5739 15
5740 5875 5890 5891 15
5876 5741 5891 5875 15
5875 5741 5891 5740 15
5741 5876 5891 5892 15
5877 5742 5892 5876 15
5876 5742 5892 5741 15
5742 5877 5892 5893 15
5878 5743 5893 5877 15
5877 5743 5893 5742 15
5743 5878 5893 5894 15
5879 5744 5894 5878 15
5878 5744 5894 5743 15
5744 5879 5894 2378 15
2377 2368 2378 5879 15
5879 2368 2378 5744 15
568 578 569 5745 15
5880 5730 5745 568 15
578 568 5880 5745 15
5730 5880 5745 5746 15
5881 5731 5746 5730 15
5880 5730 5881 5746 15
5731 5881 5746 5747 15
5882 5732 5747 5731 15
5881 5731 5882 5747 15
5732 5882 5747 5748 15
5883 5733 5748 5732 15
5882 5732 5883 5748 15
5733 5883 5748 5749 15
5884 5734 5749 5733 15
5883 5733 5884 5749 15
5734 5884 5749 5750 15
5885 5735 5750 5734 15
5884 5734 5885 5750 15
5735 5885 5750 5751 15
5886 5736 5751 5735 15
5885 5735 5886 5751 15
5736 5886 5751 5752 15
5887 5737 5752 5736 15
5886 5736 5887 5752 15
5737 5887 5752 5753 15
5888 5738 5753 5737 15
5887 5737 5888 5753 15
5738 5888 5753 5754 15
5889 5739 5754 5738 15
5888 5738 5889 5754 15
5739 5889 5754 5755 15
5890 5740 5755 5739 15
5889 5739 5890 5755 15
5740 5890 5755 5756 15
5891 5741 5756 5740 15
5890 5740 5891 5756 15
5741 5891 5756 5757 15
5892 5742 5757 5741 15
5891 5741 5892 5757 15
5742 5892 5757 5758 15
5893 5743 5758 5742 15
5892 5742 5893 5758 15
5743 5893 5758 5759 15
5894 5744 5759 5743 15
5893 5743 5894 5759 15
5744 5894 5759 2369 15
2378 2368 2369 5744 15
5894 5744 2378 2369 15
569 578 579 5895 15
5880 5745 5895 578 15
578 5745 5895 569 15
5745 5880 5895 5896 15
5881 5746 5896 5880 15
5880 5746 5896 5745 15
5746 5881 5896 5897 15
5882 5747 5897 5881 15
5881 5747 5897 5746 15
5747 5882 5897 5898 15
5883 5748 5898 5882 15
5882 5748 5898 5747 15
5748 5883 5898 5899 15
5884 5749 5899 5883 15
5883 5749 5899 5748 15
5749 5884 5899 5900 15
5885 5750 5900 5884 15
5884 5750 5900 5749 15
5750 5885 5900 5901 15
5886 5751 5901 5885 15
5885 5751 5901 5750 15
5751 5886 5901 5902 15
5887 5752 5902 5886 15
5886 5752 5902 5751 15
5752 5887 5902 5903 15
5888 5753 5903 5887 15
5887 5753 5903 5752 15
5753 5888 5903 5904 15
5889 5754 5904 5888 15
5888 5754 5904 5753 15
5754 5889 5904 5905 15
5890 5755 5905 5889 15
5889 5755 5905 5754 15
5755 5890 5905 5906 15
5891 5756 5906 5890 15
5890 5756 5906 5755 15
5756 5891 5906 5907 15
5892 5757 5907 5891 15
5891 5757 5907 5756 15
5757 5892 5907 5908 15
5893 5758 5908 5892 15
5892 5758 5908 5757 15
5758 5893 5908 5909 15
5894 5759 5909 5893 15
5893 5759 5909 5758 15
5759 5894 5909 2379 15
2378 2369 2379 5894 15
5894 2369 2379 5759 15
569 579 570 5760 15
5895 5745 5760 569 15
579 569 5895 5760 15
5745 5895 5760 5761 15
5896 5746 5761 5745 15
5895 5745 5896 5761 15
5746 5896 5761 5762 15
5897 5747 5762 5746 15
5896 5746 5897 5762 15
5747 5897 5762 5763 15
5898 5748 5763 5747 15
5897 5747 5898 5763 15
5748 5898 5763 5764 15
5899 5749 5764 5748 15
5898 5748 5899 5764 15
5749 5899 5764 5765 15
5900 5750 5765 5749 15
5899 5749 5900 5765 15
5750 5900 5765 5766 15
5901 5751 5766 5750 15
5900 5750 5901 5766 15
5751 5901 5766 5767 15
5902 5752 5767 5751 15
5901 5751 5902 5767 15
5752 5902 5767 5768 15
5903 5753 5768 5752 15
5902 5752 5903 5768 15
5753 5903 5768 5769 15
5904 5754 5769 5753 15
5903 5753 5904 5769 15
5754 5904 5769 5770 15
5905 5755 5770 5754 15
5904 5754 5905 5770 15
5755 5905 5770 5771 15
5906 5756 5771 5755 15
5905 5755 5906 5771 15
5756 5906 5771 5772 15
5907 5757 5772 5756 15
5906 5756 5907 5772 15
5757 5907 5772 5773 15
5908 5758 5773 5757 15
5907 5757 5908 5773 15
5758 5908 5773 5774 15
5909 5759 5774 5758 15
5908 5758 5909 5774 15
5759 5909 5774 2370 15
2379 2369 2370 5759 15
5909 5759 2379 2370 15
570 579 580 5910 15
5895 5760 5910 579 15
579 5760 5910 570 15
5760 5895 5910 5911 15
5896 5761 5911 5895 15
5895 5761 5911 5760 15
5761 5896 5911 5912 15
5897 5762 5912 5896 15
5896 5762 5912 5761 15
5762 5897 5912 5913 15
5898 5763 5913 5897 15
5897 5763 5913 5762 15
5763 5898 5913 5914 15
5899 5764 5914 5898 15
5898 5764 5914 5763 15
5764 5899 5914 5915 15
5900 5765 5915 5899 15
5899 5765 5915 5764 15
5765 5900 5915 5916 15
5901 5766 5916 5900 15
5900 5766 5916 5765 15
5766 5901 5916 5917 15
5902 5767 5917 5901 15
5901 5767 5917 5766 15
5767 5902 5917 5918 15
5903 5768 5918 5902 15
5902 5768 5918 5767 15
5768 5903 5918 5919 15
5904 5769 5919 5903 15
5903 5769 5919 5768 15
5769 5904 5919 5920 15
5905 5770 5920 5904 15
5904 5770 5920 5769 15
5770 5905 5920 5921 15
5906 5771 5921 5905 15
5905 5771 5921 5770 15
5771 5906 5921 5922 15
5907 5772 5922 5906 15
5906 5772 5922 5771 15
5772 5907 5922 5923 15
5908 5773 5923 5907 15
5907 5773 5923 5772 15
5773 5908 5923 5924 15
5909 5774 5924 5908 15
5908 5774 5924 5773 15
5774 5909 5924 2380 15
2379 2370 2380 5909 15
5909 2370 2380 5774 15
570 580 571 5775 15
5910 5760 5775 570 15
580 570 5910 5775 15
5760 5910 5775 5776 15
5911 5761 5776 5760 15
5910 5760 5911 5776 15
5761 5911 5776 5777 15
5912 5762 5777 5761 15
5911 5761 5912 5777 15
5762 5912 5777 5778 15
5913 5763 5778 5762 15
5912 5762 5913 5778 15
5763 5913 5778 5779 15
5914 5764 5779 5763 15
5913 5763 5914 5779 15
5764 5914 5779 5780 15
5915 5765 5780 5764 15
5914 5764 5915 5780 15
5765 5915 5780 5781 15
5916 5766 5781 5765 15
5915 5765 5916 5781 15
5766 5916 5781 5782 15
5917 5767 5782 5766 15
5916 5766 5917 5782 15
5767 5917 5782 5783 15
5918 5768 5783 5767 15
5917 5767 5918 5783 15
5768 5918 5783 5784 15
5919 5769 5784 5768 15
5918 5768 5919 5784 15
5769 5919 5784 5785 15
5920 5770 5785 5769 15
5919 5769 5920 5785 15
5770 5920 5785 5786 15
5921 5771 5786 5770 15
5920 5770 5921 5786 15
5771 5921 5786 5787 15
5922 5772 5787 5771 15
5921 5771 5922 5787 15
5772 5922 5787 5788 15
5923 5773 5788 5772 15
5922 5772 5923 5788 15
5773 5923 5788 5789 15
5924 5774 5789 5773 15
5923 5773 5924 5789 15
5774 5924 5789 2371 15
2380 2370 2371 5774 15
5924 5774 2380 2371 15
571 580 581 5925 15
5910 5775 5925 580 15
580 5775 5925 571 15
5775 5910 5925 5926 15
5911 5776 5926 5910 15
5910 5776 5926 5775 15
5776 5911 5926 5927 15
5912 5777 5927 5911 15
5911 5777 5927 5776 15
5777 5912 5927 5928 15
5913 5778 5928 5912 15
5912 5778 5928 5777 15
5778 5913 5928 5929 15
5914 5779 5929 5913 15
5913 5779 5929 5778 15
5779 5914 5929 5930 15
5915 5780 5930 5914 15
5914 5780 5930 5779 15
5780 5915 5930 5931 15
5916 5781 5931 5915 15
5915 5781 5931 5780 15
5781 5916 5931 5932 15
5917 5782 5932 5916 15
5916 5782 5932 5781 15
5782 5917 5932 5933 15
5918 5783 5933 5917 15
5917 5783 5933 5782 15
5783 5918 5933 5934 15
5919 5784 5934 5918 15
5918 5784 5934 5783 15
5784 5919 5934 5935 15
5920 5785 5935 5919 15
5919 5785 5935 5784 15
5785 5920 5935 5936 15
5921 5786 5936 5920 15
5920 5786 5936 5785 15
5786 5921 5936 5937 15
5922 5787 5937 5921 15
5921 5787 5937 5786 15
5787 5922 5937 5938 15
5923 5788 5938 5922 15
5922 5788 5938 5787 15
5788 5923 5938 5939 15
5924 5789 5939 5923 15
5923 5789 5939 5788 15
5789 5924 5939 2381 15
2380 2371 2381 5924 15
5924 2371 2381 5789 15
571 581 572 5790 15
5925 5775 5790 571 15
581 571 5925 5790 15
5775 5925 5790 5791 15
5926 5776 5791 5775 15
5925 5775 5926 5791 15
5776 5926 5791 5792 15
5927 5777 5792 5776 15
5926 5776 5927 5792 15
5777 5927 5792 5793 15
5928 5778 5793 5777 15
5927 5777 5928 5793 15
5778 5928 5793 5794 15
5929 5779 5794 5778 15
5928 5778 5929 5794 15
5779 5929 5794 5795 15
5930 5780 5795 5779 15
5929 5779 5930 5795 15
5780 5930 5795 5796 15
5931 5781 5796 5780 15
5930 5780 5931 5796 15
5781 5931 5796 5797 15
5932 5782 5797 5781 15
5931 5781 5932 5797 15
5782 5932 5797 5798 15
5933 5783 5798 5782 15
5932 5782 5933 5798 15
5783 5933 5798 5799 15
5934 5784 5799 5783 15
5933 5783 5934 5799 15
5784 5934 5799 5800 15
5935 5785 5800 5784 15
5934 5784 5935 5800 15
5785 5935 5800 5801 15
5936 5786 5801 5785 15
5935 5785 5936 5801 15
5786 5936 5801 5802 15
5937 5787 5802 5786 15
5936 5786 5937 5802 15
5787 5937 5802 5803 15
5938 5788 5803 5787 15
5937 5787 5938 5803 15
5788 5938 5803 5804 15
5939 5789 5804 5788 15
5938 5788 5939 5804 15
5789 5939 5804 2372 15
2381 2371 2372 5789 15
5939 5789 2381 2372 15
572 581 582 5940 15
5925 5790 5940 581 15
581 5790 5940 572 15
5790 5925 5940 5941 15
5926 5791 5941 5925 15
5925 5791 5941 5790 15
5791 5926 5941 5942 15
5927 5792 5942 5926 15
5926 5792 5942 5791 15
5792 5927 5942 5943 15
5928 5793 5943 5927 15
5927 5793 5943 5792 15
5793 5928 5943 5944 15
5929 5794 5944 5928 15
5928 5794 5944 5793 15
5794 5929 5944 5945 15
5930 5795 5945 5929 15
5929 5795 5945 5794 15
5795 5930 5945 5946 15
5931 5796 5946 5930 15
5930 5796 5946 5795 15
5796 5931 5946 5947 15
5932 5797 5947 5931 15
5931 5797 5947 5796 15
5797 5932 5947 5948 15
5933 5798 5948 5932 15
5932 5798 5948 5797 15
5798 5933 5948 5949 15
5934 5799 5949 5933 15
5933 5799 5949 5798 15
5799 5934 5949 5950 15
5935 5800 5950 5934 15
5934 5800 5950 5799 15
5800 5935 5950 5951 15
5936 5801 5951 5935 15
5935 5801 5951 5800 15
5801 5936 5951 5952 15
5937 5802 5952 5936 15
5936 5802 5952 5801 15
5802 5937 5952 5953 15
5938 5803 5953 5937 15
5937 5803 5953 5802 15
5803 5938 5953 5954 15
5939 5804 5954 5938 15
5938 5804 5954 5803 15
5804 5939 5954 2382 15
2381 2372 2382 5939 15
5939 2372 2382 5804 15
572 582 573 5805 15
5940 5790 5805 572 15
582 572 5940 5805 15
5790 5940 5805 5806 15
5941 5791 5806 5790 15
5940 5790 5941 5806 15
5791 5941 5806 5807 15
5942 5792 5807 5791 15
5941 5791 5942 5807 15
5792 5942 5807 5808 15
5943 5793 5808 5792 15
5942 5792 5943 5808 15
5793 5943 5808 5809 15
5944 5794 5809 5793 15
5943 5793 5944 5809 15
5794 5944 5809 5810 15
5945 5795 5810 5794 15
5944 5794 5945 5810 15
5795 5945 5810 5811 15
5946 5796 5811 5795 15
5945 5795 5946 5811 15
5796 5946 5811 5812 15
5947 5797 5812 5796 15
5946 5796 5947 5812 15
5797 5947 5812 5813 15
5948 5798 5813 5797 15
5947 5797 5948 5813 15
5798 5948 5813 5814 15
5949 5799 5814 5798 15
5948 5798 5949 5814 15
5799 5949 5814 5815 15
5950 5800 5815 5799 15
5949 5799 5950 5815 15
5800 5950 5815 5816 15
5951 5801 5816 5800 15
5950 5800 5951 5816 15
5801 5951 5816 5817 15
5952 5802 5817 5801 15
5951 5801 5952 5817 15
5802 5952 5817 5818 15
5953 5803 5818 5802 15
5952 5802 5953 5818 15
5803 5953 5818 5819 15
5954 5804 5819 5803 15
5953 5803 5954 5819 15
5804 5954 5819 2373 15
2382 2372 2373 5804 15
5954 5804 2382 2373 15
573 582 583 5955 15
5940 5805 5955 582 15
582 5805 5955 573 15
5805 5940 5955 5956 15
5941 5806 5956 5940 15
5940 5806 5956 5805 15
5806 5941 5956 5957 15
5942 5807 5957 5941 15
5941 5807 5957 5806 15
5807 5942 5957 5958 15
5943 5808 5958 5942 15
5942 5808 5958 5807 15
5808 5943 5958 5959 15
5944 5809 5959 5943 15
5943 5809 5959 5808 15
5809 5944 5959 5960 15
5945 5810 5960 5944 15
5944 5810 5960 5809 15
5810 5945 5960 5961 15
5946 5811 5961 5945 15
5945 5811 5961 5810 15
5811 5946 5961 5962 15
5947 5812 5962 5946 15
5946 5812 5962 5811 15
5812 5947 5962 5963 15
5948 5813 5963 5947 15
5947 5813 5963 5812 15
5813 5948 5963 5964 15
5949 5814 5964 5948 15
5948 5814 5964 5813 15
5814 5949 5964 5965 15
5950 5815 5965 5949 15
5949 5815 5965 5814 15
5815 5950 5965 5966 15
5951 5816 5966 5950 15
5950 5816 5966 5815 15
5816 5951 5966 5967 15
5952 5817 5967 5951 15
5951 5817 5967 5816 15
5817 5952 5967 5968 15
5953 5818 5968 5952 15
5952 5818 5968 5817 15
5818 5953 5968 5969 15
5954 5819 5969 5953 15
5953 5819 5969 5818 15
5819 5954 5969 2383 15
2382 2373 2383 5954 15
5954 2373 2383 5819 15
573 583 574 5820 15
5955 5805 5820 573 15
583 573 5955 5820 15
5805 5955 5820 5821 15
5956 5806 5821 5805 15
5955 5805 5956 5821 15
5806 5956 5821 5822 15
5957 5807 5822 5806 15
5956 5806 5957 5822 15
5807 5957 5822 5823 15
5958 5808 5823 5807 15
5957 5807 5958 5823 15
5808 5958 5823 5824 15
5959 5809 5824 5808 15
5958 5808 5959 5824 15
5809 5959 5824 5825 15
5960 5810 5825 5809 15
5959 5809 5960 5825 15
5810 5960 5825 5826 15
5961 5811 5826 5810 15
5960 5810 5961 5826 15
5811 5961 5826 5827 15
5962 5812 5827 5811 15
5961 5811 5962 5827 15
5812 5962 5827 5828 15
5963 5813 5828 5812 15
5962 5812 5963 5828 15
5813 5963 5828 5829 15
5964 5814 5829 5813 15
5963 5813 5964 5829 15
5814 5964 5829 5830 15
5965 5815 5830 5814 15
5964 5814 5965 5830 15
5815 5965 5830 5831 15
5966 5816 5831 5815 15
5965 5815 5966 5831 15
5816 5966 5831 5832 15
5967 5817 5832 5816 15
5966 5816 5967 5832 15
5817 5967 5832 5833 15
5968 5818 5833 5817 15
5967 5817 5968 5833 15
5818 5968 5833 5834 15
5969 5819 5834 5818 15
5968 5818 5969 5834 15
5819 5969 5834 2374 15
2383 2373 2374 5819 15
5969 5819 2383 2374 15
574 583 584 5970 15
5955 5820 5970 583 15
583 5820 5970 574 15
5820 5955 5970 5971 15
5956 5821 5971 5955 15
5955 5821 5971 5820 15
5821 5956 5971 5972 15
5957 5822 5972 5956 15
5956 5822 5972 5821 15
5822 5957 5972 5973 15
5958 5823 5973 5957 15
5957 5823 5973 5822 15
5823 5958 5973 5974 15
5959 5824 5974 5958 15
5958 5824 5974 5823 15
5824 5959 5974 5975 15
5960 5825 5975 5959 15
5959 5825 5975 5824 15
5825 5960 5975 5976 15
5961 5826 5976 5960 15
5960 5826 5976 5825 15
5826 5961 5976 5977 15
5962 5827 5977 5961 15
5961 5827 5977 5826 15
5827 5962 5977 5978 15
5963 5828 5978 5962 15
5962 5828 5978 5827 15
5828 5963 5978 5979 15
5964 5829 5979 5963 15
5963 5829 5979 5828 15
5829 5964 5979 5980 15
5965 5830 5980 5964 15
5964 5830 5980 5829 15
5830 5965 5980 5981 15
5966 5831 5981 5965 15
5965 5831 5981 5830 15
5831 5966 5981 5982 15
5967 5832 5982 5966 15
5966 5832 5982 5831 15
5832 5967 5982 5983 15
5968 5833 5983 5967 15
5967 5833 5983 5832 15
5833 5968 5983 5984 15
5969 5834 5984 5968 15
5968 5834 5984 5833 15
5834 5969 5984 2384 15
2383 2374 2384 5969 15
5969 2374 2384 5834 15
574 584 101 795 15
5970 5820 795 574 15
584 574 5970 795 15
5820 5970 795 796 15
5971 5821 796 5820 15
5970 5820 5971 796 15
5821 5971 796 797 15
5972 5822 797 5821 15
5971 5821 5972 797 15
5822 5972 797 798 15
5973 5823 798 5822 15
5972 5822 5973 798 15
5823 5973 798 799 15
5974 5824 799 5823 15
5973 5823 5974 799 15
5824 5974 799 800 15
5975 5825 800 5824 15
5974 5824 5975 800 15
5825 5975 800 801 15
5976 5826 801 5825 15
5975 5825 5976 801 15
5826 5976 801 802 15
5977 5827 802 5826 15
5976 5826 5977 802 15
5827 5977 802 803 15
5978 5828 803 5827 15
5977 5827 5978 803 15
5828 5978 803 804 15
5979 5829 804 5828 15
5978 5828 5979 804 15
5829 5979 804 805 15
5980 5830 805 5829 15
5979 5829 5980 805 15
5830 5980 805 806 15
5981 5831 806 5830 15
5980 5830 5981 806 15
5831 5981 806 807 15
5982 5832 807 5831 15
5981 5831 5982 807 15
5832 5982 807 808 15
5983 5833 808 5832 15
5982 5832 5983 808 15
5833 5983 808 809 15
5984 5834 809 5833 15
5983 5833 5984 809 15
5834 5984 809 135 15
2384 2374 135 5834 15
5984 5834 2384 135 15
101 584 102 795 15
5970 795 810 584 15
584 795 810 102 15
795 5970 810 796 15
5971 796 811 5970 15
5970 796 811 810 15
796 5971 811 797 15
5972 797 812 5971 15
5971 797 812 811 15
797 5972 812 798 15
5973 798 813 5972 15
5972 798 813 812 15
798 5973 813 799 15
5974 799 814 5973 15
5973 799 814 813 15
799 5974 814 800 15
5975 800 815 5974 15
5974 800 815 814 15
800 5975 815 801 15
5976 801 816 5975 15
5975 801 816 815 15
801 5976 816 802 15
5977 802 817 5976 15
5976 802 817 816 15
802 5977 817 803 15
5978 803 818 5977 15
5977 803 818 817 15
803 5978 818 804 15
5979 804 819 5978 15
5978 804 819 818 15
804 5979 819 805 15
5980 805 820 5979 15
5979 805 820 819 15
805 5980 820 806 15
5981 806 821 5980 15
5980 806 821 820 15
806 5981 821 807 15
5982 807 822 5981 15
5981 807 822 821 15
807 5982 822 808 15
5983 808 823 5982 15
5982 808 823 822 15
808 5983 823 809 15
5984 809 824 5983 15
5983 809 824 823 15
809 5984 824 135 15
2384 135 136 5984 15
5984 135 136 824 15
120 8 575 5835 15
310 1950 5835 120 15
8 120 310 5835 15
1950 310 5835 5836 15
311 1951 5836 1950 15
310 1950 311 5836 15
1951 311 5836 5837 15
312 1952 5837 1951 15
311 1951 312 5837 15
1952 312 5837 5838 15
313 1953 5838 1952 15
312 1952 313 5838 15
1953 313 5838 5839 15
314 1954 5839 1953 15
313 1953 314 5839 15
1954 314 5839 5840 15
315 1955 5840 1954 15
314 1954 315 5840 15
1955 315 5840 5841 15
316 1956 5841 1955 15
315 1955 316 5841 15
1956 316 5841 5842 15
317 1957 5842 1956 15
316 1956 317 5842 15
1957 317 5842 5843 15
318 1958 5843 1957 15
317 1957 318 5843 15
1958 318 5843 5844 15
319 1959 5844 1958 15
318 1958 319 5844 15
1959 319 5844 5845 15
320 1960 5845 1959 15
319 1959 320 5845 15
1960 320 5845 5846 15
321 1961 5846 1960 15
320 1960 321 5846 15
1961 321 5846 5847 15
322 1962 5847 1961 15
321 1961 322 5847 15
1962 322 5847 5848 15
323 1963 5848 1962 15
322 1962 323 5848 15
1963 323 5848 5849 15
324 1964 5849 1963 15
323 1963 324 5849 15
1964 324 5849 2375 15
16 289 2375 1964 15
324 1964 16 2375 15
575 8 87 2175 15
310 5835 2175 8 15
8 5835 2175 575 15
5835 310 2175 2176 15
311 5836 2176 310 15
310 5836 2176 5835 15
5836 311 2176 2177 15
312 5837 2177 311 15
311 5837 2177 5836 15
5837 312 2177 2178 15
313 5838 2178 312 15
312 5838 2178 5837 15
5838 313 2178 2179 15
314 5839 2179 313 15
313 5839 2179 5838 15
5839 314 2179 2180 15
315 5840 2180 314 15
314 5840 2180 5839 15
5840 315 2180 2181 15
316 5841 2181 315 15
315 5841 2181 5840 15
5841 316 2181 2182 15
317 5842 2182 316 15
316 5842 2182 5841 15
5842 317 2182 2183 15
318 5843 2183 317 15
317 5843 2183 5842 15
5843 318 2183 2184 15
319 5844 2184 318 15
318 5844 2184 5843 15
5844 319 2184 2185 15
320 5845 2185 319 15
319 5845 2185 5844 15
5845 320 2185 2186 15
321 5846 2186 320 15
320 5846 2186 5845 15
5846 321 2186 2187 15
322 5847 2187 321 15
321 5847 2187 5846 15
5847 322 2187 2188 15
323 5848 2188 322 15
322 5848 2188 5847 15
5848 323 2188 2189 15
324 5849 2189 323 15
323 5849 2189 5848 15
5849 324 2189 335 15
16 2375 335 324 15
324 2375 335 5849 15
575 87 576 5850 15
2175 5835 5850 575 15
87 575 2175 5850 15
5835 2175 5850 5851 15
2176 5836 5851 5835 15
2175 5835 2176 5851 15
5836 2176 5851 5852 15
2177 5837 5852 5836 15
2176 5836 2177 5852 15
5837 2177 5852 5853 15
2178 5838 5853 5837 15
2177 5837 2178 5853 15
5838 2178 5853 5854 15
2179 5839 5854 5838 15
2178 5838 2179 5854 15
5839 2179 5854 5855 15
2180 5840 5855 5839 15
2179 5839 2180 5855 15
5840 2180 5855 5856 15
2181 5841 5856 5840 15
2180 5840 2181 5856 15
5841 2181 5856 5857 15
2182 5842 5857 5841 15
2181 5841 2182 5857 15
5842 2182 5857 5858 15
2183 5843 5858 5842 15
2182 5842 2183 5858 15
5843 2183 5858 5859 15
2184 5844 5859 5843 15
2183 5843 2184 5859 15
5844 2184 5859 5860 15
2185 5845 5860 5844 15
2184 5844 2185 5860 15
5845 2185 5860 5861 15
2186 5846 5861 5845 15
2185 5845 2186 5861 15
5846 2186 5861 5862 15
2187 5847 5862 5846 15
2186 5846 2187 5862 15
5847 2187 5862 5863 15
2188 5848 5863 5847 15
2187 5847 2188 5863 15
5848 2188 5863 5864 15
2189 5849 5864 5848 15
2188 5848 2189 5864 15
5849 2189 5864 2376 15
335 2375 2376 5849 15
2189 5849 335 2376 15
576 87 88 2190 15
2175 5850 2190 87 15
87 5850 2190 576 15
5850 2175 2190 2191 15
2176 5851 2191 2175 15
2175 5851 2191 5850 15
5851 2176 2191 2192 15
2177 5852 2192 2176 15
2176 5852 2192 5851 15
5852 2177 2192 2193 15
2178 5853 2193 2177 15
2177 5853 2193 5852 15
5853 2178 2193 2194 15
2179 5854 2194 2178 15
2178 5854 2194 5853 15
5854 2179 2194 2195 15
2180 5855 2195 2179 15
2179 5855 2195 5854 15
5855 2180 2195 2196 15
2181 5856 2196 2180 15
2180 5856 2196 5855 15
5856 2181 2196 2197 15
2182 5857 2197 2181 15
2181 5857 2197 5856 15
5857 2182 2197 2198 15
2183 5858 2198 2182 15
2182 5858 2198 5857 15
5858 2183 2198 2199 15
2184 5859 2199 2183 15
2183 5859 2199 5858 15
5859 2184 2199 2200 15
2185 5860 2200 2184 15
2184 5860 2200 5859 15
5860 2185 2200 2201 15
2186 5861 2201 2185 15
2185 5861 2201 5860 15
5861 2186 2201 2202 15
2187 5862 2202 2186 15
2186 5862 2202 5861 15
5862 2187 2202 2203 15
2188 5863 2203 2187 15
2187 5863 2203 5862 15
5863 2188 2203 2204 15
2189 5864 2204 2188 15
2188 5864 2204 5863 15
5864 2189 2204 336 15
335 2376 336 2189 15
2189 2376 336 5864 15
576 88 577 5865 15
2190 5850 5865 576 15
88 576 2190 5865 15
5850 2190 5865 5866 15
2191 5851 5866 5850 15
2190 5850 2191 5866 15
5851 2191 5866 5867 15
2192 5852 5867 5851 15
2191 5851 2192 5867 15
5852 2192 5867 5868 15
2193 5853 5868 5852 15
2192 5852 2193 5868 15
5853 2193 5868 5869 15
2194 5854 5869 5853 15
2193 5853 2194 5869 15
5854 2194 5869 5870 15
2195 5855 5870 5854 15
2194 5854 2195 5870 15
5855 2195 5870 5871 15
2196 5856 5871 5855 15
2195 5855 2196 5871 15
5856 2196 5871 5872 15
2197 5857 5872 5856 15
2196 5856 2197 5872 15
5857 2197 5872 5873 15
2198 5858 5873 5857 15
2197 5857 2198 5873 15
5858 2198 5873 5874 15
2199 5859 5874 5858 15
2198 5858 2199 5874 15
5859 2199 5874 5875 15
2200 5860 5875 5859 15
2199 5859 2200 5875 15
5860 2200 5875 5876 15
2201 5861 5876 5860 15
2200 5860 2201 5876 15
5861 2201 5876 5877 15
2202 5862 5877 5861 15
2201 5861 2202 5877 15
5862 2202 5877 5878 15
2203 5863 5878 5862 15
2202 5862 2203 5878 15
5863 2203 5878 5879 15
2204 5864 5879 5863 15
2203 5863 2204 5879 15
5864 2204 5879 2377 15
336 2376 2377 5864 15
2204 5864 336 2377 15
577 88 89 2205 15
2190 5865 2205 88 15
88 5865 2205 577 15
5865 2190 2205 2206 15
2191 5866 2206 2190 15
2190 5866 2206 5865 15
5866 2191 2206 2207 15
2192 5867 2207 2191 15
2191 5867 2207 5866 15
5867 2192 2207 2208 15
2193 5868 2208 2192 15
2192 5868 2208 5867 15
5868 2193 2208 2209 15
2194 5869 2209 2193 15
2193 5869 2209 5868 15
5869 2194 2209 2210 15
2195 5870 2210 2194 15
2194 5870 2210 5869 15
5870 2195 2210 2211 15
2196 5871 2211 2195 15
2195 5871 2211 5870 15
5871 2196 2211 2212 15
2197 5872 2212 2196 15
2196 5872 2212 5871 15
5872 2197 2212 2213 15
2198 5873 2213 2197 15
2197 5873 2213 5872 15
5873 2198 2213 2214 15
2199 5874 2214 2198 15
2198 5874 2214 5873 15
5874 2199 2214 2215 15
2200 5875 2215 2199 15
2199 5875 2215 5874 15
5875 2200 2215 2216 15
2201 5876 2216 2200 15
2200 5876 2216 5875 15
5876 2201 2216 2217 15
2202 5877 2217 2201 15
2201 5877 2217 5876 15
5877 2202 2217 2218 15
2203 5878 2218 2202 15
2202 5878 2218 5877 15
5878 2203 2218 2219 15
2204 5879 2219 2203 15
2203 5879 2219 5878 15
5879 2204 2219 337 15
336 2377 337 2204 15
2204 2377 337 5879 15
577 89 578 5880 15
2205 5865 5880 577 15
89 577 2205 5880 15
5865 2205 5880 5881 15
2206 5866 5881 5865 15
2205 5865 2206 5881 15
5866 2206 5881 5882 15
2207 5867 5882 5866 15
2206 5866 2207 5882 15
5867 2207 5882 5883 15
2208 5868 5883 5867 15
2207 5867 2208 5883 15
5868 2208 5883 5884 15
2209 5869 5884 5868 15
2208 5868 2209 5884 15
5869 2209 5884 5885 15
2210 5870 5885 5869 15
2209 5869 2210 5885 15
5870 2210 5885 5886 15
2211 5871 5886 5870 15
2210 5870 2211 5886 15
5871 2211 5886 5887 15
2212 5872 5887 5871 15
2211 5871 2212 5887 15
5872 2212 5887 5888 15
2213 5873 5888 5872 15
2212 5872 2213 5888 15
5873 2213 5888 5889 15
2214 5874 5889 5873 15
2213 5873 2214 5889 15
5874 2214 5889 5890 15
2215 5875 5890 5874 15
2214 5874 2215 5890 15
5875 2215 5890 5891 15
2216 5876 5891 5875 15
2215 5875 2216 5891 15
5876 2216 5891 5892 15
2217 5877 5892 5876 15
2216 5876 2217 5892 15
5877 2217 5892 5893 15
2218 5878 5893 5877 15
2217 5877 2218 5893 15
5878 2218 5893 5894 15
2219 5879 5894 5878 15
2218 5878 2219 5894 15
5879 2219 5894 2378 15
337 2377 2378 5879 15
2219 5879 337 2378 15
578 89 90 2220 15
2205 5880 2220 89 15
89 5880 2220 578 15
5880 2205 2220 2221 15
2206 5881 2221 2205 15
2205 5881 2221 5880 15
5881 2206 2221 2222 15
2207 5882 2222 2206 15
2206 5882 2222 5881 15
5882 2207 2222 2223 15
2208 5883 2223 2207 15
2207 5883 2223 5882 15
5883 2208 2223 2224 15
2209 5884 2224 2208 15
2208 5884 2224 5883 15
5884 2209 2224 2225 15
2210 5885 2225 2209 15
2209 5885 2225 5884 15
5885 2210 2225 2226 15
2211 5886 2226 2210 15
2210 5886 2226 5885 15
5886 2211 2226 2227 15
2212 5887 2227 2211 15
2211 5887 2227 5886 15
5887 2212 2227 2228 15
2213 5888 2228 2212 15
2212 5888 2228 5887 15
5888 2213 2228 2229 15
2214 5889 2229 2213 15
2213 5889 2229 5888 15
5889 2214 2229 2230 15
2215 5890 2230 2214 15
2214 5890 2230 5889 15
5890 2215 2230 2231 15
2216 5891 2231 2215 15
2215 5891 2231 5890 15
5891 2216 2231 2232 15
2217 5892 2232 2216 15
2216 5892 2232 5891 15
5892 2217 2232 2233 15
2218 5893 2233 2217 15
2217 5893 2233 5892 15
5893 2218 2233 2234 15
2219 5894 2234 2218 15
2218 5894 2234 5893 15
5894 2219 2234 338 15
337 2378 338 2219 15
2219 2378 338 5894 15
578 90 579 5895 15
2220 5880 5895 578 15
90 578 2220 5895 15
5880 2220 5895 5896 15
2221 5881 5896 5880 15
2220 5880 2221 5896 15
5881 2221 5896 5897 15
2222 5882 5897 5881 15
2221 5881 2222 5897 15
5882 2222 5897 5898 15
2223 5883 5898 5882 15
2222 5882 2223 5898 15
5883 2223 5898 5899 15
2224 5884 5899 5883 15
2223 5883 2224 5899 15
5884 2224 5899 5900 15
2225 5885 5900 5884 15
2224 5884 2225 5900 15
5885 2225 5900 5901 15
2226 5886 5901 5885 15
2225 5885 2226 5901 15
5886 2226 5901 5902 15
2227 5887 5902 5886 15
2226 5886 2227 5902 15
5887 2227 5902 5903 15
2228 5888 5903 5887 15
2227 5887 2228 5903 15
5888 2228 5903 5904 15
2229 5889 5904 5888 15
2228 5888 2229 5904 15
5889 2229 5904 5905 15
2230 5890 5905 5889 15
2229 5889 2230 5905 15
5890 2230 5905 5906 15
2231 5891 5906 5890 15
2230 5890 2231 5906 15
5891 2231 5906 5907 15
2232 5892 5907 5891 15
2231 5891 2232 5907 15
5892 2232 5907 5908 15
2233 5893 5908 5892 15
2232 5892 2233 5908 15
5893 2233 5908 5909 15
2234 5894 5909 5893 15
2233 5893 2234 5909 15
5894 2234 5909 2379 15
338 2378 2379 5894 15
2234 5894 338 2379 15
579 90 91 2235 15
2220 5895 2235 90 15
90 5895 2235 579 15
5895 2220 2235 2236 15
2221 5896 2236 2220 15
2220 5896 2236 5895 15
5896 2221 2236 2237 15
2222 5897 2237 2221 15
2221 5897 2237 5896 15
5897 2222 2237 2238 15
2223 5898 2238 2222 15
2222 5898 2238 5897 15
5898 2223 2238 2239 15
2224 5899 2239 2223 15
2223 5899 2239 5898 15
5899 2224 2239 2240 15
2225 5900 2240 2224 15
2224 5900 2240 5899 15
5900 2225 2240 2241 15
2226 5901 2241 2225 15
2225 5901 2241 5900 15
5901 2226 2241 2242 15
2227 5902 2242 2226 15
2226 5902 2242 5901 15
5902 2227 2242 2243 15
2228 5903 2243 2227 15
2227 5903 2243 5902 15
5903 2228 2243 2244 15
2229 5904 2244 2228 15
2228 5904 2244 5903 15
5904 2229 2244 2245 15
2230 5905 2245 2229 15
2229 5905 2245 5904 15
5905 2230 2245 2246 15
2231 5906 2246 2230 15
2230 5906 2246 5905 15
5906 2231 2246 2247 15
2232 5907 2247 2231 15
2231 5907 2247 5906 15
5907 2232 2247 2248 15
2233 5908 2248 2232 15
2232 5908 2248 5907 15
5908 2233 2248 2249 15
2234 5909 2249 2233 15
2233 5909 2249 5908 15
5909 2234 2249 339 15
338 2379 339 2234 15
2234 2379 339 5909 15
579 91 580 5910 15
2235 5895 5910 579 15
91 579 2235 5910 15
5895 2235 5910 5911 15
2236 5896 5911 5895 15
2235 5895 2236 5911 15
5896 2236 5911 5912 15
2237 5897 5912 5896 15
2236 5896 2237 5912 15
5897 2237 5912 5913 15
2238 5898 5913 5897 15
2237 5897 2238 5913 15
5898 2238 5913 5914 15
2239 5899 5914 5898 15
2238 5898 2239 5914 15
5899 2239 5914 5915 15
2240 5900 5915 5899 15
2239 5899 2240 5915 15
5900 2240 5915 5916 15
2241 5901 5916 5900 15
2240 5900 2241 5916 15
5901 2241 5916 5917 15
2242 5902 5917 5901 15
2241 5901 2242 5917 15
5902 2242 5917 5918 15
2243 5903 5918 5902 15
2242 5902 2243 5918 15
5903 2243 5918 5919 15
2244 5904 5919 5903 15
2243 5903 2244 5919 15
5904 2244 5919 5920 15
2245 5905 5920 5904 15
2244 5904 2245 5920 15
5905 2245 5920 5921 15
2246 5906 5921 5905 15
2245 5905 2246 5921 15
5906 2246 5921 5922 15
2247 5907 5922 5906 15
2246 5906 2247 5922 15
5907 2247 5922 5923 15
2248 5908 5923 5907 15
2247 5907 2248 5923 15
5908 2248 5923 5924 15
2249 5909 5924 5908 15
2248 5908 2249 5924 15
5909 2249 5924 2380 15
339 2379 2380 5909 15
2249 5909 339 2380 15
580 91 92 2250 15
2235 5910 2250 91 15
91 5910 2250 580 15
5910 2235 2250 2251 15
2236 5911 2251 2235 15
2235 5911 2251 5910 15
5911 2236 2251 2252 15
2237 5912 2252 2236 15
2236 5912 2252 5911 15
5912 2237 2252 2253 15
2238 5913 2253 2237 15
2237 5913 2253 5912 15
5913 2238 2253 2254 15
2239 5914 2254 2238 15
2238 5914 2254 5913 15
5914 2239 2254 2255 15
2240 5915 2255 2239 15
2239 5915 2255 5914 15
5915 2240 2255 2256 15
2241 5916 2256 2240 15
2240 5916 2256 5915 15
5916 2241 2256 2257 15
2242 5917 2257 2241 15
2241 5917 2257 5916 15
5917 2242 2257 2258 15
2243 5918 2258 2242 15
2242 5918 2258 5917 15
5918 2243 2258 2259 15
2244 5919 2259 2243 15
2243 5919 2259 5918 15
5919 2244 2259 2260 15
2245 5920 2260 2244 15
2244 5920 2260 5919 15
5920 2245 2260 2261 15
2246 5921 2261 2245 15
2245 5921 2261 5920 15
5921 2246 2261 2262 15
2247 5922 2262 2246 15
2246 5922 2262 5921 15
5922 2247 2262 2263 15
2248 5923 2263 2247 15
2247 5923 2263 5922 15
5923 2248 2263 2264 15
2249 5924 2264 2248 15
2248 5924 2264 5923 15
5924 2249 2264 340 15
339 2380 340 2249 15
2249 2380 340 5924 15
580 92 581 5925 15
2250 5910 5925 580 15
92 580 2250 5925 15
5910 2250 5925 5926 15
2251 5911 5926 5910 15
2250 5910 2251 5926 15
5911 2251 5926 5927 15
2252 5912 5927 5911 15
2251 5911 2252 5927 15
5912 2252 5927 5928 15
2253 5913 5928 5912 15
2252 5912 2253 5928 15
5913 2253 5928 5929 15
2254 5914 5929 5913 15
2253 5913 2254 5929 15
5914 2254 5929 5930 15
2255 5915 5930 5914 15
2254 5914 2255 5930 15
5915 2255 5930 5931 15
2256 5916 5931 5915 15
2255 5915 2256 5931 15
5916 2256 5931 5932 15
2257 5917 5932 5916 15
2256 5916 2257 5932 15
5917 2257 5932 5933 15
2258 5918 5933 5917 15
2257 5917 2258 5933 15
5918 2258 5933 5934 15
2259 5919 5934 5918 15
2258 5918 2259 5934 15
5919 2259 5934 5935 15
2260 5920 5935 5919 15
2259 5919 2260 5935 15
5920 2260 5935 5936 15
2261 5921 5936 5920 15
2260 5920 2261 5936 15
5921 2261 5936 5937 15
2262 5922 5937 5921 15
2261 5921 2262 5937 15
5922 2262 5937 5938 15
2263 5923 5938 5922 15
2262 5922 2263 5938 15
5923 2263 5938 5939 15
2264 5924 5939 5923 15
2263 5923 2264 5939 15
5924 2264 5939 2381 15
340 2380 2381 5924 15
2264 5924 340 2381 15
581 92 93 2265 15
2250 5925 2265 92 15
92 5925 2265 581 15
5925 2250 2265 2266 15
2251 5926 2266 2250 15
2250 5926 2266 5925 15
5926 2251 2266 2267 15
2252 5927 2267 2251 15
2251 5927 2267 5926 15
5927 2252 2267 2268 15
2253 5928 2268 2252 15
2252 5928 2268 5927 15
5928 2253 2268 2269 15
2254 5929 2269 2253 15
2253 5929 2269 5928 15
5929 2254 2269 2270 15
2255 5930 2270 2254 15
2254 5930 2270 5929 15
5930 2255 2270 2271 15
2256 5931 2271 2255 15
2255 5931 2271 5930 15
5931 2256 2271 2272 15
2257 5932 2272 2256 15
2256 5932 2272 5931 15
5932 2257 2272 2273 15
2258 5933 2273 2257 15
2257 5933 2273 5932 15
5933 2258 2273 2274 15
2259 5934 2274 2258 15
2258 5934 2274 5933 15
5934 2259 2274 2275 15
2260 5935 2275 2259 15
2259 5935 2275 5934 15
5935 2260 2275 2276 15
2261 5936 2276 2260 15
2260 5936 2276 5935 15
5936 2261 2276 2277 15
2262 5937 2277 2261 15
2261 5937 2277 5936 15
5937 2262 2277 2278 15
2263 5938 2278 2262 15
2262 5938 2278 5937 15
5938 2263 2278 2279 15
2264 5939 2279 2263 15
2263 5939 2279 5938 15
5939 2264 2279 341 15
340 2381 341 2264 15
2264 2381 341 5939 15
581 93 582 5940 15
2265 5925 5940 581 15
93 581 2265 5940 15
5925 2265 5940 5941 15
2266 5926 5941 5925 15
2265 5925 2266 5941 15
5926 2266 5941 5942 15
2267 5927 5942 5926 15
2266 5926 2267 5942 15
5927 2267 5942 5943 15
2268 5928 5943 5927 15
2267 5927 2268 5943 15
5928 2268 5943 5944 15
2269 5929 5944 5928 15
2268 5928 2269 5944 15
5929 2269 5944 5945 15
2270 5930 5945 5929 15
2269 5929 2270 5945 15
5930 2270 5945 5946 15
2271 5931 5946 5930 15
2270 5930 2271 5946 15
5931 2271 5946 5947 15
2272 5932 5947 5931 15
2271 5931 2272 5947 15
5932 2272 5947 5948 15
2273 5933 5948 5932 15
2272 5932 2273 5948 15
5933 2273 5948 5949 15
2274 5934 5949 5933 15
2273 5933 2274 5949 15
5934 2274 5949 5950 15
2275 5935 5950 5934 15
2274 5934 2275 5950 15
5935 2275 5950 5951 15
2276 5936 5951 5935 15
2275 5935 2276 5951 15
5936 2276 5951 5952 15
2277 5937 5952 5936 15
2276 5936 2277 5952 15
5937 2277 5952 5953 15
2278 5938 5953 5937 15
2277 5937 2278 5953 15
5938 2278 5953 5954 15
2279 5939 5954 5938 15
2278 5938 2279 5954 15
5939 2279 5954 2382 15
341 2381 2382 5939 15
2279 5939 341 2382 15
582 93 94 2280 15
2265 5940 2280 93 15
93 5940 2280 582 15
5940 2265 2280 2281 15
2266 5941 2281 2265 15
2265 5941 2281 5940 15
5941 2266 2281 2282 15
2267 5942 2282 2266 15
2266 5942 2282 5941 15
5942 2267 2282 2283 15
2268 5943 2283 2267 15
2267 5943 2283 5942 15
5943 2268 2283 2284 15
2269 5944 2284 2268 15
2268 5944 2284 5943 15
5944 2269 2284 2285 15
2270 5945 2285 2269 15
2269 5945 2285 5944 15
5945 2270 2285 2286 15
2271 5946 2286 2270 15
2270 5946 2286 5945 15
5946 2271 2286 2287 15
2272 5947 2287 2271 15
2271 5947 2287 5946 15
5947 2272 2287 2288 15
2273 5948 2288 2272 15
2272 5948 2288 5947 15
5948 2273 2288 2289 15
2274 5949 2289 2273 15
2273 5949 2289 5948 15
5949 2274 2289 2290 15
2275 5950 2290 2274 15
2274 5950 2290 5949 15
5950 2275 2290 2291 15
2276 5951 2291 2275 15
2275 5951 2291 5950 15
5951 2276 2291 2292 15
2277 5952 2292 2276 15
2276 5952 2292 5951 15
5952 2277 2292 2293 15
2278 5953 2293 2277 15
2277 5953 2293 5952 15
5953 2278 2293 2294 15
2279 5954 2294 2278 15
2278 5954 2294 5953 15
5954 2279 2294 342 15
341 2382 342 2279 15
2279 2382 342 5954 15
582 94 583 5955 15
2280 5940 5955 582 15
94 582 2280 5955 15
5940 2280 5955 5956 15
2281 5941 5956 5940 15
2280 5940 2281 5956 15
5941 2281 5956 5957 15
2282 5942 5957 5941 15
2281 5941 2282 5957 15
5942 2282 5957 5958 15
2283 5943 5958 5942 15
2282 5942 2283 5958 15
5943 2283 5958 5959 15
2284 5944 5959 5943 15
2283 5943 2284 5959 15
5944 2284 5959 5960 15
2285 5945 5960 5944 15
2284 5944 2285 5960 15
5945 2285 5960 5961 15
2286 5946 5961 5945 15
2285 5945 2286 5961 15
5946 2286 5961 5962 15
2287 5947 5962 5946 15
2286 5946 2287 5962 15
5947 2287 5962 5963 15
2288 5948 5963 5947 15
2287 5947 2288 5963 15
5948 2288 5963 5964 15
2289 5949 5964 5948 15
2288 5948 2289 5964 15
5949 2289 5964 5965 15
2290 5950 5965 5949 15
2289 5949 2290 5965 15
5950 2290 5965 5966 15
2291 5951 5966 5950 15
2290 5950 2291 5966 15
5951 2291 5966 5967 15
2292 5952 5967 5951 15
2291 5951 2292 5967 15
5952 2292 5967 5968 15
2293 5953 5968 5952 15
2292 5952 2293 5968 15
5953 2293 5968 5969 15
2294 5954 5969 5953 15
2293 5953 2294 5969 15
5954 2294 5969 2383 15
342 2382 2383 5954 15
2294 5954 342 2383 15
583 94 95 2295 15
2280 5955 2295 94 15
94 5955 2295 583 15
5955 2280 2295 2296 15
2281 5956 2296 2280 15
2280 5956 2296 5955 15
5956 2281 2296 2297 15
2282 5957 2297 2281 15
2281 5957 2297 5956 15
5957 2282 2297 2298 15
2283 5958 2298 2282 15
2282 5958 2298 5957 15
5958 2283 2298 2299 15
2284 5959 2299 2283 15
2283 5959 2299 5958 15
5959 2284 2299 2300 15
2285 5960 2300 2284 15
2284 5960 2300 5959 15
5960 2285 2300 2301 15
2286 5961 2301 2285 15
2285 5961 2301 5960 15
5961 2286 2301 2302 15
2287 5962 2302 2286 15
2286 5962 2302 5961 15
5962 2287 2302 2303 15
2288 5963 2303 2287 15
2287 5963 2303 5962 15
5963 2288 2303 2304 15
2289 5964 2304 2288 15
2288 5964 2304 5963 15
5964 2289 2304 2305 15
2290 5965 2305 2289 15
2289 5965 2305 5964 15
5965 2290 2305 2306 15
2291 5966 2306 2290 15
2290 5966 2306 5965 15
5966 2291 2306 2307 15
2292 5967 2307 2291 15
2291 5967 2307 5966 15
5967 2292 2307 2308 15
2293 5968 2308 2292 15
2292 5968 2308 5967 15
5968 2293 2308 2309 15
2294 5969 2309 2293 15
2293 5969 2309 5968 15
5969 2294 2309 343 15
342 2383 343 2294 15
2294 2383 343 5969 15
583 95 584 5970 15
2295 5955 5970 583 15
95 583 2295 5970 15
5955 2295 5970 5971 15
2296 5956 5971 5955 15
2295 5955 2296 5971 15
5956 2296 5971 5972 15
2297 5957 5972 5956 15
2296 5956 2297 5972 15
5957 2297 5972 5973 15
2298 5958 5973 5957 15
2297 5957 2298 5973 15
5958 2298 5973 5974 15
2299 5959 5974 5958 15
2298 5958 2299 5974 15
5959 2299 5974 5975 15
2300 5960 5975 5959 15
2299 5959 2300 5975 15
5960 2300 5975 5976 15
2301 5961 5976 5960 15
2300 5960 2301 5976 15
5961 2301 5976 5977 15
2302 5962 5977 5961 15
2301 5961 2302 5977 15
5962 2302 5977 5978 15
2303 5963 5978 5962 15
2302 5962 2303 5978 15
5963 2303 5978 5979 15
2304 5964 5979 5963 15
2303 5963 2304 5979 15
5964 2304 5979 5980 15
2305 5965 5980 5964 15
2304 5964 2305 5980 15
5965 2305 5980 5981 15
2306 5966 5981 5965 15
2305 5965 2306 5981 15
5966 2306 5981 5982 15
2307 5967 5982 5966 15
2306 5966 2307 5982 15
5967 2307 5982 5983 15
2308 5968 5983 5967 15
2307 5967 2308 5983 15
5968 2308 5983 5984 15
2309 5969 5984 5968 15
2308 5968 2309 5984 15
5969 2309 5984 2384 15
343 2383 2384 5969 15
2309 5969 343 2384 15
584 95 96 2310 15
2295 5970 2310 95 15
95 5970 2310 584 15
5970 2295 2310 2311 15
2296 5971 2311 2295 15
2295 5971 2311 5970 15
5971 2296 2311 2312 15
2297 5972 2312 2296 15
2296 5972 2312 5971 15
5972 2297 2312 2313 15
2298 5973 2313 2297 15
2297 5973 2313 5972 15
5973 2298 2313 2314 15
2299 5974 2314 2298 15
2298 5974 2314 5973 15
5974 2299 2314 2315 15
2300 5975 2315 2299 15
2299 5975 2315 5974 15
5975 2300 2315 2316 15
2301 5976 2316 2300 15
2300 5976 2316 5975 15
5976 2301 2316 2317 15
2302 5977 2317 2301 15
2301 5977 2317 5976 15
5977 2302 2317 2318 15
2303 5978 2318 2302 15
2302 5978 2318 5977 15
5978 2303 2318 2319 15
2304 5979 2319 2303 15
2303 5979 2319 5978 15
5979 2304 2319 2320 15
2305 5980 2320 2304 15
2304 5980 2320 5979 15
5980 2305 2320 2321 15
2306 5981 2321 2305 15
2305 5981 2321 5980 15
5981 2306 2321 2322 15
2307 5982 2322 2306 15
2306 5982 2322 5981 15
5982 2307 2322 2323 15
2308 5983 2323 2307 15
2307 5983 2323 5982 15
5983 2308 2323 2324 15
2309 5984 2324 2308 15
2308 5984 2324 5983 15
5984 2309 2324 344 15
343 2384 344 2309 15
2309 2384 344 5984 15
584 96 102 810 15
2310 5970 810 584 15
96 584 2310 810 15
5970 2310 810 811 15
2311 5971 811 5970 15
2310 5970 2311 811 15
5971 2311 811 812 15
2312 5972 812 5971 15
2311 5971 2312 812 15
5972 2312 812 813 15
2313 5973 813 5972 15
2312 5972 2313 813 15
5973 2313 813 814 15
2314 5974 814 5973 15
2313 5973 2314 814 15
5974 2314 814 815 15
2315 5975 815 5974 15
2314 5974 2315 815 15
5975 2315 815 816 15
2316 5976 816 5975 15
2315 5975 2316 816 15
5976 2316 816 817 15
2317 5977 817 5976 15
2316 5976 2317 817 15
5977 2317 817 818 15
2318 5978 818 5977 15
2317 5977 2318 818 15
5978 2318 818 819 15
2319 5979 819 5978 15
2318 5978 2319 819 15
5979 2319 819 820 15
2320 5980 820 5979 15
2319 5979 2320 820 15
5980 2320 820 821 15
2321 5981 821 5980 15
2320 5980 2321 821 15
5981 2321 821 822 15
2322 5982 822 5981 15
2321 5981 2322 822 15
5982 2322 822 823 15
2323 5983 823 5982 15
2322 5982 2323 823 15
5983 2323 823 824 15
2324 5984 824 5983 15
2323 5983 2324 824 15
5984 2324 824 136 15
344 2384 136 5984 15
2324 5984 344 136 15
102 96 5 810 15
2310 810 183 96 15
96 810 183 5 15
810 2310 183 811 15
2311 811 184 2310 15
2310 811 184 183 15
811 2311 184 812 15
2312 812 185 2311 15
2311 812 185 184 15
812 2312 185 813 15
2313 813 186 2312 15
2312 813 186 185 15
813 2313 186 814 15
2314 814 187 2313 15
2313 814 187 186 15
814 2314 187 815 15
2315 815 188 2314 15
2314 815 188 187 15
815 2315 188 816 15
2316 816 189 2315 15
2315 816 189 188 15
816 2316 189 817 15
2317 817 190 2316 15
2316 817 190 189 15
817 2317 190 818 15
2318 818 191 2317 15
2317 818 191 190 15
818 2318 191 819 15
2319 819 192 2318 15
2318 819 192 191 15
819 2319 192 820 15
2320 820 193 2319 15
2319 820 193 192 15
820 2320 193 821 15
2321 821 194 2320 15
2320 821 194 193 15
821 2321 194 822 15
2322 822 195 2321 15
2321 822 195 194 15
822 2322 195 823 15
2323 823 196 2322 15
2322 823 196 195 15
823 2323 196 824 15
2324 824 197 2323 15
2323 824 197 196 15
824 2324 197 136 15
344 136 11 2324 15
2324 136 11 197 15
End
