MeshVersionFormatted 2
Dimension 2

Vertices
1595
-2 -2 0 1
2 -2 0 2
2 2 0 3
-2 2 0 4
-0.6 0 0 10
0.6 0 0 11
0 1.0392304845413 0 12
0 -1.0392304845413 0 13
-1.8 0 0 14
1.8 0 0 15
-1.8260869565222 -2 0 1
-1.6521739130444 -2 0 1
-1.4782608695667 -2 0 1
-1.3043478260889 -2 0 1
-1.1304347826111 -2 0 1
-0.95652173913333 -2 0 1
-0.78260869565555 -2 0 1
-0.60869565217777 -2 0 1
-0.4347826087 -2 0 1
-0.26086956522222 -2 0 1
-0.086956521744439 -2 0 1
0.086956521733822 -2 0 1
0.26086956521257 -2 0 1
0.43478260869131 -2 0 1
0.60869565217006 -2 0 1
0.7826086956488 -2 0 1
0.95652173912754 -2 0 1
1.1304347826063 -2 0 1
1.304347826085 -2 0 1
1.4782608695638 -2 0 1
1.6521739130425 -2 0 1
1.8260869565213 -2 0 1
2 -1.8260869565222 0 2
2 -1.6521739130444 0 2
2 -1.4782608695667 0 2
2 -1.3043478260889 0 2
2 -1.1304347826111 0 2
2 -0.95652173913333 0 2
2 -0.78260869565555 0 2
2 -0.60869565217777 0 2
2 -0.4347826087 0 2
2 -0.26086956522222 0 2
2 -0.086956521744439 0 2
2 0.086956521733822 0 2
2 0.26086956521257 0 2
2 0.43478260869131 0 2
2 0.60869565217006 0 2
2 0.7826086956488 0 2
2 0.95652173912754 0 2
2 1.1304347826063 0 2
2 1.304347826085 0 2
2 1.4782608695638 0 2
2 1.6521739130425 0 2
2 1.8260869565213 0 2
1.8260869565222 2 0 3
1.6521739130444 2 0 3
1.4782608695667 2 0 3
1.3043478260889 2 0 3
1.1304347826111 2 0 3
0.95652173913333 2 0 3
0.78260869565555 2 0 3
0.60869565217777 2 0 3
0.4347826087 2 0 3
0.26086956522222 2 0 3
0.086956521744439 2 0 3
-0.086956521733822 2 0 3
-0.26086956521257 2 0 3
-0.43478260869131 2 0 3
-0.60869565217006 2 0 3
-0.7826086956488 2 0 3
-0.95652173912754 2 0 3
-1.1304347826063 2 0 3
-1.304347826085 2 0 3
-1.4782608695638 2 0 3
-1.6521739130425 2 0 3
-1.8260869565213 2 0 3
-2 1.8260869565222 0 4
-2 1.6521739130444 0 4
-2 1.4782608695667 0 4
-2 1.3043478260889 0 4
-2 1.1304347826111 0 4
-2 0.95652173913333 0 4
-2 0.78260869565555 0 4
-2 0.60869565217777 0 4
-2 0.4347826087 0 4
-2 0.26086956522222 0 4
-2 0.086956521744439 0 4
-2 -0.086956521733822 0 4
-2 -0.26086956521257 0 4
-2 -0.43478260869131 0 4
-2 -0.60869565217006 0 4
-2 -0.7826086956488 0 4
-2 -0.95652173912754 0 4
-2 -1.1304347826063 0 4
-2 -1.304347826085 0 4
-2 -1.4782608695638 0 4
-2 -1.6521739130425 0 4
-2 -1.8260869565213 0 4
-0.085568926566138 1.084140521651 0 10
-0.1744741360743 1.1220194914217 0 10
-0.26613904406215 1.1526217341783 0 10
-0.35996916853801 1.175748782669 0 10
-0.45535598511339 1.1912506490901 0 10
-0.55168087355856 1.199026797874 0 10
-0.64831913004149 1.1990267977289 0 10
-0.74464401864778 1.1912506486334 0 10
-0.84003083505175 1.1757487819362 0 10
-0.93386095931319 1.1526217332007 0 10
-1.0255258671181 1.122019490211 0 10
-1.1144310766118 1.084140520143 0 10
-1.2000000030901 1.0392304827573 0 10
-1.2816776989102 0.98758063711705 0 10
-1.3589344535796 0.92952595185388 0 10
-1.4312692267456 0.86544293437852 0 10
-1.4982129001878 0.79574718719971 0 10
-1.5593313182286 0.72089071423193 0 10
-1.6142281045326 0.64135898838026 0 10
-1.6625472324508 0.55766780327647 0 10
-1.7039753337608 0.47035992861601 0 10
-1.7382437312814 0.38000158973174 0 10
-1.7651301815698 0.28717879447322 0 10
-1.7844603154617 0.19249353520677 0 10
-1.7961087697867 0.096559882142414 0 10
-1.7961087697446 -0.096559882663802 0 11
-1.7844603151023 -0.19249353741803 0 11
-1.7651301807513 -0.28717879779393 0 11
-1.7382437300448 -0.38000159343576 0 11
-1.7039753319526 -0.47035993286 0 11
-1.6625472301255 -0.55766780770687 0 11
-1.6142281017314 -0.64135899281012 0 11
-1.5593313148345 -0.72089071874857 0 11
-1.4982128962569 -0.79574719163674 0 11
-1.431269222387 -0.86544293856502 0 11
-1.3589344485884 -0.92952595592907 0 11
-1.2816776934871 -0.98758064086031 0 11
-1.1999999970925 -1.03923048622 0 11
-1.1144310708712 -1.084140522867 0 11
-1.0255258618202 -1.1220194922202 0 11
-0.93386095431576 -1.1526217346482 0 11
-0.84003083028373 -1.1757487829096 0 11
-0.74464401434285 -1.1912506491561 0 11
-0.64831912651275 -1.1990267978711 0 11
-0.55168087048439 -1.1990267977501 0 11
-0.45535598259061 -1.1912506487837 0 11
-0.35996916667285 -1.1757487822882 0 11
-0.26613904280771 -1.152621733815 0 11
-0.17447413534467 -1.122019491145 0 11
-0.085568926224215 -1.0841405214887 0 11
0.081677696248033 -0.9875806389546 0 12
0.15893445108003 -0.9295259538947 0 12
0.23126922469578 -0.86544293634744 0 12
0.29821289840934 -0.79574718920716 0 12
0.35933131682624 -0.7208907160981 0 12
0.41422810350922 -0.64135898999865 0 12
0.46254723168101 -0.55766780474314 0 12
0.50397533323005 -0.47035992986181 0 12
0.53824373106733 -0.38000159037288 0 12
0.56513018153613 -0.2871787946099 0 12
0.58446031564287 -0.19249353409193 0 12
0.59610877002609 -0.096559879176983 0 12
0.6 3.590589825464E-09 0 12
0.59610876950239 0.096559885664237 0 12
0.58446031468108 0.19249354001007 0 12
0.56513018025163 0.28717879982132 0 12
0.53824372954131 0.38000159494386 0 12
0.50397533151201 0.47035993389418 0 12
0.46254722987367 0.55766780818672 0 12
0.41422810180156 0.64135899269911 0 12
0.3593313152614 0.72089071818053 0 12
0.29821289712645 0.79574719065524 0 12
0.23126922359672 0.8654429374031 0 12
0.15893445023341 0.92952595458594 0 12
0.081677695843611 0.98758063923375 0 12
-0.081677696248033 0.9875806389546 0 20
-0.15893445108003 0.9295259538947 0 20
-0.23126922469578 0.86544293634744 0 20
-0.29821289840934 0.79574718920716 0 20
-0.35933131682624 0.7208907160981 0 20
-0.41422810350922 0.64135898999865 0 20
-0.46254723168101 0.55766780474314 0 20
-0.50397533323005 0.47035992986181 0 20
-0.53824373106733 0.38000159037288 0 20
-0.56513018153613 0.2871787946099 0 20
-0.58446031564287 0.19249353409193 0 20
-0.59610877002609 0.096559879176983 0 20
-0.6 -3.590589825464E-09 0 20
-0.59610876950239 -0.096559885664237 0 20
-0.58446031468108 -0.19249354001007 0 20
-0.56513018025163 -0.28717879982132 0 20
-0.53824372954131 -0.38000159494386 0 20
-0.50397533151201 -0.47035993389418 0 20
-0.46254722987367 -0.55766780818672 0 20
-0.41422810180156 -0.64135899269911 0 20
-0.3593313152614 -0.72089071818053 0 20
-0.29821289712645 -0.79574719065524 0 20
-0.23126922359672 -0.8654429374031 0 20
-0.15893445023341 -0.92952595458594 0 20
-0.081677695843611 -0.98758063923375 0 20
0.085568926566138 -1.084140521651 0 21
0.1744741360743 -1.1220194914217 0 21
0.26613904406215 -1.1526217341783 0 21
0.35996916853801 -1.175748782669 0 21
0.45535598511339 -1.1912506490901 0 21
0.55168087355856 -1.199026797874 0 21
0.64831913004149 -1.1990267977289 0 21
0.74464401864778 -1.1912506486334 0 21
0.84003083505175 -1.1757487819362 0 21
0.93386095931319 -1.1526217332007 0 21
1.0255258671181 -1.122019490211 0 21
1.1144310766118 -1.084140520143 0 21
1.2000000030901 -1.0392304827573 0 21
1.2816776989102 -0.98758063711705 0 21
1.3589344535796 -0.92952595185388 0 21
1.4312692267456 -0.86544293437852 0 21
1.4982129001878 -0.79574718719971 0 21
1.5593313182286 -0.72089071423193 0 21
1.6142281045326 -0.64135898838026 0 21
1.6625472324508 -0.55766780327647 0 21
1.7039753337608 -0.47035992861601 0 21
1.7382437312814 -0.38000158973174 0 21
1.7651301815698 -0.28717879447322 0 21
1.7844603154617 -0.19249353520677 0 21
1.7961087697867 -0.096559882142414 0 21
1.7961087697446 0.096559882663802 0 22
1.7844603151023 0.19249353741803 0 22
1.7651301807513 0.28717879779393 0 22
1.7382437300448 0.38000159343576 0 22
1.7039753319526 0.47035993286 0 22
1.6625472301255 0.55766780770687 0 22
1.6142281017314 0.64135899281012 0 22
1.5593313148345 0.72089071874857 0 22
1.4982128962569 0.79574719163674 0 22
1.431269222387 0.86544293856502 0 22
1.3589344485884 0.92952595592907 0 22
1.2816776934871 0.98758064086031 0 22
1.1999999970925 1.03923048622 0 22
1.1144310708712 1.084140522867 0 22
1.0255258618202 1.1220194922202 0 22
0.93386095431576 1.1526217346482 0 22
0.84003083028373 1.1757487829096 0 22
0.74464401434285 1.1912506491561 0 22
0.64831912651275 1.1990267978711 0 22
0.55168087048439 1.1990267977501 0 22
0.45535598259061 1.1912506487837 0 22
0.35996916667285 1.1757487822882 0 22
0.26613904280771 1.152621733815 0 22
0.17447413534467 1.122019491145 0 22
0.085568926224215 1.0841405214887 0 22
1.1961087730208 -1.1357903653813 0 10
-1.1961087730208 1.1357903653813 0 10
-1.1878030685336 -1.157072275413 0 10
1.1878030685336 1.157072275413 0 10
-0.19313114206717 -1.2170714490195 0 10
0.19047698911755 -1.218243793432 0 10
0.19057274891236 1.2185410262465 0 10
-0.18746542026596 1.2254855704245 0 10
-0.90697450890024 1.245444528812 0 10
0.90697450890024 -1.245444528812 0 10
-0.90697450358055 -1.2454445297168 0 10
0.90697450358055 1.2454445297168 0 10
-0.39472947270863 1.2620179194085 0 10
0.39737783355541 -1.2698801946279 0 10
-1.3706990545087 -1.0263711402175 0 10
1.3706990545087 1.0263711402175 0 10
-1.3735316061209 1.0266174748437 0 10
1.3735316061209 -1.0266174748437 0 10
-0.39278430300993 -1.2695500201482 0 10
0.39202534031521 1.25993336817 0 10
-0.70453555582726 1.2761176785726 0 10
0.70329886452205 -1.2763421367748 0 10
-0.70081190391916 -1.2718525138884 0 10
0.70136318481727 1.2758775788132 0 10
-1.3913043478278 -1.8493868862988 0 10
1.3913043478278 1.8493868862988 0 10
1.396481023507 -1.8527394128014 0 10
-1.396481023507 1.8527394128014 0 10
1.8802061989117 -1.408224380605 0 10
-1.8802061989117 1.408224380605 0 10
1.8797233152921 1.4230845614359 0 10
-1.8797233152921 -1.4230845614359 0 10
-0.014139085524076 -1.8415034910635 0 10
-0.010877954623335 1.839129378472 0 10
-1.0273310915559 -1.844650033135 0 10
1.0273310915559 1.844650033135 0 10
1.0272814280807 -1.8445794412133 0 10
-1.0272814280807 1.8445794412133 0 10
1.5254697248211 0.8911390805151 0 10
-1.5254697248211 -0.8911390805151 0 10
1.5270915856475 -0.88952170237821 0 10
-1.5270915856475 0.88952170237821 0 10
0.50576940795286 -1.8607069940623 0 10
-0.52397630565462 1.8537565350466 0 10
-0.52173913043888 -1.8493868862988 0 10
0.51480953698647 1.8468514261997 0 10
1.656120635979 0.72899056237005 0 10
-1.656120635979 -0.72899056237005 0 10
-1.6565576551766 0.72919779892273 0 10
1.6565576551766 -0.72919779892273 0 10
1.8517768075325 1.0282870779348 0 10
-1.8517768075325 -1.0282870779348 0 10
1.8517768075971 -1.0282870779648 0 10
-1.8517768075971 1.0282870779648 0 10
1.7489331040978 -1.8638886482456 0 10
1.8443533573821 1.7384952351133 0 10
-1.7489331040978 1.8638886482456 0 10
-1.8443533573821 -1.7384952351133 0 10
1.7668430139537 0.56039616397975 0 10
-1.7668430139537 -0.56039616397975 0 10
1.7695746194039 -0.56315802010899 0 10
-1.7695746194039 0.56315802010899 0 10
1.8343291865125 -0.35756164702668 0 10
-1.8343291865125 0.35756164702668 0 10
1.8376553498059 0.35107157895004 0 10
-1.8376553498059 -0.35107157895004 0 10
1.8530951290107 -0.67803260986603 0 10
-1.8530951290107 0.67803260986603 0 10
1.8519956152508 0.67492325209866 0 10
-1.8519956152508 -0.67492325209866 0 10
1.8414523868593 -0.85032249090879 0 10
1.7312452294608 -0.95356590262008 0 10
1.720455450242 -1.0937276361416 0 10
1.8402354071706 -1.1814542919083 0 10
1.6891663994369 -1.2259501994638 0 10
1.586107710481 -1.1228813851305 0 10
1.558436565207 -1.2715763848926 0 10
1.4555513909128 -1.1913019344942 0 10
1.4289158730098 -1.3193798786402 0 10
1.531602172545 -1.4068921855566 0 10
1.404506828037 -1.4494024883073 0 10
1.5067350549565 -1.5436847972775 0 10
1.3017273426553 -1.3627045752842 0 10
1.2779238734254 -1.4904132541931 0 10
1.1788333981254 -1.4037657105422 0 10
1.1509885578254 -1.5254967946316 0 10
1.0566040342733 -1.4425326937383 0 10
1.0258767488252 -1.5642121545377 0 10
0.93161692513985 -1.4820762563511 0 10
0.90246296785837 -1.6110347816004 0 10
0.80380195932314 -1.5231994803637 0 10
0.77480441173954 -1.6542773293826 0 10
0.67077634372255 -1.5774729037146 0 10
1.086520108971 -1.3137640623034 0 10
1.232456260628 -1.6110161528391 0 10
1.6353113292594 -1.4980721711611 0 10
0.84105527415446 -1.4106035475473 0 10
1.6095275729888 -1.6490201885902 0 10
1.7408306117381 -1.5946013710102 0 10
0.87715063414912 -1.7475181797264 0 10
0.76610965394693 -1.8106353384136 0 10
-1.8414523868593 0.85032249090879 0 10
-1.7312452294608 0.95356590262008 0 10
-1.720455450242 1.0937276361416 0 10
-1.8402354071706 1.1814542919083 0 10
-1.6891663994369 1.2259501994638 0 10
-1.586107710481 1.1228813851305 0 10
-1.558436565207 1.2715763848926 0 10
-1.4555513909128 1.1913019344942 0 10
-1.4289158730098 1.3193798786402 0 10
-1.531602172545 1.4068921855566 0 10
-1.404506828037 1.4494024883073 0 10
-1.5067350549565 1.5436847972775 0 10
-1.3017273426553 1.3627045752842 0 10
-1.2779238734254 1.4904132541931 0 10
-1.1788333981254 1.4037657105422 0 10
-1.1509885578254 1.5254967946316 0 10
-1.0566040342733 1.4425326937383 0 10
-1.0258767488252 1.5642121545377 0 10
-0.93161692513985 1.4820762563511 0 10
-0.90246296785837 1.6110347816004 0 10
-0.80380195932314 1.5231994803636 0 10
-0.77480441173954 1.6542773293826 0 10
-0.68511814686651 1.5534433413778 0 10
-1.0865201089711 1.3137640623034 0 10
-1.232456260628 1.6110161528391 0 10
-1.6353113292594 1.4980721711611 0 10
-0.84105527415446 1.4106035475473 0 10
-1.6095275729888 1.6490201885902 0 10
-1.7408306117381 1.5946013710102 0 10
-0.87715063414912 1.7475181797264 0 10
-0.76610965394693 1.8106353384136 0 10
1.8414092940004 0.84945895210212 0 10
1.730563187096 0.95444230849168 0 10
1.7196198637996 1.0936337086553 0 10
1.8400961426238 1.1814386374116 0 10
1.6890039239132 1.2259319360192 0 10
1.5843912692367 1.1223552153089 0 10
1.5581234118934 1.2714856463051 0 10
1.4555513900185 1.1913019346772 0 10
1.4303589123351 1.3197218778389 0 10
1.5316021717451 1.4068921861185 0 10
1.4047806917054 1.4494403939815 0 10
1.5067201218873 1.5436851502447 0 10
1.3048418984006 1.3625403320066 0 10
1.2784144941121 1.4906785255064 0 10
1.1805156763175 1.4017495007668 0 10
1.1514191538522 1.5252516363531 0 10
1.0569827227447 1.4422491412772 0 10
1.0260854522737 1.5642156227478 0 10
0.93174325590648 1.4821629931193 0 10
0.90257483368322 1.6112404692073 0 10
0.80539122902576 1.523561671448 0 10
0.77249807026561 1.6548703959554 0 10
0.6774805035178 1.5598019039196 0 10
1.0870063962721 1.3201603466701 0 10
1.2326229049728 1.6110311243051 0 10
1.6368072034517 1.5134366367229 0 10
1.6077039482201 1.6564802468041 0 10
0.84127831604408 1.4112831534757 0 10
0.87732817987486 1.7477676418946 0 10
0.7637163956734 1.8099664820017 0 10
-1.8414092940004 -0.84945895210212 0 10
-1.730563187096 -0.95444230849168 0 10
-1.7196198637996 -1.0936337086553 0 10
-1.8400961426238 -1.1814386374116 0 10
-1.6890039239132 -1.2259319360192 0 10
-1.5843912692367 -1.1223552153089 0 10
-1.5581234118934 -1.2714856463051 0 10
-1.4555513900185 -1.1913019346772 0 10
-1.4303589123351 -1.3197218778389 0 10
-1.5316021717451 -1.4068921861185 0 10
-1.4047806917054 -1.4494403939815 0 10
-1.5067201218873 -1.5436851502447 0 10
-1.3048418984006 -1.3625403320066 0 10
-1.2784144941121 -1.4906785255064 0 10
-1.1805156763175 -1.4017495007668 0 10
-1.1514191538522 -1.5252516363531 0 10
-1.0569827227447 -1.4422491412772 0 10
-1.0260854522737 -1.5642156227478 0 10
-0.93174325590648 -1.4821629931193 0 10
-0.90257483368322 -1.6112404692073 0 10
-0.8116122418908 -1.5249325966053 0 10
-0.77056017035537 -1.6555448484633 0 10
-0.67473961771189 -1.5630787044816 0 10
-1.0870063962721 -1.3201603466701 0 10
-1.2326229049728 -1.6110311243051 0 10
-1.6368072034517 -1.5134366367229 0 10
-1.6077039482201 -1.6564802468041 0 10
-0.84853616438662 -1.4128825661592 0 10
-0.87732817987486 -1.7477676418946 0 10
-0.76041867696728 -1.8105248557347 0 10
-0.95834456751729 -1.3487091919313 0 10
0.96024784423279 1.3506953596668 0 10
0.96506711412553 -1.3539383161766 0 10
-0.96506711412553 1.3539383161766 0 10
-0.00057830350719251 -1.1385154106497 0 10
0.095584165312567 -1.1846173609992 0 10
0.11311838278741 -1.2847931797294 0 10
0.21492854098735 -1.3197670644168 0 10
0.12487778167033 -1.3970104191058 0 10
0.23935994092778 -1.4325435963064 0 10
0.14820793192225 -1.5092953515905 0 10
0.028285012418704 -1.4720325194074 0 10
0.26629725831134 -1.5503262181058 0 10
0.35899124452879 -1.4689791298789 0 10
0.38672966852206 -1.595207454682 0 10
0.27746243806543 -1.6947103821996 0 10
0.058972053339307 -1.6105438499061 0 10
-0.068814010180714 -1.5507618920199 0 10
-0.087678931243823 -1.4191747688557 0 10
-0.18554198052617 -1.5036489327117 0 10
-0.17201487945272 -1.630728029508 0 10
-0.2917718920083 -1.5723686725009 0 10
-0.28938073447749 -1.7207475028007 0 10
-0.29028108379531 -1.4372765381096 0 10
-0.40647420885016 -1.5148791231657 0 10
0.00017187265691946 -1.2392889523695 0 10
0.47740023336106 -1.5046678787366 0 10
0.53201488081137 -1.6225323642226 0 10
-0.42495301013166 -1.3779875813245 0 10
-0.52581893842337 -1.4585583879237 0 10
-0.52299980807511 -1.5822309199593 0 10
-0.65428329875569 -1.4238758541733 0 10
-0.55903788746424 -1.3579165460602 0 10
0.45357093238103 -1.3839891757076 0 10
0.57122240225016 -1.4215298530073 0 10
-0.0030786833938116 1.1356438128786 0 10
0.090249638009139 1.1812643339357 0 10
0.10911111040552 1.2850697061978 0 10
0.21153449183813 1.3197164184173 0 10
0.12910702877837 1.3956978390347 0 10
0.25285497674977 1.4291621932575 0 10
0.019792571409981 1.3553760921402 0 10
0.04110441063475 1.4731147095605 0 10
-0.068545661577217 1.4367548288087 0 10
-0.05094235386083 1.5551959241809 0 10
-0.16659316624903 1.5168370228211 0 10
0.064661536733555 1.5929940054088 0 10
-0.14857849281862 1.636573894892 0 10
-0.27224183570611 1.5928479830313 0 10
-0.27717857666397 1.4520217373823 0 10
-0.39146392608993 1.5416937374565 0 10
-0.23882494192693 1.7270504001342 0 10
-0.412308336665 1.4238587547827 0 10
-0.50940916261923 1.4955412772226 0 10
-0.53195427775198 1.3751299382179 0 10
-0.49637605255221 1.6228507093926 0 10
-0.10062924351211 1.3129911645151 0 10
1.2089702009952 1.276534876175 0 10
-1.2089702009952 -1.276534876175 0 10
1.2087976179092 -1.257574681384 0 10
1.3418275492351 -1.2369485203624 0 10
-1.2087976179092 1.257574681384 0 10
-1.3418275492351 1.2369485203624 0 10
1.3417010793097 1.2416979101695 0 10
-1.3417010793097 -1.2416979101695 0 10
-0.61874212612183 -1.7231681979455 0 10
1.4650651152277 -1.6998981339876 0 10
-1.4650651152277 1.6998981339876 0 10
-1.4734582163414 -1.7184182730612 0 10
-1.6122978954377 -1.8117975246734 0 10
1.4734582163414 1.7184182730612 0 10
1.6122978954377 1.8117975246734 0 10
-0.092236379710688 1.1860833517336 0 10
-0.2244744574321 1.3328834802963 0 10
-0.29305630091529 1.2488420563298 0 10
-0.72590548975973 1.4390852979788 0 10
0.70008089924559 -1.4460081731337 0 10
0.72099597943588 1.4451912315165 0 10
0.59475892327623 1.4697975237328 0 10
0.54955401265443 1.58975646816 0 10
0.46582862369612 1.4928916799218 0 10
0.42062681143472 1.6141475969856 0 10
0.51516417388666 1.3727985667949 0 10
0.38576763920765 1.4051735032824 0 10
-1.221971517917 -1.8520312738346 0 10
1.221971517917 1.8520312738346 0 10
1.2220944956301 -1.8534555764465 0 10
-1.2220944956301 1.8534555764465 0 10
-0.14470687266878 -1.7654155645129 0 10
-1.1070095333941 1.1869038088245 0 10
1.1070095333941 -1.1869038088245 0 10
-1.2826379206645 -1.0867567543821 0 10
1.2826379206645 1.0867567543821 0 10
-1.0932720004884 -1.1668161165112 0 10
1.0932720004884 1.1668161165112 0 10
-0.094569803404132 -1.1804898623787 0 10
-0.1088919057146 -1.3070796441746 0 10
-0.23161746513234 -1.3260304945549 0 10
-0.80714327984972 1.2627437620268 0 10
0.80699605469434 -1.2627704832414 0 10
-1.0041596819704 1.2291153232547 0 10
1.0041596819704 -1.2291153232547 0 10
-1.0196269368269 -1.229987850255 0 10
1.0198988335005 1.2302715885029 0 10
0.4967840869469 -1.2785585238748 0 10
-0.59901739562228 1.2807793720264 0 10
0.5947077533838 1.2807768868535 0 10
-0.8035099756328 -1.2591616803381 0 10
0.80360185578248 1.2598325244922 0 10
0.60010124201228 -1.2756214124368 0 10
-1.2845485253442 1.0799915020785 0 10
1.2845485253442 -1.0799915020785 0 10
0.34314691236044 1.5179546144354 0 10
0.29799525508524 1.6315026578659 0 10
0.38107444474606 1.7402106207074 0 10
0.23417778500917 1.7414951418071 0 10
-1.4531179049755 0.96148371619673 0 10
-1.5514637485845 0.99473745920701 0 10
1.4531179049755 -0.96148371619673 0 10
1.5514637485845 -0.99473745920701 0 10
-1.5950152628635 -0.81337167046294 0 10
1.5950152628635 0.81337167046294 0 10
-1.4510721325588 -0.96100595231857 0 10
-1.5505011363539 -0.99464443320328 0 10
1.4510721325588 0.96100595231857 0 10
1.5505011363539 0.99464443320328 0 10
1.8727188019517 1.5694627619448 0 10
-1.8727188019517 -1.5694627619448 0 10
-1.4672479092433 1.0700735196907 0 10
1.4672479092433 -1.0700735196907 0 10
0.0038681688680058 1.2427380769002 0 10
1.5818254766058 -1.8263436603524 0 10
-1.5818254766058 1.8263436603524 0 10
0.34782608695194 -1.8493868862979 0 10
0.16276902546463 -1.8343554018581 0 10
-0.36156100315645 -1.8609992546167 0 10
-0.35266536268892 1.8356291748491 0 10
1.5953113583988 -0.8118763211224 0 10
-1.5953113583988 0.8118763211224 0 10
0.29240881830234 -1.246758512653 0 10
0.32610621844712 -1.3536529455984 0 10
-0.29302549324788 -1.2454445289591 0 10
0.28798679614801 1.2444373188837 0 10
-0.33580637913307 1.3431835441175 0 10
-1.4652425286072 -1.0702317535571 0 10
1.4652425286072 1.0702317535571 0 10
-1.7181544847265 0.64946676124835 0 10
1.7181544847265 -0.64946676124835 0 10
-1.7160025770656 -0.64690390653446 0 10
1.7160025770656 0.64690390653446 0 10
-0.45087981330734 -1.72697181494 0 10
0.14255877839753 -1.706727941885 0 10
-1.140280688252 -1.7244954941158 0 10
1.140280688252 1.7244954941158 0 10
1.1402709565072 -1.7245844264823 0 10
-1.1402709565072 1.7245844264823 0 10
0.63302584511742 1.7215008107602 0 10
1.887874312155 -0.15779679347008 0 10
-1.887874312155 0.15779679347008 0 10
1.8879013835078 0.15757384387828 0 10
-1.8879013835078 -0.15757384387828 0 10
-1.8033426245616 0.45833042338488 0 10
1.8033426245616 -0.45833042338488 0 10
-1.8007191863589 -0.4553853193775 0 10
1.8007191863589 0.4553853193775 0 10
-0.15926191430917 1.857845719665 0 10
-1.6997367677486 0.83220472954557 0 10
1.6997367677486 -0.83220472954557 0 10
1.7006063144864 0.83237055819799 0 10
-1.7006063144864 -0.83237055819799 0 10
-1.8900441274686 -0.051987001238165 0 10
1.8900441274686 0.051987001238165 0 10
-1.8550294458335 -0.24983746465057 0 10
1.8550294458335 0.24983746465057 0 10
-1.874805441882 0.057865239223754 0 10
1.874805441882 -0.057865239223754 0 10
-1.8671380774146 0.26516753139393 0 10
1.8671380774146 -0.26516753139393 0 10
-0.4967840869469 1.2785585238748 0 10
-0.37093149052408 1.6766856634256 0 10
1.8558242027029 -1.7302203762882 0 10
-1.8558242027029 1.7302203762882 0 10
1.6602587894233 1.3651515593007 0 10
-1.6602587894233 -1.3651515593007 0 10
-1.7433014084883 -1.8613019570343 0 10
1.7433014084883 1.8613019570343 0 10
1.6569399481493 -1.3563763628685 0 10
-1.6569399481493 1.3563763628685 0 10
-0.050458322586602 -1.6907459724838 0 10
0.65596739755295 -1.714129106395 0 10
-0.61789872593148 1.7101840789362 0 10
1.3728921715313 1.5895136620676 0 10
-1.3728921715313 -1.5895136620676 0 10
-1.371367377751 1.5863455577826 0 10
1.371367377751 -1.5863455577826 0 10
1.8826073662339 0.53210176572632 0 10
-1.8826073662339 -0.53210176572632 0 10
1.0145427508506 -1.6860271409377 0 10
-1.0145427508506 1.6860271409377 0 10
1.0146534686357 1.686099713766 0 10
-1.0146534686357 -1.686099713766 0 10
-0.3263385879849 -1.3345710398314 0 10
0.49294015105249 1.2736997485617 0 10
0.15055488068668 1.5074053655278 0 10
0.42300736349803 -1.7248104531075 0 10
-0.028596729657378 1.6769364902435 0 10
0.096305290867856 1.7269055713248 0 10
0.50477413859596 1.7078493940031 0 10
1.8875647949992 -0.52833421676564 0 10
-1.8875647949992 0.52833421676564 0 10
-0.60150364457602 -1.2727466328085 0 10
-1.3645126430418 -1.131789347951 0 10
1.3645126430418 1.131789347951 0 10
0.0094514704809035 -1.3568300063475 0 10
-1.365827492899 1.1287073092615 0 10
1.365827492899 -1.1287073092615 0 10
-1.3226933607505 1.7224755387809 0 10
1.3226933607505 -1.7224755387809 0 10
-1.3054216411404 -1.7241461189472 0 10
1.3054216411404 1.7241461189472 0 10
-1.6263964893425 0.91597876088772 0 10
1.6263964893425 -0.91597876088772 0 10
0.32167775899221 1.8686027807198 0 10
1.6252257327959 0.91641575497279 0 10
-1.6252257327959 -0.91641575497279 0 10
0.16485149453543 1.8626888120539 0 10
0.64743590236052 1.3656258965768 0 10
-0.49764755354081 -1.2678625336892 0 10
0.32236138938622 1.3338550494739 0 10
-0.61507491538337 1.4646956808422 0 10
-0.88193443019061 1.8805465918707 0 10
0.88193443019061 -1.8805465918707 0 10
-0.88084167663739 -1.8805885061529 0 10
0.88150122037861 1.8804768314063 0 10
0.6470780031927 -1.351310579709 0 10
-1.7534137984668 0.74243324950318 0 10
1.7534137984668 -0.74243324950318 0 10
1.7364747978044 1.61777592257 0 10
-1.7364747978044 -1.61777592257 0 10
0.18078594258003 1.6200038199438 0 10
1.7541928596534 0.74220516243767 0 10
-1.7541928596534 -0.74220516243767 0 10
-0.75447197609613 -1.3533173485444 0 10
0.76004862850369 1.3482985801477 0 10
1.872890687116 -1.5299819017727 0 10
-1.872890687116 1.5299819017727 0 10
-0.22736301098366 -1.8727884666713 0 10
-0.47236958747026 1.73982123233 0 10
-0.75090047059968 -1.4465020359708 0 10
1.7073881936267 -1.7328148488973 0 10
-1.7073881936267 1.7328148488973 0 10
0.76192110295399 -1.3444823719378 0 10
-0.76717672518974 1.3447541189784 0 10
-0.65727739325573 1.3634270144361 0 10
1.6491987711548 1.0125264789658 0 10
-1.6491987711548 -1.0125264789658 0 10
0.58279708299362 -1.521577153979 0 10
-0.39230129134368 -1.6234396066733 0 10
-0.64927920812781 1.8774260575171 0 10
0.64509208667633 -1.86963379724 0 10
1.8790359280312 -1.8787845411033 0 10
-1.8790359280312 1.8787845411033 0 10
-0.64550651018783 -1.8783384987513 0 10
0.64942797908992 1.8776422380894 0 10
1.8767502286383 1.8765515094036 0 10
-1.8767502286383 -1.8765515094036 0 10
-0.11869844420699 1.7495011280892 0 10
1.7616606521664 1.4641497428143 0 10
-1.7616606521664 -1.4641497428143 0 10
0.8762037953056 -1.3238101247529 0 10
-0.8762037953056 1.3238101247529 0 10
-1.2733871422001 -1.1759777747738 0 10
1.2733871422001 1.1759777747738 0 10
0.24506759349243 1.5412057302061 0 10
-0.8666505854641 -1.3220219910578 0 10
0.87097320230722 1.3213600146079 0 10
1.7965767361568 -1.3126788235274 0 10
-1.7965767361568 1.3126788235274 0 10
1.7990830042381 1.3183896546255 0 10
-1.7990830042381 -1.3183896546255 0 10
-1.7637925852219 1.4499891684908 0 10
1.7637925852219 -1.4499891684908 0 10
-0.16528187616245 1.4136113031847 0 10
0.17711494287634 -1.6110533066527 0 10
-0.1791146756227 -1.4044225255681 0 10
-0.43768185836907 1.3368101799833 0 10
-1.277375130212 1.1676620266667 0 10
1.277375130212 -1.1676620266667 0 10
-1.6508239466019 1.0145421945035 0 10
1.6508239466019 -1.0145421945035 0 10
0.55237022729831 -1.7583625430055 0 10
0.54584350817214 -1.3438795309638 0 10
-0.65402174216225 -1.335941779095 0 10
-0.57919558371259 1.5684662733052 0 10
1.8985503641724 0.43351981172474 0 10
-1.8985503641724 -0.43351981172474 0 10
0.049171037972877 -1.7410599076614 0 10
-0.11622839760778 -1.8558862999968 0 10
-0.59446041574152 -1.5069359666345 0 10
-1.5060904048772 -1.8835238678296 0 10
1.5060904048772 1.8835238678296 0 10
-1.1128270549273 1.6222673338857 0 10
1.1128270549273 -1.6222673338857 0 10
1.1130123335973 1.6222187182576 0 10
-1.1130123335973 -1.6222187182576 0 10
0.43465753292943 1.329622675401 0 10
-1.9201687321892 0.34907746773979 0 10
-1.8993763970191 0.42700598635615 0 10
1.9201687321892 -0.34907746773979 0 10
1.8993763970191 -0.42700598635615 0 10
1.1231084353396 1.2370203262067 0 10
-1.1230695929577 -1.2369797921713 0 10
-1.7088262814665 -1.737170177239 0 10
1.7088262814665 1.737170177239 0 10
-1.7072035619926 0.13443885131431 0 20
-1.6750998047781 -0.31243242115194 0 20
-1.5744870093018 0.56256781934813 0 20
-0.68093655901047 -0.050237731199286 0 20
-1.463944498407 -0.70538885208174 0 20
-0.65788829243385 0.25346361103229 0 20
-0.62348452404276 -0.36633142507976 0 20
-1.3288239837562 0.83754596147324 0 20
-1.193694552613 -0.94077955308173 0 20
-1.0262404586597 1.0219113914085 0 20
-0.87298785952243 -1.0827795458314 0 20
-0.55853524083627 0.54726084759869 0 20
-0.77415914943682 1.0939589740324 0 20
-0.51388835444147 -0.65600316208823 0 20
-0.45565620534703 0.72866686488151 0 20
-0.6024106918574 -1.1190510452695 0 20
-0.51025277172505 1.1117189230893 0 20
-0.38255681126206 -0.80631892651315 0 20
-1.7223380530519 -0.039633642804206 0 20
-1.6713000580779 0.31030584324995 0 20
-1.20585590746 0.93657122389972 0 20
-1.0450696927282 -1.0321163479515 0 20
-1.4700345972278 0.70790694789659 0 20
-1.5659089735591 -0.55766780758209 0 20
-1.3396043145051 -0.83484069556694 0 20
-0.42284185570747 -1.0889616115349 0 20
-0.3265520817545 0.88679071036415 0 20
-0.24315848880348 -0.96167489554917 0 20
-0.33070254629089 1.091083783635 0 20
-0.63325899121392 0.35191774291425 0 20
-0.72899481713834 0.32055297230658 0 20
-0.74845999745056 0.22597430851431 0 20
-0.82077226346219 0.29003955978993 0 20
-0.84194140083419 0.20082140961743 0 20
-0.9127586769134 0.26036034587934 0 20
-0.93214239521613 0.16582892387863 0 20
-1.0042331833332 0.22918023394801 0 20
-1.0235315837697 0.13439866232257 0 20
-0.89317562665808 0.35428825921764 0 20
-1.0958204042129 0.19834367639104 0 20
-1.1151375904272 0.10361936387191 0 20
-1.042800658866 0.039529837924117 0 20
-1.1344512272302 0.0088844822875561 0 20
-1.0621178668933 -0.055194286473605 0 20
-1.1537806202027 -0.08580300678577 0 20
-1.0814457230973 -0.14988639546911 0 20
-1.1731100878677 -0.18049027071318 0 20
-1.1007753664492 -0.244573131053 0 20
-1.1874625471459 0.16767287180215 0 20
-1.1681307770325 0.26235321359458 0 20
-1.245444934465 -0.11640703479096 0 20
-1.1924401923403 -0.27517561986619 0 20
-1.1201054137936 -0.33925865194488 0 20
-1.2597916177245 0.23173872408528 0 20
-1.2404605332552 0.32642112321491 0 20
-1.211770300768 -0.36986095712536 0 20
-1.1394355291238 -0.43394396839627 0 20
-1.0477706217793 -0.40334172450617 0 20
-1.0671007527642 -0.49802699382853 0 20
-1.0091104674726 -0.21397086209632 0 20
-1.2841050772326 -0.30577793145743 0 20
-0.97543584466457 -0.46742475231441 0 20
-0.99476597812103 -0.56211001414403 0 20
-0.90310107034953 -0.53150777176712 0 20
-0.9224312042631 -0.62619303219906 0 20
-1.1587656598981 -0.52862923830327 0 20
-1.3321246044894 0.29581636243566 0 20
-1.3514545992269 0.20113068262121 0 20
-1.3127941727742 0.39050072593201 0 20
-1.2211292156218 0.42110281943613 0 20
-1.0140961118238 -0.65679527516623 0 20
-0.94176133820055 -0.72087829245556 0 20
-0.85009643066634 -0.69027604958543 0 20
-1.303435207495 -0.40046320308069 0 20
-0.86942656464583 -0.78496130960921 0 20
-0.77776165718006 -0.75435906674281 0 20
-1.37576998102 -0.33638018631753 0 20
-0.97045319479964 -0.024591335518248 0 20
-0.7627072557265 -0.65967836757242 0 20
-1.2934637097691 0.48518499526591 0 20
-1.2017988295012 0.51578732041752 0 20
-0.88377093626513 -0.43682251181876 0 20
-0.70926660858564 0.41317499319292 0 20
-1.4044588911923 0.35989791389959 0 20
-0.79709179115718 -0.84904432668585 0 20
-0.7054268837335 -0.81844208381485 0 20
-1.1294640605523 0.45170431699168 0 20
-1.1101338852138 0.54638945284744 0 20
-1.1824686519448 0.61047244930467 0 20
-1.0908037370116 0.6410746704275 0 20
-1.0184689621726 0.57699164962669 0 20
-0.99913882550767 0.67167690207865 0 20
-0.92680405117096 0.60759388298437 0 20
-0.90747391656574 0.7022791415919 0 20
-0.83513914262287 0.63819612372623 0 20
-0.81580900844254 0.7328813836488 0 20
-0.88814378219088 0.79696440087777 0 20
-0.79647887431123 0.82756664373207 0 20
-0.72414410052534 0.76348362638532 0 20
-0.70481396644347 0.85816888667981 0 20
-1.0334262457556 -0.75148053542154 0 20
-1.0714735988474 0.73575991802596 0 20
-0.72475701769995 -0.913127343708 0 20
-0.63309211030523 -0.88252510084682 0 20
-0.86881364808136 0.89164966100673 0 20
-1.3951001141436 -0.43106544935135 0 20
-1.4674348879252 -0.36698243177669 0 20
-1.4481047538814 -0.27229717155132 0 20
-0.88875669859682 -0.87964656958478 0 20
-0.8126075070358 -0.50066639769361 0 20
-0.96047855591456 0.86104741796817 0 20
-0.85430368279872 0.10489975140189 0 20
-1.3227653405819 -0.49514846627723 0 20
-1.1057610193516 -0.68739751828668 0 20
-0.85446927679484 0.54351086359789 0 20
-0.75380687949925 0.5660337469673 0 20
-0.63579730256947 0.79611438571565 0 20
-0.6183807409851 0.89006437184586 0 20
-0.61251242388913 -0.79158270744355 0 20
-1.1243234303671 -0.78121619828189 0 20
-1.1972979731459 -0.71785533126161 0 20
-1.0514806597284 -0.8447258053599 0 20
-0.64933143952497 0.69459803532877 0 20
-0.68548383238032 0.95285414701141 0 20
-0.79469833837697 -0.40569104559348 0 20
-0.86487285367701 -0.34204904831347 0 20
-0.77198526002216 -0.30812923380582 0 20
-0.84509511092675 -0.24730040713315 0 20
-0.75556977029461 -0.20663383837273 0 20
-0.83142597677571 -0.14812921422291 0 20
-0.71254742470136 -0.47061934464925 0 20
-1.4107313226776 -0.52591834570955 0 20
-1.3410790140531 -0.58941019042113 0 20
-0.54485230118948 -0.85180491394372 0 20
-0.56007283838742 -0.94517146529016 0 20
-0.60120960603918 0.98217785001051 0 20
-0.52148415068197 0.91937337269343 0 20
-0.47670773831561 -0.91531128698209 0 20
-1.5349207004198 -0.30358708293885 0 20
-1.5194046057244 -0.20807280542267 0 20
-1.4286021327885 -0.17758835372565 0 20
-1.5009081584194 -0.11350141029717 0 20
-1.4093821988176 -0.082918144983606 0 20
-1.4817792591481 -0.01884363502096 0 20
-1.3901039703634 0.011760025595407 0 20
-1.462447394633 0.075841861076419 0 20
-1.5529009727919 0.044991804243316 0 20
-1.5335176130192 0.13966623743741 0 20
-1.559191584551 -0.39607640618419 0 20
-1.5889270537046 -0.14454692668806 0 20
-0.6661536983195 1.0475394073838 0 20
-1.2226041508738 -0.82747567808879 0 20
-0.94327463236552 0.9560819609236 0 20
-0.84281508455585 1.0035039827464 0 20
-0.52209706893919 -0.75723759815817 0 20
-0.48842256348352 -1.0106911348475 0 20
-0.39405228318079 -0.97680679666333 0 20
-0.32901674555504 -1.061651135702 0 20
-0.68198454193614 0.046538137684384 0 20
-0.75530030771505 -0.0026671184908101 0 20
-0.51970515415457 0.64273872925658 0 20
-0.39262771383784 0.80996120892822 0 20
-0.32426150810005 -0.89651640144358 0 20
-0.61568225189151 0.4550635516794 0 20
-0.65866775014008 0.54697455098636 0 20
-0.25789923148169 0.95077396499976 0 20
-0.55918548577191 -0.55766780832875 0 20
-0.60933953146308 -0.64105908079371 0 20
-0.6051205130025 -0.46508934408167 0 20
-0.65582374171842 -0.5576678084448 0 20
-0.48492748442138 0.82276009040048 0 20
-0.68750634140491 0.15363788499643 0 20
-0.6704628785659 -0.26880834051937 0 20
-0.35276072342415 0.97805713949258 0 20
-1.0328133297208 0.92513043522942 0 20
-0.42069467972322 0.90357705846677 0 20
-0.44702015586623 1.008861557076 0 20
-0.93835139416145 1.0590862291202 0 20
-0.67606266178419 -0.14993608627566 0 20
-1.2969219412407 -0.74915664713158 0 20
-0.18626290872355 1.0233142565245 0 20
-0.1648933367232 -1.0262304594831 0 20
-1.4429077406591 0.1704841159618 0 20
-1.5141227045441 0.23433824218883 0 20
-1.6111580147567 0.20508174714981 0 20
-1.3370706047723 -0.14700425977003 0 20
-1.5686026171965 -0.050361242295375 0 20
-1.4235320282729 0.26516041323558 0 20
-1.4947742065554 0.32901988407202 0 20
-1.47384009933 0.42312755060481 0 20
-1.55854488675 0.40231119338438 0 20
-1.3707470763607 0.10643727443405 0 20
-1.2984415233667 0.042359988260081 0 20
-0.93684501105401 -0.27801421099279 0 20
-1.0764836962475 0.29300920249098 0 20
-0.98487412135488 0.32378041979185 0 20
-0.96547928891683 0.41826981676027 0 20
-1.3846364482791 0.45444079884685 0 20
-1.3656867199895 0.54915528502987 0 20
-1.448952398833 0.51610828775955 0 20
-0.98978133354021 -0.11928259491418 0 20
-0.90247697368193 -0.087700315586662 0 20
-0.88098408675721 0.0065557594652281 0 20
-0.95070260036789 0.071103599912363 0 20
-0.55198109381773 0.73644301366826 0 20
-1.0511994874108 0.83025246126093 0 20
-0.83284548726429 -0.59531256258553 0 20
-1.2741149407957 0.57985144397331 0 20
-1.2548003140881 0.67455231403773 0 20
-1.3417412574383 0.64288733192419 0 20
-1.3269472016141 0.73534902067479 0 20
-1.2351199618529 0.78219780134342 0 20
-1.1630791058796 0.70731668080407 0 20
-1.143808371533 0.79984293168512 0 20
-0.67715360348077 -0.71589525788875 0 20
-0.64704315647421 -0.97264240054502 0 20
-0.73238593293941 -1.018862038233 0 20
-0.81190831501522 -0.94267767068712 0 20
-0.90564571172819 -0.97762797114147 0 20
-1.028452098352 -0.30864967930867 0 20
-0.80135720496927 0.38438487225284 0 20
-0.96087885215815 -0.81532355415815 0 20
-1.2647684571068 -0.21109167431533 0 20
-0.97605737325663 -0.90633121159032 0 20
-0.91912247890853 -0.18239960082434 0 20
-0.77575086279682 0.92425532426903 0 20
-1.2502611567654 -0.55916089405585 0 20
-0.97965136107284 0.76633004030056 0 20
-0.74552761865106 0.6674610312775 0 20
-1.3564035011336 -0.24168992952288 0 20
-1.2067878112169 0.072976775205973 0 20
-1.2310721991054 -0.46453445453978 0 20
-0.956191227632 -0.37271698787571 0 20
-1.2791141958403 0.13705271940146 0 20
-1.4998423462667 -0.47414789768653 0 20
-1.0864308858059 -0.59271225682042 0 20
-1.2261144722401 -0.021720483263032 0 20
-1.148799584837 0.3570352987767 0 20
-1.1780462325873 -0.6232786638258 0 20
-1.0571499740413 0.38768423863753 0 20
-1.2708386542673 -0.65389678562219 0 20
-1.0378021366616 0.48231571654841 0 20
-0.94613718779834 0.51291792208703 0 20
-1.3177596173375 -0.052321651492023 0 20
-0.87379218133926 0.44879992998684 0 20
-1.368963035038 -0.68220719666792 0 20
-0.78258005021184 0.47799129519411 0 20
-1.4353676229292 0.61695476223086 0 20
-1.2488470336503 0.86345857995178 0 20
-1.6143952409276 -0.2440995512256 0 20
-1.6839351579391 -0.17485321387079 0 20
-0.76264617984852 0.084888979409532 0 20
-1.069806254779 -0.93827717563447 0 20
-1.4313605460097 -0.61772711505485 0 20
-1.6388978486279 0.0040330834460933 0 20
-0.74887252549786 1.0044223670886 0 20
-1.1188143785593 0.89337190710953 0 20
-1.6200658836731 0.10801931603277 0 20
-1.5820004067416 0.30156158216998 0 20
-1.1323818096723 -0.86649488208936 0 20
-0.74548508982201 -0.5649922050716 0 20
-1.6143867983363 0.47988362357121 0 20
-1.7078504263717 0.22589975427881 0 20
-1.2769030170352 -0.90082102803613 0 20
-0.78345888783029 -1.1014451407056 0 20
-1.4076733934017 0.77405027905937 0 20
-1.5201791456019 -0.63385018500822 0 20
-0.5155445576143 -1.1069621074289 0 20
-1.6068549760681 -0.4756675078542 0 20
-0.69315218212028 -1.1140103591147 0 20
-1.6483644446075 -0.39632211434301 0 20
-1.3998193179725 -0.77213058694166 0 20
-0.41508161072945 1.1031894571598 0 20
-1.1178867856293 0.98643112463221 0 20
-0.960477690444 -1.058258547576 0 20
-0.60000000168532 1.1226162096256 0 20
-1.5243224215767 0.63801369717512 0 20
-0.60958341601295 0.61875897984588 0 20
-0.75437766627084 -0.10240588458886 0 20
-1.7141023528554 0.050569581688564 0 20
-0.57255538156241 -1.0327914063878 0 20
-1.6494675084559 0.39521407888567 0 20
-0.44451907975683 -0.72424131504597 0 20
-0.70835584255364 -0.37366744549353 0 20
-1.1246003136168 -1.0069088171509 0 20
-0.68665519962618 1.1308784074808 0 20
-0.52733392019315 1.0260657890508 0 20
-0.24779173422169 -1.0615512054214 0 20
-0.25019387312051 1.0812512347804 0 20
-1.5281750401867 0.49298111787279 0 20
-1.485604466823 -0.56186227020825 0 20
-1.6548611370238 -0.086941085856661 0 20
-0.86219346578669 1.0976671447903 0 20
-0.68779544455084 -0.62916883373193 0 20
-0.46791429662351 -0.8193564039563 0 20
-0.82377260059843 -0.048570738473355 0 20
-0.82037161718395 -1.021053916397 0 20
-0.64950946899074 -1.05147144991 0 20
-0.58695773060035 -0.71442511132814 0 20
-0.68338342076566 0.61876526888116 0 20
-0.40394592617074 -0.88500691087397 0 20
-0.31677406084839 -0.9857564670999 0 20
-0.6621076047492 -0.42060229148187 0 20
-1.6050753426632 -0.33474510646991 0 20
-1.7050018410051 -0.24513394759802 0 20
-1.3947527106241 0.69739536960751 0 20
-0.56563519033289 0.83171088461294 0 20
-1.7283406865724 -0.1180962725227 0 20
-0.70805807925561 0.48911666651204 0 20
-0.98808697829062 -0.98248337731716 0 20
-0.81807059238985 0.042922342583892 0 20
-0.59082274559977 1.053306654241 0 20
-1.1823415677453 0.85833547042087 0 20
-0.58084327423552 0.67264147660244 0 20
-1.2890028806391 0.91679118575595 0 20
-1.4988390485693 0.57388823256865 0 20
-0.7788442187755 0.15892205609085 0 20
-0.38213960861251 1.0402670711661 0 20
-0.29337400603751 1.0198827245445 0 20
1.7108605384085 -0.12556153179077 0 30
1.6822960044974 0.31262149215042 0 30
1.5812777396949 -0.55221566266848 0 30
0.68160175240425 0.050785190766998 0 30
1.4628359526417 0.70693283846972 0 30
0.65601821139059 -0.25742403189983 0 30
0.62669984095517 0.36312258445415 0 30
1.3532421368291 -0.84728705728099 0 30
1.2050306484524 0.94345468741712 0 30
1.045959039095 -1.0241742174921 0 30
0.85658725386526 1.0854258364152 0 30
0.56988224466693 -0.55686203713442 0 30
0.77755086578515 -1.0980375998911 0 30
0.5061232913765 0.64277122479121 0 30
0.45565620534703 -0.72866686488151 0 30
0.60604969895453 1.1117900198259 0 30
0.50464514204789 -1.113789878391 0 30
0.38465577537439 0.82081997673974 0 30
1.711866629919 0.039488586564736 0 30
1.673770533923 -0.31904397167228 0 30
1.1891096220547 -0.95347467190468 0 30
1.0371743166221 1.0260858379895 0 30
1.4776534021753 -0.71815273757092 0 30
1.5721371098413 0.56136248092728 0 30
1.3396043145051 0.83484069556694 0 30
0.4172356719207 1.111289747195 0 30
0.32102458607227 -0.88951027926477 0 30
0.25059935771896 0.96012819727039 0 30
0.337278984569 -1.0869705188321 0 30
0.63165032814277 -0.3559043484668 0 30
0.72609553980264 -0.32705991932243 0 30
0.75133399855608 -0.23559061755918 0 30
0.81949164152723 -0.30195915805968 0 30
0.84592044537956 -0.21401027724292 0 30
0.91286865518175 -0.27792468794927 0 30
0.93816055861908 -0.18477122976714 0 30
0.88760534884479 -0.37019371241916 0 30
1.0060839761652 -0.25256393135029 0 30
1.0313512604224 -0.15919130749429 0 30
1.0994325741124 -0.22759418673821 0 30
1.124722722245 -0.13428570437038 0 30
1.0566006732774 -0.065732728401595 0 30
1.1500106337155 -0.04096676396867 0 30
1.0818916006611 0.027574947003216 0 30
1.1753125318108 0.052302568303841 0 30
1.1071921099511 0.12084911436232 0 30
1.2006145120215 0.14557159239106 0 30
1.1324942299417 0.2141176457299 0 30
1.2181325074962 -0.10951846463707 0 30
1.2259170079986 0.23883880762954 0 30
1.1577967043449 0.30738493629352 0 30
1.0700302097956 0.28196475071564 0 30
1.091279295523 0.37647066503505 0 30
1.2940373230602 0.17029263905643 0 30
1.0741245566713 -0.32083636664724 0 30
1.1675331288928 -0.29607079995474 0 30
1.1422273539116 -0.38932623700971 0 30
1.1833663999587 0.40074190787533 0 30
1.1152906111121 0.4693030605535 0 30
1.0225353485353 0.44524080279013 0 30
1.0470737805663 0.53788904712642 0 30
0.95363482469362 0.5131748434059 0 30
0.97880734694097 0.60633982313616 0 30
1.235647270153 -0.36459593647262 0 30
1.2103437612699 -0.45785946673422 0 30
1.116920741987 -0.48257981472733 0 30
1.3193398689416 0.26355967933479 0 30
0.88536012392586 0.58160308433642 0 30
0.91063694999931 0.67485043074307 0 30
1.0131833514921 0.10393956130011 0 30
1.387460181321 0.19501352003008 0 30
1.1402814889515 0.56246515769904 0 30
0.92520996597427 0.40048267323017 0 30
1.1850400395842 -0.55112240076078 0 30
1.0916173732537 -0.57584391531772 0 30
0.81720573314564 0.65012366389463 0 30
0.84250261086286 0.74338640002663 0 30
1.3621576238372 0.10174652060004 0 30
1.004055530779 0.69956799724276 0 30
1.4127627367281 0.28828052709955 0 30
1.3037659458189 -0.43313639282629 0 30
1.3290683052669 -0.33986901258238 0 30
1.1597375999424 -0.6443895212641 0 30
1.0663147587695 -0.66911046760428 0 30
0.99819438303054 -0.60056437723946 0 30
0.97289188938018 -0.69383132239477 0 30
0.90477150892402 -0.62528521673535 0 30
0.87946903461474 -0.71855222485547 0 30
0.85927907240314 -0.12082057949041 0 30
0.81134865658318 -0.65000612712077 0 30
0.78604618589071 -0.74327314707741 0 30
0.85416656236269 -0.81181923967396 0 30
0.76074371560406 -0.83654016839377 0 30
0.74907740368991 0.71866386014335 0 30
0.77437862494262 0.81192986568149 0 30
0.68419416603818 0.79042747536882 0 30
1.4555804912925 0.1264673689035 0 30
1.4302779078757 0.033200423153434 0 30
0.70679721321529 0.88101181721598 0 30
0.78778176058191 0.55690439356114 0 30
0.86780127148319 0.83665054202155 0 30
0.70016594477645 -0.42391550122405 0 30
1.0410122619829 -0.76237740245255 0 30
0.69262333887788 -0.76799407498149 0 30
0.66732086905881 -0.86126109791524 0 30
1.397188379741 -0.40841410651539 0 30
1.4224907806899 -0.31514685763316 0 30
0.61670318336327 0.85959917455995 0 30
1.2531604210771 -0.61966850999955 0 30
0.82886409217427 -0.90508626123665 0 30
1.4906110951885 -0.38369274630403 0 30
1.3718858598548 -0.50168096296027 0 30
1.3446424249114 0.3568266843969 0 30
1.4380652940031 0.38154752778264 0 30
1.3699449822097 0.45009368488502 0 30
1.354370405352 -0.24660073042403 0 30
1.4477931500532 -0.22187950206715 0 30
1.3796728183058 -0.15333347988589 0 30
1.4730956284207 -0.12861248718203 0 30
0.92213720559696 -0.8797994755877 0 30
0.83675365914089 -0.55712658593573 0 30
1.5237007793372 0.057921263739104 0 30
1.5490033560246 0.15118822149111 0 30
0.74392152201502 -0.58207001595901 0 30
1.5412159860601 -0.19715854212047 0 30
1.2271899713388 -0.71041116938058 0 30
0.63887160636512 0.94975153038917 0 30
0.52725178845995 0.91954710432631 0 30
0.73155961814225 0.97374210051695 0 30
0.89580235224794 -0.97682162984324 0 30
1.3368550383173 0.0084795755428564 0 30
1.504442578397 0.31281663198762 0 30
1.5616971797134 -0.10786763025056 0 30
1.5424774344205 0.41027700915503 0 30
0.6497090288279 0.69892327165211 0 30
0.60093402420144 -0.79355277505825 0 30
0.57418694458494 -0.88612165626545 0 30
0.64239875938897 -0.95580683349977 0 30
0.63103572384052 -0.70164898446775 0 30
1.3209553089987 -0.68796162512304 0 30
0.55244851743174 -0.9757672604362 0 30
0.48130459541581 -0.90238846794916 0 30
0.62176501141286 -1.0447402218078 0 30
0.45518312356143 -1.0061400742122 0 30
0.53716058293918 0.81193107776553 0 30
0.68118067960036 -0.050577141219714 0 30
0.76106733217206 -0.0020213590599761 0 30
0.76543315476001 0.096748191290525 0 30
0.83732856054784 0.041483709136115 0 30
0.84828482921529 0.14246720574034 0 30
0.76758442993073 0.19357285566981 0 30
0.85508851994123 0.23707251371977 0 30
0.78438514051654 0.30608447541588 0 30
0.94162192741243 0.18780338713614 0 30
0.93739667926054 0.2876872181864 0 30
0.69392946564258 0.24658141457747 0 30
0.50453992080907 -0.64199912405787 0 30
0.40296994105486 -0.82535383373991 0 30
0.45871351327102 0.74619447698839 0 30
0.32026675958863 0.89325269415775 0 30
0.33440698209026 0.99271259879758 0 30
0.4155811822208 0.92902274118015 0 30
0.24747904049616 -0.96051572203091 0 30
0.56378661947499 0.55940282860739 0 30
0.59936214749613 0.45485806765739 0 30
0.69223316545766 0.4290924049961 0 30
0.67402933538039 0.52715882979022 0 30
0.68814167304316 -0.15810370483441 0 30
0.60374460854227 -0.45015109018021 0 30
0.76535134570738 -0.095596420263258 0 30
0.80357386465093 -1.0003936668075 0 30
1.6210413691882 0.088540713501515 0 30
1.6354617828166 0.18159206519419 0 30
0.57001643726599 1.0175674157042 0 30
0.55814800113716 0.72437769094461 0 30
0.34582427618262 -0.984707378226 0 30
0.86831319226996 -1.078149750259 0 30
0.17616461524187 1.0239049607042 0 30
0.1662818949992 -1.0255798163664 0 30
0.71200596031352 -1.0283996019079 0 30
1.5140941910754 -0.28993208321405 0 30
1.5820822953802 -0.35141119752767 0 30
1.5577729489514 -0.45562936298668 0 30
1.268734870616 0.077025264219726 0 30
1.2609493640888 -0.2713276806284 0 30
0.86011103054845 0.48635262461397 0 30
0.83471032308863 0.39503563271882 0 30
0.71776193841362 0.62654022278941 0 30
1.0390712585382 0.18939716088371 0 30
1.4805925435213 0.21970358041648 0 30
0.66568330828368 1.0406467762621 0 30
0.75877850437539 1.0589652079248 0 30
0.73581787686509 -0.93124793829347 0 30
0.93592714944682 0.76810841160524 0 30
1.0293447141124 0.79282540103059 0 30
1.0974663941004 0.72428022326314 0 30
1.1202309281373 0.81502551914601 0 30
1.1895580011753 0.74767865476161 0 30
1.04771949143 0.87898158684914 0 30
1.2161891615689 0.8422661554066 0 30
1.0721970729531 0.6310359001438 0 30
1.1343237832974 -0.73723576179838 0 30
1.1079495122395 -0.82645234594878 0 30
0.94756445642564 -0.78700401088323 0 30
1.2084510216148 0.4939355657989 0 30
1.2337125618501 0.58718876057849 0 30
0.5094221695565 -0.81087985530748 0 30
0.79961778450184 0.90513407207496 0 30
0.88958546542563 0.92661479089372 0 30
0.95956634999849 0.85971995390742 0 30
0.9300915655932 -0.53208465675989 0 30
1.3436107976285 -0.59411378546955 0 30
0.26063525237543 1.0571163160551 0 30
1.0235003903933 -0.50731062760494 0 30
0.71913014318251 -0.67519555127392 0 30
1.0153337525503 -0.8542233365627 0 30
1.0918011009043 -0.92517426830909 0 30
1.2010170526252 -0.80182759488684 0 30
1.2779678042056 -0.52626358645844 0 30
1.4336856283053 -0.5676187992612 0 30
1.4626499363314 0.47423160657078 0 30
1.3926100624397 0.54149455222363 0 30
1.165370405824 0.65551694922586 0 30
1.2512640864679 0.33212080977692 0 30
1.4585605357721 -0.47558870233678 0 30
1.2765822642373 0.42539308252323 0 30
1.257844757161 0.67929665371539 0 30
1.3014046867031 0.51833541462433 0 30
1.3254357879519 0.61036942799608 0 30
1.3532415493196 0.70784863946358 0 30
0.65098252583574 -0.6075170978518 0 30
1.566951865367 0.24157608327557 0 30
0.98954737412885 0.0064992001464105 0 30
1.2434330002426 -0.016244204185026 0 30
1.0488061337247 -0.41404869211239 0 30
1.1928367149 -0.20280852758554 0 30
1.2862523716071 -0.17806271462196 0 30
1.3115529765835 -0.084789217834189 0 30
1.4049754172713 -0.060066803208141 0 30
1.4975946616703 -0.036008327270204 0 30
1.5985535026772 -0.012756320754662 0 30
0.86195403388756 -0.46347373659915 0 30
0.96201014473391 -0.092284539602047 0 30
0.98081127704706 -0.34572136279725 0 30
0.95546145824844 -0.43880546471546 0 30
0.68151964782017 0.14612351299652 0 30
0.82406718017018 0.99755332160921 0 30
0.79407633592018 -0.39618637785391 0 30
1.6806148627872 -0.043547290014991 0 30
0.76923692751836 -0.48943922526553 0 30
0.98891709977791 -0.94996954545281 0 30
0.6729889622258 -0.51832582793584 0 30
0.48725551723461 0.99590873297333 0 30
0.97870337232002 0.96026389377625 0 30
1.007896594792 0.34027614751705 0 30
0.49984574528505 1.09306134393 0 30
0.68574449381807 -1.1162021340291 0 30
0.63089272649321 0.60914875761032 0 30
1.2637452866328 -0.87987068602873 0 30
1.6999288690477 -0.22455208451327 0 30
1.3957853734364 -0.76281006620533 0 30
1.5171076728364 0.63744006144977 0 30
1.614228101941 0.48125721942986 0 30
1.5090842425078 -0.62792523551653 0 30
1.6496643899535 0.39808519510552 0 30
1.4170327870221 0.7821624607404 0 30
0.41927976681473 -1.1066081026228 0 30
0.95549662065464 1.0648423862955 0 30
1.1248517410784 0.99106702243991 0 30
1.271287556746 0.76238615978283 0 30
0.89872311397775 -0.023316440426736 0 30
1.416480779192 0.6299936860509 0 30
1.6270512039062 -0.173318537008 0 30
0.92144819279572 0.076479437172062 0 30
0.7726597341979 0.46962880293859 0 30
0.95972975163702 -1.0506260610765 0 30
1.6063571798988 -0.25923606934262 0 30
1.7131310935807 0.13456884628342 0 30
1.483234845833 0.55522109444036 0 30
1.5981488155766 0.32048643816162 0 30
0.70125133415726 1.1223470286874 0 30
0.54750541277831 -0.7191651862353 0 30
1.2802872533204 0.90753362703601 0 30
1.1282601683512 -1.0052388321212 0 30
0.25624622939724 -1.0554024435093 0 30
0.59298270654448 -1.1204988031915 0 30
1.6473150313906 -0.41070993805133 0 30
0.69935554786983 0.33901520725563 0 30
1.2931743070099 -0.77730633169093 0 30
1.7085267947921 0.22630736600328 0 30
0.4012613044574 -0.9216200066784 0 30
0.34161869240192 1.0856808705715 0 30
1.408814385466 -0.65947222313931 0 30
0.86735812575624 0.32527250265421 0 30
1.1300583553396 0.90217292420819 0 30
0.90088797848715 1.006940045798 0 30
0.8232982580921 -0.048146680547212 0 30
1.6298541394774 -0.48888712159231 0 30
0.41465789091193 1.0317507789661 0 30
1.5384235143573 0.48680417941981 0 30
0.4605689890705 0.84979910278314 0 30
1.1704328464289 -0.8746292342091 0 30
0.60696577004174 0.78180066160795 0 30
0.58344443291529 -0.63824351363891 0 30
0.39126271790073 -1.04265562351 0 30
1.6386010683654 -0.10214585227681 0 30
1.0596216986087 0.95779989161428 0 30
1.0009280696633 0.24981077514489 0 30
0.54574158838802 -1.050206989318 0 30
0.78305069809349 1.1309306209007 0 30
0.78324401877032 -0.16774189853293 0 30
0.57997712579296 0.65482745824581 0 30
0.75666878222611 0.387771304665 0 30
1.5058313857735 -0.53599574782227 0 30
0.63411849736207 0.28791263086355 0 30
1.6396437863854 0.2539525541966 0 30
1.7468199770567 -0.046033054623771 0 30
-0.51443107384075 0.044910033795545 0 40
0.46676826058756 -0.31094222481584 0 40
0.50720356045777 0.13443885506011 0 40
-0.4118612996984 0.47469115112374 0 40
-0.44725405153229 -0.41004159569234 0 40
0.40979936769732 0.47532278035746 0 40
0.31790321498843 -0.63358284121525 0 40
-0.26149582907397 -0.70775382256645 0 40
-0.20638767202664 0.76422296864198 0 40
0.26990212079148 0.70769596727533 0 40
0.13996485122806 -0.8377775937392 0 40
-0.49754537397452 0.23313402724739 0 40
-0.13577172271999 -0.83142523888037 0 40
0.13238576124867 0.83096200581889 0 40
0.478616711774 0.3091329073658 0 40
-0.36850825661874 -0.54980845660579 0 40
-0.51388526089104 -0.22775924426859 0 40
0.52074856357778 -0.048394576504227 0 40
-0.31667285013497 0.62670712525336 0 40
0.40785573179023 -0.48186283492286 0 40
-0.062545584602334 0.90345960180098 0 40
-0.51856647968489 -0.049562730547232 0 40
-0.43516501007133 -0.0075235881988666 0 40
-0.42897096912843 0.089212074160006 0 40
-0.34875947807852 0.035643066557179 0 40
-0.3410732207911 0.13249169660499 0 40
-0.26173828382514 0.079494696470293 0 40
-0.26879185241253 -0.018583298457949 0 40
-0.1813486062131 0.026240727145859 0 40
-0.1755810075744 0.12300913654077 0 40
-0.1878191556047 -0.071373782117538 0 40
-0.10061566350038 -0.026816979611512 0 40
-0.10666622184561 -0.1239919798374 0 40
-0.019795626656773 -0.079813277968119 0 40
-0.025831678918071 -0.17697804706583 0 40
0.060985850429121 -0.13286065417436 0 40
0.066650195611744 -0.036264584702122 0 40
0.055404245524341 -0.22933268165418 0 40
-0.031214428872743 -0.27380354626173 0 40
0.049853237853668 -0.32586674299422 0 40
-0.036404877707907 -0.36902924878077 0 40
0.14742573784644 -0.089315481544588 0 40
0.1530271426449 0.0071852178878838 0 40
0.04433937991827 -0.42214451048942 0 40
-0.19424697164458 -0.16829186410576 0 40
0.13625856498233 -0.28227678768751 0 40
-0.041992685960824 -0.46551259047411 0 40
0.038765487034714 -0.51858916886742 0 40
0.072271235686276 0.060264688884906 0 40
0.1586211651215 0.10367468682457 0 40
0.077864027761298 0.15675228608635 0 40
0.16420924916677 0.20015533794902 0 40
0.083451122067382 0.25323146757648 0 40
-0.12253157140636 -0.41286414406807 0 40
0.16979539382928 0.29663311686296 0 40
0.089036943527667 0.34970876779018 0 40
0.0026929704550068 0.30630756006519 0 40
0.0082784922828969 0.40278441725223 0 40
-0.078065510523557 0.35938316559612 0 40
-0.072480073121278 0.45585989798623 0 40
0.013863922560788 0.49926113909627 0 40
0.23938072527165 0.05060067414581 0 40
0.12510941415712 -0.47518811596479 0 40
0.17538100318243 0.39311010359485 0 40
-0.047575723248551 -0.56198266932789 0 40
-0.066894646877866 0.55233661387532 0 40
0.019449346941878 0.59573785220332 0 40
-0.15882406543498 0.41245866188699 0 40
0.033182383485965 -0.61505943191268 0 40
0.25055401101146 0.24355771271102 0 40
0.10020791775613 0.54266237951692 0 40
-0.16440948771939 0.3159819518079 0 40
-0.24516805583716 0.36905742861561 0 40
-0.053161223308396 -0.65845959447994 0 40
-0.06121230146421 0.64862050539745 0 40
-0.23954415396858 0.46553191187375 0 40
0.025050923534789 0.69218242648506 0 40
-0.13267146967914 -0.60348461534809 0 40
-0.14719605776127 0.60516633586328 0 40
0.031540133902948 -0.70950120920291 0 40
0.11502971524511 -0.66601382284322 0 40
-0.25075372739691 0.27258045837104 0 40
-0.33145346763091 0.32574534731951 0 40
-0.0084797380504547 0.11335140039558 0 40
-0.054671909616459 0.74312748779271 0 40
-0.43630655136125 -0.10442626706202 0 40
-0.14845601147805 -0.70778794478109 0 40
0.037841592076629 0.78524442339038 0 40
0.11137876317646 0.73561580083426 0 40
0.043655202788358 0.88732869495971 0 40
-0.35555464363392 -0.062375595284327 0 40
-0.3580957527764 -0.16327608882298 0 40
-0.27735679336361 -0.11911327384765 0 40
-0.28142166173826 -0.21597568165423 0 40
-0.1998882318634 -0.2663808422591 0 40
-0.2842237701152 -0.31241359749843 0 40
-0.37086761491618 -0.26619821298634 0 40
-0.11231627355118 -0.22126916239221 0 40
-0.33507857775983 0.2291495233927 0 40
-0.16999531237773 0.21950170716395 0 40
-0.094887424042258 0.069848606905153 0 40
0.14183315510607 -0.18580477645096 0 40
0.22820866249183 -0.14235470853762 0 40
0.22249621476388 -0.23860472749299 0 40
0.30882838023267 -0.19514923417616 0 40
0.21704168004121 -0.33530224734389 0 40
0.31453208857657 -0.098902725267514 0 40
0.39006893371005 -0.15166763238553 0 40
0.40090051151384 -0.055546351713991 0 40
0.38853896078725 -0.24921685310106 0 40
0.47607365994943 -0.20509853491044 0 40
0.37887483363219 -0.34389115348594 0 40
0.32013742831126 -0.002464054881206 0 40
0.40369763069548 0.040889394327676 0 40
0.32513119499954 0.094007029118071 0 40
0.10381922559408 0.63924817938292 0 40
0.18010734026182 0.586440203825 0 40
0.17989238312309 0.48964965611054 0 40
0.27054412453904 0.54623376893959 0 40
0.25872537454692 0.43892398173139 0 40
0.2556396034377 0.34043668806828 0 40
0.3325030053174 0.28702271107005 0 40
0.34607496626959 0.39043816939092 0 40
-0.12809043360697 -0.50866402925687 0 40
-0.2080529663153 -0.45675137640688 0 40
-0.21132177373534 -0.5481974333899 0 40
-0.052870007603764 -0.75951571628581 0 40
-0.036672941162973 -0.85573592453907 0 40
0.23378529752377 -0.045875179699539 0 40
0.2448681885139 0.14707966369093 0 40
0.094443443738834 0.44619607722683 0 40
-0.014142836825307 0.016761642317314 0 40
-0.083651004008404 0.26290586032895 0 40
0.33017281904909 0.19025674349203 0 40
-0.32673465410822 0.42205895878139 0 40
-0.40882091150725 0.37146780208684 0 40
-0.0028926404132454 0.20983054250564 0 40
-0.089247854411082 0.16640787564001 0 40
-0.15315603444501 0.50889404544661 0 40
0.13067642231265 -0.37875956040416 0 40
0.21122915764484 -0.43212905873615 0 40
0.20437336879338 -0.52541247145924 0 40
0.30496159935203 -0.48189445033829 0 40
0.11945762997727 -0.57083256492032 0 40
-0.23383778556583 0.56387640908574 0 40
0.21518942237379 -0.62677788646323 0 40
0.18827689222904 -0.70878467969435 0 40
-0.25610823877366 0.17607891254954 0 40
-0.31906461587663 0.51966226910699 0 40
-0.41277411584974 0.27675366035679 0 40
0.416404625554 0.14011712577747 0 40
-0.14020185689 0.70012582557323 0 40
-0.20311801356682 -0.36217623469915 0 40
0.30204030617232 -0.29209642413796 0 40
0.40994473765347 0.24727338534529 0 40
-0.22426279815023 0.6600626005618 0 40
0.29646176757672 -0.39041432922775 0 40
-0.11757889949474 -0.31758719641017 0 40
-0.29226299289135 -0.49941670790437 0 40
-0.2864834659386 -0.40645567457946 0 40
-0.36478139336272 -0.45232913600881 0 40
-0.5058104746288 0.14024943263262 0 40
-0.008079882216565 -0.94679564994795 0 40
0.070302385100948 -0.89619832870467 0 40
0.043081260384155 -0.80649460008947 0 40
0.52344201878275 0.042299061707042 0 40
-0.13703443679029 0.84238661952423 0 40
0.32238054243665 0.63473602760692 0 40
-0.31706010845518 -0.6384689102781 0 40
-0.21504113679904 -0.78163142685725 0 40
0.20390420944701 0.76978181692991 0 40
0.36790180587319 0.55606650882958 0 40
-0.45965464614993 -0.30577692839693 0 40
0.44693356397476 0.39434073701355 0 40
0.36422840713682 -0.56004681004871 0 40
0.4434067235792 -0.40087969150364 0 40
-0.3657100334684 -0.35877256065357 0 40
-0.42020878868874 0.18349840239908 0 40
0.49852821374439 0.22180370070661 0 40
0.1832965716335 0.68070562057743 0 40
0.11421760193641 -0.75373978364267 0 40
-0.0037780764436796 0.96103601189807 0 40
0.52554812090343 -0.12987114010876 0 40
-0.22234358955954 -0.63202845869872 0 40
-0.51653122670829 -0.14166082714894 0 40
0.26702467617961 -0.71275176694171 0 40
0.27787456150002 -0.56391393907405 0 40
-0.48505310471193 0.32312268883008 0 40
-0.38322724032136 0.56766650994406 0 40
-0.28023634298893 0.71574864411999 0 40
0.32861369163514 0.48116228833377 0 40
-0.044573919090362 0.82142582161561 0 40
0.2452461399325 0.63116231764485 0 40
0.39950277337935 0.33019863940492 0 40
0.21887676466531 -0.78768516311053 0 40
-0.43176899396385 -0.48958047708275 0 40
-0.086209356434309 -0.91317880773348 0 40
-0.28229934425203 -0.57358399337538 0 40
-0.43140626803674 -0.20595914410737 0 40
0.36472245116788 -0.4182204155625 0 40
-0.12349732194589 0.77092191648734 0 40
0.45430709192429 -0.10437591788536 0 40
0.45648438417879 -0.0091483962676835 0 40
0.46267407361051 0.081405862671806 0 40
-0.47497171988732 0.40768299604978 0 40

Edges
248
1 11 1
11 12 1
12 13 1
13 14 1
14 15 1
15 16 1
16 17 1
17 18 1
18 19 1
19 20 1
20 21 1
21 22 1
22 23 1
23 24 1
24 25 1
25 26 1
26 27 1
27 28 1
28 29 1
29 30 1
30 31 1
31 32 1
32 2 1
2 33 2
33 34 2
34 35 2
35 36 2
36 37 2
37 38 2
38 39 2
39 40 2
40 41 2
41 42 2
42 43 2
43 44 2
44 45 2
45 46 2
46 47 2
47 48 2
48 49 2
49 50 2
50 51 2
51 52 2
52 53 2
53 54 2
54 3 2
3 55 3
55 56 3
56 57 3
57 58 3
58 59 3
59 60 3
60 61 3
61 62 3
62 63 3
63 64 3
64 65 3
65 66 3
66 67 3
67 68 3
68 69 3
69 70 3
70 71 3
71 72 3
72 73 3
73 74 3
74 75 3
75 76 3
76 4 3
4 77 4
77 78 4
78 79 4
79 80 4
80 81 4
81 82 4
82 83 4
83 84 4
84 85 4
85 86 4
86 87 4
87 88 4
88 89 4
89 90 4
90 91 4
91 92 4
92 93 4
93 94 4
94 95 4
95 96 4
96 97 4
97 98 4
98 1 4
7 99 10
99 100 10
100 101 10
101 102 10
102 103 10
103 104 10
104 105 10
105 106 10
106 107 10
107 108 10
108 109 10
109 110 10
110 111 10
111 112 10
112 113 10
113 114 10
114 115 10
115 116 10
116 117 10
117 118 10
118 119 10
119 120 10
120 121 10
121 122 10
122 123 10
123 9 10
9 124 11
124 125 11
125 126 11
126 127 11
127 128 11
128 129 11
129 130 11
130 131 11
131 132 11
132 133 11
133 134 11
134 135 11
135 136 11
136 137 11
137 138 11
138 139 11
139 140 11
140 141 11
141 142 11
142 143 11
143 144 11
144 145 11
145 146 11
146 147 11
147 148 11
148 8 11
8 149 12
149 150 12
150 151 12
151 152 12
152 153 12
153 154 12
154 155 12
155 156 12
156 157 12
157 158 12
158 159 12
159 160 12
160 161 12
161 162 12
162 163 12
163 164 12
164 165 12
165 166 12
166 167 12
167 168 12
168 169 12
169 170 12
170 171 12
171 172 12
172 173 12
173 7 12
7 174 20
174 175 20
175 176 20
176 177 20
177 178 20
178 179 20
179 180 20
180 181 20
181 182 20
182 183 20
183 184 20
184 185 20
185 186 20
186 187 20
187 188 20
188 189 20
189 190 20
190 191 20
191 192 20
192 193 20
193 194 20
194 195 20
195 196 20
196 197 20
197 198 20
198 8 20
8 199 21
199 200 21
200 201 21
201 202 21
202 203 21
203 204 21
204 205 21
205 206 21
206 207 21
207 208 21
208 209 21
209 210 21
210 211 21
211 212 21
212 213 21
213 214 21
214 215 21
215 216 21
216 217 21
217 218 21
218 219 21
219 220 21
220 221 21
221 222 21
222 223 21
223 10 21
10 224 22
224 225 22
225 226 22
226 227 22
227 228 22
228 229 22
229 230 22
230 231 22
231 232 22
232 233 22
233 234 22
234 235 22
235 236 22
236 237 22
237 238 22
238 239 22
239 240 22
240 241 22
241 242 22
242 243 22
243 244 22
244 245 22
245 246 22
246 247 22
247 248 22
248 7 22

Triangles
3092
45 313 614 10
89 314 613 10
36 322 717 10
80 353 718 10
384 51 719 10
414 95 720 10
307 317 590 10
308 318 589 10
314 89 736 10
313 45 735 10
497 256 513 10
346 507 572 10
377 508 573 10
469 267 668 10
374 596 657 10
343 595 658 10
594 405 660 10
593 435 659 10
502 250 530 10
500 249 531 10
377 573 691 10
346 572 690 10
315 309 588 10
316 310 587 10
466 445 536 10
523 547 667 10
596 528 657 10
595 527 658 10
525 593 659 10
526 594 660 10
441 259 543 10
442 260 544 10
514 490 584 10
404 442 544 10
434 441 543 10
258 443 542 10
257 444 541 10
443 342 542 10
444 373 541 10
574 456 575 10
301 319 320 10
302 350 351 10
381 299 382 10
411 300 412 10
256 497 514 10
468 341 697 10
342 500 531 10
373 502 530 10
464 538 642 10
324 560 570 10
355 558 569 10
51 279 719 10
95 280 720 10
277 36 717 10
278 80 718 10
80 81 353 10
36 37 322 10
50 51 384 10
94 95 414 10
472 470 473 10
555 294 663 10
506 293 591 10
519 523 667 10
342 531 542 10
373 530 541 10
249 500 728 10
250 502 727 10
466 536 537 10
575 456 592 10
292 631 688 10
466 537 654 10
490 514 723 10
566 386 586 10
564 416 585 10
538 464 725 10
318 308 637 10
317 307 636 10
471 506 591 10
537 459 654 10
473 469 668 10
341 468 630 10
294 63 663 10
294 597 704 10
631 292 699 10
577 492 606 10
251 499 752 10
252 498 751 10
347 621 685 10
378 622 686 10
310 316 650 10
309 315 649 10
327 326 501 10
358 357 503 10
301 38 319 10
302 82 350 10
49 299 381 10
93 300 411 10
474 262 581 10
621 34 685 10
622 78 686 10
597 294 648 10
558 355 729 10
560 324 730 10
70 380 699 10
26 349 700 10
386 566 695 10
416 564 696 10
440 17 703 10
410 61 704 10
510 12 740 10
512 56 741 10
12 510 625 10
56 512 626 10
380 70 671 10
349 26 672 10
17 440 673 10
61 410 674 10
376 368 444 10
345 337 443 10
399 408 442 10
429 438 441 10
67 577 606 10
499 251 712 10
498 252 713 10
507 275 572 10
508 276 573 10
286 379 671 10
285 348 672 10
379 286 639 10
348 285 638 10
439 283 673 10
409 284 674 10
283 439 641 10
284 409 640 10
631 496 688 10
454 474 581 10
497 513 571 10
524 481 669 10
481 524 553 10
492 577 620 10
472 473 733 10
293 506 703 10
459 537 725 10
449 447 654 10
534 251 752 10
535 252 751 10
256 514 515 10
262 474 545 10
478 482 571 10
501 326 656 10
503 357 655 10
573 305 691 10
572 303 690 10
708 623 719 10
709 624 720 10
446 445 466 10
386 388 586 10
416 418 585 10
471 433 506 10
517 475 697 10
273 509 740 10
274 511 741 10
87 611 615 10
43 612 616 10
388 389 504 10
418 419 505 10
395 404 498 10
425 434 499 10
381 382 609 10
411 412 610 10
254 200 446 10
620 577 688 10
381 609 681 10
411 610 682 10
515 514 584 10
301 320 321 10
302 351 352 10
382 299 383 10
412 300 413 10
351 350 607 10
320 319 608 10
529 281 629 10
370 376 516 10
339 345 517 10
376 444 711 10
345 443 710 10
81 302 353 10
37 301 322 10
299 50 384 10
300 94 414 10
331 327 501 10
362 358 503 10
247 255 477 10
482 497 571 10
39 315 319 10
83 316 350 10
317 48 381 10
318 92 411 10
447 466 654 10
506 440 703 10
281 22 575 10
543 534 752 10
544 535 751 10
326 324 570 10
357 355 569 10
404 544 751 10
434 543 752 10
15 283 525 10
59 284 526 10
285 28 527 10
286 72 528 10
537 538 725 10
498 404 751 10
499 434 752 10
442 408 716 10
441 438 715 10
509 510 740 10
511 512 741 10
597 410 704 10
432 440 506 10
629 281 737 10
433 432 506 10
450 454 581 10
700 630 731 10
477 478 571 10
433 471 739 10
83 84 316 10
39 40 315 10
47 48 317 10
91 92 318 10
24 291 574 10
608 319 677 10
607 350 676 10
547 523 643 10
267 469 642 10
89 90 736 10
45 46 735 10
319 315 677 10
350 316 676 10
294 555 648 10
663 64 666 10
354 352 355 10
323 321 324 10
383 385 386 10
413 415 416 10
500 331 501 10
502 362 503 10
393 395 498 10
423 425 499 10
317 381 681 10
318 411 682 10
335 333 342 10
366 364 373 10
395 397 404 10
425 427 434 10
678 406 708 10
679 436 709 10
333 331 500 10
364 362 502 10
433 472 689 10
370 368 376 10
339 337 345 10
399 401 408 10
429 431 438 10
519 521 523 10
368 366 444 10
337 335 443 10
397 399 442 10
427 429 441 10
669 268 746 10
574 291 645 10
200 199 446 10
372 370 516 10
546 495 694 10
525 283 593 10
526 284 594 10
254 446 447 10
454 467 474 10
285 527 595 10
286 528 596 10
496 631 734 10
341 339 517 10
388 504 653 10
418 505 652 10
37 38 301 10
81 82 302 10
49 50 299 10
93 94 300 10
335 342 443 10
366 373 444 10
404 397 442 10
434 427 441 10
248 247 477 10
389 393 504 10
419 423 505 10
282 646 647 10
342 333 500 10
373 364 502 10
470 469 473 10
281 529 738 10
99 476 513 10
386 387 388 10
416 417 418 10
325 324 326 10
356 355 357 10
465 464 469 10
477 255 478 10
576 463 591 10
341 517 697 10
493 494 495 10
513 476 571 10
47 317 636 10
91 318 637 10
518 403 519 10
490 491 493 10
23 574 575 10
281 575 737 10
273 14 525 10
274 58 526 10
29 275 527 10
73 276 528 10
393 498 504 10
423 499 505 10
408 401 518 10
523 521 524 10
53 304 567 10
97 306 568 10
407 406 678 10
437 436 679 10
279 708 719 10
280 709 720 10
401 403 518 10
474 467 475 10
38 39 319 10
82 83 350 10
48 49 381 10
92 93 411 10
35 36 277 10
79 80 278 10
51 52 279 10
95 96 280 10
462 460 464 10
380 631 699 10
349 630 700 10
24 25 291 10
68 69 292 10
31 303 572 10
75 305 573 10
18 19 293 10
62 63 294 10
23 24 574 10
15 16 283 10
59 60 284 10
27 28 285 10
71 72 286 10
21 22 281 10
65 66 282 10
486 489 490 10
482 484 497 10
490 493 584 10
470 472 739 10
279 52 567 10
280 96 568 10
458 452 459 10
500 501 728 10
502 503 727 10
528 276 657 10
527 275 658 10
13 14 273 10
57 58 274 10
29 30 275 10
73 74 276 10
273 525 659 10
274 526 660 10
448 450 581 10
42 43 598 10
86 87 599 10
44 45 600 10
88 89 601 10
386 385 387 10
416 415 417 10
323 324 325 10
354 355 356 10
383 386 695 10
413 416 696 10
64 65 666 10
275 30 572 10
276 74 573 10
68 292 577 10
456 574 645 10
329 327 331 10
360 358 362 10
355 352 729 10
324 321 730 10
389 391 393 10
419 421 423 10
293 19 576 10
363 362 364 10
332 331 333 10
393 394 395 10
423 424 425 10
22 23 575 10
14 15 525 10
58 59 526 10
28 29 527 10
72 73 528 10
199 445 446 10
646 282 707 10
383 384 385 10
413 414 415 10
353 352 354 10
322 321 323 10
7 248 476 10
334 333 335 10
365 364 366 10
395 396 397 10
425 426 427 10
199 8 445 10
590 317 681 10
589 318 682 10
100 99 513 10
476 248 477 10
465 469 470 10
388 387 389 10
418 417 419 10
325 326 327 10
356 357 358 10
601 89 613 10
600 45 614 10
315 40 649 10
316 84 650 10
501 656 728 10
503 655 727 10
367 366 368 10
336 335 337 10
397 398 399 10
427 428 429 10
372 516 670 10
67 68 577 10
462 464 465 10
463 576 687 10
19 20 576 10
458 459 460 10
493 491 494 10
530 109 541 10
531 209 542 10
43 44 612 10
87 88 611 10
556 663 666 10
490 489 491 10
140 259 548 10
240 260 549 10
575 592 737 10
111 250 551 10
211 249 552 10
52 53 567 10
96 97 568 10
293 576 591 10
30 31 572 10
74 75 573 10
106 269 539 10
206 270 540 10
486 490 723 10
110 109 530 10
210 209 531 10
112 111 551 10
212 211 552 10
495 670 694 10
338 337 339 10
369 368 370 10
399 400 401 10
429 430 431 10
141 140 548 10
241 240 549 10
31 32 303 10
75 76 305 10
107 106 539 10
207 206 540 10
71 286 671 10
27 285 672 10
105 104 546 10
283 16 673 10
284 60 674 10
580 448 581 10
514 497 723 10
53 54 304 10
97 98 306 10
546 104 619 10
254 448 580 10
519 520 521 10
275 507 658 10
276 508 657 10
136 135 532 10
236 235 533 10
135 263 532 10
235 264 533 10
509 273 659 10
511 274 660 10
66 67 606 10
114 113 557 10
214 213 559 10
472 433 739 10
524 669 746 10
538 582 642 10
431 433 689 10
479 255 583 10
464 460 725 10
340 339 341 10
371 370 372 10
282 66 606 10
401 402 403 10
431 432 433 10
20 21 687 10
40 41 649 10
84 85 650 10
538 253 582 10
454 455 467 10
42 598 618 10
86 599 617 10
556 647 680 10
452 449 654 10
46 47 636 10
90 91 637 10
445 148 536 10
116 115 579 10
216 215 578 10
450 453 454 10
329 331 332 10
360 362 363 10
393 391 394 10
423 421 424 10
259 441 715 10
260 442 716 10
383 299 384 10
413 300 414 10
302 352 353 10
301 321 322 10
687 21 738 10
516 376 693 10
518 519 667 10
475 517 675 10
113 265 557 10
213 266 559 10
517 345 692 10
560 559 570 10
558 557 569 10
99 7 476 10
8 148 445 10
447 446 466 10
402 410 597 10
363 364 365 10
332 333 334 10
395 394 396 10
425 424 426 10
132 131 561 10
232 231 562 10
495 546 619 10
443 258 710 10
444 257 711 10
334 335 336 10
365 366 367 10
397 396 398 10
427 426 428 10
529 463 687 10
403 402 597 10
118 117 587 10
218 217 588 10
497 484 723 10
519 403 520 10
554 556 680 10
389 390 391 10
419 420 421 10
461 460 462 10
328 327 329 10
359 358 360 10
148 147 536 10
469 464 642 10
367 368 369 10
336 337 338 10
399 398 400 10
429 428 430 10
524 521 553 10
482 483 484 10
147 253 536 10
346 330 507 10
377 361 508 10
484 485 486 10
392 407 511 10
422 437 509 10
101 100 256 10
201 200 254 10
457 452 458 10
201 254 580 10
101 256 515 10
653 504 713 10
652 505 712 10
254 447 448 10
478 255 479 10
536 253 537 10
486 488 489 10
478 480 482 10
286 596 639 10
285 595 638 10
256 100 513 10
583 268 669 10
593 283 641 10
594 284 640 10
476 477 571 10
111 110 250 10
211 210 249 10
137 136 251 10
237 236 252 10
586 388 653 10
585 418 652 10
338 339 340 10
369 370 371 10
521 520 522 10
401 400 402 10
431 430 432 10
202 201 580 10
102 101 515 10
451 449 452 10
69 70 699 10
25 26 700 10
147 146 253 10
247 246 255 10
17 18 703 10
61 62 704 10
577 292 688 10
146 145 582 10
137 251 534 10
237 252 535 10
246 245 583 10
140 139 259 10
240 239 260 10
108 107 257 10
208 207 258 10
253 146 582 10
138 137 534 10
238 237 535 10
508 361 634 10
507 330 635 10
255 246 583 10
389 387 390 10
419 417 420 10
454 453 455 10
521 522 553 10
103 102 261 10
203 202 262 10
262 202 580 10
392 511 632 10
422 509 633 10
261 102 515 10
557 265 569 10
559 266 570 10
356 358 359 10
325 327 328 10
139 138 543 10
239 238 544 10
109 108 541 10
209 208 542 10
106 105 269 10
206 205 270 10
142 141 271 10
242 241 272 10
467 455 468 10
321 320 730 10
352 351 729 10
145 144 267 10
245 244 268 10
553 522 554 10
204 203 545 10
104 103 619 10
145 267 582 10
245 268 583 10
259 139 543 10
260 239 544 10
138 534 543 10
238 535 544 10
108 257 541 10
208 258 542 10
205 204 550 10
243 242 547 10
649 41 750 10
650 85 748 10
511 407 512 10
509 437 510 10
203 262 545 10
12 13 740 10
56 57 741 10
103 261 619 10
504 498 713 10
505 499 712 10
113 112 265 10
213 212 266 10
135 134 263 10
235 234 264 10
262 580 581 10
261 515 584 10
115 290 579 10
215 289 578 10
270 205 550 10
34 35 685 10
78 79 686 10
242 272 547 10
458 460 461 10
33 34 621 10
77 78 622 10
204 545 550 10
250 110 530 10
249 210 531 10
11 12 625 10
55 56 626 10
120 119 602 10
220 219 603 10
465 470 471 10
63 64 663 10
382 383 695 10
412 413 696 10
537 253 538 10
134 133 563 10
234 233 565 10
257 107 539 10
258 207 540 10
592 457 737 10
268 244 643 10
494 491 496 10
251 136 532 10
252 236 533 10
359 360 361 10
328 329 330 10
271 141 548 10
272 241 549 10
344 346 347 10
375 377 378 10
391 390 392 10
421 420 422 10
363 365 374 10
332 334 343 10
396 394 405 10
426 424 435 10
269 105 546 10
244 243 643 10
115 114 290 10
215 214 289 10
133 132 288 10
233 232 287 10
371 372 631 10
340 341 630 10
243 547 643 10
265 112 551 10
266 212 552 10
484 483 485 10
482 480 483 10
328 330 344 10
359 361 375 10
461 462 463 10
392 390 406 10
422 420 436 10
554 555 556 10
486 485 488 10
375 361 377 10
344 330 346 10
582 267 642 10
46 636 735 10
90 637 736 10
263 134 563 10
264 234 565 10
142 271 651 10
131 296 561 10
231 295 562 10
263 563 585 10
264 565 586 10
489 488 492 10
451 452 457 10
2 33 701 10
4 77 702 10
1 11 706 10
3 55 705 10
392 406 407 10
422 436 437 10
480 479 481 10
379 380 671 10
348 349 672 10
448 449 450 10
478 479 480 10
348 340 349 10
379 371 380 10
410 409 674 10
440 439 673 10
290 114 557 10
289 214 559 10
402 409 410 10
432 439 440 10
485 483 487 10
457 458 629 10
32 2 701 10
76 4 702 10
98 1 706 10
54 3 705 10
450 451 453 10
507 635 658 10
508 634 657 10
448 447 449 10
461 463 529 10
565 287 566 10
563 288 564 10
633 509 659 10
632 511 660 10
133 288 563 10
233 287 565 10
520 403 597 10
338 340 348 10
369 371 379 10
645 291 731 10
402 400 409 10
432 430 439 10
471 591 698 10
563 564 585 10
565 566 586 10
459 452 654 10
554 522 555 10
455 453 456 10
315 588 677 10
316 587 676 10
591 463 698 10
458 461 629 10
532 263 652 10
533 264 653 10
450 449 451 10
655 551 727 10
656 552 728 10
372 670 734 10
143 142 651 10
532 652 712 10
533 653 713 10
267 144 668 10
122 121 617 10
222 221 618 10
481 479 669 10
131 130 296 10
231 230 295 10
217 216 298 10
117 116 297 10
561 610 665 10
562 609 664 10
387 385 623 10
417 415 624 10
323 325 627 10
354 356 628 10
608 578 662 10
607 579 661 10
405 632 660 10
435 633 659 10
288 132 561 10
287 232 562 10
635 343 658 10
634 374 657 10
631 372 734 10
491 489 620 10
361 360 634 10
330 329 635 10
467 468 697 10
391 392 632 10
421 422 633 10
489 492 620 10
360 363 634 10
329 332 635 10
394 391 632 10
424 421 633 10
297 116 579 10
298 216 578 10
263 585 652 10
264 586 653 10
289 559 560 10
290 557 558 10
457 629 737 10
65 282 666 10
380 371 631 10
349 340 630 10
130 129 589 10
230 229 590 10
562 295 609 10
561 296 610 10
124 9 611 10
224 10 612 10
390 387 623 10
420 417 624 10
325 328 627 10
356 359 628 10
400 398 640 10
430 428 641 10
336 338 638 10
367 369 639 10
461 529 629 10
621 347 690 10
622 378 691 10
567 304 678 10
568 306 679 10
555 522 648 10
493 495 726 10
119 118 310 10
219 218 309 10
129 128 308 10
229 228 307 10
351 607 661 10
320 608 662 10
471 470 739 10
405 594 744 10
435 593 745 10
595 343 743 10
596 374 742 10
143 651 668 10
117 297 587 10
217 298 588 10
683 472 733 10
363 374 634 10
332 343 635 10
405 394 632 10
435 424 633 10
357 569 655 10
326 570 656 10
406 390 623 10
436 420 624 10
496 491 620 10
359 375 628 10
328 344 627 10
21 281 738 10
282 606 707 10
408 518 684 10
261 584 726 10
523 524 746 10
291 700 731 10
474 475 732 10
646 487 647 10
487 483 644 10
647 487 680 10
128 127 604 10
228 227 605 10
85 86 747 10
41 42 749 10
684 549 716 10
683 548 715 10
718 628 721 10
717 627 722 10
406 623 708 10
436 624 709 10
310 118 587 10
309 218 588 10
457 592 724 10
409 400 640 10
439 430 641 10
338 348 638 10
369 379 639 10
495 494 670 10
468 455 645 10
121 120 312 10
221 220 311 10
127 126 314 10
227 226 313 10
297 579 607 10
298 578 608 10
522 520 648 10
480 481 644 10
463 462 698 10
378 686 721 10
347 685 722 10
584 493 726 10
539 693 711 10
473 651 733 10
540 692 710 10
479 583 669 10
344 347 722 10
375 378 721 10
483 480 644 10
576 20 687 10
592 456 724 10
606 492 707 10
567 678 708 10
568 679 709 10
485 487 646 10
144 143 668 10
455 456 645 10
79 278 686 10
35 277 685 10
488 485 646 10
545 474 732 10
265 551 655 10
266 552 656 10
296 130 589 10
295 230 590 10
569 265 655 10
570 266 656 10
520 597 648 10
438 431 689 10
609 382 664 10
610 412 665 10
292 69 699 10
291 25 700 10
18 293 703 10
62 294 704 10
623 385 719 10
624 415 720 10
323 627 717 10
354 628 718 10
70 71 671 10
26 27 672 10
547 272 667 10
16 17 673 10
60 61 674 10
119 310 602 10
219 309 603 10
279 567 708 10
280 568 709 10
126 125 613 10
226 225 614 10
566 287 664 10
564 288 665 10
556 555 663 10
129 308 589 10
229 307 590 10
472 683 689 10
465 471 698 10
456 453 724 10
343 334 743 10
374 365 742 10
396 405 744 10
426 435 745 10
282 647 666 10
287 562 664 10
288 561 665 10
125 124 601 10
225 224 600 10
123 122 599 10
223 222 598 10
13 273 740 10
57 274 741 10
460 459 725 10
539 269 693 10
540 270 692 10
311 220 603 10
312 120 602 10
9 123 615 10
10 223 616 10
270 550 675 10
308 128 604 10
307 228 605 10
408 684 716 10
451 457 724 10
438 683 715 10
578 289 662 10
579 290 661 10
651 473 668 10
675 517 692 10
693 376 711 10
692 345 710 10
484 486 723 10
492 488 707 10
630 468 731 10
270 675 692 10
548 259 715 10
549 260 716 10
303 32 701 10
305 76 702 10
367 639 742 10
336 638 743 10
640 398 744 10
641 428 745 10
307 605 636 10
308 604 637 10
603 309 649 10
602 310 650 10
304 54 705 10
306 98 706 10
675 550 732 10
598 43 616 10
599 87 615 10
290 558 661 10
289 560 662 10
121 312 617 10
221 311 618 10
127 314 604 10
227 313 605 10
481 553 714 10
551 250 727 10
552 249 728 10
475 675 732 10
475 467 697 10
553 554 714 10
667 272 684 10
304 626 754 10
306 625 753 10
647 556 666 10
670 494 734 10
322 323 717 10
353 354 718 10
385 384 719 10
415 414 720 10
303 621 690 10
305 622 691 10
609 295 681 10
610 296 682 10
625 510 753 10
626 512 754 10
347 346 690 10
378 377 691 10
44 600 612 10
88 601 611 10
462 465 698 10
272 549 684 10
271 548 683 10
516 693 694 10
468 645 731 10
314 126 613 10
313 226 614 10
639 596 742 10
638 595 743 10
593 641 745 10
594 640 744 10
269 546 694 10
271 683 733 10
686 278 721 10
685 277 722 10
599 122 617 10
598 222 618 10
495 619 726 10
619 261 726 10
512 407 754 10
510 437 753 10
601 124 611 10
600 224 612 10
295 590 681 10
296 589 682 10
621 303 701 10
622 305 702 10
693 269 694 10
33 621 701 10
77 622 702 10
626 304 705 10
625 306 706 10
496 620 688 10
11 625 706 10
55 626 705 10
518 667 684 10
651 271 733 10
611 9 615 10
612 10 616 10
550 545 732 10
277 717 722 10
278 718 721 10
670 516 694 10
487 644 680 10
225 600 614 10
125 601 613 10
251 532 712 10
252 533 713 10
258 540 710 10
257 539 711 10
494 496 734 10
603 649 750 10
602 650 748 10
268 643 746 10
453 451 724 10
587 297 676 10
588 298 677 10
297 607 676 10
298 608 677 10
223 598 616 10
123 599 615 10
661 558 729 10
662 560 730 10
365 367 742 10
334 336 743 10
398 396 744 10
428 426 745 10
678 304 754 10
679 306 753 10
564 665 696 10
566 664 695 10
488 646 707 10
628 375 721 10
627 344 722 10
351 661 729 10
320 662 730 10
644 481 714 10
636 605 735 10
637 604 736 10
407 678 754 10
437 679 753 10
554 680 714 10
605 313 735 10
604 314 736 10
680 644 714 10
683 438 689 10
664 382 695 10
665 412 696 10
42 618 749 10
86 617 747 10
643 523 746 10
312 602 748 10
311 603 750 10
617 312 747 10
618 311 749 10
529 687 738 10
747 312 748 10
749 311 750 10
41 749 750 10
85 747 748 10
778 989 1023 20
908 767 1047 20
767 908 1010 20
109 764 932 20
763 906 1018 20
906 763 1014 20
927 881 1038 20
989 903 1023 20
145 146 912 20
910 780 911 20
764 907 932 20
891 925 930 20
911 780 912 20
108 109 932 20
934 1000 1026 20
771 931 1027 20
925 916 930 20
883 881 927 20
779 906 934 20
923 885 924 20
780 145 912 20
763 1007 1014 20
971 1019 1024 20
906 779 1018 20
1007 763 1039 20
931 771 1041 20
883 933 1033 20
1013 945 1036 20
774 1013 1036 20
837 784 918 20
883 927 933 20
905 767 1010 20
927 188 933 20
779 934 1026 20
762 965 966 20
174 99 935 20
184 760 926 20
190 761 923 20
774 939 1013 20
939 774 1017 20
762 966 1003 20
767 905 1040 20
971 1024 1052 20
989 778 1045 20
907 764 929 20
760 786 926 20
939 755 1012 20
884 883 1033 20
755 939 1017 20
1009 1012 1034 20
761 927 1038 20
837 918 1063 20
1012 755 1034 20
1042 782 1056 20
780 910 1022 20
766 915 1032 20
885 923 1057 20
891 930 931 20
99 100 935 20
891 931 1041 20
765 973 1029 20
916 781 930 20
768 909 1037 20
766 180 915 20
784 182 918 20
177 781 916 20
195 772 917 20
148 198 936 20
923 761 1057 20
909 768 1053 20
1032 915 1068 20
912 1042 1056 20
1011 929 1028 20
1022 910 1035 20
929 764 1028 20
147 148 936 20
185 184 926 20
191 190 923 20
175 174 935 20
973 765 1051 20
871 877 959 20
918 919 1063 20
1000 759 1026 20
922 969 1053 20
918 766 919 20
921 191 923 20
913 185 926 20
920 175 935 20
919 870 1063 20
936 782 1042 20
921 923 924 20
924 885 1015 20
969 922 1048 20
932 908 1047 20
183 182 784 20
180 179 915 20
196 195 917 20
178 177 916 20
188 187 933 20
198 197 936 20
181 766 918 20
176 175 920 20
186 185 913 20
189 188 927 20
192 191 921 20
890 891 1041 20
759 1000 1008 20
914 913 1006 20
870 919 1054 20
912 146 1042 20
911 917 1055 20
917 911 1056 20
938 942 943 20
937 822 942 20
938 937 942 20
947 985 988 20
900 899 946 20
822 937 946 20
937 900 946 20
946 947 988 20
805 991 998 20
946 899 947 20
985 947 991 20
805 940 977 20
884 956 979 20
9 124 773 20
120 121 774 20
991 947 998 20
956 955 979 20
898 901 941 20
977 940 984 20
940 805 998 20
822 946 988 20
898 900 901 20
896 898 941 20
904 896 941 20
948 814 974 20
942 838 943 20
896 897 898 20
955 814 979 20
808 821 822 20
797 985 991 20
821 838 942 20
808 822 988 20
902 938 939 20
898 899 900 20
893 862 894 20
135 136 763 20
822 821 942 20
894 862 895 20
8 198 148 20
894 895 896 20
789 793 950 20
786 787 788 20
901 900 902 20
856 960 968 20
815 977 984 20
894 896 904 20
814 948 979 20
760 785 786 20
895 862 984 20
819 827 961 20
786 785 787 20
139 140 765 20
950 793 951 20
855 876 976 20
109 110 764 20
117 118 757 20
790 792 958 20
974 812 987 20
793 787 975 20
823 834 952 20
827 833 961 20
865 960 982 20
940 895 984 20
832 955 956 20
960 856 982 20
964 963 965 20
832 798 955 20
861 831 862 20
814 802 974 20
866 790 958 20
808 809 821 20
952 834 953 20
142 143 770 20
803 804 808 20
898 897 899 20
985 803 988 20
792 796 958 20
896 895 897 20
788 787 789 20
948 974 987 20
957 866 958 20
844 856 967 20
787 785 975 20
795 794 803 20
792 791 794 20
785 784 837 20
818 819 961 20
962 963 964 20
835 843 962 20
184 183 760 20
819 826 827 20
791 789 950 20
788 790 866 20
803 794 804 20
827 829 830 20
962 843 963 20
915 769 959 20
179 769 915 20
795 803 985 20
99 174 7 20
840 873 969 20
827 826 829 20
830 829 839 20
790 789 791 20
129 130 778 20
816 817 818 20
981 820 986 20
818 817 819 20
788 789 790 20
760 183 784 20
821 823 838 20
836 818 864 20
133 134 779 20
179 178 769 20
796 798 832 20
126 127 756 20
794 791 949 20
952 953 954 20
769 178 916 20
879 864 885 20
760 784 785 20
843 844 967 20
882 881 883 20
867 981 986 20
967 856 968 20
769 925 959 20
861 862 893 20
830 839 840 20
882 884 979 20
800 814 955 20
830 840 969 20
769 916 925 20
131 132 759 20
798 800 955 20
976 876 978 20
812 813 816 20
865 929 960 20
115 116 777 20
816 813 817 20
864 818 961 20
832 956 957 20
106 107 767 20
807 811 812 20
801 799 805 20
785 837 975 20
816 818 836 20
943 944 945 20
836 864 879 20
801 805 977 20
800 802 814 20
802 807 974 20
827 830 833 20
197 196 782 20
101 102 783 20
819 825 826 20
840 839 857 20
197 782 936 20
882 883 884 20
812 811 813 20
840 857 858 20
840 858 873 20
873 888 909 20
181 180 766 20
880 879 881 20
873 858 888 20
808 804 809 20
833 830 969 20
972 863 973 20
790 791 792 20
851 865 982 20
839 863 972 20
796 832 958 20
855 874 876 20
963 843 967 20
103 104 771 20
807 812 974 20
948 882 979 20
907 908 932 20
812 816 987 20
970 857 971 20
888 889 892 20
177 176 781 20
888 858 889 20
858 857 970 20
796 797 798 20
782 196 917 20
839 829 863 20
144 145 780 20
838 823 952 20
880 881 882 20
878 890 905 20
781 176 920 20
865 907 929 20
798 799 800 20
862 831 984 20
889 858 970 20
892 889 910 20
854 872 878 20
807 810 811 20
796 795 797 20
195 194 772 20
826 855 976 20
965 963 966 20
834 835 962 20
193 192 768 20
802 806 807 20
792 794 795 20
930 928 931 20
800 801 802 20
190 189 761 20
867 886 887 20
819 817 825 20
182 181 918 20
836 879 880 20
781 928 930 20
789 787 793 20
857 839 972 20
851 859 865 20
867 887 981 20
854 878 980 20
797 795 985 20
908 859 980 20
871 853 877 20
849 847 869 20
890 872 891 20
878 872 890 20
953 962 964 20
949 791 950 20
852 854 980 20
907 859 908 20
971 857 972 20
828 860 867 20
798 797 799 20
859 852 980 20
852 850 853 20
849 869 870 20
761 189 927 20
844 846 856 20
826 825 855 20
892 910 911 20
851 850 852 20
813 811 820 20
831 815 984 20
848 849 850 20
781 920 928 20
792 795 796 20
803 808 988 20
800 799 801 20
902 937 938 20
953 834 962 20
113 114 762 20
828 867 986 20
835 842 843 20
848 847 849 20
851 852 859 20
807 806 810 20
187 186 758 20
852 853 854 20
802 801 806 20
832 957 958 20
865 859 907 20
848 850 851 20
804 794 949 20
854 871 872 20
856 846 982 20
877 853 983 20
867 860 886 20
880 882 948 20
821 809 823 20
811 810 986 20
849 870 983 20
850 849 983 20
846 847 848 20
848 851 982 20
829 826 976 20
815 806 977 20
768 192 921 20
806 801 977 20
810 806 815 20
854 853 871 20
860 831 861 20
828 815 831 20
768 921 922 20
816 836 987 20
810 815 828 20
860 861 989 20
846 848 982 20
973 863 978 20
828 831 860 20
886 860 989 20
853 850 983 20
943 838 944 20
836 880 987 20
820 811 986 20
825 817 990 20
835 824 841 20
846 845 847 20
810 828 986 20
834 824 835 20
187 758 933 20
817 813 990 20
897 895 940 20
813 820 990 20
922 921 924 20
855 868 874 20
902 900 937 20
880 948 987 20
863 829 976 20
799 797 991 20
966 963 967 20
874 875 906 20
823 824 834 20
844 845 846 20
855 825 868 20
137 138 776 20
843 842 844 20
950 951 994 20
906 875 934 20
868 825 990 20
861 893 903 20
861 903 989 20
835 841 842 20
874 868 875 20
844 842 845 20
122 123 755 20
863 976 978 20
966 967 968 20
845 996 997 20
111 112 775 20
947 899 998 20
805 799 991 20
823 809 824 20
820 981 993 20
841 824 992 20
758 913 914 20
944 952 954 20
804 949 992 20
809 804 992 20
875 868 993 20
990 820 993 20
944 838 952 20
824 809 992 20
868 990 993 20
981 887 995 20
994 951 996 20
869 847 997 20
841 992 994 20
993 981 995 20
996 951 997 20
758 186 913 20
999 975 1001 20
875 993 995 20
992 949 994 20
899 897 998 20
845 842 996 20
949 950 994 20
793 975 999 20
934 875 995 20
951 793 999 20
869 999 1001 20
841 994 996 20
842 841 996 20
847 845 997 20
897 940 998 20
869 997 999 20
997 951 999 20
975 837 1001 20
870 869 1001 20
995 887 1000 20
934 995 1000 20
953 964 1002 20
954 953 1002 20
770 1022 1035 20
193 768 1037 20
772 194 1037 20
893 894 1004 20
925 891 1061 20
970 971 1052 20
913 926 1006 20
1004 904 1005 20
917 772 1055 20
920 935 1073 20
1000 887 1008 20
768 922 1053 20
1019 971 1051 20
894 904 1004 20
772 1037 1049 20
878 905 1010 20
908 980 1010 20
968 960 1011 20
902 939 1012 20
939 938 1013 20
943 945 1013 20
874 906 1014 20
961 833 1015 20
885 864 1015 20
978 876 1007 20
775 1011 1028 20
887 886 1008 20
941 901 1009 20
933 758 1033 20
926 786 1071 20
966 968 1067 20
1023 903 1025 20
889 970 1035 20
1049 892 1055 20
935 1043 1073 20
1003 966 1067 20
1007 876 1014 20
1009 901 1012 20
980 878 1010 20
960 929 1011 20
879 885 1038 20
108 932 1047 20
1016 945 1044 20
965 762 1020 20
901 902 1012 20
938 943 1013 20
759 1008 1021 20
1027 931 1072 20
893 1004 1058 20
876 874 1014 20
919 766 1032 20
864 961 1015 20
121 122 1017 20
122 755 1017 20
118 119 1016 20
774 121 1017 20
134 135 1018 20
114 115 1020 20
757 118 1016 20
779 134 1018 20
762 114 1020 20
135 763 1018 20
765 140 1019 20
140 141 1019 20
130 131 1021 20
110 111 1028 20
128 129 1023 20
129 778 1023 20
778 130 1021 20
131 759 1021 20
115 777 1020 20
142 770 1024 20
133 779 1026 20
144 780 1022 20
102 103 1027 20
143 144 1022 20
756 127 1025 20
770 143 1022 20
141 142 1024 20
139 765 1029 20
759 132 1026 20
138 139 1029 20
127 128 1025 20
103 771 1027 20
132 133 1026 20
783 102 1027 20
771 104 1030 20
104 105 1030 20
764 110 1028 20
111 775 1028 20
776 138 1029 20
886 989 1045 20
117 757 1031 20
777 116 1031 20
945 1016 1036 20
888 892 1049 20
1005 904 1046 20
972 973 1051 20
969 873 1053 20
116 117 1031 20
905 1030 1040 20
877 983 1054 20
1005 125 1059 20
1002 964 1060 20
1002 777 1031 20
945 944 1044 20
125 1005 1062 20
1004 756 1058 20
788 866 1071 20
959 877 1068 20
777 1002 1060 20
891 872 1061 20
870 1001 1063 20
9 773 1034 20
755 123 1034 20
120 774 1036 20
866 1006 1071 20
935 100 1043 20
758 914 1033 20
123 9 1034 20
941 1009 1046 20
1009 773 1046 20
956 884 1050 20
763 136 1039 20
137 776 1039 20
106 767 1040 20
871 959 1061 20
100 101 1043 20
773 1009 1034 20
978 1007 1064 20
1007 776 1064 20
910 889 1035 20
107 108 1047 20
1019 141 1024 20
128 1023 1025 20
833 969 1048 20
119 120 1036 20
1032 877 1054 20
911 912 1056 20
776 1007 1039 20
959 925 1061 20
125 126 1059 20
113 762 1069 20
775 112 1069 20
124 125 1062 20
147 936 1042 20
1029 973 1064 20
194 193 1037 20
892 911 1055 20
1015 833 1048 20
1006 926 1071 20
1004 1005 1059 20
914 1006 1065 20
762 1003 1069 20
1003 775 1069 20
146 147 1042 20
1037 909 1049 20
1016 119 1036 20
881 879 1038 20
771 1030 1066 20
756 1004 1059 20
765 1019 1051 20
136 137 1039 20
105 106 1040 20
772 1049 1055 20
1030 105 1040 20
884 1033 1050 20
1005 1046 1062 20
944 954 1044 20
101 783 1043 20
957 1050 1065 20
1021 1008 1045 20
782 917 1056 20
1041 771 1066 20
1050 914 1065 20
924 1015 1048 20
957 956 1050 20
1030 905 1066 20
904 941 1046 20
767 107 1047 20
1035 970 1052 20
922 924 1048 20
909 888 1049 20
971 972 1051 20
778 1021 1045 20
873 909 1053 20
1044 954 1070 20
983 870 1054 20
1038 885 1057 20
757 1044 1070 20
1008 886 1045 20
775 1003 1067 20
757 1016 1044 20
903 893 1058 20
126 756 1059 20
964 965 1060 20
872 871 1061 20
783 1072 1073 20
905 890 1066 20
773 124 1062 20
1001 837 1063 20
973 978 1064 20
866 957 1065 20
968 1011 1067 20
776 1029 1064 20
919 1032 1054 20
915 959 1068 20
112 113 1069 20
786 788 1071 20
931 928 1072 20
1072 928 1073 20
928 920 1073 20
954 1002 1070 20
1011 775 1067 20
1006 866 1065 20
1024 770 1052 20
965 1020 1060 20
1033 914 1050 20
1020 777 1060 20
770 1035 1052 20
1025 903 1058 20
877 1032 1068 20
756 1025 1058 20
1046 773 1062 20
783 1027 1072 20
1002 1031 1070 20
1031 757 1070 20
761 1038 1057 20
1043 783 1073 20
890 1041 1066 20
1218 1374 1232 30
1332 1362 1291 30
1232 1374 1091 30
1245 1314 1092 30
1146 1367 1228 30
1314 1322 1092 30
1173 1261 1240 30
1240 1348 1173 30
1228 1328 1146 30
1081 1362 1332 30
1236 1358 1249 30
1215 1280 1231 30
1293 1366 1337 30
1231 1364 1215 30
1306 1347 1344 30
1235 1374 1201 30
1098 1343 1303 30
1303 1339 1098 30
1334 1366 1213 30
1213 1362 1334 30
1201 1326 1235 30
1203 1349 1324 30
1337 1366 1096 30
1304 1325 1085 30
244 1329 243 30
1249 1358 1102 30
1232 1248 1218 30
1344 1347 1222 30
1085 1325 1242 30
1217 1340 1090 30
1091 1235 1233 30
1207 1338 1336 30
1143 1262 1227 30
1273 1343 1098 30
1324 1349 1083 30
1098 1356 1273 30
1105 1241 1079 30
1103 1242 1175 30
1260 1386 1226 30
1226 1367 1260 30
208 1250 207 30
1227 1347 1143 30
163 1319 1229 30
1239 1348 1240 30
247 1286 246 30
1251 1286 247 30
1090 1382 1217 30
1100 1364 1231 30
1329 1372 1326 30
1099 1329 244 30
243 1329 1089 30
1091 1374 1235 30
1238 1240 1237 30
1079 1241 159 30
155 1230 1085 30
1100 1231 152 30
1091 1233 170 30
169 1232 1091 30
157 1242 1103 30
199 1252 149 30
173 1251 248 30
207 1250 1086 30
1096 1366 1334 30
1099 1372 1329 30
1207 1353 1338 30
1261 1331 1240 30
1291 1375 1332 30
1095 1341 1327 30
1334 1362 1081 30
1260 1367 1146 30
1341 1369 1327 30
200 1252 199 30
248 1251 247 30
1092 1351 1245 30
1265 1320 1084 30
1290 1324 1083 30
1229 1388 163 30
1242 1325 1175 30
1231 1280 1088 30
1253 1266 1211 30
1105 1384 1241 30
1224 1319 1221 30
1303 1345 1078 30
1086 1250 1244 30
1094 1375 1290 30
1219 1220 1077 30
1103 1104 1079 30
1236 1249 1100 30
1080 1239 1238 30
1244 1253 1086 30
1290 1357 1094 30
1143 1347 1306 30
1078 1339 1303 30
1245 1351 1246 30
1250 1349 1203 30
1248 1376 1218 30
1201 1374 1218 30
1219 1243 1220 30
1217 1364 1249 30
1226 1361 1229 30
1256 1360 1255 30
1244 1266 1253 30
1216 1253 1211 30
1221 1319 1077 30
161 1219 1077 30
154 1230 155 30
170 1233 171 30
152 1231 153 30
168 1232 169 30
158 1103 1079 30
149 1252 150 30
172 1251 173 30
156 1242 157 30
159 1241 160 30
151 1236 1100 30
167 1237 1087 30
166 1238 1237 30
1080 1238 165 30
1083 1357 1290 30
162 1319 163 30
1240 1331 1237 30
1229 1319 1224 30
1252 1358 1236 30
1247 1264 1089 30
1361 1388 1229 30
1346 1350 1333 30
1345 1352 1335 30
1078 1345 1335 30
1237 1385 1087 30
1321 1323 1315 30
1104 1105 1079 30
1220 1221 1077 30
1103 1175 1104 30
1239 1240 1238 30
1249 1378 1217 30
1084 1383 1265 30
1256 1371 1360 30
1333 1350 1093 30
1337 1387 1293 30
1234 1372 1365 30
1104 1106 1105 30
1220 1222 1221 30
1216 1330 1253 30
1175 1323 1321 30
1336 1373 1207 30
1106 1107 1105 30
1222 1223 1221 30
1106 1108 1107 30
1223 1224 1221 30
1317 1318 1308 30
1108 1109 1107 30
1106 1110 1108 30
1223 1225 1224 30
1109 1162 1107 30
1108 1111 1109 30
1225 1226 1224 30
1223 1227 1225 30
1111 1112 1109 30
1226 1229 1224 30
1227 1228 1225 30
1111 1113 1112 30
1113 1114 1112 30
1111 1128 1113 30
1258 1310 1309 30
1128 1129 1113 30
1114 1115 1112 30
1114 1116 1115 30
1128 1130 1129 30
1116 1307 1118 30
224 1092 10 30
221 1093 220 30
1114 1122 1116 30
1122 1307 1116 30
1190 1254 1198 30
1130 1137 1129 30
1116 1117 1115 30
1180 1254 1190 30
160 1219 161 30
1151 1171 1170 30
1180 1190 1189 30
1171 1195 1170 30
1184 1254 1180 30
1198 1206 1192 30
1179 1180 1155 30
236 1082 235 30
1137 1258 1129 30
1190 1198 1192 30
248 7 173 30
1118 1257 1120 30
1184 1255 1254 30
1180 1189 1155 30
1190 1192 1191 30
240 1084 239 30
1151 1204 1171 30
1179 1184 1180 30
210 1083 209 30
218 1076 217 30
1151 1170 1144 30
1118 1307 1257 30
1154 1155 1137 30
1153 1263 1205 30
1151 1257 1204 30
1241 1243 1219 30
1173 1259 1141 30
1127 1151 1144 30
1120 1257 1127 30
1208 1261 1167 30
243 1089 242 30
1141 1259 1135 30
1154 1179 1155 30
1130 1138 1137 30
1127 1257 1151 30
1167 1261 1149 30
1155 1258 1137 30
1185 1292 1285 30
158 1079 159 30
1142 1149 1141 30
1190 1191 1189 30
1150 1167 1149 30
1119 1262 1143 30
1088 1230 154 30
149 8 199 30
1142 1150 1149 30
230 1097 229 30
1195 1245 1196 30
157 1103 158 30
1150 1168 1167 30
1285 1292 1182 30
1136 1141 1135 30
1136 1142 1141 30
1116 1118 1117 30
234 1098 233 30
153 1088 154 30
1135 1259 1146 30
227 1075 226 30
1168 1169 1167 30
153 1231 1088 30
1259 1260 1146 30
232 1078 231 30
216 1096 215 30
1149 1261 1173 30
207 1086 206 30
1135 1146 1133 30
1149 1173 1141 30
1134 1135 1133 30
1134 1136 1135 30
1233 1234 1101 30
1121 1262 1119 30
171 1101 172 30
202 1102 201 30
1233 1235 1234 30
1168 1172 1169 30
1101 1251 172 30
1169 1208 1167 30
1119 1143 1117 30
1120 1127 1123 30
1132 1133 1126 30
1125 1262 1121 30
155 1085 156 30
1124 1125 1121 30
1172 1181 1169 30
1199 1213 1182 30
1156 1182 1147 30
166 1237 167 30
1200 1264 1247 30
204 1090 203 30
1200 1201 1181 30
1172 1200 1181 30
1202 1264 1200 30
1132 1134 1133 30
151 1100 152 30
1156 1275 1199 30
1270 1272 1268 30
1244 1250 1203 30
1200 1247 1201 30
1202 1265 1264 30
1127 1144 1140 30
1201 1218 1181 30
1139 1287 1148 30
1156 1199 1182 30
1183 1244 1203 30
1138 1154 1137 30
1172 1202 1200 30
171 1233 1101 30
1085 1242 156 30
1124 1126 1125 30
245 1099 244 30
1211 1266 1178 30
1275 1291 1199 30
1150 1174 1168 30
1127 1140 1123 30
1214 1216 1211 30
1183 1266 1244 30
169 1091 170 30
167 1087 168 30
1148 1287 1158 30
1118 1119 1117 30
164 1080 165 30
1210 1211 1178 30
165 1238 166 30
1215 1217 1214 30
1087 1232 168 30
1158 1284 1160 30
1182 1292 1147 30
1136 1152 1142 30
1178 1266 1166 30
1210 1215 1214 30
1166 1266 1183 30
1272 1283 1268 30
1131 1132 1126 30
1177 1212 1209 30
1293 1298 1185 30
1159 1176 1157 30
150 1252 1236 30
150 1236 151 30
1172 1281 1202 30
1285 1293 1185 30
1183 1203 1193 30
1154 1185 1179 30
1210 1214 1211 30
1166 1183 1165 30
1174 1281 1168 30
1123 1124 1121 30
1142 1267 1150 30
1210 1280 1215 30
1120 1121 1119 30
1134 1274 1136 30
1174 1282 1281 30
1130 1139 1138 30
1164 1177 1166 30
1168 1281 1172 30
214 1081 213 30
1150 1267 1174 30
1087 1248 1232 30
1160 1284 1194 30
1139 1147 1138 30
161 1077 162 30
1189 1258 1155 30
1160 1194 1163 30
1159 1277 1176 30
1132 1145 1134 30
1183 1193 1165 30
1234 1286 1101 30
1147 1292 1138 30
1160 1163 1161 30
1101 1286 1251 30
1177 1178 1166 30
1160 1161 1159 30
1176 1276 1275 30
1213 1285 1182 30
1194 1197 1163 30
1124 1131 1126 30
1158 1160 1159 30
1138 1292 1154 30
1131 1278 1132 30
1148 1156 1147 30
1164 1166 1165 30
1209 1210 1178 30
1209 1280 1210 30
1177 1288 1212 30
1152 1267 1142 30
1136 1274 1152 30
1118 1120 1119 30
1132 1278 1145 30
1163 1164 1161 30
1176 1275 1157 30
1152 1268 1267 30
1161 1277 1159 30
1120 1123 1121 30
1276 1291 1275 30
1187 1188 1186 30
1177 1209 1178 30
1278 1279 1145 30
1158 1287 1284 30
1174 1283 1282 30
1154 1292 1185 30
1157 1275 1156 30
1294 1295 1188 30
1144 1263 1153 30
1164 1165 1161 30
1158 1159 1157 30
1145 1274 1134 30
1193 1277 1165 30
1277 1289 1176 30
1153 1205 1187 30
1195 1196 1170 30
1152 1274 1269 30
1197 1288 1163 30
1267 1283 1174 30
1193 1289 1277 30
1124 1297 1131 30
1279 1296 1145 30
1269 1270 1268 30
1139 1148 1147 30
1165 1277 1161 30
1205 1207 1187 30
1148 1158 1157 30
1271 1273 1270 30
238 1095 237 30
1163 1288 1164 30
1297 1299 1131 30
1144 1153 1140 30
1152 1269 1268 30
1289 1290 1276 30
1176 1289 1276 30
1153 1187 1186 30
1148 1157 1156 30
1123 1297 1124 30
1269 1271 1270 30
1153 1186 1140 30
1164 1288 1177 30
1187 1294 1188 30
223 1074 222 30
1184 1256 1255 30
1140 1297 1123 30
1145 1296 1274 30
1186 1297 1140 30
1170 1263 1144 30
1274 1296 1269 30
160 1241 1219 30
1268 1283 1267 30
212 1094 211 30
1207 1294 1187 30
1246 1305 1196 30
1185 1298 1179 30
1245 1246 1196 30
1131 1299 1278 30
1269 1296 1271 30
1188 1299 1186 30
1196 1305 1263 30
1179 1298 1184 30
1295 1301 1188 30
1186 1299 1297 30
1128 1308 1130 30
1299 1301 1278 30
1295 1302 1301 30
1301 1302 1279 30
1302 1303 1300 30
1188 1301 1299 30
1278 1301 1279 30
1263 1305 1205 30
1279 1300 1296 30
1117 1306 1115 30
1184 1298 1256 30
1296 1300 1271 30
1288 1304 1212 30
1196 1263 1170 30
1197 1304 1288 30
1143 1306 1117 30
1279 1302 1300 30
1257 1307 1204 30
1130 1308 1139 30
1139 1308 1287 30
1110 1318 1317 30
1113 1309 1114 30
1309 1310 1122 30
1129 1309 1113 30
1114 1309 1122 30
1258 1309 1129 30
1189 1310 1258 30
1191 1312 1311 30
1311 1312 1204 30
1191 1310 1189 30
1307 1311 1204 30
1122 1311 1307 30
1192 1312 1191 30
1313 1314 1195 30
1310 1311 1122 30
1191 1311 1310 30
1204 1312 1171 30
1171 1313 1195 30
1206 1314 1313 30
1206 1313 1192 30
1195 1314 1245 30
1192 1313 1312 30
1312 1313 1171 30
1109 1316 1162 30
1306 1316 1115 30
1112 1316 1109 30
1284 1315 1194 30
1115 1316 1112 30
1110 1317 1108 30
1128 1317 1308 30
1108 1317 1111 30
1308 1318 1287 30
1315 1318 1110 30
1284 1318 1315 30
1111 1317 1128 30
1287 1318 1284 30
1077 1319 162 30
1226 1386 1361 30
1234 1365 1286 30
1230 1377 1085 30
1243 1384 1162 30
1202 1320 1265 30
1282 1320 1281 30
1175 1321 1104 30
1217 1378 1340 30
1110 1321 1315 30
1104 1321 1106 30
1241 1384 1243 30
208 1349 1250 30
1315 1323 1194 30
1247 1329 1326 30
1281 1320 1202 30
1089 1329 1247 30
1203 1324 1193 30
1289 1324 1290 30
1197 1325 1304 30
1256 1387 1076 30
1106 1321 1110 30
1331 1385 1237 30
1272 1327 1283 30
1194 1323 1197 30
1093 1350 1255 30
1146 1328 1133 30
1126 1328 1125 30
1280 1355 1088 30
163 1388 164 30
1082 1368 1273 30
1208 1331 1261 30
1175 1325 1323 30
1271 1343 1273 30
1303 1343 1300 30
1193 1324 1289 30
1306 1344 1316 30
1302 1345 1303 30
1076 1371 1256 30
1223 1347 1227 30
1220 1370 1222 30
1247 1326 1201 30
1259 1348 1260 30
1085 1377 1304 30
1328 1381 1125 30
1273 1356 1082 30
1255 1350 1254 30
1208 1376 1248 30
1332 1375 1094 30
1323 1325 1197 30
1283 1327 1282 30
1133 1328 1126 30
1291 1362 1199 30
1216 1359 1330 30
1215 1364 1217 30
1285 1366 1293 30
1253 1330 1086 30
206 1330 205 30
1086 1330 206 30
1209 1355 1280 30
1225 1367 1226 30
1206 1379 1314 30
1162 1370 1243 30
1228 1381 1328 30
1198 1346 1206 30
222 1333 221 30
1074 1333 222 30
213 1332 212 30
221 1333 1093 30
215 1334 214 30
1081 1332 213 30
214 1334 1081 30
231 1335 230 30
229 1336 228 30
1097 1336 229 30
230 1335 1097 30
1078 1335 231 30
216 1337 1096 30
1096 1334 215 30
236 1342 1082 30
1098 1339 233 30
203 1340 202 30
227 1338 1075 30
212 1332 1094 30
217 1337 216 30
1076 1337 217 30
1084 1341 239 30
232 1339 1078 30
239 1341 238 30
228 1338 227 30
1090 1340 203 30
233 1339 232 30
202 1340 1102 30
238 1341 1095 30
237 1342 236 30
1095 1342 237 30
1273 1368 1270 30
1255 1360 1093 30
1300 1343 1271 30
1305 1353 1205 30
1314 1379 1322 30
1222 1370 1344 30
1298 1387 1256 30
1316 1344 1162 30
1290 1375 1276 30
1169 1376 1208 30
1218 1376 1181 30
1217 1382 1214 30
1162 1384 1107 30
1305 1389 1353 30
1295 1345 1302 30
209 1349 208 30
200 1358 1252 30
1235 1372 1234 30
225 1351 224 30
1264 1354 1089 30
1089 1354 242 30
234 1356 1098 30
1082 1356 235 30
1222 1347 1223 30
210 1357 1083 30
1094 1357 211 30
1205 1353 1207 30
1294 1352 1295 30
1076 1387 1337 30
201 1358 200 30
1286 1365 246 30
204 1359 1090 30
1093 1360 220 30
1327 1369 1282 30
1173 1348 1259 30
1075 1363 226 30
1342 1380 1368 30
1083 1349 209 30
246 1365 245 30
1353 1389 1075 30
1254 1350 1198 30
1212 1355 1209 30
1342 1368 1082 30
1265 1354 1264 30
1326 1372 1235 30
1336 1338 228 30
224 1351 1092 30
218 1371 1076 30
225 1363 1351 30
1198 1350 1346 30
1243 1370 1220 30
242 1354 241 30
1295 1352 1345 30
1092 1390 10 30
223 1390 1074 30
1088 1355 1230 30
1262 1381 1227 30
240 1383 1084 30
235 1356 234 30
211 1357 210 30
1080 1388 1361 30
1074 1346 1333 30
1365 1372 1099 30
1212 1377 1355 30
1080 1361 1239 30
1102 1358 201 30
1322 1390 1092 30
1074 1390 1322 30
205 1359 204 30
220 1360 219 30
1355 1377 1230 30
1248 1385 1208 30
1351 1363 1246 30
1294 1373 1352 30
1249 1364 1100 30
1330 1359 205 30
1199 1362 1213 30
226 1363 225 30
1359 1382 1090 30
1335 1352 1097 30
1338 1353 1075 30
1352 1373 1097 30
245 1365 1099 30
1213 1366 1285 30
1228 1367 1225 30
1227 1381 1228 30
1320 1369 1084 30
1270 1368 1272 30
1207 1373 1294 30
1282 1369 1320 30
1216 1382 1359 30
219 1371 218 30
1102 1378 1249 30
1265 1383 1354 30
1360 1371 219 30
1354 1383 241 30
1272 1380 1327 30
1368 1380 1272 30
1276 1375 1291 30
1181 1376 1169 30
1304 1377 1212 30
1084 1369 1341 30
1348 1386 1260 30
1125 1381 1262 30
1214 1382 1216 30
1107 1384 1105 30
241 1383 240 30
1087 1385 1248 30
1246 1389 1305 30
1293 1387 1298 30
164 1388 1080 30
10 1390 223 30
1322 1379 1074 30
1208 1385 1331 30
1344 1370 1162 30
1327 1380 1095 30
1097 1373 1336 30
1346 1379 1206 30
1340 1378 1102 30
1074 1379 1346 30
1095 1380 1342 30
1075 1389 1363 30
1239 1386 1348 30
1361 1386 1239 30
1363 1389 1246 30
1477 1403 1517 40
1403 1477 1560 40
1487 1563 1567 40
1476 1575 1589 40
1541 1393 1569 40
1575 1407 1589 40
1545 1541 1569 40
158 159 1501 40
1477 1398 1560 40
1392 158 1501 40
1480 1411 1582 40
1478 1404 1480 40
1518 1553 1554 40
1398 1477 1574 40
1563 1395 1567 40
1518 1554 1555 40
1535 1409 1539 40
1558 1509 1562 40
1404 1478 1479 40
1397 1536 1576 40
1410 1533 1565 40
1563 1487 1589 40
1411 1480 1572 40
1517 1403 1518 40
1396 1513 1564 40
172 173 1480 40
1404 172 1480 40
1517 1518 1555 40
1542 1399 1546 40
1509 1558 1583 40
1470 1517 1555 40
1571 1401 1585 40
1552 1414 1568 40
1536 1397 1577 40
1435 1484 1485 40
1537 1571 1585 40
1407 1563 1589 40
1421 1418 1483 40
1500 1392 1501 40
1478 1480 1582 40
1409 1535 1546 40
1513 1396 1581 40
1546 1399 1580 40
1435 1483 1484 40
1533 1410 1590 40
1404 1479 1561 40
1484 1482 1487 40
1539 1409 1579 40
1418 1481 1483 40
1536 1537 1576 40
1402 1552 1568 40
1425 1423 1488 40
1435 1421 1483 40
1392 1500 1502 40
1406 1549 1551 40
1418 1415 1481 40
1561 1479 1570 40
1525 1394 1526 40
1429 1425 1488 40
1423 1435 1488 40
1559 1398 1574 40
1485 1484 1486 40
1565 1533 1577 40
1559 1574 1588 40
1544 1496 1547 40
1435 1485 1488 40
1415 1413 1481 40
1485 1543 1548 40
1482 1476 1589 40
1394 1525 1539 40
1488 1485 1548 40
1501 159 1573 40
1486 1484 1487 40
1502 1544 1547 40
1502 1500 1544 40
1489 1416 1538 40
1416 1417 1538 40
1490 1472 1538 40
1420 1490 1538 40
1420 1491 1528 40
1472 1489 1538 40
1490 1420 1528 40
1420 1419 1491 40
1474 1491 1522 40
1491 1474 1528 40
1491 1422 1522 40
1527 1523 1528 40
1474 1527 1528 40
1523 1490 1528 40
1422 1424 1522 40
1496 1530 1531 40
1452 1503 1505 40
1511 1512 1513 40
1445 1460 1511 40
1442 1440 1520 40
185 186 1391 40
160 161 1408 40
1492 1436 1494 40
1494 1436 1496 40
1496 1436 1530 40
1511 1460 1512 40
1452 1505 1520 40
1497 1503 1519 40
1503 1452 1519 40
1508 1454 1510 40
1460 1442 1520 40
1479 1467 1506 40
1454 1445 1511 40
1440 1452 1520 40
183 184 1402 40
1512 1460 1524 40
1428 1436 1492 40
1468 1514 1516 40
1510 1454 1511 40
1468 1455 1514 40
1493 1497 1519 40
1514 1515 1516 40
1460 1520 1524 40
1448 1446 1521 40
174 175 1411 40
178 179 1409 40
1464 1477 1517 40
1454 1508 1521 40
1503 1499 1504 40
1467 1457 1506 40
162 163 1393 40
1497 1499 1503 40
1478 1467 1479 40
1503 1504 1505 40
1446 1454 1521 40
1439 1474 1522 40
1510 1511 1513 40
1427 1439 1522 40
1464 1455 1468 40
1455 1437 1514 40
1464 1468 1477 40
157 158 1392 40
1451 1448 1521 40
1457 1451 1461 40
153 154 1397 40
1437 1431 1444 40
1457 1461 1506 40
1506 1461 1507 40
1514 1444 1515 40
1437 1444 1514 40
1427 1432 1433 40
176 177 1399 40
1470 1464 1517 40
150 151 1401 40
1427 1433 1439 40
1447 1449 1523 40
180 181 1394 40
1459 1455 1464 40
1507 1508 1509 40
1497 1498 1499 40
1449 1462 1523 40
1465 1457 1467 40
1432 1493 1519 40
1440 1433 1452 40
1439 1433 1440 40
1462 1490 1523 40
1445 1442 1460 40
1462 1472 1490 40
1475 1467 1478 40
1434 1431 1437 40
1438 1437 1455 40
1456 1451 1457 40
1507 1461 1508 40
1493 1495 1497 40
1426 1428 1492 40
1441 1440 1442 40
164 165 1405 40
1430 1429 1431 40
1424 1427 1522 40
1509 1508 1510 40
171 172 1404 40
196 197 1403 40
1439 1440 1441 40
1520 1505 1524 40
1472 1473 1489 40
1450 1448 1451 40
1443 1442 1445 40
1462 1463 1472 40
1446 1445 1454 40
1459 1464 1470 40
155 156 1410 40
1461 1451 1521 40
166 167 1396 40
1449 1458 1462 40
1427 1426 1432 40
1441 1442 1443 40
1430 1431 1434 40
1434 1437 1438 40
1456 1457 1465 40
1438 1455 1459 40
1497 1495 1498 40
1433 1432 1519 40
1439 1441 1474 40
190 191 1395 40
1432 1492 1493 40
1428 1425 1429 40
1452 1433 1519 40
1450 1451 1456 40
1508 1461 1521 40
1472 1463 1473 40
1428 1429 1430 40
1465 1467 1475 40
1443 1445 1446 40
1462 1458 1463 40
1447 1523 1527 40
1443 1446 1447 40
188 189 1407 40
1493 1494 1495 40
1447 1446 1448 40
1424 1426 1427 40
1447 1448 1449 40
1428 1430 1436 40
1432 1426 1492 40
1449 1450 1458 40
1463 1458 1466 40
194 195 1398 40
1449 1448 1450 40
1493 1492 1494 40
1474 1441 1527 40
169 170 1400 40
1441 1443 1527 40
192 193 1406 40
1531 1532 1533 40
1456 1465 1469 40
1531 1453 1532 40
1434 1438 1453 40
1473 1525 1526 40
1443 1447 1527 40
1498 1495 1500 40
1466 1458 1529 40
1459 1470 1471 40
1473 1463 1525 40
1458 1450 1529 40
1450 1456 1529 40
1463 1466 1525 40
1430 1434 1530 40
1436 1430 1530 40
1498 1500 1501 40
1530 1453 1531 40
1456 1469 1529 40
1438 1459 1534 40
1434 1453 1530 40
1532 1453 1534 40
1453 1438 1534 40
1426 1425 1428 40
1459 1471 1534 40
1466 1529 1535 40
1529 1469 1535 40
1536 1471 1537 40
1534 1471 1536 40
1532 1534 1536 40
1424 1425 1426 40
1424 1423 1425 40
1423 1421 1435 40
1422 1423 1424 40
1419 1422 1491 40
1422 1421 1423 40
1419 1421 1422 40
1419 1418 1421 40
1417 1419 1420 40
1417 1420 1538 40
1417 1418 1419 40
1417 1415 1418 40
1483 1482 1484 40
1416 1415 1417 40
1481 1482 1483 40
1481 1476 1482 40
1414 1415 1416 40
1525 1466 1539 40
1466 1535 1539 40
1489 1473 1540 40
1413 1476 1481 40
1414 1413 1415 40
1505 1504 1541 40
1465 1475 1542 40
1473 1526 1540 40
1485 1486 1543 40
1524 1505 1541 40
1494 1496 1544 40
1500 1495 1544 40
1512 1524 1545 40
1562 1509 1581 40
1535 1469 1546 40
1554 1401 1555 40
1429 1488 1548 40
1496 1531 1547 40
1431 1429 1548 40
1469 1465 1542 40
1413 1412 1476 40
1391 1413 1414 40
1406 1551 1586 40
1515 1444 1543 40
1495 1494 1544 40
1543 1444 1548 40
1524 1541 1545 40
1543 1486 1550 40
1531 1533 1547 40
1444 1431 1548 40
1582 1557 1591 40
1469 1542 1546 40
1515 1543 1550 40
1516 1515 1549 40
1391 1414 1552 40
1489 1540 1568 40
1480 173 1572 40
1411 1557 1582 40
1414 1416 1568 40
1540 1402 1568 40
1564 1513 1584 40
1506 1507 1570 40
1391 1412 1413 40
1477 1468 1574 40
1549 1515 1550 40
1540 1526 1578 40
1486 1487 1567 40
1512 1545 1584 40
1392 1502 1566 40
1532 1536 1577 40
1510 1513 1581 40
1487 1482 1589 40
1391 186 1412 40
1402 184 1552 40
1408 161 1556 40
186 187 1412 40
185 1391 1552 40
8 149 1553 40
184 185 1552 40
150 1401 1554 40
149 150 1554 40
198 8 1553 40
1411 175 1557 40
168 169 1558 40
193 194 1559 40
195 196 1560 40
170 171 1561 40
176 1399 1557 40
154 155 1565 40
175 176 1557 40
155 1410 1565 40
1397 154 1565 40
162 1393 1556 40
165 166 1564 40
1405 165 1564 40
189 190 1563 40
167 168 1562 40
161 162 1556 40
171 1404 1561 40
1398 195 1560 40
196 1403 1560 40
1400 170 1561 40
169 1400 1558 40
194 1398 1559 40
166 1396 1564 40
1406 193 1559 40
1396 167 1562 40
190 1395 1563 40
1407 189 1563 40
1400 1561 1570 40
1545 1405 1584 40
1507 1509 1583 40
1471 1470 1571 40
1553 1518 1587 40
157 1392 1566 40
1410 156 1566 40
1498 1501 1592 40
1470 1555 1571 40
1549 1550 1551 40
1518 1403 1587 40
1393 163 1569 40
164 1405 1569 40
1555 1401 1571 40
156 157 1566 40
174 1411 1572 40
173 7 1572 40
159 160 1573 40
1405 1545 1569 40
188 1407 1575 40
1416 1489 1568 40
1537 1471 1571 40
152 153 1576 40
1526 1394 1595 40
1476 1412 1575 40
163 164 1569 40
152 1576 1585 40
183 1402 1578 40
1409 179 1579 40
180 1394 1579 40
178 1409 1580 40
1399 177 1580 40
1547 1533 1590 40
1394 1539 1579 40
1553 149 1554 40
168 1558 1562 40
1479 1506 1570 40
1402 1540 1578 40
1395 1551 1567 40
1551 1550 1567 40
1550 1486 1567 40
1401 151 1585 40
1578 1526 1595 40
1395 191 1586 40
192 1406 1586 40
1403 197 1587 40
1394 181 1595 40
1409 1546 1580 40
7 174 1572 40
160 1408 1573 40
1468 1516 1574 40
1501 1573 1592 40
187 188 1575 40
1397 1565 1577 40
153 1397 1576 40
1412 187 1575 40
1576 1537 1585 40
1551 1395 1586 40
1570 1507 1583 40
1396 1562 1581 40
1574 1516 1588 40
1592 1408 1593 40
1533 1532 1577 40
198 1553 1587 40
182 183 1578 40
179 180 1579 40
177 178 1580 40
1509 1510 1581 40
1475 1478 1582 40
1475 1582 1591 40
1513 1512 1584 40
1410 1566 1590 40
151 152 1585 40
1399 1542 1591 40
191 192 1586 40
197 198 1587 40
1549 1406 1588 40
1566 1502 1590 40
1593 1556 1594 40
1541 1504 1594 40
1542 1475 1591 40
1405 1564 1584 40
1499 1498 1592 40
1499 1592 1593 40
1393 1541 1594 40
1408 1556 1593 40
1504 1499 1593 40
181 182 1595 40
1502 1547 1590 40
1400 1570 1583 40
1516 1549 1588 40
1406 1559 1588 40
1573 1408 1592 40
182 1578 1595 40
1557 1399 1591 40
1558 1400 1583 40
1504 1593 1594 40
1556 1393 1594 40
End
