MeshVersionFormatted 6

Dimension 3

Vertices
4888
0.1213530000000000 0.0881678000000000 0.0000000000000000 4
2.0000000000000000 0.0881678000000000 -0.8786470000000000 5
0.1708412933011961 0.1220332321188301 0.0000000000000000 2
2.0000000000000000 0.1233546445765878 -0.8300730805533610 3
0.0881678000000000 0.1213530000000000 0.0000000000000000 4
0.0463525000000000 0.1426580000000000 0.0000000000000000 4
0.0000000000000000 0.1500000000000000 0.0000000000000000 4
-0.0463525000000000 0.1426580000000000 0.0000000000000000 4
-0.0881678000000000 0.1213530000000000 0.0000000000000000 4
-0.1213530000000000 0.0881678000000000 0.0000000000000000 4
-0.1426580000000000 0.0463525000000000 0.0000000000000000 4
-0.1500000000000000 0.0000000000000000 0.0000000000000000 4
-0.1426580000000000 -0.0463525000000000 0.0000000000000000 4
-0.1213530000000000 -0.0881678000000000 0.0000000000000000 4
-0.0881678000000000 -0.1213530000000000 0.0000000000000000 4
-0.0463525000000000 -0.1426580000000000 0.0000000000000000 4
0.0000000000000000 -0.1500000000000000 0.0000000000000000 4
0.0463525000000000 -0.1426580000000000 0.0000000000000000 4
0.0881678000000000 -0.1213530000000000 0.0000000000000000 4
0.1213530000000000 -0.0881678000000000 0.0000000000000000 4
0.1426580000000000 -0.0463525000000000 0.0000000000000000 4
0.1500000000000000 0.0000000000000000 0.0000000000000000 4
0.1426580000000000 0.0463525000000000 0.0000000000000000 4
2.0000000000000000 0.0463525000000000 -0.8573420000000000 5
2.0000000000000000 0.0000000000000000 -0.8500000000000000 5
2.0000000000000000 -0.0463525000000000 -0.8573420000000000 5
2.0000000000000000 -0.0881678000000000 -0.8786470000000000 5
2.0000000000000000 -0.1213530000000000 -0.9118320000000000 5
2.0000000000000000 -0.1426580000000000 -0.9536470000000000 5
2.0000000000000000 -0.1500000000000000 -1.0000000000000000 5
2.0000000000000000 -0.1426580000000000 -1.0463499999999999 5
2.0000000000000000 -0.1213530000000000 -1.0881700000000001 5
2.0000000000000000 -0.0881678000000000 -1.1213500000000001 5
2.0000000000000000 -0.0463525000000000 -1.1426600000000000 5
2.0000000000000000 0.0000000000000000 -1.1499999999999999 5
2.0000000000000000 0.0463525000000000 -1.1426600000000000 5
2.0000000000000000 0.0881678000000000 -1.1213500000000001 5
2.0000000000000000 0.1213530000000000 -1.0881700000000001 5
2.0000000000000000 0.1426580000000000 -1.0463499999999999 5
2.0000000000000000 0.1500000000000000 -1.0000000000000000 5
2.0000000000000000 0.1426580000000000 -0.9536470000000000 5
2.0000000000000000 0.1213530000000000 -0.9118320000000000 5
0.1247647736629246 0.1688780259929461 0.0000000000000000 2
0.0661506594597816 0.1992869365197451 0.0000000000000000 2
0.0001192875421131 0.2099870005068525 0.0000000000000000 2
-0.0651416855110823 0.1996355033774220 0.0000000000000000 2
-0.1234976293866543 0.1698482436872295 0.0000000000000000 2
-0.1700968765113307 0.1231518814467217 0.0000000000000000 2
-0.1997764525044649 0.0647209036713542 0.0000000000000000 2
-0.2099970873733124 0.0000000000000000 0.0000000000000000 0
-0.1997764525044649 -0.0647209036713542 0.0000000000000000 2
-0.1700968765113307 -0.1231518814467217 0.0000000000000000 2
-0.1234976293866543 -0.1698482436872295 0.0000000000000000 2
-0.0651416855110823 -0.1996355033774220 0.0000000000000000 2
0.0001192875421131 -0.2099870005068525 0.0000000000000000 2
0.0661506594597816 -0.1992869365197451 0.0000000000000000 2
0.1247647736629246 -0.1688780259929461 0.0000000000000000 2
0.1708412933011961 -0.1220332321188301 0.0000000000000000 2
0.1998338262499124 -0.0643552162280857 0.0000000000000000 2
0.2099192304247085 0.0000000000000000 0.0000000000000000 0
0.1998338262499124 0.0643552162280857 0.0000000000000000 2
2.0000000000000000 0.0657069102104605 -0.8005659071208053 3
2.0000000000000000 0.0000000000000000 -0.7900122754250971 1
2.0000000000000000 -0.0662466619481790 -0.8007432454444638 3
2.0000000000000000 -0.1240474274682951 -0.8305777132428893 3
2.0000000000000000 -0.1695741281889270 -0.8761571850120908 3
2.0000000000000000 -0.1993572574724914 -0.9340525879009621 3
2.0000000000000000 -0.2099805287636963 -0.9996890367611676 3
2.0000000000000000 -0.1997788710983489 -1.0646661028862561 3
2.0000000000000000 -0.1700029541342598 -1.1232814639012350 3
2.0000000000000000 -0.1234414937563510 -1.1698784869022210 3
2.0000000000000000 -0.0650421547721197 -1.1996632574084090 3
2.0000000000000000 0.0000000000000000 -1.2099883645026219 1
2.0000000000000000 0.0660134536664367 -1.1993394972692470 3
2.0000000000000000 0.1237398655489378 -1.1696555110461211 3
2.0000000000000000 0.1698908403556109 -1.1234309634383159 3
2.0000000000000000 0.1996707948785309 -1.0650093318295100 3
2.0000000000000000 0.2099709096250791 -1.0003305860246050 3
2.0000000000000000 0.1995199431258262 -0.9345441744807150 3
2.0000000000000000 0.1689136351705969 -0.8752807283495196 3
0.1378490977670654 0.0994562773729434 0.0000000000000000 2
0.1543451955341307 0.1107447547458867 0.0000000000000000 2
2.0000000000000000 0.0998967481921959 -0.8624556935177869 3
2.0000000000000000 0.1116256963843919 -0.8462643870355741 3
0.9608010000000000 0.0590095000000000 -0.8612030000000001 6
0.2208180000000000 0.1160960000000000 -0.4603610000000000 6
0.1387970000000000 0.0590095000000000 -0.0391990000000000 6
0.1351500000000000 0.0738445000000000 -0.0891777000000000 6
0.9013210000000000 0.0000000000000000 -0.8442530000000000 6
0.1163490000000000 0.0960414000000000 -0.0446443000000000 6
0.1042010000000000 0.1119620000000000 -0.0886729000000000 6
0.4679750000000000 0.1041580000000000 -0.7160450000000000 6
0.6173170000000000 0.1500000000000000 -0.9238800000000000 6
0.1938160000000000 0.1414040000000000 -0.5024670000000000 6
0.1422710000000000 0.1500000000000000 -0.5141030000000000 6
0.1704020000000000 0.1413560000000000 -0.4625080000000000 6
0.4858970000000000 0.1500000000000000 -0.8577290000000000 6
0.5286030000000000 0.1500000000000000 -0.8819210000000000 6
0.5374920000000000 0.1413590000000000 -0.8296100000000000 6
0.5365480000000000 0.1205980000000000 -0.7840750000000000 6
0.0960107000000000 0.1500000000000000 -0.4275550000000000 6
0.5840330000000000 0.1444340000000000 -0.8646670000000000 6
0.9522010000000000 0.1285320000000000 -0.9214340000000000 6
0.4106190000000000 0.0808191000000000 -0.6448780000000000 6
0.8738330000000000 0.1016700000000000 -0.8807220000000000 6
0.4924150000000000 0.0000000000000000 -0.6818050000000000 6
0.4762040000000000 0.0671763000000000 -0.6894860000000000 6
0.4790200000000000 0.0327803000000000 -0.6762080000000000 6
0.7184330000000000 0.1425240000000000 -0.9107030000000000 6
0.0785663000000000 0.1285320000000000 -0.0477990000000000 6
0.9505300000000000 0.1464940000000000 -0.9664930000000000 6
0.3372350000000000 0.0459402000000000 -0.5436440000000000 6
0.6180860000000000 0.1218850000000000 -0.8288100000000000 6
0.6410770000000000 0.1425090000000000 -0.8830330000000000 6
0.1629130000000000 0.0000000000000000 -0.1476010000000000 6
0.0573836000000000 0.1455880000000000 -0.2013760000000000 6
0.7986240000000000 0.1455880000000000 -0.9426160000000000 6
0.7570200000000000 0.1500000000000000 -0.9700310000000000 6
0.7097150000000000 0.1500000000000000 -0.9569400000000000 6
0.3873460000000000 0.0635726000000000 -0.6094170000000000 6
0.4228030000000000 0.0379154000000000 -0.6305930000000000 6
0.1479410000000000 0.0280984000000000 -0.0318916000000000 6
0.9681080000000000 0.0280984000000000 -0.8520590000000000 6
0.9108220000000000 0.0738445000000000 -0.8648500000000000 6
0.8635740000000000 0.0690262000000000 -0.8560230000000000 6
0.1439770000000000 0.0690262000000000 -0.1364260000000000 6
0.2375010000000000 0.1258760000000000 -0.5119480000000000 6
0.4978040000000000 0.1414420000000000 -0.8064789999999999 6
1.0000000000000000 0.1500000000000000 -1.0000000000000000 6
0.4466700000000000 0.0516371000000000 -0.6572640000000000 6
0.1542660000000000 0.0348824000000000 -0.1193420000000000 6
0.8806580000000001 0.0348824000000000 -0.8457340000000000 6
0.0048152700000000 0.1500000000000000 -0.0980171000000000 6
0.0012045400000000 0.1500000000000000 -0.0490677000000000 6
0.0335067000000000 0.1464940000000000 -0.0494698000000000 6
0.9509320000000000 0.1500000000000000 -0.9987950000000000 6
0.8301260000000000 0.0435972000000000 -0.8394600000000000 6
0.3637980000000000 0.1087710000000000 -0.6319310000000000 6
0.3495250000000000 0.0797139000000000 -0.5821480000000000 6
0.3113410000000000 0.1204760000000000 -0.5958270000000000 6
0.8340230000000000 0.0974922000000000 -0.8703180000000000 6
0.4444300000000000 0.1500000000000000 -0.8314700000000000 6
0.4043010000000000 0.1500000000000000 -0.8032080000000000 6
0.1685300000000000 0.1500000000000000 -0.5555700000000000 6
0.0481554000000000 0.1459750000000000 -0.1617080000000000 6
0.0891098000000000 0.1292750000000000 -0.1546270000000000 6
0.1169680000000000 0.1425090000000000 -0.3589230000000000 6
0.1059640000000000 0.1483680000000000 -0.3962930000000000 6
0.6037080000000000 0.1483680000000000 -0.8940380000000000 6
0.8039770000000001 0.0000000000000000 -0.8270880000000000 6
0.7792860000000000 0.0410207000000000 -0.8267640000000001 6
0.1605400000000000 0.0435972000000000 -0.1698740000000000 6
0.8382920000000000 0.1459750000000000 -0.9518450000000001 6
0.8049100000000000 0.1500000000000000 -0.9807850000000000 6
0.7948210000000000 0.1239390000000000 -0.8922190000000000 6
0.8453730000000000 0.1292750000000000 -0.9108910000000000 6
0.7562170000000000 0.0000000000000000 -0.8142910000000000 6
0.3106520000000000 0.1398250000000000 -0.6474100000000000 6
0.2590490000000000 0.1500000000000000 -0.6715590000000000 6
0.2552810000000000 0.1404430000000000 -0.5854910000000000 6
0.2752020000000000 0.1439710000000000 -0.6262910000000000 6
0.2269900000000000 0.1500000000000000 -0.6343930000000000 6
0.4258470000000000 0.1398090000000000 -0.7514070000000000 6
0.4521770000000000 0.1449260000000000 -0.7899480000000000 6
0.3815250000000000 0.1411150000000000 -0.7199710000000000 6
0.4212490000000000 0.1200470000000000 -0.7023260000000000 6
0.3968780000000000 0.0284808000000000 -0.6028180000000000 6
0.4833430000000000 0.1266420000000000 -0.7607600000000000 6
0.5769470000000000 0.1269380000000000 -0.8170539999999999 6
0.5908610000000000 0.0978045000000000 -0.7861820000000000 6
0.1353380000000000 0.1444330000000000 -0.4159670000000000 6
0.1829630000000000 0.1269280000000000 -0.4230550000000000 6
0.1604710000000000 0.1163630000000000 -0.3388810000000000 6
0.1713130000000000 0.1217900000000000 -0.3818660000000000 6
0.7889250000000000 0.0859269000000000 -0.8512720000000000 6
0.4372320000000000 0.0918476000000000 -0.6783600000000000 6
0.2386150000000000 0.0442260000000000 -0.3926490000000000 6
0.6837870000000000 0.1452300000000000 -0.9090450000000000 6
0.6935470000000000 0.1310870000000000 -0.8749730000000000 6
0.0909553000000000 0.1452300000000000 -0.3162130000000000 6
0.0892975000000000 0.1425240000000000 -0.2815670000000000 6
1.0000000000000000 0.1213530000000000 -0.9118320000000000 6
0.9553560000000000 0.0960414000000000 -0.8836510000000000 6
0.1865290000000000 0.0331368000000000 -0.2589950000000000 6
0.1732380000000000 0.0410149000000000 -0.2207140000000000 6
0.3146280000000000 0.0870258000000000 -0.5484920000000000 6
0.2867710000000000 0.1176590000000000 -0.5602510000000001 6
0.2804040000000000 0.1042560000000000 -0.5273720000000000 6
0.2566840000000000 0.1284300000000000 -0.5463470000000000 6
0.2196200000000000 0.1428820000000000 -0.5493400000000001 6
0.1250580000000000 0.1310690000000000 -0.3064440000000000 6
0.1857090000000000 0.0000000000000000 -0.2437830000000000 6
0.1921840000000000 0.0519940000000000 -0.2929660000000000 6
0.1684100000000000 0.0733662000000000 -0.2528030000000000 6
0.3689830000000000 0.0371093000000000 -0.5764250000000000 6
0.2651420000000000 0.0864014000000000 -0.4793590000000000 6
0.9019830000000000 0.1500000000000000 -0.9951850000000000 6
0.0585379000000000 0.1405720000000000 -0.1082120000000000 6
0.0108235000000000 0.1500000000000000 -0.1467300000000000 6
0.7424650000000000 0.1179530000000000 -0.8700170000000000 6
0.1487320000000000 0.0859199000000000 -0.2110750000000000 6
0.1300680000000000 0.1179030000000000 -0.2575970000000000 6
0.3959310000000000 0.1148970000000000 -0.6719670000000000 6
0.3472750000000000 0.1401980000000000 -0.6856560000000000 6
0.7538260000000000 0.1430570000000000 -0.9226160000000000 6
0.1077830000000000 0.1239380000000000 -0.2051790000000000 6
0.6610600000000000 0.1165020000000000 -0.8396900000000000 6
0.2898350000000000 0.0000000000000000 -0.4670830000000000 6
0.2178130000000000 0.0671562000000000 -0.3713750000000000 6
0.1954730000000000 0.0877365000000000 -0.3524330000000000 6
0.2154340000000000 0.0916670000000000 -0.4013600000000000 6
0.1946350000000000 0.0699620000000000 -0.3219040000000000 6
0.1692620000000000 0.0951223000000000 -0.3022620000000000 6
0.2156900000000000 0.0407721000000000 -0.3420390000000000 6
0.6945460000000000 0.1033090000000000 -0.8372690000000000 6
0.6488060000000000 0.0885480000000000 -0.8057120000000000 6
0.8917880000000000 0.1405720000000000 -0.9414620000000000 6
0.9113270000000000 0.1119620000000000 -0.8957990000000000 6
0.8807130000000000 0.1228930000000000 -0.9061750000000000 6
0.1192780000000000 0.1016700000000000 -0.1261670000000000 6
0.0938253000000000 0.1228930000000000 -0.1192870000000000 6
0.1296830000000000 0.0974915000000000 -0.1659770000000000 6
0.0773864000000000 0.1430570000000000 -0.2461730000000000 6
0.3024610000000000 0.0607885000000000 -0.5079210000000000 6
0.2519200000000000 0.0640429000000000 -0.4330040000000000 6
0.2850460000000000 0.0364372000000000 -0.4679740000000000 6
0.7343820000000000 0.0384993000000000 -0.8127200000000000 6
0.7394770000000001 0.0760721000000000 -0.8308330000000000 6
0.6937440000000000 0.0531173000000000 -0.8033210000000000 6
0.6633320000000000 0.0000000000000000 -0.7804840000000000 6
0.6590680000000000 0.0502815000000000 -0.7880950000000000 6
0.6228340000000000 0.0509057000000000 -0.7716600000000000 6
0.5653420000000000 0.0532658000000000 -0.7418129999999999 6
0.5191230000000000 0.0979995000000000 -0.7446690000000000 6
0.5545610000000000 0.0938854000000000 -0.7624300000000001 6
0.5750000000000000 0.0000000000000000 -0.7361220000000001 6
0.5976770000000000 0.0284725000000000 -0.7518510000000000 6
0.5085780000000000 0.0737278000000000 -0.7171530000000000 6
0.1492300000000000 0.0332754000000000 -0.0711142000000000 6
0.9288860000000000 0.0332754000000000 -0.8507700000000000 6
0.5103290000000000 0.0385989000000000 -0.7009530000000000 6
0.5329170000000000 0.0000000000000000 -0.7101650000000000 6
0.1436470000000000 0.0788685000000000 -0.7335700000000001 6
0.1779530000000000 0.0971910000000000 -0.7521970000000000 6
0.7914180000000000 0.0960085000000000 -1.0955699999999999 6
0.1617010000000000 0.0502665000000000 -0.7745200000000000 6
0.8379400000000000 0.0802916000000000 -1.1149899999999999 6
0.5002650000000000 0.0502030000000000 -1.0261300000000000 6
0.5243790000000000 0.0941005000000000 -1.0104700000000000 6
0.4839280000000000 0.0841052000000000 -0.9987500000000000 6
0.8945560000000000 0.1323150000000000 -1.0654500000000000 6
-0.0667396000000000 0.1338020000000000 -0.0476101000000000 6
-0.0980478000000000 0.1106300000000000 -0.0845242000000000 6
-0.0654544000000000 0.1323150000000000 -0.1054440000000000 6
-0.0391898000000000 0.1309170000000000 -0.2681050000000000 6
0.1659770000000000 0.1115450000000000 -0.7176620000000000 6
0.5962450000000000 0.0823493000000000 -1.0504500000000001 6
-0.0584402000000000 0.1272590000000000 -0.2117060000000000 6
0.7575210000000000 0.1114010000000000 -1.0733999999999999 6
-0.0252400000000000 0.1135820000000000 -0.3929800000000000 6
-0.0190930000000000 0.1068970000000000 -0.4277610000000000 6
0.6070200000000000 0.1135820000000000 -1.0252399999999999 6
-0.0734008000000000 0.1114010000000000 -0.2424790000000000 6
0.5509730000000000 0.0562399000000000 -1.0468200000000001 6
0.5722390000000001 0.1068970000000000 -1.0190900000000001 6
-0.0670724000000000 0.0000000000000000 -0.4287850000000000 6
0.5263139999999999 0.0000000000000000 -1.0479099999999999 6
-0.0261302000000000 0.0502030000000000 -0.4997350000000000 6
-0.1218810000000000 0.0499058000000000 -0.2104800000000000 6
0.8414110000000000 0.0377291000000000 -1.1341399999999999 6
0.7895200000000000 0.0499058000000000 -1.1218800000000000 6
-0.0066683100000000 0.0468624000000000 -0.5402840000000000 6
-0.1341430000000000 0.0377291000000000 -0.1585890000000000 6
-0.1406860000000000 0.0000000000000000 -0.1460700000000000 6
-0.1334580000000000 0.0000000000000000 -0.1943510000000000 6
-0.1149860000000000 0.0802916000000000 -0.1620600000000000 6
0.2042700000000000 0.0000000000000000 -0.8302500000000000 6
0.1697500000000000 0.0000000000000000 -0.7957300000000000 6
0.1947310000000000 0.0843880000000000 -0.7841820000000000 6
-0.1055130000000000 0.1058680000000000 -0.0407553000000000 6
-0.0359243000000000 0.1241310000000000 -0.3199620000000000 6
-0.0693829000000000 0.0927431000000000 -0.3257370000000000 6
0.6401460000000000 0.1078590000000000 -1.0439600000000000 6
0.6800380000000000 0.1241310000000000 -1.0359200000000000 6
0.7318950000000000 0.1309170000000000 -1.0391900000000001 6
0.0949501000000000 0.0856731000000000 -0.6650550000000000 6
0.1352160000000000 0.1041080000000000 -0.6926670000000000 6
0.1356010000000000 0.1259640000000000 -0.6498740000000000 6
-0.1276400000000000 0.0700650000000000 -0.1062110000000000 6
0.2978280000000000 0.1438580000000000 -0.7705350000000000 6
0.2928930000000000 0.1500000000000000 -0.7071070000000000 6
0.0761205000000000 0.1500000000000000 -0.3826830000000000 6
0.5724450000000000 0.1500000000000000 -0.9039890000000000 6
0.5832039999999999 0.1459270000000000 -0.9470590000000000 6
-0.0843091000000000 0.0000000000000000 -0.3831110000000000 6
-0.0864196000000000 0.0291971000000000 -0.3682420000000000 6
0.9592450000000000 0.1058680000000000 -1.1055100000000000 6
0.9301440000000000 0.0874179000000000 -1.1197200000000000 6
0.8937889999999999 0.0700650000000000 -1.1276400000000000 6
0.9526820000000000 0.0623672000000000 -1.1354299999999999 6
-0.1197170000000000 0.0874179000000000 -0.0698564000000000 6
0.0754033000000000 0.0000000000000000 -0.6838280000000000 6
0.0472139000000000 0.0000000000000000 -0.6439710000000000 6
0.0562162000000000 0.0573849000000000 -0.6369130000000000 6
0.0529405000000000 0.1459270000000000 -0.4167960000000000 6
0.2763860000000000 0.1153470000000000 -0.8230180000000000 6
0.6682439999999999 0.0438815000000000 -1.0942499999999999 6
0.6308040000000000 0.0673703000000000 -1.0722400000000001 6
0.6317580000000000 0.0291971000000000 -1.0864199999999999 6
-0.0996619000000000 0.0787905000000000 -0.2496320000000000 6
0.2423300000000000 0.0766232000000000 -0.8369420000000000 6
0.0113524000000000 0.1338930000000000 -0.4029780000000000 6
0.6543340000000000 0.1401270000000000 -0.9951980000000000 6
-0.0504515000000000 0.0823493000000000 -0.4037550000000000 6
-0.0468178000000000 0.0562399000000000 -0.4490270000000000 6
0.5981940000000000 0.0401827000000000 -1.0716699999999999 6
0.0132796000000000 0.0519019000000000 -0.5724140000000000 6
0.4279940000000000 0.0514966000000000 -0.9871290000000000 6
0.1282780000000000 0.0385604000000000 -0.7423149999999999 6
0.1367270000000000 0.0000000000000000 -0.7597760000000000 6
-0.1458570000000000 0.0000000000000000 -0.0975268000000000 6
-0.1489640000000000 0.0000000000000000 -0.0488074000000000 6
0.9232060000000000 0.0316904000000000 -1.1440399999999999 6
-0.1241890000000000 0.0000000000000000 -0.2422810000000000 6
1.0000000000000000 0.0000000000000000 -1.1499999999999999 6
0.0012500300000000 0.0841052000000000 -0.5160720000000000 6
0.2149550000000000 0.1145770000000000 -0.7659610000000000 6
-0.1468480000000000 0.0283144000000000 -0.0323341000000000 6
0.9676660000000000 0.0283144000000000 -1.1468499999999999 6
0.9511930000000000 0.0000000000000000 -1.1489600000000000 6
-0.0439617000000000 0.1078590000000000 -0.3598540000000000 6
-0.0716000000000000 0.1040920000000000 -0.2816830000000000 6
0.7079710000000000 0.0616132000000000 -1.0986100000000001 6
0.6742629999999999 0.0927431000000000 -1.0693800000000000 6
0.7183170000000000 0.1040920000000000 -1.0716000000000001 6
0.0888835000000000 0.1068450000000000 -0.6257110000000000 6
0.5454460000000000 0.1308640000000000 -0.9723050000000000 6
0.2303850000000000 0.0974552000000000 -0.8054510000000000 6
0.2487020000000000 0.1238650000000000 -0.7822480000000001 6
0.2014210000000000 0.1303880000000000 -0.7183880000000000 6
0.0209208000000000 0.0868299000000000 -0.5486270000000000 6
0.0261769000000000 0.1140840000000000 -0.5059000000000000 6
0.4942160000000000 0.1141050000000000 -0.9738550000000000 6
-0.0716681000000000 0.0401827000000000 -0.4018060000000000 6
-0.0722383000000000 0.0673703000000000 -0.3691960000000000 6
0.3970470000000000 0.0000000000000000 -0.9792590000000000 6
0.3648720000000000 0.0552370000000000 -0.9460340000000000 6
0.7422400000000000 0.0390108000000000 -1.1154400000000000 6
0.7503680000000000 0.0787905000000000 -1.0996600000000001 6
-0.0986112000000000 0.0616132000000000 -0.2920290000000000 6
0.2478380000000000 0.1387280000000000 -0.7426990000000000 6
0.0732477000000000 0.1466490000000000 -0.4529710000000000 6
0.1180790000000000 0.1500000000000000 -0.4713970000000000 6
0.2400630000000000 0.1459860000000000 -0.7018690000000000 6
0.2093970000000000 0.1441720000000000 -0.6778450000000000 6
-0.0098555000000000 0.1452360000000000 -0.2379200000000000 6
0.7620800000000000 0.1452360000000000 -1.0098600000000000 6
0.8142680000000000 0.1449350000000000 -1.0219100000000001 6
0.8532700000000000 0.1500000000000000 -0.9891770000000000 6
0.0192147000000000 0.1500000000000000 -0.1950900000000000 6
0.8685760000000000 0.1085940000000000 -1.0956200000000000 6
0.9154760000000000 0.1106300000000000 -1.0980500000000000 6
0.7882940000000001 0.1272590000000000 -1.0584400000000000 6
-0.0594207000000000 0.1318270000000000 -0.1608690000000000 6
-0.1354340000000000 0.0623672000000000 -0.0473181000000000 6
1.0000000000000000 0.0463525000000000 -1.1426600000000000 6
-0.0283393000000000 0.1455040000000000 -0.1294240000000000 6
-0.0219098000000000 0.1449350000000000 -0.1857320000000000 6
0.8391310000000000 0.1318270000000000 -1.0594200000000000 6
-0.0870506000000000 0.1107970000000000 -0.1754190000000000 6
-0.0956220000000000 0.1085940000000000 -0.1314240000000000 6
0.8245810000000000 0.1107970000000000 -1.0870500000000001 6
-0.0955703000000000 0.0960085000000000 -0.2085820000000000 6
0.2775470000000000 0.0000000000000000 -0.8947410000000000 6
0.2431880000000000 0.0384731000000000 -0.8591970000000000 6
0.0452168000000000 0.0856334000000000 -0.5914930000000000 6
0.0263367000000000 0.0343671000000000 -0.6044160000000000 6
0.0207415000000000 0.0000000000000000 -0.6029530000000000 6
0.4597130000000000 0.0468639000000000 -1.0066700000000000 6
0.4513670000000000 0.0868349000000000 -0.9790720000000001 6
-0.0942524000000000 0.0438815000000000 -0.3317560000000000 6
-0.1154440000000000 0.0390108000000000 -0.2577600000000000 6
-0.0104727000000000 0.0941001000000000 -0.4756210000000000 6
0.0276939000000000 0.1308640000000000 -0.4545550000000000 6
0.5470290000000000 0.1466490000000000 -0.9267510000000000 6
0.5109160000000000 0.1403290000000000 -0.9325120000000000 6
0.2029730000000000 0.0510651000000000 -0.8165300000000000 6
0.0777174000000000 0.0359724000000000 -0.6795930000000000 6
0.1093590000000000 0.0590447000000000 -0.7082039999999999 6
0.0995065000000000 0.1452740000000000 -0.5149980000000000 6
0.0675186000000000 0.1403160000000000 -0.4892180000000000 6
0.4814300000000000 0.1452670000000000 -0.8984710000000000 6
0.1661670000000000 0.1277830000000000 -0.6841130000000000 6
0.3697970000000000 0.0947292000000000 -0.9213990000000000 6
0.4418890000000000 0.1420320000000000 -0.8873080000000000 6
0.4047170000000000 0.0842516000000000 -0.9535439999999999 6
0.4518700000000000 0.1250600000000000 -0.9338430000000000 6
0.0624269000000000 0.1245950000000000 -0.5431190000000000 6
0.0873756000000000 0.1239570000000000 -0.5858210000000000 6
0.1245640000000000 0.1368510000000000 -0.6001780000000000 6
0.3321840000000000 0.0805202000000000 -0.9072770000000000 6
0.3600600000000000 0.1185640000000000 -0.8846960000000000 6
0.3194290000000000 0.1118290000000000 -0.8641529999999999 6
0.4015130000000000 0.1412770000000000 -0.8632310000000000 6
0.4005010000000000 0.1195260000000000 -0.9110819999999999 6
0.1135380000000000 0.1430020000000000 -0.5538960000000001 6
0.7156260000000000 0.1438540000000000 -1.0029600000000001 6
0.0430597000000000 0.1500000000000000 -0.2902850000000000 6
0.0299687000000000 0.1500000000000000 -0.2429800000000000 6
0.2945610000000000 0.0468064000000000 -0.8987130000000000 6
0.3305510000000000 0.0378579000000000 -0.9290810000000000 6
0.1823160000000000 0.1441650000000000 -0.6449570000000000 6
0.1602460000000000 0.1451450000000000 -0.6098830000000000 6
0.1967920000000000 0.1500000000000000 -0.5956990000000000 6
0.6631100000000000 0.1500000000000000 -0.9415440000000000 6
0.0584559000000000 0.1500000000000000 -0.3368900000000000 6
0.0048015200000000 0.1401270000000000 -0.3456660000000000 6
-0.0029633800000000 0.1438540000000000 -0.2843740000000000 6
0.3639540000000000 0.1398300000000000 -0.8408190000000000 6
0.3043160000000000 0.0813979000000000 -0.8853730000000000 6
0.2770990000000000 0.0808261000000000 -0.8637730000000000 6
0.3657440000000000 0.1474100000000000 -0.8087000000000000 6
0.3656070000000000 0.1500000000000000 -0.7730100000000000 6
0.3284410000000000 0.1500000000000000 -0.7409510000000000 6
0.3307180000000000 0.1396300000000000 -0.8152730000000000 6
0.9024730000000000 0.0000000000000000 -1.1458600000000001 6
0.8826920000000000 0.0284213000000000 -1.1412700000000000 6
0.9523900000000000 0.1338020000000000 -1.0667400000000000 6
-0.0295557000000000 0.1469400000000000 -0.0347823000000000 6
0.9652180000000000 0.1469400000000000 -1.0295600000000000 6
-0.0310551000000000 0.1461020000000000 -0.0776464000000000 6
0.8705760000000000 0.1455040000000000 -1.0283400000000000 6
0.9223540000000000 0.1461020000000000 -1.0310600000000001 6
0.0398583000000000 0.1466630000000000 -0.3768830000000000 6
0.5970220000000001 0.1338930000000000 -0.9886470000000001 6
0.6231170000000000 0.1466630000000000 -0.9601420000000001 6
-0.1412700000000000 0.0284213000000000 -0.1173080000000000 6
-0.1440400000000000 0.0316904000000000 -0.0767936000000000 6
0.3958970000000000 0.0328314000000000 -0.9742729999999999 6
0.1436470000000000 -0.0788685000000000 -0.7335700000000001 6
-0.0734008000000000 -0.1114010000000000 -0.2424790000000000 6
0.7575210000000000 -0.1114010000000000 -1.0733999999999999 6
-0.0190930000000000 -0.1068970000000000 -0.4277610000000000 6
0.1947310000000000 -0.0843880000000000 -0.7841820000000000 6
-0.0955703000000000 -0.0960085000000000 -0.2085820000000000 6
0.0012500300000000 -0.0841052000000000 -0.5160720000000000 6
0.4839280000000000 -0.0841052000000000 -0.9987500000000000 6
-0.0310551000000000 -0.1461020000000000 -0.0776464000000000 6
0.9509320000000000 -0.1500000000000000 -0.9987950000000000 6
-0.1055130000000000 -0.1058680000000000 -0.0407553000000000 6
-0.0439617000000000 -0.1078590000000000 -0.3598540000000000 6
0.6543340000000000 -0.1401270000000000 -0.9951980000000000 6
0.7914180000000000 -0.0960085000000000 -1.0955699999999999 6
0.1779530000000000 -0.0971910000000000 -0.7521970000000000 6
0.1659770000000000 -0.1115450000000000 -0.7176620000000000 6
0.6070200000000000 -0.1135820000000000 -1.0252399999999999 6
0.5722390000000001 -0.1068970000000000 -1.0190900000000001 6
-0.0252400000000000 -0.1135820000000000 -0.3929800000000000 6
0.0048015200000000 -0.1401270000000000 -0.3456660000000000 6
0.5962450000000000 -0.0823493000000000 -1.0504500000000001 6
-0.0504515000000000 -0.0823493000000000 -0.4037550000000000 6
0.7183170000000000 -0.1040920000000000 -1.0716000000000001 6
-0.0716000000000000 -0.1040920000000000 -0.2816830000000000 6
0.5712150000000000 0.0000000000000000 -1.0670700000000000 6
0.1617010000000000 -0.0502665000000000 -0.7745200000000000 6
0.4822660000000000 0.0000000000000000 -1.0268600000000001 6
0.5002650000000000 -0.0502030000000000 -1.0261300000000000 6
-0.0268647000000000 0.0000000000000000 -0.5177340000000000 6
-0.0261302000000000 -0.0502030000000000 -0.4997350000000000 6
-0.0479128000000000 0.0000000000000000 -0.4736860000000000 6
-0.0468178000000000 -0.0562399000000000 -0.4490270000000000 6
0.7577190000000000 0.0000000000000000 -1.1241900000000000 6
0.7503680000000000 -0.0787905000000000 -1.0996600000000001 6
0.8056489999999999 0.0000000000000000 -1.1334599999999999 6
0.8539300000000000 0.0000000000000000 -1.1406900000000000 6
-0.0066683100000000 -0.0468624000000000 -0.5402840000000000 6
0.4597130000000000 -0.0468639000000000 -1.0066700000000000 6
0.4513670000000000 -0.0868349000000000 -0.9790720000000001 6
0.0209208000000000 -0.0868299000000000 -0.5486270000000000 6
-0.0693829000000000 -0.0927431000000000 -0.3257370000000000 6
0.6800380000000000 -0.1241310000000000 -1.0359200000000000 6
0.6401460000000000 -0.1078590000000000 -1.0439600000000000 6
0.1356010000000000 -0.1259640000000000 -0.6498740000000000 6
0.1352160000000000 -0.1041080000000000 -0.6926670000000000 6
0.6173170000000000 -0.1500000000000000 -0.9238800000000000 6
0.6632540000000000 0.0000000000000000 -1.0995900000000001 6
0.9301440000000000 -0.0874179000000000 -1.1197200000000000 6
0.8937889999999999 -0.0700650000000000 -1.1276400000000000 6
0.9526820000000000 -0.0623672000000000 -1.1354299999999999 6
-0.1197170000000000 -0.0874179000000000 -0.0698564000000000 6
-0.1354340000000000 -0.0623672000000000 -0.0473181000000000 6
0.3560290000000000 0.0000000000000000 -0.9527860000000000 6
0.3305510000000000 -0.0378579000000000 -0.9290810000000000 6
0.2487020000000000 -0.1238650000000000 -0.7822480000000001 6
0.6682439999999999 -0.0438815000000000 -1.0942499999999999 6
0.0398583000000000 -0.1466630000000000 -0.3768830000000000 6
0.6231170000000000 -0.1466630000000000 -0.9601420000000001 6
0.6631100000000000 -0.1500000000000000 -0.9415440000000000 6
-0.0716681000000000 -0.0401827000000000 -0.4018060000000000 6
0.5509730000000000 -0.0562399000000000 -1.0468200000000001 6
0.4047170000000000 -0.0842516000000000 -0.9535439999999999 6
0.0960107000000000 -0.1500000000000000 -0.4275550000000000 6
-0.1154440000000000 -0.0390108000000000 -0.2577600000000000 6
-0.1218810000000000 -0.0499058000000000 -0.2104800000000000 6
0.7895200000000000 -0.0499058000000000 -1.1218800000000000 6
-0.1468480000000000 -0.0283144000000000 -0.0323341000000000 6
1.0000000000000000 -0.0463525000000000 -1.1426600000000000 6
0.9676660000000000 -0.0283144000000000 -1.1468499999999999 6
-0.0722383000000000 -0.0673703000000000 -0.3691960000000000 6
-0.0986112000000000 -0.0616132000000000 -0.2920290000000000 6
0.6742629999999999 -0.0927431000000000 -1.0693800000000000 6
0.7079710000000000 -0.0616132000000000 -1.0986100000000001 6
0.2978280000000000 -0.1438580000000000 -0.7705350000000000 6
0.5454460000000000 -0.1308640000000000 -0.9723050000000000 6
0.2149550000000000 -0.1145770000000000 -0.7659610000000000 6
0.2303850000000000 -0.0974552000000000 -0.8054510000000000 6
0.2478380000000000 -0.1387280000000000 -0.7426990000000000 6
0.0624269000000000 -0.1245950000000000 -0.5431190000000000 6
0.6168890000000000 0.0000000000000000 -1.0843100000000001 6
0.6317580000000000 -0.0291971000000000 -1.0864199999999999 6
0.5981940000000000 -0.0401827000000000 -1.0716699999999999 6
0.6308040000000000 -0.0673703000000000 -1.0722400000000001 6
-0.0864196000000000 -0.0291971000000000 -0.3682420000000000 6
0.3648720000000000 -0.0552370000000000 -0.9460340000000000 6
0.0263367000000000 -0.0343671000000000 -0.6044160000000000 6
0.1052590000000000 0.0000000000000000 -0.7224530000000000 6
0.1093590000000000 -0.0590447000000000 -0.7082039999999999 6
0.7422400000000000 -0.0390108000000000 -1.1154400000000000 6
-0.0996619000000000 -0.0787905000000000 -0.2496320000000000 6
0.2590490000000000 -0.1500000000000000 -0.6715590000000000 6
0.5470290000000000 -0.1466490000000000 -0.9267510000000000 6
0.5109160000000000 -0.1403290000000000 -0.9325120000000000 6
0.2093970000000000 -0.1441720000000000 -0.6778450000000000 6
0.2400630000000000 -0.1459860000000000 -0.7018690000000000 6
0.2014210000000000 -0.1303880000000000 -0.7183880000000000 6
-0.0584402000000000 -0.1272590000000000 -0.2117060000000000 6
-0.0219098000000000 -0.1449350000000000 -0.1857320000000000 6
-0.0098555000000000 -0.1452360000000000 -0.2379200000000000 6
0.7318950000000000 -0.1309170000000000 -1.0391900000000001 6
0.8142680000000000 -0.1449350000000000 -1.0219100000000001 6
0.8049100000000000 -0.1500000000000000 -0.9807850000000000 6
0.8945560000000000 -0.1323150000000000 -1.0654500000000000 6
0.9592450000000000 -0.1058680000000000 -1.1055100000000000 6
0.8685760000000000 -0.1085940000000000 -1.0956200000000000 6
0.9154760000000000 -0.1106300000000000 -1.0980500000000000 6
-0.0980478000000000 -0.1106300000000000 -0.0845242000000000 6
-0.0956220000000000 -0.1085940000000000 -0.1314240000000000 6
0.5243790000000000 -0.0941005000000000 -1.0104700000000000 6
0.0276939000000000 -0.1308640000000000 -0.4545550000000000 6
0.8532700000000000 -0.1500000000000000 -0.9891770000000000 6
-0.1149860000000000 -0.0802916000000000 -0.1620600000000000 6
0.8379400000000000 -0.0802916000000000 -1.1149899999999999 6
0.8245810000000000 -0.1107970000000000 -1.0870500000000001 6
0.7882940000000001 -0.1272590000000000 -1.0584400000000000 6
0.8391310000000000 -0.1318270000000000 -1.0594200000000000 6
-0.0870506000000000 -0.1107970000000000 -0.1754190000000000 6
-0.0594207000000000 -0.1318270000000000 -0.1608690000000000 6
0.0562162000000000 -0.0573849000000000 -0.6369130000000000 6
-0.0283393000000000 -0.1455040000000000 -0.1294240000000000 6
-0.0039662300000000 0.0000000000000000 -0.5608490000000000 6
0.0132796000000000 -0.0519019000000000 -0.5724140000000000 6
0.4391510000000000 0.0000000000000000 -1.0039700000000000 6
0.0949501000000000 -0.0856731000000000 -0.6650550000000000 6
0.0777174000000000 -0.0359724000000000 -0.6795930000000000 6
0.7102250000000000 0.0000000000000000 -1.1128899999999999 6
-0.1128930000000000 0.0000000000000000 -0.2897750000000000 6
-0.0995917000000000 0.0000000000000000 -0.3367460000000000 6
-0.0942524000000000 -0.0438815000000000 -0.3317560000000000 6
-0.0104727000000000 -0.0941001000000000 -0.4756210000000000 6
0.0261769000000000 -0.1140840000000000 -0.5059000000000000 6
0.0732477000000000 -0.1466490000000000 -0.4529710000000000 6
0.4942160000000000 -0.1141050000000000 -0.9738550000000000 6
0.2029730000000000 -0.0510651000000000 -0.8165300000000000 6
0.2423300000000000 -0.0766232000000000 -0.8369420000000000 6
0.2431880000000000 -0.0384731000000000 -0.8591970000000000 6
0.2402240000000000 0.0000000000000000 -0.8632730000000000 6
0.1282780000000000 -0.0385604000000000 -0.7423149999999999 6
0.0873756000000000 -0.1239570000000000 -0.5858210000000000 6
0.0452168000000000 -0.0856334000000000 -0.5914930000000000 6
0.0888835000000000 -0.1068450000000000 -0.6257110000000000 6
0.4814300000000000 -0.1452670000000000 -0.8984710000000000 6
0.4858970000000000 -0.1500000000000000 -0.8577290000000000 6
0.1661670000000000 -0.1277830000000000 -0.6841130000000000 6
0.3697970000000000 -0.0947292000000000 -0.9213990000000000 6
0.1245640000000000 -0.1368510000000000 -0.6001780000000000 6
0.1135380000000000 -0.1430020000000000 -0.5538960000000001 6
0.4518700000000000 -0.1250600000000000 -0.9338430000000000 6
0.0995065000000000 -0.1452740000000000 -0.5149980000000000 6
0.0675186000000000 -0.1403160000000000 -0.4892180000000000 6
0.3321840000000000 -0.0805202000000000 -0.9072770000000000 6
0.2945610000000000 -0.0468064000000000 -0.8987130000000000 6
0.4418890000000000 -0.1420320000000000 -0.8873080000000000 6
0.4005010000000000 -0.1195260000000000 -0.9110819999999999 6
0.3600600000000000 -0.1185640000000000 -0.8846960000000000 6
0.7570200000000000 -0.1500000000000000 -0.9700310000000000 6
0.7620800000000000 -0.1452360000000000 -1.0098600000000000 6
-0.0359243000000000 -0.1241310000000000 -0.3199620000000000 6
-0.0391898000000000 -0.1309170000000000 -0.2681050000000000 6
-0.0029633800000000 -0.1438540000000000 -0.2843740000000000 6
0.3161720000000000 0.0000000000000000 -0.9245970000000000 6
0.1967920000000000 -0.1500000000000000 -0.5956990000000000 6
0.1823160000000000 -0.1441650000000000 -0.6449570000000000 6
0.1602460000000000 -0.1451450000000000 -0.6098830000000000 6
0.7156260000000000 -0.1438540000000000 -1.0029600000000001 6
0.0584559000000000 -0.1500000000000000 -0.3368900000000000 6
0.3639540000000000 -0.1398300000000000 -0.8408190000000000 6
0.4444300000000000 -0.1500000000000000 -0.8314700000000000 6
0.4015130000000000 -0.1412770000000000 -0.8632310000000000 6
0.3307180000000000 -0.1396300000000000 -0.8152730000000000 6
0.2763860000000000 -0.1153470000000000 -0.8230180000000000 6
0.3194290000000000 -0.1118290000000000 -0.8641529999999999 6
0.2770990000000000 -0.0808261000000000 -0.8637730000000000 6
0.3043160000000000 -0.0813979000000000 -0.8853730000000000 6
0.3657440000000000 -0.1474100000000000 -0.8087000000000000 6
0.4043010000000000 -0.1500000000000000 -0.8032080000000000 6
0.3656070000000000 -0.1500000000000000 -0.7730100000000000 6
-0.1341430000000000 -0.0377291000000000 -0.1585890000000000 6
0.8414110000000000 -0.0377291000000000 -1.1341399999999999 6
1.0000000000000000 -0.1426580000000000 -1.0463499999999999 6
0.9523900000000000 -0.1338020000000000 -1.0667400000000000 6
0.0012045400000000 -0.1500000000000000 -0.0490677000000000 6
-0.0667396000000000 -0.1338020000000000 -0.0476101000000000 6
0.9652180000000000 -0.1469400000000000 -1.0295600000000000 6
-0.0295557000000000 -0.1469400000000000 -0.0347823000000000 6
0.0048152700000000 -0.1500000000000000 -0.0980171000000000 6
-0.0654544000000000 -0.1323150000000000 -0.1054440000000000 6
0.9223540000000000 -0.1461020000000000 -1.0310600000000001 6
0.8705760000000000 -0.1455040000000000 -1.0283400000000000 6
0.9019830000000000 -0.1500000000000000 -0.9951850000000000 6
0.0529405000000000 -0.1459270000000000 -0.4167960000000000 6
0.0113524000000000 -0.1338930000000000 -0.4029780000000000 6
0.5970220000000001 -0.1338930000000000 -0.9886470000000001 6
0.5832039999999999 -0.1459270000000000 -0.9470590000000000 6
0.9232060000000000 -0.0316904000000000 -1.1440399999999999 6
0.8826920000000000 -0.0284213000000000 -1.1412700000000000 6
-0.1412700000000000 -0.0284213000000000 -0.1173080000000000 6
-0.1440400000000000 -0.0316904000000000 -0.0767936000000000 6
-0.1276400000000000 -0.0700650000000000 -0.1062110000000000 6
0.3958970000000000 -0.0328314000000000 -0.9742729999999999 6
0.4279940000000000 -0.0514966000000000 -0.9871290000000000 6
0.1829630000000000 -0.1269280000000000 -0.4230550000000000 6
0.9288860000000000 -0.0332754000000000 -0.8507700000000000 6
0.9108220000000000 -0.0738445000000000 -0.8648500000000000 6
0.1042010000000000 -0.1119620000000000 -0.0886729000000000 6
0.9522010000000000 -0.1285320000000000 -0.9214340000000000 6
0.9113270000000000 -0.1119620000000000 -0.8957990000000000 6
0.4679750000000000 -0.1041580000000000 -0.7160450000000000 6
0.0761205000000000 -0.1500000000000000 -0.3826830000000000 6
0.1422710000000000 -0.1500000000000000 -0.5141030000000000 6
0.1704020000000000 -0.1413560000000000 -0.4625080000000000 6
0.1180790000000000 -0.1500000000000000 -0.4713970000000000 6
0.5286030000000000 -0.1500000000000000 -0.8819210000000000 6
0.5374920000000000 -0.1413590000000000 -0.8296100000000000 6
0.0785663000000000 -0.1285320000000000 -0.0477990000000000 6
0.0585379000000000 -0.1405720000000000 -0.1082120000000000 6
0.9608010000000000 -0.0590095000000000 -0.8612030000000001 6
0.4106190000000000 -0.0808191000000000 -0.6448780000000000 6
0.1557470000000000 0.0000000000000000 -0.0986790000000000 6
0.3024610000000000 -0.0607885000000000 -0.5079210000000000 6
0.0430597000000000 -0.1500000000000000 -0.2902850000000000 6
0.7097150000000000 -0.1500000000000000 -0.9569400000000000 6
0.3488620000000000 0.0000000000000000 -0.5463690000000000 6
0.3181950000000000 0.0000000000000000 -0.5075850000000000 6
0.1604710000000000 -0.1163630000000000 -0.3388810000000000 6
0.6180860000000000 -0.1218850000000000 -0.8288100000000000 6
0.8523990000000000 0.0000000000000000 -0.8370870000000000 6
0.3959310000000000 -0.1148970000000000 -0.6719670000000000 6
0.0299687000000000 -0.1500000000000000 -0.2429800000000000 6
0.0773864000000000 -0.1430570000000000 -0.2461730000000000 6
0.7184330000000000 -0.1425240000000000 -0.9107030000000000 6
0.2195160000000000 0.0000000000000000 -0.3366680000000000 6
0.6410770000000000 -0.1425090000000000 -0.8830330000000000 6
0.3873460000000000 -0.0635726000000000 -0.6094170000000000 6
0.3637980000000000 -0.1087710000000000 -0.6319310000000000 6
0.3817320000000000 0.0000000000000000 -0.5833050000000000 6
0.2154340000000000 -0.0916670000000000 -0.4013600000000000 6
0.1514380000000000 0.0000000000000000 -0.0494231000000000 6
0.1479410000000000 -0.0280984000000000 -0.0318916000000000 6
0.9505770000000000 0.0000000000000000 -0.8485620000000000 6
0.9681080000000000 -0.0280984000000000 -0.8520590000000000 6
0.4228030000000000 -0.0379154000000000 -0.6305930000000000 6
0.8635740000000000 -0.0690262000000000 -0.8560230000000000 6
0.8738330000000000 -0.1016700000000000 -0.8807220000000000 6
0.1439770000000000 -0.0690262000000000 -0.1364260000000000 6
1.0000000000000000 -0.1426580000000000 -0.9536470000000000 6
0.9505300000000000 -0.1464940000000000 -0.9664930000000000 6
0.1938160000000000 -0.1414040000000000 -0.5024670000000000 6
0.4521770000000000 -0.1449260000000000 -0.7899480000000000 6
0.4978040000000000 -0.1414420000000000 -0.8064789999999999 6
0.1542660000000000 -0.0348824000000000 -0.1193420000000000 6
0.0335067000000000 -0.1464940000000000 -0.0494698000000000 6
0.4536310000000000 0.0000000000000000 -0.6511380000000000 6
0.4166950000000000 0.0000000000000000 -0.6182680000000000 6
0.4466700000000000 -0.0516371000000000 -0.6572640000000000 6
0.1729120000000000 0.0000000000000000 -0.1960230000000000 6
0.8301260000000000 -0.0435972000000000 -0.8394600000000000 6
0.2752020000000000 -0.1439710000000000 -0.6262910000000000 6
0.1296830000000000 -0.0974915000000000 -0.1659770000000000 6
0.2196200000000000 -0.1428820000000000 -0.5493400000000001 6
0.1685300000000000 -0.1500000000000000 -0.5555700000000000 6
0.7889250000000000 -0.0859269000000000 -0.8512720000000000 6
0.1605400000000000 -0.0435972000000000 -0.1698740000000000 6
0.1077830000000000 -0.1239380000000000 -0.2051790000000000 6
0.8453730000000000 -0.1292750000000000 -0.9108910000000000 6
0.8917880000000000 -0.1405720000000000 -0.9414620000000000 6
0.1169680000000000 -0.1425090000000000 -0.3589230000000000 6
0.1059640000000000 -0.1483680000000000 -0.3962930000000000 6
0.1353380000000000 -0.1444330000000000 -0.4159670000000000 6
0.5840330000000000 -0.1444340000000000 -0.8646670000000000 6
0.6037080000000000 -0.1483680000000000 -0.8940380000000000 6
0.5724450000000000 -0.1500000000000000 -0.9039890000000000 6
0.7986240000000000 -0.1455880000000000 -0.9426160000000000 6
0.0108235000000000 -0.1500000000000000 -0.1467300000000000 6
0.0192147000000000 -0.1500000000000000 -0.1950900000000000 6
0.7948210000000000 -0.1239390000000000 -0.8922190000000000 6
0.0481554000000000 -0.1459750000000000 -0.1617080000000000 6
0.3106520000000000 -0.1398250000000000 -0.6474100000000000 6
0.2269900000000000 -0.1500000000000000 -0.6343930000000000 6
0.3495250000000000 -0.0797139000000000 -0.5821480000000000 6
0.3815250000000000 -0.1411150000000000 -0.7199710000000000 6
0.4212490000000000 -0.1200470000000000 -0.7023260000000000 6
0.3968780000000000 -0.0284808000000000 -0.6028180000000000 6
0.3689830000000000 -0.0371093000000000 -0.5764250000000000 6
0.5191230000000000 -0.0979995000000000 -0.7446690000000000 6
0.4833430000000000 -0.1266420000000000 -0.7607600000000000 6
0.5769470000000000 -0.1269380000000000 -0.8170539999999999 6
0.1713130000000000 -0.1217900000000000 -0.3818660000000000 6
0.1732380000000000 -0.0410149000000000 -0.2207140000000000 6
0.1487320000000000 -0.0859199000000000 -0.2110750000000000 6
0.7394770000000001 -0.0760721000000000 -0.8308330000000000 6
0.7792860000000000 -0.0410207000000000 -0.8267640000000001 6
0.4372320000000000 -0.0918476000000000 -0.6783600000000000 6
0.4762040000000000 -0.0671763000000000 -0.6894860000000000 6
0.6228340000000000 -0.0509057000000000 -0.7716600000000000 6
0.6935470000000000 -0.1310870000000000 -0.8749730000000000 6
0.6837870000000000 -0.1452300000000000 -0.9090450000000000 6
0.0909553000000000 -0.1452300000000000 -0.3162130000000000 6
0.1163490000000000 -0.0960414000000000 -0.0446443000000000 6
0.9553560000000000 -0.0960414000000000 -0.8836510000000000 6
1.0000000000000000 -0.0881678000000000 -0.8786470000000000 6
0.2404120000000000 0.0000000000000000 -0.3814790000000000 6
0.2638780000000000 0.0000000000000000 -0.4250000000000000 6
0.3113410000000000 -0.1204760000000000 -0.5958270000000000 6
0.3146280000000000 -0.0870258000000000 -0.5484920000000000 6
0.2804040000000000 -0.1042560000000000 -0.5273720000000000 6
0.2208180000000000 -0.1160960000000000 -0.4603610000000000 6
0.2566840000000000 -0.1284300000000000 -0.5463470000000000 6
0.2867710000000000 -0.1176590000000000 -0.5602510000000001 6
0.2552810000000000 -0.1404430000000000 -0.5854910000000000 6
0.6610600000000000 -0.1165020000000000 -0.8396900000000000 6
0.1921840000000000 -0.0519940000000000 -0.2929660000000000 6
0.2012610000000000 0.0000000000000000 -0.2907170000000000 6
0.1865290000000000 -0.0331368000000000 -0.2589950000000000 6
0.3372350000000000 -0.0459402000000000 -0.5436440000000000 6
0.2375010000000000 -0.1258760000000000 -0.5119480000000000 6
0.8382920000000000 -0.1459750000000000 -0.9518450000000001 6
0.7424650000000000 -0.1179530000000000 -0.8700170000000000 6
0.6945460000000000 -0.1033090000000000 -0.8372690000000000 6
0.0892975000000000 -0.1425240000000000 -0.2815670000000000 6
0.1684100000000000 -0.0733662000000000 -0.2528030000000000 6
0.1300680000000000 -0.1179030000000000 -0.2575970000000000 6
0.1250580000000000 -0.1310690000000000 -0.3064440000000000 6
0.2928930000000000 -0.1500000000000000 -0.7071070000000000 6
0.3284410000000000 -0.1500000000000000 -0.7409510000000000 6
0.3472750000000000 -0.1401980000000000 -0.6856560000000000 6
0.7538260000000000 -0.1430570000000000 -0.9226160000000000 6
0.0573836000000000 -0.1455880000000000 -0.2013760000000000 6
0.1692620000000000 -0.0951223000000000 -0.3022620000000000 6
0.2386150000000000 -0.0442260000000000 -0.3926490000000000 6
0.2519200000000000 -0.0640429000000000 -0.4330040000000000 6
0.2178130000000000 -0.0671562000000000 -0.3713750000000000 6
0.2156900000000000 -0.0407721000000000 -0.3420390000000000 6
0.1946350000000000 -0.0699620000000000 -0.3219040000000000 6
0.1954730000000000 -0.0877365000000000 -0.3524330000000000 6
0.6488060000000000 -0.0885480000000000 -0.8057120000000000 6
0.8807130000000000 -0.1228930000000000 -0.9061750000000000 6
0.0938253000000000 -0.1228930000000000 -0.1192870000000000 6
0.1192780000000000 -0.1016700000000000 -0.1261670000000000 6
0.0891098000000000 -0.1292750000000000 -0.1546270000000000 6
0.8340230000000000 -0.0974922000000000 -0.8703180000000000 6
0.2651420000000000 -0.0864014000000000 -0.4793590000000000 6
0.6185210000000000 0.0000000000000000 -0.7595880000000000 6
0.4258470000000000 -0.1398090000000000 -0.7514070000000000 6
0.2850460000000000 -0.0364372000000000 -0.4679740000000000 6
0.7092830000000000 0.0000000000000000 -0.7987390000000000 6
0.7343820000000000 -0.0384993000000000 -0.8127200000000000 6
0.6590680000000000 -0.0502815000000000 -0.7880950000000000 6
0.6937440000000000 -0.0531173000000000 -0.8033210000000000 6
0.5976770000000000 -0.0284725000000000 -0.7518510000000000 6
0.5365480000000000 -0.1205980000000000 -0.7840750000000000 6
0.5545610000000000 -0.0938854000000000 -0.7624300000000001 6
0.5908610000000000 -0.0978045000000000 -0.7861820000000000 6
0.5085780000000000 -0.0737278000000000 -0.7171530000000000 6
0.1492300000000000 -0.0332754000000000 -0.0711142000000000 6
0.1387970000000000 -0.0590095000000000 -0.0391990000000000 6
0.1351500000000000 -0.0738445000000000 -0.0891777000000000 6
0.8806580000000001 -0.0348824000000000 -0.8457340000000000 6
0.4790200000000000 -0.0327803000000000 -0.6762080000000000 6
0.5103290000000000 -0.0385989000000000 -0.7009530000000000 6
0.5653420000000000 -0.0532658000000000 -0.7418129999999999 6
1.0649000000000000 0.0305551000000000 -0.8531450000000000 6
1.1000000000000001 0.0000000000000000 -0.8500000000000000 6
1.0463400000000000 0.0669889000000000 -0.8657890000000000 6
1.1039300000000001 0.0561400000000000 -0.8609019999999999 6
1.1800500000000000 0.1083440000000000 -0.8962620000000000 6
1.2005999999999999 0.1385680000000000 -0.9425650000000000 6
1.8500000000000001 0.0000000000000000 -0.8500000000000000 6
1.8999999999999999 0.0000000000000000 -0.8500000000000000 6
1.8889199999999999 0.1430090000000000 -0.9547400000000000 6
1.8000000000000000 0.1500000000000000 -1.0000000000000000 6
1.0000000000000000 0.0881678000000000 -0.8786470000000000 6
1.9676100000000001 0.0704078000000000 -0.8675510000000000 6
1.7000000000000000 0.0000000000000000 -0.8500000000000000 6
1.7523200000000001 0.0519787000000000 -0.8592940000000000 6
1.2709999999999999 0.1113940000000000 -0.8995440000000000 6
1.2353499999999999 0.1464860000000000 -0.9677240000000000 6
1.5000000000000000 0.0000000000000000 -0.8500000000000000 6
1.4751500000000000 0.0459441000000000 -0.8572090000000000 6
1.8131999999999999 0.0533513000000000 -0.8598090000000000 6
1.7500000000000000 0.0000000000000000 -0.8500000000000000 6
1.7788800000000000 0.0267622000000000 -0.8524070000000000 6
1.3713400000000000 0.1454070000000000 -0.9631660000000000 6
1.3999999999999999 0.0000000000000000 -0.8500000000000000 6
1.3500000000000001 0.0000000000000000 -0.8500000000000000 6
1.0667000000000000 0.1225840000000000 -0.9135520000000000 6
1.0392200000000000 0.1065570000000000 -0.8944280000000000 6
1.0342800000000001 0.1470640000000000 -0.9704670000000000 6
1.7799600000000000 0.0900364000000000 -0.8800270000000000 6
1.8949100000000001 0.0916793000000000 -0.8812780000000000 6
1.1521100000000000 0.0331691000000000 -0.8537130000000001 6
1.1548700000000001 0.0739349000000000 -0.8694870000000000 6
1.1290899999999999 0.1033970000000000 -0.8913310000000000 6
1.0818000000000001 0.1008130000000000 -0.8889290000000000 6
1.0950000000000000 0.1299190000000000 -0.9250270000000000 6
1.8189100000000000 0.1398210000000000 -0.9456840000000000 6
1.8192500000000000 0.1073550000000000 -0.8952390000000000 6
1.1460100000000000 0.1327740000000000 -0.9302070000000000 6
1.0457000000000001 0.1343610000000000 -0.9333140000000000 6
1.0000000000000000 0.1426580000000000 -0.9536470000000000 6
1.9727699999999999 0.1020900000000000 -0.8901019999999999 6
1.5121599999999999 0.1183040000000000 -0.9077820000000000 6
1.4056500000000001 0.0960176000000000 -0.8847580000000000 6
1.3936100000000000 0.0527629000000000 -0.8595860000000000 6
1.7659199999999999 0.1213200000000000 -0.9117880000000000 6
1.6220200000000000 0.0393039000000000 -0.8552410000000000 6
1.6499999999999999 0.0000000000000000 -0.8500000000000000 6
1.9638199999999999 0.1249540000000000 -0.9170160000000001 6
1.4303500000000000 0.0337641000000000 -0.8538490000000000 6
1.6000000000000001 0.0000000000000000 -0.8500000000000000 6
1.5700300000000000 0.0519144000000000 -0.8592700000000000 6
1.2239300000000000 0.1112200000000000 -0.8993520000000000 6
1.2036700000000000 0.0737609000000000 -0.8693890000000000 6
1.9383200000000000 0.0987549000000000 -0.8870950000000000 6
1.9174199999999999 0.1232620000000000 -0.9145210000000000 6
1.3671899999999999 0.0817956000000000 -0.8742640000000000 6
1.3593299999999999 0.1097210000000000 -0.8977190000000000 6
1.8507800000000001 0.0883749000000000 -0.8787980000000000 6
1.8700200000000000 0.0507325000000000 -0.8588400000000000 6
1.9420400000000000 0.1441100000000000 -0.9583780000000000 6
1.4500000000000000 0.1500000000000000 -1.0000000000000000 6
1.3999999999999999 0.1500000000000000 -1.0000000000000000 6
1.8558200000000000 0.1423240000000000 -0.9526310000000000 6
1.8500000000000001 0.1500000000000000 -1.0000000000000000 6
1.8638999999999999 0.1233030000000000 -0.9145810000000000 6
1.9500000000000000 0.1500000000000000 -1.0000000000000000 6
1.9741000000000000 0.1482030000000000 -0.9768510000000000 6
1.3893000000000000 0.1300770000000000 -0.9253010000000000 6
1.5654900000000000 0.1046160000000000 -0.8925030000000000 6
1.5498400000000001 0.1268810000000000 -0.9199920000000000 6
1.5000000000000000 0.1500000000000000 -1.0000000000000000 6
1.5274000000000001 0.1418320000000000 -0.9511780000000000 6
1.2504599999999999 0.1339630000000000 -0.9325180000000000 6
1.2961100000000001 0.1325900000000000 -0.9298590000000000 6
1.3146899999999999 0.1105870000000000 -0.8986570000000000 6
1.3422200000000000 0.1317370000000000 -0.9282680000000000 6
1.3351900000000001 0.0879313000000000 -0.8784760000000000 6
1.2925400000000000 0.0748994000000000 -0.8700380000000000 6
1.6499999999999999 0.1500000000000000 -1.0000000000000000 6
1.7000000000000000 0.1500000000000000 -1.0000000000000000 6
1.6781999999999999 0.1432330000000000 -0.9554530000000000 6
1.4654900000000000 0.0953492000000000 -0.8842050000000000 6
1.9279800000000000 0.0497585000000000 -0.8584940000000000 6
1.4222900000000001 0.1434280000000000 -0.9560850000000000 6
1.6156600000000001 0.1094520000000000 -0.8974320000000000 6
1.5782099999999999 0.1379450000000000 -0.9410830000000000 6
1.6333800000000001 0.1390240000000000 -0.9436780000000000 6
1.6663399999999999 0.1131480000000000 -0.9015240000000000 6
1.4741899999999999 0.1403450000000000 -0.9470540000000000 6
1.4718700000000000 0.1205840000000000 -0.9107840000000000 6
1.4375400000000000 0.1235110000000000 -0.9148820000000000 6
1.6828399999999999 0.0847411000000000 -0.8762300000000000 6
1.6972799999999999 0.0601031000000000 -0.8625680000000000 6
1.9691200000000000 0.0339303000000000 -0.8538880000000000 6
1.7500000000000000 0.1500000000000000 -1.0000000000000000 6
1.7208900000000000 0.0946462000000000 -0.8836290000000000 6
1.7590500000000000 0.1439680000000000 -0.9578920000000000 6
1.5989000000000000 0.0839687000000000 -0.8757050000000000 6
1.5220199999999999 0.0783995000000000 -0.8721190000000000 6
1.5253500000000000 0.0359495000000000 -0.8543720000000000 6
1.7206800000000000 0.1464160000000000 -0.9674050000000000 6
1.7161500000000001 0.1309730000000000 -0.9268840000000000 6
1.0000000000000000 0.0463525000000000 -0.8573420000000000 6
1.0000000000000000 0.0000000000000000 -0.8500000000000000 6
1.0322499999999999 0.0292783000000000 -0.8528850000000000 6
1.2479100000000001 0.0611730000000000 -0.8630409999999999 6
1.2704100000000000 0.0346940000000000 -0.8540670000000000 6
1.2478800000000001 0.0879055000000000 -0.8784570000000000 6
1.7144400000000000 0.0288268000000000 -0.8527960000000000 6
1.6709900000000000 0.0301152000000000 -0.8530540000000000 6
1.2206800000000000 0.0344529000000000 -0.8540100000000000 6
1.4340500000000000 0.0660890000000000 -0.8653440000000000 6
1.3422000000000001 0.0560297000000000 -0.8608570000000000 6
1.6421900000000000 0.0640324000000000 -0.8643540000000000 6
1.3225700000000000 0.1455370000000000 -0.9636800000000000 6
1.3000000000000000 0.1500000000000000 -1.0000000000000000 6
1.2757499999999999 0.1459090000000000 -0.9652090000000000 6
1.3110299999999999 0.0338765000000000 -0.8538750000000001 6
1.0734300000000001 0.1458410000000000 -0.9649240000000000 6
1.1211500000000001 0.1455480000000000 -0.9637250000000001 6
1.1000000000000001 0.1500000000000000 -1.0000000000000000 6
1.1624500000000000 0.1463140000000000 -0.9669510000000000 6
1.0000000000000000 0.1426580000000000 -1.0463499999999999 6
1.0000000000000000 0.1213530000000000 -1.0881700000000001 6
1.9542600000000001 0.1342850000000000 -1.0668400000000000 6
1.0464199999999999 0.1345540000000000 -1.0663000000000000 6
1.0517099999999999 0.1015750000000000 -1.1103700000000001 6
1.1002000000000001 0.1385470000000000 -1.0574900000000000 6
1.2739499999999999 0.1014580000000000 -1.1104799999999999 6
1.2234799999999999 0.1061010000000000 -1.1060300000000001 6
1.2489600000000001 0.0749150000000000 -1.1299500000000000 6
1.5140700000000000 0.0404643000000000 -1.1444399999999999 6
1.8724000000000001 0.1106070000000000 -1.1013200000000001 6
1.1499999999999999 0.0000000000000000 -1.1499999999999999 6
1.7672399999999999 0.0326353000000000 -1.1464099999999999 6
1.4500000000000000 0.0000000000000000 -1.1499999999999999 6
1.7557100000000001 0.1345290000000000 -1.0663499999999999 6
1.3500000000000001 0.0000000000000000 -1.1499999999999999 6
1.3000000000000000 0.0000000000000000 -1.1499999999999999 6
1.2884599999999999 0.0599124000000000 -1.1375200000000001 6
1.4680800000000001 0.0262584000000000 -1.1476800000000000 6
1.6499999999999999 0.0000000000000000 -1.1499999999999999 6
1.9613700000000001 0.1065220000000000 -1.1056100000000000 6
1.9054000000000000 0.0722325000000000 -1.1314599999999999 6
1.9608399999999999 0.0724747000000000 -1.1313299999999999 6
1.7171300000000000 0.1446620000000000 -1.0396600000000000 6
1.7249099999999999 0.0375748000000000 -1.1452199999999999 6
1.7500000000000000 0.0000000000000000 -1.1499999999999999 6
1.2496900000000000 0.0342802000000000 -1.1460300000000001 6
1.1975700000000000 0.0649605000000000 -1.1352000000000000 6
1.2489600000000001 0.1299530000000000 -1.0749100000000000 6
1.1982800000000000 0.1361610000000000 -1.0629299999999999 6
1.0426599999999999 0.0543615000000000 -1.1397999999999999 6
1.8426400000000001 0.0819607000000000 -1.1256299999999999 6
1.9342299999999999 0.0886493000000000 -1.1210000000000000 6
1.9194500000000001 0.1113140000000000 -1.1005400000000001 6
1.7891500000000000 0.1010220000000000 -1.1108800000000001 6
1.8046899999999999 0.0532820000000000 -1.1402200000000000 6
1.0877600000000001 0.0721120000000000 -1.1315299999999999 6
1.8500000000000001 0.0000000000000000 -1.1499999999999999 6
1.2901700000000000 0.1314890000000000 -1.0721900000000000 6
1.1660100000000000 0.1073230000000000 -1.1047899999999999 6
1.0767400000000000 0.1201790000000000 -1.0897600000000001 6
1.1068899999999999 0.1102850000000000 -1.1016699999999999 6
1.0000000000000000 0.0881678000000000 -1.1213500000000001 6
1.6000000000000001 0.1500000000000000 -1.0000000000000000 6
1.5500000000000000 0.1500000000000000 -1.0000000000000000 6
1.3723600000000000 0.1216250000000000 -1.0877900000000000 6
1.3890400000000001 0.1351540000000000 -1.0650599999999999 6
1.8294299999999999 0.1135910000000000 -1.0979600000000000 6
1.8576200000000000 0.0356167000000000 -1.1457100000000000 6
1.7010700000000001 0.1294730000000000 -1.0757399999999999 6
1.1000000000000001 0.0000000000000000 -1.1499999999999999 6
1.1499999999999999 0.1500000000000000 -1.0000000000000000 6
1.1448300000000000 0.1299300000000000 -1.0749500000000001 6
1.2000000000000000 0.1500000000000000 -1.0000000000000000 6
1.1488799999999999 0.1462220000000000 -1.0334500000000000 6
1.7555900000000000 0.0691243000000000 -1.1331199999999999 6
1.7324299999999999 0.1060480000000000 -1.1060800000000000 6
1.6659999999999999 0.1433840000000000 -1.0440600000000000 6
1.3322799999999999 0.1039380000000000 -1.1081500000000000 6
1.5796699999999999 0.1164530000000000 -1.0945400000000001 6
1.0841300000000000 0.0372562000000000 -1.1453000000000000 6
1.9452600000000000 0.0330556000000000 -1.1463099999999999 6
1.9020699999999999 0.0358139000000000 -1.1456599999999999 6
1.5675600000000001 0.0363396000000000 -1.1455299999999999 6
1.1392700000000000 0.0738174000000000 -1.1305799999999999 6
1.6775400000000000 0.1057710000000000 -1.1063600000000000 6
1.7035800000000001 0.0752331000000000 -1.1297699999999999 6
1.3815000000000000 0.1030120000000000 -1.1090300000000000 6
1.1197200000000000 0.0380535000000000 -1.1450899999999999 6
1.1576599999999999 0.0382558000000000 -1.1450400000000001 6
1.5768500000000001 0.1420710000000000 -1.0481199999999999 6
1.4969800000000000 0.0889085000000000 -1.1208100000000001 6
1.4534499999999999 0.0609173000000000 -1.1370700000000000 6
1.3500000000000001 0.1500000000000000 -1.0000000000000000 6
1.3423600000000000 0.1389500000000000 -1.0565100000000001 6
1.5309200000000001 0.1241970000000000 -1.0841099999999999 6
1.4703100000000000 0.1250260000000000 -1.0828800000000001 6
1.5553800000000000 0.0815542000000000 -1.1258900000000001 6
1.3737500000000000 0.0797402000000000 -1.1270500000000001 6
1.3441500000000000 0.0484264000000000 -1.1419699999999999 6
1.6199200000000000 0.1328140000000000 -1.0697200000000000 6
1.6576400000000000 0.1256100000000000 -1.0819900000000000 6
1.6579200000000001 0.0792788000000000 -1.1273400000000000 6
1.6135699999999999 0.0582298000000000 -1.1382399999999999 6
1.5930700000000000 0.0919881000000000 -1.1184799999999999 6
1.6236400000000000 0.1053130000000000 -1.1068100000000001 6
1.8004899999999999 0.1456400000000000 -1.0359000000000000 6
1.8047599999999999 0.1278310000000000 -1.0784800000000001 6
1.8467700000000000 0.1380030000000000 -1.0587800000000001 6
1.8999999999999999 0.1500000000000000 -1.0000000000000000 6
1.8986200000000000 0.1345550000000000 -1.0663000000000000 6
1.0324300000000000 0.1471210000000000 -1.0292500000000000 6
1.0500000000000000 0.0000000000000000 -1.1499999999999999 6
1.0231600000000001 0.0255626000000000 -1.1478100000000000 6
1.2966100000000000 0.1471570000000000 -1.0290699999999999 6
1.2471399999999999 0.1440830000000000 -1.0417200000000000 6
1.2500000000000000 0.1500000000000000 -1.0000000000000000 6
1.0657500000000000 0.1467290000000000 -1.0311600000000001 6
1.0500000000000000 0.1500000000000000 -1.0000000000000000 6
1.9254100000000001 0.1465140000000000 -1.0321499999999999 6
1.9659300000000000 0.1470570000000000 -1.0295700000000001 6
1.8841600000000001 0.1465370000000000 -1.0320400000000001 6
1.6214200000000001 0.1463250000000000 -1.0329999999999999 6
1.4258299999999999 0.1419790000000000 -1.0483899999999999 6
1.3829800000000001 0.1458950000000000 -1.0348500000000000 6
1.4166500000000000 0.1173760000000000 -1.0933999999999999 6
1.4228900000000000 0.0281030000000000 -1.1473400000000000 6
1.3824600000000000 0.0266983000000000 -1.1476000000000000 6
1.3952400000000000 0.0552913000000000 -1.1394400000000000 6
1.6730700000000001 0.0436865000000000 -1.1435000000000000 6
1.4541200000000001 0.0939258000000000 -1.1169500000000001 6
1.4124500000000000 0.0865136000000000 -1.1225400000000001 6
1.5319199999999999 0.1450310000000000 -1.0382899999999999 6
1.4695900000000000 0.1450920000000000 -1.0380499999999999 6
1.5018199999999999 0.1399230000000000 -1.0540499999999999 6
1.9540800000000000 -0.0670083000000000 -1.1342000000000001 6
1.0657500000000000 -0.0311566000000000 -1.1467300000000000 6
1.9500000000000000 0.0000000000000000 -1.1499999999999999 6
1.9235500000000001 -0.0330384000000000 -1.1463200000000000 6
1.9185700000000001 -0.1007700000000000 -1.1111100000000000 6
1.0767400000000000 -0.0897615000000000 -1.1201800000000000 6
1.0464199999999999 -0.0662964000000000 -1.1345499999999999 6
1.2489600000000001 -0.0749150000000000 -1.1299500000000000 6
1.2234799999999999 -0.1060310000000000 -1.1061000000000001 6
1.2489600000000001 -0.1299530000000000 -1.0749100000000000 6
1.4941100000000000 -0.0569729000000000 -1.1387600000000000 6
1.4810200000000000 -0.1054860000000000 -1.1066400000000001 6
1.0000000000000000 -0.0881678000000000 -1.1213500000000001 6
1.9613799999999999 -0.1056080000000000 -1.1065199999999999 6
1.5000000000000000 0.0000000000000000 -1.1499999999999999 6
1.5104599999999999 -0.1317590000000000 -1.0716900000000000 6
1.7000000000000000 0.0000000000000000 -1.1499999999999999 6
1.9330099999999999 -0.1213180000000000 -1.0882200000000000 6
1.8972300000000000 -0.1346250000000000 -1.0661499999999999 6
1.6000000000000001 -0.1500000000000000 -1.0000000000000000 6
1.6000000000000001 0.0000000000000000 -1.1499999999999999 6
1.7500000000000000 -0.1500000000000000 -1.0000000000000000 6
1.5207800000000000 -0.1469260000000000 -1.0302100000000001 6
1.5637099999999999 -0.1430420000000000 -1.0451600000000001 6
1.9354199999999999 -0.1467170000000000 -1.0312100000000000 6
1.9680599999999999 -0.1472550000000000 -1.0285700000000000 6
1.2500000000000000 0.0000000000000000 -1.1499999999999999 6
1.1982800000000000 -0.0629290000000000 -1.1361600000000001 6
1.2000000000000000 0.0000000000000000 -1.1499999999999999 6
1.2500000000000000 -0.1500000000000000 -1.0000000000000000 6
1.2508800000000000 -0.1442510000000000 -1.0411300000000001 6
1.0841300000000000 -0.1453000000000000 -1.0372600000000001 6
1.8631300000000000 -0.0997244000000000 -1.1120500000000000 6
1.2480000000000000 -0.0350775000000000 -1.1458400000000000 6
1.8482099999999999 -0.1455600000000000 -1.0362199999999999 6
1.9548600000000000 -0.1360780000000000 -1.0631100000000000 6
1.1068899999999999 -0.1016720000000000 -1.1102900000000000 6
1.0517099999999999 -0.1103750000000000 -1.1015699999999999 6
1.0000000000000000 -0.1213530000000000 -1.0881700000000001 6
1.1197200000000000 -0.1450930000000000 -1.0380499999999999 6
1.1448300000000000 -0.0749541000000000 -1.1299300000000001 6
1.1488799999999999 -0.0334531000000000 -1.1462200000000000 6
1.1002000000000001 -0.0574860000000000 -1.1385500000000000 6
1.2739400000000001 -0.1104820000000000 -1.1014600000000001 6
1.2963000000000000 -0.0669709000000000 -1.1342200000000000 6
1.1975700000000000 -0.1352040000000000 -1.0649599999999999 6
1.1660100000000000 -0.1047940000000000 -1.1073200000000001 6
1.5960700000000001 -0.1225070000000000 -1.0865600000000000 6
1.8970499999999999 -0.0669975000000000 -1.1342099999999999 6
1.8476999999999999 -0.0602746000000000 -1.1373599999999999 6
1.8999999999999999 0.0000000000000000 -1.1499999999999999 6
1.1392700000000000 -0.1305790000000000 -1.0738200000000000 6
1.0877600000000001 -0.1315290000000000 -1.0721099999999999 6
1.4254199999999999 -0.1039830000000000 -1.1081099999999999 6
1.1576599999999999 -0.1450400000000000 -1.0382600000000000 6
1.8315100000000000 -0.0812828000000000 -1.1260699999999999 6
1.6174700000000000 -0.0891522000000000 -1.1206300000000000 6
1.8023100000000001 -0.1359450000000000 -1.0633999999999999 6
1.8000000000000000 0.0000000000000000 -1.1499999999999999 6
1.7616499999999999 -0.0865217000000000 -1.1225300000000000 6
1.6625700000000001 -0.1216790000000000 -1.0877200000000000 6
1.8397300000000001 -0.1262580000000000 -1.0809899999999999 6
1.8051400000000000 -0.1029210000000000 -1.1091200000000001 6
1.5664499999999999 -0.0922694000000000 -1.1182600000000000 6
1.6326799999999999 -0.0427413000000000 -1.1437800000000000 6
1.6620699999999999 -0.0839140000000000 -1.1243300000000001 6
1.3337800000000000 -0.0402612000000000 -1.1445000000000001 6
1.3739500000000000 -0.1152280000000000 -1.0960300000000001 6
1.4097800000000000 -0.1368910000000000 -1.0613300000000001 6
1.3384300000000000 -0.1354950000000000 -1.0643499999999999 6
1.3719500000000000 -0.0445404000000000 -1.1432300000000000 6
1.6221900000000000 -0.1427980000000000 -1.0459200000000000 6
1.6681200000000000 -0.1453790000000000 -1.0369500000000000 6
1.5500000000000000 0.0000000000000000 -1.1499999999999999 6
1.5220700000000000 -0.0983345000000000 -1.1132700000000000 6
1.5388299999999999 -0.0511572000000000 -1.1410100000000001 6
1.5850400000000000 -0.0466164000000000 -1.1425700000000001 6
1.4553600000000000 -0.1328310000000000 -1.0696800000000000 6
1.7326800000000000 -0.0481743000000000 -1.1420500000000000 6
1.7076899999999999 -0.0927536000000000 -1.1178800000000000 6
1.6796500000000001 -0.0442422000000000 -1.1433300000000000 6
1.4523400000000000 -0.0663613000000000 -1.1345200000000000 6
1.5512600000000001 -0.1218960000000000 -1.0874100000000000 6
1.4360700000000000 -0.0314695000000000 -1.1466600000000000 6
1.3999999999999999 0.0000000000000000 -1.1499999999999999 6
1.7143200000000001 -0.1411940000000000 -1.0506400000000000 6
1.7518199999999999 -0.1221450000000000 -1.0870700000000000 6
1.7091000000000001 -0.1218110000000000 -1.0875300000000001 6
1.3867200000000000 -0.0826317000000000 -1.1251899999999999 6
1.4122699999999999 -0.0576664000000000 -1.1384700000000001 6
1.4500000000000000 -0.1500000000000000 -1.0000000000000000 6
1.7636900000000000 -0.1441580000000000 -1.0414500000000000 6
1.7952500000000000 -0.0512926000000000 -1.1409600000000000 6
1.3741900000000000 -0.1392150000000000 -1.0558500000000000 6
1.4286700000000001 -0.1468640000000000 -1.0305100000000000 6
1.0426599999999999 -0.1398030000000000 -1.0543600000000000 6
1.0231600000000001 -0.1478060000000000 -1.0255600000000000 6
1.9655300000000000 -0.0297808000000000 -1.1470100000000001 6
1.3500000000000001 -0.1500000000000000 -1.0000000000000000 6
1.3000000000000000 -0.1500000000000000 -1.0000000000000000 6
1.2912699999999999 -0.1321730000000000 -1.0709200000000001 6
1.2967599999999999 -0.1469420000000000 -1.0301300000000000 6
1.0324300000000000 -0.0292472000000000 -1.1471199999999999 6
1.8752899999999999 -0.0320776000000000 -1.1465300000000000 6
1.4775400000000001 -0.1459980000000000 -1.0344199999999999 6
1.4651600000000000 -0.0310093000000000 -1.1467600000000000 6
1.3489400000000000 -0.0795680000000000 -1.1271599999999999 6
1.8334200000000000 -0.0289885000000000 -1.1471700000000000 6
1.3204700000000000 -0.1098690000000000 -1.1021200000000000 6
1.0469500000000000 -0.1341190000000000 -0.9328290000000000 6
1.0393200000000000 -0.1055190000000000 -0.8933900000000000 6
1.0875300000000001 -0.1151080000000000 -0.9038220000000000 6
1.8654999999999999 -0.1418480000000000 -0.9512240000000000 6
1.8999999999999999 -0.1500000000000000 -1.0000000000000000 6
1.0000000000000000 -0.1213530000000000 -0.9118320000000000 6
1.1169300000000000 -0.1470350000000000 -0.9703210000000000 6
1.1499999999999999 -0.1500000000000000 -1.0000000000000000 6
1.1000000000000001 -0.1500000000000000 -1.0000000000000000 6
1.1539500000000000 -0.1410380000000000 -0.9489280000000000 6
1.2000000000000000 -0.1500000000000000 -1.0000000000000000 6
1.1802800000000000 -0.1472600000000000 -0.9714620000000000 6
1.0785000000000000 -0.0913064000000000 -0.8809910000000000 6
1.5288200000000001 -0.0283790000000000 -0.8527090000000001 6
1.3999999999999999 -0.1500000000000000 -1.0000000000000000 6
1.7516600000000000 -0.0483518000000000 -0.8580070000000000 6
1.8000000000000000 0.0000000000000000 -0.8500000000000000 6
1.7889400000000000 -0.0323916000000000 -0.8535390000000000 6
1.5000000000000000 -0.1500000000000000 -1.0000000000000000 6
1.0486700000000000 -0.0676605000000000 -0.8661270000000000 6
1.0750800000000000 -0.0337288000000000 -0.8538410000000000 6
1.9500000000000000 0.0000000000000000 -0.8500000000000000 6
1.0000000000000000 -0.0463525000000000 -0.8573420000000000 6
1.2000000000000000 0.0000000000000000 -0.8500000000000000 6
1.1649099999999999 -0.0329745000000000 -0.8536690000000000 6
1.2083500000000000 -0.0533422000000000 -0.8598050000000000 6
1.1424600000000000 -0.1171330000000000 -0.9062990000000000 6
1.1055900000000001 -0.1357110000000000 -0.9361050000000000 6
1.5191300000000001 -0.0853436000000000 -0.8766450000000000 6
1.2562000000000000 -0.0609235000000000 -0.8629289999999999 6
1.9708500000000000 -0.1064050000000000 -0.8942740000000000 6
1.6499999999999999 -0.1500000000000000 -1.0000000000000000 6
1.6765000000000001 -0.1468520000000000 -0.9694330000000000 6
1.7000000000000000 -0.1500000000000000 -1.0000000000000000 6
1.2338300000000000 -0.0832572000000000 -0.8752270000000000 6
1.2248200000000000 -0.1263390000000000 -0.9191390000000000 6
1.6485300000000001 -0.1418350000000000 -0.9511860000000000 6
1.6148700000000000 -0.1452780000000000 -0.9626600000000000 6
1.1861800000000000 -0.1274990000000000 -0.9209810000000000 6
1.5500000000000000 -0.1500000000000000 -1.0000000000000000 6
1.5731400000000000 -0.1447600000000000 -0.9606980000000001 6
1.5226999999999999 -0.1442530000000000 -0.9588760000000000 6
1.6612499999999999 -0.1235390000000000 -0.9149220000000000 6
1.1123600000000000 -0.0943762000000000 -0.8834100000000000 6
1.1485399999999999 -0.0740595000000000 -0.8695580000000001 6
1.5429800000000000 -0.0604842000000000 -0.8627350000000000 6
1.5940900000000000 -0.0589522000000000 -0.8620700000000000 6
1.5642700000000000 -0.0983536000000000 -0.8867460000000000 6
1.8000000000000000 -0.1500000000000000 -1.0000000000000000 6
1.8508400000000000 -0.1209160000000000 -0.9112350000000000 6
1.8017500000000000 -0.1096890000000000 -0.8976850000000000 6
1.8500000000000001 -0.1500000000000000 -1.0000000000000000 6
1.7115600000000000 -0.1159770000000000 -0.9048710000000000 6
1.7827200000000001 -0.1315650000000000 -0.9279530000000000 6
1.7679199999999999 -0.1433730000000000 -0.9559080000000000 6
1.8165700000000000 -0.1402310000000000 -0.9467520000000000 6
1.7471000000000001 -0.0903128000000000 -0.8802350000000000 6
1.7506600000000001 -0.1249280000000000 -0.9169750000000000 6
1.7962800000000001 -0.0695586000000000 -0.8671030000000000 6
1.6287400000000001 -0.0989195000000000 -0.8872390000000000 6
1.6886000000000001 -0.0871509000000000 -0.8779150000000000 6
1.7010300000000000 -0.0377485000000000 -0.8548280000000000 6
1.6439500000000000 -0.0529802000000000 -0.8596680000000000 6
1.7221000000000000 -0.0668834000000000 -0.8657370000000000 6
1.3908300000000000 -0.1286010000000000 -0.9227880000000001 6
1.3983399999999999 -0.0985050000000000 -0.8868770000000000 6
1.8341400000000001 -0.0460666000000000 -0.8572490000000000 6
1.4405500000000000 -0.1212530000000000 -0.9116960000000000 6
1.3957200000000001 -0.0547816000000000 -0.8603610000000000 6
1.3481000000000001 -0.0416901000000000 -0.8559099999999999 6
1.4244300000000001 -0.1432190000000000 -0.9554090000000000 6
1.4701599999999999 -0.1431060000000000 -0.9550470000000000 6
1.3760399999999999 -0.1448160000000000 -0.9609060000000000 6
1.3535400000000000 -0.1351730000000000 -0.9349750000000000 6
1.7075499999999999 -0.1414300000000000 -0.9500260000000000 6
1.3258099999999999 -0.1452490000000000 -0.9625470000000000 6
1.2713000000000001 -0.1412360000000000 -0.9494780000000000 6
1.3520600000000000 -0.1124140000000000 -0.9006870000000000 6
1.3116000000000001 -0.1245450000000000 -0.9164030000000000 6
1.2569800000000000 -0.1081340000000000 -0.8960430000000000 6
1.3557999999999999 -0.0777054000000000 -0.8716960000000000 6
1.9608500000000000 -0.0755069000000000 -0.8703900000000000 6
1.9591000000000001 -0.0357262000000000 -0.8543170000000000 6
1.3000000000000000 0.0000000000000000 -0.8500000000000000 6
1.2500000000000000 0.0000000000000000 -0.8500000000000000 6
1.8401099999999999 -0.0852645000000000 -0.8765900000000000 6
1.8795700000000000 -0.0754725000000000 -0.8703700000000000 6
1.0000000000000000 -0.1500000000000000 -1.0000000000000000 6
1.0344100000000001 -0.1470880000000000 -0.9705850000000000 6
1.9500000000000000 -0.1500000000000000 -1.0000000000000000 6
1.9677000000000000 -0.1459560000000000 -0.9654040000000000 6
1.4876700000000000 -0.0505807000000000 -0.8587850000000000 6
1.4415400000000000 -0.0793135000000000 -0.8726840000000000 6
1.4832000000000001 -0.0990328000000000 -0.8873390000000000 6
1.5219000000000000 -0.1093890000000000 -0.8973650000000000 6
1.4973500000000000 -0.1271840000000000 -0.9204750000000000 6
1.4500000000000000 0.0000000000000000 -0.8500000000000000 6
1.4356899999999999 -0.0389542000000000 -0.8551460000000000 6
1.3022100000000001 -0.0316700000000000 -0.8533809999999999 6
1.3089599999999999 -0.0817664000000000 -0.8742450000000000 6
1.9239100000000000 -0.1413670000000000 -0.9498460000000000 6
1.9640700000000000 -0.1307300000000000 -0.9264490000000000 6
1.9219400000000000 -0.1070040000000000 -0.8948800000000000 6
1.8805300000000000 -0.1034240000000000 -0.8913570000000000 6
1.8870400000000001 -0.1252400000000000 -0.9174470000000000 6
1.0361600000000000 -0.0300945000000000 -0.8530500000000000 6
1.0500000000000000 0.0000000000000000 -0.8500000000000000 6
1.0500000000000000 -0.1500000000000000 -1.0000000000000000 6
1.0750900000000001 -0.1467540000000000 -0.9689640000000000 6
1.5500000000000000 0.0000000000000000 -0.8500000000000000 6
1.5631800000000000 -0.0300735000000000 -0.8530460000000000 6
1.2010200000000000 -0.1021240000000000 -0.8901330000000000 6
1.2086300000000001 -0.1403460000000000 -0.9470570000000000 6
1.6056999999999999 -0.1299250000000000 -0.9250360000000000 6
1.0979800000000000 -0.0669370000000000 -0.8657629999999999 6
1.5455700000000001 -0.1288080000000000 -0.9231340000000000 6
1.1499999999999999 0.0000000000000000 -0.8500000000000000 6
1.1227499999999999 -0.0353488000000000 -0.8542250000000000 6
1.8844500000000000 -0.0354714000000000 -0.8542540000000000 6
1.9214599999999999 -0.0267440000000000 -0.8524030000000000 6
1.9215500000000001 -0.0603108000000000 -0.8626590000000000 6
0.1003667912209749 0.1371946753309820 0.0000000000000000 2
0.1125657824419497 0.1530363506619641 0.0000000000000000 2
0.0529518864865939 0.1615343121732484 0.0000000000000000 2
0.0595512729731877 0.1804106243464968 0.0000000000000000 2
0.0000397625140377 0.1699956668356175 0.0000000000000000 2
0.0000795250280754 0.1899913336712350 0.0000000000000000 2
-0.0526155618370274 0.1616505011258073 0.0000000000000000 2
-0.0588786236740549 0.1806430022516147 0.0000000000000000 2
-0.0999444097955514 0.1375180812290765 0.0000000000000000 2
-0.1117210195911029 0.1536831624581530 0.0000000000000000 2
-0.1376009588371102 0.0998291604822406 0.0000000000000000 2
-0.1538489176742205 0.1114905209644811 0.0000000000000000 2
-0.1616974841681550 0.0524753012237847 0.0000000000000000 2
-0.1807369683363099 0.0585981024475695 0.0000000000000000 2
-0.1699990291244375 0.0000000000000000 0.0000000000000000 0
-0.1899980582488749 0.0000000000000000 0.0000000000000000 0
-0.1616974841681550 -0.0524753012237847 0.0000000000000000 2
-0.1807369683363099 -0.0585981024475695 0.0000000000000000 2
-0.1376009588371102 -0.0998291604822406 0.0000000000000000 2
-0.1538489176742205 -0.1114905209644811 0.0000000000000000 2
-0.0999444097955514 -0.1375180812290765 0.0000000000000000 2
-0.1117210195911029 -0.1536831624581530 0.0000000000000000 2
-0.0526155618370274 -0.1616505011258073 0.0000000000000000 2
-0.0588786236740549 -0.1806430022516147 0.0000000000000000 2
0.0000397625140377 -0.1699956668356175 0.0000000000000000 2
0.0000795250280754 -0.1899913336712350 0.0000000000000000 2
0.0529518864865939 -0.1615343121732484 0.0000000000000000 2
0.0595512729731877 -0.1804106243464968 0.0000000000000000 2
0.1003667912209749 -0.1371946753309820 0.0000000000000000 2
0.1125657824419497 -0.1530363506619641 0.0000000000000000 2
0.1378490977670654 -0.0994562773729434 0.0000000000000000 2
0.1543451955341307 -0.1107447547458867 0.0000000000000000 2
0.1617166087499708 -0.0523534054093619 0.0000000000000000 2
0.1807752174999416 -0.0583543108187238 0.0000000000000000 2
0.1699730768082362 0.0000000000000000 0.0000000000000000 0
0.1899461536164723 0.0000000000000000 0.0000000000000000 0
0.1617166087499708 0.0523534054093619 0.0000000000000000 2
0.1807752174999416 0.0583543108187238 0.0000000000000000 2
2.0000000000000000 0.0528039700701535 -0.8384166357069351 3
2.0000000000000000 0.0592554401403070 -0.8194912714138702 3
2.0000000000000000 0.0000000000000000 -0.8300040918083657 1
2.0000000000000000 0.0000000000000000 -0.8100081836167313 1
2.0000000000000000 -0.0529838873160597 -0.8384757484814880 3
2.0000000000000000 -0.0596152746321194 -0.8196094969629759 3
2.0000000000000000 -0.1001276758227650 -0.8626239044142965 3
2.0000000000000000 -0.1120875516455301 -0.8466008088285929 3
2.0000000000000000 -0.1374267093963090 -0.8999403950040302 3
2.0000000000000000 -0.1535004187926180 -0.8880487900080606 3
2.0000000000000000 -0.1615577524908305 -0.9471155293003207 3
2.0000000000000000 -0.1804575049816609 -0.9405840586006414 3
2.0000000000000000 -0.1699935095878987 -0.9998963455870559 3
2.0000000000000000 -0.1899870191757975 -0.9997926911741117 3
2.0000000000000000 -0.1616982903661163 -1.0524553676287520 3
2.0000000000000000 -0.1807385807322326 -1.0585607352575039 3
2.0000000000000000 -0.1375696513780866 -1.0998738213004120 3
2.0000000000000000 -0.1537863027561732 -1.1115776426008230 3
2.0000000000000000 -0.0999256979187837 -1.1375261623007400 3
2.0000000000000000 -0.1116835958375673 -1.1537023246014810 3
2.0000000000000000 -0.0525823849240399 -1.1616610858028029 3
2.0000000000000000 -0.0588122698480798 -1.1806621716056060 3
2.0000000000000000 0.0000000000000000 -1.1699961215008741 1
2.0000000000000000 0.0000000000000000 -1.1899922430017480 1
2.0000000000000000 0.0529061512221456 -1.1615531657564160 3
2.0000000000000000 0.0594598024442911 -1.1804463315128320 3
2.0000000000000000 0.1000251551829793 -1.1374518370153739 3
2.0000000000000000 0.1118825103659586 -1.1535536740307470 3
2.0000000000000000 0.1375322801185370 -1.0999236544794391 3
2.0000000000000000 0.1537115602370739 -1.1116773089588770 3
2.0000000000000000 0.1616622649595103 -1.0525697772765030 3
2.0000000000000000 0.1806665299190206 -1.0587895545530059 3
2.0000000000000000 0.1699903032083597 -1.0001101953415350 3
2.0000000000000000 0.1899806064167194 -1.0002203906830700 3
2.0000000000000000 0.1616119810419421 -0.9472793914935717 3
2.0000000000000000 0.1805659620838841 -0.9409117829871433 3
2.0000000000000000 0.1372065450568656 -0.8996482427831732 3
2.0000000000000000 0.1530600901137313 -0.8874644855663465 3
0.9633057162060007 0.0833654711967440 -0.8064260608395215 10
0.2537268283783555 0.1624127783512922 -0.4410797900296373 10
0.1935739352606749 0.0833654800875357 -0.0366942849616385 10
0.1870472443568731 0.1034769446015023 -0.0838303403616458 10
0.9081108198249677 0.0000000000000000 -0.7846384183379228 10
0.1615885045330784 0.1353870109903301 -0.0423399290664917 10
0.1431908886419168 0.1573499188097089 -0.0842315702650897 10
0.4931870848766408 0.1464748479408317 -0.6817866410707462 10
0.6180655143977739 0.2099948748073085 -0.9236460704129414 10
0.2098761649348312 0.1982309504576787 -0.4918477343028553 10
0.1432150025263750 0.2099921540603806 -0.5138787001432112 10
0.1873375121845819 0.1982363482859075 -0.4536867525870916 10
0.4859294554209216 0.2099933295143696 -0.8568349304132669 10
0.5277417007808117 0.2099890431268600 -0.8826778806899133 10
0.5462982807791817 0.1983745369735670 -0.8131273435862411 10
0.5544896688919825 0.1690773256210056 -0.7536143449725227 10
0.0962669711958162 0.2099985479019134 -0.4278845068072152 10
0.5910396917632069 0.2020650219459973 -0.8495153802847554 10
0.9537389985297318 0.1801524073027804 -0.8908894733148867 10
0.4445628559159196 0.1129163248789923 -0.6072271992033809 10
0.8795621089826845 0.1426339914420406 -0.8372578916414825 10
0.5284462161525000 -0.0000000000000000 -0.6338284279822763 10
0.5086546220211779 0.0941892010231473 -0.6468566637542609 10
0.5145718568933302 0.0457093041162471 -0.6296364816223667 10
0.7250362239714215 0.1992076543158318 -0.8921730035999323 10
0.1091107944600721 0.1801524237895705 -0.0462609148385819 10
0.9511079547495744 0.2050927144486746 -0.9536144661832123 10
0.3812133276196610 0.0641445228305129 -0.5071130633837534 10
0.6326348228006485 0.1710571257433894 -0.7976582134542555 10
0.6482250803295911 0.1996113514573186 -0.8660557680216537 10
0.2221002962927523 0.0000000000000000 -0.1377590511302919 10
0.0729862360802652 0.2034409574480849 -0.1982787331634366 10
0.8017211218755734 0.2034409371928281 -0.9270132600402836 10
0.7566490248313196 0.2099981774038972 -0.9697462446054871 10
0.7099612211861658 0.2099913980810899 -0.9559543370740006 10
0.4256784558906646 0.0894794846109618 -0.5712141708489467 10
0.4624476451854801 0.0533496684004184 -0.5882835983608699 10
0.2068079836337979 0.0394087714483209 -0.0292928049793852 10
0.9707068056164962 0.0394087737947602 -0.7931920172848101 10
0.9161693641535148 0.1034769463172829 -0.8129527570880394 10
0.8709831151554177 0.0974638795107064 -0.8037123567554354 10
0.1962876902374813 0.0974637382796484 -0.1290166745602715 10
0.2652308400686677 0.1755162336266064 -0.4927932832111239 10
0.5078349441741667 0.1985497600017062 -0.7910490321917937 10
0.9998385916355763 0.2099997452782068 -0.9999328145089998 10
0.4826350151408697 0.0723023724093391 -0.6139112122907324 10
0.2118981768469719 0.0493979393497505 -0.1111060234783479 10
0.8888939758487450 0.0493979508618764 -0.7881018259563708 10
0.0058382178880539 0.2099899896941656 -0.0984104371482960 10
-0.0000394094109319 0.2099867975882368 -0.0492592854142502 10
0.0463851665355380 0.2050927288390493 -0.0488918050687042 10
0.9507404457592945 0.2099868097804804 -1.0000383661300380 10
0.8409536566588953 0.0625482606045407 -0.7835706525960437 10
0.3927810829225083 0.1527175182518645 -0.6031441203871356 10
0.3873522745256367 0.1116994879999361 -0.5482950907858651 10
0.3383611563550915 0.1688052206276461 -0.5727142852293221 10
0.8420254072839163 0.1358398035130612 -0.8248710773047572 10
0.4443694719474916 0.2099967708163037 -0.8320895385143728 10
0.4037755465813339 0.2099828297043765 -0.8045436793629381 10
0.1667509501880067 0.2099690797139899 -0.5563078753441945 10
0.0615660440374519 0.2044029447496944 -0.1591920709812450 10
0.1196077693898263 0.1807398374757185 -0.1500178388295592 10
0.1339599230745566 0.1996063833658769 -0.3517701430184553 10
0.1136431623021522 0.2077498853868016 -0.3924430449033830 10
0.6075582008569408 0.2077498986266614 -0.8863590632992501 10
0.8179202054299185 -0.0000000000000000 -0.7687305923953173 10
0.7945268510433409 0.0576851056885502 -0.7711761052519336 10
0.2164294684975268 0.0625478373782197 -0.1590462276518581 10
0.8408080102464180 0.2044029258284115 -0.9384342887649627 10
0.8048212848109305 0.2099994088879092 -0.9810361229115554 10
0.8022380469941046 0.1735742574451793 -0.8593354382671521 10
0.8499820730728898 0.1807399063259901 -0.8803931334800968 10
0.7735301820512491 0.0000000000000000 -0.7568431651647314 10
0.3260284175743403 0.1961641488491093 -0.6336453318406355 10
0.2601102353840542 0.2099873499887546 -0.6709332038780168 10
0.2716383265378373 0.1968358043692066 -0.5731504374556521 10
0.2877817792489574 0.2016351790840034 -0.6154932407595145 10
0.2272730073468236 0.2099947270112724 -0.6336496039517522 10
0.4390299534563509 0.1956727679419537 -0.7339298958492768 10
0.4606877383000236 0.2029845129356224 -0.7774269613333130 10
0.3944640798108123 0.1975950497610105 -0.7043958854693390 10
0.4438498594478179 0.1686274338263043 -0.6753233593612022 10
0.4385565519156921 0.0399262705892963 -0.5612019031959926 10
0.5006079533519482 0.1776253814901076 -0.7342530915120377 10
0.5918147810289407 0.1779832041602357 -0.7892450766207081 10
0.6120962800087661 0.1364250663312658 -0.7454694130126617 10
0.1504963028230858 0.2020612893317753 -0.4089522922928446 10
0.2114773665711225 0.1775245857809322 -0.4079912552344904 10
0.1946756251321023 0.1636940533245458 -0.3251036631469881 10
0.2029014069679887 0.1706894218199822 -0.3673395038327831 10
0.8010065309341756 0.1205057821690339 -0.8037500312042249 10
0.4675115775090362 0.1284018621620984 -0.6416594127613896 10
0.2899732644705254 0.0625537532546017 -0.3676205735369959 10
0.6883935600620014 0.2035571415664360 -0.8957512360076574 10
0.7033598954966865 0.1834297381473112 -0.8473334478109156 10
0.1042518102362981 0.2035564452512125 -0.3116055495235078 10
0.1078349382981969 0.1992046693203470 -0.2749590421658412 10
1.0002891319158980 0.1694061159528032 -0.8759040937158640 10
0.9576603099151164 0.1353870435947701 -0.8384115207155473 10
0.2422943962330842 0.0467341960281772 -0.2415212653041763 10
0.2289189164867176 0.0573210990880403 -0.2054253306497792 10
0.3525458155585431 0.1226903825696889 -0.5186544931772417 10
0.3162330211003605 0.1649809222921038 -0.5380558432476363 10
0.3151524171710349 0.1456876935029253 -0.5013727254411322 10
0.2818046014958798 0.1797001093654581 -0.5278989305579375 10
0.2341099245485133 0.2001879194255648 -0.5390407920028254 10
0.1532901921462393 0.1830479143988550 -0.2963873711148158 10
0.2430685626437981 -0.0000000000000000 -0.2261795749550777 10
0.2449073720874771 0.0730999539402716 -0.2736066419528804 10
0.2182925929923675 0.1028600068576864 -0.2372517211651485 10
0.4116035188169689 0.0520684230132903 -0.5369317598892462 10
0.3056498416222158 0.1213620708905003 -0.4522137194157878 10
0.9015895695422289 0.2099899848912080 -0.9941618063587333 10
0.0791104986866183 0.1968586046584912 -0.1052817578089753 10
0.0113851439155266 0.2099948934257157 -0.1461847303885555 10
0.7532468381748548 0.1655326688860594 -0.8350895455513261 10
0.1963874700228840 0.1203355362727165 -0.1990533463349636 10
0.1654344821388158 0.1651895555936047 -0.2469577518490379 10
0.4206757945080134 0.1616841217942241 -0.6437064200525073 10
0.3617562329928160 0.1962779855753051 -0.6699930146880824 10
0.7582655879855383 0.2002381614324491 -0.9049920153269796 10
0.1406692234413695 0.1735714276945865 -0.1977615096528153 10
0.6742599926752508 0.1642225566636921 -0.8058003457515325 10
0.3399640915455086 -0.0000000000000000 -0.4341121919901557 10
0.2662649688472120 0.0941384255037026 -0.3484759558781129 10
0.2402821489069287 0.1226463854427867 -0.3331084023946629 10
0.2580532598894959 0.1283992250776112 -0.3805191188449405 10
0.2440126923392247 0.0978854003877077 -0.3023559256692472 10
0.2124834222874000 0.1332554274774573 -0.2855954693399547 10
0.2684223715611219 0.0577358819476264 -0.3189841286801864 10
0.7099440097207309 0.1437047655796774 -0.7956627093713939 10
0.6680329322345361 0.1237798488778074 -0.7611133239938684 10
0.8947181200393641 0.1968585825606535 -0.9208893234556692 10
0.9157682951055660 0.1573499719741632 -0.8568091693020109 10
0.8859189493256765 0.1721406069797848 -0.8722991782626143 10
0.1627422621739331 0.1426337937068995 -0.1204376441187342 10
0.1277012035482853 0.1721405132903552 -0.1140806967526313 10
0.1751304957054683 0.1358384463322116 -0.1579746977627734 10
0.0950147963346998 0.2002368495149306 -0.2417340302865840 10
0.3466301832373005 0.0851752179159331 -0.4754499168422351 10
0.2987212285154396 0.0898848011782802 -0.4057672389418712 10
0.3335229771997403 0.0517210952712338 -0.4360932028500883 10
0.7521337294915397 0.0529022950786384 -0.7572454127295757 10
0.7549904639225301 0.1067442611024372 -0.7816542345576825 10
0.7134562471572171 0.0741751281449678 -0.7507092599999792 10
0.6873025300275081 -0.0000000000000000 -0.7254802393085679 10
0.6816902127735585 0.0696492780275338 -0.7360073367436777 10
0.6483446322810295 0.0701703064322747 -0.7208851776996545 10
0.5938097902597066 0.0748215020228983 -0.6935954033362366 10
0.5440726588658693 0.1369774382892340 -0.7064821586904938 10
0.5783782733587766 0.1307825643642191 -0.7215480143384264 10
0.6033199841089266 0.0000000000000000 -0.6832260786064736 10
0.6256031222196399 0.0386708455520925 -0.6997345395889758 10
0.5380273242688182 0.1035351645700439 -0.6742081712368243 10
0.2075369660445349 0.0466806549476938 -0.0665758246884171 10
0.9334243812172668 0.0466806593453682 -0.7924630354262017 10
0.5438167893796533 0.0535780536649853 -0.6534746584330841 10
0.5663470084830451 -0.0000000000000000 -0.6603409643061351 10
0.1048978123131874 0.1104423476563816 -0.7667602485345286 10
0.1443375762356579 0.1361512120477694 -0.7830532013594763 10
0.7828649293575922 0.1342583330383089 -1.1409990133629100 10
0.1202890149179175 0.0705626460036580 -0.8129011665919572 10
0.8306804150271666 0.1125016053341887 -1.1650880436982700 10
0.4759447540131710 0.0697783541926355 -1.0773679853563061 10
0.5050250663457874 0.1316860842238450 -1.0530463914706329 10
0.4609124192044023 0.1167986942805700 -1.0434872157422390 10
0.8917539411987713 0.1852327238827255 -1.0935900597999730 10
-0.0944104795001399 0.1870247441970618 -0.0488992577959508 10
-0.1387993553848157 0.1545112062700445 -0.0882323626183463 10
-0.0935943682037731 0.1852328239262804 -0.1082450891449256 10
-0.0682492956463668 0.1828598465453695 -0.2756869789991123 10
0.1354321827110381 0.1556567962297180 -0.7445164888272292 10
0.5780055783542193 0.1156043702766432 -1.0969411152686510 10
-0.0894105749490862 0.1782746904941119 -0.2178894617264111 10
0.7485560774664244 0.1554180033559333 -1.1131760427837001 10
-0.0610350441636830 0.1599316791071423 -0.4060345800386270 10
-0.0581478411353130 0.1490739124728759 -0.4449606348260896 10
0.5939646150101078 0.1599311565385381 -1.0610354272349380 10
-0.1131762981997101 0.1554185069613930 -0.2514438660820214 10
0.5287796130766983 0.0786065018364687 -1.0978806374731209 10
0.5550387571940888 0.1490742707430150 -1.0581441864604570 10
-0.1223739404585705 -0.0000000000000000 -0.4520603007050197 10
0.5018886168389013 0.0000000000000000 -1.1027132905712189 10
-0.0773674522542597 0.0697794944553008 -0.5240558726462464 10
-0.1776216141158185 0.0695597330466212 -0.2208099009574316 10
0.8331318708107428 0.0532190006646365 -1.1915117613226860 10
0.7791883950157485 0.0695598096724238 -1.1776202712789030 10
-0.0569115898400345 0.0654597473634703 -0.5672979131182139 10
-0.1915152263146701 0.0532174811855368 -0.1668677496610171 10
-0.2001588087647167 -0.0000000000000000 -0.1540063100768202 10
-0.1925108234054037 -0.0000000000000000 -0.2049700417576260 10
-0.1650838315207602 0.1125018938938324 -0.1693197688799624 10
0.1625615583226475 -0.0000000000000000 -0.8733824227565168 10
0.1265695836573266 0.0000000000000000 -0.8373887523153705 10
0.1590895280182737 0.1179304614166142 -0.8188891859575329 10
-0.1487055820721934 0.1474989581864935 -0.0418796551090592 10
-0.0682020210164287 0.1736400585248806 -0.3303061698538621 10
-0.1154740865771547 0.1285330275473344 -0.3396899067246389 10
0.6263296684633283 0.1510359140746245 -1.0832647462001890 10
0.6696934607914430 0.1736401774347853 -1.0681974202546229 10
0.7243115701160142 0.1828595977760334 -1.0682495617219510 10
0.0551396661401156 0.1198899326254710 -0.6941124899289025 10
0.1004489775698985 0.1448388160798845 -0.7197272064443611 10
0.1092613609494819 0.1761888108556659 -0.6694620522053880 10
-0.1801972285110354 0.0985060928785266 -0.1115814717775846 10
0.2861299440257387 0.2011846882903148 -0.7838318528640476 10
0.2924545064526673 0.2099930076151144 -0.7079112143382063 10
0.0763543779242246 0.2099948747902078 -0.3819344680876183 10
0.5721155476959395 0.2099985490256711 -0.9037329218996237 10
0.5774320435899291 0.2042797647053202 -0.9597727473014757 10
-0.1406229059304331 0.0000000000000000 -0.4038174062944180 10
-0.1421123790106266 0.0413451510805612 -0.3869700330258569 10
0.9581233296018383 0.1474979251727989 -1.1487036475147101 10
0.9272676995403430 0.1228798587073944 -1.1680333147310431 10
0.8884186189456298 0.0985047947724830 -1.1801979402243841 10
0.9508338072279251 0.0885463932117955 -1.1893858525672310 10
-0.1680286616185220 0.1228817792534463 -0.0727367853829671 10
0.0271633949545819 -0.0000000000000000 -0.7195058861650889 10
-0.0024449472296698 -0.0000000000000000 -0.6776459000268793 10
0.0104525923928373 0.0810007185689147 -0.6677023704401005 10
0.0402268504754897 0.2042798153107131 -0.4225676601668610 10
0.2512615506108085 0.1615314238263436 -0.8519275319698991 10
0.6524020009847256 0.0616318111696908 -1.1493313718109781 10
0.6136072853892114 0.0946678600076760 -1.1228277082325580 10
0.6130328939769096 0.0413446216011609 -1.1421138786885361 10
-0.1494397618150365 0.1103525186168128 -0.2608571260106556 10
0.2081019424913130 0.1079823829029163 -0.8749557044609370 10
-0.0139260802003387 0.1873027154082563 -0.4133895675462515 10
0.6473334906143353 0.1959784048003130 -1.0159733086661260 10
-0.0969437895205929 0.1156028574447120 -0.4219941867254162 10
-0.0978787369455491 0.0786063162875387 -0.4712198849115022 10
0.5772062327679890 0.0560617863950100 -1.1255900170796960 10
-0.0353920973030077 0.0724124952691321 -0.6008811980242216 10
0.3995323228383463 0.0717818997340750 -1.0358982479729240 10
0.0839013810580400 0.0538011684057469 -0.7797106504112772 10
0.0922575240489008 0.0000000000000000 -0.8000558424603996 10
-0.2056541556576072 -0.0000000000000000 -0.1024563207941433 10
-0.2088987959744896 0.0000000000000000 -0.0516038676819717 10
0.9191585720825201 0.0446289214663243 -1.2024883788442271 10
-0.1830124857584767 -0.0000000000000000 -0.2541046002648217 10
0.9992940634611579 -0.0000976512154796 -1.2099957674994100 10
-0.0434890430183424 0.1167943567538521 -0.5390901314659012 10
0.1871122879399638 0.1605179771210190 -0.7926857077871382 10
-0.2057222856198107 0.0397971846439871 -0.0337355812081379 10
0.9662618615447891 0.0397959145640492 -1.2057244700062271 10
0.9483966159963788 -0.0000000000000000 -1.2088947998787369 10
-0.0832665839245404 0.1510353367488976 -0.3736717438326307 10
-0.1137689203114256 0.1452427083859555 -0.2930144323500027 10
0.6934317139294562 0.0859028508151853 -1.1515120039680471 10
0.6603106594678216 0.1285337383061955 -1.1154708060605281 10
0.7069845834392298 0.1452424148591160 -1.1137689422657939 10
0.0540802244527257 0.1493895829892624 -0.6497669861458695 10
0.5328328422911310 0.1829387094631099 -0.9993074607571956 10
0.1986383788673550 0.1358442982539262 -0.8388939242428155 10
0.2261207690291927 0.1738174781039230 -0.8066372996849059 10
0.1791079622896407 0.1821525097238741 -0.7389443586557306 10
-0.0214300107955781 0.1218580706249973 -0.5726984787170050 10
-0.0083286134253739 0.1597467084168495 -0.5239079594426777 10
0.4761654391474693 0.1597693448043354 -1.0083360798337271 10
-0.1255881324827186 0.0560622283718813 -0.4227933932576007 10
-0.1228260352305739 0.0946667475914324 -0.3863944008887319 10
0.3655866045348328 0.0000000000000000 -1.0303495423456761 10
0.3339597282061101 0.0772843266326337 -0.9924920115899792 10
0.7287582577728664 0.0544149320272210 -1.1718399587146040 10
0.7391425477079220 0.1103511728055858 -1.1494386415332620 10
-0.1515126484596440 0.0859040052637548 -0.3065683786149880 10
0.2319600172577435 0.1943470584677159 -0.7586492350829513 10
0.0615005289970212 0.2051658211108490 -0.4591180009360397 10
0.1173030771266181 0.2099895779541755 -0.4722022829157878 10
0.2300330842968732 0.2043089461990292 -0.7117601444056447 10
0.1972392649986495 0.2020318717564884 -0.6880638414196354 10
-0.0250526203519772 0.2031813353124468 -0.2412942626654769 10
0.7587052329246537 0.2031812549211018 -1.0250573148719000 10
0.8113005530369215 0.2029067268357369 -1.0370913420422581 10
0.8538152448747769 0.2099948936003967 -0.9886153507290060 10
0.0189633722744397 0.2099994077738289 -0.1951788884928997 10
0.8639614682161985 0.1520272534764127 -1.1367570707375960 10
0.9117672269983300 0.1545122876874173 -1.1388003353377709 10
0.7821107187200124 0.1782743248324150 -1.0894110133004351 10
-0.0879831464392004 0.1844267708758987 -0.1650464103474245 10
-0.1893904999742488 0.0885449894687214 -0.0491672752378253 10
0.9992547713259387 0.0642971936304660 -1.1999088655322709 10
-0.0427999565991696 0.2037058252192078 -0.1312779017972040 10
-0.0370908163048988 0.2029067942072744 -0.1886997972201314 10
0.8349544246720322 0.1844265907402020 -1.0879829002815380 10
-0.1270302776635253 0.1550664444871682 -0.1818875128675872 10
-0.1367607677169495 0.1520255897773861 -0.1360390623115751 10
0.8181129788044356 0.1550678004549031 -1.1270282557010169 10
-0.1409997625188112 0.1342581762924765 -0.2171333857808360 10
0.2398966972331556 0.0000000000000000 -0.9414577496896450 10
0.2049822343839808 0.0538537715556579 -0.9028290342889348 10
0.0036344056090928 0.1202809995808374 -0.6173860168193088 10
-0.0230529585022377 0.0487785002540969 -0.6352862636164408 10
-0.0303500853182539 -0.0000000000000000 -0.6344117016526044 10
0.4327066919270751 0.0654502932244454 -1.0569214209866400 10
0.4272365465469866 0.1218360422004356 -1.0214115944810160 10
-0.1493331478523935 0.0616319066890589 -0.3476000612973462 10
-0.1718444890109234 0.0544141426361991 -0.2712404256223815 10
-0.0530497493266075 0.1316835854017476 -0.4949775620835998 10
0.0006908452701223 0.1829376543060784 -0.4671712420104513 10
0.5408833673339296 0.2051658332620843 -0.9384988263568694 10
0.5006985632793437 0.1963760488960355 -0.9513357163414877 10
0.1634633453128214 0.0715549997719137 -0.8567686778341043 10
0.0309152021815712 0.0507834096226536 -0.7140921053988697 10
0.0658828698361741 0.0824553226448622 -0.7422887305014713 10
0.0862759623998411 0.2033284742874597 -0.5223892712044317 10
0.0486435322846826 0.1963546619782929 -0.4993865880251296 10
0.4739524440579624 0.2033200101834353 -0.9116594102823524 10
0.1422682717102409 0.1793404625380664 -0.7033660216529287 10
0.3434103065290678 0.1323954586107262 -0.9599346376610139 10
0.4318481222227432 0.1991428920444750 -0.9027199039494319 10
0.3787131734383359 0.1179930758341461 -0.9957969740099395 10
0.4346594525174571 0.1745946322854536 -0.9629997703920725 10
0.0334882577111505 0.1743169506054557 -0.5601566820743502 10
0.0582213288024433 0.1731103943790924 -0.6040959088083285 10
0.1046523386385538 0.1917747572518924 -0.6138493800021173 10
0.3022965664374263 0.1128980116940413 -0.9480006862887920 10
0.3381455397528170 0.1659224857236543 -0.9143090083246715 10
0.2948924878776831 0.1569023970520937 -0.8952391456448963 10
0.3901710260114724 0.1979179455178565 -0.8794532969053944 10
0.3813678325670484 0.1677726782432289 -0.9411848228323687 10
0.0984045289232305 0.2002320198797475 -0.5636787847636698 10
0.7105976544467126 0.2014669978195256 -1.0189430605093039 10
0.0440454099374785 0.2099913978910966 -0.2900389207621705 10
0.0302531028751372 0.2099981804336773 -0.2433507555158252 10
0.2592127190272775 0.0651843547001115 -0.9435766803362600 10
0.2967742120620107 0.0529326656784549 -0.9763237776102526 10
0.1693303814540876 0.2018692271365003 -0.6550364782384427 10
0.1474406410642995 0.2031261303041458 -0.6184975987243482 10
0.1978608625289862 0.2099896305994999 -0.5953800118659356 10
0.6633431804724661 0.2099975317621107 -0.9420357411125515 10
0.0579641312820160 0.2099975316208414 -0.3366568413970170 10
-0.0159732309404053 0.1959785375553012 -0.3526671053465081 10
-0.0189464526352531 0.2014670762058443 -0.2894014087993517 10
0.3512184995509445 0.1956195091999735 -0.8588561198238017 10
0.2732447018891840 0.1141019600850469 -0.9249333196102161 10
0.2443824777061087 0.1131060124745063 -0.9023428900650693 10
0.3587208676496403 0.2063313217921734 -0.8175855754035677 10
0.3647257807242205 0.2099934714921582 -0.7730926493048308 10
0.3303471501094538 0.2099264639653875 -0.7386738288677966 10
0.3159207972289665 0.1954399919380462 -0.8315913206865209 10
0.8975465735652555 -0.0000000000000000 -1.2056574106678799 10
0.8766228601286583 0.0402540120719435 -1.1997777128782570 10
0.9511007713499907 0.1870243129185245 -1.0944117057134299 10
-0.0418043284030095 0.2056760705783245 -0.0349947035382601 10
0.9650064799455568 0.2056759359687217 -1.0418092891689601 10
-0.0448424734668837 0.2044859772549272 -0.0787507245812775 10
0.8687218518214143 0.2037055801726192 -1.0428016112498579 10
0.9212490645191499 0.2044856866758691 -1.0448485549539139 10
0.0279201319355014 0.2053174147027461 -0.3810230216354585 10
0.5866096952425043 0.1873024643937957 -1.0139257069053169 10
0.6189768949108481 0.2053173767513997 -0.9720803255842535 10
-0.1997787665529435 0.0402492792028999 -0.1233762076784598 10
-0.2024885630819370 0.0446277205266518 -0.0808422060869766 10
0.3650784316235587 0.0468553812100517 -1.0238062594752930 10
0.1048978123131874 -0.1104423476563816 -0.7667602485345286 10
-0.1131762981997101 -0.1554185069613930 -0.2514438660820214 10
0.7485560774664244 -0.1554180033559333 -1.1131760427837001 10
-0.0581478411353130 -0.1490739124728759 -0.4449606348260896 10
0.1590895280182737 -0.1179304614166142 -0.8188891859575329 10
-0.1409997625188112 -0.1342581762924765 -0.2171333857808360 10
-0.0434890430183424 -0.1167943567538521 -0.5390901314659012 10
0.4609124192044023 -0.1167986942805700 -1.0434872157422390 10
-0.0448424734668837 -0.2044859772549272 -0.0787507245812775 10
0.9507404457592945 -0.2099868097804804 -1.0000383661300380 10
-0.1487055820721934 -0.1474989581864935 -0.0418796551090592 10
-0.0832665839245404 -0.1510353367488976 -0.3736717438326307 10
0.6473334906143353 -0.1959784048003130 -1.0159733086661260 10
0.7828649293575922 -0.1342583330383089 -1.1409990133629100 10
0.1443375762356579 -0.1361512120477694 -0.7830532013594763 10
0.1354321827110381 -0.1556567962297180 -0.7445164888272292 10
0.5939646150101078 -0.1599311565385381 -1.0610354272349380 10
0.5550387571940888 -0.1490742707430150 -1.0581441864604570 10
-0.0610350441636830 -0.1599316791071423 -0.4060345800386270 10
-0.0159732309404053 -0.1959785375553012 -0.3526671053465081 10
0.5780055783542193 -0.1156043702766432 -1.0969411152686510 10
-0.0969437895205929 -0.1156028574447120 -0.4219941867254162 10
0.7069845834392298 -0.1452424148591160 -1.1137689422657939 10
-0.1137689203114256 -0.1452427083859555 -0.2930144323500027 10
0.5479380128034176 -0.0000000000000000 -1.1223708306180851 10
0.1202890149179175 -0.0705626460036580 -0.8129011665919572 10
0.4553762604727897 -0.0000000000000000 -1.0804971318039920 10
0.4759447540131710 -0.0697783541926355 -1.0773679853563061 10
-0.0805000457584600 -0.0000000000000000 -0.5446273018681316 10
-0.0773674522542597 -0.0697794944553008 -0.5240558726462464 10
-0.1027167034122191 0.0000000000000000 -0.4981100080818886 10
-0.0978787369455491 -0.0786063162875387 -0.4712198849115022 10
0.7458918164472287 -0.0000000000000000 -1.1830127653991980 10
0.7391425477079220 -0.1103511728055858 -1.1494386415332620 10
0.7950298345393570 -0.0000000000000000 -1.1925128011606521 10
0.8459926427009004 -0.0000000000000000 -1.2001626690094400 10
-0.0569115898400345 -0.0654597473634703 -0.5672979131182139 10
0.4327066919270751 -0.0654502932244455 -1.0569214209866400 10
0.4272365465469866 -0.1218360422004356 -1.0214115944810160 10
-0.0214300107955781 -0.1218580706249973 -0.5726984787170050 10
-0.1154740865771547 -0.1285330275473344 -0.3396899067246389 10
0.6696934607914430 -0.1736401774347853 -1.0681974202546229 10
0.6263296684633283 -0.1510359140746245 -1.0832647462001890 10
0.1092613609494819 -0.1761888108556659 -0.6694620522053880 10
0.1004489775698985 -0.1448388160798845 -0.7197272064443611 10
0.6180655143977739 -0.2099948748073085 -0.9236460704129414 10
0.6462122311520124 0.0000000000000000 -1.1571189328471490 10
0.9272676995403430 -0.1228798587073944 -1.1680333147310431 10
0.8884186189456298 -0.0985047947724830 -1.1801979402243841 10
0.9508338072279251 -0.0885463932117955 -1.1893858525672310 10
-0.1680286616185220 -0.1228817792534463 -0.0727367853829671 10
-0.1893904999742488 -0.0885449894687214 -0.0491672752378253 10
0.3225519759543048 -0.0000000000000000 -1.0025784578730950 10
0.2967742120620107 -0.0529326656784549 -0.9763237776102526 10
0.2261207690291927 -0.1738174781039230 -0.8066372996849059 10
0.6524020009847256 -0.0616318111696908 -1.1493313718109781 10
0.0279201319355014 -0.2053174147027461 -0.3810230216354585 10
0.6189768949108481 -0.2053173767513997 -0.9720803255842535 10
0.6633431804724661 -0.2099975317621107 -0.9420357411125515 10
-0.1255881324827186 -0.0560622283718813 -0.4227933932576007 10
0.5287796130766983 -0.0786065018364687 -1.0978806374731209 10
0.3787131734383359 -0.1179930758341461 -0.9957969740099395 10
0.0962669711958162 -0.2099985479019134 -0.4278845068072152 10
-0.1718444890109234 -0.0544141426361991 -0.2712404256223815 10
-0.1776216141158185 -0.0695597330466212 -0.2208099009574316 10
0.7791883950157485 -0.0695598096724238 -1.1776202712789030 10
-0.2057222856198107 -0.0397971846439871 -0.0337355812081379 10
0.9995400578233409 -0.0648213178319860 -1.1997449474124580 10
0.9662618615447891 -0.0397959145640492 -1.2057244700062271 10
-0.1228260352305739 -0.0946667475914324 -0.3863944008887319 10
-0.1515126484596440 -0.0859040052637548 -0.3065683786149880 10
0.6603106594678216 -0.1285337383061955 -1.1154708060605281 10
0.6934317139294562 -0.0859028508151853 -1.1515120039680471 10
0.2861299440257387 -0.2011846882903148 -0.7838318528640476 10
0.5328328422911310 -0.1829387094631099 -0.9993074607571956 10
0.1871122879399638 -0.1605179771210190 -0.7926857077871382 10
0.1986383788673550 -0.1358442982539262 -0.8388939242428155 10
0.2319600172577435 -0.1943470584677159 -0.7586492350829513 10
0.0334882577111505 -0.1743169506054557 -0.5601566820743502 10
0.5961830577685255 0.0000000000000000 -1.1406239765627220 10
0.6130328939769096 -0.0413446216011610 -1.1421138786885361 10
0.5772062327679890 -0.0560617863950100 -1.1255900170796960 10
0.6136072853892114 -0.0946678600076760 -1.1228277082325580 10
-0.1421123790106266 -0.0413451510805612 -0.3869700330258569 10
0.3339597282061101 -0.0772843266326337 -0.9924920115899792 10
-0.0230529585022377 -0.0487785002540969 -0.6352862636164408 10
0.0583094347915934 0.0000000000000000 -0.7598125814583297 10
0.0658828698361740 -0.0824553226448622 -0.7422887305014713 10
0.7287582577728664 -0.0544149320272210 -1.1718399587146040 10
-0.1494397618150365 -0.1103525186168128 -0.2608571260106556 10
0.2601102353840542 -0.2099873499887546 -0.6709332038780168 10
0.5408833673339296 -0.2051658332620843 -0.9384988263568694 10
0.5006985632793437 -0.1963760488960355 -0.9513357163414877 10
0.1972392649986495 -0.2020318717564884 -0.6880638414196354 10
0.2300330842968732 -0.2043089461990292 -0.7117601444056447 10
0.1791079622896407 -0.1821525097238741 -0.7389443586557306 10
-0.0894105749490862 -0.1782746904941119 -0.2178894617264111 10
-0.0370908163048988 -0.2029067942072744 -0.1886997972201314 10
-0.0250526203519772 -0.2031813353124468 -0.2412942626654769 10
0.7243115701160142 -0.1828595977760334 -1.0682495617219510 10
0.8113005530369215 -0.2029067268357369 -1.0370913420422581 10
0.8048212848109305 -0.2099994088879092 -0.9810361229115554 10
0.8917539411987713 -0.1852327238827255 -1.0935900597999730 10
0.9581233296018383 -0.1474979251727989 -1.1487036475147101 10
0.8639614682161985 -0.1520272534764127 -1.1367570707375960 10
0.9117672269983300 -0.1545122876874173 -1.1388003353377709 10
-0.1387993553848157 -0.1545112062700445 -0.0882323626183463 10
-0.1367607677169495 -0.1520255897773861 -0.1360390623115751 10
0.5050250663457874 -0.1316860842238450 -1.0530463914706329 10
0.0006908452701223 -0.1829376543060784 -0.4671712420104513 10
0.8538152448747769 -0.2099948936003967 -0.9886153507290060 10
-0.1650838315207602 -0.1125018938938324 -0.1693197688799624 10
0.8306804150271666 -0.1125016053341887 -1.1650880436982700 10
0.8181129788044356 -0.1550678004549031 -1.1270282557010169 10
0.7821107187200124 -0.1782743248324150 -1.0894110133004351 10
0.8349544246720322 -0.1844265907402020 -1.0879829002815380 10
-0.1270302776635253 -0.1550664444871683 -0.1818875128675872 10
-0.0879831464392004 -0.1844267708758987 -0.1650464103474245 10
0.0104525923928373 -0.0810007185689147 -0.6677023704401005 10
-0.0427999565991696 -0.2037058252192078 -0.1312779017972040 10
-0.0563620354818976 -0.0000000000000000 -0.5900839032477132 10
-0.0353920973030077 -0.0724124952691321 -0.6008811980242216 10
0.4099538825477401 0.0000000000000000 -1.0563868706856769 10
0.0551396661401156 -0.1198899326254710 -0.6941124899289025 10
0.0309152021815712 -0.0507834096226536 -0.7140921053988697 10
0.6946580220137640 -0.0000000000000000 -1.1708353984055340 10
-0.1708384535903884 0.0000000000000000 -0.3053417725686524 10
-0.1571198113002701 0.0000000000000000 -0.3537905419481938 10
-0.1493331478523935 -0.0616319066890589 -0.3476000612973462 10
-0.0530497493266075 -0.1316835854017476 -0.4949775620835998 10
-0.0083286134253739 -0.1597467084168495 -0.5239079594426777 10
0.0615005289970213 -0.2051658211108490 -0.4591180009360397 10
0.4761654391474693 -0.1597693448043354 -1.0083360798337271 10
0.1634633453128214 -0.0715549997719137 -0.8567686778341043 10
0.2081019424913130 -0.1079823829029163 -0.8749557044609370 10
0.2049822343839808 -0.0538537715556579 -0.9028290342889348 10
0.2005837834817794 0.0000000000000000 -0.9083135732022649 10
0.0839013810580400 -0.0538011684057469 -0.7797106504112772 10
0.0582213288024433 -0.1731103943790924 -0.6040959088083285 10
0.0036344056090928 -0.1202809995808374 -0.6173860168193088 10
0.0540802244527257 -0.1493895829892624 -0.6497669861458695 10
0.4739524440579624 -0.2033200101834353 -0.9116594102823524 10
0.4859294554209216 -0.2099933295143696 -0.8568349304132669 10
0.1422682717102409 -0.1793404625380664 -0.7033660216529287 10
0.3434103065290678 -0.1323954586107262 -0.9599346376610139 10
0.1046523386385538 -0.1917747572518924 -0.6138493800021173 10
0.0984045289232305 -0.2002320198797475 -0.5636787847636698 10
0.4346594525174571 -0.1745946322854536 -0.9629997703920725 10
0.0862759623998411 -0.2033284742874597 -0.5223892712044317 10
0.0486435322846826 -0.1963546619782929 -0.4993865880251296 10
0.3022965664374263 -0.1128980116940413 -0.9480006862887920 10
0.2592127190272775 -0.0651843547001115 -0.9435766803362600 10
0.4318481222227432 -0.1991428920444750 -0.9027199039494319 10
0.3813678325670484 -0.1677726782432289 -0.9411848228323687 10
0.3381455397528170 -0.1659224857236543 -0.9143090083246715 10
0.7566490248313196 -0.2099981774038972 -0.9697462446054871 10
0.7587052329246537 -0.2031812549211018 -1.0250573148719000 10
-0.0682020210164287 -0.1736400585248806 -0.3303061698538621 10
-0.0682492956463668 -0.1828598465453695 -0.2756869789991123 10
-0.0189464526352531 -0.2014670762058443 -0.2894014087993517 10
0.2799091501291923 0.0000000000000000 -0.9723987334334987 10
0.1978608625289862 -0.2099896305994999 -0.5953800118659356 10
0.1693303814540876 -0.2018692271365003 -0.6550364782384427 10
0.1474406410642995 -0.2031261303041458 -0.6184975987243482 10
0.7105976544467126 -0.2014669978195256 -1.0189430605093039 10
0.0579641312820160 -0.2099975316208414 -0.3366568413970170 10
0.3512184995509445 -0.1956195091999735 -0.8588561198238017 10
0.4443694719474916 -0.2099967708163037 -0.8320895385143728 10
0.3901710260114724 -0.1979179455178565 -0.8794532969053944 10
0.3159207972289665 -0.1954399919380462 -0.8315913206865209 10
0.2512615506108085 -0.1615314238263436 -0.8519275319698991 10
0.2948924878776831 -0.1569023970520937 -0.8952391456448963 10
0.2443824777061087 -0.1131060124745063 -0.9023428900650693 10
0.2732447018891840 -0.1141019600850469 -0.9249333196102161 10
0.3587208676496403 -0.2063313217921734 -0.8175855754035677 10
0.4037755465813339 -0.2099828297043765 -0.8045436793629381 10
0.3647257807242205 -0.2099934714921582 -0.7730926493048308 10
-0.1915152263146701 -0.0532174811855368 -0.1668677496610171 10
0.8331318708107428 -0.0532190006646365 -1.1915117613226860 10
0.9994756065202399 -0.1998436798104235 -1.0645027693782001 10
0.9511007713499907 -0.1870243129185245 -1.0944117057134299 10
-0.0000394094109319 -0.2099867975882368 -0.0492592854142502 10
-0.0944104795001399 -0.1870247441970618 -0.0488992577959508 10
0.9650064799455568 -0.2056759359687217 -1.0418092891689601 10
-0.0418043284030095 -0.2056760705783245 -0.0349947035382601 10
0.0058382178880539 -0.2099899896941656 -0.0984104371482960 10
-0.0935943682037731 -0.1852328239262804 -0.1082450891449256 10
0.9212490645191499 -0.2044856866758691 -1.0448485549539139 10
0.8687218518214143 -0.2037055801726192 -1.0428016112498579 10
0.9015895695422289 -0.2099899848912080 -0.9941618063587333 10
0.0402268504754897 -0.2042798153107131 -0.4225676601668610 10
-0.0139260802003387 -0.1873027154082563 -0.4133895675462515 10
0.5866096952425043 -0.1873024643937957 -1.0139257069053169 10
0.5774320435899291 -0.2042797647053202 -0.9597727473014757 10
0.9191585720825201 -0.0446289214663243 -1.2024883788442271 10
0.8766228601286583 -0.0402540120719435 -1.1997777128782570 10
-0.1997787665529435 -0.0402492792028999 -0.1233762076784598 10
-0.2024885630819370 -0.0446277205266518 -0.0808422060869766 10
-0.1801972285110354 -0.0985060928785266 -0.1115814717775846 10
0.3650784316235587 -0.0468553812100517 -1.0238062594752930 10
0.3995323228383463 -0.0717818997340750 -1.0358982479729240 10
0.2114773665711225 -0.1775245857809322 -0.4079912552344904 10
0.9334243812172668 -0.0466806593453682 -0.7924630354262017 10
0.9161693641535148 -0.1034769463172829 -0.8129527570880394 10
0.1431908886419168 -0.1573499188097089 -0.0842315702650897 10
0.9537389985297318 -0.1801524073027804 -0.8908894733148867 10
0.9157682951055660 -0.1573499719741632 -0.8568091693020109 10
0.4931870848766408 -0.1464748479408317 -0.6817866410707462 10
0.0763543779242246 -0.2099948747902078 -0.3819344680876183 10
0.1432150025263750 -0.2099921540603806 -0.5138787001432112 10
0.1873375121845819 -0.1982363482859075 -0.4536867525870916 10
0.1173030771266181 -0.2099895779541755 -0.4722022829157878 10
0.5277417007808117 -0.2099890431268599 -0.8826778806899133 10
0.5462982807791817 -0.1983745369735670 -0.8131273435862411 10
0.1091107944600721 -0.1801524237895705 -0.0462609148385819 10
0.0791104986866183 -0.1968586046584913 -0.1052817578089753 10
0.9633057162060007 -0.0833654711967440 -0.8064260608395215 10
0.4445628559159196 -0.1129163248789923 -0.6072271992033809 10
0.2153615802366532 0.0000000000000000 -0.0918891676598291 10
0.3466301832373005 -0.0851752179159331 -0.4754499168422351 10
0.0440454099374785 -0.2099913978910966 -0.2900389207621705 10
0.7099612211861658 -0.2099913980810899 -0.9559543370740006 10
0.3942670389726869 0.0000000000000000 -0.5071467813492303 10
0.3665862075526114 -0.0000000000000000 -0.4721126018346646 10
0.1946756251321023 -0.1636940533245457 -0.3251036631469881 10
0.6326348228006485 -0.1710571257433894 -0.7976582134542555 10
0.8622409488697081 -0.0000000000000000 -0.7778997037072477 10
0.4206757945080134 -0.1616841217942241 -0.6437064200525073 10
0.0302531028751372 -0.2099981804336773 -0.2433507555158252 10
0.0950147963346998 -0.2002368495149306 -0.2417340302865840 10
0.7250362239714215 -0.1992076543158318 -0.8921730035999323 10
0.2746091691839139 0.0000000000000000 -0.3129036841194062 10
0.6482250803295911 -0.1996113514573186 -0.8660557680216537 10
0.4256784558906646 -0.0894794846109618 -0.5712141708489467 10
0.3927810829225083 -0.1527175182518645 -0.6031441203871356 10
0.4249331932110956 -0.0000000000000000 -0.5416677942203419 10
0.2580532598894959 -0.1283992250776112 -0.3805191188449405 10
0.2113507773657482 0.0000000000000000 -0.0461890455288625 10
0.2068079836337979 -0.0394087714483209 -0.0292928049793852 10
0.9538110670139986 0.0000000000000000 -0.7886492233113089 10
0.9707068056164962 -0.0394087737947602 -0.7931920172848101 10
0.4624476451854801 -0.0533496684004184 -0.5882835983608699 10
0.8709831151554177 -0.0974638795107064 -0.8037123567554354 10
0.8795621089826845 -0.1426339914420406 -0.8372578916414825 10
0.1962876902374813 -0.0974637382796484 -0.1290166745602715 10
0.9999775011964601 -0.1994915693175307 -0.9344130484446573 10
0.9511079547495744 -0.2050927144486746 -0.9536144661832123 10
0.2098761649348312 -0.1982309504576787 -0.4918477343028553 10
0.4606877383000236 -0.2029845129356224 -0.7774269613333130 10
0.5078349441741667 -0.1985497600017062 -0.7910490321917937 10
0.2118981768469719 -0.0493979393497505 -0.1111060234783479 10
0.0463851665355380 -0.2050927288390493 -0.0488918050687042 10
0.4921244331305068 0.0000000000000000 -0.6051134890756327 10
0.4583813564749208 -0.0000000000000000 -0.5751142321014049 10
0.4826350151408697 -0.0723023724093391 -0.6139112122907324 10
0.2312693001630692 -0.0000000000000000 -0.1820793448953494 10
0.8409536566588953 -0.0625482606045407 -0.7835706525960437 10
0.2877817792489574 -0.2016351790840034 -0.6154932407595145 10
0.1751304957054683 -0.1358384463322116 -0.1579746977627734 10
0.2341099245485133 -0.2001879194255648 -0.5390407920028254 10
0.1667509501880067 -0.2099690797139899 -0.5563078753441945 10
0.8010065309341756 -0.1205057821690339 -0.8037500312042248 10
0.2164294684975268 -0.0625478373782197 -0.1590462276518581 10
0.1406692234413695 -0.1735714276945865 -0.1977615096528153 10
0.8499820730728898 -0.1807399063259901 -0.8803931334800968 10
0.8947181200393641 -0.1968585825606535 -0.9208893234556692 10
0.1339599230745566 -0.1996063833658769 -0.3517701430184553 10
0.1136431623021522 -0.2077498853868016 -0.3924430449033830 10
0.1504963028230858 -0.2020612893317753 -0.4089522922928446 10
0.5910396917632069 -0.2020650219459973 -0.8495153802847554 10
0.6075582008569408 -0.2077498986266614 -0.8863590632992501 10
0.5721155476959395 -0.2099985490256711 -0.9037329218996237 10
0.8017211218755734 -0.2034409371928281 -0.9270132600402836 10
0.0113851439155266 -0.2099948934257157 -0.1461847303885555 10
0.0189633722744397 -0.2099994077738289 -0.1951788884928997 10
0.8022380469941046 -0.1735742574451793 -0.8593354382671521 10
0.0615660440374519 -0.2044029447496944 -0.1591920709812450 10
0.3260284175743403 -0.1961641488491093 -0.6336453318406355 10
0.2272730073468236 -0.2099947270112724 -0.6336496039517522 10
0.3873522745256367 -0.1116994879999361 -0.5482950907858651 10
0.3944640798108124 -0.1975950497610105 -0.7043958854693390 10
0.4438498594478179 -0.1686274338263043 -0.6753233593612022 10
0.4385565519156921 -0.0399262705892963 -0.5612019031959926 10
0.4116035188169689 -0.0520684230132903 -0.5369317598892462 10
0.5440726588658693 -0.1369774382892340 -0.7064821586904938 10
0.5006079533519482 -0.1776253814901076 -0.7342530915120377 10
0.5918147810289407 -0.1779832041602357 -0.7892450766207081 10
0.2029014069679887 -0.1706894218199822 -0.3673395038327831 10
0.2289189164867176 -0.0573210990880403 -0.2054253306497792 10
0.1963874700228840 -0.1203355362727165 -0.1990533463349636 10
0.7549904639225301 -0.1067442611024372 -0.7816542345576825 10
0.7945268510433409 -0.0576851056885502 -0.7711761052519336 10
0.4675115775090362 -0.1284018621620984 -0.6416594127613896 10
0.5086546220211779 -0.0941892010231473 -0.6468566637542609 10
0.6483446322810295 -0.0701703064322747 -0.7208851776996545 10
0.7033598954966865 -0.1834297381473112 -0.8473334478109156 10
0.6883935600620014 -0.2035571415664360 -0.8957512360076574 10
0.1042518102362981 -0.2035564452512125 -0.3116055495235078 10
0.1615885045330784 -0.1353870109903301 -0.0423399290664917 10
0.9576603099151164 -0.1353870435947701 -0.8384115207155473 10
1.0005691768216920 -0.1227790368577219 -0.8296394666921061 10
0.2943078640491338 0.0000000000000000 -0.3551116747963075 10
0.3158088387739988 -0.0000000000000000 -0.3949469138984206 10
0.3383611563550915 -0.1688052206276461 -0.5727142852293221 10
0.3525458155585431 -0.1226903825696889 -0.5186544931772417 10
0.3151524171710349 -0.1456876935029253 -0.5013727254411322 10
0.2537268283783555 -0.1624127783512922 -0.4410797900296373 10
0.2818046014958798 -0.1797001093654581 -0.5278989305579375 10
0.3162330211003605 -0.1649809222921038 -0.5380558432476363 10
0.2716383265378373 -0.1968358043692066 -0.5731504374556521 10
0.6742599926752508 -0.1642225566636921 -0.8058003457515325 10
0.2449073720874771 -0.0730999539402716 -0.2736066419528804 10
0.2577664151533768 -0.0000000000000000 -0.2705393376392475 10
0.2422943962330842 -0.0467341960281772 -0.2415212653041763 10
0.3812133276196610 -0.0641445228305129 -0.5071130633837534 10
0.2652308400686677 -0.1755162336266064 -0.4927932832111239 10
0.8408080102464180 -0.2044029258284115 -0.9384342887649627 10
0.7532468381748548 -0.1655326688860594 -0.8350895455513261 10
0.7099440097207309 -0.1437047655796774 -0.7956627093713939 10
0.1078349382981969 -0.1992046693203470 -0.2749590421658412 10
0.2182925929923675 -0.1028600068576864 -0.2372517211651485 10
0.1654344821388158 -0.1651895555936047 -0.2469577518490379 10
0.1532901921462393 -0.1830479143988550 -0.2963873711148158 10
0.2924545064526673 -0.2099930076151144 -0.7079112143382063 10
0.3303471501094538 -0.2099264639653875 -0.7386738288677966 10
0.3617562329928160 -0.1962779855753051 -0.6699930146880824 10
0.7582655879855383 -0.2002381614324491 -0.9049920153269796 10
0.0729862360802652 -0.2034409574480849 -0.1982787331634366 10
0.2124834222874000 -0.1332554274774573 -0.2855954693399547 10
0.2899732644705254 -0.0625537532546017 -0.3676205735369959 10
0.2987212285154396 -0.0898848011782802 -0.4057672389418712 10
0.2662649688472120 -0.0941384255037026 -0.3484759558781129 10
0.2684223715611219 -0.0577358819476264 -0.3189841286801864 10
0.2440126923392247 -0.0978854003877077 -0.3023559256692472 10
0.2402821489069287 -0.1226463854427867 -0.3331084023946629 10
0.6680329322345361 -0.1237798488778074 -0.7611133239938684 10
0.8859189493256765 -0.1721406069797848 -0.8722991782626143 10
0.1277012035482853 -0.1721405132903552 -0.1140806967526313 10
0.1627422621739331 -0.1426337937068995 -0.1204376441187342 10
0.1196077693898263 -0.1807398374757185 -0.1500178388295592 10
0.8420254072839163 -0.1358398035130612 -0.8248710773047572 10
0.3056498416222158 -0.1213620708905003 -0.4522137194157878 10
0.6470795834522938 0.0000000000000000 -0.7068205165352908 10
0.4390299534563509 -0.1956727679419537 -0.7339298958492768 10
0.3335229771997403 -0.0517210952712338 -0.4360932028500883 10
0.7285942586037877 -0.0000000000000000 -0.7419316475609219 10
0.7521337294915397 -0.0529022950786384 -0.7572454127295757 10
0.6816902127735585 -0.0696492780275338 -0.7360073367436777 10
0.7134562471572171 -0.0741751281449678 -0.7507092599999792 10
0.6256031222196399 -0.0386708455520925 -0.6997345395889758 10
0.5544896688919825 -0.1690773256210056 -0.7536143449725227 10
0.5783782733587766 -0.1307825643642191 -0.7215480143384264 10
0.6120962800087661 -0.1364250663312658 -0.7454694130126617 10
0.5380273242688182 -0.1035351645700439 -0.6742081712368243 10
0.2075369660445349 -0.0466806549476938 -0.0665758246884171 10
0.1935739352606749 -0.0833654800875357 -0.0366942849616385 10
0.1870472443568731 -0.1034769446015023 -0.0838303403616458 10
0.8888939758487450 -0.0493979508618764 -0.7881018259563708 10
0.5145718568933302 -0.0457093041162471 -0.6296364816223667 10
0.5438167893796533 -0.0535780536649853 -0.6534746584330841 10
0.5938097902597066 -0.0748215020228983 -0.6935954033362366 10
1.0655246277444830 0.0430101065044909 -0.7944552849457087 10
1.1002056790547270 0.0021192258797449 -0.7900377904193228 10
1.0465142794000679 0.0940368910649043 -0.8122317800754785 10
1.1040901498818829 0.0795956001953788 -0.8056769226212414 10
1.1804016731011091 0.1519900383244954 -0.8550928408562108 10
1.2004206175459029 0.1937841359941301 -0.9190884979647117 10
1.8496266337909271 0.0010841149892190 -0.7900109568974127 10
1.8997262060733320 0.0019453987002494 -0.7900321714518294 10
1.8889277963023190 0.2002300254010644 -0.9366913382416200 10
1.8003989576818611 0.2099171667133528 -0.9968736657548530 10
1.0006024977149290 0.1227863073310000 -0.8296450005849046 10
1.9671184819861240 0.0989118559516211 -0.8147563297732726 10
1.6999637492916371 0.0005038561444038 -0.7900021265804205 10
1.7520785128151930 0.0726563832867010 -0.8029701587084611 10
1.2713430434182591 0.1558301589404783 -0.8592288651269807 10
1.2346233217498419 0.2050478446315946 -0.9546862742755601 10
1.4990979137801219 -0.0000663525226227 -0.7900068184058000 10
1.4754457036704560 0.0642998503268784 -0.8000865089016893 10
1.8137652812934439 0.0749031752488122 -0.8038161689381675 10
1.7496898686452360 -0.0001861037504933 -0.7900010901437631 10
1.7789862110295329 0.0371971940894383 -0.7933214720124243 10
1.3714540353434610 0.2034632294311952 -0.9480180225715488 10
1.3992902815852180 -0.0015510374518104 -0.7900242500455825 10
1.3507639033079331 0.0025418391798753 -0.7900587328685840 10
1.0665235498368570 0.1706272523298915 -0.8776101751867508 10
1.0387814102249220 0.1496033036374599 -0.8526329837640801 10
1.0340522973373520 0.2058247641062806 -0.9583376655935512 10
1.7805067233788781 0.1254849642054473 -0.8316214177876222 10
1.8949903726339861 0.1284131592051275 -0.8338373304417236 10
1.1519114586667480 0.0471058453187938 -0.7953543870002202 10
1.1547837927114271 0.1042299957052967 -0.8176970420495411 10
1.1286937207302830 0.1447213948017077 -0.8478322947662463 10
1.0826617219489820 0.1408703765034664 -0.8442673383320528 10
1.0955355143271130 0.1817490810805928 -0.8948052211048948 10
1.8187166507165089 0.1957667557348179 -0.9240037086893496 10
1.8191920349092541 0.1498756691709747 -0.8529071050116962 10
1.1460782074996430 0.1856175146502118 -0.9017894296050868 10
1.0453057990361330 0.1879054489134061 -0.9062430451561136 10
0.9999618277692170 0.1994931754112345 -0.9344178196000194 10
1.9727976537761320 0.1429963874156902 -0.8462081883192387 10
1.5120316829573770 0.1658472241747132 -0.8711811069807096 10
1.4056391956127170 0.1346531198342139 -0.8388527008461412 10
1.3932924413652521 0.0729790302158369 -0.8030952287571693 10
1.7658761169594970 0.1699857732995532 -0.8766932627387631 10
1.6213250139974600 0.0549904588948483 -0.7973320294989220 10
1.6494026870892571 -0.0013361003555769 -0.7900178522131251 10
1.9635709564679700 0.1750809733190054 -0.8840429121373979 10
1.4300604792392890 0.0468985857759455 -0.7953049869744940 10
1.6002342260124620 -0.0019597295864303 -0.7900324704684013 10
1.5698733917413430 0.0724794488277523 -0.8029046361622185 10
1.2230941557154480 0.1559939149257557 -0.8594195832618013 10
1.2032218339547041 0.1036260078762948 -0.8173517587324893 10
1.9377160141252761 0.1375188557972394 -0.8413020864432846 10
1.9172217041052140 0.1729282645705986 -0.8808576246145545 10
1.3676333151329301 0.1145135463162464 -0.8239714611841863 10
1.3597593141958970 0.1534601768159692 -0.8566495454043692 10
1.8503306165301570 0.1238009537458903 -0.8303749396827262 10
1.8701387395527931 0.0703954083522412 -0.8021535295149719 10
1.9414620165676610 0.2017294036990505 -0.9416546554625643 10
1.4499371408395521 0.2099972709657646 -0.9994312070793627 10
1.4006629617706909 0.2099962601033348 -1.0000962044884669 10
1.8556135084167220 0.1994273800082472 -0.9342146661395446 10
1.8494765242928171 0.2099970744869539 -0.9997224640727841 10
1.8639625278991641 0.1725028428889059 -0.8802390205874967 10
1.9494150338806391 0.2099959089409930 -0.9996143512177090 10
1.9744869152859810 0.2075425295350048 -0.9679813590193418 10
1.3896051690216040 0.1815730433297997 -0.8945103456834116 10
1.5659726988440750 0.1462105558524725 -0.8492634356490324 10
1.5509169089430470 0.1777235067151036 -0.8881505211076335 10
1.4998618131415129 0.2099928596210524 -1.0009152589146499 10
1.5270555880576959 0.1986452564142563 -0.9318871919292642 10
1.2502540293974460 0.1874641679331089 -0.9053595279166120 10
1.2960974949166719 0.1856175431794101 -0.9017862461632513 10
1.3141901209307760 0.1547389686037316 -0.8580324533646067 10
1.3422492358106490 0.1844409204424578 -0.8995922974756946 10
1.3349065086195140 0.1231492803512555 -0.8299001470212229 10
1.2925609475374029 0.1049763439484213 -0.8181209796316834 10
1.6498556079019759 0.2099868840857995 -0.9987538504909622 10
1.6994974756863559 0.2099971889709978 -1.0002911784548689 10
1.6774307552731129 0.2004233662344418 -0.9373237343634504 10
1.4657857217056669 0.1331683548280365 -0.8376257763400269 10
1.9274362828978919 0.0699907586098897 -0.8020107274031026 10
1.4226850357987351 0.2009081405320950 -0.9388839130829379 10
1.6164574159182541 0.1537763147329918 -0.8570003385042860 10
1.5792025006277550 0.1930733846606145 -0.9174212978800080 10
1.6332120780970580 0.1949533992134568 -0.9219553365846569 10
1.6655424735819790 0.1588117428382155 -0.8626114500756134 10
1.4745032048309130 0.1966159436801897 -0.9262337502398551 10
1.4718946853961250 0.1691255497042318 -0.8755176230533556 10
1.4372332801532450 0.1729985859724096 -0.8809573075539515 10
1.6816882818062431 0.1190748608039315 -0.8270378622718977 10
1.6977678496340480 0.0842323598541729 -0.8076358525667860 10
1.9689652170109790 0.0474034087442505 -0.7954204758263879 10
1.7504532830174291 0.2099347676926593 -1.0027601007469049 10
1.7212172159309920 0.1328132415634625 -0.8373346173167043 10
1.7595387030278331 0.2015051769991337 -0.9408851063294630 10
1.5984575964527801 0.1155102824639643 -0.8246664571645080 10
1.5221306243617121 0.1098329175846311 -0.8210119748351481 10
1.5255159302747781 0.0503164619309902 -0.7961177051195589 10
1.7206291900631401 0.2049530985663000 -0.9542366474155043 10
1.7159003613787369 0.1832887379556860 -0.8975071172056875 10
1.0007089554460811 0.0646663530088997 -0.8002096959142738 10
1.0007963222409830 -0.0000213731229594 -0.7900052884490797 10
1.0319996011671679 0.0412553464319766 -0.7940930986938610 10
1.2479607469509850 0.0855255321603655 -0.8082053218139382 10
1.2708099338149139 0.0486513661277556 -0.7957143481003693 10
1.2478409753371880 0.1234661355650437 -0.8301306130536760 10
1.7150333740035280 0.0403820063106068 -0.7939221933079638 10
1.6708792436331250 0.0427470073461474 -0.7943988623205348 10
1.2203292716698260 0.0483645523213199 -0.7956461163104346 10
1.4343221847800540 0.0928015394229780 -0.8116190881525027 10
1.3425222532387990 0.0778628560471996 -0.8049713180244822 10
1.6418401089397081 0.0931974227534588 -0.8119204322782040 10
1.3226166992555730 0.2037468755703520 -0.9491332407298512 10
1.3000480931016789 0.2099674876491015 -0.9980256362775757 10
1.2758241999517510 0.2042550825032659 -0.9512186765266399 10
1.3114845056533111 0.0477351675243213 -0.7954992279788831 10
1.0736512497804389 0.2041456864204280 -0.9507636825618134 10
1.1209980229899190 0.2037553294859460 -0.9491687746272280 10
1.1002483557039890 0.2099614320144784 -1.0021365837726099 10
1.1630695379874310 0.2048077877875500 -0.9536058524568970 10
0.9997577307850639 0.1996763622761152 -1.0650274642009341 10
0.9998488567925820 0.1698160585006265 -1.1235438479175750 10
1.9542035331243470 0.1877200128314332 -1.0941291226534771 10
1.0459553003102191 0.1881750286335448 -1.0932178257383260 10
1.0511122370887180 0.1425127288041684 -1.1542305180071810 10
1.1008793057341899 0.1939374434304387 -1.0805429243329101 10
1.2746439094267570 0.1425942215886497 -1.1541529866521281 10
1.2227776059540250 0.1485023268461583 -1.1484756608417099 10
1.2488449534553001 0.1049794831709683 -1.1818741140122300 10
1.5143466731242530 0.0574155954218261 -1.2019949914039110 10
1.8724526341444370 0.1552343989337775 -1.1414247689689430 10
1.1500075166172909 0.0019388120100966 -1.2099686664141360 10
1.7676923336094170 0.0456866967281145 -1.2049715610938709 10
1.4499441741606740 -0.0004158925361757 -1.2099985326226730 10
1.7560166370261781 0.1884335251351035 -1.0926978299617480 10
1.3496058437946730 -0.0001800492809970 -1.2099984351724460 10
1.3000392097611979 -0.0001253594884860 -1.2099998562297720 10
1.2894553661527910 0.0843912277922687 -1.1922903956178730 10
1.4682212138440141 0.0369087148529863 -1.2067270223820179 10
1.6495891594394601 0.0007754463994081 -1.2099935820977170 10
1.9616614299781829 0.1488694816030114 -1.1481141865049840 10
1.9048609438333970 0.1017745115609954 -1.1836804842124169 10
1.9612084912245140 0.1018400201463659 -1.1836515269933789 10
1.7181255258069570 0.2026796597051038 -1.0549230301942460 10
1.7247275918706200 0.0525411632265195 -1.2033231384612419 10
1.7499456376840170 -0.0015155112764788 -1.2099808325243111 10
1.2495115127072891 0.0483835475696335 -1.2043486396413401 10
1.1976681206587070 0.0906469919395035 -1.1894235604159129 10
1.2489820689944069 0.1809937899540280 -1.1064510411024790 10
1.1982801747112570 0.1904852387031339 -1.0884030659578781 10
1.0431641505817180 0.0761428386697834 -1.1957045536422850 10
1.8426955957610831 0.1148881645604559 -1.1757875416735240 10
1.9335804024441050 0.1253712153209783 -1.1684455367571520 10
1.9186765029040329 0.1556464454031614 -1.1409632109909420 10
1.7886377555244000 0.1415068868872093 -1.1551599225307261 10
1.8050393988836650 0.0750166346347705 -1.1961439088200490 10
1.0877209014932949 0.1010319986513900 -1.1841002591710410 10
1.8500931344927201 -0.0008096543545069 -1.2099944646262679 10
1.2906152412599909 0.1839739828811290 -1.1012610910044320 10
1.1666384649797150 0.1500566848357804 -1.1469021979018601 10
1.0764450572810511 0.1691664393076013 -1.1244030916472050 10
1.1070951996117491 0.1542870595296564 -1.1424594183614809 10
0.9996727142563855 0.1226503777451932 -1.1704503535230530 10
1.5994252627726200 0.2099709932793135 -0.9982252768632838 10
1.5507353894578619 0.2099846741141421 -0.9988606695977736 10
1.3711046238946309 0.1704879497755863 -1.1225870712857069 10
1.3896350667724839 0.1890953185688072 -1.0913274712638030 10
1.8299712372837731 0.1593687590896816 -1.1367427775556329 10
1.8574155779169119 0.0503702553936875 -1.2038674656846160 10
1.7012384767232489 0.1811844628516967 -1.1061685429380259 10
1.1002482121933110 -0.0019643103558016 -1.2099673233981070 10
1.1498853888243310 0.2099816324888026 -0.9985199228882818 10
1.1448714085955070 0.1820248632077817 -1.1047178268049711 10
1.1999774555906850 0.2099974229328386 -1.0005556376226481 10
1.1490800331957309 0.2046220195062563 -1.0472121839978070 10
1.7558094930021031 0.0970530573079435 -1.1862230727741441 10
1.7329427813326950 0.1484325094763357 -1.1485451670402369 10
1.6661555066030020 0.2008043243305948 -1.0614635103202119 10
1.3315674357918841 0.1450507758005640 -1.1518447584753810 10
1.5786531707448750 0.1630938652145453 -1.1322705678502800 10
1.0837657589754981 0.0512829612941799 -1.2036362434175540 10
1.9452945312010641 0.0467066164391871 -1.2047364371476921 10
1.9020989783252069 0.0504312234480754 -1.2038522075150191 10
1.5679391919144920 0.0511322856217339 -1.2036766479308010 10
1.1392353652302880 0.1035821419886133 -1.1826766307431100 10
1.6778661084911151 0.1480069205699127 -1.1489747939906330 10
1.7037690837625701 0.1053775095420986 -1.1816475367638919 10
1.3817094865467789 0.1441220128551158 -1.1527326653470811 10
1.1197688018132890 0.0531809323230696 -1.2031516776341671 10
1.1585218784033811 0.0530808552261364 -1.2031732512694739 10
1.5765451776581760 0.1990282278232308 -1.0669821653590590 10
1.4975021469765351 0.1250480457697570 -1.1687021767524770 10
1.4537459334724210 0.0854235042653069 -1.1918363982373039 10
1.3498878893013839 0.2099677385349431 -1.0019641197000060 10
1.3415827917918199 0.1942893805300309 -1.0796821580771749 10
1.5313395297253720 0.1737301576863143 -1.1179669089615729 10
1.4702642292692720 0.1751326870047174 -1.1158848151403931 10
1.5545834388085780 0.1147176094143236 -1.1758855374637200 10
1.3724183454602790 0.1115523647769227 -1.1779048214861949 10
1.3428033172981231 0.0680456372695679 -1.1986557299032199 10
1.6196993128633530 0.1857858917918954 -1.0978967630712870 10
1.6575097453843211 0.1759579123658316 -1.1146254217704881 10
1.6574275795578031 0.1110320666774682 -1.1782466555316460 10
1.6139580511397240 0.0809474321761695 -1.1937716000545739 10
1.5936157965549040 0.1287408370809234 -1.1659029735801241 10
1.6235485076623379 0.1468977515300231 -1.1500615903677360 10
1.8001869752017750 0.2038356855730498 -1.0505003546756360 10
1.8041943539806671 0.1791719291485165 -1.1095249519044210 10
1.8467523911708830 0.1930703441807935 -1.0826040906395851 10
1.8998998188104239 0.2099876895810809 -0.9987887764644239 10
1.8984969117049650 0.1882107616617370 -1.0931522641460729 10
1.0321618933309340 0.2059206682824342 -1.0411884726280081 10
1.0504924848900381 0.0024287337207544 -1.2099488007481951 10
1.0238528843533039 0.0360523872196673 -1.2068818568809130 10
1.2968802913107369 0.2058987871849187 -1.0412900401361480 10
1.2466378052773239 0.2018209422399043 -1.0580318921760159 10
1.2498104480844361 0.2099983560990358 -1.0004016658867720 10
1.0665197247818929 0.2053903660339860 -1.0437398115560950 10
1.0502187537022230 0.2099992595414136 -0.9997975122229491 10
1.9254361775778419 0.2050555272677989 -1.0452987223671339 10
1.9661609580970021 0.2058320446736502 -1.0416298831655970 10
1.8833406292050161 0.2051401269717688 -1.0448853159023470 10
1.6212862274170170 0.2048924113101156 -1.0460322844247580 10
1.4262483515361370 0.1989805103471401 -1.0671157256237800 10
1.3826267394974070 0.2043819008230308 -1.0482349781148219 10
1.4173505474985690 0.1645784023246519 -1.1304329913453390 10
1.4230092535573100 0.0395213810548967 -1.2062433645276249 10
1.3819209888017849 0.0373394992368178 -1.2066463745350260 10
1.3953881422208620 0.0776437067661180 -1.1951207683643501 10
1.6727012747106349 0.0605593784318583 -1.2010775131026401 10
1.4545413723371521 0.1325535169176784 -1.1628599328150371 10
1.4128230702951301 0.1212796363000014 -1.1714397294321950 10
1.5318779195038501 0.2029717935783802 -1.0538740517433489 10
1.4696693564040679 0.2030807625099826 -1.0534544514709860 10
1.5019053417940811 0.1964921062806042 -1.0740482232058719 10
1.9540345224009470 -0.0943930740216313 -1.1875860663803970 10
1.0665167477029220 -0.0437378661458476 -1.2053910930696610 10
1.9499002749115939 -0.0011208213752391 -1.2099894475249739 10
1.9235638181286920 -0.0463494763592068 -1.2048248293324459 10
1.9176198502450530 -0.1414570530745027 -1.1551969700428120 10
1.0764377705970460 -0.1244012506856420 -1.1691697573970781 10
1.0459534666568420 -0.0932148897476400 -1.1881706793722899 10
1.2491316566075801 -0.1058817115512730 -1.1813409847123919 10
1.2227769552901000 -0.1484763591512576 -1.1485016180664920 10
1.2486184865428229 -0.1813979865479779 -1.1057855036823201 10
1.4947641454444121 -0.0806213250892659 -1.1938991338754510 10
1.4813385476593559 -0.1467351904166092 -1.1502106646421999 10
0.9995967098966773 -0.1233673497593114 -1.1699383633582601 10
1.9618531595024731 -0.1486503064933498 -1.1483187556252310 10
1.5008261853810210 -0.0027743629912066 -1.2099301287142721 10
1.5104393120590200 -0.1842886314260989 -1.1006837475026481 10
1.6999563061759730 -0.0005671296457114 -1.2099973037295400 10
1.9327492032398841 -0.1695768450908251 -1.1238713093104540 10
1.8963138612173589 -0.1882156115157967 -1.0931167767279280 10
1.5999578348621091 -0.2099951226088277 -1.0007638620640420 10
1.6005694400483650 0.0004791108776512 -1.2099953847458140 10
1.7495126549932729 -0.2099978910752009 -0.9998752547686437 10
1.5209205045940610 -0.2056148434927210 -1.0426839692137650 10
1.5640929323510699 -0.2001261264012334 -1.0636331122397531 10
1.9340855488093440 -0.2053281901536208 -1.0439750941553860 10
1.9683946292077350 -0.2061223387187021 -1.0401684678070391 10
1.2500000000000000 -0.0000823955399111 -1.2099999434247650 10
1.1982893263519629 -0.0882241426079895 -1.1905673126836880 10
1.2001100669917619 0.0002168754362979 -1.2099995070838290 10
1.2496759749031521 -0.2099809730110532 -0.9985242343058860 10
1.2502973144344951 -0.2019882799072155 -1.0574415599023390 10
1.0837660121547961 -0.2036360676468470 -1.0512874988629850 10
1.8640514445192440 -0.1394325822859831 -1.1570212263513140 10
1.2481364032391240 -0.0493887579465026 -1.2041080812293059 10
1.8483749790110779 -0.2036642435773470 -1.0511822745673991 10
1.9553220935091300 -0.1900277388688643 -1.0893628502370729 10
1.1070940399184610 -0.1424621105625424 -1.1542914232497909 10
1.0511106755584880 -0.1542344961400843 -1.1425088007708060 10
0.9999258654746923 -0.1703307609017783 -1.1228279491764930 10
1.1197683183580729 -0.2031545560963274 -1.0531779003503230 10
1.1448740560118900 -0.1047203650187515 -1.1820257534344329 10
1.1490810072675699 -0.0472151276567106 -1.2046200530038660 10
1.1008769533714819 -0.0805362911006742 -1.1939415680795100 10
1.2743984324272040 -0.1534785555167827 -1.1433059801343199 10
1.2960070535494990 -0.0935441947535033 -1.1880138118032231 10
1.1976754720706670 -0.1893369559997063 -1.0908368612929811 10
1.1666405514357840 -0.1469062875535191 -1.1500535657521880 10
1.5961612684805451 -0.1714566150162324 -1.1212576491974180 10
1.8970139311432239 -0.0938864101058982 -1.1878475354798721 10
1.8483175703855750 -0.0848893516909777 -1.1920750126200330 10
1.8999612216228770 0.0012427709341962 -1.2099871154219191 10
1.1392340505328700 -0.1826758831121404 -1.1035842987089530 10
1.0877209770323839 -0.1840994252746642 -1.1010296968111519 10
1.4256139195441739 -0.1454179514148905 -1.1515047830557550 10
1.1585214124376231 -0.2031733964669840 -1.0530845129371851 10
1.8307996727926941 -0.1133197793335435 -1.1767960030994029 10
1.6175602054910880 -0.1244436884765135 -1.1691532181958439 10
1.8022564926385689 -0.1906403489884597 -1.0880660887858791 10
1.7996839025345890 0.0012914348387413 -1.2099852671782800 10
1.7618669089307570 -0.1210302869272509 -1.1716126891969070 10
1.6624120772484650 -0.1704980734035192 -1.1226008419110880 10
1.8397941506812630 -0.1769233151180489 -1.1131306553865801 10
1.8044024678746540 -0.1441505501717353 -1.1527041741805490 10
1.5665721737638370 -0.1287738163188233 -1.1658773567388350 10
1.6324600990388400 -0.0605904166981486 -1.2010631622439190 10
1.6620808744947519 -0.1168139864302645 -1.1745055993948630 10
1.3328497204281931 -0.0560306138205415 -1.2023831596206951 10
1.3740526107307629 -0.1615345102175231 -1.1341835920001300 10
1.4101343965708220 -0.1900574788874612 -1.0891364727317170 10
1.3388221808075260 -0.1902590354139313 -1.0888601329942511 10
1.3722849261697869 -0.0622063509858744 -1.2005693582125361 10
1.6222606843172200 -0.2000726915949734 -1.0637974916145410 10
1.6681649931653610 -0.2033787733132904 -1.0523130814364181 10
1.5497267832310280 -0.0011604560812113 -1.2099881546163971 10
1.5215990558746699 -0.1372352426210036 -1.1589483366068121 10
1.5385276203173299 -0.0716676199370067 -1.1973946720353601 10
1.5849294069324920 -0.0655797494523043 -1.1994943282500830 10
1.4550903308874681 -0.1857590046626853 -1.0979386907162469 10
1.7324578219649349 -0.0672116318481138 -1.1989493025706430 10
1.7076403474627180 -0.1294836333359037 -1.1653236738224280 10
1.6800399357882070 -0.0624358877220709 -1.2005037498958471 10
1.4524496582159709 -0.0931956398534308 -1.1881847573338991 10
1.5512841332171601 -0.1703831389777441 -1.1227511484157029 10
1.4351870112377261 -0.0444046130583977 -1.2052424477212429 10
1.3996660286747480 -0.0032864905299487 -1.2099089930073150 10
1.7142695956278640 -0.1978724219687465 -1.0703263897790321 10
1.7518942851391710 -0.1709554163259807 -1.1219632334386269 10
1.7091007059257159 -0.1705159628991332 -1.1225703565691860 10
1.3868223711782390 -0.1155143741450952 -1.1753768435071319 10
1.4121332640792250 -0.0804221166472156 -1.1939871925006991 10
1.4501027451282951 -0.2099862801846865 -0.9987210812993418 10
1.7641052217565549 -0.2018229189540059 -1.0580205978443999 10
1.7945454123823421 -0.0723768609045090 -1.1971290083444570 10
1.3732602681408801 -0.1960315128202584 -1.0751118656836649 10
1.4284022002928289 -0.2053001075198591 -1.0441169695834269 10
1.0431624279053759 -0.1957087803523939 -1.0761382297120261 10
1.0238500280655110 -0.2068780102515523 -1.0360491117883881 10
1.9657551701245921 -0.0419060186227179 -1.2057716232907689 10
1.3502485344049551 -0.2099234196076962 -1.0030202670692381 10
1.2995569833035150 -0.2099249335619690 -0.9970324970429281 10
1.2915994147496090 -0.1851013759176725 -1.0991773620255021 10
1.2973544659161400 -0.2055956621140850 -1.0427551546874210 10
1.0321634129455970 -0.0411871362691949 -1.2059193780003670 10
1.8754497257929450 -0.0449400441815412 -1.2051348804908590 10
1.4776028228774361 -0.2043757335762664 -1.0482777153883500 10
1.4659382842506530 -0.0437709501995383 -1.2053819631009559 10
1.3488604455349220 -0.1114093766131226 -1.1780139124008011 10
1.8328577842049480 -0.0405789673305616 -1.2060371808434800 10
1.3202749820765260 -0.1536850621850145 -1.1431092017805720 10
1.0469399515831701 -0.1876409869339466 -0.9057107992176515 10
1.0390757936168140 -0.1476874571996187 -0.8507079009343924 10
1.0873214558389210 -0.1612484249259892 -0.8654681514710448 10
1.8651912041030569 -0.1987906666738042 -0.9323179862168128 10
1.8997919640770720 -0.2099805197903017 -1.0015145846757409 10
1.0003099560675750 -0.1693589557797327 -0.8758412770715769 10
1.1174064341963681 -0.2058301085505606 -0.9583665773462567 10
1.1498601521371870 -0.2099846157952148 -0.9986485894496016 10
1.0999956600907130 -0.2099952895486095 -1.0007518065866261 10
1.1535004575302290 -0.1975191096321599 -0.9286873931343992 10
1.2010540500625970 -0.2099437412679099 -1.0023742075038660 10
1.1806260455615769 -0.2063093605473343 -0.9608293488056725 10
1.0781644173240690 -0.1277773435201002 -0.8333490262476324 10
1.5282690534663250 -0.0397334580412799 -0.7937957354451831 10
1.3995260005286720 -0.2099973856413277 -1.0002983968950709 10
1.7518725995156770 -0.0681721867904732 -0.8013756741377003 10
1.8013453538557349 0.0004217210650579 -0.7900165675011329 10
1.7889382004427039 -0.0454534431912293 -0.7949780211044135 10
1.4997797947450271 -0.2099895126087799 -0.9989000515436063 10
1.0484365362591290 -0.0948093774897693 -0.8126210756016009 10
1.0750456811273690 -0.0472850984323986 -0.7953925133213294 10
1.9496790315995489 0.0010370402610008 -0.7900098214139766 10
1.0007662053785540 -0.0647381221534546 -0.8002334907623367 10
1.2006118956316281 -0.0012297197313940 -0.7900157239510368 10
1.1652521258146100 -0.0463764337799439 -0.7951859159424285 10
1.2083320384717220 -0.0744182222965196 -0.8036284838963815 10
1.1428701635359011 -0.1637002084296401 -0.8684661192618871 10
1.1056841087293341 -0.1900825806608649 -0.9107333157834147 10
1.5186223369810219 -0.1190894783979372 -0.8270369566056995 10
1.2568711723169310 -0.0853965469509849 -0.8081510893000118 10
1.9707111598406080 -0.1490371433280594 -0.8520545604174340 10
1.6495229325226610 -0.2099859238630118 -0.9987911389976456 10
1.6765627919947921 -0.2059473821578971 -0.9590536038336765 10
1.7011673696148679 -0.2099880757365054 -1.0002608018665189 10
1.2342374801585621 -0.1162679066478091 -0.8251258302877800 10
1.2256845783890991 -0.1766837996424559 -0.8865099691659395 10
1.6481547306490241 -0.1988181732357788 -0.9324036375049506 10
1.6150228479793480 -0.2035871700904657 -0.9485172520047781 10
1.1858650015757890 -0.1784201068661097 -0.8892486560663576 10
1.5503598016711650 -0.2099987972553119 -0.9998780546294155 10
1.5730905929342640 -0.2026695697356789 -0.9449983410237548 10
1.5226013976604991 -0.2019668805775737 -0.9424717851069854 10
1.6614630471060281 -0.1725174006623049 -0.8802655304814044 10
1.1132112988448331 -0.1321873426706235 -0.8368311122908829 10
1.1490784943748820 -0.1039386984834890 -0.8175297046042014 10
1.5433068172674509 -0.0848296080421618 -0.8078971089233518 10
1.5950096421762490 -0.0822033940728695 -0.8067659654956945 10
1.5649523226185460 -0.1378649145238203 -0.8415974622557501 10
1.8003752881550290 -0.2099754417915025 -1.0016749748400480 10
1.8501836350729901 -0.1692864933914892 -0.8757404292300007 10
1.8022646225529839 -0.1542523521475577 -0.8575123375415479 10
1.8497936514053439 -0.2099088949114665 -0.9967012531554625 10
1.7114176877005280 -0.1626437528910352 -0.8671590135524994 10
1.7835301573332429 -0.1840576646629520 -0.8989036660716934 10
1.7675630585941411 -0.2008244689141806 -0.9386105634143169 10
1.8170005361137640 -0.1963220470593119 -0.9254538996517342 10
1.7477165628346560 -0.1266853602714330 -0.8325206760545442 10
1.7501829970841400 -0.1749445677894947 -0.8838371754670415 10
1.7962268087429001 -0.0977793004896763 -0.8141540695616790 10
1.6286611824391630 -0.1375955951821302 -0.8413679475894120 10
1.6878373514354470 -0.1216353290866883 -0.8288207791819429 10
1.7003888117933399 -0.0532190635830627 -0.7968603319417966 10
1.6435925279238610 -0.0733578503077565 -0.8032355307854638 10
1.7216216137294931 -0.0933830104174205 -0.8119081806343373 10
1.3911960558068459 -0.1801265100562134 -0.8920473458658844 10
1.3987339583881790 -0.1377785924534191 -0.8415181008445848 10
1.8343052114948699 -0.0636617294065700 -0.7998871300311086 10
1.4405136120295190 -0.1696457030411977 -0.8762256607250217 10
1.3956945393447420 -0.0771019875598989 -0.8046671973741159 10
1.3479843899081150 -0.0585196024910258 -0.7983187291318274 10
1.4248011676928141 -0.2006204410971247 -0.9379465604648969 10
1.4698795038385499 -0.2004559362460511 -0.9374144694250289 10
1.3764677728309420 -0.2028196940718221 -0.9455636245506904 10
1.3532865643130461 -0.1888358634345758 -0.9081378455615234 10
1.7079745290866610 -0.1980465055121232 -0.9301667180731452 10
1.3252009211755851 -0.2031361455168927 -0.9467765400545278 10
1.2714115769508620 -0.1974357778338809 -0.9284643729450039 10
1.3515959100803301 -0.1569584839964004 -0.8604928018360749 10
1.3109349357923219 -0.1743587691431926 -0.8829643084384514 10
1.2582052200631679 -0.1511549189464402 -0.8542375055190035 10
1.3556605789828251 -0.1092329859597501 -0.8206470834068877 10
1.9604049262939469 -0.1057419555152563 -0.8185668070514219 10
1.9595399604115431 -0.0501393587304326 -0.7960755431994732 10
1.2999711136930090 0.0015955207182128 -0.7900212247605953 10
1.2497018250406260 -0.0030939506821898 -0.7900805660835336 10
1.8397715323100130 -0.1204630611481975 -0.8280004256787586 10
1.8800666440349230 -0.1052655375284337 -0.8182919023049812 10
0.9996458119585230 -0.2099987407347076 -0.9998398092367891 10
1.0341892766311640 -0.2058691060028237 -0.9585545029911787 10
1.9493836628913630 -0.2099831189985128 -0.9987172047011420 10
1.9675490571575620 -0.2043449814885536 -0.9515944360319503 10
1.4872059959703909 -0.0707299950568459 -0.8022713679368184 10
1.4417380820821899 -0.1115286225267033 -0.8220663484930583 10
1.4825270607379890 -0.1381588361792707 -0.8418560312573151 10
1.5220659433179049 -0.1533743589395309 -0.8565573945596427 10
1.4969667402054510 -0.1781207381223311 -0.8887685050598945 10
1.4507537439939340 -0.0004370857045816 -0.7900063267829144 10
1.4355818920137100 -0.0541081654529963 -0.7970913219480746 10
1.3019275556549359 -0.0451207088244717 -0.7949087958572517 10
1.3085551148174499 -0.1147123718518268 -0.8241012166691863 10
1.9238747436593231 -0.1977796825288363 -0.9294105404531444 10
1.9633029641110760 -0.1830247984814684 -0.8970438013486099 10
1.9220550364574460 -0.1496906030054089 -0.8527155518182430 10
1.8803834185782700 -0.1449170087251847 -0.8480175406030652 10
1.8879259634096179 -0.1755029442695684 -0.8846925880499881 10
1.0359524904623050 -0.0423368912911071 -0.7943126116066845 10
1.0501442607908940 -0.0001870724556314 -0.7900004650624644 10
1.0504762032131050 -0.2099487083993923 -1.0024342538373110 10
1.0750078751208409 -0.2053709399846298 -0.9561558931007533 10
1.5505778723315540 0.0015926382736492 -0.7900239250459175 10
1.5642136116285130 -0.0422485567072721 -0.7943033439383601 10
1.2003880555374720 -0.1424141122329131 -0.8456773197953789 10
1.2095077288706779 -0.1974737924312983 -0.9287363852735212 10
1.6054100825545170 -0.1816908748206530 -0.8947010341696701 10
1.0981108260097601 -0.0935894235492853 -0.8120077099951579 10
1.5460669556611970 -0.1802676077570619 -0.8922849837343207 10
1.1499190324035129 -0.0014530812041156 -0.7900176526029319 10
1.1229656143041209 -0.0495454695276801 -0.7959291332100320 10
1.8840049760769360 -0.0496887740619772 -0.7959644792566475 10
1.9214496418182241 -0.0375521675288559 -0.7933844994482556 10
1.9215197235122869 -0.0851488307971113 -0.8080414999706500 10
0.9616359054020003 0.0671281570655813 -0.8429440202798405 10
0.9624708108040004 0.0752468141311627 -0.8246850405596809 10
0.2317876094594518 0.1315349261170974 -0.4539339300098791 10
0.2427572189189037 0.1469738522341948 -0.4475068600197583 10
0.1570559784202250 0.0671281600291786 -0.0383640949872128 10
0.1753149568404499 0.0752468200583572 -0.0375291899744257 10
0.1524490814522910 0.0837219815338341 -0.0873952467872153 10
0.1697481629045821 0.0935994630676682 -0.0856127935744305 10
0.9035842732749892 0.0000000000000000 -0.8243814727793076 10
0.9058475465499785 0.0000000000000000 -0.8045099455586152 10
0.1314288348443594 0.1091566036634434 -0.0438761763554973 10
0.1465086696887189 0.1222718073268867 -0.0431080527109945 10
0.1171976295473056 0.1270913062699030 -0.0871924567550299 10
0.1301942590946112 0.1422206125398059 -0.0857120135100598 10
0.4763790282922136 0.1182636159802772 -0.7046255470235820 10
0.4847830565844272 0.1323692319605544 -0.6932060940471642 10
0.6175665047992580 0.1699982916024362 -0.9238020234709805 10
0.6178160095985159 0.1899965832048723 -0.9237240469419610 10
0.1991693883116104 0.1603463168192262 -0.4989272447676184 10
0.2045227766232208 0.1792886336384524 -0.4953874895352369 10
0.1425856675087916 0.1699973846867935 -0.5140282333810704 10
0.1429003350175833 0.1899947693735871 -0.5139534667621408 10
0.1760471707281940 0.1603161160953025 -0.4595675841956972 10
0.1816923414563879 0.1792762321906050 -0.4566271683913944 10
0.4859078184736406 0.1699977765047899 -0.8574309768044223 10
0.4859186369472811 0.1899955530095797 -0.8571329536088446 10
0.5283159002602706 0.1699963477089533 -0.8821732935633044 10
0.5280288005205411 0.1899926954179066 -0.8824255871266089 10
0.5404274269263939 0.1603641789911890 -0.8241157811954136 10
0.5433628538527878 0.1793693579823780 -0.8186215623908274 10
0.5425285562973275 0.1367577752070019 -0.7739214483241742 10
0.5485091125946551 0.1529175504140037 -0.7637678966483484 10
0.0960961237319387 0.1699995159673044 -0.4276648356024051 10
0.0961815474638775 0.1899990319346089 -0.4277746712048102 10
0.5863685639210690 0.1636443406486658 -0.8596164600949184 10
0.5887041278421380 0.1828546812973315 -0.8545659201898369 10
0.9527136661765773 0.1457388024342601 -0.9112524911049622 10
0.9532263323531545 0.1629456048685203 -0.9010709822099244 10
0.4219336186386399 0.0915181749596641 -0.6323277330677936 10
0.4332482372772797 0.1022172499193282 -0.6197774661355873 10
0.8757427029942282 0.1153246638140135 -0.8662339638804941 10
0.8776524059884563 0.1289793276280270 -0.8517459277609883 10
0.5044254053841667 -0.0000000000000000 -0.6658128093274255 10
0.5164358107683333 -0.0000000000000000 -0.6498206186548509 10
0.4870208740070593 0.0761806003410491 -0.6752762212514203 10
0.4978377480141186 0.0851849006820982 -0.6610664425028406 10
0.4908706189644434 0.0370899680387490 -0.6606841605407889 10
0.5027212379288868 0.0413996360774980 -0.6451603210815778 10
0.7206340746571405 0.1614185514386106 -0.9045263345333108 10
0.7228351493142811 0.1803131028772212 -0.8983496690666216 10
0.0887477981533574 0.1457388079298568 -0.0472863049461940 10
0.0989292963067147 0.1629456158597136 -0.0467736098923880 10
0.9507226515831915 0.1660269048162249 -0.9622001553944042 10
0.9509153031663830 0.1855598096324497 -0.9579073107888082 10
0.3518944425398870 0.0520083076101710 -0.5314670211279178 10
0.3665538850797740 0.0580764152203419 -0.5192900422558356 10
0.6229356076002162 0.1382757085811298 -0.8184260711514185 10
0.6277852152004324 0.1546664171622596 -0.8080421423028370 10
0.6434596934431971 0.1615431171524395 -0.8773739226738846 10
0.6458423868863941 0.1805772343048790 -0.8717148453477691 10
0.1826420987642508 0.0000000000000000 -0.1443203503767640 10
0.2023711975285015 0.0000000000000000 -0.1410397007535279 10
0.0625844786934217 0.1648723191493617 -0.2003435777211455 10
0.0677853573868435 0.1841566382987233 -0.1993111554422910 10
0.7996563739585245 0.1648723123976094 -0.9374150866800945 10
0.8006887479170489 0.1841566247952187 -0.9322141733601891 10
0.7568963416104398 0.1699993924679657 -0.9699360815351623 10
0.7567726832208796 0.1899987849359314 -0.9698411630703248 10
0.7097970737287219 0.1699971326936966 -0.9566114456913335 10
0.7098791474574438 0.1899942653873932 -0.9562828913826671 10
0.4001234852968882 0.0722082282036539 -0.5966827236163156 10
0.4129009705937764 0.0808438564073079 -0.5839484472326312 10
0.4360178817284934 0.0430601561334728 -0.6164898661202899 10
0.4492327634569868 0.0482049122669456 -0.6023867322405798 10
0.1675633278779326 0.0318685238161070 -0.0310253349931284 10
0.1871856557558653 0.0356386476322139 -0.0301590699862568 10
0.9689742685388321 0.0318685245982534 -0.8324366724282700 10
0.9698405370776642 0.0356386491965068 -0.8128143448565400 10
0.9126044547178382 0.0837219821057610 -0.8475509190293464 10
0.9143869094356765 0.0935994642115219 -0.8302518380586930 10
0.8660437050518058 0.0785054265035688 -0.8385861189184785 10
0.8685134101036118 0.0879846530071376 -0.8211492378369569 10
0.1614138967458271 0.0785053794265494 -0.1339562248534238 10
0.1788507934916542 0.0879845588530989 -0.1314864497068477 10
0.2467442800228892 0.1424227445422021 -0.5055630944037079 10
0.2559875600457784 0.1589694890844043 -0.4991781888074159 10
0.5011476480580556 0.1604779200005687 -0.8013356773972645 10
0.5044912961161112 0.1795138400011375 -0.7961923547945291 10
0.9999461972118587 0.1699999150927356 -0.9999776048363332 10
0.9998923944237176 0.1899998301854711 -0.9999552096726666 10
0.4586583383802899 0.0585255241364464 -0.6428130707635774 10
0.4706466767605798 0.0654139482728928 -0.6283621415271550 10
0.1734767256156573 0.0397209131165835 -0.1165966744927826 10
0.1926874512313146 0.0445594262331670 -0.1138513489855653 10
0.8834033252829150 0.0397209169539588 -0.8265232753187902 10
0.8861486505658300 0.0445594339079176 -0.8073125506375806 10
0.0051562526293513 0.1699966632313885 -0.0981482123827653 10
0.0054972352587026 0.1899933264627771 -0.0982793247655307 10
0.0007898901963560 0.1699955991960789 -0.0491315618047501 10
0.0003752403927121 0.1899911983921578 -0.0491954236095001 10
0.0377995221785127 0.1660269096130164 -0.0492771350229014 10
0.0420923443570253 0.1855598192260328 -0.0490844700458028 10
0.9508681485864315 0.1699956032601601 -0.9992094553766794 10
0.9508042971728630 0.1899912065203203 -0.9996239107533588 10
0.8337352188862984 0.0499142202015136 -0.8208302175320146 10
0.8373444377725968 0.0562312404030271 -0.8022004350640292 10
0.3734590276408361 0.1234198394172882 -0.6223353734623785 10
0.3831200552816722 0.1380686788345763 -0.6127397469247571 10
0.3621340915085455 0.0903757626666454 -0.5708636969286217 10
0.3747431830170911 0.1010376253332907 -0.5595793938572434 10
0.3203477187850305 0.1365857402092154 -0.5881227617431074 10
0.3293544375700610 0.1526954804184307 -0.5804185234862147 10
0.8366904690946387 0.1102747345043537 -0.8551690257682524 10
0.8393579381892775 0.1230572690087074 -0.8400200515365048 10
0.4444098239824972 0.1699989236054346 -0.8316765128381243 10
0.4443896479649944 0.1899978472108691 -0.8318830256762486 10
0.4041258488604446 0.1699942765681255 -0.8036532264543127 10
0.4039506977208893 0.1899885531362510 -0.8040984529086254 10
0.1679369833960022 0.1699896932379966 -0.5558159584480649 10
0.1673439667920044 0.1899793864759933 -0.5560619168961297 10
0.0526256146791506 0.1654509815832315 -0.1608693569937483 10
0.0570958293583013 0.1849269631664629 -0.1600307139874967 10
0.0992757897966088 0.1464299458252395 -0.1530906129431864 10
0.1094417795932175 0.1635848916504790 -0.1515542258863728 10
0.1226319743581855 0.1615414611219590 -0.3565387143394851 10
0.1282959487163711 0.1805739222439179 -0.3541544286789702 10
0.1085237207673840 0.1681619617956005 -0.3950096816344610 10
0.1110834415347681 0.1879559235912010 -0.3937263632689220 10
0.6049914002856469 0.1681619662088871 -0.8914783544330833 10
0.6062748005712939 0.1879559324177743 -0.8889187088661668 10
0.8086247351433062 -0.0000000000000000 -0.8076355307984391 10
0.8132724702866123 -0.0000000000000000 -0.7881830615968781 10
0.7843662836811136 0.0465755018961834 -0.8082347017506446 10
0.7894465673622273 0.0521303037923668 -0.7897054035012891 10
0.1791698228325089 0.0499140791260732 -0.1662647425506193 10
0.1977996456650178 0.0562309582521464 -0.1626554851012387 10
0.8391306700821394 0.1654509752761372 -0.9473747629216542 10
0.8399693401642787 0.1849269505522744 -0.9429045258433085 10
0.8048804282703101 0.1699998029626364 -0.9808687076371851 10
0.8048508565406204 0.1899996059252728 -0.9809524152743703 10
0.7972933489980348 0.1404840858150598 -0.8812578127557174 10
0.7997656979960698 0.1570291716301195 -0.8702966255114347 10
0.8469093576909633 0.1464299687753300 -0.9007250444933657 10
0.8484457153819266 0.1635849375506601 -0.8905590889867313 10
0.7619880606837497 0.0000000000000000 -0.7951417217215772 10
0.7677591213674994 0.0000000000000000 -0.7759924434431542 10
0.3157774725247801 0.1586047162830364 -0.6428217772802118 10
0.3209029450495602 0.1773844325660729 -0.6382335545604236 10
0.2594027451280180 0.1699957833295849 -0.6713504012926723 10
0.2597564902560361 0.1899915666591697 -0.6711418025853445 10
0.2607334421792791 0.1592406014564022 -0.5813774791518840 10
0.2661858843585582 0.1780382029128044 -0.5772639583037681 10
0.2793952597496525 0.1631923930280011 -0.6226917469198382 10
0.2835885194993049 0.1824137860560022 -0.6190924938396763 10
0.2270843357822745 0.1699982423370908 -0.6341452013172507 10
0.2271786715645491 0.1899964846741816 -0.6338974026345015 10
0.4302413178187836 0.1584302559806512 -0.7455812986164256 10
0.4346356356375673 0.1770515119613025 -0.7397555972328512 10
0.4550139127666745 0.1642788376452075 -0.7857743204444376 10
0.4578508255333490 0.1836316752904150 -0.7816006408888753 10
0.3858380266036041 0.1599416832536701 -0.7147792951564463 10
0.3901510532072082 0.1787683665073403 -0.7095875903128926 10
0.4287826198159393 0.1362404779421014 -0.6933251197870675 10
0.4363162396318786 0.1524339558842029 -0.6843242395741349 10
0.4107708506385641 0.0322959568630988 -0.5889459677319975 10
0.4246637012771281 0.0361111137261975 -0.5750739354639951 10
0.4890979844506494 0.1436364604967025 -0.7519243638373458 10
0.4948529689012988 0.1606309209934051 -0.7430887276746918 10
0.5819029270096469 0.1439530680534119 -0.8077843588735694 10
0.5868588540192938 0.1609681361068238 -0.7985147177471388 10
0.5979394266695887 0.1106780221104219 -0.7726111376708873 10
0.6050178533391775 0.1235515442208439 -0.7590402753417744 10
0.1403907676076953 0.1636424297772584 -0.4136287640976148 10
0.1454435352153906 0.1828518595545169 -0.4112905281952297 10
0.1924677888570408 0.1437935285936441 -0.4180337517448302 10
0.2019725777140817 0.1606590571872882 -0.4130125034896603 10
0.1718725417107008 0.1321400177748486 -0.3342885543823294 10
0.1832740834214016 0.1479170355496972 -0.3296961087646587 10
0.1818424689893296 0.1380898072733274 -0.3770238346109277 10
0.1923719379786591 0.1543896145466548 -0.3721816692218554 10
0.7929521769780585 0.0974531940563446 -0.8354313437347417 10
0.7969793539561171 0.1089794881126893 -0.8195906874694833 10
0.4473251925030121 0.1040323540540328 -0.6661264709204632 10
0.4574183850060242 0.1162171081080656 -0.6538929418409264 10
0.2557344214901751 0.0503352510848672 -0.3843061911789987 10
0.2728538429803503 0.0564445021697345 -0.3759633823579973 10
0.6853225200206672 0.1646723805221453 -0.9046137453358858 10
0.6868580400413342 0.1841147610442907 -0.9001824906717716 10
0.6968179651655622 0.1485345793824371 -0.8657598159369718 10
0.7000889303311243 0.1659821587648742 -0.8565466318739438 10
0.0953874700787661 0.1646721484170708 -0.3146771831745026 10
0.0998196401575321 0.1841142968341417 -0.3131413663490052 10
0.0954766460993990 0.1614175564401157 -0.2793643473886138 10
0.1016557921987979 0.1803111128802313 -0.2771616947772275 10
1.0000963773052991 0.1373707053176011 -0.8998560312386213 10
1.0001927546105991 0.1533884106352021 -0.8878800624772427 10
0.9561241033050388 0.1091566145315900 -0.8685711735718491 10
0.9568922066100776 0.1222718290631800 -0.8534913471436981 10
0.2051174654110280 0.0376692653427257 -0.2531704217680588 10
0.2237059308220561 0.0422017306854515 -0.2473458435361175 10
0.1917983054955725 0.0464502996960134 -0.2156177768832597 10
0.2103586109911450 0.0518856993920268 -0.2105215537665195 10
0.3272672718528477 0.0989139941898963 -0.5385461643924139 10
0.3399065437056954 0.1108021883797926 -0.5286003287848278 10
0.2965916737001202 0.1334329740973679 -0.5528526144158789 10
0.3064123474002403 0.1492069481947359 -0.5454542288317575 10
0.2919868057236783 0.1180665645009751 -0.5187055751470441 10
0.3035696114473566 0.1318771290019502 -0.5100391502940881 10
0.2650575338319600 0.1455200364551527 -0.5401976435193125 10
0.2734310676639199 0.1626100729103054 -0.5340482870386249 10
0.2244499748495044 0.1619839731418549 -0.5459069306676085 10
0.2292799496990089 0.1810859462837099 -0.5424738613352169 10
0.1344687307154131 0.1483953047996183 -0.3030917903716053 10
0.1438794614308262 0.1657216095992367 -0.2997395807432106 10
0.2048288542145994 -0.0000000000000000 -0.2379151916516926 10
0.2239487084291988 -0.0000000000000000 -0.2320473833033851 10
0.2097584573624924 0.0590293179800905 -0.2865128806509601 10
0.2273329147249847 0.0660646359601811 -0.2800597613019202 10
0.1850375309974558 0.0831974689525621 -0.2476192403883828 10
0.2016650619949117 0.0930287379051243 -0.2424354807767657 10
0.3831898396056563 0.0420956743377634 -0.5632605866297488 10
0.3973966792113126 0.0470820486755269 -0.5500961732594974 10
0.2786446138740719 0.0980549569635001 -0.4703105731385959 10
0.2921472277481438 0.1097085139270002 -0.4612621462771919 10
0.9018518565140763 0.1699966616304027 -0.9948439354529111 10
0.9017207130281526 0.1899933232608054 -0.9945028709058221 10
0.0653954328955394 0.1593342015528304 -0.1072352526029918 10
0.0722529657910789 0.1780964031056608 -0.1062585052059835 10
0.0110107146385089 0.1699982978085719 -0.1465482434628518 10
0.0111979292770177 0.1899965956171438 -0.1463664869257036 10
0.7460589460582849 0.1338128896286865 -0.8583745151837754 10
0.7496528921165699 0.1496727792573729 -0.8467320303675507 10
0.1646171566742947 0.0973917787575722 -0.2070677821116545 10
0.1805023133485893 0.1088636575151443 -0.2030605642233090 10
0.1418568273796053 0.1336651851978682 -0.2540505839496793 10
0.1536456547592105 0.1494273703957365 -0.2505041678993586 10
0.4041792648360045 0.1304927072647414 -0.6625468066841691 10
0.4124275296720090 0.1460884145294827 -0.6531266133683382 10
0.3521020776642720 0.1588913285251017 -0.6804350048960275 10
0.3569291553285440 0.1775846570502034 -0.6752140097920549 10
0.7553058626618461 0.1621173871441497 -0.9167413384423265 10
0.7567857253236923 0.1811777742882994 -0.9108666768846531 10
0.1187450744804565 0.1404824758981955 -0.2027065032176051 10
0.1297071489609130 0.1570269517963910 -0.2002340064352102 10
0.6654599975584169 0.1324088522212307 -0.8283934485838442 10
0.6698599951168339 0.1483157044424614 -0.8170968971676883 10
0.3065446971818362 -0.0000000000000000 -0.4560927306633852 10
0.3232543943636724 -0.0000000000000000 -0.4451024613267704 10
0.2339636562824040 0.0761502751679009 -0.3637419852927043 10
0.2501143125648080 0.0851443503358018 -0.3561089705854086 10
0.2104093829689762 0.0993731284809289 -0.3459914674648876 10
0.2253457659379525 0.1110097569618578 -0.3395499349297753 10
0.2296404199631653 0.1039110750258704 -0.3944130396149801 10
0.2438468399263306 0.1161551500517408 -0.3874660792299603 10
0.2110942307797416 0.0792698001292359 -0.3153879752230824 10
0.2275534615594831 0.0885776002584718 -0.3088719504461648 10
0.1836691407624667 0.1078333424924858 -0.2967064897799849 10
0.1980762815249333 0.1205443849849716 -0.2911509795599698 10
0.2332674571870406 0.0464266939825421 -0.3343540428933954 10
0.2508449143740813 0.0520812879650843 -0.3266690857867909 10
0.6996786699069103 0.1167742551932258 -0.8234002364571313 10
0.7048113398138206 0.1302395103864516 -0.8095314729142626 10
0.6552149774115120 0.1002919496259358 -0.7908457746646228 10
0.6616239548230241 0.1120358992518716 -0.7759795493292456 10
0.8927647066797880 0.1593341941868845 -0.9346044411518898 10
0.8937414133595760 0.1780963883737690 -0.9277468823037796 10
0.9128074317018553 0.1270913239913877 -0.8828023897673369 10
0.9142878634037106 0.1422206479827754 -0.8698057795346740 10
0.8824483164418921 0.1393088689932616 -0.8948830594208714 10
0.8841836328837843 0.1557247379865232 -0.8835911188417428 10
0.1337660873913110 0.1153245979022998 -0.1242572147062447 10
0.1482541747826220 0.1289791958045997 -0.1223474294124895 10
0.1051172678494284 0.1393088377634517 -0.1175515655842105 10
0.1164092356988569 0.1557246755269034 -0.1158161311684209 10
0.1448321652351561 0.1102738154440705 -0.1633095659209245 10
0.1599813304703122 0.1230561308881411 -0.1606421318418489 10
0.0832625321115666 0.1621169498383102 -0.2446933434288613 10
0.0891386642231332 0.1811768996766204 -0.2432136868577227 10
0.3171840610791001 0.0689174059719777 -0.4970973056140783 10
0.3319071221582003 0.0770463119439554 -0.4862736112281568 10
0.2675204095051466 0.0726568670594267 -0.4239250796472904 10
0.2831208190102931 0.0812708341188535 -0.4148461592945808 10
0.3012049923999134 0.0415318317570779 -0.4573470676166961 10
0.3173639847998269 0.0466264635141558 -0.4467201352333922 10
0.7402992431638465 0.0433002983595461 -0.7942284709098586 10
0.7462164863276931 0.0481012967190923 -0.7757369418197172 10
0.7446481546408434 0.0862961537008124 -0.8144400781858941 10
0.7498193092816868 0.0965202074016248 -0.7980471563717884 10
0.7003147490524058 0.0601365760483226 -0.7857837533333264 10
0.7068854981048115 0.0671558520966452 -0.7682465066666527 10
0.6713221766758360 -0.0000000000000000 -0.7621494131028559 10
0.6793123533516721 -0.0000000000000000 -0.7438148262057118 10
0.6666087375911861 0.0567374260091779 -0.7707324455812259 10
0.6741494751823722 0.0631933520183559 -0.7533698911624518 10
0.6313375440936765 0.0573272354774249 -0.7547350592332182 10
0.6398410881873530 0.0637487709548498 -0.7378101184664364 10
0.5748312634199022 0.0604510340076328 -0.7257404677787455 10
0.5843205268398044 0.0676362680152656 -0.7096679355574910 10
0.5274395529552898 0.1109921460964113 -0.7319400528968313 10
0.5357561059105795 0.1239847921928227 -0.7192111057936625 10
0.5625000911195922 0.1061844547880730 -0.7488026714461422 10
0.5704391822391843 0.1184835095761460 -0.7351753428922843 10
0.5844399947029755 0.0000000000000000 -0.7184900262021578 10
0.5938799894059511 0.0000000000000000 -0.7008580524043158 10
0.6069857074065467 0.0318719485173641 -0.7344788465296587 10
0.6162944148130932 0.0352713970347283 -0.7171066930593173 10
0.5183944414229393 0.0836635881900146 -0.7028380570789414 10
0.5282108828458788 0.0935993763800293 -0.6885231141578829 10
0.1686656553481783 0.0377438183158979 -0.0696014082294724 10
0.1881013106963566 0.0422122366317959 -0.0680886164589447 10
0.9303987937390890 0.0377438197817894 -0.8313343451420673 10
0.9319115874781778 0.0422122395635788 -0.8118986902841344 10
0.5214915964598844 0.0435919512216618 -0.6851268861443613 10
0.5326541929197689 0.0485850024433235 -0.6693007722887228 10
0.5440603361610150 -0.0000000000000000 -0.6935569881020450 10
0.5552036723220301 -0.0000000000000000 -0.6769489762040901 10
0.1307306041043958 0.0893931158854605 -0.7446334161781762 10
0.1178142082087916 0.0999177317709210 -0.7556968323563524 10
0.1667478587452193 0.1101777373492565 -0.7624824004531587 10
0.1555427174904386 0.1231644746985130 -0.7727678009063176 10
0.7885669764525307 0.1087584443461030 -1.1107130044543030 10
0.7857159529050615 0.1215083886922059 -1.1258560089086069 10
0.1478970049726392 0.0570318820012193 -0.7873137221973190 10
0.1340930099452783 0.0637972640024387 -0.8001074443946381 10
0.8355201383423889 0.0910282684447296 -1.1316893478994230 10
0.8331002766847778 0.1017649368894591 -1.1483886957988469 10
0.4921582513377236 0.0567281180642118 -1.0432093284521020 10
0.4840515026754473 0.0632532361284237 -1.0602886569042040 10
0.5179276887819292 0.1066290280746150 -1.0246621304902110 10
0.5114763775638582 0.1191575561492300 -1.0388542609804221 10
0.4762561397348008 0.0950030314268567 -1.0136624052474130 10
0.4685842794696016 0.1059008628537133 -1.0285748104948260 10
0.8936219803995904 0.1499542412942418 -1.0748300199333241 10
0.8926879607991808 0.1675934825884837 -1.0842100398666490 10
-0.0759632265000466 0.1515429147323540 -0.0480398192653170 10
-0.0851868530000932 0.1692838294647079 -0.0484695385306339 10
-0.1116316517949386 0.1252570687566815 -0.0857602542061154 10
-0.1252155035898772 0.1398841375133630 -0.0869963084122309 10
-0.0748343894012577 0.1499542746420935 -0.1063776963816419 10
-0.0842143788025154 0.1675935492841869 -0.1073113927632837 10
-0.0488762985487889 0.1482312821817899 -0.2706323263330374 10
-0.0585627970975779 0.1655455643635797 -0.2731596526660749 10
0.1557953942370127 0.1262489320765726 -0.7266134962757431 10
0.1456137884740254 0.1409528641531453 -0.7355649925514861 10
0.5901651927847398 0.0934343234255477 -1.0659470384228840 10
0.5840853855694795 0.1045193468510954 -1.0814440768457669 10
-0.0687636583163621 0.1442642301647040 -0.2137671539088037 10
-0.0790871166327242 0.1612694603294079 -0.2158283078176074 10
0.7545326924888082 0.1260733344519778 -1.0866586809279000 10
0.7515443849776162 0.1407456689039556 -1.0999173618558000 10
-0.0371716813878943 0.1290318930357141 -0.3973315266795423 10
-0.0491033627757887 0.1444817860714282 -0.4016830533590847 10
-0.0321112803784377 0.1209559708242920 -0.4334942116086965 10
-0.0451295607568753 0.1350149416485839 -0.4392274232173931 10
0.6026682050033693 0.1290317188461794 -1.0371718090783131 10
0.5983164100067385 0.1444814376923587 -1.0491036181566260 10
-0.0866592993999034 0.1260735023204643 -0.2454672886940071 10
-0.0999177987998067 0.1407460046409287 -0.2484555773880142 10
0.5435752043588995 0.0636954339454896 -1.0638402124910400 10
0.5361774087177990 0.0711509678909791 -1.0808604249820810 10
0.5665055857313630 0.1209560902476717 -1.0321080621534851 10
0.5607721714627260 0.1350151804953433 -1.0451261243069709 10
-0.0855062468195235 -0.0000000000000000 -0.4365434335683399 10
-0.1039400936390470 -0.0000000000000000 -0.4443018671366798 10
0.5181722056129671 0.0000000000000000 -1.0661777635237399 10
0.5100304112259342 0.0000000000000000 -1.0844455270474800 10
-0.0432092840847532 0.0567284981517669 -0.5078419575487487 10
-0.0602883681695065 0.0632539963035338 -0.5159489150974976 10
-0.1404612047052728 0.0564571110155404 -0.2139233003191439 10
-0.1590414094105457 0.0630084220310808 -0.2173666006382877 10
0.8386512902702477 0.0428924002215455 -1.1532639204408950 10
0.8358915805404953 0.0480557004430910 -1.1723878408817909 10
0.7860761316719161 0.0564571365574746 -1.1404600904263009 10
0.7826322633438323 0.0630084731149492 -1.1590401808526021 10
-0.0234160699466782 0.0530615157878234 -0.5492886377060713 10
-0.0401638298933563 0.0592606315756469 -0.5582932754121426 10
-0.1532670754382234 0.0428918937285123 -0.1613485832203390 10
-0.1723911508764467 0.0480546874570245 -0.1641081664406780 10
-0.1605102695882389 -0.0000000000000000 -0.1487154366922734 10
-0.1803345391764778 -0.0000000000000000 -0.1513608733845468 10
-0.1531422744684679 -0.0000000000000000 -0.1978906805858753 10
-0.1728265489369358 -0.0000000000000000 -0.2014303611717507 10
-0.1316852771735867 0.0910283646312774 -0.1644799229599875 10
-0.1483845543471735 0.1017651292625549 -0.1668998459199749 10
0.1903671861075492 -0.0000000000000000 -0.8446274742521723 10
0.1764643722150983 -0.0000000000000000 -0.8590049485043445 10
0.1553565278857755 0.0000000000000000 -0.8096162507717902 10
0.1409630557715510 0.0000000000000000 -0.8235025015435803 10
0.1828505093394246 0.0955688204722047 -0.7957510619858443 10
0.1709700186788491 0.1067496409444095 -0.8073201239716886 10
-0.1199105273573978 0.1197449860621645 -0.0411300850363531 10
-0.1343080547147956 0.1336219721243290 -0.0415048700727061 10
-0.0466835403388096 0.1406340195082935 -0.3234100566179540 10
-0.0574427806776191 0.1571370390165870 -0.3268581132359081 10
-0.0847466288590516 0.1046730758491115 -0.3303879689082130 10
-0.1001103577181031 0.1166030516982229 -0.3350389378164259 10
0.6355405561544427 0.1222513046915415 -1.0570615820667300 10
0.6309351123088855 0.1366436093830830 -1.0701631641334590 10
0.6765898202638143 0.1406340591449284 -1.0466791400848749 10
0.6731416405276287 0.1571371182898569 -1.0574382801697491 10
0.7293671900386713 0.1482311992586778 -1.0488765205739841 10
0.7268393800773428 0.1655453985173556 -1.0585630411479670 10
0.0816799553800385 0.0970787108751570 -0.6747408299763008 10
0.0684098107600771 0.1084843217503140 -0.6844266599526017 10
0.1236269925232995 0.1176849386932948 -0.7016870688147870 10
0.1120379850465990 0.1312618773865897 -0.7107071376295740 10
0.1268211203164940 0.1427056036185553 -0.6564033507351293 10
0.1180412406329879 0.1594472072371106 -0.6629327014702586 10
-0.1451590761703451 0.0795453642928422 -0.1080011572591949 10
-0.1626781523406903 0.0890257285856844 -0.1097913145183897 10
0.2939286480085795 0.1629668960967716 -0.7749672842880159 10
0.2900292960171592 0.1820757921935432 -0.7793995685760317 10
0.2927468354842224 0.1699976692050381 -0.7073750714460688 10
0.2926006709684449 0.1899953384100762 -0.7076431428921375 10
0.0761984593080749 0.1699982915967359 -0.3824334893625395 10
0.0762764186161497 0.1899965831934718 -0.3821839787250789 10
0.5723351825653131 0.1699995163418904 -0.9039036406332079 10
0.5722253651306264 0.1899990326837807 -0.9038182812664158 10
0.5812800145299764 0.1653779215684401 -0.9512969157671586 10
0.5793560290599528 0.1848288431368801 -0.9555348315343171 10
-0.1030803686434777 0.0000000000000000 -0.3900131354314726 10
-0.1218516372869554 0.0000000000000000 -0.3969152708629453 10
-0.1049838596702089 0.0332464503601871 -0.3744846776752856 10
-0.1235481193404177 0.0372958007203741 -0.3807273553505713 10
0.9588711098672794 0.1197446417242663 -1.1199078825049029 10
0.9584972197345589 0.1336212834485326 -1.1343057650098070 10
0.9291852331801144 0.0992385529024648 -1.1358244382436811 10
0.9282264663602287 0.1110592058049296 -1.1519288764873621 10
0.8919988729818765 0.0795449315908277 -1.1451593134081279 10
0.8902087459637532 0.0890248631816553 -1.1626786268162559 10
0.9520659357426418 0.0710935977372652 -1.1534152841890770 10
0.9514498714852834 0.0798199954745303 -1.1714005683781541 10
-0.1358208872061740 0.0992391930844821 -0.0708165284609890 10
-0.1519247744123480 0.1110604861689642 -0.0717766569219780 10
0.0593233316515273 -0.0000000000000000 -0.6957206287216963 10
0.0432433633030546 -0.0000000000000000 -0.7076132574433927 10
0.0306609509234434 -0.0000000000000000 -0.6551959666756264 10
0.0141080018468868 -0.0000000000000000 -0.6664209333512529 10
0.0409616641309458 0.0652568395229716 -0.6471761234800335 10
0.0257071282618915 0.0731287790459431 -0.6574392469600671 10
0.0487026168251632 0.1653779384369043 -0.4187198867222870 10
0.0444647336503265 0.1848288768738087 -0.4206437734445740 10
0.2680111835369361 0.1307418079421145 -0.8326545106566331 10
0.2596363670738723 0.1461366158842291 -0.8422910213132661 10
0.6629633336615751 0.0497982703898969 -1.1126104572703259 10
0.6576826673231504 0.0557150407797938 -1.1309709145406519 10
0.6250717617964038 0.0764694866692253 -1.0891025694108529 10
0.6193395235928076 0.0855686733384507 -1.1059651388217051 10
0.6255162979923032 0.0332462738670536 -1.1049846262295120 10
0.6192745959846064 0.0372954477341073 -1.1235492524590240 10
-0.1162545206050122 0.0893111728722709 -0.2533737086702185 10
-0.1328471412100243 0.0998318457445418 -0.2571154173404371 10
0.2309206474971043 0.0870762609676388 -0.8496132348203123 10
0.2195112949942086 0.0975293219352775 -0.8622844696406246 10
0.0029262399332204 0.1516962384694188 -0.4064485225154172 10
-0.0054999201335591 0.1694994769388375 -0.4099190450308343 10
0.6520004968714451 0.1587441349334377 -1.0021231028887090 10
0.6496669937428903 0.1773612698668753 -1.0090482057774171 10
-0.0659489298401977 0.0934338191482373 -0.4098347289084721 10
-0.0814463596803953 0.1045183382964747 -0.4159144578169441 10
-0.0638381123151830 0.0636953720958462 -0.4564246283038341 10
-0.0808584246303660 0.0711508441916925 -0.4638222566076681 10
0.5911980775893296 0.0454757287983366 -1.0896433390265650 10
0.5842021551786594 0.0507687575966733 -1.1076166780531309 10
-0.0029442991010026 0.0587387650897107 -0.5819030660080738 10
-0.0191681982020052 0.0655756301794214 -0.5913921320161477 10
0.4185067742794488 0.0582583665780250 -1.0033854159909750 10
0.4090195485588975 0.0650201331560500 -1.0196418319819489 10
0.1134857936860133 0.0436406561352490 -0.7547802168037591 10
0.0986935873720267 0.0487209122704979 -0.7672454336075181 10
0.1219038413496336 0.0000000000000000 -0.7732026141534665 10
0.1070806826992672 0.0000000000000000 -0.7866292283069330 10
-0.1657893852192024 -0.0000000000000000 -0.0991699735980478 10
-0.1857217704384048 -0.0000000000000000 -0.1008131471960955 10
-0.1689422653248299 0.0000000000000000 -0.0497395558939906 10
-0.1889205306496597 0.0000000000000000 -0.0506717117879811 10
0.9218568573608400 0.0360032404887747 -1.1635227929480760 10
0.9205077147216800 0.0403160809775495 -1.1830055858961510 10
-0.1437968285861589 -0.0000000000000000 -0.2462222000882739 10
-0.1634046571723178 -0.0000000000000000 -0.2501634001765478 10
0.9997646878203860 -0.0000325504051599 -1.1699985891664699 10
0.9995293756407719 -0.0000651008103197 -1.1899971783329399 10
-0.0136629943394475 0.0950015855846174 -0.5237447104886337 10
-0.0285760186788949 0.1058979711692347 -0.5314174209772675 10
0.2056740959799880 0.1298906590403396 -0.7748692359290461 10
0.1963931919599759 0.1452043180806793 -0.7837774718580921 10
-0.1664727618732702 0.0321419948813290 -0.0328012604027126 10
-0.1860975237465405 0.0359695897626581 -0.0332684208054253 10
0.9671979538482630 0.0321415715213497 -1.1664748233354090 10
0.9667299076965261 0.0359687430426995 -1.1860996466708180 10
0.9502608719987929 -0.0000000000000000 -1.1689382666262460 10
0.9493287439975859 -0.0000000000000000 -1.1889165332524920 10
-0.0570633279748468 0.1222511122496325 -0.3644599146108769 10
-0.0701649559496936 0.1366432244992651 -0.3690658292217538 10
-0.0856563067704752 0.1178089027953185 -0.2854601441166676 10
-0.0997126135409504 0.1315258055906370 -0.2892372882333352 10
0.7031245713098188 0.0697097502717284 -1.1162440013226820 10
0.6982781426196375 0.0778063005434568 -1.1338780026453650 10
0.6696122198226072 0.1046733127687318 -1.0847436020201759 10
0.6649614396452144 0.1166035255374637 -1.1001072040403519 10
0.7145395278130766 0.1178088049530387 -1.0856563140885980 10
0.7107620556261531 0.1315256099060773 -1.0997126281771961 10
0.0772824081509086 0.1210265276630875 -0.6337296620486231 10
0.0656813163018171 0.1352080553261749 -0.6417483240972462 10
0.5412416140970436 0.1482222364877033 -0.9813058202523985 10
0.5370372281940873 0.1655804729754066 -0.9903066405047970 10
0.2198027929557850 0.1102515660846421 -0.8165986414142719 10
0.2092205859115700 0.1230479321692842 -0.8277462828285437 10
0.2411749230097309 0.1405158260346410 -0.7903777665616354 10
0.2336478460194618 0.1571666520692820 -0.7985075331232706 10
0.1939833207632136 0.1476428365746247 -0.7252401195519103 10
0.1865456415264271 0.1648976731492494 -0.7320922391038204 10
0.0068038630681406 0.0985059568749991 -0.5566508262390016 10
-0.0073130738637187 0.1101820137499982 -0.5646746524780033 10
0.0146750621915420 0.1293049028056165 -0.5119026531475592 10
0.0031732243830840 0.1445258056112330 -0.5179053062951184 10
0.4881991463824898 0.1293264482681118 -0.9853486932779090 10
0.4821822927649795 0.1445478965362236 -0.9968423865558180 10
-0.0896414441609062 0.0454758761239604 -0.4088017977525336 10
-0.1076147883218124 0.0507690522479209 -0.4157975955050672 10
-0.0891008784101913 0.0764691158638108 -0.3749288002962440 10
-0.1059634568203826 0.0855679317276216 -0.3806616005924879 10
0.3865602015116109 0.0000000000000000 -0.9962891807818919 10
0.3760734030232218 0.0000000000000000 -1.0133193615637841 10
0.3545679094020367 0.0625861088775446 -0.9615200038633265 10
0.3442638188040734 0.0699352177550891 -0.9770060077266528 10
0.7377460859242888 0.0441455106757403 -1.1342399862382011 10
0.7332521718485776 0.0492802213514806 -1.1530399724764031 10
0.7466261825693074 0.0893107242685286 -1.1162528805110881 10
0.7428843651386147 0.0998309485370572 -1.1328457610221749 10
-0.1162450161532147 0.0697101350879183 -0.2968754595383293 10
-0.1338788323064293 0.0778070701758365 -0.3017219190766587 10
0.2425453390859145 0.1572676861559053 -0.7480157450276504 10
0.2372526781718290 0.1758073723118106 -0.7533324900553009 10
0.0693319763323404 0.1661546070369497 -0.4550200003120132 10
0.0654162526646808 0.1856602140738993 -0.4570690006240264 10
0.1178203590422060 0.1699965259847252 -0.4716654276385959 10
0.1175617180844120 0.1899930519694503 -0.4719338552771918 10
0.2367196947656244 0.1654269820663431 -0.7051660481352149 10
0.2333763895312488 0.1848679641326861 -0.7084630962704298 10
0.2053444216662165 0.1634586239188295 -0.6812512804732118 10
0.2012918433324330 0.1827452478376589 -0.6846575609464236 10
-0.0149212067839924 0.1645511117708156 -0.2390447542218256 10
-0.0199869135679848 0.1838662235416312 -0.2401695084436513 10
0.7609550776415512 0.1645510849737006 -1.0149257716239670 10
0.7598301552831025 0.1838661699474012 -1.0199915432479330 10
0.8132788510123071 0.1642589089452456 -1.0269704473474190 10
0.8122897020246144 0.1835828178904913 -1.0320308946948380 10
0.8534517482915923 0.1699982978667989 -0.9889897835763353 10
0.8536334965831845 0.1899965957335978 -0.9888025671526706 10
0.0191309240914799 0.1699998025912763 -0.1951196294976333 10
0.0190471481829598 0.1899996051825525 -0.1951492589952665 10
0.8670378227387329 0.1230717511588042 -1.1093323569125320 10
0.8654996454774656 0.1375495023176085 -1.1230447138250641 10
0.9142397423327766 0.1252574292291391 -1.1116334451125900 10
0.9130034846655534 0.1398848584582782 -1.1252168902251809 10
0.7862329062400042 0.1442641082774717 -1.0687636711001449 10
0.7841718124800082 0.1612692165549433 -1.0790873422002900 10
-0.0689415154797335 0.1493602569586329 -0.1622614701158082 10
-0.0784623309594669 0.1668935139172658 -0.1636539402316163 10
-0.1534194999914163 0.0710931298229071 -0.0479344917459418 10
-0.1714049999828325 0.0798190596458142 -0.0485508834918835 10
0.9997515904419796 0.0523340645434887 -1.1617429551774241 10
0.9995031808839592 0.0583156290869773 -1.1808259103548480 10
-0.0331595188663899 0.1649046084064026 -0.1300419672657347 10
-0.0379797377327798 0.1843052168128052 -0.1306599345314693 10
-0.0269701387682996 0.1642589314024248 -0.1867212657400438 10
-0.0320304775365992 0.1835828628048496 -0.1877105314800876 10
0.8377388082240107 0.1493601969134007 -1.0689409667605130 10
0.8363466164480214 0.1668933938268014 -1.0784619335210250 10
-0.1003771592211751 0.1255534814957228 -0.1775751709558624 10
-0.1137037184423502 0.1403099629914455 -0.1797313419117248 10
-0.1093349225723165 0.1230711965924620 -0.1329623541038584 10
-0.1230478451446330 0.1375483931849241 -0.1345007082077167 10
0.8224249929348119 0.1255539334849677 -1.1003760852336719 10
0.8202689858696237 0.1403108669699354 -1.1137021704673451 10
-0.1107134541729371 0.1087583920974922 -0.2114324619269453 10
-0.1258566083458742 0.1215082841949843 -0.2142829238538906 10
0.2649968990777185 0.0000000000000000 -0.9103132498965484 10
0.2524467981554371 0.0000000000000000 -0.9258854997930966 10
0.2304527447946602 0.0435999905185526 -0.8737410114296449 10
0.2177174895893205 0.0487268810371053 -0.8882850228592898 10
0.0313560018696976 0.0971825998602791 -0.6001240056064363 10
0.0174952037393952 0.1087317997205583 -0.6087550112128726 10
0.0098734804992541 0.0391709000846990 -0.6147060878721469 10
-0.0065897390014918 0.0439747001693979 -0.6249961757442939 10
0.0037109715605820 -0.0000000000000000 -0.6134392338842014 10
-0.0133195568788359 -0.0000000000000000 -0.6239254677684030 10
0.4507108973090250 0.0530593644081485 -1.0234204736622130 10
0.4417087946180500 0.0592548288162970 -1.0401709473244269 10
0.4433235155156622 0.0985019474001452 -0.9931851981603386 10
0.4352800310313244 0.1101689948002904 -1.0072983963206770 10
-0.1126126492841312 0.0497983022296863 -0.3370373537657820 10
-0.1309728985682623 0.0557151044593726 -0.3423187075315641 10
-0.1342441630036411 0.0441452475453997 -0.2622534752074605 10
-0.1530443260072823 0.0492796950907994 -0.2667469504149210 10
-0.0246650497755358 0.1066279284672492 -0.4820731873612000 10
-0.0388573995510717 0.1191557569344984 -0.4885253747223999 10
0.0186928817567074 0.1482218847686928 -0.4587604140034838 10
0.0096918635134149 0.1655797695373856 -0.4629658280069675 10
0.5449804557779765 0.1661546110873614 -0.9306669421189565 10
0.5429319115559530 0.1856602221747228 -0.9345828842379129 10
0.5075101877597813 0.1590113496320118 -0.9387865721138292 10
0.5041043755195624 0.1776936992640236 -0.9450611442276585 10
0.1898031151042738 0.0578950665906379 -0.8299428926113681 10
0.1766332302085476 0.0647250331812758 -0.8433557852227361 10
0.0621166673938571 0.0409094032075512 -0.6910927017996232 10
0.0465159347877141 0.0458464064151024 -0.7025924035992465 10
0.0948669566120580 0.0668482408816207 -0.7195655768338237 10
0.0803749132241160 0.0746517817632414 -0.7309271536676475 10
0.0950963207999470 0.1646254914291532 -0.5174617570681439 10
0.0906861415998940 0.1839769828583064 -0.5199255141362877 10
0.0612269107615609 0.1589955539927643 -0.4926075293417099 10
0.0549352215231218 0.1776751079855286 -0.4959970586834198 10
0.4789374813526542 0.1646180033944784 -0.9028671367607841 10
0.4764449627053083 0.1839690067889569 -0.9072632735215682 10
0.1582007572367470 0.1449688208460221 -0.6905306738843096 10
0.1502345144734939 0.1621546416920443 -0.6969483477686191 10
0.3610014355096893 0.1072846195369088 -0.9342442125536713 10
0.3522058710193786 0.1198400390738175 -0.9470894251073426 10
0.4385420407409144 0.1610689640148250 -0.8924453013164773 10
0.4351950814818288 0.1801059280296500 -0.8975826026329546 10
0.3960490578127787 0.0954987586113820 -0.9676283246699798 10
0.3873811156255573 0.1067459172227641 -0.9817126493399597 10
0.4461331508391523 0.1415715440951512 -0.9435619234640241 10
0.4403963016783047 0.1580830881903024 -0.9532808469280484 10
0.0527806859037168 0.1411689835351519 -0.5487982273581168 10
0.0431344718074336 0.1577429670703038 -0.5544774547162334 10
0.0776575096008144 0.1403414647930308 -0.5919126362694429 10
0.0679394192016289 0.1567259295860616 -0.5980042725388857 10
0.1179267795461846 0.1551589190839641 -0.6047351266673724 10
0.1112895590923692 0.1734668381679282 -0.6092922533347449 10
0.3222215221458087 0.0913128038980138 -0.9208515620962640 10
0.3122590442916175 0.1021054077960276 -0.9344261241925279 10
0.3527551799176057 0.1343501619078848 -0.8945670027748905 10
0.3454503598352113 0.1501363238157696 -0.9044380055497810 10
0.3112501626258944 0.1268534656840312 -0.8745150485482988 10
0.3030713252517888 0.1418779313680624 -0.8848770970965976 10
0.3977323420038241 0.1601573151726189 -0.8686384323017982 10
0.3939516840076482 0.1790376303452377 -0.8740458646035963 10
0.3941232775223495 0.1356082260810763 -0.9211162742774562 10
0.3877455550446990 0.1516904521621526 -0.9311505485549125 10
0.1084935096410768 0.1620786732932492 -0.5571569282545566 10
0.1034490192821537 0.1811553465864983 -0.5604178565091132 10
0.7139498848155709 0.1630583326065085 -1.0082876868364350 10
0.7122737696311418 0.1822626652130171 -1.0136153736728690 10
0.0433882699791595 0.1699971326303655 -0.2902029735873902 10
0.0437168399583190 0.1899942652607310 -0.2901209471747803 10
0.0300635009583791 0.1699993934778924 -0.2431035851719417 10
0.0301583019167582 0.1899987869557849 -0.2432271703438834 10
0.2827782396757592 0.0529323849000372 -0.9136675601120866 10
0.2709954793515184 0.0590583698000744 -0.9286221202241732 10
0.3192920706873369 0.0428828218928183 -0.9448285925367509 10
0.3080331413746737 0.0479077437856366 -0.9605761850735017 10
0.1779874604846959 0.1633997423788334 -0.6483168260794809 10
0.1736589209693917 0.1826344847576669 -0.6516766521589618 10
0.1559775470214332 0.1644720434347152 -0.6127545329081160 10
0.1517090940428664 0.1837990868694305 -0.6156260658162321 10
0.1971482875096621 0.1699965435331666 -0.5955926706219785 10
0.1975045750193241 0.1899930870663332 -0.5954863412439571 10
0.6631877268241554 0.1699991772540369 -0.9417079137041838 10
0.6632654536483108 0.1899983545080738 -0.9418718274083677 10
0.0582919770940053 0.1699991772069471 -0.3368122804656724 10
0.0581280541880107 0.1899983544138943 -0.3367345609313446 10
-0.0021233969801351 0.1587441791851004 -0.3479997017821694 10
-0.0090483139602702 0.1773613583702008 -0.3503334035643387 10
-0.0082910708784177 0.1630583587352814 -0.2860498029331172 10
-0.0136187617568354 0.1822627174705629 -0.2877256058662345 10
0.3597088331836482 0.1584265030666578 -0.8468313732746006 10
0.3554636663672963 0.1770230061333157 -0.8528437465492011 10
0.2939589006297280 0.0922992533616823 -0.8985597732034053 10
0.2836018012594561 0.1032006067233646 -0.9117465464068106 10
0.2661934925687029 0.0915860708248354 -0.8766296300216898 10
0.2552879851374058 0.1023460416496709 -0.8894862600433795 10
0.3634029558832134 0.1670504405973911 -0.8116618584678559 10
0.3610619117664269 0.1866908811947822 -0.8146237169357118 10
0.3653132602414069 0.1699978238307194 -0.7730375497682769 10
0.3650195204828137 0.1899956476614388 -0.7730650995365538 10
0.3290763833698179 0.1699754879884625 -0.7401919429559323 10
0.3297117667396358 0.1899509759769250 -0.7394328859118645 10
0.3257855990763222 0.1582333306460154 -0.8207124402288403 10
0.3208531981526443 0.1768366612920308 -0.8261518804576806 10
0.9008308578550851 -0.0000000000000000 -1.1657924702226270 10
0.8991887157101703 -0.0000000000000000 -1.1857249404452530 10
0.8806689533762194 0.0323655373573145 -1.1607725709594190 10
0.8786459067524389 0.0363097747146290 -1.1802751419188380 10
0.9519602571166635 0.1515427709728415 -1.0759639019044771 10
0.9515305142333271 0.1692835419456830 -1.0851878038089531 10
-0.0336385761343365 0.1665186901927748 -0.0348531011794200 10
-0.0377214522686730 0.1860973803855497 -0.0349239023588400 10
0.9651474933151856 0.1665186453229072 -1.0336430963896530 10
0.9650769866303712 0.1860972906458145 -1.0377261927793060 10
-0.0356508911556279 0.1655633257516424 -0.0780145081937592 10
-0.0402466823112558 0.1850246515032848 -0.0783826163875183 10
0.8699579506071381 0.1649045267242064 -1.0331605370832859 10
0.8693399012142762 0.1843050534484128 -1.0379810741665720 10
0.9219856881730499 0.1655632288919564 -1.0356561849846380 10
0.9216173763460999 0.1850244577839127 -1.0402523699692761 10
0.0358789106451671 0.1662144715675820 -0.3782630072118195 10
0.0318995212903342 0.1857659431351641 -0.3796430144236390 10
0.5935512317475015 0.1516961547979319 -0.9970732356351055 10
0.5900804634950029 0.1694993095958638 -1.0054994712702110 10
0.6217369649702827 0.1662144589171332 -0.9641214418614179 10
0.6203569299405653 0.1857659178342664 -0.9681008837228356 10
-0.1607729221843145 0.0323639597343000 -0.1193307358928199 10
-0.1802758443686290 0.0363066194685999 -0.1213534717856399 10
-0.1635228543606457 0.0360028401755506 -0.0781431353623255 10
-0.1830057087212913 0.0403152803511012 -0.0794926707246510 10
0.3856241438745196 0.0375060604033506 -0.9907840864917644 10
0.3753512877490392 0.0421807208067011 -1.0072951729835291 10
0.1307306041043958 -0.0893931158854605 -0.7446334161781762 10
0.1178142082087916 -0.0999177317709210 -0.7556968323563524 10
-0.0866592993999034 -0.1260735023204643 -0.2454672886940071 10
-0.0999177987998067 -0.1407460046409287 -0.2484555773880142 10
0.7545326924888082 -0.1260733344519778 -1.0866586809279000 10
0.7515443849776162 -0.1407456689039556 -1.0999173618558000 10
-0.0321112803784377 -0.1209559708242920 -0.4334942116086965 10
-0.0451295607568753 -0.1350149416485839 -0.4392274232173931 10
0.1828505093394246 -0.0955688204722047 -0.7957510619858443 10
0.1709700186788491 -0.1067496409444095 -0.8073201239716886 10
-0.1107134541729371 -0.1087583920974922 -0.2114324619269453 10
-0.1258566083458742 -0.1215082841949843 -0.2142829238538906 10
-0.0136629943394475 -0.0950015855846174 -0.5237447104886337 10
-0.0285760186788949 -0.1058979711692347 -0.5314174209772675 10
0.4762561397348008 -0.0950030314268567 -1.0136624052474130 10
0.4685842794696016 -0.1059008628537133 -1.0285748104948260 10
-0.0356508911556279 -0.1655633257516424 -0.0780145081937592 10
-0.0402466823112558 -0.1850246515032848 -0.0783826163875183 10
0.9508681485864315 -0.1699956032601601 -0.9992094553766794 10
0.9508042971728630 -0.1899912065203203 -0.9996239107533588 10
-0.1199105273573978 -0.1197449860621645 -0.0411300850363531 10
-0.1343080547147956 -0.1336219721243290 -0.0415048700727061 10
-0.0570633279748468 -0.1222511122496325 -0.3644599146108769 10
-0.0701649559496936 -0.1366432244992651 -0.3690658292217538 10
0.6520004968714451 -0.1587441349334377 -1.0021231028887090 10
0.6496669937428903 -0.1773612698668754 -1.0090482057774171 10
0.7885669764525307 -0.1087584443461030 -1.1107130044543030 10
0.7857159529050615 -0.1215083886922059 -1.1258560089086069 10
0.1667478587452193 -0.1101777373492565 -0.7624824004531587 10
0.1555427174904386 -0.1231644746985130 -0.7727678009063176 10
0.1557953942370127 -0.1262489320765726 -0.7266134962757431 10
0.1456137884740254 -0.1409528641531453 -0.7355649925514861 10
0.6026682050033693 -0.1290317188461794 -1.0371718090783131 10
0.5983164100067385 -0.1444814376923587 -1.0491036181566260 10
0.5665055857313630 -0.1209560902476717 -1.0321080621534851 10
0.5607721714627260 -0.1350151804953433 -1.0451261243069709 10
-0.0371716813878943 -0.1290318930357141 -0.3973315266795423 10
-0.0491033627757887 -0.1444817860714282 -0.4016830533590847 10
-0.0021233969801351 -0.1587441791851004 -0.3479997017821694 10
-0.0090483139602702 -0.1773613583702008 -0.3503334035643387 10
0.5901651927847398 -0.0934343234255477 -1.0659470384228840 10
0.5840853855694795 -0.1045193468510954 -1.0814440768457669 10
-0.0659489298401977 -0.0934338191482373 -0.4098347289084721 10
-0.0814463596803953 -0.1045183382964747 -0.4159144578169441 10
0.7145395278130766 -0.1178088049530387 -1.0856563140885980 10
0.7107620556261531 -0.1315256099060773 -1.0997126281771961 10
-0.0856563067704752 -0.1178089027953185 -0.2854601441166676 10
-0.0997126135409504 -0.1315258055906370 -0.2892372882333352 10
0.5634560042678058 -0.0000000000000000 -1.0855036102060280 10
0.5556970085356117 -0.0000000000000000 -1.1039372204120570 10
0.1478970049726392 -0.0570318820012193 -0.7873137221973190 10
0.1340930099452783 -0.0637972640024387 -0.8001074443946381 10
0.4733027534909299 -0.0000000000000000 -1.0447390439346640 10
0.4643395069818598 -0.0000000000000000 -1.0626180878693281 10
0.4921582513377236 -0.0567281180642118 -1.0432093284521020 10
0.4840515026754473 -0.0632532361284237 -1.0602886569042040 10
-0.0447431485861533 -0.0000000000000000 -0.5266984339560439 10
-0.0626215971723067 -0.0000000000000000 -0.5356628679120877 10
-0.0432092840847532 -0.0567284981517669 -0.5078419575487488 10
-0.0602883681695065 -0.0632539963035338 -0.5159489150974976 10
-0.0661807678040730 0.0000000000000000 -0.4818273360272962 10
-0.0844487356081461 0.0000000000000000 -0.4899686720545924 10
-0.0638381123151830 -0.0636953720958462 -0.4564246283038341 10
-0.0808584246303660 -0.0711508441916925 -0.4638222566076681 10
0.7537766054824095 -0.0000000000000000 -1.1437975884663989 10
0.7498342109648192 -0.0000000000000000 -1.1634051769327980 10
0.7466261825693074 -0.0893107242685286 -1.1162528805110881 10
0.7428843651386147 -0.0998309485370572 -1.1328457610221749 10
0.8021092781797856 -0.0000000000000000 -1.1531442670535510 10
0.7985695563595713 -0.0000000000000000 -1.1728285341071010 10
0.8512842142336334 -0.0000000000000000 -1.1605142230031471 10
0.8486384284672669 -0.0000000000000000 -1.1803384460062940 10
-0.0234160699466782 -0.0530615157878234 -0.5492886377060713 10
-0.0401638298933563 -0.0592606315756469 -0.5582932754121426 10
0.4507108973090250 -0.0530593644081485 -1.0234204736622130 10
0.4417087946180500 -0.0592548288162970 -1.0401709473244269 10
0.4433235155156622 -0.0985019474001452 -0.9931851981603386 10
0.4352800310313244 -0.1101689948002904 -1.0072983963206770 10
0.0068038630681406 -0.0985059568749991 -0.5566508262390016 10
-0.0073130738637187 -0.1101820137499982 -0.5646746524780033 10
-0.0847466288590516 -0.1046730758491115 -0.3303879689082130 10
-0.1001103577181031 -0.1166030516982229 -0.3350389378164259 10
0.6765898202638143 -0.1406340591449284 -1.0466791400848749 10
0.6731416405276287 -0.1571371182898569 -1.0574382801697491 10
0.6355405561544427 -0.1222513046915415 -1.0570615820667300 10
0.6309351123088855 -0.1366436093830830 -1.0701631641334590 10
0.1268211203164940 -0.1427056036185553 -0.6564033507351293 10
0.1180412406329879 -0.1594472072371106 -0.6629327014702586 10
0.1236269925232995 -0.1176849386932948 -0.7016870688147870 10
0.1120379850465990 -0.1312618773865897 -0.7107071376295740 10
0.6175665047992580 -0.1699982916024362 -0.9238020234709805 10
0.6178160095985159 -0.1899965832048723 -0.9237240469419610 10
0.6575734103840042 0.0000000000000000 -1.1187663109490500 10
0.6518928207680083 0.0000000000000000 -1.1379426218980990 10
0.9291852331801144 -0.0992385529024648 -1.1358244382436811 10
0.9282264663602287 -0.1110592058049296 -1.1519288764873621 10
0.8919988729818765 -0.0795449315908277 -1.1451593134081279 10
0.8902087459637532 -0.0890248631816553 -1.1626786268162559 10
0.9520659357426418 -0.0710935977372652 -1.1534152841890770 10
0.9514498714852834 -0.0798199954745303 -1.1714005683781541 10
-0.1358208872061740 -0.0992391930844821 -0.0708165284609890 10
-0.1519247744123480 -0.1110604861689642 -0.0717766569219780 10
-0.1534194999914163 -0.0710931298229071 -0.0479344917459418 10
-0.1714049999828325 -0.0798190596458142 -0.0485508834918835 10
0.3448699919847683 -0.0000000000000000 -0.9693834859576984 10
0.3337109839695366 -0.0000000000000000 -0.9859809719153968 10
0.3192920706873369 -0.0428828218928183 -0.9448285925367509 10
0.3080331413746737 -0.0479077437856366 -0.9605761850735017 10
0.2411749230097309 -0.1405158260346410 -0.7903777665616354 10
0.2336478460194618 -0.1571666520692820 -0.7985075331232706 10
0.6629633336615751 -0.0497982703898969 -1.1126104572703259 10
0.6576826673231504 -0.0557150407797938 -1.1309709145406519 10
0.0358789106451671 -0.1662144715675820 -0.3782630072118195 10
0.0318995212903342 -0.1857659431351641 -0.3796430144236390 10
0.6217369649702827 -0.1662144589171332 -0.9641214418614179 10
0.6203569299405653 -0.1857659178342664 -0.9681008837228356 10
0.6631877268241554 -0.1699991772540369 -0.9417079137041838 10
0.6632654536483108 -0.1899983545080738 -0.9418718274083677 10
-0.0896414441609062 -0.0454758761239604 -0.4088017977525336 10
-0.1076147883218124 -0.0507690522479209 -0.4157975955050672 10
0.5435752043588995 -0.0636954339454896 -1.0638402124910400 10
0.5361774087177990 -0.0711509678909791 -1.0808604249820810 10
0.3960490578127787 -0.0954987586113820 -0.9676283246699798 10
0.3873811156255573 -0.1067459172227641 -0.9817126493399597 10
0.0960961237319387 -0.1699995159673044 -0.4276648356024051 10
0.0961815474638775 -0.1899990319346089 -0.4277746712048102 10
-0.1342441630036411 -0.0441452475453997 -0.2622534752074605 10
-0.1530443260072823 -0.0492796950907994 -0.2667469504149210 10
-0.1404612047052728 -0.0564571110155404 -0.2139233003191439 10
-0.1590414094105457 -0.0630084220310808 -0.2173666006382877 10
0.7860761316719161 -0.0564571365574746 -1.1404600904263009 10
0.7826322633438323 -0.0630084731149492 -1.1590401808526021 10
-0.1664727618732702 -0.0321419948813290 -0.0328012604027126 10
-0.1860975237465405 -0.0359695897626581 -0.0332684208054253 10
0.9998466859411136 -0.0525087726106620 -1.1616883158041520 10
0.9996933718822273 -0.0586650452213240 -1.1807166316083051 10
0.9671979538482630 -0.0321415715213497 -1.1664748233354090 10
0.9667299076965261 -0.0359687430426995 -1.1860996466708180 10
-0.0891008784101913 -0.0764691158638108 -0.3749288002962440 10
-0.1059634568203826 -0.0855679317276216 -0.3806616005924879 10
-0.1162450161532147 -0.0697101350879183 -0.2968754595383293 10
-0.1338788323064293 -0.0778070701758365 -0.3017219190766587 10
0.6696122198226072 -0.1046733127687318 -1.0847436020201759 10
0.6649614396452144 -0.1166035255374637 -1.1001072040403519 10
0.7031245713098188 -0.0697097502717284 -1.1162440013226820 10
0.6982781426196375 -0.0778063005434568 -1.1338780026453650 10
0.2939286480085795 -0.1629668960967716 -0.7749672842880159 10
0.2900292960171592 -0.1820757921935432 -0.7793995685760317 10
0.5412416140970436 -0.1482222364877033 -0.9813058202523985 10
0.5370372281940873 -0.1655804729754066 -0.9903066405047970 10
0.2056740959799880 -0.1298906590403396 -0.7748692359290461 10
0.1963931919599759 -0.1452043180806793 -0.7837774718580921 10
0.2198027929557850 -0.1102515660846421 -0.8165986414142719 10
0.2092205859115700 -0.1230479321692842 -0.8277462828285437 10
0.2425453390859145 -0.1572676861559053 -0.7480157450276504 10
0.2372526781718290 -0.1758073723118106 -0.7533324900553009 10
0.0527806859037168 -0.1411689835351519 -0.5487982273581168 10
0.0431344718074336 -0.1577429670703038 -0.5544774547162334 10
0.6099870192561752 0.0000000000000000 -1.1030813255209080 10
0.6030850385123503 0.0000000000000000 -1.1218526510418150 10
0.6255162979923032 -0.0332462738670536 -1.1049846262295120 10
0.6192745959846064 -0.0372954477341073 -1.1235492524590240 10
0.5911980775893296 -0.0454757287983366 -1.0896433390265650 10
0.5842021551786594 -0.0507687575966733 -1.1076166780531309 10
0.6250717617964038 -0.0764694866692253 -1.0891025694108529 10
0.6193395235928076 -0.0855686733384507 -1.1059651388217051 10
-0.1049838596702089 -0.0332464503601871 -0.3744846776752856 10
-0.1235481193404177 -0.0372958007203741 -0.3807273553505713 10
0.3545679094020367 -0.0625861088775446 -0.9615200038633265 10
0.3442638188040734 -0.0699352177550891 -0.9770060077266528 10
0.0098734804992541 -0.0391709000846990 -0.6147060878721469 10
-0.0065897390014918 -0.0439747001693979 -0.6249961757442939 10
0.0896091449305311 0.0000000000000000 -0.7349061938194432 10
0.0739592898610623 0.0000000000000000 -0.7473593876388865 10
0.0948669566120580 -0.0668482408816207 -0.7195655768338237 10
0.0803749132241160 -0.0746517817632414 -0.7309271536676475 10
0.7377460859242888 -0.0441455106757403 -1.1342399862382011 10
0.7332521718485776 -0.0492802213514806 -1.1530399724764031 10
-0.1162545206050122 -0.0893111728722709 -0.2533737086702185 10
-0.1328471412100243 -0.0998318457445418 -0.2571154173404371 10
0.2594027451280180 -0.1699957833295849 -0.6713504012926723 10
0.2597564902560361 -0.1899915666591697 -0.6711418025853445 10
0.5449804557779765 -0.1661546110873614 -0.9306669421189565 10
0.5429319115559530 -0.1856602221747228 -0.9345828842379129 10
0.5075101877597813 -0.1590113496320118 -0.9387865721138292 10
0.5041043755195624 -0.1776936992640236 -0.9450611442276585 10
0.2053444216662165 -0.1634586239188295 -0.6812512804732118 10
0.2012918433324330 -0.1827452478376589 -0.6846575609464236 10
0.2367196947656244 -0.1654269820663431 -0.7051660481352149 10
0.2333763895312488 -0.1848679641326861 -0.7084630962704298 10
0.1939833207632136 -0.1476428365746247 -0.7252401195519103 10
0.1865456415264271 -0.1648976731492494 -0.7320922391038204 10
-0.0687636583163621 -0.1442642301647040 -0.2137671539088037 10
-0.0790871166327242 -0.1612694603294079 -0.2158283078176074 10
-0.0269701387682996 -0.1642589314024248 -0.1867212657400438 10
-0.0320304775365992 -0.1835828628048496 -0.1877105314800876 10
-0.0149212067839924 -0.1645511117708156 -0.2390447542218256 10
-0.0199869135679848 -0.1838662235416312 -0.2401695084436513 10
0.7293671900386713 -0.1482311992586778 -1.0488765205739841 10
0.7268393800773428 -0.1655453985173556 -1.0585630411479670 10
0.8132788510123071 -0.1642589089452456 -1.0269704473474190 10
0.8122897020246144 -0.1835828178904913 -1.0320308946948380 10
0.8048804282703101 -0.1699998029626364 -0.9808687076371851 10
0.8048508565406204 -0.1899996059252728 -0.9809524152743703 10
0.8936219803995904 -0.1499542412942418 -1.0748300199333241 10
0.8926879607991808 -0.1675934825884837 -1.0842100398666490 10
0.9588711098672794 -0.1197446417242663 -1.1199078825049029 10
0.9584972197345589 -0.1336212834485326 -1.1343057650098070 10
0.8670378227387329 -0.1230717511588042 -1.1093323569125320 10
0.8654996454774656 -0.1375495023176085 -1.1230447138250641 10
0.9142397423327766 -0.1252574292291391 -1.1116334451125900 10
0.9130034846655534 -0.1398848584582782 -1.1252168902251809 10
-0.1116316517949386 -0.1252570687566815 -0.0857602542061154 10
-0.1252155035898772 -0.1398841375133630 -0.0869963084122309 10
-0.1093349225723165 -0.1230711965924620 -0.1329623541038584 10
-0.1230478451446330 -0.1375483931849241 -0.1345007082077167 10
0.5179276887819292 -0.1066290280746150 -1.0246621304902110 10
0.5114763775638582 -0.1191575561492300 -1.0388542609804221 10
0.0186928817567074 -0.1482218847686928 -0.4587604140034838 10
0.0096918635134149 -0.1655797695373856 -0.4629658280069675 10
0.8534517482915923 -0.1699982978667989 -0.9889897835763353 10
0.8536334965831845 -0.1899965957335978 -0.9888025671526706 10
-0.1316852771735867 -0.0910283646312774 -0.1644799229599875 10
-0.1483845543471735 -0.1017651292625549 -0.1668998459199749 10
0.8355201383423889 -0.0910282684447296 -1.1316893478994230 10
0.8331002766847778 -0.1017649368894591 -1.1483886957988469 10
0.8224249929348119 -0.1255539334849677 -1.1003760852336719 10
0.8202689858696237 -0.1403108669699354 -1.1137021704673451 10
0.7862329062400042 -0.1442641082774717 -1.0687636711001449 10
0.7841718124800082 -0.1612692165549433 -1.0790873422002900 10
0.8377388082240107 -0.1493601969134007 -1.0689409667605130 10
0.8363466164480214 -0.1668933938268014 -1.0784619335210250 10
-0.1003771592211751 -0.1255534814957228 -0.1775751709558624 10
-0.1137037184423502 -0.1403099629914455 -0.1797313419117248 10
-0.0689415154797335 -0.1493602569586329 -0.1622614701158082 10
-0.0784623309594669 -0.1668935139172658 -0.1636539402316163 10
0.0409616641309458 -0.0652568395229716 -0.6471761234800335 10
0.0257071282618915 -0.0731287790459431 -0.6574392469600671 10
-0.0331595188663899 -0.1649046084064026 -0.1300419672657347 10
-0.0379797377327798 -0.1843052168128052 -0.1306599345314693 10
-0.0214314984939659 -0.0000000000000000 -0.5705939677492378 10
-0.0388967669879317 -0.0000000000000000 -0.5803389354984755 10
-0.0029442991010026 -0.0587387650897107 -0.5819030660080738 10
-0.0191681982020052 -0.0655756301794214 -0.5913921320161477 10
0.4294186275159134 0.0000000000000000 -1.0214422902285589 10
0.4196862550318268 0.0000000000000000 -1.0389145804571180 10
0.0816799553800385 -0.0970787108751570 -0.6747408299763008 10
0.0684098107600771 -0.1084843217503140 -0.6844266599526017 10
0.0621166673938571 -0.0409094032075512 -0.6910927017996232 10
0.0465159347877141 -0.0458464064151024 -0.7025924035992465 10
0.7050360073379214 -0.0000000000000000 -1.1322051328018450 10
0.6998470146758426 -0.0000000000000000 -1.1515202656036889 10
-0.1322081511967961 0.0000000000000000 -0.2949639241895508 10
-0.1515233023935922 0.0000000000000000 -0.3001528483791016 10
-0.1187677371000900 0.0000000000000000 -0.3424275139827312 10
-0.1379437742001801 0.0000000000000000 -0.3481090279654625 10
-0.1126126492841312 -0.0497983022296863 -0.3370373537657820 10
-0.1309728985682623 -0.0557151044593726 -0.3423187075315641 10
-0.0246650497755358 -0.1066279284672492 -0.4820731873612000 10
-0.0388573995510717 -0.1191557569344984 -0.4885253747223999 10
0.0146750621915420 -0.1293049028056165 -0.5119026531475592 10
0.0031732243830840 -0.1445258056112330 -0.5179053062951184 10
0.0693319763323404 -0.1661546070369497 -0.4550200003120132 10
0.0654162526646808 -0.1856602140738993 -0.4570690006240264 10
0.4881991463824898 -0.1293264482681118 -0.9853486932779090 10
0.4821822927649795 -0.1445478965362236 -0.9968423865558180 10
0.1898031151042738 -0.0578950665906379 -0.8299428926113681 10
0.1766332302085476 -0.0647250331812758 -0.8433557852227361 10
0.2309206474971043 -0.0870762609676388 -0.8496132348203123 10
0.2195112949942086 -0.0975293219352775 -0.8622844696406246 10
0.2304527447946602 -0.0435999905185526 -0.8737410114296449 10
0.2177174895893205 -0.0487268810371053 -0.8882850228592898 10
0.2270105944939265 0.0000000000000000 -0.8782865244007549 10
0.2137971889878529 0.0000000000000000 -0.8933000488015099 10
0.1134857936860133 -0.0436406561352490 -0.7547802168037591 10
0.0986935873720267 -0.0487209122704979 -0.7672454336075181 10
0.0776575096008144 -0.1403414647930308 -0.5919126362694429 10
0.0679394192016289 -0.1567259295860616 -0.5980042725388857 10
0.0313560018696976 -0.0971825998602791 -0.6001240056064363 10
0.0174952037393952 -0.1087317997205583 -0.6087550112128726 10
0.0772824081509086 -0.1210265276630875 -0.6337296620486231 10
0.0656813163018171 -0.1352080553261749 -0.6417483240972462 10
0.4789374813526542 -0.1646180033944784 -0.9028671367607841 10
0.4764449627053083 -0.1839690067889569 -0.9072632735215682 10
0.4859078184736406 -0.1699977765047899 -0.8574309768044223 10
0.4859186369472811 -0.1899955530095797 -0.8571329536088446 10
0.1582007572367470 -0.1449688208460221 -0.6905306738843096 10
0.1502345144734939 -0.1621546416920443 -0.6969483477686191 10
0.3610014355096893 -0.1072846195369088 -0.9342442125536713 10
0.3522058710193786 -0.1198400390738175 -0.9470894251073426 10
0.1179267795461846 -0.1551589190839641 -0.6047351266673724 10
0.1112895590923692 -0.1734668381679282 -0.6092922533347449 10
0.1084935096410768 -0.1620786732932492 -0.5571569282545566 10
0.1034490192821537 -0.1811553465864983 -0.5604178565091132 10
0.4461331508391523 -0.1415715440951512 -0.9435619234640241 10
0.4403963016783047 -0.1580830881903024 -0.9532808469280484 10
0.0950963207999470 -0.1646254914291532 -0.5174617570681439 10
0.0906861415998940 -0.1839769828583064 -0.5199255141362877 10
0.0612269107615609 -0.1589955539927643 -0.4926075293417099 10
0.0549352215231218 -0.1776751079855286 -0.4959970586834198 10
0.3222215221458087 -0.0913128038980138 -0.9208515620962640 10
0.3122590442916175 -0.1021054077960276 -0.9344261241925279 10
0.2827782396757592 -0.0529323849000372 -0.9136675601120866 10
0.2709954793515184 -0.0590583698000744 -0.9286221202241732 10
0.4385420407409144 -0.1610689640148250 -0.8924453013164773 10
0.4351950814818288 -0.1801059280296500 -0.8975826026329546 10
0.3941232775223495 -0.1356082260810763 -0.9211162742774562 10
0.3877455550446990 -0.1516904521621526 -0.9311505485549124 10
0.3527551799176057 -0.1343501619078848 -0.8945670027748905 10
0.3454503598352113 -0.1501363238157696 -0.9044380055497810 10
0.7568963416104398 -0.1699993924679657 -0.9699360815351623 10
0.7567726832208796 -0.1899987849359314 -0.9698411630703248 10
0.7609550776415512 -0.1645510849737006 -1.0149257716239670 10
0.7598301552831025 -0.1838661699474012 -1.0199915432479330 10
-0.0466835403388096 -0.1406340195082935 -0.3234100566179540 10
-0.0574427806776191 -0.1571370390165870 -0.3268581132359081 10
-0.0488762985487889 -0.1482312821817899 -0.2706323263330374 10
-0.0585627970975779 -0.1655455643635797 -0.2731596526660749 10
-0.0082910708784177 -0.1630583587352814 -0.2860498029331172 10
-0.0136187617568354 -0.1822627174705629 -0.2877256058662345 10
0.3040843833763974 0.0000000000000000 -0.9405309111444996 10
0.2919967667527949 0.0000000000000000 -0.9564648222889991 10
0.1971482875096621 -0.1699965435331666 -0.5955926706219785 10
0.1975045750193241 -0.1899930870663332 -0.5954863412439571 10
0.1779874604846959 -0.1633997423788334 -0.6483168260794809 10
0.1736589209693917 -0.1826344847576669 -0.6516766521589618 10
0.1559775470214332 -0.1644720434347152 -0.6127545329081160 10
0.1517090940428664 -0.1837990868694305 -0.6156260658162321 10
0.7139498848155709 -0.1630583326065085 -1.0082876868364350 10
0.7122737696311418 -0.1822626652130171 -1.0136153736728690 10
0.0582919770940053 -0.1699991772069471 -0.3368122804656724 10
0.0581280541880107 -0.1899983544138943 -0.3367345609313446 10
0.3597088331836482 -0.1584265030666578 -0.8468313732746006 10
0.3554636663672963 -0.1770230061333157 -0.8528437465492011 10
0.4444098239824972 -0.1699989236054346 -0.8316765128381243 10
0.4443896479649944 -0.1899978472108691 -0.8318830256762486 10
0.3977323420038241 -0.1601573151726189 -0.8686384323017982 10
0.3939516840076482 -0.1790376303452377 -0.8740458646035963 10
0.3257855990763222 -0.1582333306460154 -0.8207124402288403 10
0.3208531981526443 -0.1768366612920308 -0.8261518804576806 10
0.2680111835369361 -0.1307418079421145 -0.8326545106566331 10
0.2596363670738723 -0.1461366158842291 -0.8422910213132661 10
0.3112501626258944 -0.1268534656840312 -0.8745150485482988 10
0.3030713252517888 -0.1418779313680624 -0.8848770970965976 10
0.2661934925687029 -0.0915860708248354 -0.8766296300216898 10
0.2552879851374058 -0.1023460416496709 -0.8894862600433795 10
0.2939589006297280 -0.0922992533616823 -0.8985597732034053 10
0.2836018012594561 -0.1032006067233646 -0.9117465464068106 10
0.3634029558832134 -0.1670504405973911 -0.8116618584678559 10
0.3610619117664269 -0.1866908811947822 -0.8146237169357118 10
0.4041258488604446 -0.1699942765681255 -0.8036532264543127 10
0.4039506977208893 -0.1899885531362510 -0.8040984529086254 10
0.3653132602414069 -0.1699978238307194 -0.7730375497682769 10
0.3650195204828137 -0.1899956476614388 -0.7730650995365538 10
-0.1532670754382234 -0.0428918937285123 -0.1613485832203390 10
-0.1723911508764467 -0.0480546874570245 -0.1641081664406781 10
0.8386512902702477 -0.0428924002215455 -1.1532639204408950 10
0.8358915805404953 -0.0480557004430910 -1.1723878408817909 10
0.9998252021734133 -0.1617198932701412 -1.0524009231260660 10
0.9996504043468266 -0.1807817865402823 -1.0584518462521331 10
0.9519602571166635 -0.1515427709728415 -1.0759639019044771 10
0.9515305142333271 -0.1692835419456830 -1.0851878038089531 10
0.0007898901963560 -0.1699955991960789 -0.0491315618047501 10
0.0003752403927121 -0.1899911983921578 -0.0491954236095001 10
-0.0759632265000466 -0.1515429147323540 -0.0480398192653170 10
-0.0851868530000932 -0.1692838294647079 -0.0484695385306339 10
0.9651474933151856 -0.1665186453229072 -1.0336430963896530 10
0.9650769866303712 -0.1860972906458145 -1.0377261927793060 10
-0.0336385761343365 -0.1665186901927748 -0.0348531011794200 10
-0.0377214522686730 -0.1860973803855497 -0.0349239023588400 10
0.0051562526293513 -0.1699966632313885 -0.0981482123827653 10
0.0054972352587026 -0.1899933264627771 -0.0982793247655307 10
-0.0748343894012577 -0.1499542746420935 -0.1063776963816419 10
-0.0842143788025154 -0.1675935492841869 -0.1073113927632837 10
0.9219856881730499 -0.1655632288919564 -1.0356561849846380 10
0.9216173763460999 -0.1850244577839127 -1.0402523699692761 10
0.8699579506071381 -0.1649045267242064 -1.0331605370832859 10
0.8693399012142762 -0.1843050534484128 -1.0379810741665720 10
0.9018518565140763 -0.1699966616304027 -0.9948439354529111 10
0.9017207130281526 -0.1899933232608053 -0.9945028709058221 10
0.0487026168251632 -0.1653779384369043 -0.4187198867222870 10
0.0444647336503265 -0.1848288768738087 -0.4206437734445740 10
0.0029262399332204 -0.1516962384694188 -0.4064485225154172 10
-0.0054999201335591 -0.1694994769388375 -0.4099190450308343 10
0.5935512317475015 -0.1516961547979319 -0.9970732356351055 10
0.5900804634950029 -0.1694993095958638 -1.0054994712702110 10
0.5812800145299764 -0.1653779215684401 -0.9512969157671586 10
0.5793560290599528 -0.1848288431368801 -0.9555348315343171 10
0.9218568573608400 -0.0360032404887747 -1.1635227929480760 10
0.9205077147216800 -0.0403160809775495 -1.1830055858961510 10
0.8806689533762194 -0.0323655373573145 -1.1607725709594190 10
0.8786459067524389 -0.0363097747146290 -1.1802751419188380 10
-0.1607729221843145 -0.0323639597343000 -0.1193307358928199 10
-0.1802758443686290 -0.0363066194685999 -0.1213534717856399 10
-0.1635228543606457 -0.0360028401755506 -0.0781431353623255 10
-0.1830057087212913 -0.0403152803511012 -0.0794926707246510 10
-0.1451590761703451 -0.0795453642928422 -0.1080011572591949 10
-0.1626781523406903 -0.0890257285856844 -0.1097913145183897 10
0.3856241438745196 -0.0375060604033506 -0.9907840864917644 10
0.3753512877490392 -0.0421807208067011 -1.0072951729835291 10
0.4185067742794488 -0.0582583665780250 -1.0033854159909750 10
0.4090195485588975 -0.0650201331560500 -1.0196418319819489 10
0.1924677888570408 -0.1437935285936441 -0.4180337517448302 10
0.2019725777140817 -0.1606590571872882 -0.4130125034896603 10
0.9303987937390890 -0.0377438197817894 -0.8313343451420673 10
0.9319115874781778 -0.0422122395635788 -0.8118986902841344 10
0.9126044547178382 -0.0837219821057610 -0.8475509190293464 10
0.9143869094356765 -0.0935994642115219 -0.8302518380586930 10
0.1171976295473056 -0.1270913062699030 -0.0871924567550299 10
0.1301942590946112 -0.1422206125398059 -0.0857120135100598 10
0.9527136661765773 -0.1457388024342601 -0.9112524911049622 10
0.9532263323531545 -0.1629456048685203 -0.9010709822099244 10
0.9128074317018553 -0.1270913239913877 -0.8828023897673369 10
0.9142878634037106 -0.1422206479827754 -0.8698057795346740 10
0.4763790282922136 -0.1182636159802772 -0.7046255470235820 10
0.4847830565844272 -0.1323692319605544 -0.6932060940471642 10
0.0761984593080749 -0.1699982915967359 -0.3824334893625395 10
0.0762764186161497 -0.1899965831934718 -0.3821839787250789 10
0.1425856675087916 -0.1699973846867935 -0.5140282333810704 10
0.1429003350175833 -0.1899947693735871 -0.5139534667621408 10
0.1760471707281940 -0.1603161160953025 -0.4595675841956972 10
0.1816923414563879 -0.1792762321906050 -0.4566271683913944 10
0.1178203590422060 -0.1699965259847252 -0.4716654276385959 10
0.1175617180844120 -0.1899930519694503 -0.4719338552771918 10
0.5283159002602706 -0.1699963477089533 -0.8821732935633044 10
0.5280288005205411 -0.1899926954179066 -0.8824255871266089 10
0.5404274269263939 -0.1603641789911890 -0.8241157811954136 10
0.5433628538527878 -0.1793693579823780 -0.8186215623908274 10
0.0887477981533574 -0.1457388079298568 -0.0472863049461940 10
0.0989292963067147 -0.1629456158597136 -0.0467736098923880 10
0.0653954328955394 -0.1593342015528304 -0.1072352526029918 10
0.0722529657910789 -0.1780964031056608 -0.1062585052059835 10
0.9616359054020003 -0.0671281570655813 -0.8429440202798405 10
0.9624708108040004 -0.0752468141311627 -0.8246850405596809 10
0.4219336186386399 -0.0915181749596641 -0.6323277330677936 10
0.4332482372772797 -0.1022172499193282 -0.6197774661355873 10
0.1756185267455511 0.0000000000000000 -0.0964157225532764 10
0.1954900534911022 0.0000000000000000 -0.0941524451065527 10
0.3171840610791001 -0.0689174059719777 -0.4970973056140783 10
0.3319071221582003 -0.0770463119439554 -0.4862736112281568 10
0.0433882699791595 -0.1699971326303655 -0.2902029735873902 10
0.0437168399583190 -0.1899942652607310 -0.2901209471747803 10
0.7097970737287219 -0.1699971326936966 -0.9566114456913335 10
0.7098791474574438 -0.1899942653873932 -0.9562828913826671 10
0.3639970129908957 0.0000000000000000 -0.5332949271164101 10
0.3791320259817912 0.0000000000000000 -0.5202208542328202 10
0.3343254025175371 -0.0000000000000000 -0.4957608672782215 10
0.3504558050350743 -0.0000000000000000 -0.4839367345564431 10
0.1718725417107008 -0.1321400177748486 -0.3342885543823294 10
0.1832740834214016 -0.1479170355496972 -0.3296961087646587 10
0.6229356076002162 -0.1382757085811298 -0.8184260711514185 10
0.6277852152004324 -0.1546664171622596 -0.8080421423028370 10
0.8556796496232361 -0.0000000000000000 -0.8173579012357493 10
0.8589602992464721 -0.0000000000000000 -0.7976288024714985 10
0.4041792648360045 -0.1304927072647414 -0.6625468066841691 10
0.4124275296720090 -0.1460884145294827 -0.6531266133683382 10
0.0300635009583791 -0.1699993934778924 -0.2431035851719417 10
0.0301583019167582 -0.1899987869557849 -0.2432271703438834 10
0.0832625321115666 -0.1621169498383102 -0.2446933434288613 10
0.0891386642231332 -0.1811768996766204 -0.2432136868577227 10
0.7206340746571405 -0.1614185514386106 -0.9045263345333108 10
0.7228351493142811 -0.1803131028772212 -0.8983496690666216 10
0.2378803897279713 0.0000000000000000 -0.3287465613731354 10
0.2562447794559425 0.0000000000000000 -0.3208251227462708 10
0.6434596934431971 -0.1615431171524395 -0.8773739226738846 10
0.6458423868863941 -0.1805772343048790 -0.8717148453477691 10
0.4001234852968882 -0.0722082282036539 -0.5966827236163156 10
0.4129009705937764 -0.0808438564073079 -0.5839484472326312 10
0.3734590276408361 -0.1234198394172882 -0.6223353734623785 10
0.3831200552816722 -0.1380686788345763 -0.6127397469247571 10
0.3961323977370318 -0.0000000000000000 -0.5694259314067807 10
0.4105327954740637 -0.0000000000000000 -0.5555468628135612 10
0.2296404199631653 -0.1039110750258704 -0.3944130396149801 10
0.2438468399263306 -0.1161551500517408 -0.3874660792299603 10
0.1714089257885827 0.0000000000000000 -0.0483450818429542 10
0.1913798515771655 0.0000000000000000 -0.0472670636859083 10
0.1675633278779326 -0.0318685238161070 -0.0310253349931284 10
0.1871856557558653 -0.0356386476322139 -0.0301590699862568 10
0.9516550223379996 0.0000000000000000 -0.8285910744371030 10
0.9527330446759991 0.0000000000000000 -0.8086201488742060 10
0.9689742685388321 -0.0318685245982534 -0.8324366724282700 10
0.9698405370776642 -0.0356386491965068 -0.8128143448565400 10
0.4360178817284934 -0.0430601561334728 -0.6164898661202899 10
0.4492327634569868 -0.0482049122669456 -0.6023867322405798 10
0.8660437050518058 -0.0785054265035688 -0.8385861189184785 10
0.8685134101036118 -0.0879846530071376 -0.8211492378369569 10
0.8757427029942282 -0.1153246638140135 -0.8662339638804941 10
0.8776524059884563 -0.1289793276280270 -0.8517459277609883 10
0.1614138967458271 -0.0785053794265494 -0.1339562248534238 10
0.1788507934916542 -0.0879845588530989 -0.1314864497068477 10
0.9999925003988200 -0.1616025231058436 -0.9472356828148858 10
0.9999850007976401 -0.1805470462116872 -0.9408243656297716 10
0.9507226515831915 -0.1660269048162249 -0.9622001553944042 10
0.9509153031663830 -0.1855598096324497 -0.9579073107888082 10
0.1991693883116104 -0.1603463168192262 -0.4989272447676184 10
0.2045227766232208 -0.1792886336384524 -0.4953874895352369 10
0.4550139127666745 -0.1642788376452075 -0.7857743204444376 10
0.4578508255333490 -0.1836316752904150 -0.7816006408888753 10
0.5011476480580556 -0.1604779200005687 -0.8013356773972645 10
0.5044912961161112 -0.1795138400011375 -0.7961923547945291 10
0.1734767256156573 -0.0397209131165835 -0.1165966744927826 10
0.1926874512313146 -0.0445594262331670 -0.1138513489855653 10
0.0377995221785127 -0.1660269096130164 -0.0492771350229014 10
0.0420923443570253 -0.1855598192260328 -0.0490844700458028 10
0.4664621443768356 0.0000000000000000 -0.6357964963585442 10
0.4792932887536712 0.0000000000000000 -0.6204549927170885 10
0.4305904521583069 -0.0000000000000000 -0.6038834107004684 10
0.4444859043166139 -0.0000000000000000 -0.5894988214009366 10
0.4586583383802899 -0.0585255241364464 -0.6428130707635774 10
0.4706466767605798 -0.0654139482728928 -0.6283621415271550 10
0.1923644333876897 -0.0000000000000000 -0.1913751149651165 10
0.2118168667753794 -0.0000000000000000 -0.1867272299302329 10
0.8337352188862984 -0.0499142202015136 -0.8208302175320146 10
0.8373444377725968 -0.0562312404030271 -0.8022004350640292 10
0.2793952597496525 -0.1631923930280011 -0.6226917469198382 10
0.2835885194993049 -0.1824137860560022 -0.6190924938396763 10
0.1448321652351561 -0.1102738154440705 -0.1633095659209245 10
0.1599813304703122 -0.1230561308881411 -0.1606421318418489 10
0.2244499748495044 -0.1619839731418549 -0.5459069306676085 10
0.2292799496990089 -0.1810859462837099 -0.5424738613352169 10
0.1679369833960022 -0.1699896932379966 -0.5558159584480649 10
0.1673439667920044 -0.1899793864759933 -0.5560619168961297 10
0.7929521769780585 -0.0974531940563446 -0.8354313437347416 10
0.7969793539561171 -0.1089794881126893 -0.8195906874694833 10
0.1791698228325089 -0.0499140791260732 -0.1662647425506193 10
0.1977996456650178 -0.0562309582521464 -0.1626554851012387 10
0.1187450744804565 -0.1404824758981955 -0.2027065032176051 10
0.1297071489609130 -0.1570269517963910 -0.2002340064352102 10
0.8469093576909633 -0.1464299687753300 -0.9007250444933657 10
0.8484457153819266 -0.1635849375506601 -0.8905590889867313 10
0.8927647066797880 -0.1593341941868845 -0.9346044411518898 10
0.8937414133595760 -0.1780963883737690 -0.9277468823037796 10
0.1226319743581855 -0.1615414611219590 -0.3565387143394851 10
0.1282959487163711 -0.1805739222439179 -0.3541544286789702 10
0.1085237207673840 -0.1681619617956005 -0.3950096816344610 10
0.1110834415347681 -0.1879559235912010 -0.3937263632689220 10
0.1403907676076953 -0.1636424297772584 -0.4136287640976148 10
0.1454435352153906 -0.1828518595545169 -0.4112905281952297 10
0.5863685639210690 -0.1636443406486658 -0.8596164600949184 10
0.5887041278421380 -0.1828546812973315 -0.8545659201898369 10
0.6049914002856469 -0.1681619662088871 -0.8914783544330833 10
0.6062748005712939 -0.1879559324177743 -0.8889187088661668 10
0.5723351825653131 -0.1699995163418904 -0.9039036406332079 10
0.5722253651306264 -0.1899990326837807 -0.9038182812664158 10
0.7996563739585245 -0.1648723123976094 -0.9374150866800945 10
0.8006887479170489 -0.1841566247952187 -0.9322141733601891 10
0.0110107146385089 -0.1699982978085719 -0.1465482434628518 10
0.0111979292770177 -0.1899965956171438 -0.1463664869257036 10
0.0191309240914799 -0.1699998025912763 -0.1951196294976333 10
0.0190471481829598 -0.1899996051825525 -0.1951492589952665 10
0.7972933489980348 -0.1404840858150598 -0.8812578127557174 10
0.7997656979960698 -0.1570291716301195 -0.8702966255114347 10
0.0526256146791506 -0.1654509815832315 -0.1608693569937483 10
0.0570958293583013 -0.1849269631664629 -0.1600307139874967 10
0.3157774725247801 -0.1586047162830364 -0.6428217772802118 10
0.3209029450495602 -0.1773844325660729 -0.6382335545604236 10
0.2270843357822745 -0.1699982423370908 -0.6341452013172507 10
0.2271786715645491 -0.1899964846741816 -0.6338974026345015 10
0.3621340915085455 -0.0903757626666454 -0.5708636969286217 10
0.3747431830170911 -0.1010376253332907 -0.5595793938572434 10
0.3858380266036041 -0.1599416832536701 -0.7147792951564463 10
0.3901510532072082 -0.1787683665073403 -0.7095875903128926 10
0.4287826198159393 -0.1362404779421014 -0.6933251197870675 10
0.4363162396318786 -0.1524339558842029 -0.6843242395741349 10
0.4107708506385641 -0.0322959568630988 -0.5889459677319975 10
0.4246637012771281 -0.0361111137261975 -0.5750739354639951 10
0.3831898396056563 -0.0420956743377634 -0.5632605866297488 10
0.3973966792113126 -0.0470820486755269 -0.5500961732594974 10
0.5274395529552898 -0.1109921460964113 -0.7319400528968313 10
0.5357561059105795 -0.1239847921928227 -0.7192111057936625 10
0.4890979844506494 -0.1436364604967025 -0.7519243638373458 10
0.4948529689012988 -0.1606309209934051 -0.7430887276746918 10
0.5819029270096469 -0.1439530680534119 -0.8077843588735694 10
0.5868588540192938 -0.1609681361068238 -0.7985147177471388 10
0.1818424689893296 -0.1380898072733274 -0.3770238346109277 10
0.1923719379786591 -0.1543896145466548 -0.3721816692218554 10
0.1917983054955725 -0.0464502996960134 -0.2156177768832597 10
0.2103586109911450 -0.0518856993920268 -0.2105215537665195 10
0.1646171566742947 -0.0973917787575722 -0.2070677821116545 10
0.1805023133485893 -0.1088636575151443 -0.2030605642233090 10
0.7446481546408434 -0.0862961537008124 -0.8144400781858941 10
0.7498193092816868 -0.0965202074016248 -0.7980471563717884 10
0.7843662836811136 -0.0465755018961834 -0.8082347017506446 10
0.7894465673622273 -0.0521303037923668 -0.7897054035012891 10
0.4473251925030121 -0.1040323540540328 -0.6661264709204632 10
0.4574183850060242 -0.1162171081080656 -0.6538929418409264 10
0.4870208740070593 -0.0761806003410491 -0.6752762212514203 10
0.4978377480141186 -0.0851849006820982 -0.6610664425028406 10
0.6313375440936765 -0.0573272354774249 -0.7547350592332182 10
0.6398410881873530 -0.0637487709548498 -0.7378101184664364 10
0.6968179651655622 -0.1485345793824371 -0.8657598159369718 10
0.7000889303311243 -0.1659821587648742 -0.8565466318739438 10
0.6853225200206672 -0.1646723805221453 -0.9046137453358858 10
0.6868580400413342 -0.1841147610442907 -0.9001824906717716 10
0.0953874700787661 -0.1646721484170708 -0.3146771831745026 10
0.0998196401575321 -0.1841142968341417 -0.3131413663490052 10
0.1314288348443594 -0.1091566036634434 -0.0438761763554973 10
0.1465086696887189 -0.1222718073268867 -0.0431080527109945 10
0.9561241033050388 -0.1091566145315900 -0.8685711735718491 10
0.9568922066100776 -0.1222718290631800 -0.8534913471436981 10
1.0001897256072310 -0.0997048789525740 -0.8623111555640354 10
1.0003794512144610 -0.1112419579051479 -0.8459753111280708 10
0.2583772880163779 0.0000000000000000 -0.3726898915987691 10
0.2763425760327559 0.0000000000000000 -0.3639007831975383 10
0.2811882795913329 -0.0000000000000000 -0.4149823046328069 10
0.2984985591826659 -0.0000000000000000 -0.4049646092656137 10
0.3203477187850305 -0.1365857402092154 -0.5881227617431074 10
0.3293544375700610 -0.1526954804184307 -0.5804185234862147 10
0.3272672718528477 -0.0989139941898963 -0.5385461643924139 10
0.3399065437056954 -0.1108021883797926 -0.5286003287848278 10
0.2919868057236783 -0.1180665645009751 -0.5187055751470441 10
0.3035696114473566 -0.1318771290019502 -0.5100391502940881 10
0.2317876094594518 -0.1315349261170974 -0.4539339300098791 10
0.2427572189189037 -0.1469738522341948 -0.4475068600197583 10
0.2650575338319600 -0.1455200364551527 -0.5401976435193125 10
0.2734310676639199 -0.1626100729103054 -0.5340482870386249 10
0.2965916737001202 -0.1334329740973679 -0.5528526144158789 10
0.3064123474002403 -0.1492069481947359 -0.5454542288317575 10
0.2607334421792791 -0.1592406014564022 -0.5813774791518840 10
0.2661858843585582 -0.1780382029128044 -0.5772639583037681 10
0.6654599975584169 -0.1324088522212307 -0.8283934485838442 10
0.6698599951168339 -0.1483157044424614 -0.8170968971676883 10
0.2097584573624924 -0.0590293179800905 -0.2865128806509601 10
0.2273329147249847 -0.0660646359601811 -0.2800597613019202 10
0.2200961383844589 -0.0000000000000000 -0.2839911125464158 10
0.2389312767689179 -0.0000000000000000 -0.2772652250928316 10
0.2051174654110280 -0.0376692653427257 -0.2531704217680588 10
0.2237059308220561 -0.0422017306854515 -0.2473458435361175 10
0.3518944425398870 -0.0520083076101710 -0.5314670211279178 10
0.3665538850797740 -0.0580764152203419 -0.5192900422558356 10
0.2467442800228892 -0.1424227445422021 -0.5055630944037079 10
0.2559875600457784 -0.1589694890844043 -0.4991781888074159 10
0.8391306700821394 -0.1654509752761372 -0.9473747629216542 10
0.8399693401642787 -0.1849269505522744 -0.9429045258433084 10
0.7460589460582849 -0.1338128896286865 -0.8583745151837754 10
0.7496528921165699 -0.1496727792573729 -0.8467320303675507 10
0.6996786699069103 -0.1167742551932258 -0.8234002364571313 10
0.7048113398138206 -0.1302395103864516 -0.8095314729142626 10
0.0954766460993990 -0.1614175564401157 -0.2793643473886138 10
0.1016557921987979 -0.1803111128802313 -0.2771616947772275 10
0.1850375309974558 -0.0831974689525621 -0.2476192403883828 10
0.2016650619949117 -0.0930287379051243 -0.2424354807767657 10
0.1418568273796053 -0.1336651851978682 -0.2540505839496793 10
0.1536456547592105 -0.1494273703957365 -0.2505041678993586 10
0.1344687307154131 -0.1483953047996183 -0.3030917903716053 10
0.1438794614308262 -0.1657216095992367 -0.2997395807432106 10
0.2927468354842224 -0.1699976692050381 -0.7073750714460688 10
0.2926006709684449 -0.1899953384100762 -0.7076431428921375 10
0.3290763833698179 -0.1699754879884625 -0.7401919429559323 10
0.3297117667396358 -0.1899509759769250 -0.7394328859118645 10
0.3521020776642720 -0.1588913285251017 -0.6804350048960275 10
0.3569291553285440 -0.1775846570502034 -0.6752140097920549 10
0.7553058626618461 -0.1621173871441497 -0.9167413384423265 10
0.7567857253236923 -0.1811777742882994 -0.9108666768846531 10
0.0625844786934217 -0.1648723191493617 -0.2003435777211455 10
0.0677853573868435 -0.1841566382987233 -0.1993111554422910 10
0.1836691407624667 -0.1078333424924858 -0.2967064897799849 10
0.1980762815249333 -0.1205443849849716 -0.2911509795599698 10
0.2557344214901751 -0.0503352510848672 -0.3843061911789987 10
0.2728538429803503 -0.0564445021697345 -0.3759633823579973 10
0.2675204095051465 -0.0726568670594267 -0.4239250796472904 10
0.2831208190102931 -0.0812708341188535 -0.4148461592945809 10
0.2339636562824040 -0.0761502751679009 -0.3637419852927043 10
0.2501143125648080 -0.0851443503358018 -0.3561089705854086 10
0.2332674571870406 -0.0464266939825421 -0.3343540428933954 10
0.2508449143740813 -0.0520812879650842 -0.3266690857867909 10
0.2110942307797416 -0.0792698001292359 -0.3153879752230824 10
0.2275534615594831 -0.0885776002584718 -0.3088719504461648 10
0.2104093829689762 -0.0993731284809289 -0.3459914674648876 10
0.2253457659379525 -0.1110097569618578 -0.3395499349297753 10
0.6552149774115120 -0.1002919496259358 -0.7908457746646228 10
0.6616239548230241 -0.1120358992518716 -0.7759795493292456 10
0.8824483164418921 -0.1393088689932616 -0.8948830594208714 10
0.8841836328837843 -0.1557247379865232 -0.8835911188417428 10
0.1051172678494284 -0.1393088377634517 -0.1175515655842105 10
0.1164092356988569 -0.1557246755269034 -0.1158161311684209 10
0.1337660873913110 -0.1153245979022998 -0.1242572147062447 10
0.1482541747826220 -0.1289791958045997 -0.1223474294124895 10
0.0992757897966088 -0.1464299458252395 -0.1530906129431864 10
0.1094417795932175 -0.1635848916504790 -0.1515542258863728 10
0.8366904690946387 -0.1102747345043537 -0.8551690257682524 10
0.8393579381892775 -0.1230572690087074 -0.8400200515365048 10
0.2786446138740719 -0.0980549569635001 -0.4703105731385959 10
0.2921472277481438 -0.1097085139270002 -0.4612621462771919 10
0.6280405278174312 0.0000000000000000 -0.7419988388450970 10
0.6375600556348625 0.0000000000000000 -0.7244096776901938 10
0.4302413178187836 -0.1584302559806512 -0.7455812986164256 10
0.4346356356375673 -0.1770515119613025 -0.7397555972328512 10
0.3012049923999134 -0.0415318317570779 -0.4573470676166961 10
0.3173639847998269 -0.0466264635141558 -0.4467201352333922 10
0.7157200862012626 -0.0000000000000000 -0.7798032158536407 10
0.7221571724025252 -0.0000000000000000 -0.7608674317072812 10
0.7402992431638465 -0.0433002983595461 -0.7942284709098586 10
0.7462164863276931 -0.0481012967190923 -0.7757369418197172 10
0.6666087375911861 -0.0567374260091779 -0.7707324455812259 10
0.6741494751823722 -0.0631933520183559 -0.7533698911624518 10
0.7003147490524058 -0.0601365760483226 -0.7857837533333264 10
0.7068854981048115 -0.0671558520966452 -0.7682465066666527 10
0.6069857074065467 -0.0318719485173641 -0.7344788465296587 10
0.6162944148130932 -0.0352713970347283 -0.7171066930593173 10
0.5425285562973275 -0.1367577752070019 -0.7739214483241742 10
0.5485091125946551 -0.1529175504140037 -0.7637678966483484 10
0.5625000911195922 -0.1061844547880730 -0.7488026714461422 10
0.5704391822391843 -0.1184835095761460 -0.7351753428922843 10
0.5979394266695887 -0.1106780221104219 -0.7726111376708873 10
0.6050178533391775 -0.1235515442208439 -0.7590402753417744 10
0.5183944414229393 -0.0836635881900146 -0.7028380570789414 10
0.5282108828458788 -0.0935993763800293 -0.6885231141578829 10
0.1686656553481783 -0.0377438183158979 -0.0696014082294724 10
0.1881013106963566 -0.0422122366317959 -0.0680886164589447 10
0.1570559784202250 -0.0671281600291786 -0.0383640949872128 10
0.1753149568404499 -0.0752468200583572 -0.0375291899744257 10
0.1524490814522910 -0.0837219815338341 -0.0873952467872153 10
0.1697481629045821 -0.0935994630676682 -0.0856127935744305 10
0.8834033252829150 -0.0397209169539588 -0.8265232753187902 10
0.8861486505658300 -0.0445594339079176 -0.8073125506375806 10
0.4908706189644434 -0.0370899680387490 -0.6606841605407889 10
0.5027212379288868 -0.0413996360774980 -0.6451603210815778 10
0.5214915964598844 -0.0435919512216618 -0.6851268861443613 10
0.5326541929197689 -0.0485850024433235 -0.6693007722887228 10
0.5748312634199022 -0.0604510340076328 -0.7257404677787455 10
0.5843205268398044 -0.0676362680152656 -0.7096679355574910 10
1.0651082092481610 0.0347067688348303 -0.8335817616485696 10
1.0653164184963220 0.0388584376696606 -0.8140185232971392 10
1.1000685596849089 0.0007064086265816 -0.8300125968064409 10
1.1001371193698180 0.0014128172531633 -0.8100251936128818 10
1.0463980931333561 0.0760048970216348 -0.8479365933584928 10
1.0464561862667121 0.0850208940432695 -0.8300841867169857 10
1.1039833832939610 0.0639585333984596 -0.8424936408737471 10
1.1040367665879220 0.0717770667969192 -0.8240852817474942 10
1.1801672243670360 0.1228926794414985 -0.8825389469520702 10
1.1802844487340729 0.1374413588829969 -0.8688158939041406 10
1.2005402058486341 0.1569733786647100 -0.9347394993215705 10
1.2004804116972689 0.1753787573294200 -0.9269139986431412 10
1.8498755445969759 0.0003613716630730 -0.8300036522991375 10
1.8497510891939510 0.0007227433261460 -0.8100073045982752 10
1.8999087353577770 0.0006484662334165 -0.8300107238172765 10
1.8998174707155551 0.0012969324668329 -0.8100214476345529 10
1.8889225987674390 0.1620826751336881 -0.9487237794138733 10
1.8889251975348791 0.1811563502673763 -0.9427075588277467 10
1.8001329858939541 0.1699723889044509 -0.9989578885849510 10
1.8002659717879070 0.1899447778089018 -0.9979157771699021 10
1.0002008325716429 0.0997073024436667 -0.8623130001949681 10
1.0004016651432861 0.1112468048873334 -0.8459790003899365 10
1.9674461606620410 0.0799091519838737 -0.8499527765910908 10
1.9672823213240820 0.0894105039677474 -0.8323545531821818 10
1.6999879164305460 0.0001679520481346 -0.8300007088601401 10
1.6999758328610921 0.0003359040962692 -0.8100014177202803 10
1.7522395042717309 0.0588712610955670 -0.8405193862361537 10
1.7521590085434620 0.0657638221911340 -0.8217447724723074 10
1.2711143478060860 0.1262060529801594 -0.8861056217089935 10
1.2712286956121730 0.1410181059603189 -0.8726672434179872 10
1.2351077739166141 0.1660066148771982 -0.9633780914251867 10
1.2348655478332280 0.1855272297543964 -0.9590321828503734 10
1.4996993045933740 -0.0000221175075409 -0.8300022728019334 10
1.4993986091867479 -0.0000442350150818 -0.8100045456038667 10
1.4752485678901519 0.0520626834422928 -0.8381681696338964 10
1.4753471357803041 0.0581812668845856 -0.8191273392677929 10
1.8133884270978149 0.0605352584162707 -0.8411447229793892 10
1.8135768541956301 0.0677192168325415 -0.8224804459587783 10
1.7498966228817450 -0.0000620345834978 -0.8300003633812544 10
1.7497932457634910 -0.0001240691669956 -0.8100007267625087 10
1.7789154036765109 0.0302405313631461 -0.8327118240041415 10
1.7789508073530220 0.0337188627262922 -0.8130166480082829 10
1.3713780117811540 0.1647590764770651 -0.9581166741905163 10
1.3714160235623070 0.1841111529541301 -0.9530673483810326 10
1.3997634271950730 -0.0005170124839368 -0.8300080833485275 10
1.3995268543901460 -0.0010340249678736 -0.8100161666970550 10
1.3502546344359780 0.0008472797266251 -0.8300195776228613 10
1.3505092688719551 0.0016945594532502 -0.8100391552457226 10
1.0666411832789520 0.1385984174432972 -0.9015713917289170 10
1.0665823665579051 0.1546128348865944 -0.8895907834578338 10
1.0390738034083069 0.1209057678791533 -0.8804963279213600 10
1.0389276068166140 0.1352545357583066 -0.8665646558427201 10
1.0342040991124510 0.1666509213687602 -0.9664238885311837 10
1.0341281982249020 0.1862378427375204 -0.9623807770623675 10
1.7801422411262930 0.1018525880684824 -0.8638918059292074 10
1.7803244822525850 0.1136687761369649 -0.8477566118584148 10
1.8949367908779950 0.1039239197350425 -0.8654644434805745 10
1.8949635817559909 0.1161685394700850 -0.8496508869611491 10
1.1520438195555831 0.0378146817729313 -0.8342601290000734 10
1.1519776391111649 0.0424602635458625 -0.8148072580001469 10
1.1548412642371420 0.0840332652350989 -0.8522236806831803 10
1.1548125284742849 0.0941316304701978 -0.8349603613663606 10
1.1289579069100939 0.1171717982672359 -0.8768314315887488 10
1.1288258138201881 0.1309465965344718 -0.8623318631774975 10
1.0820872406496611 0.1141654588344888 -0.8740417794440176 10
1.0823744812993210 0.1275179176689776 -0.8591545588880352 10
1.0951785047757041 0.1471956936935309 -0.9149530737016316 10
1.0953570095514089 0.1644723873870619 -0.9048791474032633 10
1.8188455502388361 0.1584695852449393 -0.9384572362297832 10
1.8187811004776731 0.1771181704898786 -0.9312304724595664 10
1.8192306783030849 0.1215285563903249 -0.8811283683372321 10
1.8192113566061690 0.1357021127806498 -0.8670177366744641 10
1.1460327358332150 0.1503885048834039 -0.9207344765350289 10
1.1460554716664291 0.1680030097668078 -0.9112619530700579 10
1.0455685996787110 0.1522091496378020 -0.9242903483853712 10
1.0454371993574221 0.1700572992756040 -0.9152666967707423 10
0.9999872759230723 0.1616030584704115 -0.9472372732000065 10
0.9999745518461447 0.1805481169408230 -0.9408275464000129 10
1.9727792179253769 0.1157254624718967 -0.8754707294397462 10
1.9727884358507539 0.1293609249437935 -0.8608394588794925 10
1.5121172276524590 0.1341517413915711 -0.8955817023269032 10
1.5120744553049179 0.1499994827831422 -0.8833814046538064 10
1.4056463985375720 0.1088961066114046 -0.8694562336153804 10
1.4056427970751439 0.1217746132228092 -0.8541544672307607 10
1.3935041471217511 0.0595016100719456 -0.8407557429190564 10
1.3933982942435019 0.0662403201438913 -0.8219254858381129 10
1.7659053723198319 0.1375419244331844 -0.9000897542462544 10
1.7658907446396639 0.1537638488663688 -0.8883915084925088 10
1.6217883379991529 0.0445327529649494 -0.8359380098329741 10
1.6215566759983060 0.0497616059298989 -0.8166350196659480 10
1.6498008956964190 -0.0004453667851923 -0.8300059507377084 10
1.6496017913928380 -0.0008907335703846 -0.8100119014754168 10
1.9637369854893230 0.1416629911063351 -0.9060249707124660 10
1.9636539709786469 0.1583719822126702 -0.8950339414249320 10
1.4302534930797630 0.0381422619253151 -0.8343343289914980 10
1.4301569861595260 0.0425204238506303 -0.8148196579829960 10
1.6000780753374870 -0.0006532431954768 -0.8300108234894671 10
1.6001561506749740 -0.0013064863909535 -0.8100216469789342 10
1.5699777972471141 0.0587694162759174 -0.8404815453874062 10
1.5699255944942290 0.0656244325518349 -0.8216930907748123 10
1.2236513852384820 0.1261446383085852 -0.8860411944206005 10
1.2233727704769650 0.1410692766171704 -0.8727303888412009 10
1.2035206113182351 0.0837159359587649 -0.8520432529108297 10
1.2033712226364690 0.0936709719175299 -0.8346975058216595 10
1.9381186713750920 0.1116762185990798 -0.8718306954810948 10
1.9379173427501839 0.1245975371981596 -0.8565663909621898 10
1.9173539013684049 0.1398174215235329 -0.9032998748715182 10
1.9172878027368090 0.1563728430470657 -0.8920787497430364 10
1.3673377717109760 0.0927015821054154 -0.8574998203947288 10
1.3674855434219531 0.1036075642108309 -0.8407356407894575 10
1.3594731047319659 0.1243007256053231 -0.8840291818014564 10
1.3596162094639310 0.1388804512106462 -0.8703393636029129 10
1.8506302055100521 0.1001835845819634 -0.8626569798942421 10
1.8504804110201050 0.1119922691639268 -0.8465159597884842 10
1.8700595798509310 0.0572868027840804 -0.8399445098383240 10
1.8700991597018619 0.0638411055681608 -0.8210490196766480 10
1.9418473388558870 0.1633164678996835 -0.9528035518208547 10
1.9416546777117740 0.1825229357993670 -0.9472291036417095 10
1.4499790469465170 0.1699990903219215 -0.9998104023597876 10
1.4499580938930350 0.1899981806438431 -0.9996208047195752 10
1.4002209872568969 0.1699987533677783 -1.0000320681628221 10
1.4004419745137939 0.1899975067355565 -1.0000641363256451 10
1.8557511694722411 0.1613584600027491 -0.9464922220465148 10
1.8556823389444810 0.1803929200054981 -0.9403534440930298 10
1.8498255080976060 0.1699990248289846 -0.9999074880242613 10
1.8496510161952111 0.1899980496579692 -0.9998149760485228 10
1.8639208426330549 0.1397029476296353 -0.9031336735291655 10
1.8639416852661090 0.1561028952592706 -0.8916863470583312 10
1.9498050112935461 0.1699986363136643 -0.9998714504059030 10
1.9496100225870920 0.1899972726273286 -0.9997429008118061 10
1.9742289717619930 0.1679828431783349 -0.9738944530064473 10
1.9743579435239871 0.1877626863566698 -0.9709379060128945 10
1.3894017230072011 0.1472423477765999 -0.9150374485611372 10
1.3895034460144020 0.1644076955531998 -0.9047738971222744 10
1.5656508996146921 0.1184808519508242 -0.8780898118830108 10
1.5658117992293841 0.1323457039016483 -0.8636766237660216 10
1.5501989696476830 0.1438285022383679 -0.9093781737025445 10
1.5505579392953650 0.1607760044767357 -0.8987643474050889 10
1.4999539377138380 0.1699976198736841 -1.0003050863048830 10
1.4999078754276749 0.1899952397473682 -1.0006101726097669 10
1.5272851960192320 0.1607697521380854 -0.9447477306430880 10
1.5271703920384641 0.1797075042761709 -0.9383174612861761 10
1.2503913431324820 0.1517967226443696 -0.9234651759722040 10
1.2503226862649639 0.1696304452887392 -0.9144123519444080 10
1.2961058316388909 0.1502658477264701 -0.9205014153877504 10
1.2961016632777811 0.1679416954529401 -0.9111438307755009 10
1.3145233736435920 0.1253043228679105 -0.8851154844548689 10
1.3143567472871840 0.1400216457358211 -0.8715739689097378 10
1.3422297452702161 0.1493049734808193 -0.9187094324918982 10
1.3422394905404329 0.1668729469616385 -0.9091508649837964 10
1.3350955028731710 0.0996706267837519 -0.8622840490070743 10
1.3350010057463420 0.1114099535675037 -0.8460920980141486 10
1.2925469825124680 0.0849250479828071 -0.8527323265438944 10
1.2925539650249360 0.0949506959656142 -0.8354266530877890 10
1.6499518693006590 0.1699956280285999 -0.9995846168303207 10
1.6499037386013180 0.1899912560571997 -0.9991692336606415 10
1.6998324918954519 0.1699990629903326 -1.0000970594849561 10
1.6996649837909039 0.1899981259806652 -1.0001941189699131 10
1.6779435850910380 0.1622964554114806 -0.9494099114544835 10
1.6776871701820750 0.1813599108229612 -0.9433668229089669 10
1.4655885739018890 0.1079555849426788 -0.8686785921133423 10
1.4656871478037781 0.1205619698853577 -0.8531521842266846 10
1.9277987609659639 0.0565025862032966 -0.8396662424677008 10
1.9276175219319280 0.0632466724065931 -0.8208384849354018 10
1.4224216785995780 0.1625880468440317 -0.9503513043609793 10
1.4225533571991571 0.1817480936880634 -0.9446176087219587 10
1.6159258053060850 0.1242267715776639 -0.8839547795014286 10
1.6161916106121701 0.1390015431553279 -0.8704775590028574 10
1.5785408335425850 0.1563211282202048 -0.9331957659600026 10
1.5788716670851699 0.1746972564404097 -0.9253085319200054 10
1.6333240260323520 0.1576671330711523 -0.9364371121948857 10
1.6332680520647049 0.1763102661423046 -0.9291962243897712 10
1.6660741578606590 0.1283692476127385 -0.8885531500252044 10
1.6658083157213190 0.1435904952254770 -0.8755823000504089 10
1.4742944016103039 0.1591019812267299 -0.9401139167466184 10
1.4743988032206079 0.1778589624534598 -0.9331738334932367 10
1.4718782284653751 0.1367645165680773 -0.8990285410177852 10
1.4718864569307499 0.1529450331361545 -0.8872730820355704 10
1.4374377600510810 0.1400068619908032 -0.9035737691846505 10
1.4373355201021629 0.1565027239816064 -0.8922655383693010 10
1.6824560939354141 0.0961856869346438 -0.8598326207572992 10
1.6820721878708280 0.1076302738692876 -0.8434352415145984 10
1.6974426165446830 0.0681461866180576 -0.8442572841889286 10
1.6976052330893650 0.0761892732361153 -0.8259465683778573 10
1.9690684056703260 0.0384213362480835 -0.8343988252754626 10
1.9690168113406530 0.0429123724961670 -0.8149096505509252 10
1.7501510943391430 0.1699782558975531 -1.0009200335823021 10
1.7503021886782859 0.1899565117951062 -1.0018400671646031 10
1.7209990719769970 0.1073685471878209 -0.8681975391055681 10
1.7211081439539950 0.1200908943756417 -0.8527660782111361 10
1.7592129010092781 0.1631470589997112 -0.9522230354431543 10
1.7593758020185550 0.1823261179994224 -0.9465540708863086 10
1.5987525321509271 0.0944825608213214 -0.8586921523881693 10
1.5986050643018530 0.1049964216426429 -0.8416793047763387 10
1.5220568747872369 0.0888773058615437 -0.8550833249450494 10
1.5220937495744751 0.0993551117230874 -0.8380476498900987 10
1.5254053100915930 0.0407384873103301 -0.8349539017065196 10
1.5254606201831860 0.0455274746206601 -0.8155358034130392 10
1.7206630633543800 0.1659283661887667 -0.9630155491385014 10
1.7206461267087600 0.1854407323775333 -0.9586260982770028 10
1.7160667871262461 0.1484115793185620 -0.9170917057352292 10
1.7159835742524909 0.1658501586371240 -0.9072994114704583 10
1.0002363184820271 0.0524571176696332 -0.8382978986380913 10
1.0004726369640540 0.0585617353392664 -0.8192537972761825 10
1.0002654407469940 -0.0000071243743198 -0.8300017628163598 10
1.0005308814939879 -0.0000142487486396 -0.8100035256327198 10
1.0321665337223891 0.0332706488106589 -0.8332876995646203 10
1.0320830674447790 0.0372629976213178 -0.8136903991292407 10
1.2479269156503281 0.0692905107201218 -0.8447624406046460 10
1.2479438313006570 0.0774080214402436 -0.8264838812092921 10
1.2705433112716380 0.0393464553759185 -0.8346161160334564 10
1.2706766225432760 0.0439989107518371 -0.8151652320669129 10
1.2478669917790630 0.0997590451883479 -0.8623482043512254 10
1.2478539835581250 0.1116125903766958 -0.8462394087024507 10
1.7146377913345090 0.0326785354368690 -0.8331713977693213 10
1.7148355826690189 0.0365302708737379 -0.8135467955386425 10
1.6709530812110420 0.0343258024487158 -0.8335022874401783 10
1.6709161624220830 0.0385364048974316 -0.8139505748803566 10
1.2205630905566081 0.0390901174404400 -0.8345553721034782 10
1.2204461811132170 0.0437273348808800 -0.8151007442069564 10
1.4341407282600180 0.0749931798076593 -0.8474356960508342 10
1.4342314565200360 0.0838973596153186 -0.8295273921016685 10
1.3423074177462671 0.0633074186823999 -0.8422284393414941 10
1.3424148354925329 0.0705851373647997 -0.8235998786829881 10
1.6420733696465690 0.0737540742511529 -0.8468761440927346 10
1.6419567392931380 0.0834757485023059 -0.8293982881854693 10
1.3225855664185240 0.1649402918567840 -0.9588310802432837 10
1.3226011328370479 0.1843435837135680 -0.9539821604865675 10
1.3000160310338931 0.1699891625497005 -0.9993418787591919 10
1.3000320620677861 0.1899783250994010 -0.9986837575183838 10
1.2757747333172500 0.1653576941677553 -0.9605455588422133 10
1.2757994666345009 0.1848063883355106 -0.9558821176844267 10
1.3111815018844371 0.0384960558414404 -0.8344164093262944 10
1.3113330037688740 0.0431156116828808 -0.8149578186525887 10
1.0735037499268130 0.1652758954734760 -0.9602038941872711 10
1.0735774998536260 0.1847107909469520 -0.9554837883745423 10
1.1210993409966401 0.1649504431619820 -0.9588729248757427 10
1.1210486819932790 0.1843528863239640 -0.9540208497514854 10
1.1000827852346631 0.1699871440048261 -1.0007121945908699 10
1.1001655704693261 0.1899742880096522 -1.0014243891817400 10
1.1626565126624770 0.1658119292625167 -0.9625026174856324 10
1.1628630253249539 0.1853098585250334 -0.9580542349712646 10
0.9999192435950213 0.1616641207587051 -1.0525758214003109 10
0.9998384871900426 0.1806702415174101 -1.0588016428006231 10
0.9999496189308607 0.1375073528335422 -1.0999612826391920 10
0.9998992378617213 0.1536617056670843 -1.1117525652783831 10
1.9542411777081159 0.1520966709438111 -1.0759363742178261 10
1.9542223554162310 0.1699083418876222 -1.0850327484356510 10
1.0462651001034060 0.1524276762111816 -1.0752726085794420 10
1.0461102002068130 0.1703013524223632 -1.0842452171588839 10
1.0515107456962389 0.1152209096013895 -1.1249901726690610 10
1.0513114913924779 0.1288668192027789 -1.1396103453381210 10
1.1004264352447299 0.1570104811434795 -1.0651743081109699 10
1.1006528704894600 0.1754739622869591 -1.0728586162219400 10
1.2741813031422520 0.1151700738628832 -1.1250376622173761 10
1.2744126062845049 0.1288821477257664 -1.1395953244347521 10
1.2232458686513410 0.1202347756153861 -1.1201785536139031 10
1.2230117373026830 0.1343685512307722 -1.1343271072278061 10
1.2489216511517669 0.0849364943903228 -1.1472580380040771 10
1.2488833023035331 0.0949579887806456 -1.1645660760081540 10
1.5141622243747510 0.0461147318072753 -1.1636249971346371 10
1.5142544487495020 0.0517651636145507 -1.1828099942692740 10
1.8724175447148119 0.1254827996445925 -1.1146882563229810 10
1.8724350894296251 0.1403585992891850 -1.1280565126459621 10
1.1500025055390970 0.0006462706700322 -1.1699895554713791 10
1.1500050110781941 0.0012925413400644 -1.1899791109427580 10
1.7673907778698059 0.0369857655760382 -1.1659305203646240 10
1.7675415557396110 0.0413362311520763 -1.1854510407292469 10
1.4499813913868920 -0.0001386308453919 -1.1699995108742240 10
1.4499627827737831 -0.0002772616907838 -1.1899990217484491 10
1.7558122123420590 0.1524971750450345 -1.0751326099872489 10
1.7559144246841190 0.1704653500900690 -1.0839152199744979 10
1.3498686145982239 -0.0000600164269990 -1.1699994783908150 10
1.3497372291964480 -0.0001200328539980 -1.1899989567816309 10
1.3000130699203989 -0.0000417864961620 -1.1699999520765900 10
1.3000261398407980 -0.0000835729923240 -1.1899999041531810 10
1.2887917887175970 0.0680720092640895 -1.1557767985392911 10
1.2891235774351939 0.0762316185281791 -1.1740335970785820 10
1.4681270712813379 0.0298085049509954 -1.1673623407940059 10
1.4681741425626760 0.0333586099019908 -1.1870446815880120 10
1.6498630531464871 0.0002584821331360 -1.1699978606992389 10
1.6497261062929729 0.0005169642662721 -1.1899957213984780 10
1.9614671433260611 0.1206378272010038 -1.1197780621683280 10
1.9615642866521219 0.1347536544020076 -1.1339461243366560 10
1.9052203146111319 0.0820798371869985 -1.1488668280708050 10
1.9050406292222650 0.0919271743739969 -1.1662736561416109 10
1.9609628304081710 0.0822631400487886 -1.1487705089977931 10
1.9610856608163429 0.0920515800975773 -1.1662110179955860 10
1.7174618419356520 0.1640012199017013 -1.0447476767314150 10
1.7177936838713050 0.1833404398034026 -1.0498353534628300 10
1.7248491972902060 0.0425635877421732 -1.1645877128204141 10
1.7247883945804130 0.0475523754843463 -1.1839554256408280 10
1.7499818792280060 -0.0005051704254929 -1.1699936108414370 10
1.7499637584560110 -0.0010103408509859 -1.1899872216828740 10
1.2496305042357629 0.0389813158565445 -1.1654695465471130 10
1.2495710084715259 0.0436824317130890 -1.1849090930942270 10
1.1976027068862360 0.0735226639798345 -1.1532745201386381 10
1.1976354137724721 0.0820848279596690 -1.1713490402772750 10
1.2489673563314689 0.1469665966513427 -1.0854236803674930 10
1.2489747126629380 0.1639801933026853 -1.0959373607349860 10
1.1982800582370861 0.1542690795677113 -1.0714210219859590 10
1.1982801164741721 0.1723771591354226 -1.0799120439719190 10
1.0428280501939060 0.0616219462232611 -1.1584348512140950 10
1.0429961003878121 0.0688823924465223 -1.1770697024281900 10
1.8426585319203610 0.0929365215201520 -1.1423491805578410 10
1.8426770638407219 0.1039123430403040 -1.1590683611156820 10
1.9340134674813680 0.1008899384403261 -1.1368151789190510 10
1.9337969349627371 0.1131305768806522 -1.1526303578381010 10
1.9191921676346779 0.1260914818010538 -1.1140144036636470 10
1.9189343352693551 0.1408689636021076 -1.1274888073272951 10
1.7889792518414671 0.1145169622957364 -1.1256399741769090 10
1.7888085036829331 0.1280119245914728 -1.1403999483538170 10
1.8048064662945551 0.0605268782115902 -1.1588613029400161 10
1.8049229325891101 0.0677717564231804 -1.1775026058800320 10
1.0877469671644320 0.0817519995504633 -1.1490534197236799 10
1.0877339343288630 0.0913919991009267 -1.1665768394473599 10
1.8500310448309070 -0.0002698847848356 -1.1699981548754230 10
1.8500620896618130 -0.0005397695696713 -1.1899963097508450 10
1.2903184137533299 0.1489839942937097 -1.0818803636681440 10
1.2904668275066611 0.1664789885874194 -1.0915707273362880 10
1.1662194883265720 0.1215675616119268 -1.1188273993006199 10
1.1664289766531430 0.1358121232238536 -1.1328647986012399 10
1.0766416857603500 0.1365081464358671 -1.1013076972157350 10
1.0765433715207009 0.1528372928717342 -1.1128553944314701 10
1.1069583998705830 0.1249523531765521 -1.1152664727871600 10
1.1070267997411660 0.1396197063531043 -1.1288629455743200 10
0.9998909047521285 0.0996619925817311 -1.1377167845076841 10
0.9997818095042570 0.1111561851634622 -1.1540835690153679 10
1.5998084209242069 0.1699903310931045 -0.9994084256210946 10
1.5996168418484129 0.1899806621862090 -0.9988168512421892 10
1.5502451298192870 0.1699948913713807 -0.9996202231992579 10
1.5504902596385739 0.1899897827427614 -0.9992404463985157 10
1.3719415412982110 0.1379126499251954 -1.0993890237619020 10
1.3715230825964211 0.1542002998503909 -1.1109880475238050 10
1.3892383555908281 0.1531344395229357 -1.0738158237546009 10
1.3894367111816559 0.1711148790458715 -1.0825716475092020 10
1.8296104124279240 0.1288502530298939 -1.1108875925185440 10
1.8297908248558490 0.1441095060597877 -1.1238151850370890 10
1.8575518593056370 0.0405345517978958 -1.1650958218948719 10
1.8574837186112749 0.0454524035957916 -1.1844816437897441 10
1.7011261589077500 0.1467101542838989 -1.0858828476460090 10
1.7011823178154990 0.1639473085677978 -1.0960256952920180 10
1.1000827373977700 -0.0006547701186005 -1.1699891077993689 10
1.1001654747955409 -0.0013095402372010 -1.1899782155987380 10
1.1499617962747770 0.1699938774962675 -0.9995066409627607 10
1.1499235925495539 0.1899877549925351 -0.9990132819255213 10
1.1448438028651691 0.1472949544025939 -1.0848726089349900 10
1.1448576057303379 0.1646599088051878 -1.0947952178699800 10
1.1999924851968951 0.1699991409776129 -1.0001852125408830 10
1.1999849703937899 0.1899982819552257 -1.0003704250817651 10
1.1489466777319099 0.1656886731687521 -1.0380373946659360 10
1.1490133554638200 0.1851553463375042 -1.0426247893318710 10
1.7556631643340339 0.0784338857693145 -1.1508210242580481 10
1.7557363286680689 0.0877434715386290 -1.1685220485160961 10
1.7326009271108980 0.1201761698254452 -1.1202350556800791 10
1.7327718542217969 0.1343043396508904 -1.1343901113601580 10
1.6660518355343339 0.1625241081101983 -1.0498611701067371 10
1.6661036710686681 0.1816642162203966 -1.0556623402134750 10
1.3320424785972951 0.1176422586001880 -1.1227149194917940 10
1.3318049571945889 0.1313465172003760 -1.1372798389835870 10
1.5793310569149579 0.1319999550715151 -1.1071168559500930 10
1.5789921138299161 0.1475469101430302 -1.1196937119001860 10
1.0840085863251661 0.0419317870980600 -1.1647454144725180 10
1.0838871726503321 0.0466073741961199 -1.1841908289450360 10
1.9452715104003551 0.0376059388130624 -1.1657854790492310 10
1.9452830208007090 0.0421562776261247 -1.1852609580984610 10
1.9020796594417360 0.0406863411493585 -1.1650574025050060 10
1.9020893188834711 0.0455587822987169 -1.1844548050100130 10
1.5676863973048309 0.0412704952072446 -1.1649122159769341 10
1.5678127946096609 0.0462013904144893 -1.1842944319538671 10
1.1392584550767630 0.0837389806628711 -1.1479455435810371 10
1.1392469101535250 0.0936605613257422 -1.1653110871620740 10
1.6776487028303719 0.1198496401899709 -1.1205649313302111 10
1.6777574056607429 0.1339282803799418 -1.1347698626604219 10
1.7036430279208570 0.0852812365140329 -1.1470625122546310 10
1.7037060558417130 0.0953293730280657 -1.1643550245092611 10
1.3815698288489260 0.1167153376183719 -1.1235975551156940 10
1.3816396576978529 0.1304186752367439 -1.1381651102313870 10
1.1197362672710960 0.0430959774410232 -1.1644438925447220 10
1.1197525345421919 0.0481384548820464 -1.1837977850894450 10
1.1579472928011270 0.0431974850753788 -1.1644177504231581 10
1.1582345856022540 0.0481391701507576 -1.1837955008463159 10
1.5767483925527250 0.1610567426077436 -1.0544073884530201 10
1.5766467851054511 0.1800424852154872 -1.0606947769060400 10
1.4971540489921780 0.1009550152565857 -1.1367740589174931 10
1.4973280979843571 0.1130015305131713 -1.1527381178349849 10
1.4535486444908070 0.0690860347551023 -1.1553254660791010 10
1.4536472889816141 0.0772547695102046 -1.1735809321582020 10
1.3499626297671281 0.1699892461783144 -1.0006547065666691 10
1.3499252595342559 0.1899784923566287 -1.0013094131333371 10
1.3421009305972731 0.1573964601766769 -1.0642340526923919 10
1.3418418611945471 0.1758429203533539 -1.0719581053847831 10
1.5310598432417910 0.1407080525621048 -1.0953956363205239 10
1.5311996864835811 0.1572191051242095 -1.1066812726410491 10
1.4702947430897571 0.1417282290015725 -1.0938816050467981 10
1.4702794861795150 0.1584304580031450 -1.1048832100935950 10
1.5551144796028591 0.0926086698047745 -1.1425551791545741 10
1.5548489592057191 0.1036631396095490 -1.1592203583091469 10
1.3733061151534260 0.0903442549256409 -1.1440016071620649 10
1.3728622303068529 0.1009483098512818 -1.1609532143241299 10
1.3437011057660411 0.0549661457565226 -1.1608652433010731 10
1.3432522115320820 0.0615058915130453 -1.1797604866021469 10
1.6198464376211179 0.1504712972639651 -1.0791122543570959 10
1.6197728752422349 0.1681285945279303 -1.0885045087141909 10
1.6575965817947740 0.1423926374552772 -1.0928684739234960 10
1.6575531635895471 0.1591752749105544 -1.1037469478469919 10
1.6577558598526010 0.0898632222258227 -1.1443088851772150 10
1.6575917197052019 0.1004476444516455 -1.1612777703544310 10
1.6136993503799080 0.0658023440587232 -1.1567505333515249 10
1.6138287007598160 0.0733748881174463 -1.1752610667030501 10
1.5932519321849681 0.1042390123603078 -1.1342876578600409 10
1.5934338643699359 0.1164899247206156 -1.1500953157200831 10
1.6236095025541131 0.1191745838433410 -1.1212271967892451 10
1.6235790051082251 0.1330361676866821 -1.1356443935784899 10
1.8003889917339251 0.1650385618576833 -1.0407667848918789 10
1.8002879834678500 0.1844371237153666 -1.0456335697837580 10
1.8045714513268889 0.1449446430495055 -1.0888283173014739 10
1.8043829026537781 0.1620582860990110 -1.0991766346029470 10
1.8467641303902940 0.1563587813935978 -1.0667213635465280 10
1.8467582607805890 0.1747145627871957 -1.0746627270930571 10
1.8999666062701410 0.1699958965270270 -0.9995962588214746 10
1.8999332125402830 0.1899917930540539 -0.9991925176429493 10
1.8985789705683220 0.1524402538872457 -1.0752507547153580 10
1.8985379411366430 0.1703255077744913 -1.0842015094307160 10
1.0323406311103109 0.1667208894274781 -1.0332294908760029 10
1.0322512622206230 0.1863207788549562 -1.0372089817520049 10
1.0501641616300130 0.0008095779069181 -1.1699829335827310 10
1.0503283232600260 0.0016191558138363 -1.1899658671654629 10
1.0233909614511010 0.0290591957398891 -1.1675006189603041 10
1.0236219229022030 0.0325557914797782 -1.1871912379206091 10
1.2967000971035789 0.1667375957283062 -1.0331433467120490 10
1.2967901942071580 0.1863181914566124 -1.0372166934240989 10
1.2469726017591081 0.1633289807466348 -1.0471572973920049 10
1.2468052035182160 0.1825749614932695 -1.0525945947840110 10
1.2499368160281450 0.1699994520330119 -1.0001338886289239 10
1.2498736320562900 0.1899989040660239 -1.0002677772578481 10
1.0660065749272980 0.1662827886779953 -1.0353532705186981 10
1.0662631498545949 0.1858365773559907 -1.0395465410373970 10
1.0500729179007411 0.1699997531804712 -0.9999325040743163 10
1.0501458358014819 0.1899995063609424 -0.9998650081486328 10
1.9254187258592810 0.1660278424225996 -1.0365329074557110 10
1.9254274517185610 0.1855416848451992 -1.0409158149114230 10
1.9660069860323339 0.1666486815578834 -1.0335899610551991 10
1.9660839720646679 0.1862403631157668 -1.0376099221103980 10
1.8838868764016721 0.1660713756572562 -1.0363217719674489 10
1.8836137528033441 0.1856057513145125 -1.0406035439348980 10
1.6213754091390060 0.1658474704367052 -1.0373440948082531 10
1.6213308182780120 0.1853699408734104 -1.0416881896165049 10
1.4259694505120459 0.1609795034490467 -1.0546319085412601 10
1.4261089010240910 0.1799800068980934 -1.0608738170825200 10
1.3828622464991360 0.1653906336076769 -1.0393116593716070 10
1.3827444929982711 0.1848862672153538 -1.0437733187432150 10
1.4168835158328561 0.1331101341082173 -1.1057443304484460 10
1.4171170316657129 0.1488442682164346 -1.1180886608968930 10
1.4229297511857699 0.0319091270182989 -1.1669744548425420 10
1.4229695023715401 0.0357152540365978 -1.1866089096850829 10
1.3822803296005950 0.0302453664122726 -1.1672821248450080 10
1.3821006592011900 0.0337924328245452 -1.1869642496900170 10
1.3952893807402871 0.0627421022553726 -1.1580002561214500 10
1.3953387614805750 0.0701929045107453 -1.1765605122428999 10
1.6729470915702120 0.0493107928106194 -1.1626925043675469 10
1.6728241831404229 0.0549350856212388 -1.1818850087350929 10
1.4542604574457170 0.1068017056392262 -1.1322533109383459 10
1.4544009148914350 0.1196776112784523 -1.1475566218766911 10
1.4125743567650439 0.0981022787666671 -1.1388399098107320 10
1.4126987135300870 0.1096909575333343 -1.1551398196214639 10
1.5319059731679501 0.1643445978594601 -1.0434846839144500 10
1.5318919463359000 0.1836581957189201 -1.0486793678288990 10
1.4696164521346891 0.1644215875033275 -1.0431848171569951 10
1.4696429042693790 0.1837511750066551 -1.0483196343139909 10
1.5018484472646940 0.1587793687602014 -1.0607160744019570 10
1.5018768945293870 0.1776357375204028 -1.0673821488039150 10
1.9540648408003161 -0.0761365580072104 -1.1519953554601330 10
1.9540496816006310 -0.0852648160144208 -1.1697907109202650 10
1.0660055825676411 -0.0353503553819492 -1.1662836976898869 10
1.0662611651352820 -0.0395441107638984 -1.1858373953797741 10
1.9499667583038649 -0.0003736071250797 -1.1699964825083240 10
1.9499335166077290 -0.0007472142501594 -1.1899929650166490 10
1.9235546060428970 -0.0374754254530689 -1.1658216097774821 10
1.9235592120857949 -0.0419124509061379 -1.1853232195549639 10
1.9182532834150181 -0.1143323510248342 -1.1258056566809369 10
1.9179365668300361 -0.1278947020496684 -1.1405013133618740 10
1.0766392568656820 -0.1013080835618807 -1.1365099191323591 10
1.0765385137313641 -0.1128546671237613 -1.1528398382647189 10
1.0462644888856141 -0.0752692299158800 -1.1524235597907631 10
1.0461089777712280 -0.0842420598317600 -1.1702971195815270 10
1.2490172188691930 -0.0852372371837577 -1.1470803282374640 10
1.2490744377383869 -0.0955594743675153 -1.1642106564749279 10
1.2232456517633670 -0.1201794530504192 -1.1202338726888310 10
1.2230113035267329 -0.1343279061008384 -1.1343677453776611 10
1.2488461621809410 -0.1471013288493260 -1.0852018345607730 10
1.2487323243618820 -0.1642496576986519 -1.0954936691215471 10
1.4943280484814709 -0.0648557083630886 -1.1571397112918169 10
1.4945460969629409 -0.0727385167261772 -1.1755194225836341 10
1.4811261825531190 -0.1192357301388697 -1.1211635548807330 10
1.4812323651062380 -0.1329854602777395 -1.1356871097614660 10
0.9998655699655591 -0.0999009832531038 -1.1375461211194200 10
0.9997311399311182 -0.1116341665062076 -1.1537422422388399 10
1.9615377198341570 -0.1199554354977833 -1.1204529185417440 10
1.9616954396683151 -0.1343028709955665 -1.1343858370834869 10
1.5002753951270069 -0.0009247876637355 -1.1699767095714240 10
1.5005507902540141 -0.0018495753274711 -1.1899534191428480 10
1.5104531040196729 -0.1492688771420330 -1.0813545825008830 10
1.5104462080393470 -0.1667787542840659 -1.0910191650017651 10
1.6999854353919910 -0.0001890432152371 -1.1699991012431801 10
1.6999708707839820 -0.0003780864304743 -1.1899982024863600 10
1.9329230677466280 -0.1374042816969417 -1.1001037697701510 10
1.9328361354932559 -0.1534905633938834 -1.1119875395403021 10
1.8969246204057859 -0.1524885371719322 -1.0751389255759760 10
1.8966192408115730 -0.1703520743438644 -1.0841278511519521 10
1.5999859449540359 -0.1699983742029426 -1.0002546206880141 10
1.5999718899080730 -0.1899967484058851 -1.0005092413760279 10
1.6001898133494550 0.0001597036258837 -1.1699984615819381 10
1.6003796266989101 0.0003194072517675 -1.1899969231638761 10
1.7498375516644240 -0.1699992970250670 -0.9999584182562146 10
1.7496751033288489 -0.1899985940501339 -0.9999168365124291 10
1.5208268348646869 -0.1664889478309070 -1.0343679897379221 10
1.5208736697293741 -0.1860518956618140 -1.0385259794758430 10
1.5638376441170230 -0.1620700421337445 -1.0513177040799180 10
1.5639652882340469 -0.1810980842674889 -1.0574754081598350 10
1.9349751829364481 -0.1662540633845403 -1.0354650313851290 10
1.9345303658728961 -0.1857911267690806 -1.0397200627702570 10
1.9681715430692450 -0.1668774462395674 -1.0324361559356801 10
1.9682830861384899 -0.1864998924791347 -1.0363023118713590 10
1.2500000000000000 -0.0000274651799704 -1.1699999811415880 10
1.2500000000000000 -0.0000549303599407 -1.1899999622831769 10
1.1982831087839880 -0.0713607142026632 -1.1542957708945629 10
1.1982862175679760 -0.0797924284053263 -1.1724315417891260 10
1.2000366889972540 0.0000722918120993 -1.1699998356946100 10
1.2000733779945081 0.0001445836241986 -1.1899996713892189 10
1.2498919916343840 -0.1699936576703510 -0.9995080781019620 10
1.2497839832687681 -0.1899873153407021 -0.9990161562039240 10
1.2506857714781650 -0.1634967599690718 -1.0465671866341131 10
1.2504915429563299 -0.1827425199381436 -1.0520043732682260 10
1.0840086707182650 -0.1647453558822823 -1.0419358329543280 10
1.0838873414365300 -0.1841907117645646 -1.0466116659086571 10
1.8634371481730809 -0.1129604607619944 -1.1270404087837711 10
1.8637442963461630 -0.1261965215239887 -1.1420308175675420 10
1.2480454677463750 -0.0398479193155009 -1.1652626937431021 10
1.2480909354927490 -0.0446183386310017 -1.1846853874862040 10
1.8482649930036930 -0.1649280811924490 -1.0412074248558001 10
1.8483199860073860 -0.1842961623848980 -1.0461948497115989 10
1.9550140311697100 -0.1540612462896215 -1.0718609500790239 10
1.9551680623394201 -0.1720444925792429 -1.0806119001580490 10
1.1069580133061541 -0.1152687035208475 -1.1249571410832639 10
1.1070260266123071 -0.1288654070416949 -1.1396242821665270 10
1.0515102251861630 -0.1249948320466948 -1.1152162669236021 10
1.0513104503723250 -0.1396146640933895 -1.1288625338472040 10
0.9999752884915641 -0.1376789203005928 -1.0997226497254979 10
0.9999505769831282 -0.1540048406011856 -1.1112752994509960 10
1.1197361061193580 -0.1644468520321091 -1.0430926334501081 10
1.1197522122387149 -0.1838007040642183 -1.0481352669002151 10
1.1448446853372971 -0.0848761883395838 -1.1472952511448109 10
1.1448593706745940 -0.0947982766791677 -1.1646605022896219 10
1.1489470024225230 -0.0380404425522369 -1.1656866843346221 10
1.1490140048450470 -0.0426277851044737 -1.1851533686692439 10
1.1004256511238271 -0.0651694303668914 -1.1570138560265031 10
1.1006513022476541 -0.0728528607337828 -1.1754777120530071 10
1.2740928108090681 -0.1248141851722609 -1.1154086600447730 10
1.2742456216181359 -0.1391463703445218 -1.1293573200895470 10
1.2962023511831660 -0.0758286649178344 -1.1521512706010739 10
1.2961047023663330 -0.0846864298356689 -1.1700825412021489 10
1.1976051573568891 -0.1532483186665688 -1.0735856204309930 10
1.1976403147137780 -0.1712926373331375 -1.0822112408619871 10
1.1662201838119279 -0.1188314291845064 -1.1215645219173960 10
1.1664303676238561 -0.1328688583690127 -1.1358090438347921 10
1.5961004228268481 -0.1388235383387441 -1.0981258830658061 10
1.5961308456536969 -0.1551400766774882 -1.1096917661316119 10
1.8970379770477410 -0.0759604700352994 -1.1520891784932910 10
1.8970259540954819 -0.0849234400705988 -1.1699683569865811 10
1.8479058567951920 -0.0684795172303259 -1.1555983375400110 10
1.8481117135903840 -0.0766844344606518 -1.1738366750800220 10
1.8999870738742921 0.0004142569780654 -1.1699957051406391 10
1.8999741477485850 0.0008285139561308 -1.1899914102812790 10
1.1392580168442901 -0.1479446277040468 -1.0837414329029840 10
1.1392460336885799 -0.1653102554080936 -1.0936628658059691 10
1.0877469923441281 -0.1490524750915547 -1.0817498989370500 10
1.0877339846882561 -0.1665759501831094 -1.0913897978741010 10
1.4254846398480581 -0.1177946504716302 -1.1225749276852519 10
1.4255492796961160 -0.1316063009432603 -1.1370398553705030 10
1.1579471374792081 -0.1644177988223280 -1.0432015043123950 10
1.1582342749584160 -0.1837955976446560 -1.0481430086247900 10
1.8312732242642309 -0.0919617931111812 -1.1429786676998011 10
1.8310364485284629 -0.1026407862223623 -1.1598873353996020 10
1.6175000684970300 -0.1009160294921712 -1.1368044060652811 10
1.6175301369940589 -0.1126798589843424 -1.1529788121305631 10
1.8022921642128560 -0.1541767829961533 -1.0716220295952930 10
1.8022743284257130 -0.1724085659923065 -1.0798440591905860 10
1.7998946341781961 0.0004304782795805 -1.1699950890594271 10
1.7997892683563930 0.0008609565591609 -1.1899901781188531 10
1.7617223029769189 -0.0980245623090836 -1.1388908963989690 10
1.7617946059538381 -0.1095274246181673 -1.1552517927979380 10
1.6625173590828219 -0.1379520244678397 -1.0993469473036961 10
1.6624647181656440 -0.1542250489356795 -1.1109738946073919 10
1.8397513835604209 -0.1431464383726830 -1.0917035517955269 10
1.8397727671208419 -0.1600348767453659 -1.1024171035910530 10
1.8048941559582179 -0.1166641833905784 -1.1236480580601831 10
1.8046483119164360 -0.1304073667811569 -1.1381761161203661 10
1.5664907245879460 -0.1044375387729411 -1.1341324522462779 10
1.5665314491758910 -0.1166056775458822 -1.1500049044925571 10
1.6326066996796129 -0.0486910055660495 -1.1628743874146401 10
1.6325333993592270 -0.0546407111320990 -1.1819687748292791 10
1.6620736248315839 -0.0948806621434215 -1.1410551997982881 10
1.6620772496631679 -0.1058473242868430 -1.1577803995965750 10
1.3334699068093980 -0.0455176712735138 -1.1637943865402320 10
1.3331598136187950 -0.0507741425470277 -1.1830887730804629 10
1.3739842035769210 -0.1306635034058410 -1.1087478640000430 10
1.3740184071538419 -0.1460990068116821 -1.1214657280000870 10
1.4098981321902739 -0.1546131596291538 -1.0705988242439060 10
1.4100162643805481 -0.1723353192583075 -1.0798676484878120 10
1.3385607269358419 -0.1537496784713104 -1.0725200443314169 10
1.3386914538716841 -0.1720043569426208 -1.0806900886628339 10
1.3720616420565961 -0.0504290503286248 -1.1623431194041780 10
1.3721732841131911 -0.0563177006572496 -1.1814562388083569 10
1.6222135614390740 -0.1618895638649911 -1.0518791638715139 10
1.6222371228781469 -0.1809811277299823 -1.0578383277430270 10
1.6681349977217870 -0.1647122577710968 -1.0420710271454730 10
1.6681499954435739 -0.1840455155421936 -1.0471920542909450 10
1.5499089277436759 -0.0003868186937371 -1.1699960515387990 10
1.5498178554873521 -0.0007736373874742 -1.1899921030775980 10
1.5219130186248899 -0.1113014142070012 -1.1284961122022710 10
1.5217560372497800 -0.1242683284140024 -1.1437222244045420 10
1.5387292067724430 -0.0579940066456689 -1.1598048906784530 10
1.5386284135448871 -0.0648308132913378 -1.1785997813569069 10
1.5850031356441641 -0.0529375164841014 -1.1615447760833610 10
1.5849662712883279 -0.0592586329682029 -1.1805195521667220 10
1.4552701102958230 -0.1504736682208951 -1.0790995635720819 10
1.4551802205916451 -0.1681163364417902 -1.0885191271441650 10
1.7326059406549781 -0.0545200772827046 -1.1610164341902141 10
1.7325318813099571 -0.0608658545654092 -1.1799828683804281 10
1.7076734491542389 -0.1049969444453012 -1.1336945579408091 10
1.7076568983084790 -0.1172402888906024 -1.1495091158816191 10
1.6797799785960690 -0.0503067625740237 -1.1623879166319491 10
1.6799099571921381 -0.0563713251480473 -1.1814458332638980 10
1.4523765527386570 -0.0753060799511436 -1.1524082524446331 10
1.4524131054773139 -0.0842508599022872 -1.1702965048892660 10
1.5512680444057201 -0.1380583796592480 -1.0991903828052341 10
1.5512760888114401 -0.1542207593184960 -1.1109707656104690 10
1.4357756704125750 -0.0357812043527992 -1.1661874825737479 10
1.4354813408251510 -0.0400929087055985 -1.1857149651474950 10
1.3998886762249161 -0.0010954968433162 -1.1699696643357711 10
1.3997773524498320 -0.0021909936866324 -1.1899393286715430 10
1.7143031985426209 -0.1600868073229155 -1.0572021299263441 10
1.7142863970852431 -0.1789796146458310 -1.0637642598526880 10
1.7518447617130570 -0.1384151387753269 -1.0987010778128761 10
1.7518695234261139 -0.1546852775506538 -1.1103321556257510 10
1.7091002353085720 -0.1380459876330444 -1.0992101188563961 10
1.7091004706171440 -0.1542809752660888 -1.1108902377127909 10
1.3867541237260801 -0.0935925913816984 -1.1419189478357110 10
1.3867882474521589 -0.1045534827633968 -1.1586478956714210 10
1.4122244213597410 -0.0652516388824052 -1.1569757308335660 10
1.4121788427194830 -0.0728368777648104 -1.1754814616671321 10
1.4500342483760980 -0.1699954267282288 -0.9995736937664472 10
1.4500684967521960 -0.1899908534564577 -0.9991473875328946 10
1.7638284072521850 -0.1633796396513353 -1.0469735326148000 10
1.7639668145043701 -0.1826012793026706 -1.0524970652296000 10
1.7950151374607810 -0.0583206869681697 -1.1596830027814859 10
1.7947802749215620 -0.0653487739363394 -1.1784060055629710 10
1.3738800893802929 -0.1581538376067528 -1.0622706218945550 10
1.3735701787605870 -0.1770926752135056 -1.0686912437891101 10
1.4285807334309431 -0.1663427025066197 -1.0350456565278090 10
1.4284914668618860 -0.1858214050132394 -1.0395813130556180 10
1.0428274759684590 -0.1584382601174646 -1.0616194099040090 10
1.0429949519369170 -0.1770735202349293 -1.0688788198080170 10
1.0233900093551700 -0.1674966700838508 -1.0290563705961300 10
1.0236200187103410 -0.1871873401677015 -1.0325527411922590 10
1.9656050567081971 -0.0338225395409060 -1.1665972077635900 10
1.9656801134163950 -0.0378642790818119 -1.1861844155271799 10
1.3500828448016520 -0.1699744732025654 -1.0010067556897460 10
1.3501656896033041 -0.1899489464051308 -1.0020135113794919 10
1.2998523277678380 -0.1699749778539897 -0.9990108323476427 10
1.2997046555356770 -0.1899499557079793 -0.9980216646952853 10
1.2913798049165359 -0.1498157919725575 -1.0803391206751680 10
1.2914896098330719 -0.1674585839451150 -1.0897582413503351 10
1.2969581553053799 -0.1664932207046950 -1.0343383848958070 10
1.2971563106107600 -0.1860444414093900 -1.0385467697916140 10
1.0323411376485330 -0.0332271787563983 -1.1667197926667889 10
1.0322522752970651 -0.0372071575127966 -1.1863195853335780 10
1.8753432419309810 -0.0363650813938471 -1.1660649601636190 10
1.8753964838619630 -0.0406525627876941 -1.1855999203272389 10
1.4775609409591450 -0.1654572445254221 -1.0390392384627829 10
1.4775818819182900 -0.1849164890508442 -1.0436584769255670 10
1.4654194280835511 -0.0352631833998461 -1.1663006543669849 10
1.4656788561671019 -0.0395170667996922 -1.1858413087339710 10
1.3489134818449739 -0.0901817922043742 -1.1441113041336000 10
1.3488869636899481 -0.1007955844087484 -1.1610626082672011 10
1.8332325947349830 -0.0328519891101872 -1.1667923936144931 10
1.8330451894699651 -0.0367154782203744 -1.1864147872289870 10
1.3204049940255089 -0.1244743540616715 -1.1157830672601909 10
1.3203399880510180 -0.1390797081233430 -1.1294461345203810 10
1.0469466505277230 -0.1519596623113155 -0.9237895997392171 10
1.0469433010554470 -0.1698003246226311 -0.9147501994784344 10
1.0392385978722709 -0.1195751523998729 -0.8791626336447975 10
1.0391571957445420 -0.1336313047997458 -0.8649352672895950 10
1.0874604852796410 -0.1304881416419964 -0.8910373838236816 10
1.0873909705592810 -0.1458682832839928 -0.8782527676473633 10
1.8653970680343519 -0.1608288888912681 -0.9449219954056043 10
1.8652941360687050 -0.1798097777825361 -0.9386199908112085 10
1.8999306546923569 -0.1699935065967672 -1.0005048615585810 10
1.8998613093847150 -0.1899870131935345 -1.0010097231171611 10
1.0001033186891919 -0.1373549852599109 -0.8998350923571923 10
1.0002066373783840 -0.1533569705198218 -0.8878381847143846 10
1.1170888113987889 -0.1666333695168535 -0.9663361924487522 10
1.1172476227975789 -0.1862317390337070 -0.9623513848975045 10
1.1499533840457290 -0.1699948719317383 -0.9995495298165339 10
1.1499067680914581 -0.1899897438634766 -0.9990990596330677 10
1.0999985533635710 -0.1699984298495365 -1.0002506021955420 10
1.0999971067271419 -0.1899968596990730 -1.0005012043910839 10
1.1538001525100769 -0.1598650365440533 -0.9421811310447997 10
1.1536503050201530 -0.1786920730881066 -0.9354342620895995 10
1.2003513500208660 -0.1699812470893033 -1.0007914025012890 10
1.2007027000417310 -0.1899624941786066 -1.0015828050025770 10
1.1803953485205261 -0.1669431201824448 -0.9679177829352242 10
1.1805106970410510 -0.1866262403648895 -0.9643735658704483 10
1.0783881391080230 -0.1034633811733667 -0.8651103420825441 10
1.0782762782160460 -0.1156203623467334 -0.8492296841650883 10
1.5286363511554419 -0.0321638193470933 -0.8330712451483944 10
1.5284527023108829 -0.0359486386941866 -0.8134334902967888 10
1.3998420001762240 -0.1699991285471092 -1.0000994656316899 10
1.3996840003524480 -0.1899982570942184 -1.0001989312633801 10
1.7517308665052260 -0.0549585955968244 -0.8391298913792334 10
1.7518017330104509 -0.0615653911936488 -0.8202527827584669 10
1.8004484512852450 0.0001405736883526 -0.8300055225003776 10
1.8008969025704900 0.0002811473767053 -0.8100110450007553 10
1.7889394001475680 -0.0367455477304098 -0.8340186737014712 10
1.7889388002951361 -0.0410994954608195 -0.8144983474029424 10
1.4999265982483421 -0.1699965042029266 -0.9996333505145354 10
1.4998531964966839 -0.1899930084058532 -0.9992667010290709 10
1.0485921787530430 -0.0767101258299231 -0.8482916918672003 10
1.0485143575060860 -0.0857597516598462 -0.8304563837344006 10
1.0750685603757899 -0.0382475661441329 -0.8343581711071097 10
1.0750571207515791 -0.0427663322882657 -0.8148753422142196 10
1.9498930105331831 0.0003456800870003 -0.8300032738046589 10
1.9497860210663660 0.0006913601740005 -0.8100065476093178 10
1.0002554017928511 -0.0524810407178182 -0.8383058302541123 10
1.0005108035857020 -0.0586095814356364 -0.8192696605082245 10
1.2002039652105430 -0.0004099065771313 -0.8300052413170123 10
1.2004079304210860 -0.0008198131542626 -0.8100104826340245 10
1.1650240419382030 -0.0374418112599813 -0.8341746386474762 10
1.1651380838764060 -0.0419091225199626 -0.8146802772949523 10
1.2083440128239069 -0.0603675407655065 -0.8410794946321272 10
1.2083380256478149 -0.0673928815310130 -0.8223539892642544 10
1.1425967211786341 -0.1326554028098800 -0.8936880397539624 10
1.1427334423572670 -0.1481778056197601 -0.8810770795079247 10
1.1056213695764450 -0.1538348602202883 -0.9276477719278049 10
1.1056527391528890 -0.1719587204405766 -0.9191905438556097 10
1.5189607789936741 -0.0965922261326457 -0.8601089855352332 10
1.5187915579873481 -0.1078408522652914 -0.8435729710704664 10
1.2564237241056440 -0.0690811823169950 -0.8446696964333372 10
1.2566474482112870 -0.0772388646339899 -0.8264103928666745 10
1.9708037199468691 -0.1206157144426865 -0.8802008534724780 10
1.9707574398937380 -0.1348264288853729 -0.8661277069449560 10
1.6498409775075540 -0.1699953079543373 -0.9995970463325485 10
1.6496819550151069 -0.1899906159086746 -0.9991940926650971 10
1.6765209306649309 -0.1665504607192990 -0.9659732012778922 10
1.6765418613298610 -0.1862489214385981 -0.9625134025557843 10
1.7003891232049559 -0.1699960252455018 -1.0000869339555061 10
1.7007782464099119 -0.1899920504910036 -1.0001738679110130 10
1.2339658267195210 -0.0942607688826030 -0.8585266100959267 10
1.2341016534390410 -0.1052643377652061 -0.8418262201918533 10
1.2251081927963661 -0.1431205998808186 -0.9082626563886466 10
1.2253963855927330 -0.1599021997616372 -0.8973863127772930 10
1.6484049102163409 -0.1608293910785929 -0.9449252125016502 10
1.6482798204326830 -0.1798237821571859 -0.9386644250033004 10
1.6149209493264489 -0.1647143900301552 -0.9579457506682594 10
1.6149718986528989 -0.1841507800603104 -0.9532315013365187 10
1.1860750005252629 -0.1444727022887032 -0.9104035520221192 10
1.1859700010505261 -0.1614464045774065 -0.8998261040442384 10
1.5501199338903879 -0.1699995990851040 -0.9999593515431385 10
1.5502398677807760 -0.1899991981702079 -0.9999187030862769 10
1.5731235309780880 -0.1640631899118929 -0.9554647803412516 10
1.5731070619561760 -0.1833663798237859 -0.9502315606825033 10
1.5226671325534999 -0.1634909601925246 -0.9534079283689951 10
1.5226342651069991 -0.1827289203850491 -0.9479398567379902 10
1.6613210157020091 -0.1398651335541016 -0.9033698434938014 10
1.6613920314040189 -0.1561912671082033 -0.8918176869876030 10
1.1126437662816111 -0.1069799142235412 -0.8678837040969610 10
1.1129275325632220 -0.1195836284470824 -0.8523574081939220 10
1.1487194981249600 -0.0840192328278297 -0.8522152348680672 10
1.1488989962499210 -0.0939789656556593 -0.8348724697361343 10
1.5430889390891500 -0.0685993360140539 -0.8444557029744506 10
1.5431978781783009 -0.0767144720281079 -0.8261764059489012 10
1.5943965473920829 -0.0667025980242898 -0.8436353218318982 10
1.5947030947841661 -0.0744529960485797 -0.8252006436637963 10
1.5644974408728489 -0.1115240381746068 -0.8716964874185834 10
1.5647248817456969 -0.1246944763492136 -0.8566469748371667 10
1.8001250960516770 -0.1699918139305008 -1.0005583249466830 10
1.8002501921033529 -0.1899836278610016 -1.0011166498933650 10
1.8506212116909970 -0.1370394977971631 -0.8994034764100003 10
1.8504024233819929 -0.1531629955943261 -0.8875719528200005 10
1.8019215408509950 -0.1245434507158526 -0.8842941125138493 10
1.8020930817019889 -0.1393979014317052 -0.8709032250276986 10
1.8499312171351150 -0.1699696316371555 -0.9989004177184875 10
1.8498624342702290 -0.1899392632743110 -0.9978008354369751 10
1.7115125625668430 -0.1315325842970118 -0.8923003378508331 10
1.7114651251336850 -0.1470881685940235 -0.8797296757016663 10
1.7829900524444140 -0.1490625548876506 -0.9182698886905645 10
1.7832601048888290 -0.1665601097753013 -0.9085867773811289 10
1.7678010195313800 -0.1625234896380602 -0.9501421878047723 10
1.7676820390627610 -0.1816739792761204 -0.9443763756095447 10
1.8167135120379210 -0.1589280156864373 -0.9396526332172448 10
1.8168570240758430 -0.1776250313728746 -0.9325532664344894 10
1.7473055209448860 -0.1024369867571443 -0.8643302253515147 10
1.7475110418897710 -0.1145611735142887 -0.8484254507030294 10
1.7505009990280469 -0.1416001892631649 -0.9059290584890138 10
1.7503419980560930 -0.1582723785263298 -0.8948831169780277 10
1.7962622695809669 -0.0789655001632254 -0.8494533565205596 10
1.7962445391619331 -0.0883724003264508 -0.8318037130411193 10
1.6287137274797210 -0.1118115317273767 -0.8719486491964707 10
1.6286874549594419 -0.1247035634547535 -0.8566582983929414 10
1.6883457838118161 -0.0986457096955628 -0.8615502597273142 10
1.6880915676236310 -0.1101405193911255 -0.8451855194546286 10
1.7008162705977801 -0.0429053545276876 -0.8355054439805989 10
1.7006025411955601 -0.0480622090553751 -0.8161828879611978 10
1.6438308426412871 -0.0597727501025855 -0.8408571769284879 10
1.6437116852825739 -0.0665653002051710 -0.8220463538569759 10
1.7219405379098309 -0.0757166034724735 -0.8477940602114458 10
1.7217810758196621 -0.0845498069449470 -0.8298511204228916 10
1.3909520186022819 -0.1457761700187378 -0.9125411152886281 10
1.3910740372045640 -0.1629513400374756 -0.9022942305772562 10
1.3984713194627270 -0.1115961974844730 -0.8717573669481949 10
1.3986026389254529 -0.1246873949689460 -0.8566377338963899 10
1.8341950704982899 -0.0519316431355233 -0.8381283766770362 10
1.8342501409965799 -0.0577966862710466 -0.8190077533540724 10
1.4405378706765060 -0.1373839010137325 -0.8998725535750072 10
1.4405257413530130 -0.1535148020274651 -0.8880491071500145 10
1.3957115131149140 -0.0622217291866330 -0.8417963991247053 10
1.3957030262298280 -0.0696618583732660 -0.8232317982494106 10
1.3480614633027050 -0.0472999341636752 -0.8367129097106091 10
1.3480229266054100 -0.0529097683273505 -0.8175158194212183 10
1.4245537225642710 -0.1623528136990416 -0.9495881868216323 10
1.4246774451285420 -0.1814866273980832 -0.9437673736432646 10
1.4700665012795171 -0.1622226454153504 -0.9491694898083429 10
1.4699730025590341 -0.1813392908307007 -0.9432919796166859 10
1.3761825909436469 -0.1641505646906073 -0.9557918748502302 10
1.3763251818872950 -0.1834851293812147 -0.9506777497004603 10
1.3534555214376820 -0.1530606211448586 -0.9260292818538411 10
1.3533710428753640 -0.1709482422897172 -0.9170835637076823 10
1.7076915096955541 -0.1603021685040411 -0.9434062393577151 10
1.7078330193911071 -0.1791743370080821 -0.9367864787154302 10
1.3256069737251950 -0.1645447151722975 -0.9572901800181760 10
1.3254039474503900 -0.1838404303445951 -0.9520333600363520 10
1.2713371923169541 -0.1599692592779603 -0.9424734576483347 10
1.2713743846339081 -0.1787025185559206 -0.9354689152966693 10
1.3519053033601101 -0.1272621613321335 -0.8872889339453583 10
1.3517506067202201 -0.1421103226642670 -0.8738908678907166 10
1.3113783119307740 -0.1411495897143975 -0.9052567694794837 10
1.3111566238615480 -0.1577541794287951 -0.8941105389589676 10
1.2573884066877230 -0.1224743063154801 -0.8821078351730012 10
1.2577968133754449 -0.1368146126309601 -0.8681726703460023 10
1.3557535263276079 -0.0882145953199167 -0.8546796944689626 10
1.3557070526552160 -0.0987237906398334 -0.8376633889379251 10
1.9607016420979819 -0.0855852518384188 -0.8531156023504740 10
1.9605532841959650 -0.0956636036768375 -0.8358412047009480 10
1.9592466534705140 -0.0405305862434775 -0.8349031810664911 10
1.9593933069410281 -0.0453349724869550 -0.8154893621329822 10
1.2999903712310030 0.0005318402394043 -0.8300070749201984 10
1.2999807424620060 0.0010636804788085 -0.8100141498403969 10
1.2499006083468751 -0.0010313168940633 -0.8300268553611778 10
1.2498012166937511 -0.0020626337881265 -0.8100537107223558 10
1.8399971774366710 -0.0969973537160658 -0.8603934752262529 10
1.8398843548733419 -0.1087302074321317 -0.8441969504525058 10
1.8797355480116411 -0.0854035125094779 -0.8530106341016603 10
1.8799010960232820 -0.0953345250189558 -0.8356512682033208 10
0.9998819373195077 -0.1699995802449025 -0.9999466030789297 10
0.9997638746390154 -0.1899991604898050 -0.9998932061578594 10
1.0343364255437220 -0.1666817020009412 -0.9665748343303929 10
1.0342628510874430 -0.1862754040018824 -0.9625646686607858 10
1.9497945542971209 -0.1699943729995043 -0.9995724015670473 10
1.9495891085942421 -0.1899887459990085 -0.9991448031340947 10
1.9676496857191870 -0.1654189938295179 -0.9608008120106502 10
1.9675993714383750 -0.1848819876590357 -0.9561976240213002 10
1.4875153319901300 -0.0572971316856153 -0.8399471226456061 10
1.4873606639802610 -0.0640135633712306 -0.8211092452912123 10
1.4416060273607301 -0.0900518741755678 -0.8558114494976861 10
1.4416720547214601 -0.1007902483511356 -0.8389388989953721 10
1.4829756869126629 -0.1120748120597569 -0.8721780104191050 10
1.4827513738253260 -0.1251168241195138 -0.8570170208382101 10
1.5219553144393021 -0.1240507863131770 -0.8837624648532143 10
1.5220106288786031 -0.1387125726263539 -0.8701599297064285 10
1.4972222467351499 -0.1441629127074437 -0.9099061683532982 10
1.4970944934703001 -0.1611418254148874 -0.8993373367065963 10
1.4502512479979781 -0.0001456952348605 -0.8300021089276381 10
1.4505024959959560 -0.0002913904697211 -0.8100042178552762 10
1.4356539640045700 -0.0440055218176654 -0.8357944406493582 10
1.4356179280091399 -0.0490568436353309 -0.8164428812987164 10
1.3021158518849789 -0.0361535696081572 -0.8338902652857505 10
1.3020217037699571 -0.0406371392163145 -0.8143995305715012 10
1.3088250382724831 -0.0927483906172756 -0.8575304055563955 10
1.3086900765449661 -0.1037303812345512 -0.8408158111127909 10
1.9238982478864410 -0.1601712275096121 -0.9430341801510481 10
1.9238864957728821 -0.1789754550192242 -0.9362223603020963 10
1.9638143213703581 -0.1481615994938228 -0.9166472671162033 10
1.9635586427407170 -0.1655931989876456 -0.9068455342324065 10
1.9219783454858150 -0.1212328676684696 -0.8808251839394143 10
1.9220166909716301 -0.1354617353369393 -0.8667703678788287 10
1.8804811395260901 -0.1172550029083949 -0.8769105135343550 10
1.8804322790521799 -0.1310860058167898 -0.8624640270687102 10
1.8873353211365389 -0.1419943147565228 -0.9065288626833293 10
1.8876306422730780 -0.1587486295130456 -0.8956107253666588 10
1.0360908301541021 -0.0341752970970357 -0.8334708705355615 10
1.0360216603082040 -0.0382560941940714 -0.8138917410711231 10
1.0500480869302979 -0.0000623574852105 -0.8300001550208215 10
1.0500961738605961 -0.0001247149704209 -0.8100003100416430 10
1.0501587344043679 -0.1699829027997974 -1.0008114179457701 10
1.0503174688087360 -0.1899658055995949 -1.0016228358915400 10
1.0750626250402811 -0.1662929799948766 -0.9646946310335844 10
1.0750352500805609 -0.1858319599897532 -0.9604252620671689 10
1.5501926241105179 0.0005308794245497 -0.8300079750153058 10
1.5503852482210361 0.0010617588490995 -0.8100159500306116 10
1.5635245372095039 -0.0341318522357574 -0.8334651146461201 10
1.5638690744190080 -0.0381902044715147 -0.8138842292922401 10
1.2008093518458240 -0.1155540374109710 -0.8753144399317929 10
1.2005987036916479 -0.1289840748219421 -0.8604958798635859 10
1.2089225762902260 -0.1593885974770994 -0.9409501284245071 10
1.2092151525804520 -0.1784311949541989 -0.9348432568490141 10
1.6056033608515050 -0.1471802916068844 -0.9149243447232234 10
1.6055067217030110 -0.1644355832137687 -0.9048126894464467 10
1.0980236086699200 -0.0758211411830951 -0.8478445699983860 10
1.0980672173398400 -0.0847052823661902 -0.8299261399967719 10
1.5457356518870660 -0.1459612025856873 -0.9128509945781069 10
1.5459013037741320 -0.1631144051713746 -0.9025679891562138 10
1.1499730108011710 -0.0004843604013719 -0.8300058842009773 10
1.1499460216023421 -0.0009687208027438 -0.8100117684019545 10
1.1228218714347069 -0.0400810231758934 -0.8347930444033440 10
1.1228937428694139 -0.0448132463517867 -0.8153610888066880 10
1.8843016586923120 -0.0402105246873257 -0.8348241597522158 10
1.8841533173846241 -0.0449496493746514 -0.8153943195044316 10
1.9214565472727410 -0.0303467225096186 -0.8327301664827519 10
1.9214530945454831 -0.0339494450192373 -0.8130573329655038 10
1.9215399078374289 -0.0685901435990371 -0.8444531666568833 10
1.9215298156748579 -0.0768694871980742 -0.8262473333137667 10

Edges
52
22 23 4
21 22 4
20 21 4
19 20 4
18 19 4
17 18 4
16 17 4
15 16 4
14 15 4
13 14 4
12 13 4
11 12 4
10 11 4
9 10 4
8 9 4
7 8 4
6 7 4
5 6 4
1 5 4
23 1 4
1281 12 0
1282 1281 0
50 1282 0
22 1301 0
1301 1302 0
1302 60 0
35 1327 1
1327 1328 1
1328 73 1
25 1307 1
1307 1308 1
1308 63 1
42 2 5
41 42 5
40 41 5
39 40 5
38 39 5
37 38 5
36 37 5
35 36 5
34 35 5
33 34 5
32 33 5
31 32 5
30 31 5
29 30 5
28 29 5
27 28 5
26 27 5
25 26 5
24 25 5
2 24 5



Triangles
5048
902 811 85 6
87 1 23 6
96 172 86 6
100 169 99 6
239 677 658 6
239 88 87 6
89 679 240 6
85 124 240 6
90 88 91 6
87 88 90 6
218 124 183 6
183 124 85 6
90 91 110 6
103 218 183 6
161 159 162 6
163 166 92 6
114 415 93 6
128 97 142 6
292 416 147 6
144 95 94 6
95 353 96 6
96 94 95 6
86 94 96 6
99 98 97 6
97 128 99 6
99 128 100 6
353 101 171 6
171 96 353 6
172 96 171 6
102 293 98 6
98 99 102 6
102 99 169 6
103 182 839 6
218 103 217 6
6 5 110 6
198 110 91 6
90 1 87 6
85 811 183 6
203 138 104 6
105 124 218 6
91 88 220 6
106 242 241 6
131 658 115 6
666 89 132 6
692 106 108 6
107 130 108 6
108 130 692 6
188 224 186 6
416 408 180 6
180 408 181 6
178 119 415 6
109 119 178 6
135 6 110 6
103 839 111 6
112 663 662 6
224 663 112 6
147 173 174 6
174 171 147 6
113 207 114 6
114 102 113 6
152 131 115 6
666 132 137 6
409 360 116 6
117 154 118 6
165 203 166 6
223 408 409 6
181 408 223 6
118 119 205 6
205 119 109 6
752 671 214 6
214 193 752 6
191 173 147 6
114 207 179 6
104 138 120 6
120 121 104 6
662 675 195 6
166 203 176 6
176 203 104 6
211 86 172 6
169 100 170 6
23 22 122 6
122 22 677 6
122 87 23 6
123 903 902 6
679 903 123 6
902 85 123 6
167 675 693 6
693 121 167 6
124 105 125 6
125 105 141 6
125 132 124 6
126 220 88 6
222 220 126 6
88 131 126 6
94 86 127 6
168 100 128 6
111 839 129 6
136 111 129 6
7 6 135 6
7 135 134 6
190 94 127 6
168 128 164 6
176 104 130 6
152 222 126 6
152 126 131 6
125 141 137 6
132 125 137 6
120 167 121 6
232 216 170 6
135 198 133 6
133 134 135 6
110 198 135 6
197 217 111 6
111 136 197 6
111 217 103 6
121 693 692 6
692 130 121 6
121 130 104 6
152 115 695 6
150 666 137 6
158 161 140 6
140 138 158 6
138 140 139 6
105 156 141 6
222 146 220 6
142 143 164 6
164 128 142 6
164 143 163 6
190 414 144 6
144 94 190 6
160 414 190 6
140 161 160 6
141 175 137 6
152 201 222 6
120 138 139 6
156 155 141 6
222 206 146 6
145 198 146 6
156 217 153 6
101 292 148 6
147 171 148 6
148 292 147 6
148 171 101 6
149 93 293 6
149 102 114 6
114 93 149 6
293 102 149 6
151 137 175 6
150 137 151 6
201 152 185 6
185 152 695 6
204 138 203 6
158 138 204 6
359 154 153 6
153 154 117 6
145 360 199 6
116 360 145 6
155 156 117 6
117 156 153 6
116 146 206 6
145 146 116 6
151 157 150 6
695 192 185 6
159 161 158 6
158 291 159 6
160 161 162 6
162 414 160 6
163 92 168 6
163 168 164 6
139 140 186 6
423 424 165 6
166 163 165 6
195 675 167 6
120 195 167 6
195 120 139 6
234 100 168 6
168 92 234 6
102 169 113 6
113 169 170 6
207 113 216 6
113 170 216 6
174 172 171 6
211 172 174 6
210 174 173 6
210 211 174 6
194 201 185 6
151 175 228 6
176 92 166 6
107 92 176 6
107 176 130 6
214 671 741 6
214 741 177 6
232 170 233 6
178 415 114 6
178 114 179 6
178 179 109 6
147 416 180 6
191 147 180 6
181 191 180 6
90 110 5 6
5 1 90 6
182 103 183 6
183 811 182 6
742 177 741 6
225 211 177 6
227 151 228 6
157 151 227 6
194 185 184 6
184 185 192 6
187 186 140 6
140 160 187 6
188 186 187 6
127 86 196 6
189 127 188 6
189 187 160 6
188 187 189 6
189 160 190 6
127 189 190 6
179 207 215 6
213 173 191 6
192 752 184 6
184 752 193 6
193 194 184 6
227 785 157 6
195 112 662 6
186 224 112 6
186 112 139 6
139 112 195 6
188 127 196 6
224 188 196 6
359 153 217 6
217 197 359 6
198 145 199 6
199 133 198 6
179 200 109 6
175 200 228 6
228 200 215 6
215 200 179 6
181 202 191 6
194 202 201 6
213 202 194 6
191 202 213 6
204 424 291 6
204 165 424 6
204 203 165 6
291 158 204 6
200 205 109 6
118 205 117 6
117 205 155 6
181 223 202 6
116 223 409 6
206 223 116 6
207 216 215 6
194 193 213 6
213 210 173 6
742 225 177 6
226 742 208 6
225 742 226 6
177 211 209 6
210 214 209 6
209 211 210 6
209 214 177 6
212 193 214 6
212 210 213 6
213 193 212 6
214 210 212 6
215 216 229 6
219 218 217 6
219 156 105 6
105 218 219 6
217 156 219 6
198 91 221 6
220 146 221 6
221 91 220 6
221 146 198 6
141 155 175 6
155 200 175 6
155 205 200 6
201 206 222 6
201 202 206 6
202 223 206 6
225 86 211 6
196 86 225 6
230 232 782 6
423 165 163 6
163 143 423 6
208 663 226 6
226 663 224 6
224 196 226 6
225 226 196 6
229 785 227 6
227 228 229 6
215 229 228 6
229 230 785 6
232 230 231 6
229 216 231 6
231 230 229 6
231 216 232 6
237 782 232 6
232 233 237 6
100 234 235 6
233 170 235 6
235 234 233 6
235 170 100 6
236 782 237 6
237 233 236 6
238 92 107 6
234 92 238 6
107 241 238 6
240 679 123 6
240 123 85 6
122 677 239 6
87 122 239 6
239 658 131 6
239 131 88 6
132 89 240 6
124 132 240 6
108 106 241 6
107 108 241 6
233 241 242 6
242 236 233 6
238 241 233 6
234 238 233 6
922 923 428 6
252 9 8 6
256 244 243 6
310 373 263 6
259 245 349 6
261 383 315 6
264 249 265 6
244 279 246 6
269 276 373 6
245 247 271 6
383 326 268 6
248 250 249 6
431 134 133 6
431 254 252 6
197 136 433 6
428 251 433 6
253 280 252 6
252 254 253 6
428 297 362 6
362 251 428 6
332 263 255 6
285 259 335 6
393 256 287 6
417 260 331 6
283 262 313 6
331 260 314 6
257 262 283 6
263 373 258 6
263 258 255 6
363 245 259 6
285 363 259 6
340 244 256 6
393 340 256 6
262 265 435 6
262 435 313 6
312 261 260 6
417 312 260 6
257 265 262 6
260 261 314 6
335 259 349 6
421 306 403 6
310 263 332 6
464 267 264 6
265 257 264 6
315 470 266 6
315 314 261 6
287 256 243 6
246 278 320 6
246 243 244 6
267 466 248 6
248 264 267 6
249 264 248 6
268 468 470 6
470 315 268 6
268 315 383 6
324 275 269 6
373 310 269 6
271 474 472 6
271 349 245 6
270 475 474 6
474 271 270 6
270 271 247 6
272 560 468 6
468 268 272 6
272 268 326 6
275 274 273 6
273 269 275 6
276 269 273 6
387 277 278 6
278 246 387 6
387 246 279 6
466 562 379 6
379 248 466 6
250 248 379 6
387 279 338 6
380 250 379 6
272 326 341 6
9 280 10 6
252 280 9 6
964 297 923 6
923 297 428 6
282 281 331 6
417 331 281 6
332 281 282 6
281 332 255 6
283 284 334 6
284 283 313 6
334 284 335 6
285 335 284 6
286 288 287 6
393 287 288 6
336 288 286 6
291 424 290 6
247 299 270 6
361 299 247 6
273 289 276 6
276 289 371 6
351 291 290 6
305 292 101 6
293 93 294 6
295 567 296 6
296 567 381 6
309 486 519 6
307 486 309 6
297 300 298 6
298 300 299 6
301 365 280 6
289 365 301 6
492 600 411 6
411 347 492 6
388 302 303 6
303 304 388 6
312 305 384 6
337 294 435 6
339 306 338 6
290 306 339 6
389 287 243 6
345 331 314 6
345 296 381 6
257 283 308 6
307 309 308 6
310 332 350 6
333 335 349 6
338 306 311 6
311 306 421 6
311 387 338 6
416 292 434 6
312 417 434 6
434 417 416 6
436 93 415 6
436 313 435 6
415 313 436 6
344 315 266 6
314 315 344 6
464 264 316 6
316 264 257 6
272 341 317 6
318 380 379 6
376 317 341 6
380 318 396 6
352 305 101 6
293 294 385 6
319 246 320 6
243 246 319 6
321 322 438 6
365 289 438 6
323 330 426 6
323 299 300 6
324 269 382 6
382 269 310 6
348 271 472 6
349 271 348 6
366 325 329 6
329 325 330 6
329 300 366 6
328 12 11 6
322 12 328 6
11 365 328 6
326 383 342 6
343 249 250 6
279 244 327 6
327 244 340 6
394 347 401 6
438 322 328 6
438 328 365 6
329 330 323 6
300 329 323 6
334 307 308 6
334 308 283 6
345 381 282 6
331 345 282 6
282 381 350 6
282 350 332 6
333 307 334 6
335 333 334 6
287 389 286 6
286 304 336 6
351 290 339 6
305 352 384 6
337 385 294 6
338 279 327 6
338 327 339 6
351 327 340 6
351 339 327 6
341 326 342 6
341 342 398 6
391 398 342 6
343 250 380 6
397 343 380 6
343 397 386 6
519 464 316 6
316 309 519 6
316 257 308 6
309 316 308 6
344 266 295 6
295 296 344 6
345 314 344 6
345 344 296 6
439 346 492 6
492 347 439 6
303 378 377 6
377 304 303 6
319 320 526 6
389 243 319 6
348 472 565 6
333 349 348 6
566 324 382 6
382 310 350 6
354 159 291 6
291 351 354 6
354 351 340 6
352 101 353 6
353 391 352 6
98 293 385 6
385 386 98 6
355 162 159 6
354 355 159 6
355 340 393 6
340 355 354 6
360 409 356 6
360 356 368 6
255 258 356 6
368 356 258 6
357 118 154 6
358 357 154 6
357 363 285 6
363 357 358 6
358 154 359 6
199 360 368 6
251 362 361 6
298 362 297 6
362 299 361 6
299 362 298 6
371 253 254 6
280 253 301 6
371 289 253 6
301 253 289 6
251 361 369 6
358 369 363 6
364 371 254 6
258 364 368 6
10 280 365 6
365 11 10 6
300 297 964 6
964 366 300 6
265 249 337 6
337 435 265 6
384 383 261 6
261 312 384 6
367 368 364 6
199 368 367 6
369 358 432 6
432 358 359 6
370 373 276 6
370 371 364 6
276 371 370 6
247 245 372 6
369 361 372 6
372 361 247 6
372 245 363 6
369 372 363 6
258 373 370 6
258 370 364 6
374 576 375 6
375 410 374 6
421 410 375 6
376 336 304 6
376 304 377 6
377 317 376 6
347 394 396 6
439 347 396 6
396 318 439 6
367 133 199 6
367 364 254 6
359 197 432 6
251 369 432 6
377 378 560 6
272 317 560 6
317 377 560 6
562 318 379 6
389 388 286 6
286 388 304 6
380 396 397 6
398 376 341 6
565 486 307 6
333 565 307 6
333 348 565 6
381 567 566 6
381 566 350 6
566 382 350 6
342 383 384 6
391 342 384 6
352 391 384 6
337 249 343 6
337 343 386 6
337 386 385 6
375 311 421 6
387 311 375 6
375 277 387 6
277 375 576 6
526 302 388 6
389 319 526 6
389 526 388 6
376 398 399 6
399 336 376 6
399 398 406 6
390 353 95 6
391 353 390 6
97 98 392 6
392 98 386 6
393 288 412 6
412 355 393 6
394 402 405 6
406 144 400 6
162 355 412 6
392 386 397 6
397 395 392 6
395 397 405 6
405 397 396 6
396 394 405 6
398 391 390 6
390 406 398 6
399 406 400 6
288 336 400 6
399 400 336 6
401 347 411 6
403 402 401 6
411 410 401 6
401 402 394 6
402 403 419 6
395 405 404 6
404 405 402 6
95 144 406 6
406 390 95 6
395 142 97 6
97 392 395 6
118 407 119 6
284 313 407 6
285 284 407 6
357 407 118 6
407 357 285 6
408 418 409 6
418 417 281 6
418 281 255 6
409 418 356 6
255 356 418 6
374 410 600 6
600 410 411 6
162 412 414 6
414 412 413 6
288 400 413 6
413 412 288 6
144 414 413 6
144 413 400 6
119 313 415 6
407 313 119 6
416 417 408 6
408 417 418 6
404 402 419 6
404 143 142 6
419 143 404 6
142 395 404 6
403 306 425 6
306 290 425 6
419 403 425 6
420 421 403 6
420 401 410 6
410 421 420 6
403 401 420 6
422 423 143 6
422 419 425 6
143 419 422 6
290 424 423 6
423 425 290 6
423 422 425 6
274 321 437 6
289 273 437 6
437 273 274 6
427 426 475 6
427 270 299 6
475 270 427 6
136 129 430 6
922 428 430 6
430 129 922 6
8 7 429 6
429 7 134 6
429 252 8 6
433 136 430 6
433 430 428 6
429 134 431 6
252 429 431 6
431 133 367 6
431 367 254 6
432 197 433 6
251 432 433 6
434 292 305 6
312 434 305 6
294 93 436 6
294 436 435 6
323 426 427 6
323 427 299 6
437 321 438 6
289 437 438 6
562 346 439 6
562 439 318 6
620 1075 619 6
16 15 622 6
440 454 455 6
441 445 529 6
473 453 442 6
471 569 443 6
457 548 500 6
465 444 454 6
445 551 504 6
505 552 453 6
469 446 569 6
548 447 467 6
625 621 448 6
622 626 448 6
627 449 629 6
627 542 620 6
622 450 546 6
546 626 622 6
545 543 620 6
620 542 545 6
598 441 463 6
462 442 539 6
484 455 583 6
451 458 459 6
452 456 482 6
461 458 451 6
482 456 460 6
536 445 441 6
598 536 441 6
442 453 554 6
442 554 539 6
455 454 535 6
455 535 583 6
632 457 456 6
452 632 456 6
458 443 631 6
458 631 459 6
456 457 460 6
461 443 458 6
473 442 462 6
611 610 612 6
463 441 529 6
500 267 464 6
500 460 457 6
266 470 471 6
443 461 471 6
440 455 484 6
320 278 465 6
454 440 465 6
467 466 267 6
267 500 467 6
467 500 548 6
470 468 469 6
469 471 470 6
569 471 469 6
504 275 324 6
504 529 445 6
472 474 505 6
453 473 505 6
474 475 618 6
618 505 474 6
552 505 618 6
468 560 476 6
476 469 468 6
446 469 476 6
617 274 275 6
275 504 617 6
617 504 551 6
278 277 573 6
573 465 278 6
444 465 573 6
477 562 466 6
466 467 477 6
477 467 447 6
516 444 573 6
477 447 478 6
479 446 476 6
14 450 15 6
15 450 622 6
1075 543 1049 6
620 543 1075 6
451 597 480 6
597 451 459 6
480 597 463 6
598 463 597 6
511 481 482 6
452 482 481 6
462 481 511 6
481 462 539 6
484 483 563 6
483 484 583 6
563 483 580 6
513 764 763 6
618 488 552 6
552 488 544 6
551 638 617 6
547 638 551 6
513 763 517 6
502 648 630 6
633 485 711 6
523 567 295 6
568 567 523 6
519 486 520 6
520 486 495 6
487 489 543 6
488 489 487 6
450 491 490 6
490 491 638 6
493 600 492 6
492 524 493 6
303 302 564 6
564 558 303 6
549 630 631 6
632 633 514 6
516 610 494 6
494 610 513 6
440 484 527 6
461 451 509 6
568 523 509 6
522 482 460 6
522 520 495 6
510 463 529 6
473 462 512 6
574 610 516 6
612 610 574 6
516 573 574 6
496 648 605 6
496 459 631 6
605 459 496 6
498 485 497 6
632 452 497 6
497 452 498 6
266 471 499 6
499 471 461 6
521 500 464 6
460 500 521 6
561 479 476 6
477 478 640 6
479 561 579 6
501 640 478 6
502 630 571 6
531 633 711 6
320 465 577 6
577 465 440 6
637 322 321 6
637 638 491 6
426 330 634 6
489 488 634 6
503 504 324 6
529 504 503 6
472 505 528 6
528 505 473 6
13 12 506 6
506 12 322 6
506 491 13 6
330 325 508 6
507 489 508 6
508 325 507 6
570 569 446 6
447 548 572 6
515 454 444 6
535 454 515 6
590 524 584 6
506 322 637 6
491 506 637 6
634 330 508 6
634 508 489 6
522 495 511 6
482 522 511 6
480 568 509 6
480 509 451 6
510 568 480 6
463 510 480 6
511 495 512 6
511 512 462 6
563 527 484 6
580 558 563 6
494 513 517 6
549 571 630 6
633 531 514 6
515 444 516 6
494 515 516 6
535 515 517 6
515 494 517 6
570 446 479 6
518 570 479 6
570 518 589 6
478 447 572 6
478 572 587 6
532 587 572 6
521 464 519 6
519 520 521 6
522 460 521 6
522 521 520 6
295 266 499 6
499 523 295 6
499 461 509 6
523 499 509 6
492 346 639 6
639 524 492 6
525 378 303 6
303 558 525 6
526 320 577 6
577 440 527 6
565 472 528 6
528 473 512 6
503 324 566 6
510 529 503 6
763 530 534 6
534 517 763 6
535 517 534 6
651 502 571 6
571 589 651 6
531 711 652 6
652 532 531 6
530 718 533 6
530 533 534 6
583 535 533 6
534 533 535 6
538 668 714 6
537 538 714 6
538 536 598 6
536 538 537 6
541 595 596 6
541 596 540 6
539 554 596 6
540 596 554 6
550 541 540 6
537 714 713 6
544 545 542 6
543 545 487 6
544 488 545 6
487 545 488 6
626 546 547 6
490 546 450 6
546 638 547 6
638 546 490 6
555 544 542 6
554 555 540 6
626 547 557 6
537 557 536 6
491 450 14 6
14 13 491 6
1049 543 489 6
489 507 1049 6
514 548 457 6
457 632 514 6
443 569 549 6
549 631 443 6
557 537 559 6
559 537 713 6
628 540 555 6
550 540 628 6
551 445 556 6
557 547 556 6
556 547 551 6
553 453 552 6
553 544 555 6
552 544 553 6
554 453 553 6
554 553 555 6
556 445 536 6
557 556 536 6
575 576 374 6
374 591 575 6
575 591 612 6
558 580 579 6
525 558 579 6
579 561 525 6
501 584 524 6
501 524 639 6
639 640 501 6
713 625 559 6
626 557 559 6
628 629 550 6
628 555 542 6
560 378 525 6
560 561 476 6
560 525 561 6
477 640 562 6
563 564 527 6
558 564 563 6
587 501 478 6
479 579 518 6
495 486 565 6
495 565 512 6
565 528 512 6
566 567 568 6
510 566 568 6
510 503 566 6
549 569 570 6
549 570 589 6
549 589 571 6
572 548 514 6
532 572 514 6
531 532 514 6
612 574 575 6
575 574 573 6
573 277 575 6
576 575 277 6
564 302 526 6
526 577 527 6
564 526 527 6
578 518 579 6
579 580 578 6
586 518 578 6
649 651 588 6
588 651 589 6
581 652 582 6
532 652 581 6
602 483 583 6
583 533 602 6
593 594 584 6
585 700 586 6
602 533 718 6
587 532 581 6
581 592 587 6
593 587 592 6
501 587 593 6
593 584 501 6
588 589 518 6
518 586 588 6
585 586 578 6
585 580 483 6
580 585 578 6
493 524 590 6
590 594 611 6
590 591 493 6
584 594 590 6
606 611 594 6
608 593 592 6
594 593 608 6
586 700 649 6
649 588 586 6
582 607 592 6
592 581 582 6
661 604 595 6
604 452 481 6
604 481 539 6
595 604 596 6
539 596 604 6
668 599 660 6
597 459 599 6
598 597 599 6
538 599 668 6
599 538 598 6
600 591 374 6
493 591 600 6
601 602 718 6
603 602 601 6
603 585 483 6
483 602 603 6
603 601 700 6
585 603 700 6
498 452 661 6
661 452 604 6
660 459 605 6
599 459 660 6
606 594 608 6
607 615 608 6
608 615 606 6
608 592 607 6
609 610 611 6
609 513 610 6
609 611 606 6
611 612 613 6
591 590 613 6
613 612 591 6
613 590 611 6
615 616 614 6
609 606 614 6
614 606 615 6
616 764 513 6
513 609 616 6
609 614 616 6
636 321 274 6
636 617 638 6
274 617 636 6
475 426 635 6
488 618 635 6
635 618 475 6
619 1233 623 6
623 1233 449 6
623 620 619 6
624 17 16 6
621 17 624 6
16 622 624 6
623 449 627 6
620 623 627 6
448 621 624 6
448 624 622 6
559 625 448 6
626 559 448 6
627 629 628 6
627 628 542 6
630 648 496 6
630 496 631 6
497 485 633 6
632 497 633 6
635 426 634 6
488 635 634 6
637 321 636 6
637 636 638 6
639 346 562 6
640 639 562 6
656 740 1168 6
21 20 795 6
746 641 650 6
653 726 790 6
658 677 794 6
795 796 794 6
642 679 89 6
642 643 656 6
644 796 738 6
738 796 795 6
739 643 646 6
656 643 739 6
654 644 738 6
739 646 645 6
718 530 697 6
647 721 783 6
485 498 672 6
607 582 689 6
706 605 648 6
687 649 700 6
650 651 649 6
649 687 650 6
650 687 746 6
582 652 653 6
653 689 582 6
790 689 653 6
708 502 651 6
651 650 708 6
708 650 641 6
652 711 709 6
709 653 652 6
726 653 709 6
685 1151 645 6
705 645 646 6
654 19 18 6
644 654 655 6
795 20 738 6
739 740 656 6
657 674 667 6
778 796 644 6
646 643 683 6
799 242 106 6
115 658 690 6
797 89 666 6
798 106 692 6
798 694 733 6
692 694 798 6
744 659 745 6
737 660 605 6
759 660 737 6
498 661 736 6
736 661 670 6
654 18 691 6
686 685 645 6
662 663 754 6
754 663 659 6
727 664 706 6
706 708 727 6
672 750 665 6
665 709 672 6
115 690 702 6
696 797 666 6
767 714 668 6
595 541 712 6
721 667 720 6
668 660 669 6
669 660 759 6
766 661 595 6
670 661 766 6
772 671 752 6
752 751 772 6
706 664 762 6
735 750 672 6
673 674 657 6
657 681 673 6
723 675 662 6
732 667 721 6
657 667 732 6
641 746 676 6
792 790 726 6
678 22 21 6
677 22 678 6
21 795 678 6
680 903 679 6
680 656 1168 6
1168 903 680 6
693 675 722 6
722 681 693 6
682 683 643 6
780 683 682 6
643 797 682 6
796 778 684 6
684 778 698 6
684 690 796 6
755 746 687 6
689 790 725 6
686 449 1233 6
685 686 1233 6
691 18 17 6
621 691 17 6
755 687 699 6
688 689 725 6
694 657 732 6
684 698 702 6
690 684 702 6
696 780 682 6
696 682 797 6
681 722 673 6
792 775 734 6
625 655 691 6
691 621 625 6
691 655 654 6
686 705 629 6
629 449 686 6
645 705 686 6
692 693 681 6
681 694 692 6
657 694 681 6
695 115 702 6
696 666 150 6
743 697 717 6
717 674 743 6
719 743 674 6
780 704 683 6
778 779 698 6
688 615 607 6
607 689 688 6
783 615 688 6
700 601 699 6
699 687 700 6
699 601 749 6
749 697 743 6
696 701 780 6
698 729 702 6
719 674 673 6
780 715 704 6
779 703 698 6
779 655 716 6
756 705 704 6
707 648 502 6
707 708 706 6
706 648 707 6
502 708 707 6
711 485 710 6
672 709 710 6
710 485 672 6
710 709 711 6
701 696 731 6
731 696 150 6
728 702 729 6
695 702 728 6
667 674 765 6
765 674 717 6
756 541 550 6
712 541 756 6
713 714 716 6
716 714 767 6
712 704 715 6
756 704 712 6
703 779 767 6
767 779 716 6
150 157 731 6
728 192 695 6
717 697 530 6
530 763 717 6
718 697 749 6
749 601 718 6
725 647 783 6
688 725 783 6
744 743 719 6
720 764 616 6
720 783 721 6
722 675 723 6
722 723 673 6
719 673 723 6
725 790 724 6
724 647 725 6
665 726 709 6
792 726 665 6
775 665 750 6
775 792 665 6
708 641 727 6
727 641 676 6
664 727 774 6
727 676 774 6
728 729 760 6
730 701 731 6
721 647 732 6
732 647 733 6
694 732 733 6
741 671 772 6
769 741 772 6
800 792 734 6
672 498 736 6
735 672 736 6
670 735 736 6
737 605 706 6
737 706 762 6
737 762 759 6
19 654 738 6
738 20 19 6
739 645 1151 6
1151 740 739 6
741 769 742 6
769 676 770 6
730 731 786 6
786 731 157 6
753 728 760 6
192 728 753 6
743 744 748 6
748 749 743 6
748 744 745 6
781 746 755 6
745 755 747 6
749 748 747 6
747 748 745 6
699 749 747 6
699 747 755 6
758 750 735 6
762 664 768 6
753 752 192 6
751 752 753 6
753 760 751 6
157 785 786 6
662 754 723 6
754 659 744 6
719 754 744 6
723 754 719 6
781 755 745 6
781 745 659 6
705 756 550 6
550 629 705 6
713 716 655 6
655 625 713 6
670 757 735 6
730 757 701 6
758 757 730 6
735 757 758 6
762 761 759 6
729 761 760 6
760 761 768 6
768 761 762 6
763 764 765 6
764 720 765 6
720 667 765 6
765 717 763 6
670 766 757 6
712 766 595 6
715 766 712 6
761 669 759 6
668 669 767 6
767 669 703 6
758 775 750 6
768 751 760 6
664 774 768 6
769 770 742 6
208 742 784 6
784 742 770 6
771 676 769 6
771 772 774 6
774 676 771 6
769 772 771 6
772 751 773 6
768 774 773 6
773 751 768 6
773 774 772 6
788 775 758 6
705 646 776 6
683 704 776 6
776 646 683 6
776 704 705 6
777 644 655 6
777 779 778 6
778 644 777 6
655 779 777 6
701 715 780 6
701 757 715 6
757 766 715 6
698 703 729 6
703 761 729 6
703 669 761 6
676 746 770 6
770 746 781 6
782 734 230 6
783 720 616 6
616 615 783 6
784 663 208 6
659 663 784 6
784 781 659 6
781 784 770 6
786 785 788 6
788 730 786 6
730 788 758 6
785 230 788 6
787 230 734 6
787 775 788 6
788 230 787 6
734 775 787 6
734 782 789 6
789 800 734 6
791 724 790 6
791 792 800 6
800 724 791 6
790 792 791 6
789 782 236 6
236 800 789 6
733 647 793 6
793 647 724 6
793 799 733 6
680 679 642 6
656 680 642 6
794 677 678 6
794 678 795 6
690 658 794 6
796 690 794 6
642 89 797 6
642 797 643 6
799 106 798 6
799 798 733 6
242 799 800 6
800 236 242 6
800 799 793 6
800 793 724 6
24 2 812 6
803 811 902 6
801 1252 802 6
801 804 803 6
802 804 801 6
833 826 803 6
803 804 833 6
831 805 832 6
832 805 837 6
805 806 837 6
831 852 805 6
892 814 895 6
850 1255 849 6
819 1162 807 6
858 819 807 6
819 857 836 6
857 819 858 6
858 807 808 6
858 808 882 6
966 870 871 6
1011 863 809 6
863 810 835 6
831 832 804 6
811 826 182 6
803 826 811 6
834 832 837 6
882 812 853 6
813 820 908 6
814 892 908 6
908 820 814 6
873 872 815 6
1018 975 816 6
806 872 816 6
816 975 806 6
910 1169 1230 6
910 905 852 6
818 1242 817 6
848 1242 818 6
915 1018 916 6
906 1230 1229 6
821 820 1162 6
821 819 814 6
814 820 821 6
1162 819 821 6
861 995 822 6
843 824 823 6
872 806 851 6
851 815 872 6
907 852 905 6
825 838 826 6
834 838 825 6
920 1020 918 6
838 834 918 6
827 129 839 6
1020 129 827 6
839 838 827 6
814 819 828 6
828 819 836 6
864 857 829 6
830 1262 1169 6
830 852 831 6
833 804 832 6
826 833 825 6
832 834 833 6
825 833 834 6
830 802 1262 6
830 831 804 6
804 802 830 6
864 836 857 6
835 836 864 6
921 975 973 6
921 837 806 6
806 975 921 6
182 826 838 6
838 839 182 6
814 828 895 6
840 847 853 6
42 847 840 6
869 885 871 6
871 841 869 6
855 842 856 6
843 842 855 6
854 847 859 6
853 847 854 6
836 835 844 6
844 828 836 6
849 846 845 6
911 881 842 6
911 843 848 6
842 843 911 6
847 42 41 6
840 812 2 6
840 2 42 6
853 812 840 6
823 1242 848 6
848 843 823 6
867 856 842 6
884 885 868 6
845 850 849 6
805 851 806 6
852 851 805 6
907 815 851 6
851 852 907 6
853 854 829 6
864 854 809 6
854 859 809 6
854 864 829 6
912 824 843 6
855 912 843 6
874 856 875 6
867 875 856 6
822 875 867 6
857 858 829 6
829 858 882 6
882 853 829 6
847 41 859 6
883 860 861 6
861 822 883 6
809 863 862 6
835 864 862 6
862 863 835 6
862 864 809 6
914 995 915 6
41 40 866 6
865 859 866 6
866 40 865 6
866 859 41 6
1229 824 917 6
917 824 912 6
867 883 822 6
869 841 868 6
868 885 869 6
842 881 890 6
890 867 842 6
870 860 888 6
888 871 870 6
884 913 887 6
841 871 888 6
876 856 874 6
815 874 873 6
877 874 815 6
872 873 916 6
875 873 874 6
914 873 875 6
906 877 905 6
876 877 912 6
912 877 917 6
874 877 876 6
880 879 878 6
884 887 886 6
886 887 880 6
846 813 909 6
892 913 909 6
841 881 898 6
868 841 898 6
898 850 868 6
808 1167 882 6
888 860 883 6
883 867 890 6
888 883 890 6
1011 809 859 6
859 865 1011 6
885 884 886 6
965 885 886 6
880 878 886 6
886 878 965 6
897 884 868 6
913 884 897 6
868 850 897 6
887 895 901 6
901 880 887 6
881 841 889 6
888 890 889 6
889 841 888 6
889 890 881 6
893 25 24 6
1167 25 893 6
892 895 891 6
887 913 891 6
891 895 887 6
891 913 892 6
893 882 1167 6
812 882 893 6
893 24 812 6
810 894 896 6
896 835 810 6
895 828 844 6
844 835 896 6
898 881 818 6
897 850 845 6
913 897 845 6
899 1255 850 6
899 898 818 6
850 898 899 6
817 1255 899 6
817 899 818 6
896 901 844 6
895 844 901 6
885 965 966 6
966 871 885 6
879 880 900 6
901 896 900 6
900 880 901 6
894 879 900 6
894 900 896 6
902 903 904 6
904 903 1252 6
904 803 902 6
904 1252 801 6
803 904 801 6
918 1020 827 6
918 827 838 6
910 1230 906 6
910 906 905 6
877 815 907 6
877 907 905 6
916 1018 816 6
872 916 816 6
909 813 908 6
892 909 908 6
830 1169 910 6
852 830 910 6
822 995 914 6
822 914 875 6
911 848 818 6
911 818 881 6
855 856 876 6
912 855 876 6
845 846 909 6
845 909 913 6
914 915 916 6
873 914 916 6
906 1229 917 6
906 917 877 6
918 834 919 6
919 920 918 6
973 920 919 6
973 919 921 6
919 834 837 6
921 919 837 6
925 923 922 6
39 38 924 6
1019 1020 920 6
1019 927 925 6
920 927 1019 6
1011 865 1021 6
924 1012 1021 6
952 926 958 6
924 942 955 6
955 1012 924 6
962 926 925 6
925 927 962 6
928 929 950 6
930 929 928 6
929 951 950 6
930 949 929 6
930 928 939 6
960 928 950 6
1110 1051 931 6
923 926 964 6
925 926 923 6
37 942 38 6
38 942 924 6
1012 932 1010 6
953 932 943 6
991 1065 933 6
949 1065 991 6
933 990 991 6
934 1095 947 6
934 977 957 6
957 1095 934 6
861 860 1025 6
1028 935 1121 6
1028 1030 994 6
894 810 1008 6
1008 936 894 6
937 938 1001 6
1001 938 939 6
1051 935 940 6
994 931 940 6
940 931 1051 6
1024 965 878 6
1024 979 1002 6
878 979 1024 6
941 1057 1005 6
942 944 954 6
954 944 943 6
879 894 945 6
945 894 936 6
946 947 1053 6
36 35 983 6
983 35 1039 6
983 944 36 6
1063 1065 948 6
949 930 948 6
948 1065 949 6
1017 975 1018 6
1017 950 951 6
951 975 1017 6
972 1014 982 6
952 958 982 6
970 1087 959 6
970 953 943 6
932 1012 955 6
954 955 942 6
955 943 932 6
943 955 954 6
953 957 956 6
956 957 977 6
982 958 990 6
959 1095 970 6
957 953 970 6
970 1095 957 6
960 950 1017 6
948 938 1063 6
948 930 939 6
939 938 948 6
944 942 37 6
37 36 944 6
961 963 974 6
962 927 963 6
927 974 963 6
958 926 963 6
963 926 962 6
964 926 952 6
952 366 964 6
978 936 956 6
956 977 978 6
992 966 965 6
967 996 968 6
932 953 969 6
969 1010 932 6
969 953 956 6
984 970 943 6
1087 970 984 6
971 979 945 6
972 990 933 6
982 990 972 6
920 973 976 6
976 927 920 6
974 927 976 6
976 973 975 6
975 951 976 6
976 951 974 6
936 978 971 6
971 945 936 6
988 978 977 6
977 946 988 6
979 878 879 6
879 945 979 6
928 960 980 6
980 939 928 6
981 999 997 6
929 961 951 6
949 961 929 6
961 974 951 6
982 1014 952 6
983 1039 1087 6
984 983 1087 6
983 943 944 6
943 983 984 6
981 1002 1007 6
1110 931 985 6
985 931 999 6
990 958 986 6
986 958 963 6
1057 1110 985 6
985 1005 1057 6
999 1005 985 6
971 978 987 6
987 978 988 6
980 960 996 6
980 996 967 6
980 989 1000 6
967 989 980 6
986 963 961 6
961 949 986 6
990 986 991 6
986 949 991 6
997 992 981 6
992 1002 981 6
993 994 1032 6
931 994 993 6
995 861 1026 6
968 996 1026 6
1026 996 995 6
1029 1121 937 6
998 1032 1027 6
997 999 993 6
993 998 997 6
993 999 931 6
993 1032 998 6
1005 1031 941 6
1053 941 1031 6
946 1031 988 6
1031 946 1053 6
937 1001 1029 6
1030 1001 1000 6
1029 1001 1030 6
1001 939 980 6
1000 1001 980 6
1003 1002 979 6
1003 987 1007 6
1007 1002 1003 6
1004 1005 1007 6
1007 987 1004 6
1031 1005 1004 6
999 981 1006 6
1007 1005 1006 6
1006 981 1007 6
1006 1005 999 6
1033 989 1027 6
1033 994 1030 6
1009 936 1008 6
1008 1010 1009 6
956 936 1009 6
969 956 1009 6
969 1009 1010 6
1036 997 998 6
810 863 1008 6
1010 1008 863 6
1027 968 1025 6
998 1027 1025 6
863 1011 1023 6
1012 1010 1023 6
1023 1010 863 6
922 129 1013 6
1013 129 1020 6
1013 925 922 6
366 952 1015 6
1014 325 1015 6
1015 952 1014 6
1015 325 366 6
865 40 1022 6
39 924 1022 6
1022 40 39 6
1016 996 960 6
960 1017 1016 6
1018 915 1016 6
1018 1016 1017 6
1016 915 995 6
996 1016 995 6
1013 1020 1019 6
925 1013 1019 6
1021 865 1022 6
1021 1022 924 6
1023 1011 1021 6
1012 1023 1021 6
992 965 1024 6
1002 992 1024 6
934 947 946 6
934 946 977 6
971 987 1003 6
971 1003 979 6
940 935 1028 6
994 940 1028 6
1026 861 1025 6
968 1026 1025 6
1027 989 967 6
968 1027 967 6
1028 1121 1029 6
1028 1029 1030 6
1000 989 1033 6
1000 1033 1030 6
1004 987 988 6
1031 1004 988 6
1032 994 1033 6
1032 1033 1027 6
992 997 1034 6
1034 966 992 6
1034 997 1036 6
1025 860 1035 6
1036 998 1035 6
1035 998 1025 6
1035 860 870 6
1036 1035 870 6
870 966 1034 6
870 1034 1036 6
1043 1049 507 6
34 33 1037 6
1038 1014 972 6
1038 1079 1043 6
972 1079 1038 6
1087 1039 1040 6
1037 1085 1040 6
1132 1074 1089 6
1037 1050 1041 6
1041 1085 1037 6
1042 1074 1043 6
1043 1079 1042 6
1098 1099 1069 6
1046 1045 1080 6
1080 1045 1044 6
1046 1082 1045 6
1045 1064 1044 6
1046 1080 1137 6
1081 1080 1044 6
1048 1118 1047 6
1048 1111 1052 6
1047 1111 1048 6
1052 1114 1048 6
1049 1074 1075 6
1043 1074 1049 6
32 1050 33 6
33 1050 1037 6
1085 1069 1086 6
1098 1069 1055 6
1091 1156 1153 6
1082 1156 1091 6
1153 1076 1091 6
941 1053 1117 6
1109 1179 1177 6
1122 1179 1109 6
1142 935 1051 6
1142 1047 1118 6
1051 1047 1142 6
1164 1127 1141 6
1114 1052 1141 6
1197 1194 1071 6
1115 1053 947 6
1061 1235 1150 6
1061 1055 1072 6
1150 1055 1061 6
1050 1072 1054 6
1054 1072 1055 6
1108 1177 1056 6
1057 941 1101 6
1128 1194 1058 6
31 30 1062 6
1062 30 1235 6
1062 1072 31 6
1112 1051 1110 6
1047 1051 1112 6
1185 1164 1059 6
1052 1060 1059 6
1059 1060 1185 6
1062 1235 1061 6
1072 1062 1061 6
1070 1065 1063 6
1070 1044 1064 6
1064 1065 1070 6
1066 1156 1067 6
1082 1046 1067 6
1067 1156 1082 6
1154 1253 1068 6
1132 1089 1068 6
1069 1085 1041 6
1054 1041 1050 6
1041 1055 1069 6
1055 1041 1054 6
1068 1089 1076 6
1067 1046 1137 6
1081 1044 1070 6
1071 1150 1197 6
1071 1098 1055 6
1055 1150 1071 6
1072 1050 32 6
32 31 1072 6
1083 1073 1077 6
1042 1079 1073 6
1079 1077 1073 6
1089 1074 1073 6
1073 1074 1042 6
1075 1074 1132 6
1132 619 1075 6
1113 1110 1057 6
1154 1076 1153 6
1068 1076 1154 6
972 933 1078 6
1078 1079 972 6
1077 1079 1078 6
1078 933 1065 6
1065 1064 1078 6
1078 1064 1077 6
1145 1137 1080 6
1080 1081 1145 6
1082 1083 1045 6
1045 1083 1064 6
1083 1077 1064 6
1068 1253 1132 6
1084 1100 1093 6
1085 1086 1140 6
959 1087 1140 6
1076 1089 1088 6
1088 1089 1073 6
1090 1048 1114 6
1118 1048 1090 6
1117 1053 1115 6
1117 1116 1102 6
1088 1073 1083 6
1083 1082 1088 6
1076 1088 1091 6
1088 1082 1091 6
1123 1099 1094 6
1092 1069 1099 6
1092 1129 1086 6
1086 1069 1092 6
1099 1129 1092 6
1117 1101 941 6
1093 1101 1102 6
1101 1117 1102 6
1128 1122 1123 6
1094 1128 1123 6
1129 1095 1144 6
1144 1086 1129 6
1144 1095 959 6
1123 1116 1096 6
1129 1099 1096 6
1096 1099 1123 6
1093 1102 1097 6
1097 1084 1093 6
1071 1194 1094 6
1094 1194 1128 6
1098 1094 1099 6
1071 1094 1098 6
1101 1113 1057 6
1100 1113 1093 6
1113 1101 1093 6
1102 1116 1097 6
1103 937 1107 6
1143 1104 1145 6
1130 1104 1105 6
1105 1104 1090 6
1145 1104 1106 6
1106 1104 1130 6
1143 1103 1107 6
1109 1177 1108 6
1122 1109 1097 6
1084 1108 1060 6
1084 1097 1108 6
1097 1109 1108 6
1137 1145 1106 6
1106 1130 1135 6
938 937 1103 6
1063 938 1070 6
1081 1070 938 6
1081 938 1103 6
1130 1160 1135 6
1112 1110 1113 6
1111 1047 1112 6
1111 1112 1100 6
1112 1113 1100 6
1105 1090 1114 6
937 1121 1107 6
1096 1115 1129 6
1116 1117 1115 6
1096 1116 1115 6
1118 1090 1126 6
1126 1107 1121 6
1052 1111 1119 6
1119 1060 1052 6
1126 1121 1120 6
1120 1118 1126 6
1120 1121 935 6
1124 1123 1122 6
1124 1097 1116 6
1116 1123 1124 6
1122 1097 1124 6
1126 1090 1125 6
1125 1107 1126 6
1125 1090 1104 6
1105 1114 1131 6
1127 1160 1131 6
1056 1185 1060 6
1060 1108 1056 6
1122 1128 1058 6
1058 1179 1122 6
947 1095 1129 6
1129 1115 947 6
1131 1160 1130 6
1105 1131 1130 6
1119 1084 1060 6
1100 1084 1119 6
1119 1111 1100 6
619 1132 1133 6
1253 1233 1133 6
1133 1132 1253 6
1133 1233 619 6
507 325 1139 6
1139 325 1014 6
1139 1043 507 6
1039 35 1134 6
34 1037 1134 6
1134 35 34 6
1138 1135 1136 6
1106 1135 1138 6
1138 1136 1066 6
1137 1106 1138 6
1138 1067 1137 6
1067 1138 1066 6
1139 1014 1038 6
1043 1139 1038 6
1040 1039 1134 6
1040 1134 1037 6
1140 1087 1040 6
1085 1140 1040 6
1059 1164 1141 6
1052 1059 1141 6
1141 1127 1131 6
1141 1131 1114 6
1120 935 1142 6
1118 1120 1142 6
1125 1104 1143 6
1107 1125 1143 6
1144 959 1140 6
1086 1144 1140 6
1143 1145 1081 6
1103 1143 1081 6
1146 1151 685 6
29 28 1247 6
1254 1253 1154 6
1254 1173 1146 6
1148 1147 1146 6
1146 1173 1148 6
1230 1169 1171 6
1230 1171 1175 6
1171 1190 1257 6
1258 1156 1066 6
1222 1258 1066 6
1222 1066 1136 6
1149 1197 1150 6
1149 1150 1246 6
1155 1172 1173 6
1151 1147 740 6
1146 1147 1151 6
1152 1154 1153 6
1152 1155 1173 6
1153 1155 1152 6
1157 1153 1156 6
1157 1258 1155 6
1155 1153 1157 6
1156 1258 1157 6
1158 1165 1147 6
1260 1165 1158 6
1187 1164 1185 6
1185 1186 1187 6
1255 817 1159 6
1218 1135 1160 6
1160 1216 1218 6
820 813 1207 6
1207 1161 820 6
1200 1058 1194 6
1162 820 1163 6
1161 1204 1163 6
1163 820 1161 6
1217 1127 1164 6
802 1252 1166 6
1165 1260 1166 6
1228 25 1167 6
26 25 1228 6
1251 903 1168 6
1252 903 1251 6
1168 1165 1251 6
1231 1204 1196 6
1169 1262 1170 6
1170 1171 1169 6
1190 1171 1170 6
1148 1173 1172 6
1147 1148 1158 6
1172 1257 1190 6
1193 1240 1261 6
740 1147 1165 6
1165 1168 740 6
27 1227 1176 6
1240 1193 1174 6
1174 1193 1191 6
1175 1225 1245 6
1227 27 26 6
1228 1227 26 6
1176 1247 28 6
1176 28 27 6
1196 1195 1231 6
1231 1195 1249 6
1159 817 1237 6
1237 1191 1159 6
1191 1237 1174 6
1227 1248 1176 6
1177 1179 1178 6
1220 1182 1178 6
1178 1179 1220 6
1178 1182 1177 6
1180 1257 1225 6
1180 1175 1171 6
1171 1257 1180 6
1225 1175 1180 6
1149 1246 1250 6
1249 1195 1250 6
1250 1195 1149 6
1225 1257 1181 6
1258 1222 1181 6
1181 1222 1225 6
1056 1177 1183 6
1183 1177 1182 6
1183 1182 1259 6
1259 1186 1183 6
1184 1172 1155 6
1155 1258 1184 6
1257 1172 1184 6
1186 1185 1056 6
1056 1183 1186 6
1150 1235 1246 6
1164 1187 1217 6
1187 1186 1261 6
1203 1220 1200 6
1188 1259 1182 6
1193 1259 1205 6
1189 1190 1260 6
1189 1148 1172 6
1172 1190 1189 6
1220 1203 1198 6
1205 1259 1188 6
1191 1193 1192 6
1205 1192 1193 6
1201 1194 1197 6
1194 1201 1200 6
1195 1196 1201 6
1149 1201 1197 6
1201 1149 1195 6
1188 1182 1220 6
1198 1188 1220 6
1206 1188 1198 6
1213 1238 1211 6
1201 1196 1199 6
1203 1200 1199 6
1199 1196 1203 6
1199 1200 1201 6
1198 1203 1202 6
1198 1202 1206 6
1204 1161 1202 6
1202 1196 1204 6
1203 1196 1202 6
1238 1214 1211 6
1205 1206 1208 6
1208 1192 1205 6
1188 1206 1205 6
1213 1216 1217 6
846 849 1208 6
1192 1208 849 6
1207 813 846 6
1208 1206 1207 6
846 1208 1207 6
1209 1202 1161 6
1209 1207 1206 6
1206 1202 1209 6
1161 1207 1209 6
1210 1213 1211 6
1216 1213 1210 6
807 1162 1212 6
1217 1187 1241 6
1241 1213 1217 6
849 1255 1256 6
1191 1192 1256 6
1256 1192 849 6
1215 823 824 6
1214 823 1215 6
1216 1160 1127 6
1127 1217 1216 6
1218 1216 1210 6
1218 1210 1219 6
1214 1226 1211 6
1215 1226 1214 6
1058 1200 1220 6
1220 1179 1058 6
1135 1218 1221 6
1221 1218 1219 6
1242 823 1243 6
1243 823 1214 6
1136 1135 1221 6
1221 1222 1136 6
1224 1221 1219 6
1222 1221 1224 6
1223 1210 1211 6
1211 1226 1223 6
1219 1210 1223 6
1224 1225 1222 6
1219 1223 1224 6
1245 1225 1224 6
1226 1245 1223 6
1223 1245 1224 6
1243 1214 1238 6
1238 1237 1243 6
1215 1245 1226 6
1227 1228 1266 6
1248 1227 1266 6
1229 1230 1244 6
1244 1230 1175 6
1167 808 1265 6
1266 1228 1265 6
1265 1228 1167 6
1231 1249 1232 6
685 1233 1234 6
1234 1233 1253 6
1234 1146 685 6
1235 30 1236 6
29 1247 1236 6
1236 30 29 6
1239 1237 1238 6
1238 1213 1239 6
1241 1240 1239 6
1241 1239 1213 6
1232 1249 1248 6
1266 1232 1248 6
1237 817 1242 6
1242 1243 1237 6
1212 1204 1231 6
1232 1212 1231 6
824 1229 1244 6
1245 1215 1244 6
1244 1175 1245 6
824 1244 1215 6
1246 1247 1248 6
1248 1247 1176 6
1250 1246 1248 6
1249 1250 1248 6
1166 1252 1251 6
1166 1251 1165 6
1234 1253 1254 6
1146 1234 1254 6
1254 1154 1152 6
1254 1152 1173 6
1256 1255 1159 6
1191 1256 1159 6
1181 1257 1184 6
1181 1184 1258 6
1259 1193 1261 6
1259 1261 1186 6
1212 1162 1163 6
1204 1212 1163 6
1189 1260 1158 6
1148 1189 1158 6
1174 1237 1239 6
1174 1239 1240 6
1246 1235 1236 6
1246 1236 1247 6
1241 1187 1261 6
1240 1241 1261 6
1263 802 1166 6
1166 1260 1263 6
1264 1232 1266 6
1212 1232 1264 6
1262 802 1263 6
1262 1263 1170 6
1263 1260 1190 6
1170 1263 1190 6
1264 808 807 6
1212 1264 807 6
1265 808 1264 6
1265 1264 1266 6
81 5 1 2
81 1267 5 2
82 1268 81 2
81 1268 1267 2
3 43 82 2
82 43 1268 2
1267 1269 5 2
5 1269 6 2
1268 1269 1267 2
1268 1270 1269 2
43 1270 1268 2
43 44 1270 2
1269 7 6 2
1269 1271 7 2
1270 1271 1269 2
1270 1272 1271 2
44 1272 1270 2
44 45 1272 2
1271 8 7 2
1271 1273 8 2
1272 1274 1271 2
1271 1274 1273 2
45 1274 1272 2
45 46 1274 2
1273 1275 8 2
8 1275 9 2
1274 1275 1273 2
1274 1276 1275 2
46 47 1274 2
1274 47 1276 2
1275 1277 9 2
9 1277 10 2
1276 1277 1275 2
1276 1278 1277 2
47 1278 1276 2
47 48 1278 2
1277 1279 10 2
10 1279 11 2
1278 1280 1277 2
1277 1280 1279 2
48 49 1278 2
1278 49 1280 2
1279 1281 11 2
11 1281 12 2
1280 1282 1279 2
1279 1282 1281 2
49 50 1280 2
1280 50 1282 2
1281 1283 12 2
12 1283 13 2
1282 1283 1281 2
1282 1284 1283 2
50 1284 1282 2
50 51 1284 2
1283 14 13 2
1283 1285 14 2
1284 1286 1283 2
1283 1286 1285 2
51 52 1284 2
1284 52 1286 2
1285 1287 14 2
14 1287 15 2
1286 1287 1285 2
1286 1288 1287 2
52 1288 1286 2
52 53 1288 2
1287 1289 15 2
15 1289 16 2
1288 1290 1287 2
1287 1290 1289 2
53 1290 1288 2
53 54 1290 2
1289 1291 16 2
16 1291 17 2
1290 1292 1289 2
1289 1292 1291 2
54 55 1290 2
1290 55 1292 2
1291 1293 17 2
17 1293 18 2
1292 1293 1291 2
1292 1294 1293 2
55 1294 1292 2
55 56 1294 2
1293 1295 18 2
18 1295 19 2
1294 1295 1293 2
1294 1296 1295 2
56 57 1294 2
1294 57 1296 2
1295 1297 19 2
19 1297 20 2
1296 1298 1295 2
1295 1298 1297 2
57 1298 1296 2
57 58 1298 2
1297 1299 20 2
20 1299 21 2
1298 1300 1297 2
1297 1300 1299 2
58 59 1298 2
1298 59 1300 2
1299 1301 21 2
21 1301 22 2
1300 1301 1299 2
1300 1302 1301 2
59 1302 1300 2
59 60 1302 2
1301 23 22 2
1301 1303 23 2
1302 1303 1301 2
1302 1304 1303 2
60 61 1302 2
1302 61 1304 2
1303 81 23 2
23 81 1 2
1304 81 1303 2
1304 82 81 2
61 82 1304 2
61 3 82 2
83 24 2 3
83 1305 24 3
84 1306 83 3
83 1306 1305 3
4 62 84 3
84 62 1306 3
1305 25 24 3
1305 1307 25 3
1306 1307 1305 3
1306 1308 1307 3
62 1308 1306 3
62 63 1308 3
1307 1309 25 3
25 1309 26 3
1308 1310 1307 3
1307 1310 1309 3
63 64 1308 3
1308 64 1310 3
1309 27 26 3
1309 1311 27 3
1310 1312 1309 3
1309 1312 1311 3
64 1312 1310 3
64 65 1312 3
1311 1313 27 3
27 1313 28 3
1312 1314 1311 3
1311 1314 1313 3
65 1314 1312 3
65 66 1314 3
1313 1315 28 3
28 1315 29 3
1314 1315 1313 3
1314 1316 1315 3
66 67 1314 3
1314 67 1316 3
1315 1317 29 3
29 1317 30 3
1316 1318 1315 3
1315 1318 1317 3
67 68 1316 3
1316 68 1318 3
1317 1319 30 3
30 1319 31 3
1318 1319 1317 3
1318 1320 1319 3
68 1320 1318 3
68 69 1320 3
1319 1321 31 3
31 1321 32 3
1320 1322 1319 3
1319 1322 1321 3
69 1322 1320 3
69 70 1322 3
1321 1323 32 3
32 1323 33 3
1322 1323 1321 3
1322 1324 1323 3
70 71 1322 3
1322 71 1324 3
1323 1325 33 3
33 1325 34 3
1324 1326 1323 3
1323 1326 1325 3
71 1326 1324 3
71 72 1326 3
1325 1327 34 3
34 1327 35 3
1326 1327 1325 3
1326 1328 1327 3
72 1328 1326 3
72 73 1328 3
1327 1329 35 3
35 1329 36 3
1328 1330 1327 3
1327 1330 1329 3
73 74 1328 3
1328 74 1330 3
1329 1331 36 3
36 1331 37 3
1330 1331 1329 3
1330 1332 1331 3
74 1332 1330 3
74 75 1332 3
1331 1333 37 3
37 1333 38 3
1332 1334 1331 3
1331 1334 1333 3
75 76 1332 3
1332 76 1334 3
1333 1335 38 3
38 1335 39 3
1334 1335 1333 3
1334 1336 1335 3
76 1336 1334 3
76 77 1336 3
1335 1337 39 3
39 1337 40 3
1336 1338 1335 3
1335 1338 1337 3
77 78 1336 3
1336 78 1338 3
1337 41 40 3
1337 1339 41 3
1338 1340 1337 3
1337 1340 1339 3
78 79 1338 3
1338 79 1340 3
1339 1341 41 3
41 1341 42 3
1340 1342 1339 3
1339 1342 1341 3
79 80 1340 3
1340 80 1342 3
1341 83 42 3
42 83 2 3
1342 83 1341 3
1342 84 83 3
80 84 1342 3
80 4 84 3
2160 1343 2069 10
1345 61 3 10
1354 1344 1430 10
1358 1357 1427 10
1497 1916 1935 10
1497 1345 1346 10
1347 1498 1937 10
1343 1498 1382 10
1348 1349 1346 10
1345 1348 1346 10
1476 1441 1382 10
1441 1343 1382 10
1348 1368 1349 10
1361 1441 1476 10
1419 1420 1417 10
1421 1350 1424 10
1372 1351 1673 10
1386 1400 1355 10
1550 1405 1674 10
1402 1352 1353 10
1353 1354 1611 10
1354 1353 1352 10
1344 1354 1352 10
1357 1355 1356 10
1355 1357 1386 10
1357 1358 1386 10
1611 1429 1359 10
1429 1611 1354 10
1430 1429 1354 10
1360 1356 1551 10
1356 1360 1357 10
1360 1427 1357 10
1361 2097 1440 10
1476 1475 1361 10
44 1368 43 10
1456 1349 1368 10
1348 1345 3 10
1343 1441 2069 10
1461 1362 1396 10
1363 1476 1382 10
1349 1478 1346 10
1364 1499 1500 10
1389 1373 1916 10
1924 1390 1347 10
1950 1366 1364 10
1365 1366 1388 10
1366 1950 1388 10
1446 1444 1482 10
1674 1438 1666 10
1438 1439 1666 10
1436 1673 1377 10
1367 1436 1377 10
1393 1368 44 10
1361 1369 2097 10
1370 1920 1921 10
1482 1370 1921 10
1405 1432 1431 10
1432 1405 1429 10
1371 1372 1465 10
1372 1371 1360 10
1410 1373 1389 10
1924 1395 1390 10
1667 1374 1618 10
1375 1376 1412 10
1423 1424 1461 10
1481 1667 1666 10
1439 1481 1666 10
1376 1463 1377 10
1463 1367 1377 10
2010 1472 1929 10
1472 2010 1451 10
1449 1405 1431 10
1372 1437 1465 10
1362 1378 1396 10
1378 1362 1379 10
1920 1453 1933 10
1424 1434 1461 10
1434 1362 1461 10
1469 1430 1344 10
1427 1428 1358 10
61 1380 60 10
1380 1935 60 10
1380 61 1345 10
1381 2160 2161 10
1937 1381 2161 10
2160 1381 1343 10
1425 1951 1933 10
1951 1425 1379 10
1382 1383 1363 10
1383 1399 1363 10
1383 1382 1390 10
1384 1346 1478 10
1480 1384 1478 10
1346 1384 1389 10
1352 1385 1344 10
1426 1386 1358 10
1369 1387 2097 10
1394 1387 1369 10
45 1393 44 10
45 1392 1393 10
1448 1385 1352 10
1426 1422 1386 10
1434 1388 1362 10
1410 1384 1480 10
1410 1389 1384 10
1383 1395 1399 10
1390 1395 1383 10
1378 1379 1425 10
1490 1428 1474 10
1393 1391 1456 10
1391 1393 1392 10
1368 1393 1456 10
1455 1369 1475 10
1369 1455 1394 10
1369 1361 1475 10
1379 1950 1951 10
1950 1379 1388 10
1379 1362 1388 10
1410 1953 1373 10
1408 1395 1924 10
1416 1398 1419 10
1398 1416 1396 10
1396 1397 1398 10
1363 1399 1414 10
1480 1478 1404 10
1400 1422 1401 10
1422 1400 1386 10
1422 1421 1401 10
1448 1402 1672 10
1402 1448 1352 10
1418 1448 1672 10
1398 1418 1419 10
1399 1395 1433 10
1410 1480 1459 10
1378 1397 1396 10
1414 1399 1413 10
1480 1404 1464 10
1403 1404 1456 10
1414 1411 1475 10
1359 1406 1550 10
1405 1406 1429 10
1406 1405 1550 10
1406 1359 1429 10
1407 1551 1351 10
1407 1372 1360 10
1372 1407 1351 10
1551 1407 1360 10
1409 1433 1395 10
1408 1409 1395 10
1459 1443 1410 10
1443 1953 1410 10
1462 1461 1396 10
1416 1462 1396 10
1617 1411 1412 10
1411 1375 1412 10
1403 1457 1618 10
1374 1403 1618 10
1413 1375 1414 10
1375 1411 1414 10
1374 1464 1404 10
1403 1374 1404 10
1409 1408 1415 10
1953 1443 1450 10
1417 1416 1419 10
1416 1417 1549 10
1418 1420 1419 10
1420 1418 1672 10
1421 1426 1350 10
1421 1422 1426 10
1397 1444 1398 10
1681 1423 1682 10
1424 1423 1421 10
1453 1425 1933 10
1378 1425 1453 10
1453 1397 1378 10
1492 1426 1358 10
1426 1492 1350 10
1360 1371 1427 10
1371 1428 1427 10
1465 1474 1371 10
1371 1474 1428 10
1432 1429 1430 10
1469 1432 1430 10
1468 1431 1432 10
1468 1432 1469 10
1452 1443 1459 10
1409 1486 1433 10
1434 1424 1350 10
1365 1434 1350 10
1365 1388 1434 10
1472 1999 1929 10
1472 1435 1999 10
1490 1491 1428 10
1436 1372 1673 10
1436 1437 1372 10
1436 1367 1437 10
1405 1438 1674 10
1449 1438 1405 10
1439 1438 1449 10
1348 43 1368 10
43 1348 3 10
1440 1441 1361 10
1441 1440 2069 10
2000 1999 1435 10
1483 1435 1469 10
1485 1486 1409 10
1415 1485 1409 10
1452 1442 1443 10
1442 1450 1443 10
1445 1398 1444 10
1398 1445 1418 10
1446 1445 1444 10
1385 1454 1344 10
1447 1446 1385 10
1447 1418 1445 10
1446 1447 1445 10
1447 1448 1418 10
1385 1448 1447 10
1437 1473 1465 10
1471 1449 1431 10
1450 1442 2010 10
1442 1451 2010 10
1451 1442 1452 10
1485 1415 2043 10
1453 1920 1370 10
1444 1370 1482 10
1444 1397 1370 10
1397 1453 1370 10
1446 1454 1385 10
1482 1454 1446 10
1617 1475 1411 10
1475 1617 1455 10
1456 1457 1403 10
1457 1456 1391 10
1437 1367 1458 10
1433 1486 1458 10
1486 1473 1458 10
1473 1437 1458 10
1439 1449 1460 10
1452 1459 1460 10
1471 1452 1460 10
1449 1471 1460 10
1462 1549 1682 10
1462 1682 1423 10
1462 1423 1461 10
1549 1462 1416 10
1458 1367 1463 10
1376 1375 1463 10
1375 1413 1463 10
1439 1460 1481 10
1374 1667 1481 10
1464 1374 1481 10
1465 1473 1474 10
1452 1471 1451 10
1471 1431 1468 10
2000 1435 1483 10
1484 1466 2000 10
1483 1484 2000 10
1435 1467 1469 10
1468 1467 1472 10
1467 1468 1469 10
1467 1435 1472 10
1470 1472 1451 10
1470 1471 1468 10
1471 1470 1451 10
1472 1470 1468 10
1473 1487 1474 10
1477 1475 1476 10
1477 1363 1414 10
1363 1477 1476 10
1475 1477 1414 10
1456 1479 1349 10
1478 1479 1404 10
1479 1478 1349 10
1479 1456 1404 10
1399 1433 1413 10
1413 1433 1458 10
1413 1458 1463 10
1459 1480 1464 10
1459 1464 1460 10
1460 1464 1481 10
1483 1469 1344 10
1454 1483 1344 10
1488 2040 1490 10
1681 1421 1423 10
1421 1681 1401 10
1466 1484 1921 10
1484 1482 1921 10
1482 1484 1454 10
1483 1454 1484 10
1487 1485 2043 10
1485 1487 1486 10
1473 1486 1487 10
1487 2043 1488 10
1490 1489 1488 10
1487 1489 1474 10
1489 1487 1488 10
1489 1490 1474 10
1495 1490 2040 10
1490 1495 1491 10
1358 1493 1492 10
1491 1493 1428 10
1493 1491 1492 10
1493 1358 1428 10
1494 1495 2040 10
1495 1494 1491 10
1496 1365 1350 10
1492 1496 1350 10
1365 1496 1499 10
1498 1381 1937 10
1498 1343 1381 10
1380 1497 1935 10
1345 1497 1380 10
1497 1389 1916 10
1497 1346 1389 10
1390 1498 1347 10
1382 1498 1390 10
1366 1499 1364 10
1365 1499 1366 10
1491 1500 1499 10
1500 1491 1494 10
1496 1491 1499 10
1492 1491 1496 10
2180 1686 2181 10
1510 46 47 10
1514 1501 1502 10
1568 1521 1631 10
1517 1607 1503 10
1519 1573 1641 10
1522 1523 1507 10
1502 1504 1537 10
1527 1631 1534 10
1503 1529 1505 10
1641 1526 1584 10
1506 1507 1508 10
1689 1391 1392 10
1689 1510 1512 10
1455 1691 1394 10
1686 1691 1509 10
1511 1510 1538 10
1510 1511 1512 10
1686 1620 1555 10
1620 1686 1509 10
1590 1513 1521 10
1543 1593 1517 10
1651 1545 1514 10
1675 1589 1518 10
1541 1571 1520 10
1589 1572 1518 10
1515 1541 1520 10
1521 1516 1631 10
1521 1513 1516 10
1621 1517 1503 10
1543 1517 1621 10
1598 1514 1502 10
1651 1514 1598 10
1520 1693 1523 10
1520 1571 1693 10
1570 1518 1519 10
1675 1518 1570 10
1515 1520 1523 10
1518 1572 1519 10
1593 1607 1517 10
1679 1661 1564 10
1568 1590 1521 10
1722 1522 1525 10
1523 1522 1515 10
1573 1524 1728 10
1573 1519 1572 10
1545 1501 1514 10
1504 1578 1536 10
1504 1502 1501 10
1525 1506 1724 10
1506 1525 1522 10
1507 1506 1522 10
1526 1728 1726 10
1728 1526 1573 10
1526 1641 1573 10
1582 1527 1533 10
1631 1527 1568 10
1529 1730 1732 10
1529 1503 1607 10
1528 1732 1733 10
1732 1528 1529 10
1528 1505 1529 10
1530 1726 1818 10
1726 1530 1526 10
1530 1584 1526 10
1533 1531 1532 10
1531 1533 1527 10
1534 1531 1527 10
1645 1536 1535 10
1536 1645 1504 10
1645 1537 1504 10
1724 1637 1820 10
1637 1724 1506 10
1508 1637 1506 10
1645 1596 1537 10
1638 1637 1508 10
1530 1599 1584 10
47 48 1538 10
1510 47 1538 10
2222 2181 1555 10
2181 1686 1555 10
1540 1589 1539 10
1675 1539 1589 10
1590 1540 1539 10
1539 1513 1590 10
1541 1592 1542 10
1542 1571 1541 10
1592 1593 1542 10
1543 1542 1593 10
1544 1545 1546 10
1651 1546 1545 10
1594 1544 1546 10
1549 1548 1682 10
1505 1528 1557 10
1619 1505 1557 10
1531 1534 1547 10
1534 1629 1547 10
1609 1548 1549 10
1563 1359 1550 10
1551 1552 1351 10
1553 1554 1825 10
1554 1639 1825 10
1567 1777 1744 10
1565 1567 1744 10
1555 1556 1558 10
1556 1557 1558 10
1559 1538 1623 10
1547 1559 1623 10
1750 1669 1858 10
1669 1750 1605 10
1646 1561 1560 10
1561 1646 1562 10
1570 1642 1563 10
1595 1693 1552 10
1597 1596 1564 10
1548 1597 1564 10
1647 1501 1545 10
1603 1572 1589 10
1603 1639 1554 10
1515 1566 1541 10
1565 1566 1567 10
1568 1608 1590 10
1591 1607 1593 10
1596 1569 1564 10
1569 1679 1564 10
1569 1596 1645 10
1674 1692 1550 10
1570 1692 1675 10
1692 1674 1675 10
1694 1673 1351 10
1694 1693 1571 10
1673 1694 1571 10
1602 1524 1573 10
1572 1602 1573 10
1722 1574 1522 10
1574 1515 1522 10
1530 1575 1599 10
1576 1637 1638 10
1634 1599 1575 10
1638 1654 1576 10
1610 1359 1563 10
1551 1643 1552 10
1577 1578 1504 10
1501 1577 1504 10
1579 1696 1580 10
1623 1696 1547 10
1581 1684 1588 10
1581 1558 1557 10
1582 1640 1527 10
1640 1568 1527 10
1606 1730 1529 10
1607 1606 1529 10
1624 1587 1583 10
1587 1588 1583 10
1587 1624 1558 10
1586 49 50 10
1580 1586 50 10
49 1586 1623 10
1584 1600 1641 10
1601 1508 1507 10
1537 1585 1502 10
1585 1598 1502 10
1652 1659 1605 10
1696 1586 1580 10
1696 1623 1586 10
1587 1581 1588 10
1558 1581 1587 10
1592 1566 1565 10
1592 1541 1566 10
1603 1540 1639 10
1589 1540 1603 10
1540 1608 1639 10
1540 1590 1608 10
1591 1592 1565 10
1593 1592 1591 10
1545 1544 1647 10
1544 1594 1562 10
1609 1597 1548 10
1563 1642 1610 10
1595 1552 1643 10
1596 1585 1537 10
1596 1597 1585 10
1609 1598 1585 10
1609 1585 1597 10
1599 1600 1584 10
1599 1656 1600 10
1649 1600 1656 10
1601 1638 1508 10
1655 1638 1601 10
1601 1644 1655 10
1777 1574 1722 10
1574 1777 1567 10
1574 1566 1515 10
1567 1566 1574 10
1602 1553 1524 10
1553 1602 1554 10
1603 1602 1572 10
1603 1554 1602 10
1697 1750 1604 10
1750 1697 1605 10
1561 1635 1636 10
1635 1561 1562 10
1577 1784 1578 10
1647 1577 1501 10
1606 1823 1730 10
1591 1606 1607 10
1824 1640 1582 10
1640 1608 1568 10
1612 1549 1417 10
1549 1612 1609 10
1612 1598 1609 10
1610 1611 1359 10
1611 1610 1649 10
1356 1643 1551 10
1643 1356 1644 10
1613 1417 1420 10
1612 1417 1613 10
1613 1651 1598 10
1598 1612 1613 10
1618 1614 1667 10
1618 1626 1614 10
1513 1614 1516 10
1626 1516 1614 10
1615 1412 1376 10
1616 1412 1615 10
1615 1543 1621 10
1621 1616 1615 10
1616 1617 1412 10
1457 1626 1618 10
1509 1619 1620 10
1556 1555 1620 10
1620 1619 1557 10
1557 1556 1620 10
1629 1512 1511 10
1538 1559 1511 10
1629 1511 1547 10
1559 1547 1511 10
1509 1627 1619 10
1616 1621 1627 10
1622 1512 1629 10
1516 1626 1622 10
48 1623 1538 10
1623 48 49 10
1558 2222 1555 10
2222 1558 1624 10
1523 1595 1507 10
1595 1523 1693 10
1642 1519 1641 10
1519 1642 1570 10
1625 1622 1626 10
1457 1625 1626 10
1627 1690 1616 10
1690 1617 1616 10
1628 1534 1631 10
1628 1622 1629 10
1534 1628 1629 10
1505 1630 1503 10
1627 1630 1619 10
1630 1505 1619 10
1630 1621 1503 10
1627 1621 1630 10
1516 1628 1631 10
1516 1622 1628 10
1632 1633 1834 10
1633 1632 1668 10
1679 1633 1668 10
1634 1562 1594 10
1634 1635 1562 10
1635 1634 1575 10
1605 1654 1652 10
1697 1654 1605 10
1654 1697 1576 10
1625 1457 1391 10
1625 1512 1622 10
1617 1690 1455 10
1509 1690 1627 10
1635 1818 1636 10
1530 1818 1575 10
1575 1818 1635 10
1820 1637 1576 10
1647 1544 1646 10
1544 1562 1646 10
1638 1655 1654 10
1656 1599 1634 10
1823 1565 1744 10
1591 1565 1823 10
1591 1823 1606 10
1639 1824 1825 10
1639 1608 1824 10
1824 1608 1640 10
1600 1642 1641 10
1649 1642 1600 10
1610 1642 1649 10
1595 1601 1507 10
1595 1644 1601 10
1595 1643 1644 10
1633 1679 1569 10
1645 1633 1569 10
1633 1645 1535 10
1535 1834 1633 10
1784 1646 1560 10
1647 1784 1577 10
1647 1646 1784 10
1634 1657 1656 10
1657 1634 1594 10
1657 1664 1656 10
1648 1353 1611 10
1649 1648 1611 10
1355 1650 1356 10
1650 1644 1356 10
1651 1670 1546 10
1670 1651 1613 10
1652 1663 1660 10
1664 1658 1402 10
1420 1670 1613 10
1650 1655 1644 10
1655 1650 1653 10
1653 1663 1655 10
1663 1654 1655 10
1654 1663 1652 10
1656 1648 1649 10
1648 1656 1664 10
1657 1658 1664 10
1546 1658 1594 10
1657 1594 1658 10
1659 1669 1605 10
1661 1659 1660 10
1669 1659 1668 10
1659 1652 1660 10
1660 1677 1661 10
1653 1662 1663 10
1662 1660 1663 10
1353 1664 1402 10
1664 1353 1648 10
1653 1355 1400 10
1355 1653 1650 10
1376 1377 1665 10
1542 1665 1571 10
1543 1665 1542 10
1615 1376 1665 10
1665 1543 1615 10
1666 1667 1676 10
1676 1539 1675 10
1676 1513 1539 10
1667 1614 1676 10
1513 1676 1614 10
1632 1858 1668 10
1858 1669 1668 10
1420 1672 1670 10
1672 1671 1670 10
1546 1671 1658 10
1671 1546 1670 10
1402 1671 1672 10
1402 1658 1671 10
1377 1673 1571 10
1665 1377 1571 10
1674 1666 1675 10
1666 1676 1675 10
1662 1677 1660 10
1662 1400 1401 10
1677 1662 1401 10
1400 1662 1653 10
1661 1683 1564 10
1564 1683 1548 10
1677 1683 1661 10
1678 1661 1679 10
1678 1668 1659 10
1668 1678 1679 10
1661 1678 1659 10
1680 1401 1681 10
1680 1683 1677 10
1401 1680 1677 10
1548 1681 1682 10
1681 1548 1683 10
1681 1683 1680 10
1532 1695 1579 10
1547 1695 1531 10
1695 1532 1531 10
1685 1733 1684 10
1685 1557 1528 10
1733 1685 1528 10
1394 1688 1387 10
2180 1688 1686 10
1688 2180 1387 10
46 1687 45 10
1687 1392 45 10
1687 46 1510 10
1691 1688 1394 10
1691 1686 1688 10
1687 1689 1392 10
1510 1689 1687 10
1689 1625 1391 10
1689 1512 1625 10
1690 1691 1455 10
1509 1691 1690 10
1692 1563 1550 10
1570 1563 1692 10
1552 1694 1351 10
1552 1693 1694 10
1581 1685 1684 10
1581 1557 1685 10
1695 1696 1579 10
1547 1696 1695 10
1820 1697 1604 10
1820 1576 1697 10
1878 1877 2333 10
54 1880 53 10
1698 1713 1712 10
1699 1787 1703 10
1731 1700 1711 10
1729 1701 1827 10
1715 1758 1806 10
1723 1712 1702 10
1703 1762 1809 10
1763 1711 1810 10
1727 1827 1704 10
1806 1725 1705 10
1883 1706 1879 10
1880 1706 1884 10
1885 1887 1707 10
1885 1878 1800 10
1880 1804 1708 10
1804 1880 1884 10
1803 1878 1801 10
1878 1803 1800 10
1856 1721 1699 10
1720 1797 1700 10
1742 1841 1713 10
1709 1717 1716 10
1710 1740 1714 10
1719 1709 1716 10
1740 1718 1714 10
1794 1699 1703 10
1856 1699 1794 10
1700 1812 1711 10
1700 1797 1812 10
1713 1793 1712 10
1713 1841 1793 10
1890 1714 1715 10
1710 1714 1890 10
1716 1889 1701 10
1716 1717 1889 10
1714 1718 1715 10
1719 1716 1701 10
1731 1720 1700 10
1869 1870 1868 10
1721 1787 1699 10
1758 1722 1525 10
1758 1715 1718 10
1524 1729 1728 10
1701 1729 1719 10
1698 1742 1713 10
1578 1723 1536 10
1712 1723 1698 10
1725 1525 1724 10
1525 1725 1758 10
1725 1806 1758 10
1728 1727 1726 10
1727 1728 1729 10
1827 1727 1729 10
1762 1582 1533 10
1762 1703 1787 10
1730 1763 1732 10
1711 1763 1731 10
1732 1876 1733 10
1876 1732 1763 10
1810 1876 1763 10
1726 1734 1818 10
1734 1726 1727 10
1704 1734 1727 10
1875 1533 1532 10
1533 1875 1762 10
1875 1809 1762 10
1536 1831 1535 10
1831 1536 1723 10
1702 1831 1723 10
1735 1724 1820 10
1724 1735 1725 10
1735 1705 1725 10
1774 1831 1702 10
1735 1736 1705 10
1737 1734 1704 10
52 53 1708 10
53 1880 1708 10
2333 2307 1801 10
1878 2333 1801 10
1709 1738 1855 10
1855 1717 1709 10
1738 1721 1855 10
1856 1855 1721 10
1769 1740 1739 10
1710 1739 1740 10
1720 1769 1739 10
1739 1797 1720 10
1742 1821 1741 10
1741 1841 1742 10
1821 1838 1741 10
1771 2021 2022 10
1876 1810 1746 10
1810 1802 1746 10
1809 1875 1896 10
1805 1809 1896 10
1771 1775 2021 10
1760 1888 1906 10
1891 1969 1743 10
1781 1553 1825 10
1826 1781 1825 10
1777 1778 1744 10
1778 1753 1744 10
1745 1801 1747 10
1746 1745 1747 10
1708 1748 1749 10
1748 1896 1749 10
1751 1750 1858 10
1750 1751 1782 10
1561 1822 1560 10
1822 1561 1816 10
1807 1889 1888 10
1890 1772 1891 10
1774 1752 1868 10
1752 1771 1868 10
1698 1785 1742 10
1719 1767 1709 10
1826 1767 1781 10
1780 1718 1740 10
1780 1753 1778 10
1768 1787 1721 10
1731 1770 1720 10
1832 1774 1868 10
1870 1832 1868 10
1774 1832 1831 10
1754 1863 1906 10
1754 1889 1717 10
1863 1754 1717 10
1756 1755 1743 10
1890 1755 1710 10
1755 1756 1710 10
1524 1757 1729 10
1757 1719 1729 10
1779 1722 1758 10
1718 1779 1758 10
1819 1734 1737 10
1735 1898 1736 10
1737 1837 1819 10
1759 1736 1898 10
1760 1829 1888 10
1789 1969 1891 10
1578 1835 1723 10
1835 1698 1723 10
1895 1579 1580 10
1895 1749 1896 10
1684 1892 1588 10
1747 1892 1746 10
1761 1582 1762 10
1787 1761 1762 10
1730 1786 1763 10
1786 1731 1763 10
51 1764 50 10
1764 1580 50 10
1764 51 1749 10
1588 1766 1583 10
1765 1766 1747 10
1766 1765 1583 10
1828 1704 1827 10
1705 1830 1806 10
1773 1702 1712 10
1793 1773 1712 10
1848 1842 1782 10
1764 1895 1580 10
1749 1895 1764 10
1892 1766 1588 10
1892 1747 1766 10
1780 1769 1753 10
1740 1769 1780 10
1738 1767 1826 10
1738 1709 1767 10
1768 1738 1826 10
1721 1738 1768 10
1769 1770 1753 10
1769 1720 1770 10
1821 1742 1785 10
1838 1821 1816 10
1752 1775 1771 10
1807 1888 1829 10
1891 1772 1789 10
1773 1774 1702 10
1752 1774 1773 10
1793 1775 1773 10
1773 1775 1752 10
1828 1737 1704 10
1776 1737 1828 10
1828 1847 1776 10
1736 1830 1705 10
1736 1845 1830 10
1790 1830 1845 10
1779 1777 1722 10
1777 1779 1778 10
1780 1779 1718 10
1780 1778 1779 10
1553 1757 1524 10
1757 1553 1781 10
1757 1767 1719 10
1781 1767 1757 10
1750 1897 1604 10
1897 1750 1782 10
1783 1561 1636 10
1561 1783 1816 10
1784 1835 1578 10
1835 1785 1698 10
1823 1786 1730 10
1786 1770 1731 10
1761 1824 1582 10
1768 1761 1787 10
2021 1792 1788 10
1792 2021 1775 10
1793 1792 1775 10
1909 1829 1760 10
1829 1909 1847 10
1789 1910 1969 10
1910 1789 1790 10
1788 1791 1976 10
1788 1792 1791 10
1841 1791 1793 10
1792 1793 1791 10
1796 1972 1926 10
1795 1972 1796 10
1796 1856 1794 10
1794 1795 1796 10
1799 1854 1853 10
1799 1798 1854 10
1797 1854 1812 10
1798 1812 1854 10
1808 1798 1799 10
1795 1971 1972 10
1802 1800 1803 10
1801 1745 1803 10
1802 1803 1746 10
1745 1746 1803 10
1884 1805 1804 10
1748 1708 1804 10
1804 1805 1896 10
1896 1748 1804 10
1813 1800 1802 10
1812 1798 1813 10
1884 1815 1805 10
1795 1794 1815 10
1749 52 1708 10
52 1749 51 10
2307 1747 1801 10
1747 2307 1765 10
1772 1715 1806 10
1715 1772 1890 10
1701 1807 1827 10
1807 1701 1889 10
1815 1817 1795 10
1817 1971 1795 10
1886 1813 1798 10
1808 1886 1798 10
1809 1814 1703 10
1815 1814 1805 10
1814 1809 1805 10
1811 1810 1711 10
1811 1813 1802 10
1810 1811 1802 10
1812 1811 1711 10
1812 1813 1811 10
1814 1794 1703 10
1815 1794 1814 10
1833 1632 1834 10
1632 1833 1849 10
1833 1870 1849 10
1816 1837 1838 10
1783 1837 1816 10
1837 1783 1819 10
1759 1782 1842 10
1759 1897 1782 10
1897 1759 1898 10
1971 1817 1883 10
1884 1817 1815 10
1886 1808 1887 10
1886 1800 1813 10
1818 1783 1636 10
1818 1734 1819 10
1818 1819 1783 10
1735 1820 1898 10
1821 1785 1822 10
1816 1821 1822 10
1845 1736 1759 10
1737 1776 1837 10
1753 1823 1744 10
1753 1770 1823 10
1823 1770 1786 10
1824 1826 1825 10
1768 1826 1824 10
1768 1824 1761 10
1807 1828 1827 10
1807 1847 1828 10
1807 1829 1847 10
1830 1772 1806 10
1790 1772 1830 10
1789 1772 1790 10
1870 1833 1832 10
1833 1831 1832 10
1831 1833 1535 10
1834 1535 1833 10
1822 1784 1560 10
1784 1785 1835 10
1822 1785 1784 10
1836 1837 1776 10
1837 1836 1838 10
1844 1836 1776 10
1907 1846 1909 10
1846 1847 1909 10
1839 1840 1910 10
1790 1839 1910 10
1860 1841 1741 10
1841 1860 1791 10
1851 1842 1852 10
1843 1844 1958 10
1860 1976 1791 10
1845 1839 1790 10
1839 1845 1850 10
1851 1850 1845 10
1759 1851 1845 10
1851 1759 1842 10
1846 1776 1847 10
1776 1846 1844 10
1843 1836 1844 10
1843 1741 1838 10
1838 1836 1843 10
1751 1848 1782 10
1848 1869 1852 10
1848 1751 1849 10
1842 1848 1852 10
1864 1852 1869 10
1866 1850 1851 10
1852 1866 1851 10
1844 1907 1958 10
1907 1844 1846 10
1840 1850 1865 10
1850 1840 1839 10
1919 1853 1862 10
1862 1739 1710 10
1862 1797 1739 10
1853 1854 1862 10
1797 1862 1854 10
1926 1918 1857 10
1855 1857 1717 10
1856 1857 1855 10
1796 1926 1857 10
1857 1856 1796 10
1858 1632 1849 10
1751 1858 1849 10
1859 1976 1860 10
1861 1859 1860 10
1861 1741 1843 10
1741 1861 1860 10
1861 1958 1859 10
1843 1958 1861 10
1756 1919 1710 10
1919 1862 1710 10
1918 1863 1717 10
1857 1918 1717 10
1864 1866 1852 10
1865 1866 1873 10
1866 1864 1873 10
1866 1865 1850 10
1867 1869 1868 10
1867 1868 1771 10
1867 1864 1869 10
1869 1871 1870 10
1849 1871 1848 10
1871 1849 1870 10
1871 1869 1848 10
1873 1872 1874 10
1867 1872 1864 10
1872 1873 1864 10
1874 1771 2022 10
1771 1874 1867 10
1867 1874 1872 10
1894 1532 1579 10
1894 1896 1875 10
1532 1894 1875 10
1733 1893 1684 10
1746 1893 1876 10
1893 1733 1876 10
1877 1881 2491 10
1881 1707 2491 10
1881 1877 1878 10
1882 54 55 10
1879 1882 55 10
54 1882 1880 10
1881 1885 1707 10
1878 1885 1881 10
1706 1882 1879 10
1706 1880 1882 10
1817 1706 1883 10
1884 1706 1817 10
1885 1886 1887 10
1885 1800 1886 10
1888 1754 1906 10
1888 1889 1754 10
1755 1891 1743 10
1890 1891 1755 10
1893 1892 1684 10
1746 1892 1893 10
1895 1894 1579 10
1895 1896 1894 10
1897 1820 1604 10
1898 1820 1897 10
1914 2426 1998 10
59 2053 58 10
2004 1908 1899 10
1911 2048 1984 10
1916 2052 1935 10
2053 2052 2054 10
1900 1347 1937 10
1900 1914 1901 10
1902 1996 2054 10
1996 2053 2054 10
1997 1904 1901 10
1914 1997 1901 10
1912 1996 1902 10
1997 1903 1904 10
1976 1955 1788 10
1905 2041 1979 10
1743 1930 1756 10
1865 1947 1840 10
1964 1906 1863 10
1945 1958 1907 10
1908 1907 1909 10
1907 1908 1945 10
1908 2004 1945 10
1840 1911 1910 10
1911 1840 1947 10
2048 1911 1947 10
1966 1909 1760 10
1909 1966 1908 10
1966 1899 1908 10
1910 1967 1969 10
1967 1910 1911 10
1984 1967 1911 10
1943 1903 2409 10
1963 1904 1903 10
1912 56 57 10
1902 1913 1912 10
2053 1996 58 10
1997 1914 1998 10
1915 1925 1932 10
2036 1902 2054 10
1904 1941 1901 10
2057 1364 1500 10
1373 1948 1916 10
2055 1924 1347 10
2056 1950 1364 10
2056 1991 1952 10
1950 2056 1952 10
2002 2003 1917 10
1995 1863 1918 10
2017 1995 1918 10
1756 1994 1919 10
1994 1928 1919 10
1912 1949 56 10
1944 1903 1943 10
1920 2012 1921 10
2012 1917 1921 10
1985 1964 1922 10
1964 1985 1966 10
1930 1923 2008 10
1923 1930 1967 10
1373 1960 1948 10
1954 1924 2055 10
2025 1926 1972 10
1853 1970 1799 10
1979 1978 1925 10
1926 1927 1918 10
1927 2017 1918 10
2024 1853 1919 10
1928 2024 1919 10
2030 2010 1929 10
2010 2030 2009 10
1964 2020 1922 10
1993 1930 2008 10
1931 1915 1932 10
1915 1931 1939 10
1981 1920 1933 10
1990 1979 1925 10
1915 1990 1925 10
1899 1934 2004 10
2050 1984 2048 10
1936 59 60 10
1935 1936 60 10
59 1936 2053 10
1938 1937 2161 10
1938 2426 1914 10
2426 1938 2161 10
1951 1980 1933 10
1980 1951 1939 10
1940 1901 1941 10
2038 1940 1941 10
1901 1940 2055 10
2054 1942 2036 10
1942 1956 2036 10
1942 2054 1948 10
2013 1945 2004 10
1947 1983 2048 10
1944 2491 1707 10
1943 2491 1944 10
1949 55 56 10
1879 55 1949 10
2013 1957 1945 10
1946 1983 1947 10
1952 1990 1915 10
1942 1960 1956 10
1948 1960 1942 10
1954 1940 2038 10
1954 2055 1940 10
1939 1931 1980 10
2050 1992 2033 10
1883 1949 1913 10
1949 1883 1879 10
1949 1912 1913 10
1944 1887 1963 10
1887 1944 1707 10
1903 1944 1963 10
1950 1939 1951 10
1939 1950 1952 10
1915 1939 1952 10
1953 1960 1373 10
1954 1408 1924 10
2001 1975 1955 10
1975 2001 1932 10
1977 1932 2001 10
2038 1941 1962 10
2036 1956 2037 10
1946 1865 1873 10
1865 1946 1947 10
2041 1946 1873 10
1958 1957 1859 10
1957 1958 1945 10
1957 2007 1859 10
2007 2001 1955 10
1954 2038 1959 10
1956 1960 1987 10
1977 1931 1932 10
2038 1962 1973 10
2037 1956 1961 10
2037 1974 1913 10
2014 1962 1963 10
1965 1760 1906 10
1965 1964 1966 10
1964 1965 1906 10
1760 1965 1966 10
1969 1968 1743 10
1930 1968 1967 10
1968 1930 1743 10
1968 1969 1967 10
1959 1989 1954 10
1989 1408 1954 10
1986 1987 1960 10
1953 1986 1960 10
1925 2023 1932 10
2023 1975 1932 10
2014 1808 1799 10
1970 2014 1799 10
1971 1974 1972 10
1974 2025 1972 10
1970 1973 1962 10
2014 1970 1962 10
1961 2025 2037 10
2025 1974 2037 10
1408 1989 1415 10
1986 1953 1450 10
1975 1788 1955 10
1788 1975 2021 10
1976 2007 1955 10
2007 1976 1859 10
1983 2041 1905 10
1946 2041 1983 10
2002 1977 2001 10
1978 1874 2022 10
1978 1979 2041 10
1980 1981 1933 10
1980 1931 1981 10
1977 1981 1931 10
1983 1982 2048 10
1982 1983 1905 10
1923 1967 1984 10
2050 1923 1984 10
2033 2008 1923 10
2033 1923 2050 10
1966 1985 1899 10
1985 1934 1899 10
1922 2032 1985 10
1985 2032 1934 10
1986 2018 1987 10
1988 1989 1959 10
1979 1990 1905 10
1990 1991 1905 10
1952 1991 1990 10
1999 2030 1929 10
2027 2030 1999 10
2058 1992 2050 10
1930 1994 1756 10
1993 1994 1930 10
1928 1994 1993 10
1995 1964 1863 10
1995 2020 1964 10
1995 2017 2020 10
57 1996 1912 10
1996 57 58 10
1997 2409 1903 10
2409 1997 1998 10
1999 2000 2027 10
2027 2028 1934 10
1988 2044 1989 10
2044 1415 1989 10
2011 2018 1986 10
1450 2011 1986 10
2001 2006 2002 10
2006 2001 2007 10
2006 2003 2002 10
2039 2013 2004 10
2003 2005 2013 10
2007 2005 2006 10
2005 2003 2006 10
1957 2005 2007 10
1957 2013 2005 10
2016 1993 2008 10
2020 2026 1922 10
2011 1450 2010 10
2009 2011 2010 10
2011 2009 2018 10
1415 2044 2043 10
1920 1981 2012 10
2012 2002 1917 10
1977 2002 2012 10
1981 1977 2012 10
2039 2003 2013 10
2039 1917 2003 10
1963 1808 2014 10
1808 1963 1887 10
1971 1913 1974 10
1913 1971 1883 10
1928 1993 2015 10
1988 1959 2015 10
2016 1988 2015 10
1993 2016 2015 10
2020 2017 2019 10
1987 2018 2019 10
2018 2026 2019 10
2026 2020 2019 10
2021 2023 2022 10
2022 2023 1978 10
1978 2023 1925 10
2023 2021 1975 10
1928 2015 2024 10
1970 1853 2024 10
1973 1970 2024 10
2019 2017 1927 10
1926 2025 1927 10
2025 1961 1927 10
2016 2008 2033 10
2026 2018 2009 10
1922 2026 2032 10
2027 2000 2028 10
1466 2042 2000 10
2042 2028 2000 10
2029 2027 1934 10
2029 2032 2030 10
2032 2029 1934 10
2027 2029 2030 10
2030 2031 2009 10
2026 2031 2032 10
2031 2026 2009 10
2031 2030 2032 10
2046 2016 2033 10
1963 2034 1904 10
1941 2034 1962 10
2034 1941 1904 10
2034 1963 1962 10
2035 1913 1902 10
2035 2036 2037 10
2036 2035 1902 10
1913 2035 2037 10
1959 2038 1973 10
1959 1973 2015 10
2015 1973 2024 10
1956 1987 1961 10
1961 1987 2019 10
1961 2019 1927 10
1934 2028 2004 10
2028 2039 2004 10
2040 1488 1992 10
2041 1874 1978 10
1874 2041 1873 10
2042 1466 1921 10
1917 2042 1921 10
2042 1917 2039 10
2039 2028 2042 10
2044 2046 2043 10
2046 2044 1988 10
1988 2016 2046 10
2043 2046 1488 10
2045 1992 1488 10
2045 2046 2033 10
2046 2045 1488 10
1992 2045 2033 10
1992 2047 2040 10
2047 1992 2058 10
2049 2048 1982 10
2049 2058 2050 10
2058 2049 1982 10
2048 2049 2050 10
2047 1494 2040 10
1494 2047 2058 10
1991 2051 1905 10
2051 1982 1905 10
2051 1991 2057 10
1938 1900 1937 10
1914 1900 1938 10
2052 1936 1935 10
2052 2053 1936 10
1948 2052 1916 10
2054 2052 1948 10
1900 2055 1347 10
1900 1901 2055 10
2057 2056 1364 10
2057 1991 2056 10
1500 2058 2057 10
2058 1500 1494 10
2058 2051 2057 10
2058 1982 2051 10
62 2070 4 10
2061 2160 2069 10
2059 2060 2510 10
2059 2061 2062 10
2060 2059 2062 10
2091 2061 2084 10
2061 2091 2062 10
2089 2090 2063 10
2090 2095 2063 10
2063 2095 2064 10
2089 2063 2110 10
2150 2153 2072 10
2108 2107 2513 10
2077 2065 2420 10
2116 2065 2077 10
2077 2094 2115 10
2115 2116 2077 10
2116 2066 2065 10
2116 2140 2066 10
2224 2129 2128 10
2269 2067 2121 10
2121 2093 2068 10
2089 2062 2090 10
2069 1440 2084 10
2061 2069 2084 10
2092 2095 2090 10
2140 2111 2070 10
2071 2166 2078 10
2072 2166 2150 10
2166 2072 2078 10
2131 2073 2130 10
2276 2074 2233 10
2064 2074 2130 10
2074 2064 2233 10
2168 2488 2427 10
2168 2110 2163 10
2076 2075 2500 10
2106 2076 2500 10
2173 2174 2276 10
2164 2487 2488 10
2079 2420 2078 10
2079 2072 2077 10
2072 2079 2078 10
2420 2079 2077 10
2119 2080 2253 10
2101 2081 2082 10
2130 2109 2064 10
2109 2130 2073 10
2165 2163 2110 10
2083 2084 2096 10
2092 2083 2096 10
2178 2176 2278 10
2096 2176 2092 10
2085 2097 1387 10
2278 2085 1387 10
2097 2085 2096 10
2072 2086 2077 10
2086 2094 2077 10
2122 2087 2115 10
2088 2427 2520 10
2088 2089 2110 10
2091 2090 2062 10
2084 2083 2091 10
2090 2091 2092 10
2083 2092 2091 10
2088 2520 2060 10
2088 2062 2089 10
2062 2088 2060 10
2122 2115 2094 10
2093 2122 2094 10
2179 2231 2233 10
2179 2064 2095 10
2064 2179 2233 10
1440 2096 2084 10
2096 1440 2097 10
2072 2153 2086 10
2098 2111 2105 10
80 2098 2105 10
2127 2129 2143 10
2129 2127 2099 10
2113 2114 2100 10
2101 2113 2100 10
2112 2117 2105 10
2111 2112 2105 10
2094 2102 2093 10
2102 2094 2086 10
2107 2103 2104 10
2169 2100 2139 10
2169 2106 2101 10
2100 2169 2101 10
2105 79 80 10
2098 4 2070 10
2098 80 4 10
2111 2098 2070 10
2081 2106 2500 10
2106 2081 2101 10
2125 2100 2114 10
2142 2126 2143 10
2103 2107 2108 10
2063 2064 2109 10
2110 2063 2109 10
2165 2109 2073 10
2109 2165 2110 10
2111 2087 2112 10
2122 2067 2112 10
2112 2067 2117 10
2112 2087 2122 10
2170 2101 2082 10
2113 2101 2170 10
2132 2133 2114 10
2125 2114 2133 10
2080 2125 2133 10
2115 2087 2116 10
2087 2140 2116 10
2140 2087 2111 10
2105 2117 79 10
2141 2119 2118 10
2119 2141 2080 10
2067 2120 2121 10
2093 2120 2122 10
2120 2093 2121 10
2120 2067 2122 10
2172 2173 2253 10
79 2124 78 10
2123 2124 2117 10
2124 2123 78 10
2124 79 2117 10
2487 2175 2082 10
2175 2170 2082 10
2125 2080 2141 10
2127 2126 2099 10
2126 2127 2143 10
2100 2148 2139 10
2148 2100 2125 10
2128 2146 2118 10
2146 2128 2129 10
2142 2145 2171 10
2099 2146 2129 10
2134 2132 2114 10
2073 2131 2132 10
2135 2073 2132 10
2130 2174 2131 10
2133 2132 2131 10
2172 2133 2131 10
2164 2163 2135 10
2134 2170 2135 10
2170 2175 2135 10
2132 2134 2135 10
2138 2136 2137 10
2142 2144 2145 10
2144 2138 2145 10
2104 2167 2071 10
2150 2167 2171 10
2099 2156 2139 10
2126 2156 2099 10
2156 2126 2108 10
2066 2140 2425 10
2146 2141 2118 10
2141 2148 2125 10
2146 2148 2141 10
2269 2117 2067 10
2117 2269 2123 10
2143 2144 2142 10
2223 2144 2143 10
2138 2144 2136 10
2144 2223 2136 10
2155 2126 2142 10
2171 2155 2142 10
2126 2155 2108 10
2145 2159 2153 10
2159 2145 2138 10
2139 2147 2099 10
2146 2147 2148 10
2147 2146 2099 10
2147 2139 2148 10
2151 62 63 10
2425 2151 63 10
2150 2149 2153 10
2145 2149 2171 10
2149 2145 2153 10
2149 2150 2171 10
2151 2425 2140 10
2070 2151 2140 10
2151 2070 62 10
2068 2154 2152 10
2154 2068 2093 10
2153 2102 2086 10
2102 2154 2093 10
2156 2076 2139 10
2155 2103 2108 10
2171 2103 2155 10
2157 2108 2513 10
2157 2076 2156 10
2108 2157 2156 10
2075 2157 2513 10
2075 2076 2157 10
2154 2102 2159 10
2153 2159 2102 10
2143 2224 2223 10
2224 2143 2129 10
2137 2158 2138 10
2159 2158 2154 10
2158 2159 2138 10
2152 2158 2137 10
2152 2154 2158 10
2160 2162 2161 10
2162 2510 2161 10
2162 2160 2061 10
2162 2059 2510 10
2061 2059 2162 10
2176 2085 2278 10
2176 2096 2085 10
2168 2164 2488 10
2168 2163 2164 10
2135 2165 2073 10
2135 2163 2165 10
2174 2074 2276 10
2130 2074 2174 10
2167 2166 2071 10
2150 2166 2167 10
2088 2168 2427 10
2110 2168 2088 10
2080 2172 2253 10
2080 2133 2172 10
2169 2076 2106 10
2169 2139 2076 10
2113 2134 2114 10
2170 2134 2113 10
2103 2167 2104 10
2103 2171 2167 10
2172 2174 2173 10
2131 2174 2172 10
2164 2175 2487 10
2164 2135 2175 10
2176 2177 2092 10
2177 2176 2178 10
2231 2177 2178 10
2231 2179 2177 10
2177 2095 2092 10
2179 2095 2177 10
2183 2180 2181 10
77 2182 76 10
2277 2178 2278 10
2277 2183 2185 10
2178 2277 2185 10
2269 2279 2123 10
2182 2279 2270 10
2210 2216 2184 10
2182 2213 2200 10
2213 2182 2270 10
2220 2183 2184 10
2183 2220 2185 10
2186 2208 2187 10
2188 2186 2187 10
2187 2208 2209 10
2188 2187 2207 10
2188 2197 2186 10
2218 2208 2186 10
2368 2189 2309 10
2181 2222 2184 10
2183 2181 2184 10
75 76 2200 10
76 2182 2200 10
2270 2268 2190 10
2211 2201 2190 10
2249 2191 2323 10
2207 2249 2323 10
2191 2249 2248 10
2192 2205 2353 10
2192 2215 2235 10
2215 2192 2353 10
2119 2283 2118 10
2286 2379 2193 10
2286 2252 2288 10
2152 2266 2068 10
2266 2152 2194 10
2195 2259 2196 10
2259 2197 2196 10
2309 2198 2193 10
2252 2198 2189 10
2198 2309 2189 10
2282 2136 2223 10
2282 2260 2237 10
2136 2282 2237 10
2199 2263 2315 10
2200 2212 2202 10
2212 2201 2202 10
2137 2203 2152 10
2203 2194 2152 10
2204 2311 2205 10
74 2241 73 10
2241 2297 73 10
2241 74 2202 10
2321 2206 2323 10
2207 2206 2188 10
2206 2207 2323 10
2275 2276 2233 10
2275 2209 2208 10
2209 2275 2233 10
2230 2240 2272 10
2210 2240 2216 10
2228 2217 2345 10
2228 2201 2211 10
2190 2213 2270 10
2212 2200 2213 10
2213 2190 2201 10
2201 2212 2213 10
2211 2214 2215 10
2214 2235 2215 10
2240 2248 2216 10
2217 2228 2353 10
2215 2228 2211 10
2228 2215 2353 10
2218 2275 2208 10
2206 2321 2196 10
2206 2197 2188 10
2197 2206 2196 10
2202 75 2200 10
75 2202 74 10
2219 2232 2221 10
2220 2221 2185 10
2185 2221 2232 10
2216 2221 2184 10
2221 2220 2184 10
2222 2210 2184 10
2210 2222 1624 10
2236 2214 2194 10
2214 2236 2235 10
2250 2223 2224 10
2225 2226 2254 10
2190 2227 2211 10
2227 2190 2268 10
2227 2214 2211 10
2242 2201 2228 10
2345 2242 2228 10
2229 2203 2237 10
2230 2191 2248 10
2240 2230 2248 10
2178 2234 2231 10
2234 2178 2185 10
2232 2234 2185 10
2234 2233 2231 10
2233 2234 2209 10
2234 2232 2209 10
2194 2229 2236 10
2229 2194 2203 10
2246 2235 2236 10
2235 2246 2204 10
2237 2137 2136 10
2137 2237 2203 10
2186 2238 2218 10
2238 2186 2197 10
2239 2255 2257 10
2187 2209 2219 10
2207 2187 2219 10
2219 2209 2232 10
2240 2210 2272 10
2241 2345 2297 10
2242 2345 2241 10
2241 2202 2201 10
2201 2242 2241 10
2239 2265 2260 10
2368 2243 2189 10
2243 2257 2189 10
2248 2244 2216 10
2244 2221 2216 10
2315 2243 2368 10
2243 2315 2263 10
2257 2243 2263 10
2229 2245 2236 10
2245 2246 2236 10
2238 2254 2218 10
2238 2225 2254 10
2238 2258 2247 10
2225 2238 2247 10
2244 2219 2221 10
2219 2244 2207 10
2248 2249 2244 10
2244 2249 2207 10
2255 2239 2250 10
2250 2239 2260 10
2251 2290 2252 10
2189 2251 2252 10
2253 2284 2119 10
2226 2284 2254 10
2284 2253 2254 10
2287 2195 2379 10
2256 2285 2290 10
2255 2251 2257 10
2251 2255 2256 10
2251 2189 2257 10
2251 2256 2290 10
2263 2199 2289 10
2311 2289 2199 10
2204 2246 2289 10
2289 2311 2204 10
2195 2287 2259 10
2288 2258 2259 10
2287 2288 2259 10
2259 2238 2197 10
2258 2238 2259 10
2261 2237 2260 10
2261 2265 2245 10
2265 2261 2260 10
2262 2265 2263 10
2265 2262 2245 10
2289 2262 2263 10
2257 2264 2239 10
2265 2264 2263 10
2264 2265 2239 10
2264 2257 2263 10
2291 2285 2247 10
2291 2288 2252 10
2267 2266 2194 10
2266 2267 2268 10
2214 2267 2194 10
2227 2267 2214 10
2227 2268 2267 10
2294 2256 2255 10
2068 2266 2121 10
2268 2121 2266 10
2285 2283 2226 10
2256 2283 2285 10
2121 2281 2269 10
2270 2281 2268 10
2281 2121 2268 10
2180 2271 1387 10
2271 2278 1387 10
2271 2180 2183 10
1624 2273 2210 10
2272 2273 1583 10
2273 2272 2210 10
2273 1624 1583 10
2123 2280 78 10
77 2280 2182 10
2280 77 78 10
2274 2218 2254 10
2218 2274 2275 10
2276 2274 2173 10
2276 2275 2274 10
2274 2253 2173 10
2254 2253 2274 10
2271 2277 2278 10
2183 2277 2271 10
2279 2280 2123 10
2279 2182 2280 10
2281 2279 2269 10
2270 2279 2281 10
2250 2282 2223 10
2260 2282 2250 10
2192 2204 2205 10
2192 2235 2204 10
2229 2261 2245 10
2229 2237 2261 10
2198 2286 2193 10
2252 2286 2198 10
2284 2283 2119 10
2226 2283 2284 10
2285 2225 2247 10
2226 2225 2285 10
2286 2287 2379 10
2286 2288 2287 10
2258 2291 2247 10
2258 2288 2291 10
2262 2246 2245 10
2289 2246 2262 10
2290 2291 2252 10
2290 2285 2291 10
2250 2292 2255 10
2292 2250 2224 10
2292 2294 2255 10
2283 2293 2118 10
2294 2293 2256 10
2293 2283 2256 10
2293 2128 2118 10
2294 2128 2293 10
2128 2292 2224 10
2128 2294 2292 10
2301 1765 2307 10
72 2295 71 10
2296 2230 2272 10
2296 2301 2337 10
2230 2296 2337 10
2345 2298 2297 10
2295 2298 2343 10
2390 2347 2332 10
2295 2299 2308 10
2299 2295 2343 10
2300 2301 2332 10
2301 2300 2337 10
2356 2327 2357 10
2304 2338 2303 10
2338 2302 2303 10
2304 2303 2340 10
2303 2302 2322 10
2304 2395 2338 10
2339 2302 2338 10
2306 2305 2376 10
2306 2310 2369 10
2305 2306 2369 10
2310 2306 2372 10
2307 2333 2332 10
2301 2307 2332 10
70 71 2308 10
71 2295 2308 10
2343 2344 2327 10
2356 2313 2327 10
2349 2411 2414 10
2340 2349 2414 10
2411 2349 2334 10
2199 2375 2311 10
2367 2435 2437 10
2380 2367 2437 10
2400 2309 2193 10
2400 2376 2305 10
2309 2400 2305 10
2422 2399 2385 10
2372 2399 2310 10
2455 2329 2452 10
2373 2205 2311 10
2319 2408 2493 10
2319 2330 2313 10
2408 2319 2313 10
2308 2312 2330 10
2312 2313 2330 10
2366 2314 2435 10
2315 2359 2199 10
2386 2316 2452 10
69 2320 68 10
2320 2493 68 10
2320 69 2330 10
2370 2368 2309 10
2305 2370 2309 10
2443 2317 2422 10
2310 2317 2318 10
2317 2443 2318 10
2320 2319 2493 10
2330 2319 2320 10
2328 2321 2323 10
2328 2322 2302 10
2322 2328 2323 10
2324 2325 2414 10
2340 2325 2304 10
2325 2340 2414 10
2412 2326 2511 10
2390 2326 2347 10
2327 2299 2343 10
2312 2308 2299 10
2299 2327 2313 10
2313 2312 2299 10
2326 2334 2347 10
2325 2395 2304 10
2339 2328 2302 10
2329 2455 2408 10
2329 2313 2356 10
2313 2329 2408 10
2330 70 2308 10
70 2330 69 10
2341 2335 2331 10
2300 2331 2337 10
2337 2331 2335 10
2347 2331 2332 10
2331 2300 2332 10
2333 2390 2332 10
2390 2333 1877 10
2371 2315 2368 10
2412 2411 2334 10
2326 2412 2334 10
2230 2336 2191 10
2336 2230 2337 10
2335 2336 2337 10
2336 2323 2191 10
2323 2336 2322 10
2336 2335 2322 10
2403 2338 2395 10
2338 2403 2339 10
2340 2303 2341 10
2303 2322 2341 10
2341 2322 2335 10
2326 2390 2511 10
2342 2351 2358 10
2343 2398 2344 10
2217 2398 2345 10
2334 2346 2347 10
2346 2331 2347 10
2348 2372 2306 10
2376 2348 2306 10
2375 2373 2311 10
2375 2360 2374 10
2346 2341 2331 10
2341 2346 2340 10
2334 2349 2346 10
2346 2349 2340 10
2381 2352 2357 10
2350 2357 2327 10
2350 2344 2387 10
2344 2350 2327 10
2357 2350 2387 10
2375 2199 2359 10
2351 2360 2359 10
2359 2360 2375 10
2386 2381 2380 10
2352 2381 2386 10
2387 2402 2353 10
2402 2387 2344 10
2402 2217 2353 10
2381 2354 2374 10
2387 2354 2357 10
2354 2381 2357 10
2351 2355 2360 10
2355 2351 2342 10
2329 2352 2452 10
2352 2386 2452 10
2356 2357 2352 10
2329 2356 2352 10
2359 2315 2371 10
2358 2351 2371 10
2371 2351 2359 10
2360 2355 2374 10
2361 2365 2195 10
2401 2403 2362 10
2388 2363 2362 10
2363 2348 2362 10
2403 2364 2362 10
2364 2388 2362 10
2401 2365 2361 10
2367 2366 2435 10
2380 2355 2367 10
2342 2318 2366 10
2342 2366 2355 10
2355 2366 2367 10
2395 2364 2403 10
2364 2393 2388 10
2196 2361 2195 10
2321 2328 2196 10
2339 2196 2328 10
2339 2361 2196 10
2388 2393 2418 10
2370 2371 2368 10
2369 2370 2305 10
2369 2358 2370 10
2370 2358 2371 10
2363 2372 2348 10
2195 2365 2379 10
2354 2387 2373 10
2374 2373 2375 10
2354 2373 2374 10
2376 2384 2348 10
2384 2379 2365 10
2310 2377 2369 10
2377 2310 2318 10
2384 2378 2379 10
2378 2384 2376 10
2378 2193 2379 10
2382 2380 2381 10
2382 2374 2355 10
2374 2382 2381 10
2380 2382 2355 10
2384 2383 2348 10
2383 2384 2365 10
2383 2362 2348 10
2363 2389 2372 10
2385 2389 2418 10
2314 2318 2443 10
2318 2314 2366 10
2380 2316 2386 10
2316 2380 2437 10
2205 2387 2353 10
2387 2205 2373 10
2389 2388 2418 10
2363 2388 2389 10
2377 2318 2342 10
2358 2377 2342 10
2377 2358 2369 10
1877 2391 2390 10
2511 2391 2491 10
2391 2511 2390 10
2391 1877 2491 10
1765 2397 1583 10
2397 2272 1583 10
2397 1765 2301 10
2297 2392 73 10
72 2392 2295 10
2392 72 73 10
2396 2394 2393 10
2364 2396 2393 10
2396 2324 2394 10
2395 2396 2364 10
2396 2395 2325 10
2325 2324 2396 10
2397 2296 2272 10
2301 2296 2397 10
2298 2392 2297 10
2298 2295 2392 10
2398 2298 2345 10
2343 2298 2398 10
2317 2399 2422 10
2310 2399 2317 10
2399 2389 2385 10
2399 2372 2389 10
2378 2400 2193 10
2376 2400 2378 10
2383 2401 2362 10
2365 2401 2383 10
2402 2398 2217 10
2344 2398 2402 10
2401 2339 2403 10
2361 2339 2401 10
2404 1943 2409 10
67 2505 66 10
2512 2412 2511 10
2512 2404 2431 10
2406 2404 2405 10
2404 2406 2431 10
2488 2429 2427 10
2488 2433 2429 10
2429 2515 2448 10
2516 2324 2414 10
2480 2324 2516 10
2480 2394 2324 10
2407 2408 2455 10
2407 2504 2408 10
2413 2431 2430 10
2409 1998 2405 10
2404 2409 2405 10
2410 2411 2412 10
2410 2431 2413 10
2411 2410 2413 10
2415 2414 2411 10
2415 2413 2516 10
2413 2415 2411 10
2414 2415 2516 10
2416 2405 2423 10
2518 2416 2423 10
2445 2443 2422 10
2443 2445 2444 10
2513 2417 2075 10
2476 2418 2393 10
2418 2476 2474 10
2078 2465 2071 10
2465 2078 2419 10
2458 2452 2316 10
2420 2421 2078 10
2419 2421 2462 10
2421 2419 2078 10
2475 2422 2385 10
2060 2424 2510 10
2423 2424 2518 10
2486 2425 63 10
64 2486 63 10
2509 2426 2161 10
2510 2509 2161 10
2426 2509 2423 10
2489 2454 2462 10
2427 2428 2520 10
2428 2427 2429 10
2448 2428 2429 10
2406 2430 2431 10
2405 2416 2406 10
2430 2448 2515 10
2451 2519 2498 10
1998 2423 2405 10
2423 1998 2426 10
65 2434 2485 10
2498 2432 2451 10
2432 2449 2451 10
2433 2503 2483 10
2485 64 65 10
2486 64 2485 10
2434 66 2505 10
2434 65 66 10
2454 2489 2453 10
2489 2507 2453 10
2417 2495 2075 10
2495 2417 2449 10
2449 2432 2495 10
2485 2434 2506 10
2435 2436 2437 10
2478 2436 2440 10
2436 2478 2437 10
2436 2435 2440 10
2438 2483 2515 10
2438 2429 2433 10
2429 2438 2515 10
2483 2438 2433 10
2407 2508 2504 10
2507 2508 2453 10
2508 2407 2453 10
2483 2439 2515 10
2516 2439 2480 10
2439 2483 2480 10
2314 2441 2435 10
2441 2440 2435 10
2441 2517 2440 10
2517 2441 2444 10
2442 2413 2430 10
2413 2442 2516 10
2515 2442 2430 10
2444 2314 2443 10
2314 2444 2441 10
2408 2504 2493 10
2422 2475 2445 10
2445 2519 2444 10
2461 2458 2478 10
2446 2440 2517 10
2451 2463 2517 10
2447 2518 2448 10
2447 2430 2406 10
2430 2447 2448 10
2478 2456 2461 10
2463 2446 2517 10
2449 2450 2451 10
2463 2451 2450 10
2459 2455 2452 10
2452 2458 2459 10
2453 2459 2454 10
2407 2455 2459 10
2459 2453 2407 10
2446 2478 2440 10
2456 2478 2446 10
2464 2456 2446 10
2471 2469 2496 10
2459 2457 2454 10
2461 2457 2458 10
2457 2461 2454 10
2457 2459 2458 10
2456 2460 2461 10
2456 2464 2460 10
2462 2460 2419 10
2460 2462 2454 10
2461 2460 2454 10
2496 2469 2472 10
2463 2466 2464 10
2466 2463 2450 10
2446 2463 2464 10
2471 2475 2474 10
2104 2466 2107 10
2450 2107 2466 10
2465 2104 2071 10
2466 2465 2464 10
2104 2465 2466 10
2467 2419 2460 10
2467 2464 2465 10
2464 2467 2460 10
2419 2467 2465 10
2468 2469 2471 10
2474 2468 2471 10
2065 2470 2420 10
2475 2499 2445 10
2499 2475 2471 10
2107 2514 2513 10
2449 2514 2450 10
2514 2107 2450 10
2473 2082 2081 10
2472 2473 2081 10
2474 2385 2418 10
2385 2474 2475 10
2476 2468 2474 10
2476 2477 2468 10
2472 2469 2484 10
2473 2472 2484 10
2316 2478 2458 10
2478 2316 2437 10
2393 2479 2476 10
2479 2477 2476 10
2500 2501 2081 10
2501 2472 2081 10
2394 2479 2393 10
2479 2394 2480 10
2482 2477 2479 10
2480 2482 2479 10
2481 2469 2468 10
2469 2481 2484 10
2477 2481 2468 10
2482 2480 2483 10
2477 2482 2481 10
2503 2482 2483 10
2484 2481 2503 10
2481 2482 2503 10
2501 2496 2472 10
2496 2501 2495 10
2473 2484 2503 10
2485 2524 2486 10
2506 2524 2485 10
2487 2502 2488 10
2502 2433 2488 10
2425 2523 2066 10
2524 2523 2486 10
2523 2425 2486 10
2489 2490 2507 10
1943 2492 2491 10
2492 2511 2491 10
2492 1943 2404 10
2493 2494 68 10
67 2494 2505 10
2494 67 68 10
2497 2496 2495 10
2496 2497 2471 10
2499 2497 2498 10
2499 2471 2497 10
2490 2506 2507 10
2524 2506 2490 10
2495 2500 2075 10
2500 2495 2501 10
2470 2489 2462 10
2490 2489 2470 10
2082 2502 2487 10
2503 2502 2473 10
2502 2503 2433 10
2082 2473 2502 10
2504 2506 2505 10
2506 2434 2505 10
2508 2506 2504 10
2507 2506 2508 10
2424 2509 2510 10
2424 2423 2509 10
2492 2512 2511 10
2404 2512 2492 10
2512 2410 2412 10
2512 2431 2410 10
2514 2417 2513 10
2449 2417 2514 10
2439 2442 2515 10
2439 2516 2442 10
2517 2519 2451 10
2517 2444 2519 10
2470 2421 2420 10
2462 2421 2470 10
2447 2416 2518 10
2406 2416 2447 10
2432 2497 2495 10
2432 2498 2497 10
2504 2494 2493 10
2504 2505 2494 10
2499 2519 2445 10
2498 2519 2499 10
2521 2424 2060 10
2424 2521 2518 10
2522 2524 2490 10
2470 2522 2490 10
2520 2521 2060 10
2520 2428 2521 10
2521 2448 2518 10
2428 2448 2521 10
2522 2065 2066 10
2470 2065 2522 10
2523 2522 2066 10
2523 2524 2522 10

Tetrahedra
21636
85 902 811 4159 10
4159 2525 3977 85 10
4159 85 3977 811 10
2525 4159 3977 4160 10
4160 2526 3978 2525 10
4160 2525 3978 3977 10
2526 4160 3978 2160 10
2160 1343 2069 2526 10
2160 2526 2069 3978 10
23 87 1 81 10
2529 1303 81 23 10
2529 23 81 87 10
1303 2529 81 2530 10
2530 1304 82 81 10
2530 1303 1304 81 10
1304 2530 82 1345 10
1345 61 3 82 10
1345 1304 61 82 10
86 96 172 2699 10
2547 2527 2699 86 10
2547 86 2699 96 10
2527 2547 2699 2700 10
2548 2528 2700 2527 10
2548 2527 2700 2547 10
2528 2548 2700 1430 10
1354 1344 1430 2528 10
1354 2528 1430 2548 10
99 100 169 2693 10
2555 2553 2693 99 10
2555 99 2693 100 10
2553 2555 2693 2694 10
2556 2554 2694 2553 10
2556 2553 2694 2555 10
2554 2556 2694 1427 10
1358 1357 1427 2554 10
1358 2554 1427 2556 10
658 239 677 3709 10
2833 3671 3709 239 10
239 658 3671 3709 10
3671 2833 3709 3710 10
2834 3672 3710 2833 10
2833 3671 3672 3710 10
3672 2834 3710 1935 10
1497 1916 1935 2834 10
2834 3672 1916 1935 10
87 239 88 2833 10
2833 2529 2531 87 10
2833 87 2531 88 10
2529 2833 2531 2834 10
2834 2530 2532 2529 10
2834 2529 2532 2531 10
2530 2834 2532 1497 10
1497 1345 1346 2530 10
1497 2530 1346 2532 10
240 89 679 3713 10
2533 2835 3713 89 10
89 240 2835 3713 10
2835 2533 3713 3714 10
2534 2836 3714 2533 10
2533 2835 2836 3714 10
2836 2534 3714 1937 10
1347 1498 1937 2534 10
2534 2836 1498 1937 10
240 85 124 2835 10
2525 2835 2603 85 10
85 124 2835 2603 10
2835 2525 2603 2836 10
2526 2836 2604 2525 10
2525 2603 2836 2604 10
2836 2526 2604 1498 10
1343 1498 1382 2526 10
2526 2604 1498 1382 10
91 90 88 2537 10
2535 2537 2531 88 10
2535 90 2537 88 10
2537 2535 2531 2538 10
2536 2538 2532 2531 10
2536 2535 2538 2531 10
2538 2536 2532 1349 10
1348 1349 1346 2532 10
1348 2536 1349 2532 10
90 87 88 2535 10
2529 2535 2531 87 10
87 88 2535 2531 10
2535 2529 2531 2536 10
2530 2536 2532 2529 10
2529 2531 2536 2532 10
2536 2530 2532 1348 10
1345 1348 1346 2530 10
2530 2532 1348 1346 10
183 218 124 2791 10
2791 2721 2603 124 10
2791 183 2721 124 10
2721 2791 2603 2792 10
2792 2722 2604 2603 10
2792 2721 2722 2603 10
2722 2792 2604 1476 10
1476 1441 1382 2604 10
1476 2722 1441 2604 10
85 183 124 2721 10
2721 2525 2603 85 10
2721 85 2603 124 10
2525 2721 2603 2722 10
2722 2526 2604 2525 10
2722 2525 2604 2603 10
2526 2722 2604 1441 10
1441 1343 1382 2526 10
1441 2526 1382 2604 10
110 90 91 2575 10
2535 2575 2537 90 10
90 91 2575 2537 10
2575 2535 2537 2576 10
2536 2576 2538 2535 10
2535 2537 2576 2538 10
2576 2536 2538 1368 10
1348 1368 1349 2536 10
2536 2538 1368 1349 10
183 103 218 2791 10
2561 2721 2791 103 10
103 183 2721 2791 10
2721 2561 2791 2792 10
2562 2722 2792 2561 10
2561 2721 2722 2792 10
2722 2562 2792 1476 10
1361 1441 1476 2562 10
2562 2722 1441 1476 10
162 161 159 2679 10
2677 2679 2673 159 10
2677 161 2679 159 10
2679 2677 2673 2680 10
2678 2680 2674 2673 10
2678 2677 2680 2673 10
2680 2678 2674 1420 10
1419 1420 1417 2674 10
1419 2678 1420 2674 10
92 163 166 2687 10
2681 2539 2687 92 10
2681 92 2687 163 10
2539 2681 2687 2688 10
2682 2540 2688 2539 10
2682 2539 2688 2681 10
2540 2682 2688 1424 10
1421 1350 1424 2540 10
1421 2540 1424 2682 10
93 114 415 3185 10
2583 2541 3185 93 10
2583 93 3185 114 10
2541 2583 3185 3186 10
2584 2542 3186 2541 10
2584 2541 3186 2583 10
2542 2584 3186 1673 10
1372 1351 1673 2542 10
1372 2542 1673 2584 10
142 128 97 2639 10
2611 2639 2549 97 10
2611 128 2639 97 10
2639 2611 2549 2640 10
2612 2640 2550 2549 10
2612 2611 2640 2549 10
2640 2612 2550 1400 10
1386 1400 1355 2550 10
1386 2612 1400 2550 10
147 292 416 3187 10
2939 2649 3187 147 10
2939 147 3187 292 10
2649 2939 3187 3188 10
2940 2650 3188 2649 10
2940 2649 3188 2939 10
2650 2940 3188 1674 10
1550 1405 1674 2650 10
1550 2650 1674 2940 10
94 144 95 2643 10
2643 2543 2545 94 10
2643 94 2545 95 10
2543 2643 2545 2644 10
2644 2544 2546 2543 10
2644 2543 2546 2545 10
2544 2644 2546 1402 10
1402 1352 1353 2544 10
1402 2544 1353 2546 10
96 95 353 3061 10
2545 2547 3061 95 10
95 96 2547 3061 10
2547 2545 3061 3062 10
2546 2548 3062 2545 10
2545 2547 2548 3062 10
2548 2546 3062 1611 10
1353 1354 1611 2546 10
2546 2548 1354 1611 10
95 96 94 2547 10
2547 2545 2543 94 10
2547 95 2545 94 10
2545 2547 2543 2548 10
2548 2546 2544 2543 10
2548 2545 2546 2543 10
2546 2548 2544 1354 10
1354 1353 1352 2544 10
1354 2546 1353 2544 10
96 86 94 2547 10
2527 2547 2543 86 10
86 94 2547 2543 10
2547 2527 2543 2548 10
2528 2548 2544 2527 10
2527 2543 2548 2544 10
2548 2528 2544 1354 10
1344 1354 1352 2528 10
2528 2544 1354 1352 10
97 99 98 2553 10
2553 2549 2551 97 10
2553 97 2551 98 10
2549 2553 2551 2554 10
2554 2550 2552 2549 10
2554 2549 2552 2551 10
2550 2554 2552 1357 10
1357 1355 1356 2550 10
1357 2550 1356 2552 10
99 97 128 2611 10
2549 2553 2611 97 10
97 99 2553 2611 10
2553 2549 2611 2612 10
2550 2554 2612 2549 10
2549 2553 2554 2612 10
2554 2550 2612 1386 10
1355 1357 1386 2550 10
2550 2554 1357 1386 10
100 99 128 2611 10
2553 2555 2611 99 10
99 100 2555 2611 10
2555 2553 2611 2612 10
2554 2556 2612 2553 10
2553 2555 2556 2612 10
2556 2554 2612 1386 10
1357 1358 1386 2554 10
2554 2556 1358 1386 10
171 353 101 3061 10
3061 2697 2557 101 10
3061 171 2697 101 10
2697 3061 2557 3062 10
3062 2698 2558 2557 10
3062 2697 2698 2557 10
2698 3062 2558 1611 10
1611 1429 1359 2558 10
1611 2698 1429 2558 10
353 171 96 3061 10
2697 3061 2547 96 10
2697 171 3061 96 10
3061 2697 2547 3062 10
2698 3062 2548 2547 10
2698 2697 3062 2547 10
3062 2698 2548 1611 10
1429 1611 1354 2548 10
1429 2698 1611 2548 10
171 172 96 2699 10
2699 2697 2547 96 10
2699 171 2697 96 10
2697 2699 2547 2700 10
2700 2698 2548 2547 10
2700 2697 2698 2547 10
2698 2700 2548 1430 10
1430 1429 1354 2548 10
1430 2698 1429 2548 10
98 102 293 2941 10
2559 2551 2941 98 10
2559 98 2941 102 10
2551 2559 2941 2942 10
2560 2552 2942 2559 10
2559 2551 2552 2942 10
2552 2560 2942 1551 10
1360 1356 1551 2552 10
1360 2552 1551 2560 10
102 98 99 2559 10
2551 2559 2553 98 10
98 99 2559 2553 10
2559 2551 2553 2554 10
2552 2560 2554 2559 10
2552 2559 2554 2551 10
2560 2552 2554 1360 10
1356 1360 1357 2552 10
2552 2554 1360 1357 10
169 102 99 2693 10
2559 2693 2553 99 10
2559 102 2693 99 10
2693 2559 2553 2694 10
2560 2694 2554 2559 10
2559 2553 2694 2554 10
2694 2560 2554 1427 10
1360 1427 1357 2554 10
1360 2560 1427 2554 10
839 103 182 4033 10
2561 4033 2719 103 10
103 182 4033 2719 10
4033 2561 2719 4034 10
2562 4034 2720 2561 10
2561 2719 4034 2720 10
4034 2562 2720 2097 10
1361 2097 1440 2562 10
2562 2720 2097 1440 10
217 218 103 2791 10
2791 2789 2561 103 10
2791 217 2789 103 10
2789 2791 2561 2792 10
2792 2790 2562 2561 10
2792 2789 2790 2561 10
2790 2792 2562 1476 10
1476 1475 1361 2562 10
1476 2790 1475 2562 10
110 6 5 2575 10
1269 2575 1267 5 10
1269 6 2575 5 10
2575 1269 1267 2576 10
1270 2576 1268 1269 10
1269 1267 2576 1268 10
2576 1270 1268 1368 10
44 1368 43 1270 10
1270 1268 1368 43 10
91 198 110 2751 10
2751 2537 2575 91 10
2751 91 2575 110 10
2537 2751 2575 2752 10
2752 2538 2576 2537 10
2752 2537 2576 2575 10
2538 2752 2576 1456 10
1456 1349 1368 2538 10
1456 2538 1368 2576 10
87 90 1 81 10
2535 2529 81 87 10
2535 87 81 90 10
2529 2535 81 2536 10
2536 2530 82 81 10
2536 2529 2530 81 10
2530 2536 82 1348 10
1348 1345 3 82 10
1348 2530 1345 82 10
183 85 811 3977 10
2525 2721 3977 85 10
85 183 2721 3977 10
2721 2525 3977 3978 10
2526 2722 3978 2525 10
2525 2721 2722 3978 10
2722 2526 3978 2069 10
1343 1441 2069 2526 10
2526 2722 1441 2069 10
104 203 138 2761 10
2761 2563 2631 104 10
2761 104 2631 138 10
2563 2761 2631 2762 10
2762 2564 2632 2563 10
2762 2563 2632 2631 10
2564 2762 2632 1461 10
1461 1362 1396 2564 10
1461 2564 1396 2632 10
218 105 124 2791 10
2565 2791 2603 105 10
105 124 2791 2603 10
2791 2565 2603 2792 10
2566 2792 2604 2565 10
2565 2603 2792 2604 10
2792 2566 2604 1476 10
1363 1476 1382 2566 10
2566 2604 1476 1382 10
220 91 88 2795 10
2537 2795 2531 88 10
2537 91 2795 88 10
2795 2537 2531 2796 10
2538 2796 2532 2531 10
2538 2537 2796 2531 10
2796 2538 2532 1478 10
1349 1478 1346 2532 10
1349 2538 1478 2532 10
241 106 242 2839 10
2567 2837 2839 106 10
106 241 2837 2839 10
2837 2567 2839 2840 10
2568 2838 2840 2567 10
2567 2837 2838 2840 10
2838 2568 2840 1500 10
1364 1499 1500 2568 10
2568 2838 1499 1500 10
115 131 658 3671 10
2617 2585 3671 115 10
2617 115 3671 131 10
2585 2617 3671 3672 10
2618 2586 3672 2585 10
2618 2585 3672 2617 10
2586 2618 3672 1916 10
1389 1373 1916 2586 10
1389 2586 1916 2618 10
132 666 89 3687 10
3687 2619 2533 89 10
3687 132 2619 89 10
2619 3687 2533 3688 10
3688 2620 2534 2533 10
3688 2619 2620 2533 10
2620 3688 2534 1924 10
1924 1390 1347 2534 10
1924 2620 1390 2534 10
108 692 106 3739 10
3739 2571 2567 106 10
3739 108 2571 106 10
2571 3739 2567 3740 10
3740 2572 2568 2567 10
3740 2571 2572 2567 10
2572 3740 2568 1950 10
1950 1366 1364 2568 10
1950 2572 1366 2568 10
108 107 130 2615 10
2569 2571 2615 107 10
107 108 2571 2615 10
2571 2569 2615 2616 10
2570 2572 2616 2569 10
2569 2571 2572 2616 10
2572 2570 2616 1388 10
1365 1366 1388 2570 10
2570 2572 1366 1388 10
692 108 130 3739 10
2571 3739 2615 108 10
108 130 3739 2615 10
3739 2571 2615 3740 10
2572 3740 2616 2571 10
2571 2615 3740 2616 10
3740 2572 2616 1950 10
1366 1950 1388 2572 10
2572 2616 1950 1388 10
186 188 224 2803 10
2731 2727 2803 186 10
2731 186 2803 188 10
2727 2731 2803 2804 10
2732 2728 2804 2727 10
2732 2727 2804 2731 10
2728 2732 2804 1482 10
1446 1444 1482 2728 10
1446 2728 1482 2732 10
180 416 408 3187 10
3187 2715 3171 180 10
3187 180 3171 408 10
2715 3187 3171 3188 10
3188 2716 3172 2715 10
3188 2715 3172 3171 10
2716 3188 3172 1674 10
1674 1438 1666 2716 10
1674 2716 1666 3172 10
181 180 408 3171 10
2715 2717 3171 180 10
180 181 2717 3171 10
2717 2715 3171 3172 10
2716 2718 3172 2715 10
2715 2717 2718 3172 10
2718 2716 3172 1666 10
1438 1439 1666 2716 10
2716 2718 1439 1666 10
415 178 119 3185 10
2711 3185 2593 119 10
2711 178 3185 119 10
3185 2711 2593 3186 10
2712 3186 2594 2593 10
2712 2711 3186 2593 10
3186 2712 2594 1673 10
1436 1673 1377 2594 10
1436 2712 1673 2594 10
178 109 119 2711 10
2573 2711 2593 109 10
109 119 2711 2593 10
2711 2573 2593 2712 10
2574 2712 2594 2593 10
2574 2573 2712 2593 10
2712 2574 2594 1436 10
1367 1436 1377 2574 10
2574 2594 1436 1377 10
110 135 6 2625 10
2625 2575 1269 6 10
2625 110 2575 6 10
2575 2625 1269 2626 10
2626 2576 1270 1269 10
2626 2575 2576 1269 10
2576 2626 1270 1393 10
1393 1368 44 1270 10
1393 2576 1368 1270 10
111 103 839 4033 10
2561 2577 4033 103 10
103 111 2577 4033 10
2577 2561 4033 4034 10
2562 2578 4034 2561 10
2561 2577 2578 4034 10
2578 2562 4034 2097 10
1361 1369 2097 2562 10
2562 2578 1369 2097 10
662 112 663 3681 10
2579 3679 3681 112 10
112 662 3679 3681 10
3679 2579 3681 3682 10
2580 3680 3682 2579 10
2579 3679 3680 3682 10
3680 2580 3682 1921 10
1370 1920 1921 2580 10
2580 3680 1920 1921 10
112 224 663 3681 10
2803 2579 3681 112 10
2803 112 3681 224 10
2579 2803 3681 3682 10
2804 2580 3682 2579 10
2804 2579 3682 2803 10
2580 2804 3682 1921 10
1482 1370 1921 2580 10
1482 2580 1921 2804 10
174 147 173 2703 10
2649 2703 2701 147 10
147 173 2703 2701 10
2703 2649 2701 2704 10
2650 2704 2702 2649 10
2649 2701 2704 2702 10
2704 2650 2702 1432 10
1405 1432 1431 2650 10
2650 2702 1432 1431 10
147 174 171 2703 10
2703 2649 2697 147 10
2703 147 2697 171 10
2649 2703 2697 2704 10
2704 2650 2698 2649 10
2704 2649 2698 2697 10
2650 2704 2698 1432 10
1432 1405 1429 2650 10
1432 2650 1429 2698 10
114 113 207 2769 10
2581 2583 2769 113 10
113 114 2583 2769 10
2583 2581 2769 2770 10
2582 2584 2770 2581 10
2581 2583 2584 2770 10
2584 2582 2770 1465 10
1371 1372 1465 2582 10
2582 2584 1372 1465 10
113 114 102 2583 10
2583 2581 2559 102 10
2583 113 2581 102 10
2581 2583 2559 2584 10
2584 2582 2560 2559 10
2584 2581 2582 2559 10
2582 2584 2560 1372 10
1372 1371 1360 2560 10
1372 2582 1371 2560 10
115 152 131 2659 10
2659 2585 2617 115 10
2659 115 2617 131 10
2585 2659 2617 2660 10
2660 2586 2618 2585 10
2660 2585 2618 2617 10
2586 2660 2618 1410 10
1410 1373 1389 2586 10
1410 2586 1389 2618 10
137 666 132 3687 10
3687 2629 2619 132 10
3687 137 2629 132 10
2629 3687 2619 3688 10
3688 2630 2620 2619 10
3688 2629 2630 2619 10
2630 3688 2620 1924 10
1924 1395 1390 2620 10
1924 2630 1395 2620 10
116 409 360 3173 10
3173 2587 3075 116 10
3173 116 3075 360 10
2587 3173 3075 3174 10
3174 2588 3076 2587 10
3174 2587 3076 3075 10
2588 3174 3076 1667 10
1667 1374 1618 2588 10
1667 2588 1618 3076 10
118 117 154 2663 10
2589 2591 2663 117 10
117 118 2591 2663 10
2591 2589 2663 2664 10
2590 2592 2664 2591 10
2590 2591 2664 2589 10
2592 2590 2664 1412 10
1375 1376 1412 2590 10
2590 2592 1376 1412 10
166 165 203 2761 10
2685 2687 2761 165 10
165 166 2687 2761 10
2687 2685 2761 2762 10
2686 2688 2762 2685 10
2685 2687 2688 2762 10
2688 2686 2762 1461 10
1423 1424 1461 2686 10
2686 2688 1424 1461 10
409 223 408 3173 10
2801 3173 3171 223 10
223 408 3173 3171 10
3173 2801 3171 3174 10
2802 3174 3172 2801 10
2801 3171 3174 3172 10
3174 2802 3172 1667 10
1481 1667 1666 2802 10
2802 3172 1667 1666 10
223 181 408 3171 10
2717 2801 3171 181 10
181 223 2801 3171 10
2801 2717 3171 3172 10
2718 2802 3172 2717 10
2717 2801 2802 3172 10
2802 2718 3172 1666 10
1439 1481 1666 2718 10
2718 2802 1481 1666 10
205 118 119 2765 10
2591 2765 2593 118 10
118 119 2765 2593 10
2765 2591 2593 2766 10
2592 2766 2594 2591 10
2591 2593 2766 2594 10
2766 2592 2594 1463 10
1376 1463 1377 2592 10
2592 2594 1463 1377 10
109 205 119 2765 10
2765 2573 2593 109 10
2765 109 2593 119 10
2573 2765 2593 2766 10
2766 2574 2594 2593 10
2766 2573 2574 2593 10
2574 2766 2594 1463 10
1463 1367 1377 2574 10
1463 2574 1377 2594 10
214 752 671 3859 10
3859 2783 3697 214 10
3859 214 3697 671 10
2783 3859 3697 3860 10
3860 2784 3698 2783 10
3860 2783 3698 3697 10
2784 3860 3698 2010 10
2010 1472 1929 2784 10
2010 2784 1929 3698 10
752 214 193 3859 10
2783 3859 2741 193 10
2783 214 3859 193 10
3859 2783 2741 3860 10
2784 3860 2742 2741 10
2784 2783 3860 2741 10
3860 2784 2742 2010 10
1472 2010 1451 2742 10
1472 2784 2010 2742 10
147 191 173 2737 10
2737 2649 2701 147 10
2737 147 2701 173 10
2649 2737 2701 2738 10
2738 2650 2702 2649 10
2738 2649 2702 2701 10
2650 2738 2702 1449 10
1449 1405 1431 2650 10
1449 2650 1431 2702 10
179 114 207 2769 10
2583 2713 2769 114 10
114 179 2713 2769 10
2713 2583 2769 2770 10
2584 2714 2770 2583 10
2583 2713 2714 2770 10
2714 2584 2770 1465 10
1372 1437 1465 2584 10
2584 2714 1437 1465 10
120 104 138 2631 10
2563 2595 2631 104 10
104 120 2595 2631 10
2595 2563 2631 2632 10
2564 2596 2632 2563 10
2563 2595 2596 2632 10
2596 2564 2632 1396 10
1362 1378 1396 2564 10
2564 2596 1378 1396 10
104 120 121 2597 10
2595 2563 2597 104 10
2595 104 2597 120 10
2563 2595 2597 2598 10
2596 2564 2598 2563 10
2596 2563 2598 2595 10
2564 2596 2598 1379 10
1378 1362 1379 2564 10
1378 2564 1379 2596 10
195 662 675 3705 10
3679 2745 3705 195 10
3679 195 3705 662 10
2745 3679 3705 3706 10
3680 2746 3706 2745 10
3680 2745 3706 3679 10
2746 3680 3706 1933 10
1920 1453 1933 2746 10
1920 2746 1933 3680 10
176 166 203 2761 10
2687 2707 2761 166 10
166 176 2707 2761 10
2707 2687 2761 2762 10
2688 2708 2762 2687 10
2687 2707 2708 2762 10
2708 2688 2762 1461 10
1424 1434 1461 2688 10
2688 2708 1434 1461 10
104 176 203 2761 10
2707 2563 2761 104 10
2707 104 2761 176 10
2563 2707 2761 2762 10
2708 2564 2762 2563 10
2708 2563 2762 2707 10
2564 2708 2762 1461 10
1434 1362 1461 2564 10
1434 2564 1461 2708 10
172 211 86 2777 10
2777 2699 2527 86 10
2777 172 2699 86 10
2699 2777 2527 2778 10
2778 2700 2528 2527 10
2778 2699 2700 2527 10
2700 2778 2528 1469 10
1469 1430 1344 2528 10
1469 2700 1430 2528 10
170 169 100 2695 10
2693 2695 2555 100 10
2693 169 2695 100 10
2695 2693 2555 2696 10
2694 2696 2556 2555 10
2694 2693 2696 2555 10
2696 2694 2556 1428 10
1427 1428 1358 2556 10
1427 2694 1428 2556 10
122 23 22 2599 10
1303 2599 1301 23 10
23 22 2599 1301 10
2599 1303 1301 2600 10
1304 2600 1302 1303 10
1303 1301 2600 1302 10
2600 1304 1302 1380 10
61 1380 60 1302 10
61 1304 1380 1302 10
677 122 22 3709 10
2599 3709 1301 22 10
2599 122 3709 22 10
3709 2599 1301 3710 10
2600 3710 1302 1301 10
2600 2599 3710 1301 10
3710 2600 1302 1935 10
1380 1935 60 1302 10
1380 2600 1935 1302 10
23 122 87 2599 10
2599 1303 2529 23 10
2599 23 2529 87 10
1303 2599 2529 2600 10
2600 1304 2530 1303 10
2600 1303 2530 2529 10
1304 2600 2530 1380 10
1380 61 1345 1304 10
1380 1304 1345 2530 10
902 123 903 4161 10
2601 4159 4161 123 10
123 902 4159 4161 10
4159 2601 4161 4162 10
2602 4160 4162 2601 10
2601 4159 4160 4162 10
4160 2602 4162 2161 10
1381 2160 2161 2602 10
2602 4160 2160 2161 10
123 679 903 4161 10
3713 2601 4161 123 10
3713 123 4161 679 10
2601 3713 4161 4162 10
3714 2602 4162 2601 10
3714 2601 4162 3713 10
2602 3714 4162 2161 10
1937 1381 2161 2602 10
1937 2602 2161 3714 10
123 902 85 4159 10
4159 2601 2525 85 10
4159 123 2601 85 10
2601 4159 2525 4160 10
4160 2602 2526 2525 10
4160 2601 2602 2525 10
2602 4160 2526 2160 10
2160 1381 1343 2526 10
2160 2602 1381 2526 10
693 167 675 3741 10
2689 3741 3705 167 10
167 675 3741 3705 10
3741 2689 3705 3742 10
2690 3742 3706 2689 10
2689 3705 3742 3706 10
3742 2690 3706 1951 10
1425 1951 1933 2690 10
2690 3706 1951 1933 10
167 693 121 3741 10
3741 2689 2597 121 10
3741 167 2689 121 10
2689 3741 2597 3742 10
3742 2690 2598 2597 10
3742 2689 2690 2597 10
2690 3742 2598 1951 10
1951 1425 1379 2598 10
1951 2690 1425 2598 10
125 124 105 2605 10
2603 2605 2565 105 10
2603 124 2605 105 10
2605 2603 2565 2606 10
2604 2606 2566 2565 10
2604 2603 2606 2565 10
2606 2604 2566 1383 10
1382 1383 1363 2566 10
1382 2604 1383 2566 10
141 125 105 2637 10
2605 2637 2565 105 10
2605 125 2637 105 10
2637 2605 2565 2638 10
2606 2638 2566 2565 10
2606 2605 2638 2565 10
2638 2606 2566 1399 10
1383 1399 1363 2566 10
1383 2606 1399 2566 10
124 125 132 2619 10
2605 2603 2619 124 10
2605 124 2619 125 10
2603 2605 2619 2620 10
2606 2604 2620 2603 10
2606 2603 2620 2605 10
2604 2606 2620 1390 10
1383 1382 1390 2604 10
1383 2604 1390 2606 10
88 126 220 2795 10
2607 2531 2795 88 10
2607 88 2795 126 10
2531 2607 2795 2796 10
2608 2532 2796 2531 10
2608 2531 2796 2607 10
2532 2608 2796 1478 10
1384 1346 1478 2532 10
1384 2532 1478 2608 10
126 222 220 2799 10
2799 2607 2795 126 10
2799 126 2795 220 10
2607 2799 2795 2800 10
2800 2608 2796 2607 10
2800 2607 2796 2795 10
2608 2800 2796 1480 10
1480 1384 1478 2608 10
1480 2608 1478 2796 10
126 88 131 2617 10
2531 2607 2617 88 10
88 126 2607 2617 10
2607 2531 2617 2618 10
2532 2608 2618 2531 10
2531 2607 2608 2618 10
2608 2532 2618 1389 10
1346 1384 1389 2532 10
2532 2608 1384 1389 10
127 94 86 2609 10
2543 2609 2527 86 10
2543 94 2609 86 10
2609 2543 2527 2610 10
2544 2610 2528 2527 10
2544 2543 2610 2527 10
2610 2544 2528 1385 10
1352 1385 1344 2528 10
1352 2544 1385 2528 10
128 168 100 2691 10
2691 2611 2555 100 10
2691 128 2611 100 10
2611 2691 2555 2692 10
2692 2612 2556 2555 10
2692 2611 2612 2555 10
2612 2692 2556 1426 10
1426 1386 1358 2556 10
1426 2612 1386 2556 10
129 111 839 4033 10
2577 2613 4033 111 10
111 129 2613 4033 10
2613 2577 4033 4034 10
2578 2614 4034 2577 10
2577 2613 2614 4034 10
2614 2578 4034 2097 10
1369 1387 2097 2578 10
2578 2614 1387 2097 10
129 136 111 2627 10
2627 2613 2577 111 10
2627 129 2613 111 10
2613 2627 2577 2628 10
2628 2614 2578 2577 10
2628 2613 2614 2577 10
2614 2628 2578 1394 10
1394 1387 1369 2578 10
1394 2614 1387 2578 10
135 7 6 2625 10
1271 2625 1269 7 10
7 6 2625 1269 10
2625 1271 1269 2626 10
1272 2626 1270 1271 10
1271 1269 2626 1270 10
2626 1272 1270 1393 10
45 1393 44 1272 10
1272 1270 1393 44 10
134 7 135 2625 10
1271 2623 2625 7 10
7 134 2623 2625 10
2623 1271 2625 2626 10
1272 2624 2626 1271 10
1271 2623 2624 2626 10
2624 1272 2626 1393 10
45 1392 1393 1272 10
1272 2624 1392 1393 10
127 190 94 2735 10
2735 2609 2543 94 10
2735 127 2609 94 10
2609 2735 2543 2736 10
2736 2610 2544 2543 10
2736 2609 2610 2543 10
2610 2736 2544 1448 10
1448 1385 1352 2544 10
1448 2610 1385 2544 10
164 168 128 2691 10
2691 2683 2611 128 10
2691 164 2683 128 10
2683 2691 2611 2692 10
2692 2684 2612 2611 10
2692 2683 2684 2611 10
2684 2692 2612 1426 10
1426 1422 1386 2612 10
1426 2684 1422 2612 10
130 176 104 2707 10
2707 2615 2563 104 10
2707 130 2615 104 10
2615 2707 2563 2708 10
2708 2616 2564 2563 10
2708 2615 2616 2563 10
2616 2708 2564 1434 10
1434 1388 1362 2564 10
1434 2616 1388 2564 10
126 152 222 2799 10
2659 2607 2799 126 10
2659 126 2799 152 10
2607 2659 2799 2800 10
2660 2608 2800 2607 10
2660 2607 2800 2659 10
2608 2660 2800 1480 10
1410 1384 1480 2608 10
1410 2608 1480 2660 10
131 152 126 2659 10
2659 2617 2607 126 10
2659 131 2617 126 10
2617 2659 2607 2660 10
2660 2618 2608 2607 10
2660 2617 2618 2607 10
2618 2660 2608 1410 10
1410 1389 1384 2608 10
1410 2618 1389 2608 10
137 125 141 2637 10
2605 2629 2637 125 10
125 137 2629 2637 10
2629 2605 2637 2638 10
2606 2630 2638 2605 10
2605 2629 2630 2638 10
2630 2606 2638 1399 10
1383 1395 1399 2606 10
2606 2630 1395 1399 10
137 132 125 2629 10
2619 2629 2605 125 10
2619 132 2629 125 10
2629 2619 2605 2630 10
2620 2630 2606 2605 10
2620 2619 2630 2605 10
2630 2620 2606 1395 10
1390 1395 1383 2606 10
1390 2620 1395 2606 10
121 120 167 2689 10
2595 2597 2689 120 10
120 121 2597 2689 10
2597 2595 2689 2690 10
2596 2598 2690 2595 10
2595 2597 2598 2690 10
2598 2596 2690 1425 10
1378 1379 1425 2596 10
2596 2598 1379 1425 10
170 232 216 2819 10
2819 2695 2787 170 10
2819 170 2787 216 10
2695 2819 2787 2820 10
2820 2696 2788 2695 10
2820 2695 2788 2787 10
2696 2820 2788 1490 10
1490 1428 1474 2696 10
1490 2696 1474 2788 10
133 135 198 2751 10
2625 2621 2751 133 10
2625 133 2751 135 10
2621 2625 2751 2752 10
2626 2622 2752 2621 10
2626 2621 2752 2625 10
2622 2626 2752 1456 10
1393 1391 1456 2622 10
1393 2622 1456 2626 10
135 133 134 2625 10
2621 2625 2623 133 10
133 134 2625 2623 10
2625 2621 2623 2626 10
2622 2626 2624 2621 10
2621 2623 2626 2624 10
2626 2622 2624 1393 10
1391 1393 1392 2622 10
2622 2624 1393 1392 10
135 110 198 2751 10
2575 2625 2751 110 10
110 135 2625 2751 10
2625 2575 2751 2752 10
2576 2626 2752 2575 10
2575 2625 2626 2752 10
2626 2576 2752 1456 10
1368 1393 1456 2576 10
2576 2626 1393 1456 10
111 197 217 2789 10
2749 2577 2789 111 10
2749 111 2789 197 10
2577 2749 2789 2790 10
2750 2578 2790 2577 10
2750 2577 2790 2749 10
2578 2750 2790 1475 10
1455 1369 1475 2578 10
1455 2578 1475 2750 10
197 111 136 2749 10
2577 2749 2627 111 10
111 136 2749 2627 10
2749 2577 2627 2750 10
2578 2750 2628 2577 10
2577 2627 2750 2628 10
2750 2578 2628 1455 10
1369 1455 1394 2578 10
2578 2628 1455 1394 10
103 111 217 2789 10
2577 2561 2789 103 10
2577 103 2789 111 10
2561 2577 2789 2790 10
2578 2562 2790 2561 10
2578 2561 2790 2577 10
2562 2578 2790 1475 10
1369 1361 1475 2562 10
1369 2562 1475 2578 10
692 121 693 3741 10
2597 3739 3741 121 10
121 692 3739 3741 10
3739 2597 3741 3742 10
2598 3740 3742 2597 10
2597 3739 3740 3742 10
3740 2598 3742 1951 10
1379 1950 1951 2598 10
2598 3740 1950 1951 10
121 692 130 3739 10
3739 2597 2615 121 10
3739 121 2615 130 10
2597 3739 2615 3740 10
3740 2598 2616 2597 10
3740 2597 2616 2615 10
2598 3740 2616 1950 10
1950 1379 1388 2598 10
1950 2598 1388 2616 10
104 121 130 2615 10
2597 2563 2615 104 10
2597 104 2615 121 10
2563 2597 2615 2616 10
2598 2564 2616 2563 10
2598 2563 2616 2597 10
2564 2598 2616 1388 10
1379 1362 1388 2564 10
1379 2564 1388 2598 10
695 152 115 3745 10
2659 3745 2585 115 10
2659 152 3745 115 10
3745 2659 2585 3746 10
2660 3746 2586 2585 10
2660 2659 3746 2585 10
3746 2660 2586 1953 10
1410 1953 1373 2586 10
1410 2660 1953 2586 10
137 150 666 3687 10
2655 2629 3687 137 10
2655 137 3687 150 10
2629 2655 3687 3688 10
2656 2630 3688 2629 10
2656 2629 3688 2655 10
2630 2656 3688 1924 10
1408 1395 1924 2630 10
1408 2630 1924 2656 10
140 158 161 2677 10
2671 2635 2677 140 10
2671 140 2677 158 10
2635 2671 2677 2678 10
2672 2636 2678 2635 10
2672 2635 2678 2671 10
2636 2672 2678 1419 10
1416 1398 1419 2636 10
1416 2636 1419 2672 10
158 140 138 2671 10
2635 2671 2631 138 10
2635 140 2671 138 10
2671 2635 2631 2672 10
2636 2672 2632 2631 10
2636 2635 2672 2631 10
2672 2636 2632 1416 10
1398 1416 1396 2632 10
1398 2636 1416 2632 10
139 138 140 2635 10
2631 2633 2635 138 10
138 139 2633 2635 10
2633 2631 2635 2636 10
2632 2634 2636 2631 10
2631 2633 2634 2636 10
2634 2632 2636 1398 10
1396 1397 1398 2632 10
2632 2634 1397 1398 10
141 105 156 2667 10
2565 2637 2667 105 10
105 141 2637 2667 10
2637 2565 2667 2668 10
2566 2638 2668 2565 10
2565 2637 2638 2668 10
2638 2566 2668 1414 10
1363 1399 1414 2566 10
2566 2638 1399 1414 10
220 222 146 2799 10
2799 2795 2647 146 10
2799 220 2795 146 10
2795 2799 2647 2800 10
2800 2796 2648 2647 10
2800 2795 2796 2647 10
2796 2800 2648 1480 10
1480 1478 1404 2648 10
1480 2796 1478 2648 10
164 142 143 2683 10
2639 2683 2641 142 10
142 143 2683 2641 10
2683 2639 2641 2684 10
2640 2684 2642 2639 10
2639 2641 2684 2642 10
2684 2640 2642 1422 10
1400 1422 1401 2640 10
2640 2642 1422 1401 10
142 164 128 2683 10
2683 2639 2611 128 10
2683 142 2639 128 10
2639 2683 2611 2684 10
2684 2640 2612 2611 10
2684 2639 2640 2611 10
2640 2684 2612 1422 10
1422 1400 1386 2612 10
1422 2640 1400 2612 10
163 164 143 2683 10
2683 2681 2641 143 10
2683 163 2681 143 10
2681 2683 2641 2684 10
2684 2682 2642 2641 10
2684 2681 2682 2641 10
2682 2684 2642 1422 10
1422 1421 1401 2642 10
1422 2682 1421 2642 10
144 190 414 3183 10
2735 2643 3183 144 10
2735 144 3183 190 10
2643 2735 3183 3184 10
2736 2644 3184 2643 10
2736 2643 3184 2735 10
2644 2736 3184 1672 10
1448 1402 1672 2644 10
1448 2644 1672 2736 10
190 144 94 2735 10
2643 2735 2543 94 10
2643 144 2735 94 10
2735 2643 2543 2736 10
2644 2736 2544 2543 10
2644 2643 2736 2543 10
2736 2644 2544 1448 10
1402 1448 1352 2544 10
1402 2644 1448 2544 10
190 160 414 3183 10
2675 2735 3183 160 10
160 190 2735 3183 10
2735 2675 3183 3184 10
2676 2736 3184 2675 10
2675 2735 2736 3184 10
2736 2676 3184 1672 10
1418 1448 1672 2676 10
2676 2736 1448 1672 10
160 140 161 2677 10
2635 2675 2677 140 10
140 160 2675 2677 10
2675 2635 2677 2678 10
2636 2676 2678 2635 10
2635 2675 2676 2678 10
2676 2636 2678 1419 10
1398 1418 1419 2636 10
2636 2676 1418 1419 10
137 141 175 2705 10
2637 2629 2705 137 10
2637 137 2705 141 10
2629 2637 2705 2706 10
2638 2630 2706 2629 10
2638 2629 2706 2637 10
2630 2638 2706 1433 10
1399 1395 1433 2630 10
1399 2630 1433 2638 10
222 152 201 2799 10
2659 2799 2757 152 10
152 201 2799 2757 10
2799 2659 2757 2800 10
2660 2800 2758 2659 10
2659 2757 2800 2758 10
2800 2660 2758 1480 10
1410 1480 1459 2660 10
2660 2758 1480 1459 10
139 120 138 2633 10
2595 2633 2631 120 10
120 138 2633 2631 10
2633 2595 2631 2634 10
2596 2634 2632 2595 10
2595 2631 2634 2632 10
2634 2596 2632 1397 10
1378 1397 1396 2596 10
2596 2632 1397 1396 10
141 156 155 2667 10
2667 2637 2665 141 10
2667 141 2665 155 10
2637 2667 2665 2668 10
2668 2638 2666 2637 10
2668 2637 2666 2665 10
2638 2668 2666 1414 10
1414 1399 1413 2638 10
1414 2638 1413 2666 10
146 222 206 2799 10
2799 2647 2767 146 10
2799 146 2767 206 10
2647 2799 2767 2800 10
2800 2648 2768 2647 10
2800 2647 2768 2767 10
2648 2800 2768 1480 10
1480 1404 1464 2648 10
1480 2648 1464 2768 10
146 145 198 2751 10
2645 2647 2751 145 10
145 146 2647 2751 10
2647 2645 2751 2752 10
2646 2648 2752 2645 10
2645 2647 2648 2752 10
2648 2646 2752 1456 10
1403 1404 1456 2646 10
2646 2648 1404 1456 10
153 156 217 2789 10
2667 2661 2789 153 10
2667 153 2789 156 10
2661 2667 2789 2790 10
2668 2662 2790 2661 10
2668 2661 2790 2667 10
2662 2668 2790 1475 10
1414 1411 1475 2662 10
1414 2662 1475 2668 10
148 101 292 2939 10
2557 2651 2939 101 10
101 148 2651 2939 10
2651 2557 2939 2940 10
2558 2652 2940 2557 10
2557 2651 2652 2940 10
2652 2558 2940 1550 10
1359 1406 1550 2558 10
2558 2652 1406 1550 10
148 147 171 2697 10
2649 2651 2697 147 10
147 148 2651 2697 10
2651 2649 2697 2698 10
2650 2652 2698 2649 10
2649 2651 2652 2698 10
2652 2650 2698 1429 10
1405 1406 1429 2650 10
2650 2652 1406 1429 10
147 148 292 2939 10
2651 2649 2939 147 10
2651 147 2939 148 10
2649 2651 2939 2940 10
2652 2650 2940 2649 10
2652 2649 2940 2651 10
2650 2652 2940 1550 10
1406 1405 1550 2650 10
1406 2650 1550 2652 10
101 148 171 2697 10
2651 2557 2697 101 10
2651 101 2697 148 10
2557 2651 2697 2698 10
2652 2558 2698 2557 10
2652 2557 2698 2651 10
2558 2652 2698 1429 10
1406 1359 1429 2558 10
1406 2558 1429 2652 10
293 149 93 2941 10
2653 2941 2541 93 10
2653 149 2941 93 10
2941 2653 2541 2942 10
2654 2942 2542 2541 10
2654 2653 2942 2541 10
2942 2654 2542 1551 10
1407 1551 1351 2542 10
1407 2654 1551 2542 10
114 149 102 2653 10
2653 2583 2559 102 10
2653 114 2583 102 10
2583 2653 2559 2654 10
2654 2584 2560 2559 10
2654 2583 2584 2559 10
2584 2654 2560 1407 10
1407 1372 1360 2560 10
1407 2584 1372 2560 10
149 114 93 2653 10
2583 2653 2541 93 10
2583 114 2653 93 10
2653 2583 2541 2654 10
2584 2654 2542 2541 10
2584 2583 2654 2541 10
2654 2584 2542 1407 10
1372 1407 1351 2542 10
1372 2584 1407 2542 10
149 293 102 2941 10
2941 2653 2559 102 10
2941 149 2653 102 10
2653 2941 2559 2942 10
2942 2654 2560 2559 10
2942 2653 2654 2559 10
2654 2942 2560 1551 10
1551 1407 1360 2560 10
1551 2654 1407 2560 10
175 151 137 2705 10
2657 2705 2629 137 10
2657 151 2705 137 10
2705 2657 2629 2706 10
2658 2706 2630 2629 10
2658 2657 2706 2629 10
2706 2658 2630 1433 10
1409 1433 1395 2630 10
1409 2658 1433 2630 10
151 150 137 2657 10
2655 2657 2629 137 10
2655 150 2657 137 10
2657 2655 2629 2658 10
2656 2658 2630 2629 10
2656 2655 2658 2629 10
2658 2656 2630 1409 10
1408 1409 1395 2630 10
1408 2656 1409 2630 10
185 201 152 2757 10
2757 2725 2659 152 10
2757 185 2725 152 10
2725 2757 2659 2758 10
2758 2726 2660 2659 10
2758 2725 2726 2659 10
2726 2758 2660 1459 10
1459 1443 1410 2660 10
1459 2726 1443 2660 10
695 185 152 3745 10
2725 3745 2659 152 10
2725 185 3745 152 10
3745 2725 2659 3746 10
2726 3746 2660 2659 10
2726 2725 3746 2659 10
3746 2726 2660 1953 10
1443 1953 1410 2660 10
1443 2726 1953 2660 10
203 204 138 2763 10
2763 2761 2631 138 10
2763 203 2761 138 10
2761 2763 2631 2764 10
2764 2762 2632 2631 10
2764 2761 2762 2631 10
2762 2764 2632 1462 10
1462 1461 1396 2632 10
1462 2762 1461 2632 10
204 158 138 2763 10
2671 2763 2631 138 10
2671 158 2763 138 10
2763 2671 2631 2764 10
2672 2764 2632 2631 10
2672 2671 2764 2631 10
2764 2672 2632 1462 10
1416 1462 1396 2632 10
1416 2672 1462 2632 10
153 359 154 3073 10
3073 2661 2663 153 10
3073 153 2663 154 10
2661 3073 2663 3074 10
3074 2662 2664 2661 10
3074 2661 2664 2663 10
2662 3074 2664 1617 10
1617 1411 1412 2662 10
1617 2662 1412 2664 10
117 153 154 2663 10
2661 2589 2663 117 10
2661 117 2663 153 10
2589 2661 2663 2664 10
2662 2590 2664 2589 10
2662 2589 2664 2661 10
2590 2662 2664 1412 10
1411 1375 1412 2590 10
1411 2590 1412 2662 10
199 145 360 3075 10
2645 2753 3075 145 10
145 199 2753 3075 10
2753 2645 3075 3076 10
2646 2754 3076 2645 10
2645 2753 2754 3076 10
2754 2646 3076 1618 10
1403 1457 1618 2646 10
2646 2754 1457 1618 10
145 116 360 3075 10
2587 2645 3075 116 10
116 145 2645 3075 10
2645 2587 3075 3076 10
2588 2646 3076 2587 10
2587 2645 2646 3076 10
2646 2588 3076 1618 10
1374 1403 1618 2588 10
2588 2646 1403 1618 10
117 155 156 2667 10
2665 2589 2667 117 10
2665 117 2667 155 10
2589 2665 2667 2668 10
2666 2590 2668 2589 10
2666 2589 2668 2665 10
2590 2666 2668 1414 10
1413 1375 1414 2590 10
1413 2590 1414 2666 10
153 117 156 2667 10
2589 2661 2667 117 10
117 153 2661 2667 10
2661 2589 2667 2668 10
2590 2662 2668 2589 10
2589 2661 2662 2668 10
2662 2590 2668 1414 10
1375 1411 1414 2590 10
2590 2662 1411 1414 10
206 116 146 2767 10
2587 2767 2647 116 10
116 146 2767 2647 10
2767 2587 2647 2768 10
2588 2768 2648 2587 10
2587 2647 2768 2648 10
2768 2588 2648 1464 10
1374 1464 1404 2588 10
2588 2648 1464 1404 10
116 145 146 2647 10
2645 2587 2647 116 10
2645 116 2647 145 10
2587 2645 2647 2648 10
2646 2588 2648 2587 10
2646 2587 2648 2645 10
2588 2646 2648 1404 10
1403 1374 1404 2588 10
1403 2588 1404 2646 10
150 151 157 2669 10
2657 2655 2669 150 10
2657 150 2669 151 10
2655 2657 2669 2670 10
2658 2656 2670 2655 10
2658 2655 2670 2657 10
2656 2658 2670 1415 10
1409 1408 1415 2656 10
1409 2656 1415 2658 10
185 695 192 3745 10
3745 2725 2739 185 10
3745 185 2739 192 10
2725 3745 2739 3746 10
3746 2726 2740 2725 10
3746 2725 2740 2739 10
2726 3746 2740 1953 10
1953 1443 1450 2726 10
1953 2726 1450 2740 10
158 159 161 2677 10
2673 2671 2677 158 10
2673 158 2677 159 10
2671 2673 2677 2678 10
2674 2672 2678 2671 10
2674 2671 2678 2673 10
2672 2674 2678 1419 10
1417 1416 1419 2672 10
1417 2672 1419 2674 10
159 158 291 2937 10
2671 2673 2937 158 10
158 159 2673 2937 10
2673 2671 2937 2938 10
2672 2674 2938 2671 10
2671 2673 2674 2938 10
2674 2672 2938 1549 10
1416 1417 1549 2672 10
2672 2674 1417 1549 10
162 160 161 2679 10
2675 2679 2677 160 10
160 161 2679 2677 10
2679 2675 2677 2680 10
2676 2680 2678 2675 10
2675 2677 2680 2678 10
2680 2676 2678 1420 10
1418 1420 1419 2676 10
2676 2678 1420 1419 10
160 162 414 3183 10
2679 2675 3183 160 10
2679 160 3183 162 10
2675 2679 3183 3184 10
2680 2676 3184 2675 10
2680 2675 3184 2679 10
2676 2680 3184 1672 10
1420 1418 1672 2676 10
1420 2676 1672 2680 10
168 163 92 2691 10
2681 2691 2539 92 10
2681 163 2691 92 10
2691 2681 2539 2692 10
2682 2692 2540 2539 10
2682 2681 2692 2539 10
2692 2682 2540 1426 10
1421 1426 1350 2540 10
1421 2682 1426 2540 10
164 163 168 2691 10
2681 2683 2691 163 10
163 164 2683 2691 10
2683 2681 2691 2692 10
2682 2684 2692 2681 10
2681 2683 2684 2692 10
2684 2682 2692 1426 10
1421 1422 1426 2682 10
2682 2684 1422 1426 10
186 139 140 2727 10
2633 2727 2635 139 10
139 140 2727 2635 10
2727 2633 2635 2728 10
2634 2728 2636 2633 10
2633 2635 2728 2636 10
2728 2634 2636 1444 10
1397 1444 1398 2634 10
2634 2636 1444 1398 10
165 423 424 3203 10
3201 2685 3203 165 10
3201 165 3203 423 10
2685 3201 3203 3204 10
3202 2686 3204 2685 10
3202 2685 3204 3201 10
2686 3202 3204 1682 10
1681 1423 1682 2686 10
1681 2686 1682 3202 10
165 166 163 2687 10
2687 2685 2681 163 10
2687 165 2685 163 10
2685 2687 2681 2688 10
2688 2686 2682 2681 10
2688 2685 2686 2681 10
2686 2688 2682 1424 10
1424 1423 1421 2682 10
1424 2686 1423 2682 10
167 195 675 3705 10
2745 2689 3705 167 10
2745 167 3705 195 10
2689 2745 3705 3706 10
2746 2690 3706 2689 10
2746 2689 3706 2745 10
2690 2746 3706 1933 10
1453 1425 1933 2690 10
1453 2690 1933 2746 10
167 120 195 2745 10
2595 2689 2745 120 10
120 167 2689 2745 10
2689 2595 2745 2746 10
2596 2690 2746 2595 10
2595 2689 2690 2746 10
2690 2596 2746 1453 10
1378 1425 1453 2596 10
2596 2690 1425 1453 10
139 195 120 2745 10
2745 2633 2595 120 10
2745 139 2633 120 10
2633 2745 2595 2746 10
2746 2634 2596 2595 10
2746 2633 2634 2595 10
2634 2746 2596 1453 10
1453 1397 1378 2596 10
1453 2634 1397 2596 10
168 234 100 2823 10
2823 2691 2555 100 10
2823 168 2691 100 10
2691 2823 2555 2824 10
2824 2692 2556 2555 10
2824 2691 2692 2555 10
2692 2824 2556 1492 10
1492 1426 1358 2556 10
1492 2692 1426 2556 10
234 168 92 2823 10
2691 2823 2539 92 10
2691 168 2823 92 10
2823 2691 2539 2824 10
2692 2824 2540 2539 10
2692 2691 2824 2539 10
2824 2692 2540 1492 10
1426 1492 1350 2540 10
1426 2692 1492 2540 10
113 102 169 2693 10
2559 2581 2693 102 10
102 113 2581 2693 10
2581 2559 2693 2694 10
2560 2582 2694 2559 10
2559 2581 2582 2694 10
2582 2560 2694 1427 10
1360 1371 1427 2560 10
2560 2582 1371 1427 10
170 113 169 2695 10
2581 2695 2693 113 10
113 169 2695 2693 10
2695 2581 2693 2696 10
2582 2696 2694 2581 10
2581 2693 2696 2694 10
2696 2582 2694 1428 10
1371 1428 1427 2582 10
2582 2694 1428 1427 10
216 207 113 2787 10
2769 2787 2581 113 10
2769 207 2787 113 10
2787 2769 2581 2788 10
2770 2788 2582 2581 10
2770 2769 2788 2581 10
2788 2770 2582 1474 10
1465 1474 1371 2582 10
1465 2770 1474 2582 10
216 113 170 2787 10
2581 2787 2695 113 10
113 170 2787 2695 10
2787 2581 2695 2788 10
2582 2788 2696 2581 10
2581 2695 2788 2696 10
2788 2582 2696 1474 10
1371 1474 1428 2582 10
2582 2696 1474 1428 10
171 174 172 2703 10
2703 2697 2699 171 10
2703 171 2699 172 10
2697 2703 2699 2704 10
2704 2698 2700 2697 10
2704 2697 2700 2699 10
2698 2704 2700 1432 10
1432 1429 1430 2698 10
1432 2698 1430 2700 10
174 211 172 2777 10
2777 2703 2699 172 10
2777 174 2703 172 10
2703 2777 2699 2778 10
2778 2704 2700 2699 10
2778 2703 2704 2699 10
2704 2778 2700 1469 10
1469 1432 1430 2700 10
1469 2704 1432 2700 10
173 210 174 2775 10
2775 2701 2703 173 10
2775 173 2703 174 10
2701 2775 2703 2776 10
2776 2702 2704 2701 10
2776 2701 2704 2703 10
2702 2776 2704 1468 10
1468 1431 1432 2702 10
1468 2702 1432 2704 10
174 210 211 2777 10
2775 2703 2777 174 10
2775 174 2777 210 10
2703 2775 2777 2778 10
2776 2704 2778 2703 10
2776 2703 2778 2775 10
2704 2776 2778 1469 10
1468 1432 1469 2704 10
1468 2704 1469 2776 10
185 194 201 2757 10
2743 2725 2757 185 10
2743 185 2757 194 10
2725 2743 2757 2758 10
2744 2726 2758 2725 10
2744 2725 2758 2743 10
2726 2744 2758 1459 10
1452 1443 1459 2726 10
1452 2726 1459 2744 10
228 151 175 2811 10
2657 2811 2705 151 10
151 175 2811 2705 10
2811 2657 2705 2812 10
2658 2812 2706 2657 10
2657 2705 2812 2706 10
2812 2658 2706 1486 10
1409 1486 1433 2658 10
2658 2706 1486 1433 10
166 176 92 2707 10
2707 2687 2539 92 10
2707 166 2687 92 10
2687 2707 2539 2708 10
2708 2688 2540 2539 10
2708 2687 2688 2539 10
2688 2708 2540 1434 10
1434 1424 1350 2540 10
1434 2688 1424 2540 10
176 107 92 2707 10
2569 2707 2539 92 10
2569 107 2707 92 10
2707 2569 2539 2708 10
2570 2708 2540 2539 10
2570 2569 2708 2539 10
2708 2570 2540 1434 10
1365 1434 1350 2540 10
1365 2570 1434 2540 10
130 107 176 2707 10
2569 2615 2707 107 10
107 130 2615 2707 10
2615 2569 2707 2708 10
2570 2616 2708 2569 10
2569 2615 2616 2708 10
2616 2570 2708 1434 10
1365 1388 1434 2570 10
2570 2616 1388 1434 10
741 214 671 3837 10
2783 3837 3697 214 10
214 671 3837 3697 10
3837 2783 3697 3838 10
2784 3838 3698 2783 10
2783 3697 3838 3698 10
3838 2784 3698 1999 10
1472 1999 1929 2784 10
2784 3698 1999 1929 10
177 214 741 3837 10
2783 2709 3837 177 10
2783 177 3837 214 10
2709 2783 3837 3838 10
2784 2710 3838 2709 10
2784 2709 3838 2783 10
2710 2784 3838 1999 10
1472 1435 1999 2710 10
1472 2710 1999 2784 10
233 232 170 2821 10
2819 2821 2695 170 10
2819 232 2821 170 10
2821 2819 2695 2822 10
2820 2822 2696 2695 10
2820 2819 2822 2695 10
2822 2820 2696 1491 10
1490 1491 1428 2696 10
1490 2820 1491 2696 10
114 178 415 3185 10
2711 2583 3185 114 10
2711 114 3185 178 10
2583 2711 3185 3186 10
2712 2584 3186 2583 10
2712 2583 3186 2711 10
2584 2712 3186 1673 10
1436 1372 1673 2584 10
1436 2584 1673 2712 10
179 178 114 2713 10
2711 2713 2583 114 10
2711 178 2713 114 10
2713 2711 2583 2714 10
2712 2714 2584 2583 10
2712 2711 2714 2583 10
2714 2712 2584 1437 10
1436 1437 1372 2584 10
1436 2712 1437 2584 10
109 178 179 2713 10
2711 2573 2713 109 10
2711 109 2713 178 10
2573 2711 2713 2714 10
2712 2574 2714 2573 10
2712 2573 2714 2711 10
2574 2712 2714 1437 10
1436 1367 1437 2574 10
1436 2574 1437 2712 10
180 147 416 3187 10
2649 2715 3187 147 10
147 180 2715 3187 10
2715 2649 3187 3188 10
2650 2716 3188 2649 10
2649 2715 2716 3188 10
2716 2650 3188 1674 10
1405 1438 1674 2650 10
2650 2716 1438 1674 10
180 191 147 2737 10
2737 2715 2649 147 10
2737 180 2715 147 10
2715 2737 2649 2738 10
2738 2716 2650 2649 10
2738 2715 2716 2649 10
2716 2738 2650 1449 10
1449 1438 1405 2650 10
1449 2716 1438 2650 10
180 181 191 2737 10
2717 2715 2737 180 10
2717 180 2737 181 10
2715 2717 2737 2738 10
2718 2716 2738 2715 10
2718 2715 2738 2717 10
2716 2718 2738 1449 10
1439 1438 1449 2716 10
1439 2716 1449 2718 10
5 90 110 2575 10
2535 1267 2575 5 10
2535 5 2575 90 10
1267 2535 2575 2576 10
2536 1268 2576 1267 10
2536 1267 2576 2535 10
1268 2536 2576 1368 10
1348 43 1368 1268 10
1348 1268 1368 2536 10
90 5 1 81 10
1267 2535 81 5 10
5 90 2535 81 10
2535 1267 81 2536 10
1268 2536 82 81 10
1268 1267 2536 81 10
2536 1268 82 1348 10
43 1348 3 82 10
43 1268 1348 82 10
183 182 103 2721 10
2719 2721 2561 103 10
2719 182 2721 103 10
2721 2719 2561 2722 10
2720 2722 2562 2561 10
2720 2719 2722 2561 10
2722 2720 2562 1441 10
1440 1441 1361 2562 10
1440 2720 1441 2562 10
182 183 811 3977 10
2721 2719 3977 182 10
2721 182 3977 183 10
2719 2721 3977 3978 10
2722 2720 3978 2719 10
2722 2719 3978 2721 10
2720 2722 3978 2069 10
1441 1440 2069 2720 10
1441 2720 2069 2722 10
741 742 177 3839 10
3839 3837 2709 177 10
3839 741 3837 177 10
3837 3839 2709 3840 10
3840 3838 2710 2709 10
3840 3837 3838 2709 10
3838 3840 2710 2000 10
2000 1999 1435 2710 10
2000 3838 1999 2710 10
177 225 211 2805 10
2805 2709 2777 177 10
2805 177 2777 211 10
2709 2805 2777 2806 10
2806 2710 2778 2709 10
2806 2709 2778 2777 10
2710 2806 2778 1483 10
1483 1435 1469 2710 10
1483 2710 1469 2778 10
228 227 151 2811 10
2809 2811 2657 151 10
2809 227 2811 151 10
2811 2809 2657 2812 10
2810 2812 2658 2657 10
2810 2809 2812 2657 10
2812 2810 2658 1486 10
1485 1486 1409 2658 10
1485 2810 1486 2658 10
227 157 151 2809 10
2669 2809 2657 151 10
2669 157 2809 151 10
2809 2669 2657 2810 10
2670 2810 2658 2657 10
2670 2669 2810 2657 10
2810 2670 2658 1485 10
1415 1485 1409 2658 10
1415 2670 1485 2658 10
184 194 185 2743 10
2743 2723 2725 184 10
2743 184 2725 185 10
2723 2743 2725 2744 10
2744 2724 2726 2723 10
2744 2723 2726 2725 10
2724 2744 2726 1452 10
1452 1442 1443 2724 10
1452 2724 1443 2726 10
192 184 185 2739 10
2723 2739 2725 184 10
184 185 2739 2725 10
2739 2723 2725 2740 10
2724 2740 2726 2723 10
2723 2725 2740 2726 10
2740 2724 2726 1450 10
1442 1450 1443 2724 10
2724 2726 1450 1443 10
140 187 186 2729 10
2729 2635 2727 140 10
2729 140 2727 186 10
2635 2729 2727 2730 10
2730 2636 2728 2635 10
2730 2635 2728 2727 10
2636 2730 2728 1445 10
1445 1398 1444 2636 10
1445 2636 1444 2728 10
187 140 160 2729 10
2635 2729 2675 140 10
140 160 2729 2675 10
2729 2635 2675 2730 10
2636 2730 2676 2635 10
2635 2675 2730 2676 10
2730 2636 2676 1445 10
1398 1445 1418 2636 10
2636 2676 1445 1418 10
187 188 186 2731 10
2731 2729 2727 186 10
2731 187 2729 186 10
2729 2731 2727 2732 10
2732 2730 2728 2727 10
2732 2729 2730 2727 10
2730 2732 2728 1446 10
1446 1445 1444 2728 10
1446 2730 1445 2728 10
196 127 86 2747 10
2609 2747 2527 86 10
2609 127 2747 86 10
2747 2609 2527 2748 10
2610 2748 2528 2527 10
2610 2609 2748 2527 10
2748 2610 2528 1454 10
1385 1454 1344 2528 10
1385 2610 1454 2528 10
188 189 127 2733 10
2733 2731 2609 127 10
2733 188 2731 127 10
2731 2733 2609 2734 10
2734 2732 2610 2609 10
2734 2731 2732 2609 10
2732 2734 2610 1447 10
1447 1446 1385 2610 10
1447 2732 1446 2610 10
160 189 187 2733 10
2733 2675 2729 160 10
2733 160 2729 187 10
2675 2733 2729 2734 10
2734 2676 2730 2675 10
2734 2675 2730 2729 10
2676 2734 2730 1447 10
1447 1418 1445 2676 10
1447 2676 1445 2730 10
189 188 187 2733 10
2731 2733 2729 187 10
2731 188 2733 187 10
2733 2731 2729 2734 10
2732 2734 2730 2729 10
2732 2731 2734 2729 10
2734 2732 2730 1447 10
1446 1447 1445 2730 10
1446 2732 1447 2730 10
190 189 160 2735 10
2733 2735 2675 160 10
2733 189 2735 160 10
2735 2733 2675 2736 10
2734 2736 2676 2675 10
2734 2733 2736 2675 10
2736 2734 2676 1448 10
1447 1448 1418 2676 10
1447 2734 1448 2676 10
190 127 189 2735 10
2609 2735 2733 127 10
127 189 2735 2733 10
2735 2609 2733 2736 10
2610 2736 2734 2609 10
2609 2733 2736 2734 10
2736 2610 2734 1448 10
1385 1448 1447 2610 10
2610 2734 1448 1447 10
215 179 207 2785 10
2713 2785 2769 179 10
179 207 2785 2769 10
2785 2713 2769 2786 10
2714 2786 2770 2713 10
2713 2769 2786 2770 10
2786 2714 2770 1473 10
1437 1473 1465 2714 10
2714 2770 1473 1465 10
191 213 173 2781 10
2781 2737 2701 173 10
2781 191 2737 173 10
2737 2781 2701 2782 10
2782 2738 2702 2701 10
2782 2737 2738 2701 10
2738 2782 2702 1471 10
1471 1449 1431 2702 10
1471 2738 1449 2702 10
184 192 752 3859 10
2739 2723 3859 184 10
2739 184 3859 192 10
2723 2739 3859 3860 10
2740 2724 3860 2723 10
2740 2723 3860 2739 10
2724 2740 3860 2010 10
1450 1442 2010 2724 10
1450 2724 2010 2740 10
193 184 752 3859 10
2723 2741 3859 184 10
184 193 2741 3859 10
2741 2723 3859 3860 10
2724 2742 3860 2723 10
2723 2741 2742 3860 10
2742 2724 3860 2010 10
1442 1451 2010 2724 10
2724 2742 1451 2010 10
184 193 194 2743 10
2741 2723 2743 184 10
2741 184 2743 193 10
2723 2741 2743 2744 10
2742 2724 2744 2723 10
2742 2723 2744 2741 10
2724 2742 2744 1452 10
1451 1442 1452 2724 10
1451 2724 1452 2742 10
157 227 785 3925 10
2809 2669 3925 157 10
2809 157 3925 227 10
2669 2809 3925 3926 10
2810 2670 3926 2669 10
2810 2669 3926 2809 10
2670 2810 3926 2043 10
1485 1415 2043 2670 10
1485 2670 2043 2810 10
662 195 112 3679 10
2745 3679 2579 112 10
2745 195 3679 112 10
3679 2745 2579 3680 10
2746 3680 2580 2579 10
2746 2745 3680 2579 10
3680 2746 2580 1920 10
1453 1920 1370 2580 10
1453 2746 1920 2580 10
112 186 224 2803 10
2727 2579 2803 112 10
2727 112 2803 186 10
2579 2727 2803 2804 10
2728 2580 2804 2579 10
2728 2579 2804 2727 10
2580 2728 2804 1482 10
1444 1370 1482 2580 10
1444 2580 1482 2728 10
139 186 112 2727 10
2727 2633 2579 112 10
2727 139 2633 112 10
2633 2727 2579 2728 10
2728 2634 2580 2579 10
2728 2633 2634 2579 10
2634 2728 2580 1444 10
1444 1397 1370 2580 10
1444 2634 1397 2580 10
195 139 112 2745 10
2633 2745 2579 112 10
2633 139 2745 112 10
2745 2633 2579 2746 10
2634 2746 2580 2579 10
2634 2633 2746 2579 10
2746 2634 2580 1453 10
1397 1453 1370 2580 10
1397 2634 1453 2580 10
196 188 127 2747 10
2731 2747 2609 127 10
2731 188 2747 127 10
2747 2731 2609 2748 10
2732 2748 2610 2609 10
2732 2731 2748 2609 10
2748 2732 2610 1454 10
1446 1454 1385 2610 10
1446 2732 1454 2610 10
196 224 188 2803 10
2803 2747 2731 188 10
2803 196 2747 188 10
2747 2803 2731 2804 10
2804 2748 2732 2731 10
2804 2747 2748 2731 10
2748 2804 2732 1482 10
1482 1454 1446 2732 10
1482 2748 1454 2732 10
217 359 153 3073 10
3073 2789 2661 153 10
3073 217 2789 153 10
2789 3073 2661 3074 10
3074 2790 2662 2661 10
3074 2789 2790 2661 10
2790 3074 2662 1617 10
1617 1475 1411 2662 10
1617 2790 1475 2662 10
359 217 197 3073 10
2789 3073 2749 197 10
2789 217 3073 197 10
3073 2789 2749 3074 10
2790 3074 2750 2749 10
2790 2789 3074 2749 10
3074 2790 2750 1617 10
1475 1617 1455 2750 10
1475 2790 1617 2750 10
199 198 145 2753 10
2751 2753 2645 145 10
2751 198 2753 145 10
2753 2751 2645 2754 10
2752 2754 2646 2645 10
2752 2751 2754 2645 10
2754 2752 2646 1457 10
1456 1457 1403 2646 10
1456 2752 1457 2646 10
198 199 133 2753 10
2753 2751 2621 133 10
2753 198 2751 133 10
2751 2753 2621 2754 10
2754 2752 2622 2621 10
2754 2751 2752 2621 10
2752 2754 2622 1457 10
1457 1456 1391 2622 10
1457 2752 1456 2622 10
109 179 200 2755 10
2713 2573 2755 109 10
2713 109 2755 179 10
2573 2713 2755 2756 10
2714 2574 2756 2573 10
2714 2573 2756 2713 10
2574 2714 2756 1458 10
1437 1367 1458 2574 10
1437 2574 1458 2714 10
228 175 200 2811 10
2705 2811 2755 175 10
175 200 2811 2755 10
2811 2705 2755 2812 10
2706 2812 2756 2705 10
2705 2755 2812 2756 10
2812 2706 2756 1486 10
1433 1486 1458 2706 10
2706 2756 1486 1458 10
215 228 200 2811 10
2811 2785 2755 200 10
2811 215 2785 200 10
2785 2811 2755 2812 10
2812 2786 2756 2755 10
2812 2785 2786 2755 10
2786 2812 2756 1486 10
1486 1473 1458 2756 10
1486 2786 1473 2756 10
179 215 200 2785 10
2785 2713 2755 179 10
2785 179 2755 200 10
2713 2785 2755 2786 10
2786 2714 2756 2713 10
2786 2713 2756 2755 10
2714 2786 2756 1473 10
1473 1437 1458 2714 10
1473 2714 1458 2756 10
191 181 202 2759 10
2717 2737 2759 181 10
181 191 2737 2759 10
2737 2717 2759 2760 10
2718 2738 2760 2717 10
2717 2737 2738 2760 10
2738 2718 2760 1460 10
1439 1449 1460 2718 10
2718 2738 1449 1460 10
201 194 202 2759 10
2743 2757 2759 194 10
194 201 2757 2759 10
2757 2743 2759 2760 10
2744 2758 2760 2743 10
2743 2757 2758 2760 10
2758 2744 2760 1460 10
1452 1459 1460 2744 10
2744 2758 1459 1460 10
194 213 202 2781 10
2781 2743 2759 194 10
2781 194 2759 202 10
2743 2781 2759 2782 10
2782 2744 2760 2743 10
2782 2743 2760 2759 10
2744 2782 2760 1471 10
1471 1452 1460 2744 10
1471 2744 1460 2760 10
213 191 202 2781 10
2737 2781 2759 191 10
191 202 2781 2759 10
2781 2737 2759 2782 10
2738 2782 2760 2737 10
2737 2759 2782 2760 10
2782 2738 2760 1471 10
1449 1471 1460 2738 10
2738 2760 1471 1460 10
291 204 424 3203 10
2763 2937 3203 204 10
204 291 2937 3203 10
2937 2763 3203 3204 10
2764 2938 3204 2763 10
2763 2937 2938 3204 10
2938 2764 3204 1682 10
1462 1549 1682 2764 10
2764 2938 1549 1682 10
424 204 165 3203 10
2763 3203 2685 165 10
2763 204 3203 165 10
3203 2763 2685 3204 10
2764 3204 2686 2685 10
2764 2763 3204 2685 10
3204 2764 2686 1682 10
1462 1682 1423 2686 10
1462 2764 1682 2686 10
165 204 203 2763 10
2763 2685 2761 165 10
2763 165 2761 203 10
2685 2763 2761 2764 10
2764 2686 2762 2685 10
2764 2685 2762 2761 10
2686 2764 2762 1462 10
1462 1423 1461 2686 10
1462 2686 1461 2762 10
204 291 158 2937 10
2937 2763 2671 158 10
2937 204 2763 158 10
2763 2937 2671 2938 10
2938 2764 2672 2671 10
2938 2763 2764 2671 10
2764 2938 2672 1549 10
1549 1462 1416 2672 10
1549 2764 1462 2672 10
109 200 205 2765 10
2755 2573 2765 109 10
2755 109 2765 200 10
2573 2755 2765 2766 10
2756 2574 2766 2573 10
2756 2573 2766 2755 10
2574 2756 2766 1463 10
1458 1367 1463 2574 10
1458 2574 1463 2756 10
117 118 205 2765 10
2591 2589 2765 117 10
2591 117 2765 118 10
2589 2591 2765 2766 10
2592 2590 2766 2591 10
2591 2589 2590 2766 10
2590 2592 2766 1463 10
1376 1375 1463 2590 10
1376 2590 1463 2592 10
155 117 205 2765 10
2589 2665 2765 117 10
117 155 2665 2765 10
2665 2589 2765 2766 10
2590 2666 2766 2589 10
2589 2665 2666 2766 10
2666 2590 2766 1463 10
1375 1413 1463 2590 10
2590 2666 1413 1463 10
202 181 223 2801 10
2717 2759 2801 181 10
181 202 2759 2801 10
2759 2717 2801 2802 10
2718 2760 2802 2717 10
2717 2759 2760 2802 10
2760 2718 2802 1481 10
1439 1460 1481 2718 10
2718 2760 1460 1481 10
409 116 223 3173 10
2587 3173 2801 116 10
116 223 3173 2801 10
3173 2587 2801 3174 10
2588 3174 2802 2587 10
2587 2801 3174 2802 10
3174 2588 2802 1667 10
1374 1667 1481 2588 10
2588 2802 1667 1481 10
116 206 223 2801 10
2767 2587 2801 116 10
2767 116 2801 206 10
2587 2767 2801 2802 10
2768 2588 2802 2587 10
2768 2587 2802 2767 10
2588 2768 2802 1481 10
1464 1374 1481 2588 10
1464 2588 1481 2768 10
215 207 216 2787 10
2769 2785 2787 207 10
207 215 2785 2787 10
2785 2769 2787 2788 10
2770 2786 2788 2769 10
2769 2785 2786 2788 10
2786 2770 2788 1474 10
1465 1473 1474 2770 10
2770 2786 1473 1474 10
213 194 193 2781 10
2743 2781 2741 193 10
2743 194 2781 193 10
2781 2743 2741 2782 10
2744 2782 2742 2741 10
2744 2743 2782 2741 10
2782 2744 2742 1471 10
1452 1471 1451 2742 10
1452 2744 1471 2742 10
173 213 210 2781 10
2781 2701 2775 173 10
2781 173 2775 210 10
2701 2781 2775 2782 10
2782 2702 2776 2701 10
2782 2701 2776 2775 10
2702 2782 2776 1471 10
1471 1431 1468 2702 10
1471 2702 1468 2776 10
177 742 225 3839 10
3839 2709 2805 177 10
3839 177 2805 225 10
2709 3839 2805 3840 10
3840 2710 2806 2709 10
3840 2709 2806 2805 10
2710 3840 2806 2000 10
2000 1435 1483 2710 10
2000 2710 1483 2806 10
208 226 742 3839 10
2807 2771 3839 208 10
2807 208 3839 226 10
2771 2807 3839 3840 10
2808 2772 3840 2771 10
2808 2771 3840 2807 10
2772 2808 3840 2000 10
1484 1466 2000 2772 10
1484 2772 2000 2808 10
226 225 742 3839 10
2805 2807 3839 225 10
225 226 2807 3839 10
2807 2805 3839 3840 10
2806 2808 3840 2805 10
2805 2807 2808 3840 10
2808 2806 3840 2000 10
1483 1484 2000 2806 10
2806 2808 1484 2000 10
209 177 211 2777 10
2709 2773 2777 177 10
177 209 2773 2777 10
2773 2709 2777 2778 10
2710 2774 2778 2709 10
2709 2773 2774 2778 10
2774 2710 2778 1469 10
1435 1467 1469 2710 10
2710 2774 1467 1469 10
209 210 214 2783 10
2775 2773 2783 209 10
2775 209 2783 210 10
2773 2775 2783 2784 10
2776 2774 2784 2773 10
2776 2773 2784 2775 10
2774 2776 2784 1472 10
1468 1467 1472 2774 10
1468 2774 1472 2776 10
210 209 211 2777 10
2773 2775 2777 209 10
209 210 2775 2777 10
2775 2773 2777 2778 10
2774 2776 2778 2773 10
2773 2775 2776 2778 10
2776 2774 2778 1469 10
1467 1468 1469 2774 10
2774 2776 1468 1469 10
177 209 214 2783 10
2773 2709 2783 177 10
2773 177 2783 209 10
2709 2773 2783 2784 10
2774 2710 2784 2709 10
2774 2709 2784 2773 10
2710 2774 2784 1472 10
1467 1435 1472 2710 10
1467 2710 1472 2774 10
214 212 193 2783 10
2779 2783 2741 193 10
2779 212 2783 193 10
2783 2779 2741 2784 10
2780 2784 2742 2741 10
2780 2779 2784 2741 10
2784 2780 2742 1472 10
1470 1472 1451 2742 10
1470 2780 1472 2742 10
213 212 210 2781 10
2779 2781 2775 210 10
2779 212 2781 210 10
2781 2779 2775 2782 10
2780 2782 2776 2775 10
2780 2779 2782 2775 10
2782 2780 2776 1471 10
1470 1471 1468 2776 10
1470 2780 1471 2776 10
212 213 193 2781 10
2781 2779 2741 193 10
2781 212 2779 193 10
2779 2781 2741 2782 10
2782 2780 2742 2741 10
2782 2779 2780 2741 10
2780 2782 2742 1471 10
1471 1470 1451 2742 10
1471 2780 1470 2742 10
212 214 210 2783 10
2783 2779 2775 210 10
2783 212 2779 210 10
2779 2783 2775 2784 10
2784 2780 2776 2775 10
2784 2779 2780 2775 10
2780 2784 2776 1472 10
1472 1470 1468 2776 10
1472 2780 1470 2776 10
229 215 216 2813 10
2785 2813 2787 215 10
215 216 2813 2787 10
2813 2785 2787 2814 10
2786 2814 2788 2785 10
2785 2787 2814 2788 10
2814 2786 2788 1487 10
1473 1487 1474 2786 10
2786 2788 1487 1474 10
217 219 218 2793 10
2793 2789 2791 217 10
2793 217 2791 218 10
2789 2793 2791 2794 10
2794 2790 2792 2789 10
2794 2789 2792 2791 10
2790 2794 2792 1477 10
1477 1475 1476 2790 10
1477 2790 1476 2792 10
105 219 156 2793 10
2793 2565 2667 105 10
2793 105 2667 156 10
2565 2793 2667 2794 10
2794 2566 2668 2565 10
2794 2565 2668 2667 10
2566 2794 2668 1477 10
1477 1363 1414 2566 10
1477 2566 1414 2668 10
219 105 218 2793 10
2565 2793 2791 105 10
105 218 2793 2791 10
2793 2565 2791 2794 10
2566 2794 2792 2565 10
2565 2791 2794 2792 10
2794 2566 2792 1477 10
1363 1477 1476 2566 10
2566 2792 1477 1476 10
219 217 156 2793 10
2789 2793 2667 156 10
2789 217 2793 156 10
2793 2789 2667 2794 10
2790 2794 2668 2667 10
2790 2789 2794 2667 10
2794 2790 2668 1477 10
1475 1477 1414 2668 10
1475 2790 1477 2668 10
221 198 91 2797 10
2751 2797 2537 91 10
2751 198 2797 91 10
2797 2751 2537 2798 10
2752 2798 2538 2537 10
2752 2751 2798 2537 10
2798 2752 2538 1479 10
1456 1479 1349 2538 10
1456 2752 1479 2538 10
221 220 146 2797 10
2795 2797 2647 146 10
2795 220 2797 146 10
2797 2795 2647 2798 10
2796 2798 2648 2647 10
2796 2795 2798 2647 10
2798 2796 2648 1479 10
1478 1479 1404 2648 10
1478 2796 1479 2648 10
220 221 91 2797 10
2797 2795 2537 91 10
2797 220 2795 91 10
2795 2797 2537 2798 10
2798 2796 2538 2537 10
2798 2795 2796 2537 10
2796 2798 2538 1479 10
1479 1478 1349 2538 10
1479 2796 1478 2538 10
198 221 146 2797 10
2797 2751 2647 146 10
2797 198 2751 146 10
2751 2797 2647 2798 10
2798 2752 2648 2647 10
2798 2751 2752 2647 10
2752 2798 2648 1479 10
1479 1456 1404 2648 10
1479 2752 1456 2648 10
175 141 155 2705 10
2637 2705 2665 141 10
141 155 2705 2665 10
2705 2637 2665 2706 10
2638 2706 2666 2637 10
2637 2665 2706 2666 10
2706 2638 2666 1433 10
1399 1433 1413 2638 10
2638 2666 1433 1413 10
175 155 200 2755 10
2665 2705 2755 155 10
155 175 2705 2755 10
2705 2665 2755 2756 10
2666 2706 2756 2665 10
2665 2705 2706 2756 10
2706 2666 2756 1458 10
1413 1433 1458 2666 10
2666 2706 1433 1458 10
200 155 205 2765 10
2665 2755 2765 155 10
155 200 2755 2765 10
2755 2665 2765 2766 10
2666 2756 2766 2665 10
2665 2755 2756 2766 10
2756 2666 2766 1463 10
1413 1458 1463 2666 10
2666 2756 1458 1463 10
222 201 206 2799 10
2757 2799 2767 201 10
201 206 2799 2767 10
2799 2757 2767 2800 10
2758 2800 2768 2757 10
2757 2767 2800 2768 10
2800 2758 2768 1480 10
1459 1480 1464 2758 10
2758 2768 1480 1464 10
206 201 202 2767 10
2757 2767 2759 201 10
201 202 2767 2759 10
2767 2757 2759 2768 10
2758 2768 2760 2757 10
2757 2759 2768 2760 10
2768 2758 2760 1464 10
1459 1464 1460 2758 10
2758 2760 1464 1460 10
206 202 223 2801 10
2759 2767 2801 202 10
202 206 2767 2801 10
2767 2759 2801 2802 10
2760 2768 2802 2759 10
2759 2767 2768 2802 10
2768 2760 2802 1481 10
1460 1464 1481 2760 10
2760 2768 1464 1481 10
211 225 86 2805 10
2805 2777 2527 86 10
2805 211 2777 86 10
2777 2805 2527 2806 10
2806 2778 2528 2527 10
2806 2777 2778 2527 10
2778 2806 2528 1483 10
1483 1469 1344 2528 10
1483 2778 1469 2528 10
225 196 86 2805 10
2747 2805 2527 86 10
2747 196 2805 86 10
2805 2747 2527 2806 10
2748 2806 2528 2527 10
2748 2747 2806 2527 10
2806 2748 2528 1483 10
1454 1483 1344 2528 10
1454 2748 1483 2528 10
782 230 232 3919 10
2815 3919 2819 230 10
230 232 3919 2819 10
3919 2815 2819 3920 10
2816 3920 2820 2815 10
2815 2819 3920 2820 10
3920 2816 2820 2040 10
1488 2040 1490 2816 10
2816 2820 2040 1490 10
163 423 165 3201 10
3201 2681 2685 163 10
3201 163 2685 165 10
2681 3201 2685 3202 10
3202 2682 2686 2681 10
3202 2681 2686 2685 10
2682 3202 2686 1681 10
1681 1421 1423 2682 10
1681 2682 1423 2686 10
423 163 143 3201 10
2681 3201 2641 143 10
2681 163 3201 143 10
3201 2681 2641 3202 10
2682 3202 2642 2641 10
2682 2681 3202 2641 10
3202 2682 2642 1681 10
1421 1681 1401 2642 10
1421 2682 1681 2642 10
226 208 663 3681 10
2771 2807 3681 208 10
208 226 2807 3681 10
2807 2771 3681 3682 10
2772 2808 3682 2771 10
2771 2807 2808 3682 10
2808 2772 3682 1921 10
1466 1484 1921 2772 10
2772 2808 1484 1921 10
224 226 663 3681 10
2807 2803 3681 224 10
2807 224 3681 226 10
2803 2807 3681 3682 10
2808 2804 3682 2803 10
2808 2803 3682 2807 10
2804 2808 3682 1921 10
1484 1482 1921 2804 10
1484 2804 1921 2808 10
226 224 196 2807 10
2803 2807 2747 196 10
2803 224 2807 196 10
2807 2803 2747 2808 10
2804 2808 2748 2747 10
2804 2803 2808 2747 10
2808 2804 2748 1484 10
1482 1484 1454 2748 10
1482 2804 1484 2748 10
196 225 226 2807 10
2805 2747 2807 196 10
2805 196 2807 225 10
2747 2805 2807 2808 10
2806 2748 2808 2747 10
2806 2747 2808 2805 10
2748 2806 2808 1484 10
1483 1454 1484 2748 10
1483 2748 1484 2806 10
227 229 785 3925 10
2813 2809 3925 227 10
2813 227 3925 229 10
2809 2813 3925 3926 10
2814 2810 3926 2809 10
2814 2809 3926 2813 10
2810 2814 3926 2043 10
1487 1485 2043 2810 10
1487 2810 2043 2814 10
229 227 228 2813 10
2809 2813 2811 227 10
227 228 2813 2811 10
2813 2809 2811 2814 10
2810 2814 2812 2809 10
2809 2811 2814 2812 10
2814 2810 2812 1487 10
1485 1487 1486 2810 10
2810 2812 1487 1486 10
228 215 229 2813 10
2785 2811 2813 215 10
215 228 2811 2813 10
2811 2785 2813 2814 10
2786 2812 2814 2785 10
2785 2811 2812 2814 10
2812 2786 2814 1487 10
1473 1486 1487 2786 10
2786 2812 1486 1487 10
785 229 230 3925 10
2813 3925 2815 229 10
229 230 3925 2815 10
3925 2813 2815 3926 10
2814 3926 2816 2813 10
2813 2815 3926 2816 10
3926 2814 2816 2043 10
1487 2043 1488 2814 10
2814 2816 2043 1488 10
231 232 230 2819 10
2819 2817 2815 230 10
2819 231 2817 230 10
2817 2819 2815 2820 10
2820 2818 2816 2815 10
2820 2817 2818 2815 10
2818 2820 2816 1490 10
1490 1489 1488 2816 10
1490 2818 1489 2816 10
231 229 216 2817 10
2813 2817 2787 216 10
2813 229 2817 216 10
2817 2813 2787 2818 10
2814 2818 2788 2787 10
2814 2813 2818 2787 10
2818 2814 2788 1489 10
1487 1489 1474 2788 10
1487 2814 1489 2788 10
229 231 230 2817 10
2817 2813 2815 229 10
2817 229 2815 230 10
2813 2817 2815 2818 10
2818 2814 2816 2813 10
2818 2813 2816 2815 10
2814 2818 2816 1489 10
1489 1487 1488 2814 10
1489 2814 1488 2816 10
232 231 216 2819 10
2817 2819 2787 216 10
2817 231 2819 216 10
2819 2817 2787 2820 10
2818 2820 2788 2787 10
2818 2817 2820 2787 10
2820 2818 2788 1490 10
1489 1490 1474 2788 10
1489 2818 1490 2788 10
232 237 782 3919 10
2829 2819 3919 232 10
2829 232 3919 237 10
2819 2829 3919 3920 10
2830 2820 3920 2819 10
2830 2819 3920 2829 10
2820 2830 3920 2040 10
1495 1490 2040 2820 10
1495 2820 2040 2830 10
237 232 233 2829 10
2819 2829 2821 232 10
232 233 2829 2821 10
2829 2819 2821 2830 10
2820 2830 2822 2819 10
2819 2821 2830 2822 10
2830 2820 2822 1495 10
1490 1495 1491 2820 10
2820 2822 1495 1491 10
235 100 234 2825 10
2555 2825 2823 100 10
100 234 2825 2823 10
2825 2555 2823 2826 10
2556 2826 2824 2555 10
2555 2823 2826 2824 10
2826 2556 2824 1493 10
1358 1493 1492 2556 10
2556 2824 1493 1492 10
235 233 170 2825 10
2821 2825 2695 170 10
2821 233 2825 170 10
2825 2821 2695 2826 10
2822 2826 2696 2695 10
2822 2821 2826 2695 10
2826 2822 2696 1493 10
1491 1493 1428 2696 10
1491 2822 1493 2696 10
233 235 234 2825 10
2825 2821 2823 233 10
2825 233 2823 234 10
2821 2825 2823 2826 10
2826 2822 2824 2821 10
2826 2821 2824 2823 10
2822 2826 2824 1493 10
1493 1491 1492 2822 10
1493 2822 1492 2824 10
100 235 170 2825 10
2825 2555 2695 100 10
2825 100 2695 170 10
2555 2825 2695 2826 10
2826 2556 2696 2555 10
2826 2555 2696 2695 10
2556 2826 2696 1493 10
1493 1358 1428 2556 10
1493 2556 1428 2696 10
237 236 782 3919 10
2827 2829 3919 236 10
236 237 2829 3919 10
2829 2827 3919 3920 10
2828 2830 3920 2827 10
2827 2829 2830 3920 10
2830 2828 3920 2040 10
1494 1495 2040 2828 10
2828 2830 1495 2040 10
236 237 233 2829 10
2829 2827 2821 233 10
2829 236 2827 233 10
2827 2829 2821 2830 10
2830 2828 2822 2821 10
2830 2827 2828 2821 10
2828 2830 2822 1495 10
1495 1494 1491 2822 10
1495 2828 1494 2822 10
107 238 92 2831 10
2831 2569 2539 92 10
2831 107 2569 92 10
2569 2831 2539 2832 10
2832 2570 2540 2539 10
2832 2569 2570 2539 10
2570 2832 2540 1496 10
1496 1365 1350 2540 10
1496 2570 1365 2540 10
238 234 92 2831 10
2823 2831 2539 92 10
2823 234 2831 92 10
2831 2823 2539 2832 10
2824 2832 2540 2539 10
2824 2823 2832 2539 10
2832 2824 2540 1496 10
1492 1496 1350 2540 10
1492 2824 1496 2540 10
238 107 241 2837 10
2569 2831 2837 107 10
107 238 2831 2837 10
2831 2569 2837 2838 10
2570 2832 2838 2569 10
2569 2831 2832 2838 10
2832 2570 2838 1499 10
1365 1496 1499 2570 10
2570 2832 1496 1499 10
123 240 679 3713 10
2835 2601 3713 123 10
2835 123 3713 240 10
2601 2835 3713 3714 10
2836 2602 3714 2601 10
2836 2601 3714 2835 10
2602 2836 3714 1937 10
1498 1381 1937 2602 10
1498 2602 1937 2836 10
85 240 123 2835 10
2835 2525 2601 85 10
2835 85 2601 123 10
2525 2835 2601 2836 10
2836 2526 2602 2525 10
2836 2525 2602 2601 10
2526 2836 2602 1498 10
1498 1343 1381 2526 10
1498 2526 1381 2602 10
239 122 677 3709 10
2599 2833 3709 122 10
122 239 2833 3709 10
2833 2599 3709 3710 10
2600 2834 3710 2599 10
2599 2833 2834 3710 10
2834 2600 3710 1935 10
1380 1497 1935 2600 10
2600 2834 1497 1935 10
239 87 122 2833 10
2529 2833 2599 87 10
87 122 2833 2599 10
2833 2529 2599 2834 10
2530 2834 2600 2529 10
2529 2599 2834 2600 10
2834 2530 2600 1497 10
1345 1497 1380 2530 10
2530 2600 1497 1380 10
131 239 658 3671 10
2833 2617 3671 131 10
2833 131 3671 239 10
2617 2833 3671 3672 10
2834 2618 3672 2617 10
2834 2617 3672 2833 10
2618 2834 3672 1916 10
1497 1389 1916 2618 10
1497 2618 1916 2834 10
88 239 131 2833 10
2833 2531 2617 88 10
2833 88 2617 131 10
2531 2833 2617 2834 10
2834 2532 2618 2531 10
2834 2531 2618 2617 10
2532 2834 2618 1497 10
1497 1346 1389 2532 10
1497 2532 1389 2618 10
240 132 89 2835 10
2619 2835 2533 89 10
2619 132 2835 89 10
2835 2619 2533 2836 10
2620 2836 2534 2533 10
2620 2619 2836 2533 10
2836 2620 2534 1498 10
1390 1498 1347 2534 10
1390 2620 1498 2534 10
240 124 132 2835 10
2603 2835 2619 124 10
124 132 2835 2619 10
2835 2603 2619 2836 10
2604 2836 2620 2603 10
2603 2619 2836 2620 10
2836 2604 2620 1498 10
1382 1498 1390 2604 10
2604 2620 1498 1390 10
241 108 106 2837 10
2571 2837 2567 106 10
2571 108 2837 106 10
2837 2571 2567 2838 10
2572 2838 2568 2567 10
2572 2571 2838 2567 10
2838 2572 2568 1499 10
1366 1499 1364 2568 10
1366 2572 1499 2568 10
241 107 108 2837 10
2569 2837 2571 107 10
107 108 2837 2571 10
2837 2569 2571 2838 10
2570 2838 2572 2569 10
2569 2571 2838 2572 10
2838 2570 2572 1499 10
1365 1499 1366 2570 10
2570 2572 1499 1366 10
242 233 241 2839 10
2821 2839 2837 233 10
233 241 2839 2837 10
2839 2821 2837 2840 10
2822 2840 2838 2821 10
2821 2837 2840 2838 10
2840 2822 2838 1500 10
1491 1500 1499 2822 10
2822 2838 1500 1499 10
233 242 236 2839 10
2839 2821 2827 233 10
2839 233 2827 236 10
2821 2839 2827 2840 10
2840 2822 2828 2821 10
2840 2821 2828 2827 10
2822 2840 2828 1500 10
1500 1491 1494 2822 10
1500 2822 1494 2828 10
233 238 241 2837 10
2831 2821 2837 233 10
2831 233 2837 238 10
2821 2831 2837 2838 10
2832 2822 2838 2821 10
2832 2821 2838 2831 10
2822 2832 2838 1499 10
1496 1491 1499 2822 10
1496 2822 1499 2832 10
233 234 238 2831 10
2823 2821 2831 233 10
2823 233 2831 234 10
2821 2823 2831 2832 10
2824 2822 2832 2821 10
2824 2821 2832 2823 10
2822 2824 2832 1496 10
1492 1491 1496 2822 10
1492 2822 1496 2824 10
428 922 923 4201 10
4199 3211 4201 428 10
4199 428 4201 922 10
3211 4199 4201 4202 10
4200 3212 4202 3211 10
4200 3211 4202 4199 10
3212 4200 4202 2181 10
2180 1686 2181 3212 10
2180 3212 2181 4200 10
8 252 9 2859 10
2859 1273 1275 8 10
2859 8 1275 9 10
1273 2859 1275 2860 10
2860 1274 1276 1275 10
2860 1273 1274 1275 10
1274 2860 1276 1510 10
1510 46 47 1274 10
1510 1274 47 1276 10
243 256 244 2867 10
2867 2841 2843 243 10
2867 243 2843 244 10
2841 2867 2843 2868 10
2868 2842 2844 2841 10
2868 2841 2844 2843 10
2842 2868 2844 1514 10
1514 1501 1502 2842 10
1514 2842 1502 2844 10
263 310 373 3101 10
2975 2881 3101 263 10
2975 263 3101 310 10
2881 2975 3101 3102 10
2976 2882 3102 2881 10
2976 2881 3102 2975 10
2882 2976 3102 1631 10
1568 1521 1631 2882 10
1568 2882 1631 2976 10
349 259 245 3053 10
2873 3053 2845 245 10
2873 259 3053 245 10
3053 2873 2845 3054 10
2874 3054 2846 2845 10
2874 2873 3054 2845 10
3054 2874 2846 1607 10
1517 1607 1503 2846 10
1517 2874 1607 2846 10
315 261 383 3121 10
2877 2985 3121 261 10
261 315 2985 3121 10
2985 2877 3121 3122 10
2878 2986 3122 2877 10
2877 2985 2986 3122 10
2986 2878 3122 1641 10
1519 1573 1641 2878 10
2878 2986 1573 1641 10
265 264 249 2885 10
2883 2885 2853 249 10
2883 264 2885 249 10
2885 2883 2853 2886 10
2884 2886 2854 2853 10
2884 2883 2886 2853 10
2886 2884 2854 1523 10
1522 1523 1507 2854 10
1522 2884 1523 2854 10
246 244 279 2913 10
2843 2847 2913 244 10
244 246 2847 2913 10
2847 2843 2913 2914 10
2844 2848 2914 2843 10
2843 2847 2848 2914 10
2848 2844 2914 1537 10
1502 1504 1537 2844 10
2844 2848 1504 1537 10
373 269 276 3101 10
2893 3101 2907 269 10
269 276 3101 2907 10
3101 2893 2907 3102 10
2894 3102 2908 2893 10
2893 2907 3102 2908 10
3102 2894 2908 1631 10
1527 1631 1534 2894 10
2894 2908 1631 1534 10
271 245 247 2897 10
2845 2897 2849 245 10
245 247 2897 2849 10
2897 2845 2849 2898 10
2846 2898 2850 2845 10
2845 2849 2898 2850 10
2898 2846 2850 1529 10
1503 1529 1505 2846 10
2846 2850 1529 1505 10
268 383 326 3121 10
3121 2891 3007 268 10
3121 268 3007 326 10
2891 3121 3007 3122 10
3122 2892 3008 2891 10
3122 2891 3008 3007 10
2892 3122 3008 1641 10
1641 1526 1584 2892 10
1641 2892 1584 3008 10
249 248 250 2855 10
2851 2853 2855 248 10
248 249 2853 2855 10
2853 2851 2855 2856 10
2852 2854 2856 2851 10
2851 2853 2854 2856 10
2854 2852 2856 1508 10
1506 1507 1508 2852 10
2852 2854 1507 1508 10
133 431 134 3217 10
3217 2621 2623 133 10
3217 133 2623 134 10
2621 3217 2623 3218 10
3218 2622 2624 2621 10
3218 2621 2624 2623 10
2622 3218 2624 1689 10
1689 1391 1392 2622 10
1689 2622 1392 2624 10
252 431 254 3217 10
3217 2859 2863 252 10
3217 252 2863 254 10
2859 3217 2863 3218 10
3218 2860 2864 2859 10
3218 2859 2864 2863 10
2860 3218 2864 1689 10
1689 1510 1512 2860 10
1689 2860 1512 2864 10
433 197 136 3221 10
2749 3221 2627 136 10
2749 197 3221 136 10
3221 2749 2627 3222 10
2750 3222 2628 2627 10
2750 2749 3222 2627 10
3222 2750 2628 1691 10
1455 1691 1394 2628 10
1455 2750 1691 2628 10
433 428 251 3221 10
3211 3221 2857 251 10
3211 428 3221 251 10
3221 3211 2857 3222 10
3212 3222 2858 2857 10
3212 3211 3222 2857 10
3222 3212 2858 1691 10
1686 1691 1509 2858 10
1686 3212 1691 2858 10
252 253 280 2915 10
2861 2859 2915 252 10
2861 252 2915 253 10
2859 2861 2915 2916 10
2862 2860 2916 2859 10
2862 2859 2916 2861 10
2860 2862 2916 1538 10
1511 1510 1538 2860 10
1511 2860 1538 2862 10
253 252 254 2863 10
2859 2861 2863 252 10
252 253 2861 2863 10
2861 2859 2863 2864 10
2860 2862 2864 2859 10
2859 2861 2862 2864 10
2862 2860 2864 1512 10
1510 1511 1512 2860 10
2860 2862 1511 1512 10
362 428 297 3211 10
3211 3079 2949 297 10
3211 362 3079 297 10
3079 3211 2949 3212 10
3212 3080 2950 2949 10
3212 3079 3080 2949 10
3080 3212 2950 1686 10
1686 1620 1555 2950 10
1686 3080 1620 2950 10
428 362 251 3211 10
3079 3211 2857 251 10
3079 362 3211 251 10
3211 3079 2857 3212 10
3080 3212 2858 2857 10
3080 3079 3212 2857 10
3212 3080 2858 1686 10
1620 1686 1509 2858 10
1620 3080 1686 2858 10
255 332 263 3019 10
3019 2865 2881 255 10
3019 255 2881 263 10
2865 3019 2881 3020 10
3020 2866 2882 2865 10
3020 2865 2882 2881 10
2866 3020 2882 1590 10
1590 1513 1521 2866 10
1590 2866 1521 2882 10
335 285 259 3025 10
2925 3025 2873 259 10
2925 285 3025 259 10
3025 2925 2873 3026 10
2926 3026 2874 2873 10
2926 2925 3026 2873 10
3026 2926 2874 1593 10
1543 1593 1517 2874 10
1543 2926 1593 2874 10
287 393 256 3141 10
3141 2929 2867 256 10
3141 287 2929 256 10
2929 3141 2867 3142 10
3142 2930 2868 2867 10
3142 2929 2930 2867 10
2930 3142 2868 1651 10
1651 1545 1514 2868 10
1651 2930 1545 2868 10
331 417 260 3189 10
3189 3017 2875 260 10
3189 331 3017 260 10
3017 3189 2875 3190 10
3190 3018 2876 2875 10
3190 3017 3018 2875 10
3018 3190 2876 1675 10
1675 1589 1518 2876 10
1675 3018 1589 2876 10
313 283 262 2981 10
2921 2981 2879 262 10
2921 283 2981 262 10
2981 2921 2879 2982 10
2922 2982 2880 2879 10
2922 2921 2982 2879 10
2982 2922 2880 1571 10
1541 1571 1520 2880 10
1541 2922 1571 2880 10
314 331 260 3017 10
3017 2983 2875 260 10
3017 314 2983 260 10
2983 3017 2875 3018 10
3018 2984 2876 2875 10
3018 2983 2984 2875 10
2984 3018 2876 1589 10
1589 1572 1518 2876 10
1589 2984 1572 2876 10
283 257 262 2921 10
2869 2921 2879 257 10
257 262 2921 2879 10
2921 2869 2879 2922 10
2870 2922 2880 2869 10
2869 2879 2922 2880 10
2922 2870 2880 1541 10
1515 1541 1520 2870 10
2870 2880 1541 1520 10
258 263 373 3101 10
2881 2871 3101 258 10
2881 258 3101 263 10
2871 2881 3101 3102 10
2882 2872 3102 2871 10
2882 2871 3102 2881 10
2872 2882 3102 1631 10
1521 1516 1631 2872 10
1521 2872 1631 2882 10
255 263 258 2881 10
2881 2865 2871 255 10
2881 255 2871 258 10
2865 2881 2871 2882 10
2882 2866 2872 2865 10
2882 2865 2872 2871 10
2866 2882 2872 1521 10
1521 1513 1516 2866 10
1521 2866 1516 2872 10
259 363 245 3081 10
3081 2873 2845 245 10
3081 259 2873 245 10
2873 3081 2845 3082 10
3082 2874 2846 2845 10
3082 2873 2874 2845 10
2874 3082 2846 1621 10
1621 1517 1503 2846 10
1621 2874 1517 2846 10
259 285 363 3081 10
2925 2873 3081 259 10
2925 259 3081 285 10
2873 2925 3081 3082 10
2926 2874 3082 2873 10
2926 2873 3082 2925 10
2874 2926 3082 1621 10
1543 1517 1621 2874 10
1543 2874 1621 2926 10
256 340 244 3035 10
3035 2867 2843 244 10
3035 256 2867 244 10
2867 3035 2843 3036 10
3036 2868 2844 2843 10
3036 2867 2868 2843 10
2868 3036 2844 1598 10
1598 1514 1502 2844 10
1598 2868 1514 2844 10
256 393 340 3141 10
3141 2867 3035 256 10
3141 256 3035 340 10
2867 3141 3035 3142 10
3142 2868 3036 2867 10
3142 2867 3036 3035 10
2868 3142 3036 1651 10
1651 1514 1598 2868 10
1651 2868 1598 3036 10
435 262 265 3225 10
2879 3225 2885 262 10
262 265 3225 2885 10
3225 2879 2885 3226 10
2880 3226 2886 2879 10
2879 2885 3226 2886 10
3226 2880 2886 1693 10
1520 1693 1523 2880 10
2880 2886 1693 1523 10
313 262 435 3225 10
2879 2981 3225 262 10
262 313 2981 3225 10
2981 2879 3225 3226 10
2880 2982 3226 2879 10
2879 2981 2982 3226 10
2982 2880 3226 1693 10
1520 1571 1693 2880 10
2880 2982 1571 1693 10
260 312 261 2979 10
2979 2875 2877 260 10
2979 260 2877 261 10
2875 2979 2877 2980 10
2980 2876 2878 2875 10
2980 2875 2878 2877 10
2876 2980 2878 1570 10
1570 1518 1519 2876 10
1570 2876 1519 2878 10
260 417 312 3189 10
3189 2875 2979 260 10
3189 260 2979 312 10
2875 3189 2979 3190 10
3190 2876 2980 2875 10
3190 2875 2980 2979 10
2876 3190 2980 1675 10
1675 1518 1570 2876 10
1675 2876 1570 2980 10
262 257 265 2885 10
2869 2879 2885 257 10
257 262 2879 2885 10
2879 2869 2885 2886 10
2870 2880 2886 2869 10
2869 2879 2880 2886 10
2880 2870 2886 1523 10
1515 1520 1523 2870 10
2870 2880 1520 1523 10
314 260 261 2983 10
2875 2983 2877 260 10
260 261 2983 2877 10
2983 2875 2877 2984 10
2876 2984 2878 2875 10
2875 2877 2984 2878 10
2984 2876 2878 1572 10
1518 1572 1519 2876 10
2876 2878 1572 1519 10
349 335 259 3053 10
3025 3053 2873 259 10
3025 335 3053 259 10
3053 3025 2873 3054 10
3026 3054 2874 2873 10
3026 3025 3054 2873 10
3054 3026 2874 1607 10
1593 1607 1517 2874 10
1593 3026 1607 2874 10
403 421 306 3197 10
3197 3161 2967 306 10
3197 403 3161 306 10
3161 3197 2967 3198 10
3198 3162 2968 2967 10
3198 3161 3162 2967 10
3162 3198 2968 1679 10
1679 1661 1564 2968 10
1679 3162 1661 2968 10
332 310 263 3019 10
2975 3019 2881 263 10
2975 310 3019 263 10
3019 2975 2881 3020 10
2976 3020 2882 2881 10
2976 2975 3020 2881 10
3020 2976 2882 1590 10
1568 1590 1521 2882 10
1568 2976 1590 2882 10
264 464 267 3283 10
3283 2883 2889 264 10
3283 264 2889 267 10
2883 3283 2889 3284 10
3284 2884 2890 2883 10
3284 2883 2890 2889 10
2884 3284 2890 1722 10
1722 1522 1525 2884 10
1722 2884 1525 2890 10
264 265 257 2885 10
2885 2883 2869 257 10
2885 264 2883 257 10
2883 2885 2869 2886 10
2886 2884 2870 2869 10
2886 2883 2884 2869 10
2884 2886 2870 1523 10
1523 1522 1515 2870 10
1523 2884 1522 2870 10
266 315 470 3295 10
2985 2887 3295 266 10
2985 266 3295 315 10
2887 2985 3295 3296 10
2986 2888 3296 2887 10
2986 2887 3296 2985 10
2888 2986 3296 1728 10
1573 1524 1728 2888 10
1573 2888 1728 2986 10
261 315 314 2985 10
2985 2877 2983 261 10
2985 261 2983 314 10
2877 2985 2983 2986 10
2986 2878 2984 2877 10
2986 2877 2984 2983 10
2878 2986 2984 1573 10
1573 1519 1572 2878 10
1573 2878 1572 2984 10
243 287 256 2929 10
2929 2841 2867 243 10
2929 243 2867 256 10
2841 2929 2867 2930 10
2930 2842 2868 2841 10
2930 2841 2868 2867 10
2842 2930 2868 1545 10
1545 1501 1514 2842 10
1545 2842 1514 2868 10
320 246 278 2995 10
2847 2995 2911 246 10
246 278 2995 2911 10
2995 2847 2911 2996 10
2848 2996 2912 2847 10
2847 2911 2996 2912 10
2996 2848 2912 1578 10
1504 1578 1536 2848 10
2848 2912 1578 1536 10
244 246 243 2847 10
2847 2843 2841 243 10
2847 244 2843 243 10
2843 2847 2841 2848 10
2848 2844 2842 2841 10
2848 2843 2844 2841 10
2844 2848 2842 1504 10
1504 1502 1501 2842 10
1504 2844 1502 2842 10
248 267 466 3287 10
2889 2851 3287 248 10
2889 248 3287 267 10
2851 2889 3287 3288 10
2890 2852 3288 2851 10
2890 2851 3288 2889 10
2852 2890 3288 1724 10
1525 1506 1724 2852 10
1525 2852 1724 2890 10
267 248 264 2889 10
2851 2889 2883 248 10
248 264 2889 2883 10
2889 2851 2883 2890 10
2852 2890 2884 2851 10
2851 2883 2890 2884 10
2890 2852 2884 1525 10
1506 1525 1522 2852 10
2852 2884 1525 1522 10
248 249 264 2883 10
2853 2851 2883 248 10
2853 248 2883 249 10
2851 2853 2883 2884 10
2854 2852 2884 2851 10
2854 2851 2884 2853 10
2852 2854 2884 1522 10
1507 1506 1522 2852 10
1507 2852 1522 2854 10
470 268 468 3295 10
2891 3295 3291 268 10
268 468 3295 3291 10
3295 2891 3291 3296 10
2892 3296 3292 2891 10
2891 3291 3296 3292 10
3296 2892 3292 1728 10
1526 1728 1726 2892 10
2892 3292 1728 1726 10
268 470 315 3295 10
3295 2891 2985 268 10
3295 268 2985 315 10
2891 3295 2985 3296 10
3296 2892 2986 2891 10
3296 2891 2986 2985 10
2892 3296 2986 1728 10
1728 1526 1573 2892 10
1728 2892 1573 2986 10
383 268 315 3121 10
2891 3121 2985 268 10
268 315 3121 2985 10
3121 2891 2985 3122 10
2892 3122 2986 2891 10
2891 2985 3122 2986 10
3122 2892 2986 1641 10
1526 1641 1573 2892 10
2892 2986 1641 1573 10
269 324 275 3003 10
3003 2893 2905 269 10
3003 269 2905 275 10
2893 3003 2905 3004 10
3004 2894 2906 2893 10
3004 2893 2906 2905 10
2894 3004 2906 1582 10
1582 1527 1533 2894 10
1582 2894 1533 2906 10
269 373 310 3101 10
3101 2893 2975 269 10
3101 269 2975 310 10
2893 3101 2975 3102 10
3102 2894 2976 2893 10
3102 2893 2976 2975 10
2894 3102 2976 1631 10
1631 1527 1568 2894 10
1631 2894 1568 2976 10
472 271 474 3303 10
2897 3299 3303 271 10
271 472 3299 3303 10
3299 2897 3303 3304 10
2898 3300 3304 2897 10
2897 3299 3300 3304 10
3300 2898 3304 1732 10
1529 1730 1732 2898 10
2898 3300 1730 1732 10
245 271 349 3053 10
2897 2845 3053 245 10
2897 245 3053 271 10
2845 2897 3053 3054 10
2898 2846 3054 2845 10
2898 2845 3054 2897 10
2846 2898 3054 1607 10
1529 1503 1607 2846 10
1529 2846 1607 2898 10
474 270 475 3305 10
2895 3303 3305 270 10
270 474 3303 3305 10
3303 2895 3305 3306 10
2896 3304 3306 2895 10
2895 3303 3304 3306 10
3304 2896 3306 1733 10
1528 1732 1733 2896 10
2896 3304 1732 1733 10
270 474 271 3303 10
3303 2895 2897 270 10
3303 270 2897 271 10
2895 3303 2897 3304 10
3304 2896 2898 2895 10
3304 2895 2898 2897 10
2896 3304 2898 1732 10
1732 1528 1529 2896 10
1732 2896 1529 2898 10
247 270 271 2897 10
2895 2849 2897 247 10
2895 247 2897 270 10
2849 2895 2897 2898 10
2896 2850 2898 2849 10
2896 2849 2898 2895 10
2850 2896 2898 1529 10
1528 1505 1529 2850 10
1528 2850 1529 2896 10
468 272 560 3475 10
2899 3291 3475 272 10
272 468 3291 3475 10
3291 2899 3475 3476 10
2900 3292 3476 2899 10
2899 3291 3292 3476 10
3292 2900 3476 1818 10
1530 1726 1818 2900 10
2900 3292 1726 1818 10
272 468 268 3291 10
3291 2899 2891 268 10
3291 272 2899 268 10
2899 3291 2891 3292 10
3292 2900 2892 2891 10
3292 2899 2900 2891 10
2900 3292 2892 1726 10
1726 1530 1526 2892 10
1726 2900 1530 2892 10
326 272 268 3007 10
2899 3007 2891 268 10
2899 272 3007 268 10
3007 2899 2891 3008 10
2900 3008 2892 2891 10
2900 2899 3008 2891 10
3008 2900 2892 1584 10
1530 1584 1526 2892 10
1530 2900 1584 2892 10
273 275 274 2905 10
2905 2901 2903 273 10
2905 273 2903 274 10
2901 2905 2903 2906 10
2906 2902 2904 2901 10
2906 2901 2904 2903 10
2902 2906 2904 1533 10
1533 1531 1532 2902 10
1533 2902 1532 2904 10
275 273 269 2905 10
2901 2905 2893 269 10
2901 273 2905 269 10
2905 2901 2893 2906 10
2902 2906 2894 2893 10
2902 2901 2906 2893 10
2906 2902 2894 1533 10
1531 1533 1527 2894 10
1531 2902 1533 2894 10
273 276 269 2907 10
2907 2901 2893 269 10
2907 273 2901 269 10
2901 2907 2893 2908 10
2908 2902 2894 2893 10
2908 2901 2902 2893 10
2902 2908 2894 1534 10
1534 1531 1527 2894 10
1534 2902 1531 2894 10
278 387 277 3129 10
3129 2911 2909 277 10
3129 278 2911 277 10
2911 3129 2909 3130 10
3130 2912 2910 2909 10
3130 2911 2912 2909 10
2912 3130 2910 1645 10
1645 1536 1535 2910 10
1645 2912 1536 2910 10
387 278 246 3129 10
2911 3129 2847 246 10
2911 278 3129 246 10
3129 2911 2847 3130 10
2912 3130 2848 2847 10
2912 2911 3130 2847 10
3130 2912 2848 1645 10
1536 1645 1504 2848 10
1536 2912 1645 2848 10
279 387 246 3129 10
3129 2913 2847 246 10
3129 279 2913 246 10
2913 3129 2847 3130 10
3130 2914 2848 2847 10
3130 2913 2914 2847 10
2914 3130 2848 1645 10
1645 1537 1504 2848 10
1645 2914 1537 2848 10
379 466 562 3479 10
3287 3113 3479 379 10
3287 379 3479 466 10
3113 3287 3479 3480 10
3288 3114 3480 3113 10
3288 3113 3480 3287 10
3114 3288 3480 1820 10
1724 1637 1820 3114 10
1724 3114 1820 3288 10
466 379 248 3287 10
3113 3287 2851 248 10
3113 379 3287 248 10
3287 3113 2851 3288 10
3114 3288 2852 2851 10
3114 3113 3288 2851 10
3288 3114 2852 1724 10
1637 1724 1506 2852 10
1637 3114 1724 2852 10
379 250 248 3113 10
2855 3113 2851 248 10
2855 250 3113 248 10
3113 2855 2851 3114 10
2856 3114 2852 2851 10
2856 2855 3114 2851 10
3114 2856 2852 1637 10
1508 1637 1506 2852 10
1508 2856 1637 2852 10
338 387 279 3129 10
3129 3031 2913 279 10
3129 338 3031 279 10
3031 3129 2913 3130 10
3130 3032 2914 2913 10
3130 3031 3032 2913 10
3032 3130 2914 1645 10
1645 1596 1537 2914 10
1645 3032 1596 2914 10
379 380 250 3115 10
3115 3113 2855 250 10
3115 379 3113 250 10
3113 3115 2855 3116 10
3116 3114 2856 2855 10
3116 3113 3114 2855 10
3114 3116 2856 1638 10
1638 1637 1508 2856 10
1638 3114 1637 2856 10
341 272 326 3037 10
2899 3037 3007 272 10
272 326 3037 3007 10
3037 2899 3007 3038 10
2900 3038 3008 2899 10
2899 3007 3038 3008 10
3038 2900 3008 1599 10
1530 1599 1584 2900 10
2900 3008 1599 1584 10
10 9 280 2915 10
1275 1277 2915 9 10
9 10 1277 2915 10
1277 1275 2915 2916 10
1276 1278 2916 1277 10
1276 1277 2916 1275 10
1278 1276 2916 1538 10
47 48 1538 1278 10
47 1278 1538 1276 10
9 252 280 2915 10
2859 1275 2915 9 10
2859 9 2915 252 10
1275 2859 2915 2916 10
2860 1276 2916 1275 10
2860 1275 2916 2859 10
1276 2860 2916 1538 10
1510 47 1538 1276 10
1510 1276 1538 2860 10
923 964 297 4283 10
4283 4201 2949 297 10
4283 923 4201 297 10
4201 4283 2949 4284 10
4284 4202 2950 2949 10
4284 4201 4202 2949 10
4202 4284 2950 2222 10
2222 2181 1555 2950 10
2222 4202 2181 2950 10
428 923 297 4201 10
4201 3211 2949 297 10
4201 428 3211 297 10
3211 4201 2949 4202 10
4202 3212 2950 2949 10
4202 3211 3212 2949 10
3212 4202 2950 2181 10
2181 1686 1555 2950 10
2181 3212 1686 2950 10
331 282 281 3017 10
2919 3017 2917 281 10
2919 282 3017 281 10
3017 2919 2917 3018 10
2920 3018 2918 2917 10
2920 2919 3018 2917 10
3018 2920 2918 1589 10
1540 1589 1539 2918 10
1540 2920 1589 2918 10
281 417 331 3189 10
3189 2917 3017 281 10
3189 281 3017 331 10
2917 3189 3017 3190 10
3190 2918 3018 2917 10
3190 2917 3018 3017 10
2918 3190 3018 1675 10
1675 1539 1589 2918 10
1675 2918 1589 3018 10
282 332 281 3019 10
3019 2919 2917 281 10
3019 282 2919 281 10
2919 3019 2917 3020 10
3020 2920 2918 2917 10
3020 2919 2920 2917 10
2920 3020 2918 1590 10
1590 1540 1539 2918 10
1590 2920 1540 2918 10
255 281 332 3019 10
2917 2865 3019 255 10
2917 255 3019 281 10
2865 2917 3019 3020 10
2918 2866 3020 2865 10
2918 2865 3020 2917 10
2866 2918 3020 1590 10
1539 1513 1590 2866 10
1539 2866 1590 2918 10
334 283 284 3023 10
2921 3023 2923 283 10
283 284 3023 2923 10
3023 2921 2923 3024 10
2922 3024 2924 2921 10
2921 2923 3024 2924 10
3024 2922 2924 1592 10
1541 1592 1542 2922 10
2922 2924 1592 1542 10
313 284 283 2981 10
2923 2981 2921 283 10
2923 284 2981 283 10
2981 2923 2921 2982 10
2924 2982 2922 2921 10
2924 2923 2982 2921 10
2982 2924 2922 1571 10
1542 1571 1541 2922 10
1542 2924 1571 2922 10
335 334 284 3025 10
3023 3025 2923 284 10
3023 334 3025 284 10
3025 3023 2923 3026 10
3024 3026 2924 2923 10
3024 3023 3026 2923 10
3026 3024 2924 1593 10
1592 1593 1542 2924 10
1592 3024 1593 2924 10
284 285 335 3025 10
2925 2923 3025 284 10
2925 284 3025 285 10
2923 2925 3025 3026 10
2926 2924 3026 2923 10
2926 2923 3026 2925 10
2924 2926 3026 1593 10
1543 1542 1593 2924 10
1543 2924 1593 2926 10
287 286 288 2931 10
2927 2929 2931 286 10
286 287 2929 2931 10
2929 2927 2931 2932 10
2928 2930 2932 2927 10
2927 2929 2930 2932 10
2930 2928 2932 1546 10
1544 1545 1546 2928 10
2928 2930 1545 1546 10
288 393 287 3141 10
3141 2931 2929 287 10
3141 288 2931 287 10
2931 3141 2929 3142 10
3142 2932 2930 2929 10
3142 2931 2932 2929 10
2932 3142 2930 1651 10
1651 1546 1545 2930 10
1651 2932 1546 2930 10
286 336 288 3027 10
3027 2927 2931 286 10
3027 286 2931 288 10
2927 3027 2931 3028 10
3028 2928 2932 2927 10
3028 2927 2932 2931 10
2928 3028 2932 1594 10
1594 1544 1546 2928 10
1594 2928 1546 2932 10
290 291 424 3203 10
2937 2935 3203 290 10
2937 290 3203 291 10
2935 2937 3203 3204 10
2938 2936 3204 2935 10
2938 2935 3204 2937 10
2936 2938 3204 1682 10
1549 1548 1682 2936 10
1549 2936 1682 2938 10
270 247 299 2953 10
2849 2895 2953 247 10
247 270 2895 2953 10
2895 2849 2953 2954 10
2850 2896 2954 2849 10
2849 2895 2896 2954 10
2896 2850 2954 1557 10
1505 1528 1557 2850 10
2850 2896 1528 1557 10
247 361 299 3077 10
3077 2849 2953 247 10
3077 247 2953 299 10
2849 3077 2953 3078 10
3078 2850 2954 2849 10
3078 2849 2954 2953 10
2850 3078 2954 1619 10
1619 1505 1557 2850 10
1619 2850 1557 2954 10
276 273 289 2933 10
2901 2907 2933 273 10
273 276 2907 2933 10
2907 2901 2933 2934 10
2902 2908 2934 2901 10
2901 2907 2908 2934 10
2908 2902 2934 1547 10
1531 1534 1547 2902 10
2902 2908 1534 1547 10
371 276 289 3097 10
2907 3097 2933 276 10
276 289 3097 2933 10
3097 2907 2933 3098 10
2908 3098 2934 2907 10
2907 2933 3098 2934 10
3098 2908 2934 1629 10
1534 1629 1547 2908 10
2908 2934 1629 1547 10
290 351 291 3057 10
3057 2935 2937 290 10
3057 290 2937 291 10
2935 3057 2937 3058 10
3058 2936 2938 2935 10
3058 2935 2938 2937 10
2936 3058 2938 1609 10
1609 1548 1549 2936 10
1609 2936 1549 2938 10
101 305 292 2965 10
2965 2557 2939 101 10
2965 101 2939 292 10
2557 2965 2939 2966 10
2966 2558 2940 2557 10
2966 2557 2940 2939 10
2558 2966 2940 1563 10
1563 1359 1550 2558 10
1563 2558 1550 2940 10
294 293 93 2943 10
2941 2943 2541 93 10
2941 293 2943 93 10
2943 2941 2541 2944 10
2942 2944 2542 2541 10
2942 2941 2944 2541 10
2944 2942 2542 1552 10
1551 1552 1351 2542 10
1551 2942 1552 2542 10
296 295 567 3489 10
2945 2947 3489 295 10
295 296 2947 3489 10
2947 2945 3489 3490 10
2946 2948 3490 2945 10
2945 2947 2948 3490 10
2948 2946 3490 1825 10
1553 1554 1825 2946 10
2946 2948 1554 1825 10
381 296 567 3489 10
2947 3117 3489 296 10
296 381 3117 3489 10
3117 2947 3489 3490 10
2948 3118 3490 2947 10
2947 3117 3118 3490 10
3118 2948 3490 1825 10
1554 1639 1825 2948 10
2948 3118 1639 1825 10
519 309 486 3393 10
2973 3393 3327 309 10
309 486 3393 3327 10
3393 2973 3327 3394 10
2974 3394 3328 2973 10
2973 3327 3394 3328 10
3394 2974 3328 1777 10
1567 1777 1744 2974 10
2974 3328 1777 1744 10
309 307 486 3327 10
2969 2973 3327 307 10
307 309 2973 3327 10
2973 2969 3327 3328 10
2970 2974 3328 2969 10
2969 2973 2974 3328 10
2974 2970 3328 1744 10
1565 1567 1744 2970 10
2970 2974 1567 1744 10
298 297 300 2955 10
2949 2951 2955 297 10
297 298 2951 2955 10
2951 2949 2955 2956 10
2950 2952 2956 2949 10
2949 2951 2952 2956 10
2952 2950 2956 1558 10
1555 1556 1558 2950 10
2950 2952 1556 1558 10
299 298 300 2955 10
2951 2953 2955 298 10
298 299 2953 2955 10
2953 2951 2955 2956 10
2952 2954 2956 2951 10
2951 2953 2954 2956 10
2954 2952 2956 1558 10
1556 1557 1558 2952 10
2952 2954 1557 1558 10
280 301 365 3085 10
2957 2915 3085 280 10
2957 280 3085 301 10
2915 2957 3085 3086 10
2958 2916 3086 2915 10
2958 2915 3086 2957 10
2916 2958 3086 1623 10
1559 1538 1623 2916 10
1559 2916 1623 2958 10
301 289 365 3085 10
2933 2957 3085 289 10
289 301 2957 3085 10
2957 2933 3085 3086 10
2934 2958 3086 2933 10
2933 2957 2958 3086 10
2958 2934 3086 1623 10
1547 1559 1623 2934 10
2934 2958 1559 1623 10
411 492 600 3555 10
3339 3177 3555 411 10
3339 411 3555 492 10
3177 3339 3555 3556 10
3340 3178 3556 3177 10
3340 3177 3556 3339 10
3178 3340 3556 1858 10
1750 1669 1858 3178 10
1750 3178 1858 3340 10
492 411 347 3339 10
3177 3339 3049 347 10
3177 411 3339 347 10
3339 3177 3049 3340 10
3178 3340 3050 3049 10
3178 3177 3340 3049 10
3340 3178 3050 1750 10
1669 1750 1605 3050 10
1669 3178 1750 3050 10
303 388 302 3131 10
3131 2961 2959 302 10
3131 303 2961 302 10
2961 3131 2959 3132 10
3132 2962 2960 2959 10
3132 2961 2962 2959 10
2962 3132 2960 1646 10
1646 1561 1560 2960 10
1646 2962 1561 2960 10
388 303 304 3131 10
2961 3131 2963 303 10
303 304 3131 2963 10
3131 2961 2963 3132 10
2962 3132 2964 2961 10
2961 2963 3132 2964 10
3132 2962 2964 1646 10
1561 1646 1562 2962 10
2962 2964 1646 1562 10
384 312 305 3123 10
2979 3123 2965 305 10
2979 312 3123 305 10
3123 2979 2965 3124 10
2980 3124 2966 2965 10
2980 2979 3124 2965 10
3124 2980 2966 1642 10
1570 1642 1563 2966 10
1570 2980 1642 2966 10
435 337 294 3225 10
3029 3225 2943 294 10
3029 337 3225 294 10
3225 3029 2943 3226 10
3030 3226 2944 2943 10
3030 3029 3226 2943 10
3226 3030 2944 1693 10
1595 1693 1552 2944 10
1595 3030 1693 2944 10
338 339 306 3033 10
3033 3031 2967 306 10
3033 338 3031 306 10
3031 3033 2967 3034 10
3034 3032 2968 2967 10
3034 3031 3032 2967 10
3032 3034 2968 1597 10
1597 1596 1564 2968 10
1597 3032 1596 2968 10
339 290 306 3033 10
2935 3033 2967 290 10
290 306 3033 2967 10
3033 2935 2967 3034 10
2936 3034 2968 2935 10
2935 2967 3034 2968 10
3034 2936 2968 1597 10
1548 1597 1564 2936 10
2936 2968 1597 1564 10
243 389 287 3133 10
3133 2841 2929 243 10
3133 243 2929 287 10
2841 3133 2929 3134 10
3134 2842 2930 2841 10
3134 2841 2930 2929 10
2842 3134 2930 1647 10
1647 1501 1545 2842 10
1647 2842 1545 2930 10
314 345 331 3045 10
3045 2983 3017 314 10
3045 314 3017 331 10
2983 3045 3017 3046 10
3046 2984 3018 2983 10
3046 2983 3018 3017 10
2984 3046 3018 1603 10
1603 1572 1589 2984 10
1603 2984 1589 3018 10
381 345 296 3117 10
3045 3117 2947 296 10
3045 345 3117 296 10
3117 3045 2947 3118 10
3046 3118 2948 2947 10
3046 3045 3118 2947 10
3118 3046 2948 1639 10
1603 1639 1554 2948 10
1603 3046 1639 2948 10
308 257 283 2971 10
2869 2971 2921 257 10
257 283 2971 2921 10
2971 2869 2921 2972 10
2870 2972 2922 2869 10
2869 2921 2972 2922 10
2972 2870 2922 1566 10
1515 1566 1541 2870 10
2870 2922 1566 1541 10
308 307 309 2973 10
2969 2971 2973 307 10
307 308 2971 2973 10
2971 2969 2973 2974 10
2970 2972 2974 2969 10
2969 2971 2972 2974 10
2972 2970 2974 1567 10
1565 1566 1567 2970 10
2970 2972 1566 1567 10
350 310 332 3055 10
2975 3055 3019 310 10
310 332 3055 3019 10
3055 2975 3019 3056 10
2976 3056 3020 2975 10
2975 3019 3056 3020 10
3056 2976 3020 1608 10
1568 1608 1590 2976 10
2976 3020 1608 1590 10
349 333 335 3053 10
3021 3053 3025 333 10
333 335 3053 3025 10
3053 3021 3025 3054 10
3022 3054 3026 3021 10
3021 3025 3054 3026 10
3054 3022 3026 1607 10
1591 1607 1593 3022 10
3022 3026 1607 1593 10
311 338 306 3031 10
3031 2977 2967 306 10
3031 311 2977 306 10
2977 3031 2967 3032 10
3032 2978 2968 2967 10
3032 2977 2978 2967 10
2978 3032 2968 1596 10
1596 1569 1564 2968 10
1596 2978 1569 2968 10
421 311 306 3197 10
2977 3197 2967 306 10
2977 311 3197 306 10
3197 2977 2967 3198 10
2978 3198 2968 2967 10
2978 2977 3198 2967 10
3198 2978 2968 1679 10
1569 1679 1564 2968 10
1569 2978 1679 2968 10
338 311 387 3129 10
2977 3031 3129 311 10
311 338 3031 3129 10
3031 2977 3129 3130 10
2978 3032 3130 2977 10
2977 3031 3032 3130 10
3032 2978 3130 1645 10
1569 1596 1645 2978 10
2978 3032 1596 1645 10
434 416 292 3223 10
3187 3223 2939 292 10
3187 416 3223 292 10
3223 3187 2939 3224 10
3188 3224 2940 2939 10
3188 3187 3224 2939 10
3224 3188 2940 1692 10
1674 1692 1550 2940 10
1674 3188 1692 2940 10
434 312 417 3223 10
2979 3223 3189 312 10
312 417 3223 3189 10
3223 2979 3189 3224 10
2980 3224 3190 2979 10
2979 3189 3224 3190 10
3224 2980 3190 1692 10
1570 1692 1675 2980 10
2980 3190 1692 1675 10
416 434 417 3223 10
3223 3187 3189 416 10
3223 416 3189 417 10
3187 3223 3189 3224 10
3224 3188 3190 3187 10
3224 3187 3190 3189 10
3188 3224 3190 1692 10
1692 1674 1675 3188 10
1692 3188 1675 3190 10
415 436 93 3227 10
3227 3185 2541 93 10
3227 415 3185 93 10
3185 3227 2541 3228 10
3228 3186 2542 2541 10
3228 3185 3186 2541 10
3186 3228 2542 1694 10
1694 1673 1351 2542 10
1694 3186 1673 2542 10
435 436 313 3227 10
3227 3225 2981 313 10
3227 435 3225 313 10
3225 3227 2981 3228 10
3228 3226 2982 2981 10
3228 3225 3226 2981 10
3226 3228 2982 1694 10
1694 1693 1571 2982 10
1694 3226 1693 2982 10
436 415 313 3227 10
3185 3227 2981 313 10
3185 415 3227 313 10
3227 3185 2981 3228 10
3186 3228 2982 2981 10
3186 3185 3228 2981 10
3228 3186 2982 1694 10
1673 1694 1571 2982 10
1673 3186 1694 2982 10
266 344 315 3043 10
3043 2887 2985 266 10
3043 266 2985 315 10
2887 3043 2985 3044 10
3044 2888 2986 2887 10
3044 2887 2986 2985 10
2888 3044 2986 1602 10
1602 1524 1573 2888 10
1602 2888 1573 2986 10
344 314 315 3043 10
2983 3043 2985 314 10
314 315 3043 2985 10
3043 2983 2985 3044 10
2984 3044 2986 2983 10
2983 2985 3044 2986 10
3044 2984 2986 1602 10
1572 1602 1573 2984 10
2984 2986 1602 1573 10
316 464 264 3283 10
3283 2987 2883 264 10
3283 316 2987 264 10
2987 3283 2883 3284 10
3284 2988 2884 2883 10
3284 2987 2988 2883 10
2988 3284 2884 1722 10
1722 1574 1522 2884 10
1722 2988 1574 2884 10
257 316 264 2987 10
2987 2869 2883 257 10
2987 257 2883 264 10
2869 2987 2883 2988 10
2988 2870 2884 2869 10
2988 2869 2884 2883 10
2870 2988 2884 1574 10
1574 1515 1522 2870 10
1574 2870 1522 2884 10
317 272 341 3037 10
2899 2989 3037 272 10
272 317 2989 3037 10
2989 2899 3037 3038 10
2900 2990 3038 2899 10
2899 2989 2990 3038 10
2990 2900 3038 1599 10
1530 1575 1599 2900 10
2900 2990 1575 1599 10
379 318 380 3115 10
2991 3113 3115 318 10
318 379 3113 3115 10
3113 2991 3115 3116 10
2992 3114 3116 2991 10
2991 3113 3114 3116 10
3114 2992 3116 1638 10
1576 1637 1638 2992 10
2992 3114 1637 1638 10
341 376 317 3107 10
3107 3037 2989 317 10
3107 341 3037 317 10
3037 3107 2989 3108 10
3108 3038 2990 2989 10
3108 3037 3038 2989 10
3038 3108 2990 1634 10
1634 1599 1575 2990 10
1634 3038 1599 2990 10
396 380 318 3147 10
3115 3147 2991 318 10
3115 380 3147 318 10
3147 3115 2991 3148 10
3116 3148 2992 2991 10
3116 3115 3148 2991 10
3148 3116 2992 1654 10
1638 1654 1576 2992 10
1638 3116 1654 2992 10
101 352 305 3059 10
3059 2557 2965 101 10
3059 101 2965 305 10
2557 3059 2965 3060 10
3060 2558 2966 2557 10
3060 2557 2966 2965 10
2558 3060 2966 1610 10
1610 1359 1563 2558 10
1610 2558 1563 2966 10
385 293 294 3125 10
2941 3125 2943 293 10
293 294 3125 2943 10
3125 2941 2943 3126 10
2942 3126 2944 2941 10
2941 2943 3126 2944 10
3126 2942 2944 1643 10
1551 1643 1552 2942 10
2942 2944 1643 1552 10
320 319 246 2995 10
2993 2995 2847 246 10
2993 319 2995 246 10
2995 2993 2847 2996 10
2994 2996 2848 2847 10
2994 2993 2996 2847 10
2996 2994 2848 1578 10
1577 1578 1504 2848 10
1577 2994 1578 2848 10
319 243 246 2993 10
2841 2993 2847 243 10
243 246 2993 2847 10
2993 2841 2847 2994 10
2842 2994 2848 2841 10
2841 2847 2994 2848 10
2994 2842 2848 1577 10
1501 1577 1504 2842 10
2842 2848 1577 1504 10
438 321 322 3231 10
2997 3231 2999 321 10
321 322 3231 2999 10
3231 2997 2999 3232 10
2998 3232 3000 2997 10
2997 2999 3232 3000 10
3232 2998 3000 1696 10
1579 1696 1580 2998 10
2998 3000 1696 1580 10
438 365 289 3231 10
3085 3231 2933 289 10
3085 365 3231 289 10
3231 3085 2933 3232 10
3086 3232 2934 2933 10
3086 3085 3232 2933 10
3232 3086 2934 1696 10
1623 1696 1547 2934 10
1623 3086 1696 2934 10
426 323 330 3207 10
3001 3207 3015 323 10
323 330 3207 3015 10
3207 3001 3015 3208 10
3002 3208 3016 3001 10
3001 3015 3208 3016 10
3208 3002 3016 1684 10
1581 1684 1588 3002 10
3002 3016 1684 1588 10
300 323 299 3001 10
3001 2955 2953 299 10
3001 300 2955 299 10
2955 3001 2953 3002 10
3002 2956 2954 2953 10
3002 2955 2956 2953 10
2956 3002 2954 1581 10
1581 1558 1557 2954 10
1581 2956 1558 2954 10
382 324 269 3119 10
3003 3119 2893 269 10
3003 324 3119 269 10
3119 3003 2893 3120 10
3004 3120 2894 2893 10
3004 3003 3120 2893 10
3120 3004 2894 1640 10
1582 1640 1527 2894 10
1582 3004 1640 2894 10
310 382 269 3119 10
3119 2975 2893 269 10
3119 310 2975 269 10
2975 3119 2893 3120 10
3120 2976 2894 2893 10
3120 2975 2976 2893 10
2976 3120 2894 1640 10
1640 1568 1527 2894 10
1640 2976 1568 2894 10
472 348 271 3299 10
3051 3299 2897 271 10
3051 348 3299 271 10
3299 3051 2897 3300 10
3052 3300 2898 2897 10
3052 3051 3300 2897 10
3300 3052 2898 1730 10
1606 1730 1529 2898 10
1606 3052 1730 2898 10
348 349 271 3053 10
3053 3051 2897 271 10
3053 348 3051 271 10
3051 3053 2897 3054 10
3054 3052 2898 2897 10
3054 3051 3052 2897 10
3052 3054 2898 1607 10
1607 1606 1529 2898 10
1607 3052 1606 2898 10
329 366 325 3087 10
3087 3013 3005 325 10
3087 329 3013 325 10
3013 3087 3005 3088 10
3088 3014 3006 3005 10
3088 3013 3014 3005 10
3014 3088 3006 1624 10
1624 1587 1583 3006 10
1624 3014 1587 3006 10
330 329 325 3015 10
3013 3015 3005 325 10
3013 329 3015 325 10
3015 3013 3005 3016 10
3014 3016 3006 3005 10
3014 3013 3016 3005 10
3016 3014 3006 1588 10
1587 1588 1583 3006 10
1587 3014 1588 3006 10
366 329 300 3087 10
3013 3087 2955 300 10
3013 329 3087 300 10
3087 3013 2955 3088 10
3014 3088 2956 2955 10
3014 3013 3088 2955 10
3088 3014 2956 1624 10
1587 1624 1558 2956 10
1587 3014 1624 2956 10
11 328 12 3011 10
3011 1279 1281 11 10
3011 11 1281 12 10
1279 3011 1281 3012 10
3012 1280 1282 1279 10
3012 1279 1282 1281 10
1280 3012 1282 1586 10
1586 49 50 1280 10
1586 1280 50 1282 10
328 322 12 3011 10
2999 3011 1281 12 10
2999 322 3011 12 10
3011 2999 1281 3012 10
3000 3012 1282 1281 10
3000 2999 3012 1281 10
3012 3000 1282 1586 10
1580 1586 50 1282 10
1580 3000 1586 1282 10
328 11 365 3085 10
1279 3011 3085 11 10
11 328 3011 3085 10
3011 1279 3085 3086 10
1280 3012 3086 1279 10
1279 3011 3012 3086 10
3012 1280 3086 1623 10
49 1586 1623 1280 10
1280 3012 1586 1623 10
342 326 383 3121 10
3007 3039 3121 326 10
326 342 3039 3121 10
3039 3007 3121 3122 10
3008 3040 3122 3007 10
3007 3039 3040 3122 10
3040 3008 3122 1641 10
1584 1600 1641 3008 10
3008 3040 1600 1641 10
250 343 249 3041 10
3041 2855 2853 249 10
3041 250 2855 249 10
2855 3041 2853 3042 10
3042 2856 2854 2853 10
3042 2855 2856 2853 10
2856 3042 2854 1601 10
1601 1508 1507 2854 10
1601 2856 1508 2854 10
327 279 244 3009 10
2913 3009 2843 244 10
2913 279 3009 244 10
3009 2913 2843 3010 10
2914 3010 2844 2843 10
2914 2913 3010 2843 10
3010 2914 2844 1585 10
1537 1585 1502 2844 10
1537 2914 1585 2844 10
340 327 244 3035 10
3009 3035 2843 244 10
3009 327 3035 244 10
3035 3009 2843 3036 10
3010 3036 2844 2843 10
3010 3009 3036 2843 10
3036 3010 2844 1598 10
1585 1598 1502 2844 10
1585 3010 1598 2844 10
401 394 347 3157 10
3143 3157 3049 347 10
3143 394 3157 347 10
3157 3143 3049 3158 10
3144 3158 3050 3049 10
3144 3143 3158 3049 10
3158 3144 3050 1659 10
1652 1659 1605 3050 10
1652 3144 1659 3050 10
328 438 322 3231 10
3231 3011 2999 322 10
3231 328 3011 322 10
3011 3231 2999 3232 10
3232 3012 3000 2999 10
3232 3011 3012 2999 10
3012 3232 3000 1696 10
1696 1586 1580 3000 10
1696 3012 1586 3000 10
365 438 328 3231 10
3231 3085 3011 328 10
3231 365 3085 328 10
3085 3231 3011 3232 10
3232 3086 3012 3011 10
3232 3085 3086 3011 10
3086 3232 3012 1696 10
1696 1623 1586 3012 10
1696 3086 1623 3012 10
323 329 330 3015 10
3013 3001 3015 323 10
3013 323 3015 329 10
3001 3013 3015 3016 10
3014 3002 3016 3001 10
3014 3001 3016 3013 10
3002 3014 3016 1588 10
1587 1581 1588 3002 10
1587 3002 1588 3014 10
323 300 329 3013 10
2955 3001 3013 300 10
300 323 3001 3013 10
3001 2955 3013 3014 10
2956 3002 3014 2955 10
2955 3001 3002 3014 10
3002 2956 3014 1587 10
1558 1581 1587 2956 10
2956 3002 1581 1587 10
308 334 307 3023 10
3023 2971 2969 307 10
3023 308 2971 307 10
2971 3023 2969 3024 10
3024 2972 2970 2969 10
3024 2971 2972 2969 10
2972 3024 2970 1592 10
1592 1566 1565 2970 10
1592 2972 1566 2970 10
283 334 308 3023 10
3023 2921 2971 283 10
3023 283 2971 308 10
2921 3023 2971 3024 10
3024 2922 2972 2921 10
3024 2921 2972 2971 10
2922 3024 2972 1592 10
1592 1541 1566 2922 10
1592 2922 1566 2972 10
282 345 381 3117 10
3045 2919 3117 282 10
3045 282 3117 345 10
2919 3045 3117 3118 10
3046 2920 3118 2919 10
3046 2919 3118 3045 10
2920 3046 3118 1639 10
1603 1540 1639 2920 10
1603 2920 1639 3046 10
282 331 345 3045 10
3017 2919 3045 282 10
3017 282 3045 331 10
2919 3017 3045 3046 10
3018 2920 3046 2919 10
3018 2919 3046 3017 10
2920 3018 3046 1603 10
1589 1540 1603 2920 10
1589 2920 1603 3018 10
350 282 381 3117 10
2919 3055 3117 282 10
282 350 3055 3117 10
3055 2919 3117 3118 10
2920 3056 3118 2919 10
2919 3055 3056 3118 10
3056 2920 3118 1639 10
1540 1608 1639 2920 10
2920 3056 1608 1639 10
332 282 350 3055 10
2919 3019 3055 282 10
282 332 3019 3055 10
3019 2919 3055 3056 10
2920 3020 3056 2919 10
2919 3019 3020 3056 10
3020 2920 3056 1608 10
1540 1590 1608 2920 10
2920 3020 1590 1608 10
334 333 307 3023 10
3021 3023 2969 307 10
3021 333 3023 307 10
3023 3021 2969 3024 10
3022 3024 2970 2969 10
3022 3021 3024 2969 10
3024 3022 2970 1592 10
1591 1592 1565 2970 10
1591 3022 1592 2970 10
334 335 333 3025 10
3025 3023 3021 333 10
3025 334 3023 333 10
3023 3025 3021 3026 10
3026 3024 3022 3021 10
3026 3023 3024 3021 10
3024 3026 3022 1593 10
1593 1592 1591 3022 10
1593 3024 1592 3022 10
286 287 389 3133 10
2929 2927 3133 286 10
2929 286 3133 287 10
2927 2929 3133 3134 10
2930 2928 3134 2927 10
2930 2927 3134 2929 10
2928 2930 3134 1647 10
1545 1544 1647 2928 10
1545 2928 1647 2930 10
336 286 304 3027 10
2927 3027 2963 286 10
286 304 3027 2963 10
3027 2927 2963 3028 10
2928 3028 2964 2927 10
2927 2963 3028 2964 10
3028 2928 2964 1594 10
1544 1594 1562 2928 10
2928 2964 1594 1562 10
339 351 290 3057 10
3057 3033 2935 290 10
3057 339 3033 290 10
3033 3057 2935 3058 10
3058 3034 2936 2935 10
3058 3033 3034 2935 10
3034 3058 2936 1609 10
1609 1597 1548 2936 10
1609 3034 1597 2936 10
384 305 352 3123 10
2965 3123 3059 305 10
305 352 3123 3059 10
3123 2965 3059 3124 10
2966 3124 3060 2965 10
2965 3059 3124 3060 10
3124 2966 3060 1642 10
1563 1642 1610 2966 10
2966 3060 1642 1610 10
294 337 385 3125 10
3029 2943 3125 294 10
3029 294 3125 337 10
2943 3029 3125 3126 10
3030 2944 3126 2943 10
3030 2943 3126 3029 10
2944 3030 3126 1643 10
1595 1552 1643 2944 10
1595 2944 1643 3030 10
327 338 279 3031 10
3031 3009 2913 279 10
3031 327 3009 279 10
3009 3031 2913 3032 10
3032 3010 2914 2913 10
3032 3009 3010 2913 10
3010 3032 2914 1596 10
1596 1585 1537 2914 10
1596 3010 1585 2914 10
339 338 327 3033 10
3031 3033 3009 327 10
3031 338 3033 327 10
3033 3031 3009 3034 10
3032 3034 3010 3009 10
3032 3031 3034 3009 10
3034 3032 3010 1597 10
1596 1597 1585 3010 10
1596 3032 1597 3010 10
340 351 327 3057 10
3057 3035 3009 327 10
3057 340 3035 327 10
3035 3057 3009 3058 10
3058 3036 3010 3009 10
3058 3035 3036 3009 10
3036 3058 3010 1609 10
1609 1598 1585 3010 10
1609 3036 1598 3010 10
327 351 339 3057 10
3057 3009 3033 327 10
3057 327 3033 339 10
3009 3057 3033 3058 10
3058 3010 3034 3009 10
3058 3009 3034 3033 10
3010 3058 3034 1609 10
1609 1585 1597 3010 10
1609 3010 1597 3034 10
342 341 326 3039 10
3037 3039 3007 326 10
3037 341 3039 326 10
3039 3037 3007 3040 10
3038 3040 3008 3007 10
3038 3037 3040 3007 10
3040 3038 3008 1600 10
1599 1600 1584 3008 10
1599 3038 1600 3008 10
398 341 342 3151 10
3037 3151 3039 341 10
341 342 3151 3039 10
3151 3037 3039 3152 10
3038 3152 3040 3037 10
3037 3039 3152 3040 10
3152 3038 3040 1656 10
1599 1656 1600 3038 10
3038 3040 1656 1600 10
342 391 398 3151 10
3137 3039 3151 342 10
3137 342 3151 391 10
3039 3137 3151 3152 10
3138 3040 3152 3039 10
3138 3039 3152 3137 10
3040 3138 3152 1656 10
1649 1600 1656 3040 10
1649 3040 1656 3138 10
380 343 250 3115 10
3041 3115 2855 250 10
3041 343 3115 250 10
3115 3041 2855 3116 10
3042 3116 2856 2855 10
3042 3041 3116 2855 10
3116 3042 2856 1638 10
1601 1638 1508 2856 10
1601 3042 1638 2856 10
380 397 343 3149 10
3149 3115 3041 343 10
3149 380 3115 343 10
3115 3149 3041 3150 10
3150 3116 3042 3041 10
3150 3115 3116 3041 10
3116 3150 3042 1655 10
1655 1638 1601 3042 10
1655 3116 1638 3042 10
386 343 397 3149 10
3041 3127 3149 343 10
343 386 3127 3149 10
3127 3041 3149 3150 10
3042 3128 3150 3041 10
3041 3127 3128 3150 10
3128 3042 3150 1655 10
1601 1644 1655 3042 10
3042 3128 1644 1655 10
316 519 464 3393 10
3393 2987 3283 316 10
3393 316 3283 464 10
2987 3393 3283 3394 10
3394 2988 3284 2987 10
3394 2987 3284 3283 10
2988 3394 3284 1777 10
1777 1574 1722 2988 10
1777 2988 1722 3284 10
519 316 309 3393 10
2987 3393 2973 309 10
2987 316 3393 309 10
3393 2987 2973 3394 10
2988 3394 2974 2973 10
2988 2987 3394 2973 10
3394 2988 2974 1777 10
1574 1777 1567 2974 10
1574 2988 1777 2974 10
308 316 257 2987 10
2987 2971 2869 257 10
2987 308 2971 257 10
2971 2987 2869 2988 10
2988 2972 2870 2869 10
2988 2971 2972 2869 10
2972 2988 2870 1574 10
1574 1566 1515 2870 10
1574 2972 1566 2870 10
308 309 316 2987 10
2973 2971 2987 308 10
2973 308 2987 309 10
2971 2973 2987 2988 10
2974 2972 2988 2971 10
2974 2971 2988 2973 10
2972 2974 2988 1574 10
1567 1566 1574 2972 10
1567 2972 1574 2974 10
295 344 266 3043 10
3043 2945 2887 266 10
3043 295 2945 266 10
2945 3043 2887 3044 10
3044 2946 2888 2887 10
3044 2945 2946 2887 10
2946 3044 2888 1602 10
1602 1553 1524 2888 10
1602 2946 1553 2888 10
344 295 296 3043 10
2945 3043 2947 295 10
295 296 3043 2947 10
3043 2945 2947 3044 10
2946 3044 2948 2945 10
2945 2947 3044 2948 10
3044 2946 2948 1602 10
1553 1602 1554 2946 10
2946 2948 1602 1554 10
344 345 314 3045 10
3045 3043 2983 314 10
3045 344 3043 314 10
3043 3045 2983 3046 10
3046 3044 2984 2983 10
3046 3043 3044 2983 10
3044 3046 2984 1603 10
1603 1602 1572 2984 10
1603 3044 1602 2984 10
296 345 344 3045 10
3045 2947 3043 296 10
3045 296 3043 344 10
2947 3045 3043 3046 10
3046 2948 3044 2947 10
3046 2947 3044 3043 10
2948 3046 3044 1603 10
1603 1554 1602 2948 10
1603 2948 1602 3044 10
492 439 346 3339 10
3233 3339 3047 346 10
3233 439 3339 346 10
3339 3233 3047 3340 10
3234 3340 3048 3047 10
3234 3233 3340 3047 10
3340 3234 3048 1750 10
1697 1750 1604 3048 10
1697 3234 1750 3048 10
439 492 347 3339 10
3339 3233 3049 347 10
3339 439 3233 347 10
3233 3339 3049 3340 10
3340 3234 3050 3049 10
3340 3233 3234 3049 10
3234 3340 3050 1750 10
1750 1697 1605 3050 10
1750 3234 1697 3050 10
377 303 378 3111 10
2961 3109 3111 303 10
303 377 3109 3111 10
3109 2961 3111 3112 10
2962 3110 3112 2961 10
2961 3109 3110 3112 10
3110 2962 3112 1636 10
1561 1635 1636 2962 10
2962 3110 1635 1636 10
303 377 304 3109 10
3109 2961 2963 303 10
3109 303 2963 304 10
2961 3109 2963 3110 10
3110 2962 2964 2961 10
3110 2961 2964 2963 10
2962 3110 2964 1635 10
1635 1561 1562 2962 10
1635 2962 1562 2964 10
526 319 320 3407 10
2993 3407 2995 319 10
319 320 3407 2995 10
3407 2993 2995 3408 10
2994 3408 2996 2993 10
2993 2995 3408 2996 10
3408 2994 2996 1784 10
1577 1784 1578 2994 10
2994 2996 1784 1578 10
319 389 243 3133 10
3133 2993 2841 243 10
3133 319 2993 243 10
2993 3133 2841 3134 10
3134 2994 2842 2841 10
3134 2993 2994 2841 10
2994 3134 2842 1647 10
1647 1577 1501 2842 10
1647 2994 1577 2842 10
565 348 472 3485 10
3051 3485 3299 348 10
348 472 3485 3299 10
3485 3051 3299 3486 10
3052 3486 3300 3051 10
3051 3299 3486 3300 10
3486 3052 3300 1823 10
1606 1823 1730 3052 10
3052 3300 1823 1730 10
348 333 349 3053 10
3021 3051 3053 333 10
333 348 3051 3053 10
3051 3021 3053 3054 10
3022 3052 3054 3021 10
3021 3051 3052 3054 10
3052 3022 3054 1607 10
1591 1606 1607 3022 10
3022 3052 1606 1607 10
382 566 324 3487 10
3487 3119 3003 324 10
3487 382 3119 324 10
3119 3487 3003 3488 10
3488 3120 3004 3003 10
3488 3119 3120 3003 10
3120 3488 3004 1824 10
1824 1640 1582 3004 10
1824 3120 1640 3004 10
350 382 310 3119 10
3119 3055 2975 310 10
3119 350 3055 310 10
3055 3119 2975 3120 10
3120 3056 2976 2975 10
3120 3055 3056 2975 10
3056 3120 2976 1640 10
1640 1608 1568 2976 10
1640 3056 1608 2976 10
291 354 159 3063 10
3063 2937 2673 159 10
3063 291 2937 159 10
2937 3063 2673 3064 10
3064 2938 2674 2673 10
3064 2937 2938 2673 10
2938 3064 2674 1612 10
1612 1549 1417 2674 10
1612 2938 1549 2674 10
354 291 351 3063 10
2937 3063 3057 291 10
291 351 3063 3057 10
3063 2937 3057 3064 10
2938 3064 3058 2937 10
2937 3057 3064 3058 10
3064 2938 3058 1612 10
1549 1612 1609 2938 10
2938 3058 1612 1609 10
340 354 351 3063 10
3063 3035 3057 340 10
3063 340 3057 351 10
3035 3063 3057 3064 10
3064 3036 3058 3035 10
3064 3035 3058 3057 10
3036 3064 3058 1612 10
1612 1598 1609 3036 10
1612 3036 1609 3058 10
353 352 101 3061 10
3059 3061 2557 101 10
3059 352 3061 101 10
3061 3059 2557 3062 10
3060 3062 2558 2557 10
3060 3059 3062 2557 10
3062 3060 2558 1611 10
1610 1611 1359 2558 10
1610 3060 1611 2558 10
352 353 391 3137 10
3061 3059 3137 352 10
3061 352 3137 353 10
3059 3061 3137 3138 10
3062 3060 3138 3059 10
3062 3059 3138 3061 10
3060 3062 3138 1649 10
1611 1610 1649 3060 10
1611 3060 1649 3062 10
385 98 293 3125 10
2551 3125 2941 98 10
98 293 3125 2941 10
3125 2551 2941 3126 10
2552 3126 2942 2551 10
2551 2941 3126 2942 10
3126 2552 2942 1643 10
1356 1643 1551 2552 10
2552 2942 1643 1551 10
98 385 386 3127 10
3125 2551 3127 98 10
3125 98 3127 385 10
2551 3125 3127 3128 10
3126 2552 3128 2551 10
3126 2551 3128 3125 10
2552 3126 3128 1644 10
1643 1356 1644 2552 10
1643 2552 1644 3126 10
159 355 162 3065 10
3065 2673 2679 159 10
3065 159 2679 162 10
2673 3065 2679 3066 10
3066 2674 2680 2673 10
3066 2673 2680 2679 10
2674 3066 2680 1613 10
1613 1417 1420 2674 10
1613 2674 1420 2680 10
159 354 355 3065 10
3063 2673 3065 159 10
3063 159 3065 354 10
2673 3063 3065 3066 10
3064 2674 3066 2673 10
3064 2673 3066 3063 10
2674 3064 3066 1613 10
1612 1417 1613 2674 10
1612 2674 1613 3064 10
393 355 340 3141 10
3065 3141 3035 340 10
3065 355 3141 340 10
3141 3065 3035 3142 10
3066 3142 3036 3035 10
3066 3065 3142 3035 10
3142 3066 3036 1651 10
1613 1651 1598 3036 10
1613 3066 1651 3036 10
354 340 355 3065 10
3035 3063 3065 340 10
340 354 3063 3065 10
3063 3035 3065 3066 10
3036 3064 3066 3035 10
3035 3063 3064 3066 10
3064 3036 3066 1613 10
1598 1612 1613 3036 10
3036 3064 1612 1613 10
356 360 409 3173 10
3075 3067 3173 356 10
3075 356 3173 360 10
3067 3075 3173 3174 10
3076 3068 3174 3067 10
3076 3067 3174 3075 10
3068 3076 3174 1667 10
1618 1614 1667 3068 10
1618 3068 1667 3076 10
368 360 356 3091 10
3075 3091 3067 356 10
3075 360 3091 356 10
3091 3075 3067 3092 10
3076 3092 3068 3067 10
3076 3075 3092 3067 10
3092 3076 3068 1626 10
1618 1626 1614 3068 10
1618 3076 1626 3068 10
356 255 258 3067 10
2865 3067 2871 255 10
255 258 3067 2871 10
3067 2865 2871 3068 10
2866 3068 2872 2865 10
2865 2871 3068 2872 10
3068 2866 2872 1614 10
1513 1614 1516 2866 10
2866 2872 1614 1516 10
258 368 356 3091 10
3091 2871 3067 258 10
3091 258 3067 356 10
2871 3091 3067 3092 10
3092 2872 3068 2871 10
3092 2871 3068 3067 10
2872 3092 3068 1626 10
1626 1516 1614 2872 10
1626 2872 1614 3068 10
154 357 118 3069 10
3069 2663 2591 118 10
3069 154 2663 118 10
2663 3069 2591 3070 10
3070 2664 2592 2591 10
3070 2663 2664 2591 10
2664 3070 2592 1615 10
1615 1412 1376 2592 10
1615 2664 1412 2592 10
154 358 357 3071 10
3071 2663 3069 154 10
3071 154 3069 357 10
2663 3071 3069 3072 10
3072 2664 3070 2663 10
3072 2663 3070 3069 10
2664 3072 3070 1616 10
1616 1412 1615 2664 10
1616 2664 1615 3070 10
285 357 363 3081 10
3069 2925 3081 285 10
3069 285 3081 357 10
2925 3069 3081 3082 10
3070 2926 3082 2925 10
3070 2925 3082 3069 10
2926 3070 3082 1621 10
1615 1543 1621 2926 10
1615 2926 1621 3070 10
358 363 357 3081 10
3081 3071 3069 357 10
3081 358 3071 357 10
3071 3081 3069 3082 10
3082 3072 3070 3069 10
3082 3071 3072 3069 10
3072 3082 3070 1621 10
1621 1616 1615 3070 10
1621 3072 1616 3070 10
359 358 154 3073 10
3071 3073 2663 154 10
3071 358 3073 154 10
3073 3071 2663 3074 10
3072 3074 2664 2663 10
3072 3071 3074 2663 10
3074 3072 2664 1617 10
1616 1617 1412 2664 10
1616 3072 1617 2664 10
368 199 360 3091 10
2753 3091 3075 199 10
199 360 3091 3075 10
3091 2753 3075 3092 10
2754 3092 3076 2753 10
2753 3075 3092 3076 10
3092 2754 3076 1626 10
1457 1626 1618 2754 10
2754 3076 1626 1618 10
361 251 362 3079 10
2857 3077 3079 251 10
251 361 3077 3079 10
3077 2857 3079 3080 10
2858 3078 3080 2857 10
2857 3077 3078 3080 10
3078 2858 3080 1620 10
1509 1619 1620 2858 10
2858 3078 1619 1620 10
297 298 362 3079 10
2951 2949 3079 297 10
2951 297 3079 298 10
2949 2951 3079 3080 10
2952 2950 3080 2949 10
2952 2949 3080 2951 10
2950 2952 3080 1620 10
1556 1555 1620 2950 10
1556 2950 1620 2952 10
361 362 299 3079 10
3079 3077 2953 299 10
3079 361 3077 299 10
3077 3079 2953 3080 10
3080 3078 2954 2953 10
3080 3077 3078 2953 10
3078 3080 2954 1620 10
1620 1619 1557 2954 10
1620 3078 1619 2954 10
298 299 362 3079 10
2953 2951 3079 298 10
2953 298 3079 299 10
2951 2953 3079 3080 10
2954 2952 3080 2951 10
2954 2951 3080 2953 10
2952 2954 3080 1620 10
1557 1556 1620 2952 10
1557 2952 1620 2954 10
254 371 253 3097 10
3097 2863 2861 253 10
3097 254 2863 253 10
2863 3097 2861 3098 10
3098 2864 2862 2861 10
3098 2863 2864 2861 10
2864 3098 2862 1629 10
1629 1512 1511 2862 10
1629 2864 1512 2862 10
301 280 253 2957 10
2915 2957 2861 253 10
2915 280 2957 253 10
2957 2915 2861 2958 10
2916 2958 2862 2861 10
2916 2915 2958 2861 10
2958 2916 2862 1559 10
1538 1559 1511 2862 10
1538 2916 1559 2862 10
253 371 289 3097 10
3097 2861 2933 253 10
3097 253 2933 289 10
2861 3097 2933 3098 10
3098 2862 2934 2861 10
3098 2861 2934 2933 10
2862 3098 2934 1629 10
1629 1511 1547 2862 10
1629 2862 1547 2934 10
289 301 253 2957 10
2957 2933 2861 253 10
2957 289 2933 253 10
2933 2957 2861 2958 10
2958 2934 2862 2861 10
2958 2933 2934 2861 10
2934 2958 2862 1559 10
1559 1547 1511 2862 10
1559 2934 1547 2862 10
369 251 361 3093 10
2857 3093 3077 251 10
251 361 3093 3077 10
3093 2857 3077 3094 10
2858 3094 3078 2857 10
2857 3077 3094 3078 10
3094 2858 3078 1627 10
1509 1627 1619 2858 10
2858 3078 1627 1619 10
363 358 369 3093 10
3071 3081 3093 358 10
358 363 3081 3093 10
3081 3071 3093 3094 10
3072 3082 3094 3071 10
3071 3081 3082 3094 10
3082 3072 3094 1627 10
1616 1621 1627 3072 10
3072 3082 1621 1627 10
254 364 371 3097 10
3083 2863 3097 254 10
3083 254 3097 364 10
2863 3083 3097 3098 10
3084 2864 3098 2863 10
3084 2863 3098 3083 10
2864 3084 3098 1629 10
1622 1512 1629 2864 10
1622 2864 1629 3084 10
368 258 364 3091 10
2871 3091 3083 258 10
258 364 3091 3083 10
3091 2871 3083 3092 10
2872 3092 3084 2871 10
2871 3083 3092 3084 10
3092 2872 3084 1626 10
1516 1626 1622 2872 10
2872 3084 1626 1622 10
365 10 280 3085 10
1277 3085 2915 10 10
10 280 3085 2915 10
3085 1277 2915 3086 10
1278 3086 2916 1277 10
1277 2915 3086 2916 10
3086 1278 2916 1623 10
48 1623 1538 1278 10
1278 2916 1623 1538 10
10 365 11 3085 10
3085 1277 1279 10 10
3085 10 1279 11 10
1277 3085 1279 3086 10
3086 1278 1280 1277 10
3086 1277 1280 1279 10
1278 3086 1280 1623 10
1623 48 49 1278 10
1623 1278 49 1280 10
964 300 297 4283 10
2955 4283 2949 297 10
2955 300 4283 297 10
4283 2955 2949 4284 10
2956 4284 2950 2949 10
2956 2955 4284 2949 10
4284 2956 2950 2222 10
1558 2222 1555 2950 10
1558 2956 2222 2950 10
300 964 366 4283 10
4283 2955 3087 300 10
4283 300 3087 366 10
2955 4283 3087 4284 10
4284 2956 3088 2955 10
4284 2955 3088 3087 10
2956 4284 3088 2222 10
2222 1558 1624 2956 10
2222 2956 1624 3088 10
337 265 249 3029 10
2885 3029 2853 249 10
2885 265 3029 249 10
3029 2885 2853 3030 10
2886 3030 2854 2853 10
2886 2885 3030 2853 10
3030 2886 2854 1595 10
1523 1595 1507 2854 10
1523 2886 1595 2854 10
265 337 435 3225 10
3029 2885 3225 265 10
3029 265 3225 337 10
2885 3029 3225 3226 10
3030 2886 3226 2885 10
3030 2885 3226 3029 10
2886 3030 3226 1693 10
1595 1523 1693 2886 10
1595 2886 1693 3030 10
261 384 383 3123 10
3123 2877 3121 261 10
3123 261 3121 383 10
2877 3123 3121 3124 10
3124 2878 3122 2877 10
3124 2877 3122 3121 10
2878 3124 3122 1642 10
1642 1519 1641 2878 10
1642 2878 1641 3122 10
384 261 312 3123 10
2877 3123 2979 261 10
261 312 3123 2979 10
3123 2877 2979 3124 10
2878 3124 2980 2877 10
2877 2979 3124 2980 10
3124 2878 2980 1642 10
1519 1642 1570 2878 10
2878 2980 1642 1570 10
364 367 368 3091 10
3089 3083 3091 364 10
3089 364 3091 367 10
3083 3089 3091 3092 10
3090 3084 3092 3083 10
3090 3083 3092 3089 10
3084 3090 3092 1626 10
1625 1622 1626 3084 10
1625 3084 1626 3090 10
367 199 368 3091 10
2753 3089 3091 199 10
199 367 3089 3091 10
3089 2753 3091 3092 10
2754 3090 3092 2753 10
2753 3089 3090 3092 10
3090 2754 3092 1626 10
1457 1625 1626 2754 10
2754 3090 1625 1626 10
432 369 358 3219 10
3093 3219 3071 358 10
3093 369 3219 358 10
3219 3093 3071 3220 10
3094 3220 3072 3071 10
3094 3093 3220 3071 10
3220 3094 3072 1690 10
1627 1690 1616 3072 10
1627 3094 1690 3072 10
359 432 358 3219 10
3219 3073 3071 358 10
3219 359 3073 358 10
3073 3219 3071 3220 10
3220 3074 3072 3071 10
3220 3073 3074 3071 10
3074 3220 3072 1690 10
1690 1617 1616 3072 10
1690 3074 1617 3072 10
276 370 373 3101 10
3095 2907 3101 276 10
3095 276 3101 370 10
2907 3095 3101 3102 10
3096 2908 3102 2907 10
3096 2907 3102 3095 10
2908 3096 3102 1631 10
1628 1534 1631 2908 10
1628 2908 1631 3096 10
364 370 371 3097 10
3095 3083 3097 364 10
3095 364 3097 370 10
3083 3095 3097 3098 10
3096 3084 3098 3083 10
3096 3083 3098 3095 10
3084 3096 3098 1629 10
1628 1622 1629 3084 10
1628 3084 1629 3096 10
370 276 371 3097 10
2907 3095 3097 276 10
276 370 3095 3097 10
3095 2907 3097 3098 10
2908 3096 3098 2907 10
2907 3095 3096 3098 10
3096 2908 3098 1629 10
1534 1628 1629 2908 10
2908 3096 1628 1629 10
372 247 245 3099 10
2849 3099 2845 245 10
2849 247 3099 245 10
3099 2849 2845 3100 10
2850 3100 2846 2845 10
2850 2849 3100 2845 10
3100 2850 2846 1630 10
1505 1630 1503 2846 10
1505 2850 1630 2846 10
372 369 361 3099 10
3093 3099 3077 361 10
3093 369 3099 361 10
3099 3093 3077 3100 10
3094 3100 3078 3077 10
3094 3093 3100 3077 10
3100 3094 3078 1630 10
1627 1630 1619 3078 10
1627 3094 1630 3078 10
247 372 361 3099 10
3099 2849 3077 247 10
3099 247 3077 361 10
2849 3099 3077 3100 10
3100 2850 3078 2849 10
3100 2849 3078 3077 10
2850 3100 3078 1630 10
1630 1505 1619 2850 10
1630 2850 1619 3078 10
363 372 245 3099 10
3099 3081 2845 245 10
3099 363 3081 245 10
3081 3099 2845 3100 10
3100 3082 2846 2845 10
3100 3081 3082 2845 10
3082 3100 2846 1630 10
1630 1621 1503 2846 10
1630 3082 1621 2846 10
363 369 372 3099 10
3093 3081 3099 363 10
3093 363 3099 369 10
3081 3093 3099 3100 10
3094 3082 3100 3081 10
3094 3081 3100 3093 10
3082 3094 3100 1630 10
1627 1621 1630 3082 10
1627 3082 1630 3094 10
370 258 373 3101 10
2871 3095 3101 258 10
258 370 3095 3101 10
3095 2871 3101 3102 10
2872 3096 3102 2871 10
2871 3095 3096 3102 10
3096 2872 3102 1631 10
1516 1628 1631 2872 10
2872 3096 1628 1631 10
364 258 370 3095 10
2871 3083 3095 258 10
258 364 3083 3095 10
3083 2871 3095 3096 10
2872 3084 3096 2871 10
2871 3083 3084 3096 10
3084 2872 3096 1628 10
1516 1622 1628 2872 10
2872 3084 1622 1628 10
375 374 576 3507 10
3103 3105 3507 374 10
374 375 3105 3507 10
3105 3103 3507 3508 10
3104 3106 3508 3103 10
3103 3105 3106 3508 10
3106 3104 3508 1834 10
1632 1633 1834 3104 10
3104 3106 1633 1834 10
374 375 410 3175 10
3105 3103 3175 374 10
3105 374 3175 375 10
3103 3105 3175 3176 10
3106 3104 3176 3103 10
3106 3103 3176 3105 10
3104 3106 3176 1668 10
1633 1632 1668 3104 10
1633 3104 1668 3106 10
375 421 410 3197 10
3197 3105 3175 375 10
3197 375 3175 410 10
3105 3197 3175 3198 10
3198 3106 3176 3105 10
3198 3105 3176 3175 10
3106 3198 3176 1679 10
1679 1633 1668 3106 10
1679 3106 1668 3176 10
304 376 336 3107 10
3107 2963 3027 304 10
3107 304 3027 336 10
2963 3107 3027 3108 10
3108 2964 3028 2963 10
3108 2963 3028 3027 10
2964 3108 3028 1634 10
1634 1562 1594 2964 10
1634 2964 1594 3028 10
377 376 304 3109 10
3107 3109 2963 304 10
3107 376 3109 304 10
3109 3107 2963 3110 10
3108 3110 2964 2963 10
3108 3107 3110 2963 10
3110 3108 2964 1635 10
1634 1635 1562 2964 10
1634 3108 1635 2964 10
376 377 317 3109 10
3109 3107 2989 317 10
3109 376 3107 317 10
3107 3109 2989 3110 10
3110 3108 2990 2989 10
3110 3107 3108 2989 10
3108 3110 2990 1635 10
1635 1634 1575 2990 10
1635 3108 1634 2990 10
396 347 394 3147 10
3049 3147 3143 347 10
347 394 3147 3143 10
3147 3049 3143 3148 10
3050 3148 3144 3049 10
3049 3143 3148 3144 10
3148 3050 3144 1654 10
1605 1654 1652 3050 10
3050 3144 1654 1652 10
396 439 347 3233 10
3233 3147 3049 347 10
3233 396 3147 347 10
3147 3233 3049 3234 10
3234 3148 3050 3049 10
3234 3147 3148 3049 10
3148 3234 3050 1697 10
1697 1654 1605 3050 10
1697 3148 1654 3050 10
439 396 318 3233 10
3147 3233 2991 318 10
3147 396 3233 318 10
3233 3147 2991 3234 10
3148 3234 2992 2991 10
3148 3147 3234 2991 10
3234 3148 2992 1697 10
1654 1697 1576 2992 10
1654 3148 1697 2992 10
199 367 133 3089 10
3089 2753 2621 133 10
3089 199 2753 133 10
2753 3089 2621 3090 10
3090 2754 2622 2621 10
3090 2753 2754 2621 10
2754 3090 2622 1625 10
1625 1457 1391 2622 10
1625 2754 1457 2622 10
254 367 364 3089 10
3089 2863 3083 254 10
3089 254 3083 364 10
2863 3089 3083 3090 10
3090 2864 3084 2863 10
3090 2863 3084 3083 10
2864 3090 3084 1625 10
1625 1512 1622 2864 10
1625 2864 1622 3084 10
432 359 197 3219 10
3073 3219 2749 197 10
3073 359 3219 197 10
3219 3073 2749 3220 10
3074 3220 2750 2749 10
3074 3073 3220 2749 10
3220 3074 2750 1690 10
1617 1690 1455 2750 10
1617 3074 1690 2750 10
432 251 369 3219 10
2857 3219 3093 251 10
251 369 3219 3093 10
3219 2857 3093 3220 10
2858 3220 3094 2857 10
2857 3093 3220 3094 10
3220 2858 3094 1690 10
1509 1690 1627 2858 10
2858 3094 1690 1627 10
560 377 378 3475 10
3109 3475 3111 377 10
377 378 3475 3111 10
3475 3109 3111 3476 10
3110 3476 3112 3109 10
3109 3111 3476 3112 10
3476 3110 3112 1818 10
1635 1818 1636 3110 10
3110 3112 1818 1636 10
560 272 317 3475 10
2899 3475 2989 272 10
272 317 3475 2989 10
3475 2899 2989 3476 10
2900 3476 2990 2899 10
2899 2989 3476 2990 10
3476 2900 2990 1818 10
1530 1818 1575 2900 10
2900 2990 1818 1575 10
560 317 377 3475 10
2989 3475 3109 317 10
317 377 3475 3109 10
3475 2989 3109 3476 10
2990 3476 3110 2989 10
2989 3109 3476 3110 10
3476 2990 3110 1818 10
1575 1818 1635 2990 10
2990 3110 1818 1635 10
379 562 318 3479 10
3479 3113 2991 318 10
3479 379 3113 318 10
3113 3479 2991 3480 10
3480 3114 2992 2991 10
3480 3113 3114 2991 10
3114 3480 2992 1820 10
1820 1637 1576 2992 10
1820 3114 1637 2992 10
286 389 388 3133 10
3133 2927 3131 286 10
3133 286 3131 388 10
2927 3133 3131 3134 10
3134 2928 3132 2927 10
3134 2927 3132 3131 10
2928 3134 3132 1647 10
1647 1544 1646 2928 10
1647 2928 1646 3132 10
304 286 388 3131 10
2927 2963 3131 286 10
286 304 2963 3131 10
2963 2927 3131 3132 10
2928 2964 3132 2927 10
2927 2963 2964 3132 10
2964 2928 3132 1646 10
1544 1562 1646 2928 10
2928 2964 1562 1646 10
397 380 396 3149 10
3115 3149 3147 380 10
380 396 3149 3147 10
3149 3115 3147 3150 10
3116 3150 3148 3115 10
3115 3147 3150 3148 10
3150 3116 3148 1655 10
1638 1655 1654 3116 10
3116 3148 1655 1654 10
341 398 376 3151 10
3151 3037 3107 341 10
3151 341 3107 376 10
3037 3151 3107 3152 10
3152 3038 3108 3037 10
3152 3037 3108 3107 10
3038 3152 3108 1656 10
1656 1599 1634 3038 10
1656 3038 1634 3108 10
307 565 486 3485 10
3485 2969 3327 307 10
3485 307 3327 486 10
2969 3485 3327 3486 10
3486 2970 3328 2969 10
3486 2969 3328 3327 10
2970 3486 3328 1823 10
1823 1565 1744 2970 10
1823 2970 1744 3328 10
307 333 565 3485 10
3021 2969 3485 307 10
3021 307 3485 333 10
2969 3021 3485 3486 10
3022 2970 3486 2969 10
3022 2969 3486 3021 10
2970 3022 3486 1823 10
1591 1565 1823 2970 10
1591 2970 1823 3022 10
565 333 348 3485 10
3021 3485 3051 333 10
333 348 3485 3051 10
3485 3021 3051 3486 10
3022 3486 3052 3021 10
3021 3051 3486 3052 10
3486 3022 3052 1823 10
1591 1823 1606 3022 10
3022 3052 1823 1606 10
566 381 567 3489 10
3117 3487 3489 381 10
381 566 3487 3489 10
3487 3117 3489 3490 10
3118 3488 3490 3117 10
3117 3487 3488 3490 10
3488 3118 3490 1825 10
1639 1824 1825 3118 10
3118 3488 1824 1825 10
350 381 566 3487 10
3117 3055 3487 350 10
3117 350 3487 381 10
3055 3117 3487 3488 10
3118 3056 3488 3055 10
3118 3055 3488 3117 10
3056 3118 3488 1824 10
1639 1608 1824 3056 10
1639 3056 1824 3118 10
350 566 382 3487 10
3487 3055 3119 350 10
3487 350 3119 382 10
3055 3487 3119 3488 10
3488 3056 3120 3055 10
3488 3055 3120 3119 10
3056 3488 3120 1824 10
1824 1608 1640 3056 10
1824 3056 1640 3120 10
384 342 383 3123 10
3039 3123 3121 342 10
342 383 3123 3121 10
3123 3039 3121 3124 10
3040 3124 3122 3039 10
3039 3121 3124 3122 10
3124 3040 3122 1642 10
1600 1642 1641 3040 10
3040 3122 1642 1641 10
384 391 342 3137 10
3137 3123 3039 342 10
3137 384 3123 342 10
3123 3137 3039 3138 10
3138 3124 3040 3039 10
3138 3123 3124 3039 10
3124 3138 3040 1649 10
1649 1642 1600 3040 10
1649 3124 1642 3040 10
384 352 391 3137 10
3059 3123 3137 352 10
352 384 3123 3137 10
3123 3059 3137 3138 10
3060 3124 3138 3059 10
3059 3123 3124 3138 10
3124 3060 3138 1649 10
1610 1642 1649 3060 10
3060 3124 1642 1649 10
343 337 249 3041 10
3029 3041 2853 249 10
3029 337 3041 249 10
3041 3029 2853 3042 10
3030 3042 2854 2853 10
3030 3029 3042 2853 10
3042 3030 2854 1601 10
1595 1601 1507 2854 10
1595 3030 1601 2854 10
386 337 343 3127 10
3029 3127 3041 337 10
337 343 3127 3041 10
3127 3029 3041 3128 10
3030 3128 3042 3029 10
3029 3041 3128 3042 10
3128 3030 3042 1644 10
1595 1644 1601 3030 10
3030 3042 1644 1601 10
385 337 386 3127 10
3029 3125 3127 337 10
337 385 3125 3127 10
3125 3029 3127 3128 10
3030 3126 3128 3029 10
3029 3125 3126 3128 10
3126 3030 3128 1644 10
1595 1643 1644 3030 10
3030 3126 1643 1644 10
421 375 311 3197 10
3105 3197 2977 311 10
3105 375 3197 311 10
3197 3105 2977 3198 10
3106 3198 2978 2977 10
3106 3105 3198 2977 10
3198 3106 2978 1679 10
1633 1679 1569 2978 10
1633 3106 1679 2978 10
375 387 311 3129 10
3129 3105 2977 311 10
3129 375 3105 311 10
3105 3129 2977 3130 10
3130 3106 2978 2977 10
3130 3105 3106 2977 10
3106 3130 2978 1645 10
1645 1633 1569 2978 10
1645 3106 1633 2978 10
387 375 277 3129 10
3105 3129 2909 277 10
3105 375 3129 277 10
3129 3105 2909 3130 10
3106 3130 2910 2909 10
3106 3105 3130 2909 10
3130 3106 2910 1645 10
1633 1645 1535 2910 10
1633 3106 1645 2910 10
576 277 375 3507 10
2909 3507 3105 277 10
277 375 3507 3105 10
3507 2909 3105 3508 10
2910 3508 3106 2909 10
2909 3105 3508 3106 10
3508 2910 3106 1834 10
1535 1834 1633 2910 10
2910 3106 1834 1633 10
388 526 302 3407 10
3407 3131 2959 302 10
3407 388 3131 302 10
3131 3407 2959 3408 10
3408 3132 2960 2959 10
3408 3131 3132 2959 10
3132 3408 2960 1784 10
1784 1646 1560 2960 10
1784 3132 1646 2960 10
526 389 319 3407 10
3133 3407 2993 319 10
3133 389 3407 319 10
3407 3133 2993 3408 10
3134 3408 2994 2993 10
3134 3133 3408 2993 10
3408 3134 2994 1784 10
1647 1784 1577 2994 10
1647 3134 1784 2994 10
388 389 526 3407 10
3133 3131 3407 388 10
3133 388 3407 389 10
3131 3133 3407 3408 10
3134 3132 3408 3131 10
3134 3131 3408 3133 10
3132 3134 3408 1784 10
1647 1646 1784 3132 10
1647 3132 1784 3134 10
399 376 398 3153 10
3107 3153 3151 376 10
376 398 3153 3151 10
3153 3107 3151 3154 10
3108 3154 3152 3107 10
3107 3151 3154 3152 10
3154 3108 3152 1657 10
1634 1657 1656 3108 10
3108 3152 1657 1656 10
376 399 336 3153 10
3153 3107 3027 336 10
3153 376 3107 336 10
3107 3153 3027 3154 10
3154 3108 3028 3027 10
3154 3107 3108 3027 10
3108 3154 3028 1657 10
1657 1634 1594 3028 10
1657 3108 1634 3028 10
406 399 398 3167 10
3153 3167 3151 398 10
3153 399 3167 398 10
3167 3153 3151 3168 10
3154 3168 3152 3151 10
3154 3153 3168 3151 10
3168 3154 3152 1664 10
1657 1664 1656 3152 10
1657 3154 1664 3152 10
95 390 353 3135 10
3135 2545 3061 95 10
3135 95 3061 353 10
2545 3135 3061 3136 10
3136 2546 3062 2545 10
3136 2545 3062 3061 10
2546 3136 3062 1648 10
1648 1353 1611 2546 10
1648 2546 1611 3062 10
390 391 353 3137 10
3137 3135 3061 353 10
3137 390 3135 353 10
3135 3137 3061 3138 10
3138 3136 3062 3061 10
3138 3135 3136 3061 10
3136 3138 3062 1649 10
1649 1648 1611 3062 10
1649 3136 1648 3062 10
392 97 98 3139 10
2549 3139 2551 97 10
97 98 3139 2551 10
3139 2549 2551 3140 10
2550 3140 2552 2549 10
2549 2551 3140 2552 10
3140 2550 2552 1650 10
1355 1650 1356 2550 10
2550 2552 1650 1356 10
386 392 98 3139 10
3139 3127 2551 98 10
3139 386 3127 98 10
3127 3139 2551 3140 10
3140 3128 2552 2551 10
3140 3127 3128 2551 10
3128 3140 2552 1650 10
1650 1644 1356 2552 10
1650 3128 1644 2552 10
412 393 288 3179 10
3141 3179 2931 288 10
3141 393 3179 288 10
3179 3141 2931 3180 10
3142 3180 2932 2931 10
3142 3141 3180 2931 10
3180 3142 2932 1670 10
1651 1670 1546 2932 10
1651 3142 1670 2932 10
393 412 355 3179 10
3179 3141 3065 355 10
3179 393 3141 355 10
3141 3179 3065 3180 10
3180 3142 3066 3065 10
3180 3141 3142 3065 10
3142 3180 3066 1670 10
1670 1651 1613 3066 10
1670 3142 1651 3066 10
405 394 402 3165 10
3143 3165 3159 394 10
394 402 3165 3159 10
3165 3143 3159 3166 10
3144 3166 3160 3143 10
3143 3159 3166 3160 10
3166 3144 3160 1663 10
1652 1663 1660 3144 10
3144 3160 1663 1660 10
400 406 144 3167 10
3167 3155 2643 144 10
3167 400 3155 144 10
3155 3167 2643 3168 10
3168 3156 2644 2643 10
3168 3155 3156 2643 10
3156 3168 2644 1664 10
1664 1658 1402 2644 10
1664 3156 1658 2644 10
412 162 355 3179 10
2679 3179 3065 162 10
162 355 3179 3065 10
3179 2679 3065 3180 10
2680 3180 3066 2679 10
2679 3065 3180 3066 10
3180 2680 3066 1670 10
1420 1670 1613 2680 10
2680 3066 1670 1613 10
397 392 386 3149 10
3139 3149 3127 386 10
3139 392 3149 386 10
3149 3139 3127 3150 10
3140 3150 3128 3127 10
3140 3139 3150 3127 10
3150 3140 3128 1655 10
1650 1655 1644 3128 10
1650 3140 1655 3128 10
392 397 395 3149 10
3149 3139 3145 392 10
3149 392 3145 395 10
3139 3149 3145 3150 10
3150 3140 3146 3139 10
3150 3139 3146 3145 10
3140 3150 3146 1655 10
1655 1650 1653 3140 10
1655 3140 1653 3146 10
405 395 397 3165 10
3145 3165 3149 395 10
395 397 3165 3149 10
3165 3145 3149 3166 10
3146 3166 3150 3145 10
3145 3149 3166 3150 10
3166 3146 3150 1663 10
1653 1663 1655 3146 10
3146 3150 1663 1655 10
396 405 397 3165 10
3165 3147 3149 396 10
3165 396 3149 397 10
3147 3165 3149 3166 10
3166 3148 3150 3147 10
3166 3147 3150 3149 10
3148 3166 3150 1663 10
1663 1654 1655 3148 10
1663 3148 1655 3150 10
405 396 394 3165 10
3147 3165 3143 394 10
3147 396 3165 394 10
3165 3147 3143 3166 10
3148 3166 3144 3143 10
3148 3147 3166 3143 10
3166 3148 3144 1663 10
1654 1663 1652 3144 10
1654 3148 1663 3144 10
390 398 391 3151 10
3151 3135 3137 390 10
3151 390 3137 391 10
3135 3151 3137 3152 10
3152 3136 3138 3135 10
3152 3135 3138 3137 10
3136 3152 3138 1656 10
1656 1648 1649 3136 10
1656 3136 1649 3138 10
398 390 406 3167 10
3135 3151 3167 390 10
390 398 3151 3167 10
3151 3135 3167 3168 10
3136 3152 3168 3135 10
3135 3151 3152 3168 10
3152 3136 3168 1664 10
1648 1656 1664 3136 10
3136 3152 1656 1664 10
400 399 406 3167 10
3153 3155 3167 399 10
399 400 3155 3167 10
3155 3153 3167 3168 10
3154 3156 3168 3153 10
3153 3155 3156 3168 10
3156 3154 3168 1664 10
1657 1658 1664 3154 10
3154 3156 1658 1664 10
400 288 336 3155 10
2931 3155 3027 288 10
288 336 3155 3027 10
3155 2931 3027 3156 10
2932 3156 3028 2931 10
2931 3027 3156 3028 10
3156 2932 3028 1658 10
1546 1658 1594 2932 10
2932 3028 1658 1594 10
336 399 400 3155 10
3153 3027 3155 336 10
3153 336 3155 399 10
3027 3153 3155 3156 10
3154 3028 3156 3027 10
3154 3027 3156 3153 10
3028 3154 3156 1658 10
1657 1594 1658 3028 10
1657 3028 1658 3154 10
411 401 347 3177 10
3157 3177 3049 347 10
3157 401 3177 347 10
3177 3157 3049 3178 10
3158 3178 3050 3049 10
3158 3157 3178 3049 10
3178 3158 3050 1669 10
1659 1669 1605 3050 10
1659 3158 1669 3050 10
401 403 402 3161 10
3161 3157 3159 401 10
3161 401 3159 402 10
3157 3161 3159 3162 10
3162 3158 3160 3157 10
3162 3157 3160 3159 10
3158 3162 3160 1661 10
1661 1659 1660 3158 10
1661 3158 1660 3160 10
401 411 410 3177 10
3177 3157 3175 401 10
3177 401 3175 410 10
3157 3177 3175 3178 10
3178 3158 3176 3157 10
3178 3157 3176 3175 10
3158 3178 3176 1669 10
1669 1659 1668 3158 10
1669 3158 1668 3176 10
394 401 402 3159 10
3157 3143 3159 394 10
3157 394 3159 401 10
3143 3157 3159 3160 10
3158 3144 3160 3143 10
3158 3143 3160 3157 10
3144 3158 3160 1660 10
1659 1652 1660 3144 10
1659 3144 1660 3158 10
419 402 403 3193 10
3159 3193 3161 402 10
402 403 3193 3161 10
3193 3159 3161 3194 10
3160 3194 3162 3159 10
3159 3161 3194 3162 10
3194 3160 3162 1677 10
1660 1677 1661 3160 10
3160 3162 1677 1661 10
404 395 405 3165 10
3145 3163 3165 395 10
395 404 3163 3165 10
3163 3145 3165 3166 10
3146 3164 3166 3145 10
3145 3163 3164 3166 10
3164 3146 3166 1663 10
1653 1662 1663 3146 10
3146 3164 1662 1663 10
402 404 405 3165 10
3163 3159 3165 402 10
3163 402 3165 404 10
3159 3163 3165 3166 10
3164 3160 3166 3159 10
3164 3159 3166 3163 10
3160 3164 3166 1663 10
1662 1660 1663 3160 10
1662 3160 1663 3164 10
406 95 144 3167 10
2545 3167 2643 95 10
95 144 3167 2643 10
3167 2545 2643 3168 10
2546 3168 2644 2545 10
2545 2643 3168 2644 10
3168 2546 2644 1664 10
1353 1664 1402 2546 10
2546 2644 1664 1402 10
95 406 390 3167 10
3167 2545 3135 95 10
3167 95 3135 390 10
2545 3167 3135 3168 10
3168 2546 3136 2545 10
3168 2545 3136 3135 10
2546 3168 3136 1664 10
1664 1353 1648 2546 10
1664 2546 1648 3136 10
97 395 142 3145 10
3145 2549 2639 97 10
3145 97 2639 142 10
2549 3145 2639 3146 10
3146 2550 2640 2549 10
3146 2549 2640 2639 10
2550 3146 2640 1653 10
1653 1355 1400 2550 10
1653 2550 1400 2640 10
395 97 392 3145 10
2549 3145 3139 97 10
97 392 3145 3139 10
3145 2549 3139 3146 10
2550 3146 3140 2549 10
2549 3139 3146 3140 10
3146 2550 3140 1653 10
1355 1653 1650 2550 10
2550 3140 1653 1650 10
119 118 407 3169 10
2591 2593 3169 118 10
118 119 2593 3169 10
2593 2591 3169 3170 10
2592 2594 3170 2591 10
2591 2593 2594 3170 10
2594 2592 3170 1665 10
1376 1377 1665 2592 10
2592 2594 1377 1665 10
407 284 313 3169 10
2923 3169 2981 284 10
284 313 3169 2981 10
3169 2923 2981 3170 10
2924 3170 2982 2923 10
2923 2981 3170 2982 10
3170 2924 2982 1665 10
1542 1665 1571 2924 10
2924 2982 1665 1571 10
407 285 284 3169 10
2925 3169 2923 284 10
2925 285 3169 284 10
3169 2925 2923 3170 10
2926 3170 2924 2923 10
2926 2925 3170 2923 10
3170 2926 2924 1665 10
1543 1665 1542 2924 10
1543 2926 1665 2924 10
118 357 407 3169 10
3069 2591 3169 118 10
3069 118 3169 357 10
2591 3069 3169 3170 10
3070 2592 3170 2591 10
3070 2591 3170 3069 10
2592 3070 3170 1665 10
1615 1376 1665 2592 10
1615 2592 1665 3070 10
285 407 357 3169 10
3169 2925 3069 285 10
3169 285 3069 357 10
2925 3169 3069 3170 10
3170 2926 3070 2925 10
3170 2925 3070 3069 10
2926 3170 3070 1665 10
1665 1543 1615 2926 10
1665 2926 1615 3070 10
409 408 418 3191 10
3171 3173 3191 408 10
408 409 3173 3191 10
3173 3171 3191 3192 10
3172 3174 3192 3171 10
3171 3173 3174 3192 10
3174 3172 3192 1676 10
1666 1667 1676 3172 10
3172 3174 1667 1676 10
281 418 417 3191 10
3191 2917 3189 281 10
3191 281 3189 417 10
2917 3191 3189 3192 10
3192 2918 3190 2917 10
3192 2917 3190 3189 10
2918 3192 3190 1676 10
1676 1539 1675 2918 10
1676 2918 1675 3190 10
255 418 281 3191 10
3191 2865 2917 255 10
3191 255 2917 281 10
2865 3191 2917 3192 10
3192 2866 2918 2865 10
3192 2865 2918 2917 10
2866 3192 2918 1676 10
1676 1513 1539 2866 10
1676 2866 1539 2918 10
356 409 418 3191 10
3173 3067 3191 356 10
3173 356 3191 409 10
3067 3173 3191 3192 10
3174 3068 3192 3067 10
3174 3067 3192 3173 10
3068 3174 3192 1676 10
1667 1614 1676 3068 10
1667 3068 1676 3174 10
418 255 356 3191 10
2865 3191 3067 255 10
255 356 3191 3067 10
3191 2865 3067 3192 10
2866 3192 3068 2865 10
2865 3067 3192 3068 10
3192 2866 3068 1676 10
1513 1676 1614 2866 10
2866 3068 1676 1614 10
600 374 410 3555 10
3103 3555 3175 374 10
374 410 3555 3175 10
3555 3103 3175 3556 10
3104 3556 3176 3103 10
3103 3175 3556 3176 10
3556 3104 3176 1858 10
1632 1858 1668 3104 10
3104 3176 1858 1668 10
411 600 410 3555 10
3555 3177 3175 410 10
3555 411 3177 410 10
3177 3555 3175 3556 10
3556 3178 3176 3175 10
3556 3177 3178 3175 10
3178 3556 3176 1858 10
1858 1669 1668 3176 10
1858 3178 1669 3176 10
414 162 412 3183 10
2679 3183 3179 162 10
162 412 3183 3179 10
3183 2679 3179 3184 10
2680 3184 3180 2679 10
2679 3179 3184 3180 10
3184 2680 3180 1672 10
1420 1672 1670 2680 10
2680 3180 1672 1670 10
413 414 412 3183 10
3183 3181 3179 412 10
3183 413 3181 412 10
3181 3183 3179 3184 10
3184 3182 3180 3179 10
3184 3181 3182 3179 10
3182 3184 3180 1672 10
1672 1671 1670 3180 10
1672 3182 1671 3180 10
413 288 400 3181 10
2931 3181 3155 288 10
288 400 3181 3155 10
3181 2931 3155 3182 10
2932 3182 3156 2931 10
2931 3155 3182 3156 10
3182 2932 3156 1671 10
1546 1671 1658 2932 10
2932 3156 1671 1658 10
288 413 412 3181 10
3181 2931 3179 288 10
3181 288 3179 412 10
2931 3181 3179 3182 10
3182 2932 3180 2931 10
3182 2931 3180 3179 10
2932 3182 3180 1671 10
1671 1546 1670 2932 10
1671 2932 1670 3180 10
413 144 414 3183 10
2643 3181 3183 144 10
144 413 3181 3183 10
3181 2643 3183 3184 10
2644 3182 3184 2643 10
2643 3181 3182 3184 10
3182 2644 3184 1672 10
1402 1671 1672 2644 10
2644 3182 1671 1672 10
400 144 413 3181 10
2643 3155 3181 144 10
144 400 3155 3181 10
3155 2643 3181 3182 10
2644 3156 3182 2643 10
2643 3155 3156 3182 10
3156 2644 3182 1671 10
1402 1658 1671 2644 10
2644 3156 1658 1671 10
415 119 313 3185 10
2593 3185 2981 119 10
119 313 3185 2981 10
3185 2593 2981 3186 10
2594 3186 2982 2593 10
2593 2981 3186 2982 10
3186 2594 2982 1673 10
1377 1673 1571 2594 10
2594 2982 1673 1571 10
119 407 313 3169 10
3169 2593 2981 119 10
3169 119 2981 313 10
2593 3169 2981 3170 10
3170 2594 2982 2593 10
3170 2593 2982 2981 10
2594 3170 2982 1665 10
1665 1377 1571 2594 10
1665 2594 1571 2982 10
408 416 417 3189 10
3187 3171 3189 408 10
3187 408 3189 416 10
3171 3187 3189 3190 10
3188 3172 3190 3171 10
3188 3171 3190 3187 10
3172 3188 3190 1675 10
1674 1666 1675 3172 10
1674 3172 1675 3188 10
418 408 417 3191 10
3171 3191 3189 408 10
408 417 3191 3189 10
3191 3171 3189 3192 10
3172 3192 3190 3171 10
3171 3189 3192 3190 10
3192 3172 3190 1676 10
1666 1676 1675 3172 10
3172 3190 1676 1675 10
419 404 402 3193 10
3163 3193 3159 402 10
3163 404 3193 402 10
3193 3163 3159 3194 10
3164 3194 3160 3159 10
3164 3163 3194 3159 10
3194 3164 3160 1677 10
1662 1677 1660 3160 10
1662 3164 1677 3160 10
142 404 143 3163 10
3163 2639 2641 142 10
3163 142 2641 143 10
2639 3163 2641 3164 10
3164 2640 2642 2639 10
3164 2639 2642 2641 10
2640 3164 2642 1662 10
1662 1400 1401 2640 10
1662 2640 1401 2642 10
404 419 143 3193 10
3193 3163 2641 143 10
3193 404 3163 143 10
3163 3193 2641 3194 10
3194 3164 2642 2641 10
3194 3163 3164 2641 10
3164 3194 2642 1677 10
1677 1662 1401 2642 10
1677 3164 1662 2642 10
404 142 395 3163 10
2639 3163 3145 142 10
142 395 3163 3145 10
3163 2639 3145 3164 10
2640 3164 3146 2639 10
2639 3145 3164 3146 10
3164 2640 3146 1662 10
1400 1662 1653 2640 10
2640 3146 1662 1653 10
425 403 306 3205 10
3161 3205 2967 306 10
3161 403 3205 306 10
3205 3161 2967 3206 10
3162 3206 2968 2967 10
3162 3161 3206 2967 10
3206 3162 2968 1683 10
1661 1683 1564 2968 10
1661 3162 1683 2968 10
425 306 290 3205 10
2967 3205 2935 290 10
2967 306 3205 290 10
3205 2967 2935 3206 10
2968 3206 2936 2935 10
2968 2967 3206 2935 10
3206 2968 2936 1683 10
1564 1683 1548 2936 10
1564 2968 1683 2936 10
425 419 403 3205 10
3193 3205 3161 403 10
3193 419 3205 403 10
3205 3193 3161 3206 10
3194 3206 3162 3161 10
3194 3193 3206 3161 10
3206 3194 3162 1683 10
1677 1683 1661 3162 10
1677 3194 1683 3162 10
403 420 421 3197 10
3195 3161 3197 403 10
3195 403 3197 420 10
3161 3195 3197 3198 10
3196 3162 3198 3161 10
3196 3161 3198 3195 10
3162 3196 3198 1679 10
1678 1661 1679 3162 10
1678 3162 1679 3196 10
410 420 401 3195 10
3195 3175 3157 401 10
3195 410 3175 401 10
3175 3195 3157 3196 10
3196 3176 3158 3157 10
3196 3175 3176 3157 10
3176 3196 3158 1678 10
1678 1668 1659 3158 10
1678 3176 1668 3158 10
420 410 421 3197 10
3175 3195 3197 410 10
410 420 3195 3197 10
3195 3175 3197 3198 10
3176 3196 3198 3175 10
3175 3195 3196 3198 10
3196 3176 3198 1679 10
1668 1678 1679 3176 10
3176 3196 1678 1679 10
420 403 401 3195 10
3161 3195 3157 401 10
3161 403 3195 401 10
3195 3161 3157 3196 10
3162 3196 3158 3157 10
3162 3161 3196 3157 10
3196 3162 3158 1678 10
1661 1678 1659 3158 10
1661 3162 1678 3158 10
143 422 423 3201 10
3199 2641 3201 143 10
3199 143 3201 422 10
2641 3199 3201 3202 10
3200 2642 3202 2641 10
3200 2641 3202 3199 10
2642 3200 3202 1681 10
1680 1401 1681 2642 10
1680 2642 1681 3200 10
425 422 419 3205 10
3199 3205 3193 419 10
3199 422 3205 419 10
3205 3199 3193 3206 10
3200 3206 3194 3193 10
3200 3199 3206 3193 10
3206 3200 3194 1683 10
1680 1683 1677 3194 10
1680 3200 1683 3194 10
422 143 419 3199 10
2641 3199 3193 143 10
143 419 3199 3193 10
3199 2641 3193 3200 10
2642 3200 3194 2641 10
2641 3193 3200 3194 10
3200 2642 3194 1680 10
1401 1680 1677 2642 10
2642 3194 1680 1677 10
423 290 424 3203 10
2935 3201 3203 290 10
290 423 3201 3203 10
3201 2935 3203 3204 10
2936 3202 3204 2935 10
2935 3201 3202 3204 10
3202 2936 3204 1682 10
1548 1681 1682 2936 10
2936 3202 1681 1682 10
290 423 425 3205 10
3201 2935 3205 290 10
3201 290 3205 423 10
2935 3201 3205 3206 10
3202 2936 3206 2935 10
3202 2935 3206 3201 10
2936 3202 3206 1683 10
1681 1548 1683 2936 10
1681 2936 1683 3202 10
425 423 422 3205 10
3201 3205 3199 422 10
3201 423 3205 422 10
3205 3201 3199 3206 10
3202 3206 3200 3199 10
3202 3201 3206 3199 10
3206 3202 3200 1683 10
1681 1683 1680 3200 10
1681 3202 1683 3200 10
437 274 321 3229 10
2903 3229 2997 274 10
274 321 3229 2997 10
3229 2903 2997 3230 10
2904 3230 2998 2903 10
2903 2997 3230 2998 10
3230 2904 2998 1695 10
1532 1695 1579 2904 10
2904 2998 1695 1579 10
437 289 273 3229 10
2933 3229 2901 273 10
2933 289 3229 273 10
3229 2933 2901 3230 10
2934 3230 2902 2901 10
2934 2933 3230 2901 10
3230 2934 2902 1695 10
1547 1695 1531 2902 10
1547 2934 1695 2902 10
274 437 273 3229 10
3229 2903 2901 273 10
3229 274 2903 273 10
2903 3229 2901 3230 10
3230 2904 2902 2901 10
3230 2903 2904 2901 10
2904 3230 2902 1695 10
1695 1532 1531 2902 10
1695 2904 1532 2902 10
475 427 426 3305 10
3209 3305 3207 426 10
3209 427 3305 426 10
3305 3209 3207 3306 10
3210 3306 3208 3207 10
3210 3209 3306 3207 10
3306 3210 3208 1733 10
1685 1733 1684 3208 10
1685 3210 1733 3208 10
299 427 270 3209 10
3209 2953 2895 270 10
3209 299 2953 270 10
2953 3209 2895 3210 10
3210 2954 2896 2895 10
3210 2953 2954 2895 10
2954 3210 2896 1685 10
1685 1557 1528 2896 10
1685 2954 1557 2896 10
427 475 270 3305 10
3305 3209 2895 270 10
3305 427 3209 270 10
3209 3305 2895 3306 10
3306 3210 2896 2895 10
3306 3209 3210 2895 10
3210 3306 2896 1733 10
1733 1685 1528 2896 10
1733 3210 1685 2896 10
430 136 129 3215 10
2627 3215 2613 129 10
2627 136 3215 129 10
3215 2627 2613 3216 10
2628 3216 2614 2613 10
2628 2627 3216 2613 10
3216 2628 2614 1688 10
1394 1688 1387 2614 10
1394 2628 1688 2614 10
430 922 428 4199 10
4199 3215 3211 428 10
4199 430 3215 428 10
3215 4199 3211 4200 10
4200 3216 3212 3211 10
4200 3215 3216 3211 10
3216 4200 3212 2180 10
2180 1688 1686 3212 10
2180 3216 1688 3212 10
922 430 129 4199 10
3215 4199 2613 129 10
3215 430 4199 129 10
4199 3215 2613 4200 10
3216 4200 2614 2613 10
3216 3215 4200 2613 10
4200 3216 2614 2180 10
1688 2180 1387 2614 10
1688 3216 2180 2614 10
429 8 7 3213 10
1273 3213 1271 8 10
8 7 3213 1271 10
3213 1273 1271 3214 10
1274 3214 1272 1271 10
1274 1273 3214 1271 10
3214 1274 1272 1687 10
46 1687 45 1274 10
1274 1272 1687 45 10
134 429 7 3213 10
3213 2623 1271 7 10
3213 134 2623 7 10
2623 3213 1271 3214 10
3214 2624 1272 1271 10
3214 2623 2624 1271 10
2624 3214 1272 1687 10
1687 1392 45 1272 10
1687 2624 1392 1272 10
8 429 252 3213 10
3213 1273 2859 8 10
3213 8 2859 252 10
1273 3213 2859 3214 10
3214 1274 2860 1273 10
3214 1273 2860 2859 10
1274 3214 2860 1687 10
1687 46 1510 1274 10
1687 1274 1510 2860 10
430 433 136 3221 10
3221 3215 2627 136 10
3221 430 3215 136 10
3215 3221 2627 3222 10
3222 3216 2628 2627 10
3222 3215 3216 2627 10
3216 3222 2628 1691 10
1691 1688 1394 2628 10
1691 3216 1688 2628 10
428 433 430 3221 10
3221 3211 3215 428 10
3221 428 3215 430 10
3211 3221 3215 3222 10
3222 3212 3216 3211 10
3222 3211 3216 3215 10
3212 3222 3216 1691 10
1691 1686 1688 3212 10
1691 3212 1688 3216 10
431 429 134 3217 10
3213 3217 2623 134 10
3213 429 3217 134 10
3217 3213 2623 3218 10
3214 3218 2624 2623 10
3214 3213 3218 2623 10
3218 3214 2624 1689 10
1687 1689 1392 2624 10
1687 3214 1689 2624 10
431 252 429 3217 10
2859 3217 3213 252 10
252 429 3217 3213 10
3217 2859 3213 3218 10
2860 3218 3214 2859 10
2859 3213 3218 3214 10
3218 2860 3214 1689 10
1510 1689 1687 2860 10
2860 3214 1689 1687 10
367 431 133 3217 10
3217 3089 2621 133 10
3217 367 3089 133 10
3089 3217 2621 3218 10
3218 3090 2622 2621 10
3218 3089 3090 2621 10
3090 3218 2622 1689 10
1689 1625 1391 2622 10
1689 3090 1625 2622 10
254 431 367 3217 10
3217 2863 3089 254 10
3217 254 3089 367 10
2863 3217 3089 3218 10
3218 2864 3090 2863 10
3218 2863 3090 3089 10
2864 3218 3090 1689 10
1689 1512 1625 2864 10
1689 2864 1625 3090 10
433 432 197 3221 10
3219 3221 2749 197 10
3219 432 3221 197 10
3221 3219 2749 3222 10
3220 3222 2750 2749 10
3220 3219 3222 2749 10
3222 3220 2750 1691 10
1690 1691 1455 2750 10
1690 3220 1691 2750 10
433 251 432 3221 10
2857 3221 3219 251 10
251 432 3221 3219 10
3221 2857 3219 3222 10
2858 3222 3220 2857 10
2857 3219 3222 3220 10
3222 2858 3220 1691 10
1509 1691 1690 2858 10
2858 3220 1691 1690 10
305 434 292 3223 10
3223 2965 2939 292 10
3223 305 2965 292 10
2965 3223 2939 3224 10
3224 2966 2940 2939 10
3224 2965 2966 2939 10
2966 3224 2940 1692 10
1692 1563 1550 2940 10
1692 2966 1563 2940 10
305 312 434 3223 10
2979 2965 3223 305 10
2979 305 3223 312 10
2965 2979 3223 3224 10
2980 2966 3224 2965 10
2980 2965 3224 2979 10
2966 2980 3224 1692 10
1570 1563 1692 2966 10
1570 2966 1692 2980 10
436 294 93 3227 10
2943 3227 2541 93 10
2943 294 3227 93 10
3227 2943 2541 3228 10
2944 3228 2542 2541 10
2944 2943 3228 2541 10
3228 2944 2542 1694 10
1552 1694 1351 2542 10
1552 2944 1694 2542 10
435 294 436 3227 10
2943 3225 3227 294 10
294 435 3225 3227 10
3225 2943 3227 3228 10
2944 3226 3228 2943 10
2943 3225 3226 3228 10
3226 2944 3228 1694 10
1552 1693 1694 2944 10
2944 3226 1693 1694 10
427 323 426 3209 10
3001 3209 3207 323 10
323 426 3209 3207 10
3209 3001 3207 3210 10
3002 3210 3208 3001 10
3001 3207 3210 3208 10
3210 3002 3208 1685 10
1581 1685 1684 3002 10
3002 3208 1685 1684 10
299 323 427 3209 10
3001 2953 3209 299 10
3001 299 3209 323 10
2953 3001 3209 3210 10
3002 2954 3210 2953 10
3002 2953 3210 3001 10
2954 3002 3210 1685 10
1581 1557 1685 2954 10
1581 2954 1685 3002 10
438 437 321 3231 10
3229 3231 2997 321 10
3229 437 3231 321 10
3231 3229 2997 3232 10
3230 3232 2998 2997 10
3230 3229 3232 2997 10
3232 3230 2998 1696 10
1695 1696 1579 2998 10
1695 3230 1696 2998 10
438 289 437 3231 10
2933 3231 3229 289 10
289 437 3231 3229 10
3231 2933 3229 3232 10
2934 3232 3230 2933 10
2933 3229 3232 3230 10
3232 2934 3230 1696 10
1547 1696 1695 2934 10
2934 3230 1696 1695 10
439 562 346 3479 10
3479 3233 3047 346 10
3479 439 3233 346 10
3233 3479 3047 3480 10
3480 3234 3048 3047 10
3480 3233 3234 3047 10
3234 3480 3048 1820 10
1820 1697 1604 3048 10
1820 3234 1697 3048 10
318 562 439 3479 10
3479 2991 3233 318 10
3479 318 3233 439 10
2991 3479 3233 3480 10
3480 2992 3234 2991 10
3480 2991 3234 3233 10
2992 3480 3234 1820 10
1820 1576 1697 2992 10
1820 2992 1697 3234 10
619 620 1075 4505 10
3595 3593 4505 619 10
3595 619 4505 620 10
3593 3595 4505 4506 10
3596 3594 4506 3593 10
3596 3593 4506 3595 10
3594 3596 4506 2333 10
1878 1877 2333 3594 10
1878 3594 2333 3596 10
622 16 15 3599 10
1289 3599 1287 15 10
1289 16 3599 15 10
3599 1289 1287 3600 10
1290 3600 1288 1287 10
1290 1289 3600 1287 10
3600 1290 1288 1880 10
54 1880 53 1290 10
1290 1288 1880 53 10
455 440 454 3265 10
3235 3265 3263 440 10
440 454 3265 3263 10
3265 3235 3263 3266 10
3236 3266 3264 3235 10
3235 3263 3266 3264 10
3266 3236 3264 1713 10
1698 1713 1712 3236 10
3236 3264 1713 1712 10
529 441 445 3413 10
3237 3413 3245 441 10
441 445 3413 3245 10
3413 3237 3245 3414 10
3238 3414 3246 3237 10
3237 3245 3414 3246 10
3414 3238 3246 1787 10
1699 1787 1703 3238 10
3238 3246 1787 1703 10
442 473 453 3301 10
3301 3239 3261 442 10
3301 442 3261 453 10
3239 3301 3261 3302 10
3302 3240 3262 3239 10
3302 3239 3262 3261 10
3240 3302 3262 1731 10
1731 1700 1711 3240 10
1731 3240 1711 3262 10
443 471 569 3493 10
3297 3241 3493 443 10
3297 443 3493 471 10
3241 3297 3493 3494 10
3298 3242 3494 3241 10
3298 3241 3494 3297 10
3242 3298 3494 1827 10
1729 1701 1827 3242 10
1729 3242 1827 3298 10
500 457 548 3451 10
3269 3355 3451 457 10
457 500 3355 3451 10
3355 3269 3451 3452 10
3270 3356 3452 3269 10
3269 3355 3356 3452 10
3356 3270 3452 1806 10
1715 1758 1806 3270 10
3270 3356 1758 1806 10
454 465 444 3285 10
3285 3263 3243 444 10
3285 454 3263 444 10
3263 3285 3243 3286 10
3286 3264 3244 3243 10
3286 3263 3264 3243 10
3264 3286 3244 1723 10
1723 1712 1702 3244 10
1723 3264 1712 3244 10
504 445 551 3457 10
3245 3363 3457 445 10
445 504 3363 3457 10
3363 3245 3457 3458 10
3246 3364 3458 3245 10
3245 3363 3364 3458 10
3364 3246 3458 1809 10
1703 1762 1809 3246 10
3246 3364 1762 1809 10
453 505 552 3459 10
3365 3261 3459 453 10
3365 453 3459 505 10
3261 3365 3459 3460 10
3366 3262 3460 3261 10
3366 3261 3460 3365 10
3262 3366 3460 1810 10
1763 1711 1810 3262 10
1763 3262 1810 3366 10
569 469 446 3493 10
3293 3493 3247 446 10
3293 469 3493 446 10
3493 3293 3247 3494 10
3294 3494 3248 3247 10
3294 3293 3494 3247 10
3494 3294 3248 1827 10
1727 1827 1704 3248 10
1727 3294 1827 3248 10
467 548 447 3451 10
3451 3289 3249 447 10
3451 467 3289 447 10
3289 3451 3249 3452 10
3452 3290 3250 3249 10
3452 3289 3290 3249 10
3290 3452 3250 1806 10
1806 1725 1705 3250 10
1806 3290 1725 3250 10
448 625 621 3605 10
3605 3251 3597 448 10
3605 448 3597 621 10
3251 3605 3597 3606 10
3606 3252 3598 3251 10
3606 3251 3598 3597 10
3252 3606 3598 1883 10
1883 1706 1879 3252 10
1883 3252 1879 3598 10
448 622 626 3607 10
3599 3251 3607 448 10
3599 448 3607 622 10
3251 3599 3607 3608 10
3600 3252 3608 3251 10
3600 3251 3608 3599 10
3252 3600 3608 1884 10
1880 1706 1884 3252 10
1880 3252 1884 3600 10
629 627 449 3613 10
3609 3613 3253 449 10
3609 627 3613 449 10
3613 3609 3253 3614 10
3610 3614 3254 3253 10
3610 3609 3614 3253 10
3614 3610 3254 1887 10
1885 1887 1707 3254 10
1885 3610 1887 3254 10
620 627 542 3609 10
3609 3595 3439 542 10
3609 620 3595 542 10
3595 3609 3439 3610 10
3610 3596 3440 3439 10
3610 3595 3596 3439 10
3596 3610 3440 1885 10
1885 1878 1800 3440 10
1885 3596 1878 3440 10
546 622 450 3599 10
3599 3447 3255 450 10
3599 546 3447 450 10
3447 3599 3255 3600 10
3600 3448 3256 3255 10
3600 3447 3448 3255 10
3448 3600 3256 1880 10
1880 1804 1708 3256 10
1880 3448 1804 3256 10
622 546 626 3607 10
3447 3599 3607 546 10
546 622 3599 3607 10
3599 3447 3607 3608 10
3448 3600 3608 3447 10
3447 3599 3600 3608 10
3600 3448 3608 1884 10
1804 1880 1884 3448 10
3448 3600 1880 1884 10
620 545 543 3595 10
3445 3595 3441 543 10
3445 545 3595 543 10
3595 3445 3441 3596 10
3446 3596 3442 3441 10
3446 3445 3596 3441 10
3596 3446 3442 1878 10
1803 1878 1801 3442 10
1803 3446 1878 3442 10
545 620 542 3595 10
3595 3445 3439 542 10
3595 545 3445 542 10
3445 3595 3439 3596 10
3596 3446 3440 3439 10
3596 3445 3446 3439 10
3446 3596 3440 1878 10
1878 1803 1800 3440 10
1878 3446 1803 3440 10
463 598 441 3551 10
3551 3281 3237 441 10
3551 463 3281 441 10
3281 3551 3237 3552 10
3552 3282 3238 3237 10
3552 3281 3282 3237 10
3282 3552 3238 1856 10
1856 1721 1699 3238 10
1856 3282 1721 3238 10
539 462 442 3433 10
3279 3433 3239 442 10
3279 462 3433 442 10
3433 3279 3239 3434 10
3280 3434 3240 3239 10
3280 3279 3434 3239 10
3434 3280 3240 1797 10
1720 1797 1700 3240 10
1720 3280 1797 3240 10
583 484 455 3521 10
3323 3521 3265 455 10
3323 484 3521 455 10
3521 3323 3265 3522 10
3324 3522 3266 3265 10
3324 3323 3522 3265 10
3522 3324 3266 1841 10
1742 1841 1713 3266 10
1742 3324 1841 3266 10
459 451 458 3273 10
3257 3273 3271 451 10
451 458 3273 3271 10
3273 3257 3271 3274 10
3258 3274 3272 3257 10
3257 3271 3274 3272 10
3274 3258 3272 1717 10
1709 1717 1716 3258 10
3258 3272 1717 1716 10
482 452 456 3319 10
3259 3319 3267 452 10
452 456 3319 3267 10
3319 3259 3267 3320 10
3260 3320 3268 3259 10
3259 3267 3320 3268 10
3320 3260 3268 1740 10
1710 1740 1714 3260 10
3260 3268 1740 1714 10
451 461 458 3277 10
3277 3257 3271 451 10
3277 451 3271 458 10
3257 3277 3271 3278 10
3278 3258 3272 3257 10
3278 3257 3272 3271 10
3258 3278 3272 1719 10
1719 1709 1716 3258 10
1719 3258 1716 3272 10
460 482 456 3319 10
3319 3275 3267 456 10
3319 460 3275 456 10
3275 3319 3267 3320 10
3320 3276 3268 3267 10
3320 3275 3276 3267 10
3276 3320 3268 1740 10
1740 1718 1714 3268 10
1740 3276 1718 3268 10
441 536 445 3427 10
3427 3237 3245 441 10
3427 441 3245 445 10
3237 3427 3245 3428 10
3428 3238 3246 3237 10
3428 3237 3246 3245 10
3238 3428 3246 1794 10
1794 1699 1703 3238 10
1794 3238 1703 3246 10
441 598 536 3551 10
3551 3237 3427 441 10
3551 441 3427 536 10
3237 3551 3427 3552 10
3552 3238 3428 3237 10
3552 3237 3428 3427 10
3238 3552 3428 1856 10
1856 1699 1794 3238 10
1856 3238 1794 3428 10
554 442 453 3463 10
3239 3463 3261 442 10
442 453 3463 3261 10
3463 3239 3261 3464 10
3240 3464 3262 3239 10
3239 3261 3464 3262 10
3464 3240 3262 1812 10
1700 1812 1711 3240 10
3240 3262 1812 1711 10
539 442 554 3463 10
3239 3433 3463 442 10
442 539 3433 3463 10
3433 3239 3463 3464 10
3240 3434 3464 3239 10
3239 3433 3434 3464 10
3434 3240 3464 1812 10
1700 1797 1812 3240 10
3240 3434 1797 1812 10
535 455 454 3425 10
3265 3425 3263 454 10
3265 455 3425 454 10
3425 3265 3263 3426 10
3266 3426 3264 3263 10
3266 3265 3426 3263 10
3426 3266 3264 1793 10
1713 1793 1712 3264 10
1713 3266 1793 3264 10
583 455 535 3521 10
3265 3521 3425 455 10
455 535 3521 3425 10
3521 3265 3425 3522 10
3266 3522 3426 3265 10
3265 3425 3522 3426 10
3522 3266 3426 1841 10
1713 1841 1793 3266 10
3266 3426 1841 1793 10
456 632 457 3619 10
3619 3267 3269 456 10
3619 456 3269 457 10
3267 3619 3269 3620 10
3620 3268 3270 3267 10
3620 3267 3270 3269 10
3268 3620 3270 1890 10
1890 1714 1715 3268 10
1890 3268 1715 3270 10
456 452 632 3619 10
3259 3267 3619 452 10
452 456 3267 3619 10
3267 3259 3619 3620 10
3260 3268 3620 3259 10
3259 3267 3268 3620 10
3268 3260 3620 1890 10
1710 1714 1890 3260 10
3260 3268 1714 1890 10
631 458 443 3617 10
3271 3617 3241 443 10
3271 458 3617 443 10
3617 3271 3241 3618 10
3272 3618 3242 3241 10
3272 3271 3618 3241 10
3618 3272 3242 1889 10
1716 1889 1701 3242 10
1716 3272 1889 3242 10
459 458 631 3617 10
3271 3273 3617 458 10
458 459 3273 3617 10
3273 3271 3617 3618 10
3272 3274 3618 3271 10
3271 3273 3274 3618 10
3274 3272 3618 1889 10
1716 1717 1889 3272 10
3272 3274 1717 1889 10
460 456 457 3275 10
3267 3275 3269 456 10
456 457 3275 3269 10
3275 3267 3269 3276 10
3268 3276 3270 3267 10
3267 3269 3276 3270 10
3276 3268 3270 1718 10
1714 1718 1715 3268 10
3268 3270 1718 1715 10
458 461 443 3277 10
3277 3271 3241 443 10
3277 458 3271 443 10
3271 3277 3241 3278 10
3278 3272 3242 3241 10
3278 3271 3272 3241 10
3272 3278 3242 1719 10
1719 1716 1701 3242 10
1719 3272 1716 3242 10
462 473 442 3301 10
3301 3279 3239 442 10
3301 462 3279 442 10
3279 3301 3239 3302 10
3302 3280 3240 3239 10
3302 3279 3280 3239 10
3280 3302 3240 1731 10
1731 1720 1700 3240 10
1731 3280 1720 3240 10
612 611 610 3579 10
3577 3579 3575 610 10
3577 611 3579 610 10
3579 3577 3575 3580 10
3578 3580 3576 3575 10
3578 3577 3580 3575 10
3580 3578 3576 1870 10
1869 1870 1868 3576 10
1869 3578 1870 3576 10
529 463 441 3413 10
3281 3413 3237 441 10
3281 463 3413 441 10
3413 3281 3237 3414 10
3282 3414 3238 3237 10
3282 3281 3414 3237 10
3414 3282 3238 1787 10
1721 1787 1699 3238 10
1721 3282 1787 3238 10
464 500 267 3355 10
3355 3283 2889 267 10
3355 464 3283 267 10
3283 3355 2889 3356 10
3356 3284 2890 2889 10
3356 3283 3284 2889 10
3284 3356 2890 1758 10
1758 1722 1525 2890 10
1758 3284 1722 2890 10
457 500 460 3355 10
3355 3269 3275 457 10
3355 457 3275 460 10
3269 3355 3275 3356 10
3356 3270 3276 3269 10
3356 3269 3276 3275 10
3270 3356 3276 1758 10
1758 1715 1718 3270 10
1758 3270 1718 3276 10
471 266 470 3297 10
2887 3297 3295 266 10
266 470 3297 3295 10
3297 2887 3295 3298 10
2888 3298 3296 2887 10
2887 3295 3298 3296 10
3298 2888 3296 1729 10
1524 1729 1728 2888 10
2888 3296 1729 1728 10
471 443 461 3297 10
3241 3297 3277 443 10
443 461 3297 3277 10
3297 3241 3277 3298 10
3242 3298 3278 3241 10
3241 3277 3298 3278 10
3298 3242 3278 1729 10
1701 1729 1719 3242 10
3242 3278 1729 1719 10
484 440 455 3323 10
3235 3323 3265 440 10
440 455 3323 3265 10
3323 3235 3265 3324 10
3236 3324 3266 3235 10
3235 3265 3324 3266 10
3324 3236 3266 1742 10
1698 1742 1713 3236 10
3236 3266 1742 1713 10
465 320 278 3285 10
2995 3285 2911 278 10
2995 320 3285 278 10
3285 2995 2911 3286 10
2996 3286 2912 2911 10
2996 2995 3286 2911 10
3286 2996 2912 1723 10
1578 1723 1536 2912 10
1578 2996 1723 2912 10
465 454 440 3285 10
3263 3285 3235 440 10
3263 454 3285 440 10
3285 3263 3235 3286 10
3264 3286 3236 3235 10
3264 3263 3286 3235 10
3286 3264 3236 1723 10
1712 1723 1698 3236 10
1712 3264 1723 3236 10
267 467 466 3289 10
3289 2889 3287 267 10
3289 267 3287 466 10
2889 3289 3287 3290 10
3290 2890 3288 2889 10
3290 2889 3288 3287 10
2890 3290 3288 1725 10
1725 1525 1724 2890 10
1725 2890 1724 3288 10
467 267 500 3355 10
2889 3289 3355 267 10
267 467 3289 3355 10
3289 2889 3355 3356 10
2890 3290 3356 2889 10
2889 3289 3290 3356 10
3290 2890 3356 1758 10
1525 1725 1758 2890 10
2890 3290 1725 1758 10
548 467 500 3451 10
3289 3451 3355 467 10
467 500 3451 3355 10
3451 3289 3355 3452 10
3290 3452 3356 3289 10
3289 3355 3452 3356 10
3452 3290 3356 1806 10
1725 1806 1758 3290 10
3290 3356 1806 1758 10
469 470 468 3295 10
3295 3293 3291 468 10
3295 469 3293 468 10
3293 3295 3291 3296 10
3296 3294 3292 3291 10
3296 3293 3294 3291 10
3294 3296 3292 1728 10
1728 1727 1726 3292 10
1728 3294 1727 3292 10
470 469 471 3297 10
3293 3295 3297 469 10
469 470 3295 3297 10
3295 3293 3297 3298 10
3294 3296 3298 3293 10
3293 3295 3296 3298 10
3296 3294 3298 1729 10
1727 1728 1729 3294 10
3294 3296 1728 1729 10
469 569 471 3493 10
3493 3293 3297 469 10
3493 469 3297 471 10
3293 3493 3297 3494 10
3494 3294 3298 3293 10
3494 3293 3298 3297 10
3294 3494 3298 1827 10
1827 1727 1729 3294 10
1827 3294 1729 3298 10
324 504 275 3363 10
3363 3003 2905 275 10
3363 324 3003 275 10
3003 3363 2905 3364 10
3364 3004 2906 2905 10
3364 3003 3004 2905 10
3004 3364 2906 1762 10
1762 1582 1533 2906 10
1762 3004 1582 2906 10
445 504 529 3413 10
3363 3245 3413 445 10
3363 445 3413 504 10
3245 3363 3413 3414 10
3364 3246 3414 3245 10
3364 3245 3414 3363 10
3246 3364 3414 1787 10
1762 1703 1787 3246 10
1762 3246 1787 3364 10
505 472 474 3365 10
3299 3365 3303 472 10
472 474 3365 3303 10
3365 3299 3303 3366 10
3300 3366 3304 3299 10
3299 3303 3366 3304 10
3366 3300 3304 1763 10
1730 1763 1732 3300 10
3300 3304 1763 1732 10
505 453 473 3365 10
3261 3365 3301 453 10
453 473 3365 3301 10
3365 3261 3301 3366 10
3262 3366 3302 3261 10
3261 3301 3366 3302 10
3366 3262 3302 1763 10
1711 1763 1731 3262 10
3262 3302 1763 1731 10
618 474 475 3591 10
3303 3591 3305 474 10
474 475 3591 3305 10
3591 3303 3305 3592 10
3304 3592 3306 3303 10
3303 3305 3592 3306 10
3592 3304 3306 1876 10
1732 1876 1733 3304 10
3304 3306 1876 1733 10
474 618 505 3591 10
3591 3303 3365 474 10
3591 474 3365 505 10
3303 3591 3365 3592 10
3592 3304 3366 3303 10
3592 3303 3366 3365 10
3304 3592 3366 1876 10
1876 1732 1763 3304 10
1876 3304 1763 3366 10
618 552 505 3591 10
3459 3591 3365 505 10
3459 552 3591 505 10
3591 3459 3365 3592 10
3460 3592 3366 3365 10
3460 3459 3592 3365 10
3592 3460 3366 1876 10
1810 1876 1763 3366 10
1810 3460 1876 3366 10
476 468 560 3475 10
3291 3307 3475 468 10
468 476 3307 3475 10
3307 3291 3475 3476 10
3292 3308 3476 3291 10
3291 3307 3308 3476 10
3308 3292 3476 1818 10
1726 1734 1818 3292 10
3292 3308 1734 1818 10
468 476 469 3307 10
3307 3291 3293 468 10
3307 468 3293 469 10
3291 3307 3293 3308 10
3308 3292 3294 3291 10
3308 3291 3294 3293 10
3292 3308 3294 1734 10
1734 1726 1727 3292 10
1734 3292 1727 3294 10
476 446 469 3307 10
3247 3307 3293 446 10
446 469 3307 3293 10
3307 3247 3293 3308 10
3248 3308 3294 3247 10
3247 3293 3308 3294 10
3308 3248 3294 1734 10
1704 1734 1727 3248 10
3248 3294 1734 1727 10
275 617 274 3589 10
3589 2905 2903 274 10
3589 275 2905 274 10
2905 3589 2903 3590 10
3590 2906 2904 2903 10
3590 2905 2906 2903 10
2906 3590 2904 1875 10
1875 1533 1532 2904 10
1875 2906 1533 2904 10
617 275 504 3589 10
2905 3589 3363 275 10
275 504 3589 3363 10
3589 2905 3363 3590 10
2906 3590 3364 2905 10
2905 3363 3590 3364 10
3590 2906 3364 1875 10
1533 1875 1762 2906 10
2906 3364 1875 1762 10
551 617 504 3589 10
3589 3457 3363 504 10
3589 551 3457 504 10
3457 3589 3363 3590 10
3590 3458 3364 3363 10
3590 3457 3458 3363 10
3458 3590 3364 1875 10
1875 1809 1762 3364 10
1875 3458 1809 3364 10
573 278 277 3501 10
2911 3501 2909 277 10
2911 278 3501 277 10
3501 2911 2909 3502 10
2912 3502 2910 2909 10
2912 2911 3502 2909 10
3502 2912 2910 1831 10
1536 1831 1535 2910 10
1536 2912 1831 2910 10
278 573 465 3501 10
3501 2911 3285 278 10
3501 278 3285 465 10
2911 3501 3285 3502 10
3502 2912 3286 2911 10
3502 2911 3286 3285 10
2912 3502 3286 1831 10
1831 1536 1723 2912 10
1831 2912 1723 3286 10
573 444 465 3501 10
3243 3501 3285 444 10
444 465 3501 3285 10
3501 3243 3285 3502 10
3244 3502 3286 3243 10
3243 3285 3502 3286 10
3502 3244 3286 1831 10
1702 1831 1723 3244 10
3244 3286 1831 1723 10
466 477 562 3479 10
3309 3287 3479 466 10
3309 466 3479 477 10
3287 3309 3479 3480 10
3310 3288 3480 3287 10
3310 3287 3480 3309 10
3288 3310 3480 1820 10
1735 1724 1820 3288 10
1735 3288 1820 3310 10
477 466 467 3309 10
3287 3309 3289 466 10
466 467 3309 3289 10
3309 3287 3289 3310 10
3288 3310 3290 3287 10
3287 3289 3310 3290 10
3310 3288 3290 1735 10
1724 1735 1725 3288 10
3288 3290 1735 1725 10
447 477 467 3309 10
3309 3249 3289 447 10
3309 447 3289 467 10
3249 3309 3289 3310 10
3310 3250 3290 3249 10
3310 3249 3290 3289 10
3250 3310 3290 1735 10
1735 1705 1725 3250 10
1735 3250 1725 3290 10
573 516 444 3501 10
3387 3501 3243 444 10
3387 516 3501 444 10
3501 3387 3243 3502 10
3388 3502 3244 3243 10
3388 3387 3502 3243 10
3502 3388 3244 1831 10
1774 1831 1702 3244 10
1774 3388 1831 3244 10
478 477 447 3311 10
3309 3311 3249 447 10
3309 477 3311 447 10
3311 3309 3249 3312 10
3310 3312 3250 3249 10
3310 3309 3312 3249 10
3312 3310 3250 1736 10
1735 1736 1705 3250 10
1735 3310 1736 3250 10
476 479 446 3313 10
3313 3307 3247 446 10
3313 476 3307 446 10
3307 3313 3247 3314 10
3314 3308 3248 3247 10
3314 3307 3308 3247 10
3308 3314 3248 1737 10
1737 1734 1704 3248 10
1737 3308 1734 3248 10
15 14 450 3255 10
1285 1287 3255 14 10
14 15 1287 3255 10
1287 1285 3255 3256 10
1286 1288 3256 1287 10
1286 1287 3256 1285 10
1288 1286 3256 1708 10
52 53 1708 1288 10
52 1288 1708 1286 10
622 15 450 3599 10
1287 3599 3255 15 10
15 450 3599 3255 10
3599 1287 3255 3600 10
1288 3600 3256 1287 10
1287 3255 3600 3256 10
3600 1288 3256 1880 10
53 1880 1708 1288 10
1288 3256 1880 1708 10
1049 1075 543 4505 10
4505 4453 3441 543 10
4505 1049 4453 543 10
4453 4505 3441 4506 10
4506 4454 3442 3441 10
4506 4453 4454 3441 10
4454 4506 3442 2333 10
2333 2307 1801 3442 10
2333 4454 2307 3442 10
1075 620 543 4505 10
3595 4505 3441 543 10
3595 620 4505 543 10
4505 3595 3441 4506 10
3596 4506 3442 3441 10
3596 3595 4506 3441 10
4506 3596 3442 2333 10
1878 2333 1801 3442 10
1878 3596 2333 3442 10
480 451 597 3549 10
3257 3315 3549 451 10
451 480 3315 3549 10
3315 3257 3549 3550 10
3258 3316 3550 3257 10
3257 3315 3316 3550 10
3316 3258 3550 1855 10
1709 1738 1855 3258 10
3258 3316 1738 1855 10
459 597 451 3549 10
3549 3273 3257 451 10
3549 459 3273 451 10
3273 3549 3257 3550 10
3550 3274 3258 3257 10
3550 3273 3274 3257 10
3274 3550 3258 1855 10
1855 1717 1709 3258 10
1855 3274 1717 3258 10
463 480 597 3549 10
3315 3281 3549 463 10
3315 463 3549 480 10
3281 3315 3549 3550 10
3316 3282 3550 3281 10
3316 3281 3550 3315 10
3282 3316 3550 1855 10
1738 1721 1855 3282 10
1738 3282 1855 3316 10
597 598 463 3551 10
3551 3549 3281 463 10
3551 597 3549 463 10
3549 3551 3281 3552 10
3552 3550 3282 3281 10
3552 3549 3550 3281 10
3550 3552 3282 1856 10
1856 1855 1721 3282 10
1856 3550 1855 3282 10
482 511 481 3377 10
3377 3319 3317 481 10
3377 482 3319 481 10
3319 3377 3317 3378 10
3378 3320 3318 3317 10
3378 3319 3320 3317 10
3320 3378 3318 1769 10
1769 1740 1739 3318 10
1769 3320 1740 3318 10
481 452 482 3319 10
3259 3317 3319 452 10
452 481 3317 3319 10
3317 3259 3319 3320 10
3260 3318 3320 3259 10
3259 3317 3318 3320 10
3318 3260 3320 1740 10
1710 1739 1740 3260 10
3260 3318 1739 1740 10
511 462 481 3377 10
3279 3377 3317 462 10
462 481 3377 3317 10
3377 3279 3317 3378 10
3280 3378 3318 3279 10
3279 3317 3378 3318 10
3378 3280 3318 1769 10
1720 1769 1739 3280 10
3280 3318 1769 1739 10
539 481 462 3433 10
3317 3433 3279 462 10
3317 481 3433 462 10
3433 3317 3279 3434 10
3318 3434 3280 3279 10
3318 3317 3434 3279 10
3434 3318 3280 1797 10
1739 1797 1720 3280 10
1739 3318 1797 3280 10
563 484 483 3481 10
3323 3481 3321 483 10
3323 484 3481 483 10
3481 3323 3321 3482 10
3324 3482 3322 3321 10
3324 3323 3482 3321 10
3482 3324 3322 1821 10
1742 1821 1741 3322 10
1742 3324 1821 3322 10
583 483 484 3521 10
3321 3521 3323 483 10
483 484 3521 3323 10
3521 3321 3323 3522 10
3322 3522 3324 3321 10
3321 3323 3522 3324 10
3522 3322 3324 1841 10
1741 1841 1742 3322 10
3322 3324 1841 1742 10
580 563 483 3515 10
3481 3515 3321 483 10
3481 563 3515 483 10
3515 3481 3321 3516 10
3482 3516 3322 3321 10
3482 3481 3516 3321 10
3516 3482 3322 1838 10
1821 1838 1741 3322 10
1821 3482 1838 3322 10
763 513 764 3883 10
3381 3881 3883 513 10
513 763 3881 3883 10
3881 3381 3883 3884 10
3382 3882 3884 3381 10
3381 3881 3882 3884 10
3882 3382 3884 2022 10
1771 2021 2022 3382 10
3382 3882 2021 2022 10
552 618 488 3591 10
3591 3459 3331 488 10
3591 552 3459 488 10
3459 3591 3331 3592 10
3592 3460 3332 3331 10
3592 3459 3460 3331 10
3460 3592 3332 1876 10
1876 1810 1746 3332 10
1876 3460 1810 3332 10
544 552 488 3459 10
3459 3443 3331 488 10
3459 544 3443 488 10
3443 3459 3331 3460 10
3460 3444 3332 3331 10
3460 3443 3444 3331 10
3444 3460 3332 1810 10
1810 1802 1746 3332 10
1810 3444 1802 3332 10
617 551 638 3631 10
3457 3589 3631 551 10
551 617 3589 3631 10
3589 3457 3631 3632 10
3458 3590 3632 3457 10
3457 3589 3590 3632 10
3590 3458 3632 1896 10
1809 1875 1896 3458 10
3458 3590 1875 1896 10
551 547 638 3631 10
3449 3457 3631 547 10
547 551 3457 3631 10
3457 3449 3631 3632 10
3450 3458 3632 3449 10
3449 3457 3458 3632 10
3458 3450 3632 1896 10
1805 1809 1896 3450 10
3450 3458 1809 1896 10
517 513 763 3881 10
3381 3389 3881 513 10
513 517 3389 3881 10
3389 3381 3881 3882 10
3382 3390 3882 3381 10
3381 3389 3390 3882 10
3390 3382 3882 2021 10
1771 1775 2021 3382 10
3382 3390 1775 2021 10
630 502 648 3651 10
3359 3615 3651 502 10
502 630 3615 3651 10
3615 3359 3651 3652 10
3360 3616 3652 3359 10
3359 3615 3616 3652 10
3616 3360 3652 1906 10
1760 1888 1906 3360 10
3360 3616 1888 1906 10
711 633 485 3777 10
3621 3777 3325 485 10
3621 633 3777 485 10
3777 3621 3325 3778 10
3622 3778 3326 3325 10
3622 3621 3778 3325 10
3778 3622 3326 1969 10
1891 1969 1743 3326 10
1891 3622 1969 3326 10
295 523 567 3489 10
3401 2945 3489 295 10
3401 295 3489 523 10
2945 3401 3489 3490 10
3402 2946 3490 2945 10
3402 2945 3490 3401 10
2946 3402 3490 1825 10
1781 1553 1825 2946 10
1781 2946 1825 3402 10
523 568 567 3491 10
3491 3401 3489 523 10
3491 523 3489 567 10
3401 3491 3489 3492 10
3492 3402 3490 3401 10
3492 3401 3490 3489 10
3402 3492 3490 1826 10
1826 1781 1825 3402 10
1826 3402 1825 3490 10
520 519 486 3395 10
3393 3395 3327 486 10
3393 519 3395 486 10
3395 3393 3327 3396 10
3394 3396 3328 3327 10
3394 3393 3396 3327 10
3396 3394 3328 1778 10
1777 1778 1744 3328 10
1777 3394 1778 3328 10
495 520 486 3395 10
3395 3345 3327 486 10
3395 495 3345 486 10
3345 3395 3327 3396 10
3396 3346 3328 3327 10
3396 3345 3346 3327 10
3346 3396 3328 1778 10
1778 1753 1744 3328 10
1778 3346 1753 3328 10
543 487 489 3441 10
3329 3441 3333 487 10
487 489 3441 3333 10
3441 3329 3333 3442 10
3330 3442 3334 3329 10
3329 3333 3442 3334 10
3442 3330 3334 1801 10
1745 1801 1747 3330 10
3330 3334 1801 1747 10
487 488 489 3333 10
3331 3329 3333 487 10
3331 487 3333 488 10
3329 3331 3333 3334 10
3332 3330 3334 3329 10
3332 3329 3334 3331 10
3330 3332 3334 1747 10
1746 1745 1747 3330 10
1746 3330 1747 3332 10
490 450 491 3337 10
3255 3335 3337 450 10
450 490 3335 3337 10
3335 3255 3337 3338 10
3256 3336 3338 3255 10
3255 3335 3336 3338 10
3336 3256 3338 1749 10
1708 1748 1749 3256 10
3256 3336 1748 1749 10
638 490 491 3631 10
3335 3631 3337 490 10
490 491 3631 3337 10
3631 3335 3337 3632 10
3336 3632 3338 3335 10
3335 3337 3632 3338 10
3632 3336 3338 1896 10
1748 1896 1749 3336 10
3336 3338 1896 1749 10
492 493 600 3555 10
3341 3339 3555 492 10
3341 492 3555 493 10
3339 3341 3555 3556 10
3342 3340 3556 3339 10
3342 3339 3556 3341 10
3340 3342 3556 1858 10
1751 1750 1858 3340 10
1751 3340 1858 3342 10
493 492 524 3403 10
3339 3341 3403 492 10
492 493 3341 3403 10
3341 3339 3403 3404 10
3340 3342 3404 3339 10
3339 3341 3342 3404 10
3342 3340 3404 1782 10
1750 1751 1782 3340 10
3340 3342 1751 1782 10
564 303 302 3483 10
2961 3483 2959 302 10
2961 303 3483 302 10
3483 2961 2959 3484 10
2962 3484 2960 2959 10
2962 2961 3484 2959 10
3484 2962 2960 1822 10
1561 1822 1560 2960 10
1561 2962 1822 2960 10
303 564 558 3483 10
3483 2961 3471 303 10
3483 303 3471 558 10
2961 3483 3471 3484 10
3484 2962 3472 2961 10
3484 2961 3472 3471 10
2962 3484 3472 1822 10
1822 1561 1816 2962 10
1822 2962 1816 3472 10
631 549 630 3617 10
3453 3617 3615 549 10
549 630 3617 3615 10
3617 3453 3615 3618 10
3454 3618 3616 3453 10
3453 3615 3618 3616 10
3618 3454 3616 1889 10
1807 1889 1888 3454 10
3454 3616 1889 1888 10
514 632 633 3621 10
3619 3383 3621 514 10
3619 514 3621 632 10
3383 3619 3621 3622 10
3620 3384 3622 3383 10
3620 3383 3622 3619 10
3384 3620 3622 1891 10
1890 1772 1891 3384 10
1890 3384 1891 3620 10
494 516 610 3575 10
3387 3343 3575 494 10
3387 494 3575 516 10
3343 3387 3575 3576 10
3388 3344 3576 3343 10
3388 3343 3576 3387 10
3344 3388 3576 1868 10
1774 1752 1868 3344 10
1774 3344 1868 3388 10
513 494 610 3575 10
3343 3381 3575 494 10
494 513 3381 3575 10
3381 3343 3575 3576 10
3344 3382 3576 3343 10
3343 3381 3382 3576 10
3382 3344 3576 1868 10
1752 1771 1868 3344 10
3344 3382 1771 1868 10
527 440 484 3409 10
3235 3409 3323 440 10
440 484 3409 3323 10
3409 3235 3323 3410 10
3236 3410 3324 3235 10
3235 3323 3410 3324 10
3410 3236 3324 1785 10
1698 1785 1742 3236 10
3236 3324 1785 1742 10
509 461 451 3373 10
3277 3373 3257 451 10
3277 461 3373 451 10
3373 3277 3257 3374 10
3278 3374 3258 3257 10
3278 3277 3374 3257 10
3374 3278 3258 1767 10
1719 1767 1709 3258 10
1719 3278 1767 3258 10
509 568 523 3491 10
3491 3373 3401 509 10
3491 509 3401 523 10
3373 3491 3401 3492 10
3492 3374 3402 3373 10
3492 3373 3402 3401 10
3374 3492 3402 1826 10
1826 1767 1781 3374 10
1826 3374 1781 3402 10
460 522 482 3399 10
3399 3275 3319 460 10
3399 460 3319 482 10
3275 3399 3319 3400 10
3400 3276 3320 3275 10
3400 3275 3320 3319 10
3276 3400 3320 1780 10
1780 1718 1740 3276 10
1780 3276 1740 3320 10
495 522 520 3399 10
3399 3345 3395 495 10
3399 495 3395 520 10
3345 3399 3395 3400 10
3400 3346 3396 3345 10
3400 3345 3396 3395 10
3346 3400 3396 1780 10
1780 1753 1778 3346 10
1780 3346 1778 3396 10
529 510 463 3413 10
3375 3413 3281 463 10
3375 510 3413 463 10
3413 3375 3281 3414 10
3376 3414 3282 3281 10
3376 3375 3414 3281 10
3414 3376 3282 1787 10
1768 1787 1721 3282 10
1768 3376 1787 3282 10
512 473 462 3379 10
3301 3379 3279 462 10
3301 473 3379 462 10
3379 3301 3279 3380 10
3302 3380 3280 3279 10
3302 3301 3380 3279 10
3380 3302 3280 1770 10
1731 1770 1720 3280 10
1731 3302 1770 3280 10
516 574 610 3575 10
3503 3387 3575 516 10
3503 516 3575 574 10
3387 3503 3575 3576 10
3504 3388 3576 3387 10
3504 3387 3576 3503 10
3388 3504 3576 1868 10
1832 1774 1868 3388 10
1832 3388 1868 3504 10
574 612 610 3579 10
3579 3503 3575 574 10
3579 574 3575 610 10
3503 3579 3575 3580 10
3580 3504 3576 3503 10
3580 3503 3576 3575 10
3504 3580 3576 1870 10
1870 1832 1868 3504 10
1870 3504 1868 3576 10
574 516 573 3503 10
3387 3503 3501 516 10
516 573 3503 3501 10
3503 3387 3501 3504 10
3388 3504 3502 3387 10
3387 3501 3504 3502 10
3504 3388 3502 1832 10
1774 1832 1831 3388 10
3388 3502 1832 1831 10
605 496 648 3651 10
3347 3565 3651 496 10
496 605 3565 3651 10
3565 3347 3651 3652 10
3348 3566 3652 3347 10
3347 3565 3566 3652 10
3566 3348 3652 1906 10
1754 1863 1906 3348 10
3348 3566 1863 1906 10
631 496 459 3617 10
3347 3617 3273 459 10
3347 496 3617 459 10
3617 3347 3273 3618 10
3348 3618 3274 3273 10
3348 3347 3618 3273 10
3618 3348 3274 1889 10
1754 1889 1717 3274 10
1754 3348 1889 3274 10
496 605 459 3565 10
3565 3347 3273 459 10
3565 496 3347 459 10
3347 3565 3273 3566 10
3566 3348 3274 3273 10
3566 3347 3348 3273 10
3348 3566 3274 1863 10
1863 1754 1717 3274 10
1863 3348 1754 3274 10
497 498 485 3351 10
3351 3349 3325 485 10
3351 497 3349 485 10
3349 3351 3325 3352 10
3352 3350 3326 3325 10
3352 3349 3350 3325 10
3350 3352 3326 1756 10
1756 1755 1743 3326 10
1756 3350 1755 3326 10
497 632 452 3619 10
3619 3349 3259 452 10
3619 497 3349 452 10
3349 3619 3259 3620 10
3620 3350 3260 3259 10
3620 3349 3350 3259 10
3350 3620 3260 1890 10
1890 1755 1710 3260 10
1890 3350 1755 3260 10
498 497 452 3351 10
3349 3351 3259 452 10
3349 497 3351 452 10
3351 3349 3259 3352 10
3350 3352 3260 3259 10
3350 3349 3352 3259 10
3352 3350 3260 1756 10
1755 1756 1710 3260 10
1755 3350 1756 3260 10
499 266 471 3353 10
2887 3353 3297 266 10
266 471 3353 3297 10
3353 2887 3297 3354 10
2888 3354 3298 2887 10
2887 3297 3354 3298 10
3354 2888 3298 1757 10
1524 1757 1729 2888 10
2888 3298 1757 1729 10
461 499 471 3353 10
3353 3277 3297 461 10
3353 461 3297 471 10
3277 3353 3297 3354 10
3354 3278 3298 3277 10
3354 3277 3298 3297 10
3278 3354 3298 1757 10
1757 1719 1729 3278 10
1757 3278 1729 3298 10
464 521 500 3397 10
3397 3283 3355 464 10
3397 464 3355 500 10
3283 3397 3355 3398 10
3398 3284 3356 3283 10
3398 3283 3356 3355 10
3284 3398 3356 1779 10
1779 1722 1758 3284 10
1779 3284 1758 3356 10
521 460 500 3397 10
3275 3397 3355 460 10
460 500 3397 3355 10
3397 3275 3355 3398 10
3276 3398 3356 3275 10
3275 3355 3398 3356 10
3398 3276 3356 1779 10
1718 1779 1758 3276 10
3276 3356 1779 1758 10
476 561 479 3477 10
3477 3307 3313 476 10
3477 476 3313 479 10
3307 3477 3313 3478 10
3478 3308 3314 3307 10
3478 3307 3314 3313 10
3308 3478 3314 1819 10
1819 1734 1737 3308 10
1819 3308 1737 3314 10
640 477 478 3635 10
3309 3635 3311 477 10
477 478 3635 3311 10
3635 3309 3311 3636 10
3310 3636 3312 3309 10
3309 3311 3636 3312 10
3636 3310 3312 1898 10
1735 1898 1736 3310 10
3310 3312 1898 1736 10
579 479 561 3513 10
3313 3513 3477 479 10
479 561 3513 3477 10
3513 3313 3477 3514 10
3314 3514 3478 3313 10
3313 3477 3514 3478 10
3514 3314 3478 1837 10
1737 1837 1819 3314 10
3314 3478 1837 1819 10
478 501 640 3635 10
3357 3311 3635 478 10
3357 478 3635 501 10
3311 3357 3635 3636 10
3358 3312 3636 3311 10
3358 3311 3636 3357 10
3312 3358 3636 1898 10
1759 1736 1898 3312 10
1759 3312 1898 3358 10
571 502 630 3615 10
3359 3497 3615 502 10
502 571 3497 3615 10
3497 3359 3615 3616 10
3360 3498 3616 3359 10
3359 3497 3498 3616 10
3498 3360 3616 1888 10
1760 1829 1888 3360 10
3360 3498 1829 1888 10
711 531 633 3777 10
3417 3777 3621 531 10
531 633 3777 3621 10
3777 3417 3621 3778 10
3418 3778 3622 3417 10
3417 3621 3778 3622 10
3778 3418 3622 1969 10
1789 1969 1891 3418 10
3418 3622 1969 1891 10
577 320 465 3509 10
2995 3509 3285 320 10
320 465 3509 3285 10
3509 2995 3285 3510 10
2996 3510 3286 2995 10
2995 3285 3510 3286 10
3510 2996 3286 1835 10
1578 1835 1723 2996 10
2996 3286 1835 1723 10
440 577 465 3509 10
3509 3235 3285 440 10
3509 440 3285 465 10
3235 3509 3285 3510 10
3510 3236 3286 3235 10
3510 3235 3286 3285 10
3236 3510 3286 1835 10
1835 1698 1723 3236 10
1835 3236 1723 3286 10
321 637 322 3629 10
3629 2997 2999 321 10
3629 321 2999 322 10
2997 3629 2999 3630 10
3630 2998 3000 2997 10
3630 2997 3000 2999 10
2998 3630 3000 1895 10
1895 1579 1580 2998 10
1895 2998 1580 3000 10
491 637 638 3631 10
3629 3337 3631 491 10
3629 491 3631 637 10
3337 3629 3631 3632 10
3630 3338 3632 3337 10
3630 3337 3632 3629 10
3338 3630 3632 1896 10
1895 1749 1896 3338 10
1895 3338 1896 3630 10
634 426 330 3623 10
3207 3623 3015 330 10
3207 426 3623 330 10
3623 3207 3015 3624 10
3208 3624 3016 3015 10
3208 3207 3624 3015 10
3624 3208 3016 1892 10
1684 1892 1588 3016 10
1684 3208 1892 3016 10
634 489 488 3623 10
3333 3623 3331 488 10
3333 489 3623 488 10
3623 3333 3331 3624 10
3334 3624 3332 3331 10
3334 3333 3624 3331 10
3624 3334 3332 1892 10
1747 1892 1746 3332 10
1747 3334 1892 3332 10
324 503 504 3363 10
3361 3003 3363 324 10
3361 324 3363 503 10
3003 3361 3363 3364 10
3362 3004 3364 3003 10
3362 3003 3364 3361 10
3004 3362 3364 1762 10
1761 1582 1762 3004 10
1761 3004 1762 3362 10
503 529 504 3413 10
3413 3361 3363 503 10
3413 503 3363 504 10
3361 3413 3363 3414 10
3414 3362 3364 3361 10
3414 3361 3364 3363 10
3362 3414 3364 1787 10
1787 1761 1762 3362 10
1787 3362 1762 3364 10
528 472 505 3411 10
3299 3411 3365 472 10
472 505 3411 3365 10
3411 3299 3365 3412 10
3300 3412 3366 3299 10
3299 3365 3412 3366 10
3412 3300 3366 1786 10
1730 1786 1763 3300 10
3300 3366 1786 1763 10
473 528 505 3411 10
3411 3301 3365 473 10
3411 473 3365 505 10
3301 3411 3365 3412 10
3412 3302 3366 3301 10
3412 3301 3366 3365 10
3302 3412 3366 1786 10
1786 1731 1763 3302 10
1786 3302 1763 3366 10
506 13 12 3367 10
1283 3367 1281 12 10
1283 13 3367 12 10
3367 1283 1281 3368 10
1284 3368 1282 1283 10
1283 1281 3368 1282 10
3368 1284 1282 1764 10
51 1764 50 1284 10
1284 1282 1764 50 10
322 506 12 3367 10
3367 2999 1281 12 10
3367 322 2999 12 10
2999 3367 1281 3368 10
3368 3000 1282 1281 10
3368 2999 3000 1281 10
3000 3368 1282 1764 10
1764 1580 50 1282 10
1764 3000 1580 1282 10
13 506 491 3367 10
3367 1283 3337 13 10
3367 13 3337 491 10
1283 3367 3337 3368 10
3368 1284 3338 1283 10
3368 1283 3338 3337 10
1284 3368 3338 1764 10
1764 51 1749 1284 10
1764 1284 1749 3338 10
508 330 325 3371 10
3015 3371 3005 325 10
3015 330 3371 325 10
3371 3015 3005 3372 10
3016 3372 3006 3005 10
3016 3015 3372 3005 10
3372 3016 3006 1766 10
1588 1766 1583 3006 10
1588 3016 1766 3006 10
508 507 489 3371 10
3369 3371 3333 489 10
3369 507 3371 489 10
3371 3369 3333 3372 10
3370 3372 3334 3333 10
3370 3369 3372 3333 10
3372 3370 3334 1766 10
1765 1766 1747 3334 10
1765 3370 1766 3334 10
507 508 325 3371 10
3371 3369 3005 325 10
3371 507 3369 325 10
3369 3371 3005 3372 10
3372 3370 3006 3005 10
3372 3369 3370 3005 10
3370 3372 3006 1766 10
1766 1765 1583 3006 10
1766 3370 1765 3006 10
446 570 569 3495 10
3495 3247 3493 446 10
3495 446 3493 569 10
3247 3495 3493 3496 10
3496 3248 3494 3247 10
3496 3247 3494 3493 10
3248 3496 3494 1828 10
1828 1704 1827 3248 10
1828 3248 1827 3494 10
572 447 548 3499 10
3249 3499 3451 447 10
447 548 3499 3451 10
3499 3249 3451 3500 10
3250 3500 3452 3249 10
3249 3451 3500 3452 10
3500 3250 3452 1830 10
1705 1830 1806 3250 10
3250 3452 1830 1806 10
444 515 454 3385 10
3385 3243 3263 444 10
3385 444 3263 454 10
3243 3385 3263 3386 10
3386 3244 3264 3243 10
3386 3243 3264 3263 10
3244 3386 3264 1773 10
1773 1702 1712 3244 10
1773 3244 1712 3264 10
515 535 454 3425 10
3425 3385 3263 454 10
3425 515 3385 454 10
3385 3425 3263 3426 10
3426 3386 3264 3263 10
3426 3385 3386 3263 10
3386 3426 3264 1793 10
1793 1773 1712 3264 10
1793 3386 1773 3264 10
584 590 524 3535 10
3535 3523 3403 524 10
3535 584 3523 524 10
3523 3535 3403 3536 10
3536 3524 3404 3403 10
3536 3523 3524 3403 10
3524 3536 3404 1848 10
1848 1842 1782 3404 10
1848 3524 1842 3404 10
637 506 322 3629 10
3367 3629 2999 322 10
3367 506 3629 322 10
3629 3367 2999 3630 10
3368 3630 3000 2999 10
3368 3367 3630 2999 10
3630 3368 3000 1895 10
1764 1895 1580 3000 10
1764 3368 1895 3000 10
637 491 506 3629 10
3337 3629 3367 491 10
491 506 3629 3367 10
3629 3337 3367 3630 10
3338 3630 3368 3337 10
3337 3367 3630 3368 10
3630 3338 3368 1895 10
1749 1895 1764 3338 10
3338 3368 1895 1764 10
508 634 330 3623 10
3623 3371 3015 330 10
3623 508 3371 330 10
3371 3623 3015 3624 10
3624 3372 3016 3015 10
3624 3371 3372 3015 10
3372 3624 3016 1892 10
1892 1766 1588 3016 10
1892 3372 1766 3016 10
489 634 508 3623 10
3623 3333 3371 489 10
3623 489 3371 508 10
3333 3623 3371 3624 10
3624 3334 3372 3333 10
3624 3333 3372 3371 10
3334 3624 3372 1892 10
1892 1747 1766 3334 10
1892 3334 1766 3372 10
511 522 495 3399 10
3399 3377 3345 495 10
3399 511 3377 495 10
3377 3399 3345 3400 10
3400 3378 3346 3345 10
3400 3377 3378 3345 10
3378 3400 3346 1780 10
1780 1769 1753 3346 10
1780 3378 1769 3346 10
511 482 522 3399 10
3319 3377 3399 482 10
482 511 3377 3399 10
3377 3319 3399 3400 10
3320 3378 3400 3319 10
3319 3377 3378 3400 10
3378 3320 3400 1780 10
1740 1769 1780 3320 10
3320 3378 1769 1780 10
509 480 568 3491 10
3315 3373 3491 480 10
480 509 3373 3491 10
3373 3315 3491 3492 10
3316 3374 3492 3315 10
3315 3373 3374 3492 10
3374 3316 3492 1826 10
1738 1767 1826 3316 10
3316 3374 1767 1826 10
451 480 509 3373 10
3315 3257 3373 451 10
3315 451 3373 480 10
3257 3315 3373 3374 10
3316 3258 3374 3257 10
3316 3257 3374 3315 10
3258 3316 3374 1767 10
1738 1709 1767 3258 10
1738 3258 1767 3316 10
480 510 568 3491 10
3375 3315 3491 480 10
3375 480 3491 510 10
3315 3375 3491 3492 10
3376 3316 3492 3315 10
3376 3315 3492 3375 10
3316 3376 3492 1826 10
1768 1738 1826 3316 10
1768 3316 1826 3376 10
480 463 510 3375 10
3281 3315 3375 463 10
463 480 3315 3375 10
3315 3281 3375 3376 10
3282 3316 3376 3281 10
3281 3315 3316 3376 10
3316 3282 3376 1768 10
1721 1738 1768 3282 10
3282 3316 1738 1768 10
512 511 495 3379 10
3377 3379 3345 495 10
3377 511 3379 495 10
3379 3377 3345 3380 10
3378 3380 3346 3345 10
3378 3377 3380 3345 10
3380 3378 3346 1770 10
1769 1770 1753 3346 10
1769 3378 1770 3346 10
462 511 512 3379 10
3377 3279 3379 462 10
3377 462 3379 511 10
3279 3377 3379 3380 10
3378 3280 3380 3279 10
3378 3279 3380 3377 10
3280 3378 3380 1770 10
1769 1720 1770 3280 10
1769 3280 1770 3378 10
484 563 527 3481 10
3481 3323 3409 484 10
3481 484 3409 527 10
3323 3481 3409 3482 10
3482 3324 3410 3323 10
3482 3323 3410 3409 10
3324 3482 3410 1821 10
1821 1742 1785 3324 10
1821 3324 1785 3410 10
563 580 558 3515 10
3515 3481 3471 558 10
3515 563 3481 558 10
3481 3515 3471 3516 10
3516 3482 3472 3471 10
3516 3481 3482 3471 10
3482 3516 3472 1838 10
1838 1821 1816 3472 10
1838 3482 1821 3472 10
517 494 513 3389 10
3343 3389 3381 494 10
494 513 3389 3381 10
3389 3343 3381 3390 10
3344 3390 3382 3343 10
3343 3381 3390 3382 10
3390 3344 3382 1775 10
1752 1775 1771 3344 10
3344 3382 1775 1771 10
630 549 571 3615 10
3453 3615 3497 549 10
549 571 3615 3497 10
3615 3453 3497 3616 10
3454 3616 3498 3453 10
3453 3497 3616 3498 10
3616 3454 3498 1888 10
1807 1888 1829 3454 10
3454 3498 1888 1829 10
514 633 531 3621 10
3621 3383 3417 514 10
3621 514 3417 531 10
3383 3621 3417 3622 10
3622 3384 3418 3383 10
3622 3383 3418 3417 10
3384 3622 3418 1891 10
1891 1772 1789 3384 10
1891 3384 1789 3418 10
516 515 444 3387 10
3385 3387 3243 444 10
3385 515 3387 444 10
3387 3385 3243 3388 10
3386 3388 3244 3243 10
3386 3385 3388 3243 10
3388 3386 3244 1774 10
1773 1774 1702 3244 10
1773 3386 1774 3244 10
516 494 515 3387 10
3343 3387 3385 494 10
494 515 3387 3385 10
3387 3343 3385 3388 10
3344 3388 3386 3343 10
3343 3385 3388 3386 10
3388 3344 3386 1774 10
1752 1774 1773 3344 10
3344 3386 1774 1773 10
517 535 515 3425 10
3425 3389 3385 515 10
3425 517 3389 515 10
3389 3425 3385 3426 10
3426 3390 3386 3385 10
3426 3389 3390 3385 10
3390 3426 3386 1793 10
1793 1775 1773 3386 10
1793 3390 1775 3386 10
517 515 494 3389 10
3385 3389 3343 494 10
3385 515 3389 494 10
3389 3385 3343 3390 10
3386 3390 3344 3343 10
3386 3385 3390 3343 10
3390 3386 3344 1775 10
1773 1775 1752 3344 10
1773 3386 1775 3344 10
479 570 446 3495 10
3495 3313 3247 446 10
3495 479 3313 446 10
3313 3495 3247 3496 10
3496 3314 3248 3247 10
3496 3313 3314 3247 10
3314 3496 3248 1828 10
1828 1737 1704 3248 10
1828 3314 1737 3248 10
479 518 570 3495 10
3391 3313 3495 479 10
3391 479 3495 518 10
3313 3391 3495 3496 10
3392 3314 3496 3313 10
3392 3313 3496 3391 10
3314 3392 3496 1828 10
1776 1737 1828 3314 10
1776 3314 1828 3392 10
589 570 518 3533 10
3495 3533 3391 518 10
3495 570 3533 518 10
3533 3495 3391 3534 10
3496 3534 3392 3391 10
3496 3495 3534 3391 10
3534 3496 3392 1847 10
1828 1847 1776 3392 10
1828 3496 1847 3392 10
572 478 447 3499 10
3311 3499 3249 447 10
3311 478 3499 447 10
3499 3311 3249 3500 10
3312 3500 3250 3249 10
3312 3311 3500 3249 10
3500 3312 3250 1830 10
1736 1830 1705 3250 10
1736 3312 1830 3250 10
587 478 572 3529 10
3311 3529 3499 478 10
478 572 3529 3499 10
3529 3311 3499 3530 10
3312 3530 3500 3311 10
3311 3499 3530 3500 10
3530 3312 3500 1845 10
1736 1845 1830 3312 10
3312 3500 1845 1830 10
572 532 587 3529 10
3419 3499 3529 532 10
532 572 3499 3529 10
3499 3419 3529 3530 10
3420 3500 3530 3419 10
3419 3499 3500 3530 10
3500 3420 3530 1845 10
1790 1830 1845 3420 10
3420 3500 1830 1845 10
519 521 464 3397 10
3397 3393 3283 464 10
3397 519 3393 464 10
3393 3397 3283 3398 10
3398 3394 3284 3283 10
3398 3393 3394 3283 10
3394 3398 3284 1779 10
1779 1777 1722 3284 10
1779 3394 1777 3284 10
521 519 520 3397 10
3393 3397 3395 519 10
519 520 3397 3395 10
3397 3393 3395 3398 10
3394 3398 3396 3393 10
3393 3395 3398 3396 10
3398 3394 3396 1779 10
1777 1779 1778 3394 10
3394 3396 1779 1778 10
521 522 460 3399 10
3399 3397 3275 460 10
3399 521 3397 460 10
3397 3399 3275 3400 10
3400 3398 3276 3275 10
3400 3397 3398 3275 10
3398 3400 3276 1780 10
1780 1779 1718 3276 10
1780 3398 1779 3276 10
520 522 521 3399 10
3399 3395 3397 520 10
3399 520 3397 521 10
3395 3399 3397 3400 10
3400 3396 3398 3395 10
3400 3395 3398 3397 10
3396 3400 3398 1780 10
1780 1778 1779 3396 10
1780 3396 1779 3398 10
499 295 266 3353 10
2945 3353 2887 266 10
2945 295 3353 266 10
3353 2945 2887 3354 10
2946 3354 2888 2887 10
2946 2945 3354 2887 10
3354 2946 2888 1757 10
1553 1757 1524 2888 10
1553 2946 1757 2888 10
295 499 523 3401 10
3353 2945 3401 295 10
3353 295 3401 499 10
2945 3353 3401 3402 10
3354 2946 3402 2945 10
3354 2945 3402 3353 10
2946 3354 3402 1781 10
1757 1553 1781 2946 10
1757 2946 1781 3354 10
509 499 461 3373 10
3353 3373 3277 461 10
3353 499 3373 461 10
3373 3353 3277 3374 10
3354 3374 3278 3277 10
3354 3353 3374 3277 10
3374 3354 3278 1767 10
1757 1767 1719 3278 10
1757 3354 1767 3278 10
509 523 499 3401 10
3401 3373 3353 499 10
3401 509 3373 499 10
3373 3401 3353 3402 10
3402 3374 3354 3353 10
3402 3373 3374 3353 10
3374 3402 3354 1781 10
1781 1767 1757 3354 10
1781 3374 1767 3354 10
639 492 346 3633 10
3339 3633 3047 346 10
3339 492 3633 346 10
3633 3339 3047 3634 10
3340 3634 3048 3047 10
3340 3339 3634 3047 10
3634 3340 3048 1897 10
1750 1897 1604 3048 10
1750 3340 1897 3048 10
492 639 524 3633 10
3633 3339 3403 492 10
3633 492 3403 524 10
3339 3633 3403 3634 10
3634 3340 3404 3339 10
3634 3339 3404 3403 10
3340 3634 3404 1897 10
1897 1750 1782 3340 10
1897 3340 1782 3404 10
303 525 378 3405 10
3405 2961 3111 303 10
3405 303 3111 378 10
2961 3405 3111 3406 10
3406 2962 3112 2961 10
3406 2961 3112 3111 10
2962 3406 3112 1783 10
1783 1561 1636 2962 10
1783 2962 1636 3112 10
525 303 558 3471 10
2961 3405 3471 303 10
303 525 3405 3471 10
3405 2961 3471 3472 10
2962 3406 3472 2961 10
2961 3405 3406 3472 10
3406 2962 3472 1816 10
1561 1783 1816 2962 10
2962 3406 1783 1816 10
577 526 320 3509 10
3407 3509 2995 320 10
3407 526 3509 320 10
3509 3407 2995 3510 10
3408 3510 2996 2995 10
3408 3407 3510 2995 10
3510 3408 2996 1835 10
1784 1835 1578 2996 10
1784 3408 1835 2996 10
527 577 440 3509 10
3509 3409 3235 440 10
3509 527 3409 440 10
3409 3509 3235 3510 10
3510 3410 3236 3235 10
3510 3409 3410 3235 10
3410 3510 3236 1835 10
1835 1785 1698 3236 10
1835 3410 1785 3236 10
528 565 472 3485 10
3485 3411 3299 472 10
3485 528 3411 472 10
3411 3485 3299 3486 10
3486 3412 3300 3299 10
3486 3411 3412 3299 10
3412 3486 3300 1823 10
1823 1786 1730 3300 10
1823 3412 1786 3300 10
512 528 473 3411 10
3411 3379 3301 473 10
3411 512 3379 473 10
3379 3411 3301 3412 10
3412 3380 3302 3301 10
3412 3379 3380 3301 10
3380 3412 3302 1786 10
1786 1770 1731 3302 10
1786 3380 1770 3302 10
566 503 324 3487 10
3361 3487 3003 324 10
3361 503 3487 324 10
3487 3361 3003 3488 10
3362 3488 3004 3003 10
3362 3361 3488 3003 10
3488 3362 3004 1824 10
1761 1824 1582 3004 10
1761 3362 1824 3004 10
503 510 529 3413 10
3375 3361 3413 503 10
3375 503 3413 510 10
3361 3375 3413 3414 10
3376 3362 3414 3361 10
3376 3361 3414 3375 10
3362 3376 3414 1787 10
1768 1761 1787 3362 10
1768 3362 1787 3376 10
534 763 530 3881 10
3881 3423 3415 530 10
3881 534 3423 530 10
3423 3881 3415 3882 10
3882 3424 3416 3415 10
3882 3423 3424 3415 10
3424 3882 3416 2021 10
2021 1792 1788 3416 10
2021 3424 1792 3416 10
763 534 517 3881 10
3423 3881 3389 517 10
3423 534 3881 517 10
3881 3423 3389 3882 10
3424 3882 3390 3389 10
3424 3423 3882 3389 10
3882 3424 3390 2021 10
1792 2021 1775 3390 10
1792 3424 2021 3390 10
534 535 517 3425 10
3425 3423 3389 517 10
3425 534 3423 517 10
3423 3425 3389 3426 10
3426 3424 3390 3389 10
3426 3423 3424 3389 10
3424 3426 3390 1793 10
1793 1792 1775 3390 10
1793 3424 1792 3390 10
571 651 502 3657 10
3657 3497 3359 502 10
3657 571 3497 502 10
3497 3657 3359 3658 10
3658 3498 3360 3359 10
3658 3497 3498 3359 10
3498 3658 3360 1909 10
1909 1829 1760 3360 10
1909 3498 1829 3360 10
651 571 589 3657 10
3497 3657 3533 571 10
571 589 3657 3533 10
3657 3497 3533 3658 10
3498 3658 3534 3497 10
3497 3533 3658 3534 10
3658 3498 3534 1909 10
1829 1909 1847 3498 10
3498 3534 1909 1847 10
652 531 711 3777 10
3417 3659 3777 531 10
531 652 3659 3777 10
3659 3417 3777 3778 10
3418 3660 3778 3417 10
3417 3659 3660 3778 10
3660 3418 3778 1969 10
1789 1910 1969 3418 10
3418 3660 1910 1969 10
531 652 532 3659 10
3659 3417 3419 531 10
3659 531 3419 532 10
3417 3659 3419 3660 10
3660 3418 3420 3417 10
3660 3417 3420 3419 10
3418 3660 3420 1910 10
1910 1789 1790 3418 10
1910 3418 1790 3420 10
533 530 718 3791 10
3415 3421 3791 530 10
530 533 3421 3791 10
3421 3415 3791 3792 10
3416 3422 3792 3415 10
3415 3421 3422 3792 10
3422 3416 3792 1976 10
1788 1791 1976 3416 10
3416 3422 1791 1976 10
534 530 533 3423 10
3415 3423 3421 530 10
530 533 3423 3421 10
3423 3415 3421 3424 10
3416 3424 3422 3415 10
3415 3421 3424 3422 10
3424 3416 3422 1792 10
1788 1792 1791 3416 10
3416 3422 1792 1791 10
533 583 535 3521 10
3521 3421 3425 533 10
3521 533 3425 535 10
3421 3521 3425 3522 10
3522 3422 3426 3421 10
3522 3421 3426 3425 10
3422 3522 3426 1841 10
1841 1791 1793 3422 10
1841 3422 1793 3426 10
535 534 533 3425 10
3423 3425 3421 533 10
3423 534 3425 533 10
3425 3423 3421 3426 10
3424 3426 3422 3421 10
3424 3423 3426 3421 10
3426 3424 3422 1793 10
1792 1793 1791 3422 10
1792 3424 1793 3422 10
714 538 668 3783 10
3431 3783 3691 538 10
538 668 3783 3691 10
3783 3431 3691 3784 10
3432 3784 3692 3431 10
3431 3691 3784 3692 10
3784 3432 3692 1972 10
1796 1972 1926 3432 10
3432 3692 1972 1926 10
714 537 538 3783 10
3429 3783 3431 537 10
537 538 3783 3431 10
3783 3429 3431 3784 10
3430 3784 3432 3429 10
3429 3431 3784 3432 10
3784 3430 3432 1972 10
1795 1972 1796 3430 10
3430 3432 1972 1796 10
598 538 536 3551 10
3431 3551 3427 536 10
3431 538 3551 536 10
3551 3431 3427 3552 10
3432 3552 3428 3427 10
3432 3431 3552 3427 10
3552 3432 3428 1856 10
1796 1856 1794 3428 10
1796 3432 1856 3428 10
537 536 538 3431 10
3427 3429 3431 536 10
536 537 3429 3431 10
3429 3427 3431 3432 10
3428 3430 3432 3427 10
3427 3429 3430 3432 10
3430 3428 3432 1796 10
1794 1795 1796 3428 10
3428 3430 1795 1796 10
596 541 595 3547 10
3437 3547 3545 541 10
541 595 3547 3545 10
3547 3437 3545 3548 10
3438 3548 3546 3437 10
3437 3545 3548 3546 10
3548 3438 3546 1854 10
1799 1854 1853 3438 10
3438 3546 1854 1853 10
540 541 596 3547 10
3437 3435 3547 540 10
3437 540 3547 541 10
3435 3437 3547 3548 10
3438 3436 3548 3435 10
3438 3435 3548 3437 10
3436 3438 3548 1854 10
1799 1798 1854 3436 10
1799 3436 1854 3438 10
596 539 554 3547 10
3433 3547 3463 539 10
539 554 3547 3463 10
3547 3433 3463 3548 10
3434 3548 3464 3433 10
3433 3463 3548 3464 10
3548 3434 3464 1854 10
1797 1854 1812 3434 10
3434 3464 1854 1812 10
554 540 596 3547 10
3435 3463 3547 540 10
540 554 3463 3547 10
3463 3435 3547 3548 10
3436 3464 3548 3435 10
3435 3463 3464 3548 10
3464 3436 3548 1854 10
1798 1812 1854 3436 10
3436 3464 1812 1854 10
540 550 541 3455 10
3455 3435 3437 540 10
3455 540 3437 541 10
3435 3455 3437 3456 10
3456 3436 3438 3435 10
3456 3435 3438 3437 10
3436 3456 3438 1808 10
1808 1798 1799 3436 10
1808 3436 1799 3438 10
713 537 714 3783 10
3429 3781 3783 537 10
537 713 3781 3783 10
3781 3429 3783 3784 10
3430 3782 3784 3429 10
3429 3781 3782 3784 10
3782 3430 3784 1972 10
1795 1971 1972 3430 10
3430 3782 1971 1972 10
542 544 545 3445 10
3443 3439 3445 542 10
3443 542 3445 544 10
3439 3443 3445 3446 10
3444 3440 3446 3439 10
3444 3439 3446 3443 10
3440 3444 3446 1803 10
1802 1800 1803 3440 10
1802 3440 1803 3444 10
487 543 545 3445 10
3441 3329 3445 487 10
3441 487 3445 543 10
3329 3441 3445 3446 10
3442 3330 3446 3329 10
3442 3329 3446 3441 10
3330 3442 3446 1803 10
1801 1745 1803 3330 10
1801 3330 1803 3442 10
545 544 488 3445 10
3443 3445 3331 488 10
3443 544 3445 488 10
3445 3443 3331 3446 10
3444 3446 3332 3331 10
3444 3443 3446 3331 10
3446 3444 3332 1803 10
1802 1803 1746 3332 10
1802 3444 1803 3332 10
488 487 545 3445 10
3329 3331 3445 487 10
487 488 3331 3445 10
3331 3329 3445 3446 10
3330 3332 3446 3329 10
3329 3331 3332 3446 10
3332 3330 3446 1803 10
1745 1746 1803 3330 10
3330 3332 1746 1803 10
547 626 546 3607 10
3607 3449 3447 546 10
3607 547 3449 546 10
3449 3607 3447 3608 10
3608 3450 3448 3447 10
3608 3449 3450 3447 10
3450 3608 3448 1884 10
1884 1805 1804 3448 10
1884 3450 1805 3448 10
450 490 546 3447 10
3335 3255 3447 450 10
3335 450 3447 490 10
3255 3335 3447 3448 10
3336 3256 3448 3255 10
3336 3255 3448 3335 10
3256 3336 3448 1804 10
1748 1708 1804 3256 10
1748 3256 1804 3336 10
547 546 638 3631 10
3447 3449 3631 546 10
546 547 3449 3631 10
3449 3447 3631 3632 10
3448 3450 3632 3447 10
3447 3449 3450 3632 10
3450 3448 3632 1896 10
1804 1805 1896 3448 10
3448 3450 1805 1896 10
490 638 546 3631 10
3631 3335 3447 490 10
3631 490 3447 546 10
3335 3631 3447 3632 10
3632 3336 3448 3335 10
3632 3335 3448 3447 10
3336 3632 3448 1896 10
1896 1748 1804 3336 10
1896 3336 1804 3448 10
542 555 544 3465 10
3465 3439 3443 542 10
3465 542 3443 544 10
3439 3465 3443 3466 10
3466 3440 3444 3439 10
3466 3439 3444 3443 10
3440 3466 3444 1813 10
1813 1800 1802 3440 10
1813 3440 1802 3444 10
540 554 555 3465 10
3463 3435 3465 540 10
3463 540 3465 554 10
3435 3463 3465 3466 10
3464 3436 3466 3435 10
3464 3435 3466 3463 10
3436 3464 3466 1813 10
1812 1798 1813 3436 10
1812 3436 1813 3464 10
557 626 547 3607 10
3607 3469 3449 547 10
3607 557 3469 547 10
3469 3607 3449 3608 10
3608 3470 3450 3449 10
3608 3469 3470 3449 10
3470 3608 3450 1884 10
1884 1815 1805 3450 10
1884 3470 1815 3450 10
536 537 557 3469 10
3429 3427 3469 536 10
3429 536 3469 537 10
3427 3429 3469 3470 10
3430 3428 3470 3427 10
3430 3427 3470 3429 10
3428 3430 3470 1815 10
1795 1794 1815 3428 10
1795 3428 1815 3430 10
14 491 450 3337 10
3337 1285 3255 14 10
3337 14 3255 450 10
1285 3337 3255 3338 10
3338 1286 3256 1285 10
3338 1285 3256 3255 10
1286 3338 3256 1749 10
1749 52 1708 1286 10
1749 1286 1708 3256 10
491 14 13 3337 10
1285 3337 1283 14 10
14 13 3337 1283 10
3337 1285 1283 3338 10
1286 3338 1284 1283 10
1286 1285 3338 1283 10
3338 1286 1284 1749 10
52 1749 51 1284 10
52 1286 1749 1284 10
489 1049 543 4453 10
4453 3333 3441 489 10
4453 489 3441 543 10
3333 4453 3441 4454 10
4454 3334 3442 3333 10
4454 3333 3442 3441 10
3334 4454 3442 2307 10
2307 1747 1801 3334 10
2307 3334 1801 3442 10
1049 489 507 4453 10
3333 4453 3369 489 10
489 507 4453 3369 10
4453 3333 3369 4454 10
3334 4454 3370 3333 10
3333 3369 4454 3370 10
4454 3334 3370 2307 10
1747 2307 1765 3334 10
3334 3370 2307 1765 10
457 514 548 3451 10
3383 3269 3451 457 10
3383 457 3451 514 10
3269 3383 3451 3452 10
3384 3270 3452 3269 10
3384 3269 3452 3383 10
3270 3384 3452 1806 10
1772 1715 1806 3270 10
1772 3270 1806 3384 10
514 457 632 3619 10
3269 3383 3619 457 10
457 514 3383 3619 10
3383 3269 3619 3620 10
3270 3384 3620 3269 10
3269 3383 3384 3620 10
3384 3270 3620 1890 10
1715 1772 1890 3270 10
3270 3384 1772 1890 10
549 443 569 3493 10
3241 3453 3493 443 10
443 549 3453 3493 10
3453 3241 3493 3494 10
3242 3454 3494 3241 10
3241 3453 3454 3494 10
3454 3242 3494 1827 10
1701 1807 1827 3242 10
3242 3454 1807 1827 10
443 549 631 3617 10
3453 3241 3617 443 10
3453 443 3617 549 10
3241 3453 3617 3618 10
3454 3242 3618 3241 10
3454 3241 3618 3453 10
3242 3454 3618 1889 10
1807 1701 1889 3242 10
1807 3242 1889 3454 10
559 557 537 3473 10
3469 3473 3429 537 10
3469 557 3473 537 10
3473 3469 3429 3474 10
3470 3474 3430 3429 10
3470 3469 3474 3429 10
3474 3470 3430 1817 10
1815 1817 1795 3430 10
1815 3470 1817 3430 10
713 559 537 3781 10
3473 3781 3429 537 10
3473 559 3781 537 10
3781 3473 3429 3782 10
3474 3782 3430 3429 10
3474 3473 3782 3429 10
3782 3474 3430 1971 10
1817 1971 1795 3430 10
1817 3474 1971 3430 10
555 628 540 3611 10
3611 3465 3435 540 10
3611 555 3465 540 10
3465 3611 3435 3612 10
3612 3466 3436 3435 10
3612 3465 3466 3435 10
3466 3612 3436 1886 10
1886 1813 1798 3436 10
1886 3466 1813 3436 10
628 550 540 3611 10
3455 3611 3435 540 10
3455 550 3611 540 10
3611 3455 3435 3612 10
3456 3612 3436 3435 10
3456 3455 3612 3435 10
3612 3456 3436 1886 10
1808 1886 1798 3436 10
1808 3456 1886 3436 10
556 551 445 3467 10
3457 3467 3245 445 10
3457 551 3467 445 10
3467 3457 3245 3468 10
3458 3468 3246 3245 10
3458 3457 3468 3245 10
3468 3458 3246 1814 10
1809 1814 1703 3246 10
1809 3458 1814 3246 10
556 557 547 3469 10
3469 3467 3449 547 10
3469 556 3467 547 10
3467 3469 3449 3470 10
3470 3468 3450 3449 10
3470 3467 3468 3449 10
3468 3470 3450 1815 10
1815 1814 1805 3450 10
1815 3468 1814 3450 10
551 556 547 3467 10
3467 3457 3449 547 10
3467 551 3457 547 10
3457 3467 3449 3468 10
3468 3458 3450 3449 10
3468 3457 3458 3449 10
3458 3468 3450 1814 10
1814 1809 1805 3450 10
1814 3458 1809 3450 10
552 553 453 3461 10
3461 3459 3261 453 10
3461 552 3459 453 10
3459 3461 3261 3462 10
3462 3460 3262 3261 10
3462 3459 3460 3261 10
3460 3462 3262 1811 10
1811 1810 1711 3262 10
1811 3460 1810 3262 10
555 553 544 3465 10
3461 3465 3443 544 10
3461 553 3465 544 10
3465 3461 3443 3466 10
3462 3466 3444 3443 10
3462 3461 3466 3443 10
3466 3462 3444 1813 10
1811 1813 1802 3444 10
1811 3462 1813 3444 10
553 552 544 3461 10
3459 3461 3443 544 10
3459 552 3461 544 10
3461 3459 3443 3462 10
3460 3462 3444 3443 10
3460 3459 3462 3443 10
3462 3460 3444 1811 10
1810 1811 1802 3444 10
1810 3460 1811 3444 10
553 554 453 3463 10
3463 3461 3261 453 10
3463 553 3461 453 10
3461 3463 3261 3464 10
3464 3462 3262 3261 10
3464 3461 3462 3261 10
3462 3464 3262 1812 10
1812 1811 1711 3262 10
1812 3462 1811 3262 10
555 554 553 3465 10
3463 3465 3461 553 10
3463 554 3465 553 10
3465 3463 3461 3466 10
3464 3466 3462 3461 10
3464 3463 3466 3461 10
3466 3464 3462 1813 10
1812 1813 1811 3462 10
1812 3464 1813 3462 10
536 556 445 3467 10
3467 3427 3245 445 10
3467 536 3427 445 10
3427 3467 3245 3468 10
3468 3428 3246 3245 10
3468 3427 3428 3245 10
3428 3468 3246 1814 10
1814 1794 1703 3246 10
1814 3428 1794 3246 10
536 557 556 3469 10
3469 3427 3467 536 10
3469 536 3467 556 10
3427 3469 3467 3470 10
3470 3428 3468 3427 10
3470 3427 3468 3467 10
3428 3470 3468 1815 10
1815 1794 1814 3428 10
1815 3428 1814 3468 10
374 575 576 3507 10
3505 3103 3507 374 10
3505 374 3507 575 10
3103 3505 3507 3508 10
3506 3104 3508 3103 10
3506 3103 3508 3505 10
3104 3506 3508 1834 10
1833 1632 1834 3104 10
1833 3104 1834 3506 10
575 374 591 3537 10
3103 3505 3537 374 10
374 575 3505 3537 10
3505 3103 3537 3538 10
3104 3506 3538 3103 10
3103 3505 3506 3538 10
3506 3104 3538 1849 10
1632 1833 1849 3104 10
3104 3506 1833 1849 10
612 575 591 3579 10
3505 3579 3537 575 10
575 591 3579 3537 10
3579 3505 3537 3580 10
3506 3580 3538 3505 10
3505 3537 3580 3538 10
3580 3506 3538 1870 10
1833 1870 1849 3506 10
3506 3538 1870 1849 10
579 558 580 3515 10
3471 3513 3515 558 10
558 579 3513 3515 10
3513 3471 3515 3516 10
3472 3514 3516 3471 10
3471 3513 3514 3516 10
3514 3472 3516 1838 10
1816 1837 1838 3472 10
3472 3514 1837 1838 10
579 525 558 3513 10
3405 3513 3471 525 10
525 558 3513 3471 10
3513 3405 3471 3514 10
3406 3514 3472 3405 10
3405 3471 3514 3472 10
3514 3406 3472 1837 10
1783 1837 1816 3406 10
3406 3472 1837 1816 10
525 579 561 3513 10
3513 3405 3477 525 10
3513 525 3477 561 10
3405 3513 3477 3514 10
3514 3406 3478 3405 10
3514 3405 3478 3477 10
3406 3514 3478 1837 10
1837 1783 1819 3406 10
1837 3406 1819 3478 10
524 501 584 3523 10
3357 3403 3523 501 10
501 524 3403 3523 10
3403 3357 3523 3524 10
3358 3404 3524 3357 10
3357 3403 3404 3524 10
3404 3358 3524 1842 10
1759 1782 1842 3358 10
3358 3404 1782 1842 10
639 501 524 3633 10
3357 3633 3403 501 10
501 524 3633 3403 10
3633 3357 3403 3634 10
3358 3634 3404 3357 10
3357 3403 3634 3404 10
3634 3358 3404 1897 10
1759 1897 1782 3358 10
3358 3404 1897 1782 10
501 639 640 3635 10
3633 3357 3635 501 10
3633 501 3635 639 10
3357 3633 3635 3636 10
3634 3358 3636 3357 10
3634 3357 3636 3633 10
3358 3634 3636 1898 10
1897 1759 1898 3358 10
1897 3358 1898 3634 10
559 713 625 3781 10
3781 3473 3605 559 10
3781 559 3605 625 10
3473 3781 3605 3782 10
3782 3474 3606 3473 10
3782 3473 3606 3605 10
3474 3782 3606 1971 10
1971 1817 1883 3474 10
1971 3474 1883 3606 10
559 626 557 3607 10
3607 3473 3469 557 10
3607 559 3473 557 10
3473 3607 3469 3608 10
3608 3474 3470 3469 10
3608 3473 3474 3469 10
3474 3608 3470 1884 10
1884 1817 1815 3470 10
1884 3474 1817 3470 10
550 628 629 3613 10
3611 3455 3613 550 10
3611 550 3613 628 10
3455 3611 3613 3614 10
3612 3456 3614 3455 10
3612 3455 3614 3611 10
3456 3612 3614 1887 10
1886 1808 1887 3456 10
1886 3456 1887 3612 10
542 628 555 3611 10
3611 3439 3465 542 10
3611 542 3465 555 10
3439 3611 3465 3612 10
3612 3440 3466 3439 10
3612 3439 3466 3465 10
3440 3612 3466 1886 10
1886 1800 1813 3440 10
1886 3440 1813 3466 10
525 560 378 3475 10
3475 3405 3111 378 10
3475 525 3405 378 10
3405 3475 3111 3476 10
3476 3406 3112 3111 10
3476 3405 3406 3111 10
3406 3476 3112 1818 10
1818 1783 1636 3112 10
1818 3406 1783 3112 10
476 560 561 3477 10
3475 3307 3477 476 10
3475 476 3477 560 10
3307 3475 3477 3478 10
3476 3308 3478 3307 10
3476 3307 3478 3475 10
3308 3476 3478 1819 10
1818 1734 1819 3308 10
1818 3308 1819 3476 10
561 560 525 3477 10
3475 3477 3405 525 10
3475 560 3477 525 10
3477 3475 3405 3478 10
3476 3478 3406 3405 10
3476 3475 3478 3405 10
3478 3476 3406 1819 10
1818 1819 1783 3406 10
1818 3476 1819 3406 10
562 477 640 3635 10
3309 3479 3635 477 10
477 562 3479 3635 10
3479 3309 3635 3636 10
3310 3480 3636 3309 10
3309 3479 3480 3636 10
3480 3310 3636 1898 10
1735 1820 1898 3310 10
3310 3480 1820 1898 10
527 563 564 3483 10
3481 3409 3483 527 10
3481 527 3483 563 10
3409 3481 3483 3484 10
3482 3410 3484 3409 10
3482 3409 3484 3481 10
3410 3482 3484 1822 10
1821 1785 1822 3410 10
1821 3410 1822 3482 10
563 558 564 3483 10
3471 3481 3483 558 10
558 563 3481 3483 10
3481 3471 3483 3484 10
3472 3482 3484 3471 10
3471 3481 3482 3484 10
3482 3472 3484 1822 10
1816 1821 1822 3472 10
3472 3482 1821 1822 10
478 587 501 3529 10
3529 3311 3357 478 10
3529 478 3357 501 10
3311 3529 3357 3530 10
3530 3312 3358 3311 10
3530 3311 3358 3357 10
3312 3530 3358 1845 10
1845 1736 1759 3312 10
1845 3312 1759 3358 10
518 479 579 3513 10
3313 3391 3513 479 10
479 518 3391 3513 10
3391 3313 3513 3514 10
3314 3392 3514 3313 10
3313 3391 3392 3514 10
3392 3314 3514 1837 10
1737 1776 1837 3314 10
3314 3392 1776 1837 10
565 495 486 3485 10
3345 3485 3327 486 10
3345 495 3485 486 10
3485 3345 3327 3486 10
3346 3486 3328 3327 10
3346 3345 3486 3327 10
3486 3346 3328 1823 10
1753 1823 1744 3328 10
1753 3346 1823 3328 10
512 495 565 3485 10
3345 3379 3485 495 10
495 512 3379 3485 10
3379 3345 3485 3486 10
3346 3380 3486 3345 10
3345 3379 3380 3486 10
3380 3346 3486 1823 10
1753 1770 1823 3346 10
3346 3380 1770 1823 10
512 565 528 3485 10
3485 3379 3411 512 10
3485 512 3411 528 10
3379 3485 3411 3486 10
3486 3380 3412 3379 10
3486 3379 3412 3411 10
3380 3486 3412 1823 10
1823 1770 1786 3380 10
1823 3380 1786 3412 10
568 566 567 3491 10
3487 3491 3489 566 10
566 567 3491 3489 10
3491 3487 3489 3492 10
3488 3492 3490 3487 10
3487 3489 3492 3490 10
3492 3488 3490 1826 10
1824 1826 1825 3488 10
3488 3490 1826 1825 10
568 510 566 3491 10
3375 3491 3487 510 10
510 566 3491 3487 10
3491 3375 3487 3492 10
3376 3492 3488 3375 10
3375 3487 3492 3488 10
3492 3376 3488 1826 10
1768 1826 1824 3376 10
3376 3488 1826 1824 10
566 510 503 3487 10
3375 3487 3361 503 10
3375 510 3487 503 10
3487 3375 3361 3488 10
3376 3488 3362 3361 10
3376 3375 3488 3361 10
3488 3376 3362 1824 10
1768 1824 1761 3362 10
1768 3376 1824 3362 10
570 549 569 3495 10
3453 3495 3493 549 10
549 569 3495 3493 10
3495 3453 3493 3496 10
3454 3496 3494 3453 10
3453 3493 3496 3494 10
3496 3454 3494 1828 10
1807 1828 1827 3454 10
3454 3494 1828 1827 10
589 549 570 3533 10
3453 3533 3495 549 10
549 570 3533 3495 10
3533 3453 3495 3534 10
3454 3534 3496 3453 10
3453 3495 3534 3496 10
3534 3454 3496 1847 10
1807 1847 1828 3454 10
3454 3496 1847 1828 10
571 549 589 3533 10
3453 3497 3533 549 10
549 571 3497 3533 10
3497 3453 3533 3534 10
3454 3498 3534 3453 10
3453 3497 3498 3534 10
3498 3454 3534 1847 10
1807 1829 1847 3454 10
3454 3498 1829 1847 10
514 572 548 3499 10
3499 3383 3451 514 10
3499 514 3451 548 10
3383 3499 3451 3500 10
3500 3384 3452 3383 10
3500 3383 3452 3451 10
3384 3500 3452 1830 10
1830 1772 1806 3384 10
1830 3384 1806 3452 10
514 532 572 3499 10
3419 3383 3499 514 10
3419 514 3499 532 10
3383 3419 3499 3500 10
3420 3384 3500 3383 10
3420 3383 3500 3419 10
3384 3420 3500 1830 10
1790 1772 1830 3384 10
1790 3384 1830 3420 10
514 531 532 3419 10
3417 3383 3419 514 10
3417 514 3419 531 10
3383 3417 3419 3420 10
3418 3384 3420 3383 10
3418 3383 3420 3417 10
3384 3418 3420 1790 10
1789 1772 1790 3384 10
1789 3384 1790 3418 10
575 612 574 3579 10
3579 3505 3503 574 10
3579 575 3505 574 10
3505 3579 3503 3580 10
3580 3506 3504 3503 10
3580 3505 3506 3503 10
3506 3580 3504 1870 10
1870 1833 1832 3504 10
1870 3506 1833 3504 10
573 575 574 3505 10
3505 3501 3503 573 10
3505 573 3503 574 10
3501 3505 3503 3506 10
3506 3502 3504 3501 10
3506 3501 3504 3503 10
3502 3506 3504 1833 10
1833 1831 1832 3502 10
1833 3502 1832 3504 10
575 573 277 3505 10
3501 3505 2909 277 10
3501 573 3505 277 10
3505 3501 2909 3506 10
3502 3506 2910 2909 10
3502 3501 3506 2909 10
3506 3502 2910 1833 10
1831 1833 1535 2910 10
1831 3502 1833 2910 10
277 576 575 3507 10
3507 2909 3505 277 10
3507 277 3505 575 10
2909 3507 3505 3508 10
3508 2910 3506 2909 10
3508 2909 3506 3505 10
2910 3508 3506 1834 10
1834 1535 1833 2910 10
1834 2910 1833 3506 10
526 564 302 3483 10
3483 3407 2959 302 10
3483 526 3407 302 10
3407 3483 2959 3484 10
3484 3408 2960 2959 10
3484 3407 3408 2959 10
3408 3484 2960 1822 10
1822 1784 1560 2960 10
1822 3408 1784 2960 10
527 526 577 3509 10
3407 3409 3509 526 10
526 527 3409 3509 10
3409 3407 3509 3510 10
3408 3410 3510 3407 10
3407 3409 3410 3510 10
3410 3408 3510 1835 10
1784 1785 1835 3408 10
3408 3410 1785 1835 10
527 564 526 3483 10
3483 3409 3407 526 10
3483 527 3409 526 10
3409 3483 3407 3484 10
3484 3410 3408 3407 10
3484 3409 3410 3407 10
3410 3484 3408 1822 10
1822 1785 1784 3408 10
1822 3410 1785 3408 10
579 578 518 3513 10
3511 3513 3391 518 10
3511 578 3513 518 10
3513 3511 3391 3514 10
3512 3514 3392 3391 10
3512 3511 3514 3391 10
3514 3512 3392 1837 10
1836 1837 1776 3392 10
1836 3512 1837 3392 10
578 579 580 3515 10
3513 3511 3515 578 10
3513 578 3515 579 10
3511 3513 3515 3516 10
3514 3512 3516 3511 10
3514 3511 3516 3513 10
3512 3514 3516 1838 10
1837 1836 1838 3512 10
1837 3512 1838 3514 10
578 586 518 3527 10
3527 3511 3391 518 10
3527 578 3511 518 10
3511 3527 3391 3528 10
3528 3512 3392 3391 10
3528 3511 3512 3391 10
3512 3528 3392 1844 10
1844 1836 1776 3392 10
1844 3512 1836 3392 10
588 649 651 3657 10
3653 3531 3657 588 10
3653 588 3657 649 10
3531 3653 3657 3658 10
3654 3532 3658 3531 10
3654 3531 3658 3653 10
3532 3654 3658 1909 10
1907 1846 1909 3532 10
1907 3532 1909 3654 10
589 588 651 3657 10
3531 3533 3657 588 10
588 589 3533 3657 10
3533 3531 3657 3658 10
3532 3534 3658 3531 10
3531 3533 3534 3658 10
3534 3532 3658 1909 10
1846 1847 1909 3532 10
3532 3534 1847 1909 10
582 581 652 3659 10
3517 3519 3659 581 10
581 582 3519 3659 10
3519 3517 3659 3660 10
3518 3520 3660 3517 10
3517 3519 3520 3660 10
3520 3518 3660 1910 10
1839 1840 1910 3518 10
3518 3520 1840 1910 10
581 532 652 3659 10
3419 3517 3659 532 10
532 581 3517 3659 10
3517 3419 3659 3660 10
3420 3518 3660 3419 10
3419 3517 3518 3660 10
3518 3420 3660 1910 10
1790 1839 1910 3420 10
3420 3518 1839 1910 10
583 602 483 3559 10
3559 3521 3321 483 10
3559 583 3521 483 10
3521 3559 3321 3560 10
3560 3522 3322 3321 10
3560 3521 3522 3321 10
3522 3560 3322 1860 10
1860 1841 1741 3322 10
1860 3522 1841 3322 10
602 583 533 3559 10
3521 3559 3421 533 10
3521 583 3559 533 10
3559 3521 3421 3560 10
3522 3560 3422 3421 10
3522 3521 3560 3421 10
3560 3522 3422 1860 10
1841 1860 1791 3422 10
1841 3522 1860 3422 10
584 593 594 3543 10
3541 3523 3543 584 10
3541 584 3543 593 10
3523 3541 3543 3544 10
3542 3524 3544 3523 10
3542 3523 3544 3541 10
3524 3542 3544 1852 10
1851 1842 1852 3524 10
1851 3524 1852 3542 10
586 585 700 3755 10
3525 3527 3755 585 10
585 586 3527 3755 10
3527 3525 3755 3756 10
3526 3528 3756 3525 10
3525 3527 3528 3756 10
3528 3526 3756 1958 10
1843 1844 1958 3526 10
3526 3528 1844 1958 10
718 602 533 3791 10
3559 3791 3421 533 10
3559 602 3791 533 10
3791 3559 3421 3792 10
3560 3792 3422 3421 10
3560 3559 3792 3421 10
3792 3560 3422 1976 10
1860 1976 1791 3422 10
1860 3560 1976 3422 10
581 587 532 3529 10
3529 3517 3419 532 10
3529 581 3517 532 10
3517 3529 3419 3530 10
3530 3518 3420 3419 10
3530 3517 3518 3419 10
3518 3530 3420 1845 10
1845 1839 1790 3420 10
1845 3518 1839 3420 10
587 581 592 3539 10
3517 3529 3539 581 10
581 587 3529 3539 10
3529 3517 3539 3540 10
3518 3530 3540 3517 10
3517 3529 3530 3540 10
3530 3518 3540 1850 10
1839 1845 1850 3518 10
3518 3530 1845 1850 10
592 593 587 3541 10
3541 3539 3529 587 10
3541 592 3539 587 10
3539 3541 3529 3542 10
3542 3540 3530 3529 10
3542 3539 3540 3529 10
3540 3542 3530 1851 10
1851 1850 1845 3530 10
1851 3540 1850 3530 10
593 501 587 3541 10
3357 3541 3529 501 10
501 587 3541 3529 10
3541 3357 3529 3542 10
3358 3542 3530 3357 10
3357 3529 3542 3530 10
3542 3358 3530 1851 10
1759 1851 1845 3358 10
3358 3530 1851 1845 10
501 593 584 3541 10
3541 3357 3523 501 10
3541 501 3523 584 10
3357 3541 3523 3542 10
3542 3358 3524 3357 10
3542 3357 3524 3523 10
3358 3542 3524 1851 10
1851 1759 1842 3358 10
1851 3358 1842 3524 10
518 588 589 3533 10
3531 3391 3533 518 10
3531 518 3533 588 10
3391 3531 3533 3534 10
3532 3392 3534 3391 10
3532 3391 3534 3531 10
3392 3532 3534 1847 10
1846 1776 1847 3392 10
1846 3392 1847 3532 10
588 518 586 3531 10
3391 3531 3527 518 10
518 586 3531 3527 10
3531 3391 3527 3532 10
3392 3532 3528 3391 10
3391 3527 3532 3528 10
3532 3392 3528 1846 10
1776 1846 1844 3392 10
3392 3528 1846 1844 10
578 585 586 3527 10
3525 3511 3527 578 10
3525 578 3527 585 10
3511 3525 3527 3528 10
3526 3512 3528 3511 10
3526 3511 3528 3525 10
3512 3526 3528 1844 10
1843 1836 1844 3512 10
1843 3512 1844 3526 10
483 585 580 3525 10
3525 3321 3515 483 10
3525 483 3515 580 10
3321 3525 3515 3526 10
3526 3322 3516 3321 10
3526 3321 3516 3515 10
3322 3526 3516 1843 10
1843 1741 1838 3322 10
1843 3322 1838 3516 10
578 580 585 3525 10
3515 3511 3525 578 10
3515 578 3525 580 10
3511 3515 3525 3526 10
3516 3512 3526 3511 10
3516 3511 3526 3515 10
3512 3516 3526 1843 10
1838 1836 1843 3512 10
1838 3512 1843 3516 10
590 493 524 3535 10
3341 3535 3403 493 10
493 524 3535 3403 10
3535 3341 3403 3536 10
3342 3536 3404 3341 10
3341 3403 3536 3404 10
3536 3342 3404 1848 10
1751 1848 1782 3342 10
3342 3404 1848 1782 10
611 590 594 3577 10
3535 3577 3543 590 10
590 594 3577 3543 10
3577 3535 3543 3578 10
3536 3578 3544 3535 10
3535 3543 3578 3544 10
3578 3536 3544 1869 10
1848 1869 1852 3536 10
3536 3544 1869 1852 10
493 590 591 3537 10
3535 3341 3537 493 10
3535 493 3537 590 10
3341 3535 3537 3538 10
3536 3342 3538 3341 10
3536 3341 3538 3535 10
3342 3536 3538 1849 10
1848 1751 1849 3342 10
1848 3342 1849 3536 10
590 584 594 3543 10
3523 3535 3543 584 10
584 590 3535 3543 10
3535 3523 3543 3544 10
3524 3536 3544 3523 10
3523 3535 3536 3544 10
3536 3524 3544 1852 10
1842 1848 1852 3524 10
3524 3536 1848 1852 10
594 606 611 3577 10
3567 3543 3577 594 10
3567 594 3577 606 10
3543 3567 3577 3578 10
3568 3544 3578 3543 10
3568 3543 3578 3567 10
3544 3568 3578 1869 10
1864 1852 1869 3544 10
1864 3544 1869 3568 10
592 608 593 3571 10
3571 3539 3541 592 10
3571 592 3541 593 10
3539 3571 3541 3572 10
3572 3540 3542 3539 10
3572 3539 3542 3541 10
3540 3572 3542 1866 10
1866 1850 1851 3540 10
1866 3540 1851 3542 10
608 594 593 3571 10
3543 3571 3541 593 10
3543 594 3571 593 10
3571 3543 3541 3572 10
3544 3572 3542 3541 10
3544 3543 3572 3541 10
3572 3544 3542 1866 10
1852 1866 1851 3542 10
1852 3544 1866 3542 10
649 586 700 3755 10
3527 3653 3755 586 10
586 649 3653 3755 10
3653 3527 3755 3756 10
3528 3654 3756 3527 10
3527 3653 3654 3756 10
3654 3528 3756 1958 10
1844 1907 1958 3528 10
3528 3654 1907 1958 10
586 649 588 3653 10
3653 3527 3531 586 10
3653 586 3531 588 10
3527 3653 3531 3654 10
3654 3528 3532 3527 10
3654 3527 3532 3531 10
3528 3654 3532 1907 10
1907 1844 1846 3528 10
1907 3528 1846 3532 10
592 582 607 3569 10
3519 3539 3569 582 10
582 592 3539 3569 10
3539 3519 3569 3570 10
3520 3540 3570 3519 10
3519 3539 3540 3570 10
3540 3520 3570 1865 10
1840 1850 1865 3520 10
3520 3540 1850 1865 10
582 592 581 3539 10
3539 3519 3517 581 10
3539 582 3519 581 10
3519 3539 3517 3540 10
3540 3520 3518 3517 10
3540 3519 3520 3517 10
3520 3540 3518 1850 10
1850 1840 1839 3518 10
1850 3520 1840 3518 10
595 661 604 3677 10
3677 3545 3563 595 10
3677 595 3563 604 10
3545 3677 3563 3678 10
3678 3546 3564 3545 10
3678 3545 3564 3563 10
3546 3678 3564 1919 10
1919 1853 1862 3546 10
1919 3546 1862 3564 10
481 604 452 3563 10
3563 3317 3259 452 10
3563 481 3317 452 10
3317 3563 3259 3564 10
3564 3318 3260 3259 10
3564 3317 3318 3259 10
3318 3564 3260 1862 10
1862 1739 1710 3260 10
1862 3318 1739 3260 10
539 604 481 3563 10
3563 3433 3317 481 10
3563 539 3433 481 10
3433 3563 3317 3564 10
3564 3434 3318 3317 10
3564 3433 3434 3317 10
3434 3564 3318 1862 10
1862 1797 1739 3318 10
1862 3434 1797 3318 10
596 595 604 3563 10
3545 3547 3563 595 10
595 596 3547 3563 10
3547 3545 3563 3564 10
3546 3548 3564 3545 10
3545 3547 3548 3564 10
3548 3546 3564 1862 10
1853 1854 1862 3546 10
3546 3548 1854 1862 10
604 539 596 3563 10
3433 3563 3547 539 10
539 596 3563 3547 10
3563 3433 3547 3564 10
3434 3564 3548 3433 10
3433 3547 3564 3548 10
3564 3434 3548 1862 10
1797 1862 1854 3434 10
3434 3548 1862 1854 10
660 668 599 3691 10
3691 3675 3553 599 10
3691 660 3675 599 10
3675 3691 3553 3692 10
3692 3676 3554 3553 10
3692 3675 3676 3553 10
3676 3692 3554 1926 10
1926 1918 1857 3554 10
1926 3676 1918 3554 10
599 597 459 3553 10
3549 3553 3273 459 10
3549 597 3553 459 10
3553 3549 3273 3554 10
3550 3554 3274 3273 10
3550 3549 3554 3273 10
3554 3550 3274 1857 10
1855 1857 1717 3274 10
1855 3550 1857 3274 10
599 598 597 3553 10
3551 3553 3549 597 10
3551 598 3553 597 10
3553 3551 3549 3554 10
3552 3554 3550 3549 10
3552 3551 3554 3549 10
3554 3552 3550 1857 10
1856 1857 1855 3550 10
1856 3552 1857 3550 10
668 538 599 3691 10
3431 3691 3553 538 10
538 599 3691 3553 10
3691 3431 3553 3692 10
3432 3692 3554 3431 10
3431 3553 3692 3554 10
3692 3432 3554 1926 10
1796 1926 1857 3432 10
3432 3554 1926 1857 10
598 599 538 3553 10
3553 3551 3431 538 10
3553 598 3551 538 10
3551 3553 3431 3554 10
3554 3552 3432 3431 10
3554 3551 3552 3431 10
3552 3554 3432 1857 10
1857 1856 1796 3432 10
1857 3552 1856 3432 10
374 600 591 3555 10
3555 3103 3537 374 10
3555 374 3537 591 10
3103 3555 3537 3556 10
3556 3104 3538 3103 10
3556 3103 3538 3537 10
3104 3556 3538 1858 10
1858 1632 1849 3104 10
1858 3104 1849 3538 10
600 493 591 3555 10
3341 3555 3537 493 10
493 591 3555 3537 10
3555 3341 3537 3556 10
3342 3556 3538 3341 10
3341 3537 3556 3538 10
3556 3342 3538 1858 10
1751 1858 1849 3342 10
3342 3538 1858 1849 10
718 601 602 3791 10
3557 3791 3559 601 10
601 602 3791 3559 10
3791 3557 3559 3792 10
3558 3792 3560 3557 10
3557 3559 3792 3560 10
3792 3558 3560 1976 10
1859 1976 1860 3558 10
3558 3560 1976 1860 10
601 603 602 3561 10
3561 3557 3559 601 10
3561 601 3559 602 10
3557 3561 3559 3562 10
3562 3558 3560 3557 10
3562 3557 3560 3559 10
3558 3562 3560 1861 10
1861 1859 1860 3558 10
1861 3558 1860 3560 10
483 603 585 3561 10
3561 3321 3525 483 10
3561 483 3525 585 10
3321 3561 3525 3562 10
3562 3322 3526 3321 10
3562 3321 3526 3525 10
3322 3562 3526 1861 10
1861 1741 1843 3322 10
1861 3322 1843 3526 10
603 483 602 3561 10
3321 3561 3559 483 10
483 602 3561 3559 10
3561 3321 3559 3562 10
3322 3562 3560 3321 10
3321 3559 3562 3560 10
3562 3322 3560 1861 10
1741 1861 1860 3322 10
3322 3560 1861 1860 10
700 603 601 3755 10
3561 3755 3557 601 10
3561 603 3755 601 10
3755 3561 3557 3756 10
3562 3756 3558 3557 10
3562 3561 3756 3557 10
3756 3562 3558 1958 10
1861 1958 1859 3558 10
1861 3562 1958 3558 10
700 585 603 3755 10
3525 3755 3561 585 10
585 603 3755 3561 10
3755 3525 3561 3756 10
3526 3756 3562 3525 10
3525 3561 3756 3562 10
3756 3526 3562 1958 10
1843 1958 1861 3526 10
3526 3562 1958 1861 10
661 498 452 3677 10
3351 3677 3259 452 10
3351 498 3677 452 10
3677 3351 3259 3678 10
3352 3678 3260 3259 10
3352 3351 3678 3259 10
3678 3352 3260 1919 10
1756 1919 1710 3260 10
1756 3352 1919 3260 10
604 661 452 3677 10
3677 3563 3259 452 10
3677 604 3563 452 10
3563 3677 3259 3678 10
3678 3564 3260 3259 10
3678 3563 3564 3259 10
3564 3678 3260 1919 10
1919 1862 1710 3260 10
1919 3564 1862 3260 10
605 660 459 3675 10
3675 3565 3273 459 10
3675 605 3565 459 10
3565 3675 3273 3676 10
3676 3566 3274 3273 10
3676 3565 3566 3273 10
3566 3676 3274 1918 10
1918 1863 1717 3274 10
1918 3566 1863 3274 10
660 599 459 3675 10
3553 3675 3273 459 10
3553 599 3675 459 10
3675 3553 3273 3676 10
3554 3676 3274 3273 10
3554 3553 3676 3273 10
3676 3554 3274 1918 10
1857 1918 1717 3274 10
1857 3554 1918 3274 10
608 606 594 3571 10
3567 3571 3543 594 10
3567 606 3571 594 10
3571 3567 3543 3572 10
3568 3572 3544 3543 10
3568 3567 3572 3543 10
3572 3568 3544 1866 10
1864 1866 1852 3544 10
1864 3568 1866 3544 10
608 607 615 3585 10
3569 3571 3585 607 10
607 608 3571 3585 10
3571 3569 3585 3586 10
3570 3572 3586 3569 10
3569 3571 3572 3586 10
3572 3570 3586 1873 10
1865 1866 1873 3570 10
3570 3572 1866 1873 10
606 608 615 3585 10
3571 3567 3585 606 10
3571 606 3585 608 10
3567 3571 3585 3586 10
3572 3568 3586 3567 10
3572 3567 3586 3571 10
3568 3572 3586 1873 10
1866 1864 1873 3568 10
1866 3568 1873 3572 10
607 608 592 3571 10
3571 3569 3539 592 10
3571 607 3569 592 10
3569 3571 3539 3572 10
3572 3570 3540 3539 10
3572 3569 3570 3539 10
3570 3572 3540 1866 10
1866 1865 1850 3540 10
1866 3570 1865 3540 10
611 609 610 3577 10
3573 3577 3575 609 10
609 610 3577 3575 10
3577 3573 3575 3578 10
3574 3578 3576 3573 10
3573 3575 3578 3576 10
3578 3574 3576 1869 10
1867 1869 1868 3574 10
3574 3576 1869 1868 10
610 609 513 3575 10
3573 3575 3381 513 10
3573 609 3575 513 10
3575 3573 3381 3576 10
3574 3576 3382 3381 10
3574 3573 3576 3381 10
3576 3574 3382 1868 10
1867 1868 1771 3382 10
1867 3574 1868 3382 10
606 609 611 3577 10
3573 3567 3577 606 10
3573 606 3577 609 10
3567 3573 3577 3578 10
3574 3568 3578 3567 10
3574 3567 3578 3573 10
3568 3574 3578 1869 10
1867 1864 1869 3568 10
1867 3568 1869 3574 10
613 611 612 3581 10
3577 3581 3579 611 10
611 612 3581 3579 10
3581 3577 3579 3582 10
3578 3582 3580 3577 10
3577 3579 3582 3580 10
3582 3578 3580 1871 10
1869 1871 1870 3578 10
3578 3580 1871 1870 10
613 591 590 3581 10
3537 3581 3535 590 10
3537 591 3581 590 10
3581 3537 3535 3582 10
3538 3582 3536 3535 10
3538 3537 3582 3535 10
3582 3538 3536 1871 10
1849 1871 1848 3536 10
1849 3538 1871 3536 10
591 613 612 3581 10
3581 3537 3579 591 10
3581 591 3579 612 10
3537 3581 3579 3582 10
3582 3538 3580 3537 10
3582 3537 3580 3579 10
3538 3582 3580 1871 10
1871 1849 1870 3538 10
1871 3538 1870 3580 10
611 613 590 3581 10
3581 3577 3535 590 10
3581 611 3577 590 10
3577 3581 3535 3582 10
3582 3578 3536 3535 10
3582 3577 3578 3535 10
3578 3582 3536 1871 10
1871 1869 1848 3536 10
1871 3578 1869 3536 10
614 615 616 3587 10
3585 3583 3587 614 10
3585 614 3587 615 10
3583 3585 3587 3588 10
3586 3584 3588 3583 10
3586 3583 3588 3585 10
3584 3586 3588 1874 10
1873 1872 1874 3584 10
1873 3584 1874 3586 10
614 609 606 3583 10
3573 3583 3567 606 10
3573 609 3583 606 10
3583 3573 3567 3584 10
3574 3584 3568 3567 10
3574 3573 3584 3567 10
3584 3574 3568 1872 10
1867 1872 1864 3568 10
1867 3574 1872 3568 10
615 614 606 3585 10
3583 3585 3567 606 10
3583 614 3585 606 10
3585 3583 3567 3586 10
3584 3586 3568 3567 10
3584 3583 3586 3567 10
3586 3584 3568 1873 10
1872 1873 1864 3568 10
1872 3584 1873 3568 10
513 616 764 3883 10
3587 3381 3883 513 10
3587 513 3883 616 10
3381 3587 3883 3884 10
3588 3382 3884 3381 10
3588 3381 3884 3587 10
3382 3588 3884 2022 10
1874 1771 2022 3382 10
1874 3382 2022 3588 10
616 513 609 3587 10
3381 3587 3573 513 10
513 609 3587 3573 10
3587 3381 3573 3588 10
3382 3588 3574 3381 10
3381 3573 3588 3574 10
3588 3382 3574 1874 10
1771 1874 1867 3382 10
3382 3574 1874 1867 10
616 609 614 3587 10
3573 3587 3583 609 10
609 614 3587 3583 10
3587 3573 3583 3588 10
3574 3588 3584 3573 10
3573 3583 3588 3584 10
3588 3574 3584 1874 10
1867 1874 1872 3574 10
3574 3584 1874 1872 10
274 636 321 3627 10
3627 2903 2997 274 10
3627 274 2997 321 10
2903 3627 2997 3628 10
3628 2904 2998 2903 10
3628 2903 2998 2997 10
2904 3628 2998 1894 10
1894 1532 1579 2904 10
1894 2904 1579 2998 10
638 636 617 3631 10
3627 3631 3589 617 10
3627 636 3631 617 10
3631 3627 3589 3632 10
3628 3632 3590 3589 10
3628 3627 3632 3589 10
3632 3628 3590 1896 10
1894 1896 1875 3590 10
1894 3628 1896 3590 10
636 274 617 3627 10
2903 3627 3589 274 10
274 617 3627 3589 10
3627 2903 3589 3628 10
2904 3628 3590 2903 10
2903 3589 3628 3590 10
3628 2904 3590 1894 10
1532 1894 1875 2904 10
2904 3590 1894 1875 10
635 475 426 3625 10
3305 3625 3207 426 10
3305 475 3625 426 10
3625 3305 3207 3626 10
3306 3626 3208 3207 10
3306 3305 3626 3207 10
3626 3306 3208 1893 10
1733 1893 1684 3208 10
1733 3306 1893 3208 10
635 488 618 3625 10
3331 3625 3591 488 10
488 618 3625 3591 10
3625 3331 3591 3626 10
3332 3626 3592 3331 10
3331 3591 3626 3592 10
3626 3332 3592 1893 10
1746 1893 1876 3332 10
3332 3592 1893 1876 10
475 635 618 3625 10
3625 3305 3591 475 10
3625 475 3591 618 10
3305 3625 3591 3626 10
3626 3306 3592 3305 10
3626 3305 3592 3591 10
3306 3626 3592 1893 10
1893 1733 1876 3306 10
1893 3306 1876 3592 10
623 619 1233 4821 10
3593 3601 4821 619 10
619 623 3601 4821 10
3601 3593 4821 4822 10
3594 3602 4822 3593 10
3593 3601 3602 4822 10
3602 3594 4822 2491 10
1877 1881 2491 3594 10
3594 3602 1881 2491 10
449 623 1233 4821 10
3601 3253 4821 449 10
3601 449 4821 623 10
3253 3601 4821 4822 10
3602 3254 4822 3253 10
3602 3253 4822 3601 10
3254 3602 4822 2491 10
1881 1707 2491 3254 10
1881 3254 2491 3602 10
619 623 620 3601 10
3601 3593 3595 619 10
3601 619 3595 620 10
3593 3601 3595 3602 10
3602 3594 3596 3593 10
3602 3593 3596 3595 10
3594 3602 3596 1881 10
1881 1877 1878 3594 10
1881 3594 1878 3596 10
16 624 17 3603 10
3603 1289 1291 16 10
3603 16 1291 17 10
1289 3603 1291 3604 10
3604 1290 1292 1289 10
3604 1289 1292 1291 10
1290 3604 1292 1882 10
1882 54 55 1290 10
1882 1290 55 1292 10
624 621 17 3603 10
3597 3603 1291 17 10
3597 621 3603 17 10
3603 3597 1291 3604 10
3598 3604 1292 1291 10
3598 3597 3604 1291 10
3604 3598 1292 1882 10
1879 1882 55 1292 10
1879 3598 1882 1292 10
624 16 622 3603 10
1289 3603 3599 16 10
16 622 3603 3599 10
3603 1289 3599 3604 10
1290 3604 3600 1289 10
1289 3599 3604 3600 10
3604 1290 3600 1882 10
54 1882 1880 1290 10
1290 3600 1882 1880 10
627 623 449 3609 10
3601 3609 3253 449 10
3601 623 3609 449 10
3609 3601 3253 3610 10
3602 3610 3254 3253 10
3602 3601 3610 3253 10
3610 3602 3254 1885 10
1881 1885 1707 3254 10
1881 3602 1885 3254 10
627 620 623 3609 10
3595 3609 3601 620 10
620 623 3609 3601 10
3609 3595 3601 3610 10
3596 3610 3602 3595 10
3595 3601 3610 3602 10
3610 3596 3602 1885 10
1878 1885 1881 3596 10
3596 3602 1885 1881 10
624 448 621 3603 10
3251 3603 3597 448 10
448 621 3603 3597 10
3603 3251 3597 3604 10
3252 3604 3598 3251 10
3251 3597 3604 3598 10
3604 3252 3598 1882 10
1706 1882 1879 3252 10
3252 3598 1882 1879 10
622 448 624 3603 10
3251 3599 3603 448 10
448 622 3599 3603 10
3599 3251 3603 3604 10
3252 3600 3604 3251 10
3251 3599 3600 3604 10
3600 3252 3604 1882 10
1706 1880 1882 3252 10
3252 3600 1880 1882 10
448 559 625 3605 10
3473 3251 3605 448 10
3473 448 3605 559 10
3251 3473 3605 3606 10
3474 3252 3606 3251 10
3474 3251 3606 3473 10
3252 3474 3606 1883 10
1817 1706 1883 3252 10
1817 3252 1883 3474 10
448 626 559 3607 10
3607 3251 3473 448 10
3607 448 3473 559 10
3251 3607 3473 3608 10
3608 3252 3474 3251 10
3608 3251 3474 3473 10
3252 3608 3474 1884 10
1884 1706 1817 3252 10
1884 3252 1817 3474 10
628 627 629 3613 10
3609 3611 3613 627 10
627 628 3611 3613 10
3611 3609 3613 3614 10
3610 3612 3614 3609 10
3609 3611 3612 3614 10
3612 3610 3614 1887 10
1885 1886 1887 3610 10
3610 3612 1886 1887 10
542 627 628 3611 10
3609 3439 3611 542 10
3609 542 3611 627 10
3439 3609 3611 3612 10
3610 3440 3612 3439 10
3610 3439 3612 3609 10
3440 3610 3612 1886 10
1885 1800 1886 3440 10
1885 3440 1886 3610 10
496 630 648 3651 10
3615 3347 3651 496 10
3615 496 3651 630 10
3347 3615 3651 3652 10
3616 3348 3652 3347 10
3616 3347 3652 3615 10
3348 3616 3652 1906 10
1888 1754 1906 3348 10
1888 3348 1906 3616 10
631 630 496 3617 10
3615 3617 3347 496 10
3615 630 3617 496 10
3617 3615 3347 3618 10
3616 3618 3348 3347 10
3616 3615 3618 3347 10
3618 3616 3348 1889 10
1888 1889 1754 3348 10
1888 3616 1889 3348 10
633 497 485 3621 10
3349 3621 3325 485 10
3349 497 3621 485 10
3621 3349 3325 3622 10
3350 3622 3326 3325 10
3350 3349 3622 3325 10
3622 3350 3326 1891 10
1755 1891 1743 3326 10
1755 3350 1891 3326 10
633 632 497 3621 10
3619 3621 3349 497 10
3619 632 3621 497 10
3621 3619 3349 3622 10
3620 3622 3350 3349 10
3620 3619 3622 3349 10
3622 3620 3350 1891 10
1890 1891 1755 3350 10
1890 3620 1891 3350 10
634 635 426 3625 10
3625 3623 3207 426 10
3625 634 3623 426 10
3623 3625 3207 3626 10
3626 3624 3208 3207 10
3626 3623 3624 3207 10
3624 3626 3208 1893 10
1893 1892 1684 3208 10
1893 3624 1892 3208 10
634 488 635 3625 10
3331 3623 3625 488 10
488 634 3623 3625 10
3623 3331 3625 3626 10
3332 3624 3626 3331 10
3331 3623 3624 3626 10
3624 3332 3626 1893 10
1746 1892 1893 3332 10
3332 3624 1892 1893 10
636 637 321 3629 10
3629 3627 2997 321 10
3629 636 3627 321 10
3627 3629 2997 3630 10
3630 3628 2998 2997 10
3630 3627 3628 2997 10
3628 3630 2998 1895 10
1895 1894 1579 2998 10
1895 3628 1894 2998 10
638 637 636 3631 10
3629 3631 3627 636 10
3629 637 3631 636 10
3631 3629 3627 3632 10
3630 3632 3628 3627 10
3630 3629 3632 3627 10
3632 3630 3628 1896 10
1895 1896 1894 3628 10
1895 3630 1896 3628 10
562 639 346 3633 10
3633 3479 3047 346 10
3633 562 3479 346 10
3479 3633 3047 3634 10
3634 3480 3048 3047 10
3634 3479 3480 3047 10
3480 3634 3048 1897 10
1897 1820 1604 3048 10
1897 3480 1820 3048 10
562 640 639 3635 10
3635 3479 3633 562 10
3635 562 3633 639 10
3479 3635 3633 3636 10
3636 3480 3634 3479 10
3636 3479 3634 3633 10
3480 3636 3634 1898 10
1898 1820 1897 3480 10
1898 3480 1897 3634 10
1168 656 740 4691 10
3667 4691 3835 656 10
656 740 4691 3835 10
4691 3667 3835 4692 10
3668 4692 3836 3667 10
3667 3835 4692 3836 10
4692 3668 3836 2426 10
1914 2426 1998 3668 10
3668 3836 2426 1998 10
795 21 20 3945 10
1299 3945 1297 20 10
1299 21 3945 20 10
3945 1299 1297 3946 10
1300 3946 1298 1297 10
1300 1299 3946 1297 10
3946 1300 1298 2053 10
59 2053 58 1298 10
59 1300 2053 1298 10
650 746 641 3847 10
3847 3655 3637 641 10
3847 650 3655 641 10
3655 3847 3637 3848 10
3848 3656 3638 3637 10
3848 3655 3656 3637 10
3656 3848 3638 2004 10
2004 1908 1899 3638 10
2004 3656 1908 3638 10
790 653 726 3935 10
3661 3935 3807 653 10
653 726 3935 3807 10
3935 3661 3807 3936 10
3662 3936 3808 3661 10
3661 3807 3936 3808 10
3936 3662 3808 2048 10
1911 2048 1984 3662 10
3662 3808 2048 1984 10
794 658 677 3943 10
3671 3943 3709 658 10
658 677 3943 3709 10
3943 3671 3709 3944 10
3672 3944 3710 3671 10
3671 3709 3944 3710 10
3944 3672 3710 2052 10
1916 2052 1935 3672 10
3672 3710 2052 1935 10
794 795 796 3947 10
3945 3943 3947 794 10
3945 794 3947 795 10
3943 3945 3947 3948 10
3946 3944 3948 3943 10
3946 3943 3948 3945 10
3944 3946 3948 2054 10
2053 2052 2054 3944 10
2053 3944 2054 3946 10
89 642 679 3713 10
3639 2533 3713 89 10
3639 89 3713 642 10
2533 3639 3713 3714 10
3640 2534 3714 2533 10
3640 2533 3714 3639 10
2534 3640 3714 1937 10
1900 1347 1937 2534 10
1900 2534 1937 3640 10
656 642 643 3667 10
3639 3667 3641 642 10
642 643 3667 3641 10
3667 3639 3641 3668 10
3640 3668 3642 3639 10
3639 3641 3668 3642 10
3668 3640 3642 1914 10
1900 1914 1901 3640 10
3640 3642 1914 1901 10
738 644 796 3947 10
3643 3831 3947 644 10
644 738 3831 3947 10
3831 3643 3947 3948 10
3644 3832 3948 3643 10
3643 3831 3832 3948 10
3832 3644 3948 2054 10
1902 1996 2054 3644 10
3644 3832 1996 2054 10
795 738 796 3947 10
3831 3945 3947 738 10
738 795 3945 3947 10
3945 3831 3947 3948 10
3832 3946 3948 3831 10
3831 3945 3946 3948 10
3946 3832 3948 2054 10
1996 2053 2054 3832 10
3832 3946 2053 2054 10
646 739 643 3833 10
3833 3647 3641 643 10
3833 646 3647 643 10
3647 3833 3641 3834 10
3834 3648 3642 3641 10
3834 3647 3648 3641 10
3648 3834 3642 1997 10
1997 1904 1901 3642 10
1997 3648 1904 3642 10
739 656 643 3833 10
3667 3833 3641 643 10
3667 656 3833 643 10
3833 3667 3641 3834 10
3668 3834 3642 3641 10
3668 3667 3834 3641 10
3834 3668 3642 1997 10
1914 1997 1901 3642 10
1914 3668 1997 3642 10
738 654 644 3831 10
3663 3831 3643 644 10
3663 654 3831 644 10
3831 3663 3643 3832 10
3664 3832 3644 3643 10
3664 3663 3832 3643 10
3832 3664 3644 1996 10
1912 1996 1902 3644 10
1912 3664 1996 3644 10
645 739 646 3833 10
3833 3645 3647 645 10
3833 645 3647 646 10
3645 3833 3647 3834 10
3834 3646 3648 3645 10
3834 3645 3648 3647 10
3646 3834 3648 1997 10
1997 1903 1904 3646 10
1997 3646 1904 3648 10
697 718 530 3791 10
3791 3749 3415 530 10
3791 697 3749 530 10
3749 3791 3415 3792 10
3792 3750 3416 3415 10
3792 3749 3750 3415 10
3750 3792 3416 1976 10
1976 1955 1788 3416 10
1976 3750 1955 3416 10
783 647 721 3921 10
3649 3921 3797 647 10
647 721 3921 3797 10
3921 3649 3797 3922 10
3650 3922 3798 3649 10
3649 3797 3922 3798 10
3922 3650 3798 2041 10
1905 2041 1979 3650 10
3650 3798 2041 1979 10
672 485 498 3699 10
3325 3699 3351 485 10
485 498 3699 3351 10
3699 3325 3351 3700 10
3326 3700 3352 3325 10
3325 3351 3700 3352 10
3700 3326 3352 1930 10
1743 1930 1756 3326 10
3326 3352 1930 1756 10
689 607 582 3733 10
3569 3733 3519 582 10
3569 607 3733 582 10
3733 3569 3519 3734 10
3570 3734 3520 3519 10
3570 3569 3734 3519 10
3734 3570 3520 1947 10
1865 1947 1840 3520 10
1865 3570 1947 3520 10
648 706 605 3767 10
3767 3651 3565 605 10
3767 648 3651 605 10
3651 3767 3565 3768 10
3768 3652 3566 3565 10
3768 3651 3652 3565 10
3652 3768 3566 1964 10
1964 1906 1863 3566 10
1964 3652 1906 3566 10
700 687 649 3755 10
3729 3755 3653 649 10
3729 687 3755 649 10
3755 3729 3653 3756 10
3730 3756 3654 3653 10
3730 3729 3756 3653 10
3756 3730 3654 1958 10
1945 1958 1907 3654 10
1945 3730 1958 3654 10
649 650 651 3657 10
3655 3653 3657 649 10
3655 649 3657 650 10
3653 3655 3657 3658 10
3656 3654 3658 3653 10
3656 3653 3658 3655 10
3654 3656 3658 1909 10
1908 1907 1909 3654 10
1908 3654 1909 3656 10
650 649 687 3729 10
3653 3655 3729 649 10
649 650 3655 3729 10
3655 3653 3729 3730 10
3654 3656 3730 3653 10
3653 3655 3656 3730 10
3656 3654 3730 1945 10
1907 1908 1945 3654 10
3654 3656 1908 1945 10
746 650 687 3847 10
3655 3847 3729 650 10
650 687 3847 3729 10
3847 3655 3729 3848 10
3656 3848 3730 3655 10
3655 3729 3848 3730 10
3848 3656 3730 2004 10
1908 2004 1945 3656 10
3656 3730 2004 1945 10
653 582 652 3661 10
3519 3661 3659 582 10
582 652 3661 3659 10
3661 3519 3659 3662 10
3520 3662 3660 3519 10
3519 3659 3662 3660 10
3662 3520 3660 1911 10
1840 1911 1910 3520 10
3520 3660 1911 1910 10
582 653 689 3733 10
3661 3519 3733 582 10
3661 582 3733 653 10
3519 3661 3733 3734 10
3662 3520 3734 3519 10
3662 3519 3734 3661 10
3520 3662 3734 1947 10
1911 1840 1947 3520 10
1911 3520 1947 3662 10
653 790 689 3935 10
3935 3661 3733 653 10
3935 653 3733 689 10
3661 3935 3733 3936 10
3936 3662 3734 3661 10
3936 3661 3734 3733 10
3662 3936 3734 2048 10
2048 1911 1947 3662 10
2048 3662 1947 3734 10
651 708 502 3771 10
3771 3657 3359 502 10
3771 651 3657 502 10
3657 3771 3359 3772 10
3772 3658 3360 3359 10
3772 3657 3658 3359 10
3658 3772 3360 1966 10
1966 1909 1760 3360 10
1966 3658 1909 3360 10
708 651 650 3771 10
3657 3771 3655 650 10
3657 651 3771 650 10
3771 3657 3655 3772 10
3658 3772 3656 3655 10
3658 3657 3772 3655 10
3772 3658 3656 1966 10
1909 1966 1908 3656 10
1909 3658 1966 3656 10
641 708 650 3771 10
3771 3637 3655 641 10
3771 641 3655 650 10
3637 3771 3655 3772 10
3772 3638 3656 3637 10
3772 3637 3656 3655 10
3638 3772 3656 1966 10
1966 1899 1908 3638 10
1966 3638 1908 3656 10
709 652 711 3777 10
3659 3773 3777 652 10
652 709 3773 3777 10
3773 3659 3777 3778 10
3660 3774 3778 3659 10
3659 3773 3774 3778 10
3774 3660 3778 1969 10
1910 1967 1969 3660 10
3660 3774 1967 1969 10
652 709 653 3773 10
3773 3659 3661 652 10
3773 652 3661 653 10
3659 3773 3661 3774 10
3774 3660 3662 3659 10
3774 3659 3662 3661 10
3660 3774 3662 1967 10
1967 1910 1911 3660 10
1967 3660 1911 3662 10
709 726 653 3807 10
3807 3773 3661 653 10
3807 709 3773 653 10
3773 3807 3661 3808 10
3808 3774 3662 3661 10
3808 3773 3774 3661 10
3774 3808 3662 1984 10
1984 1967 1911 3662 10
1984 3774 1967 3662 10
645 685 1151 4657 10
3725 3645 4657 645 10
3725 645 4657 685 10
3645 3725 4657 4658 10
3726 3646 4658 3645 10
3726 3645 4658 3725 10
3646 3726 4658 2409 10
1943 1903 2409 3646 10
1943 3646 2409 3726 10
646 705 645 3765 10
3765 3647 3645 645 10
3765 646 3647 645 10
3647 3765 3645 3766 10
3766 3648 3646 3645 10
3766 3647 3648 3645 10
3648 3766 3646 1963 10
1963 1904 1903 3646 10
1963 3648 1904 3646 10
18 654 19 3663 10
3663 1293 1295 18 10
3663 18 1295 19 10
1293 3663 1295 3664 10
3664 1294 1296 1295 10
3664 1293 1294 1295 10
1294 3664 1296 1912 10
1912 56 57 1294 10
1912 1294 57 1296 10
655 644 654 3665 10
3643 3665 3663 644 10
644 654 3665 3663 10
3665 3643 3663 3666 10
3644 3666 3664 3643 10
3643 3663 3666 3664 10
3666 3644 3664 1913 10
1902 1913 1912 3644 10
3644 3664 1913 1912 10
738 795 20 3945 10
3945 3831 1297 20 10
3945 738 3831 20 10
3831 3945 1297 3946 10
3946 3832 1298 1297 10
3946 3831 3832 1297 10
3832 3946 1298 2053 10
2053 1996 58 1298 10
2053 3832 1996 1298 10
656 739 740 3835 10
3833 3667 3835 656 10
3833 656 3835 739 10
3667 3833 3835 3836 10
3834 3668 3836 3667 10
3834 3667 3836 3833 10
3668 3834 3836 1998 10
1997 1914 1998 3668 10
1997 3668 1998 3834 10
667 657 674 3703 10
3669 3689 3703 657 10
657 667 3689 3703 10
3689 3669 3703 3704 10
3670 3690 3704 3669 10
3669 3689 3690 3704 10
3690 3670 3704 1932 10
1915 1925 1932 3670 10
3670 3690 1925 1932 10
644 778 796 3947 10
3911 3643 3947 644 10
3911 644 3947 778 10
3643 3911 3947 3948 10
3912 3644 3948 3643 10
3912 3643 3948 3911 10
3644 3912 3948 2054 10
2036 1902 2054 3644 10
2036 3644 2054 3912 10
683 646 643 3721 10
3647 3721 3641 643 10
3647 646 3721 643 10
3721 3647 3641 3722 10
3648 3722 3642 3641 10
3648 3647 3722 3641 10
3722 3648 3642 1941 10
1904 1941 1901 3642 10
1904 3648 1941 3642 10
106 799 242 3953 10
3953 2567 2839 106 10
3953 106 2839 242 10
2567 3953 2839 3954 10
3954 2568 2840 2567 10
3954 2567 2840 2839 10
2568 3954 2840 2057 10
2057 1364 1500 2568 10
2057 2568 1500 2840 10
690 115 658 3735 10
2585 3735 3671 115 10
115 658 3735 3671 10
3735 2585 3671 3736 10
2586 3736 3672 2585 10
2585 3671 3736 3672 10
3736 2586 3672 1948 10
1373 1948 1916 2586 10
2586 3672 1948 1916 10
666 797 89 3949 10
3949 3687 2533 89 10
3949 666 3687 89 10
3687 3949 2533 3950 10
3950 3688 2534 2533 10
3950 3687 3688 2533 10
3688 3950 2534 2055 10
2055 1924 1347 2534 10
2055 3688 1924 2534 10
692 798 106 3951 10
3951 3739 2567 106 10
3951 692 3739 106 10
3739 3951 2567 3952 10
3952 3740 2568 2567 10
3952 3739 3740 2567 10
3740 3952 2568 2056 10
2056 1950 1364 2568 10
2056 3740 1950 2568 10
733 798 694 3951 10
3951 3821 3743 694 10
3951 733 3821 694 10
3821 3951 3743 3952 10
3952 3822 3744 3743 10
3952 3821 3822 3743 10
3822 3952 3744 2056 10
2056 1991 1952 3744 10
2056 3822 1991 3744 10
798 692 694 3951 10
3739 3951 3743 692 10
692 694 3951 3743 10
3951 3739 3743 3952 10
3740 3952 3744 3739 10
3739 3743 3952 3744 10
3952 3740 3744 2056 10
1950 2056 1952 3740 10
3740 3744 2056 1952 10
745 744 659 3845 10
3843 3845 3673 659 10
3843 744 3845 659 10
3845 3843 3673 3846 10
3844 3846 3674 3673 10
3844 3843 3846 3673 10
3846 3844 3674 2003 10
2002 2003 1917 3674 10
2002 3844 2003 3674 10
605 737 660 3829 10
3829 3565 3675 605 10
3829 605 3675 660 10
3565 3829 3675 3830 10
3830 3566 3676 3565 10
3830 3565 3676 3675 10
3566 3830 3676 1995 10
1995 1863 1918 3566 10
1995 3566 1918 3676 10
737 759 660 3873 10
3873 3829 3675 660 10
3873 737 3829 660 10
3829 3873 3675 3874 10
3874 3830 3676 3675 10
3874 3829 3830 3675 10
3830 3874 3676 2017 10
2017 1995 1918 3676 10
2017 3830 1995 3676 10
736 498 661 3827 10
3351 3827 3677 498 10
498 661 3827 3677 10
3827 3351 3677 3828 10
3352 3828 3678 3351 10
3351 3677 3828 3678 10
3828 3352 3678 1994 10
1756 1994 1919 3352 10
3352 3678 1994 1919 10
670 736 661 3827 10
3827 3695 3677 661 10
3827 670 3695 661 10
3695 3827 3677 3828 10
3828 3696 3678 3677 10
3828 3695 3696 3677 10
3696 3828 3678 1994 10
1994 1928 1919 3678 10
1994 3696 1928 3678 10
691 654 18 3737 10
3663 3737 1293 18 10
3663 654 3737 18 10
3737 3663 1293 3738 10
3664 3738 1294 1293 10
3664 3663 3738 1293 10
3738 3664 1294 1949 10
1912 1949 56 1294 10
1912 3664 1949 1294 10
645 686 685 3727 10
3727 3645 3725 645 10
3727 645 3725 685 10
3645 3727 3725 3728 10
3728 3646 3726 3645 10
3728 3645 3726 3725 10
3646 3728 3726 1944 10
1944 1903 1943 3646 10
1944 3646 1943 3726 10
754 662 663 3863 10
3679 3863 3681 662 10
662 663 3863 3681 10
3863 3679 3681 3864 10
3680 3864 3682 3679 10
3679 3681 3864 3682 10
3864 3680 3682 2012 10
1920 2012 1921 3680 10
3680 3682 2012 1921 10
659 754 663 3863 10
3863 3673 3681 659 10
3863 659 3681 663 10
3673 3863 3681 3864 10
3864 3674 3682 3673 10
3864 3673 3682 3681 10
3674 3864 3682 2012 10
2012 1917 1921 3674 10
2012 3674 1921 3682 10
706 727 664 3809 10
3809 3767 3683 664 10
3809 706 3767 664 10
3767 3809 3683 3810 10
3810 3768 3684 3683 10
3810 3767 3768 3683 10
3768 3810 3684 1985 10
1985 1964 1922 3684 10
1985 3768 1964 3684 10
727 706 708 3809 10
3767 3809 3771 706 10
706 708 3809 3771 10
3809 3767 3771 3810 10
3768 3810 3772 3767 10
3767 3771 3810 3772 10
3810 3768 3772 1985 10
1964 1985 1966 3768 10
3768 3772 1985 1966 10
665 672 750 3855 10
3699 3685 3855 665 10
3699 665 3855 672 10
3685 3699 3855 3856 10
3700 3686 3856 3685 10
3700 3685 3856 3699 10
3686 3700 3856 2008 10
1930 1923 2008 3686 10
1930 3686 2008 3700 10
672 665 709 3773 10
3685 3699 3773 665 10
665 672 3699 3773 10
3699 3685 3773 3774 10
3686 3700 3774 3685 10
3685 3699 3700 3774 10
3700 3686 3774 1967 10
1923 1930 1967 3686 10
3686 3700 1930 1967 10
702 115 690 3759 10
2585 3759 3735 115 10
115 690 3759 3735 10
3759 2585 3735 3760 10
2586 3760 3736 2585 10
2585 3735 3760 3736 10
3760 2586 3736 1960 10
1373 1960 1948 2586 10
2586 3736 1960 1948 10
666 696 797 3949 10
3747 3687 3949 666 10
3747 666 3949 696 10
3687 3747 3949 3950 10
3748 3688 3950 3687 10
3748 3687 3950 3747 10
3688 3748 3950 2055 10
1954 1924 2055 3688 10
1954 3688 2055 3748 10
668 767 714 3889 10
3889 3691 3783 668 10
3889 668 3783 714 10
3691 3889 3783 3890 10
3890 3692 3784 3691 10
3890 3691 3784 3783 10
3692 3890 3784 2025 10
2025 1926 1972 3692 10
2025 3692 1972 3784 10
712 595 541 3779 10
3545 3779 3437 541 10
3545 595 3779 541 10
3779 3545 3437 3780 10
3546 3780 3438 3437 10
3546 3545 3780 3437 10
3780 3546 3438 1970 10
1853 1970 1799 3438 10
1853 3546 1970 3438 10
720 721 667 3797 10
3797 3795 3689 667 10
3797 720 3795 667 10
3795 3797 3689 3798 10
3798 3796 3690 3689 10
3798 3795 3796 3689 10
3796 3798 3690 1979 10
1979 1978 1925 3690 10
1979 3796 1978 3690 10
669 668 660 3693 10
3691 3693 3675 660 10
3691 668 3693 660 10
3693 3691 3675 3694 10
3692 3694 3676 3675 10
3692 3691 3694 3675 10
3694 3692 3676 1927 10
1926 1927 1918 3676 10
1926 3692 1927 3676 10
759 669 660 3873 10
3693 3873 3675 660 10
3693 669 3873 660 10
3873 3693 3675 3874 10
3694 3874 3676 3675 10
3694 3693 3874 3675 10
3874 3694 3676 2017 10
1927 2017 1918 3676 10
1927 3694 2017 3676 10
595 766 661 3887 10
3887 3545 3677 595 10
3887 595 3677 661 10
3545 3887 3677 3888 10
3888 3546 3678 3545 10
3888 3545 3678 3677 10
3546 3888 3678 2024 10
2024 1853 1919 3546 10
2024 3546 1919 3678 10
766 670 661 3887 10
3695 3887 3677 661 10
3695 670 3887 661 10
3887 3695 3677 3888 10
3696 3888 3678 3677 10
3696 3695 3888 3677 10
3888 3696 3678 2024 10
1928 2024 1919 3678 10
1928 3696 2024 3678 10
752 772 671 3899 10
3899 3859 3697 671 10
3899 752 3859 671 10
3859 3899 3697 3900 10
3900 3860 3698 3697 10
3900 3859 3860 3697 10
3860 3900 3698 2030 10
2030 2010 1929 3698 10
2030 3860 2010 3698 10
772 752 751 3899 10
3859 3899 3857 751 10
3859 752 3899 751 10
3899 3859 3857 3900 10
3860 3900 3858 3857 10
3860 3859 3900 3857 10
3900 3860 3858 2030 10
2010 2030 2009 3858 10
2010 3860 2030 3858 10
762 706 664 3879 10
3767 3879 3683 664 10
3767 706 3879 664 10
3879 3767 3683 3880 10
3768 3880 3684 3683 10
3768 3767 3880 3683 10
3880 3768 3684 2020 10
1964 2020 1922 3684 10
1964 3768 2020 3684 10
672 735 750 3855 10
3825 3699 3855 672 10
3825 672 3855 735 10
3699 3825 3855 3856 10
3826 3700 3856 3699 10
3826 3699 3856 3825 10
3700 3826 3856 2008 10
1993 1930 2008 3700 10
1993 3700 2008 3826 10
657 673 674 3703 10
3701 3669 3703 657 10
3701 657 3703 673 10
3669 3701 3703 3704 10
3702 3670 3704 3669 10
3702 3669 3704 3701 10
3670 3702 3704 1932 10
1931 1915 1932 3670 10
1931 3670 1932 3702 10
673 657 681 3717 10
3669 3701 3717 657 10
657 673 3701 3717 10
3701 3669 3717 3718 10
3670 3702 3718 3669 10
3669 3701 3702 3718 10
3702 3670 3718 1939 10
1915 1931 1939 3670 10
3670 3702 1931 1939 10
662 723 675 3801 10
3801 3679 3705 662 10
3801 662 3705 675 10
3679 3801 3705 3802 10
3802 3680 3706 3679 10
3802 3679 3706 3705 10
3680 3802 3706 1981 10
1981 1920 1933 3680 10
1981 3680 1933 3706 10
721 732 667 3819 10
3819 3797 3689 667 10
3819 721 3797 667 10
3797 3819 3689 3820 10
3820 3798 3690 3689 10
3820 3797 3798 3689 10
3798 3820 3690 1990 10
1990 1979 1925 3690 10
1990 3798 1979 3690 10
732 657 667 3819 10
3669 3819 3689 657 10
657 667 3819 3689 10
3819 3669 3689 3820 10
3670 3820 3690 3669 10
3669 3689 3820 3690 10
3820 3670 3690 1990 10
1915 1990 1925 3670 10
3670 3690 1990 1925 10
676 641 746 3847 10
3637 3707 3847 641 10
641 676 3707 3847 10
3707 3637 3847 3848 10
3638 3708 3848 3637 10
3637 3707 3708 3848 10
3708 3638 3848 2004 10
1899 1934 2004 3638 10
3638 3708 1934 2004 10
726 792 790 3939 10
3939 3807 3935 726 10
3939 726 3935 790 10
3807 3939 3935 3940 10
3940 3808 3936 3807 10
3940 3807 3936 3935 10
3808 3940 3936 2050 10
2050 1984 2048 3808 10
2050 3808 2048 3936 10
21 678 22 3711 10
3711 1299 1301 21 10
3711 21 1301 22 10
1299 3711 1301 3712 10
3712 1300 1302 1301 10
3712 1299 1300 1301 10
1300 3712 1302 1936 10
1936 59 60 1302 10
1936 1300 59 1302 10
678 677 22 3711 10
3709 3711 1301 22 10
3709 677 3711 22 10
3711 3709 1301 3712 10
3710 3712 1302 1301 10
3710 3709 3712 1301 10
3712 3710 1302 1936 10
1935 1936 60 1302 10
1935 3710 1936 1302 10
678 21 795 3945 10
1299 3711 3945 21 10
21 678 3711 3945 10
3711 1299 3945 3946 10
1300 3712 3946 1299 10
1299 3711 3712 3946 10
3712 1300 3946 2053 10
59 1936 2053 1300 10
1300 3712 1936 2053 10
679 680 903 4161 10
3715 3713 4161 679 10
3715 679 4161 680 10
3713 3715 4161 4162 10
3716 3714 4162 3713 10
3716 3713 4162 3715 10
3714 3716 4162 2161 10
1938 1937 2161 3714 10
1938 3714 2161 3716 10
1168 680 656 4691 10
3715 4691 3667 656 10
3715 680 4691 656 10
4691 3715 3667 4692 10
3716 4692 3668 3667 10
3716 3715 4692 3667 10
4692 3716 3668 2426 10
1938 2426 1914 3668 10
1938 3716 2426 3668 10
680 1168 903 4691 10
4691 3715 4161 680 10
4691 680 4161 903 10
3715 4691 4161 4692 10
4692 3716 4162 3715 10
4692 3715 4162 4161 10
3716 4692 4162 2426 10
2426 1938 2161 3716 10
2426 3716 2161 4162 10
722 693 675 3799 10
3741 3799 3705 675 10
3741 693 3799 675 10
3799 3741 3705 3800 10
3742 3800 3706 3705 10
3742 3741 3800 3705 10
3800 3742 3706 1980 10
1951 1980 1933 3706 10
1951 3742 1980 3706 10
693 722 681 3799 10
3799 3741 3717 681 10
3799 693 3741 681 10
3741 3799 3717 3800 10
3800 3742 3718 3717 10
3800 3741 3742 3717 10
3742 3800 3718 1980 10
1980 1951 1939 3718 10
1980 3742 1951 3718 10
643 682 683 3721 10
3719 3641 3721 643 10
3719 643 3721 682 10
3641 3719 3721 3722 10
3720 3642 3722 3641 10
3720 3641 3722 3719 10
3642 3720 3722 1941 10
1940 1901 1941 3642 10
1940 3642 1941 3720 10
682 780 683 3915 10
3915 3719 3721 682 10
3915 682 3721 683 10
3719 3915 3721 3916 10
3916 3720 3722 3719 10
3916 3719 3722 3721 10
3720 3916 3722 2038 10
2038 1940 1941 3720 10
2038 3720 1941 3722 10
682 643 797 3949 10
3641 3719 3949 643 10
643 682 3719 3949 10
3719 3641 3949 3950 10
3642 3720 3950 3641 10
3641 3719 3720 3950 10
3720 3642 3950 2055 10
1901 1940 2055 3642 10
3642 3720 1940 2055 10
684 796 778 3947 10
3947 3723 3911 684 10
3947 684 3911 778 10
3723 3947 3911 3948 10
3948 3724 3912 3723 10
3948 3723 3912 3911 10
3724 3948 3912 2054 10
2054 1942 2036 3724 10
2054 3724 2036 3912 10
698 684 778 3911 10
3723 3751 3911 684 10
684 698 3751 3911 10
3751 3723 3911 3912 10
3724 3752 3912 3723 10
3723 3751 3752 3912 10
3752 3724 3912 2036 10
1942 1956 2036 3724 10
3724 3752 1956 2036 10
796 684 690 3947 10
3723 3947 3735 684 10
684 690 3947 3735 10
3947 3723 3735 3948 10
3724 3948 3736 3723 10
3723 3735 3948 3736 10
3948 3724 3736 2054 10
1942 2054 1948 3724 10
3724 3736 2054 1948 10
687 755 746 3865 10
3865 3729 3847 687 10
3865 687 3847 746 10
3729 3865 3847 3866 10
3866 3730 3848 3729 10
3866 3729 3848 3847 10
3730 3866 3848 2013 10
2013 1945 2004 3730 10
2013 3730 2004 3848 10
725 689 790 3935 10
3733 3805 3935 689 10
689 725 3805 3935 10
3805 3733 3935 3936 10
3734 3806 3936 3733 10
3733 3805 3806 3936 10
3806 3734 3936 2048 10
1947 1983 2048 3734 10
3734 3806 1983 2048 10
1233 686 449 4821 10
3727 4821 3253 449 10
3727 686 4821 449 10
4821 3727 3253 4822 10
3728 4822 3254 3253 10
3728 3727 4822 3253 10
4822 3728 3254 2491 10
1944 2491 1707 3254 10
1944 3728 2491 3254 10
1233 685 686 4821 10
3725 4821 3727 685 10
685 686 4821 3727 10
4821 3725 3727 4822 10
3726 4822 3728 3725 10
3725 3727 4822 3728 10
4822 3726 3728 2491 10
1943 2491 1944 3726 10
3726 3728 2491 1944 10
17 691 18 3737 10
3737 1291 1293 17 10
3737 17 1293 18 10
1291 3737 1293 3738 10
3738 1292 1294 1293 10
3738 1291 1292 1293 10
1292 3738 1294 1949 10
1949 55 56 1294 10
1949 1292 55 1294 10
17 621 691 3737 10
3597 1291 3737 17 10
3597 17 3737 621 10
1291 3597 3737 3738 10
3598 1292 3738 1291 10
3598 1291 3738 3597 10
1292 3598 3738 1949 10
1879 55 1949 1292 10
1879 1292 1949 3598 10
699 755 687 3865 10
3865 3753 3729 687 10
3865 699 3753 687 10
3753 3865 3729 3866 10
3866 3754 3730 3729 10
3866 3753 3754 3729 10
3754 3866 3730 2013 10
2013 1957 1945 3730 10
2013 3754 1957 3730 10
725 688 689 3805 10
3731 3805 3733 688 10
688 689 3805 3733 10
3805 3731 3733 3806 10
3732 3806 3734 3731 10
3731 3733 3806 3734 10
3806 3732 3734 1983 10
1946 1983 1947 3732 10
3732 3734 1983 1947 10
732 694 657 3819 10
3743 3819 3669 657 10
3743 694 3819 657 10
3819 3743 3669 3820 10
3744 3820 3670 3669 10
3744 3743 3820 3669 10
3820 3744 3670 1990 10
1952 1990 1915 3670 10
1952 3744 1990 3670 10
702 684 698 3759 10
3723 3759 3751 684 10
684 698 3759 3751 10
3759 3723 3751 3760 10
3724 3760 3752 3723 10
3723 3751 3760 3752 10
3760 3724 3752 1960 10
1942 1960 1956 3724 10
3724 3752 1960 1956 10
702 690 684 3759 10
3735 3759 3723 684 10
3735 690 3759 684 10
3759 3735 3723 3760 10
3736 3760 3724 3723 10
3736 3735 3760 3723 10
3760 3736 3724 1960 10
1948 1960 1942 3724 10
1948 3736 1960 3724 10
682 696 780 3915 10
3747 3719 3915 682 10
3747 682 3915 696 10
3719 3747 3915 3916 10
3748 3720 3916 3719 10
3748 3719 3916 3747 10
3720 3748 3916 2038 10
1954 1940 2038 3720 10
1954 3720 2038 3748 10
797 696 682 3949 10
3747 3949 3719 682 10
3747 696 3949 682 10
3949 3747 3719 3950 10
3748 3950 3720 3719 10
3748 3747 3950 3719 10
3950 3748 3720 2055 10
1954 2055 1940 3720 10
1954 3748 2055 3720 10
673 681 722 3799 10
3717 3701 3799 673 10
3717 673 3799 681 10
3701 3717 3799 3800 10
3718 3702 3800 3701 10
3718 3701 3800 3717 10
3702 3718 3800 1980 10
1939 1931 1980 3702 10
1939 3702 1980 3718 10
734 792 775 3939 10
3939 3823 3905 734 10
3939 734 3905 775 10
3823 3939 3905 3940 10
3940 3824 3906 3823 10
3940 3823 3906 3905 10
3824 3940 3906 2050 10
2050 1992 2033 3824 10
2050 3824 2033 3906 10
691 625 655 3737 10
3605 3737 3665 625 10
625 655 3737 3665 10
3737 3605 3665 3738 10
3606 3738 3666 3605 10
3605 3665 3738 3666 10
3738 3606 3666 1949 10
1883 1949 1913 3606 10
3606 3666 1949 1913 10
625 691 621 3737 10
3737 3605 3597 621 10
3737 625 3605 621 10
3605 3737 3597 3738 10
3738 3606 3598 3597 10
3738 3605 3606 3597 10
3606 3738 3598 1949 10
1949 1883 1879 3598 10
1949 3606 1883 3598 10
654 691 655 3737 10
3737 3663 3665 654 10
3737 654 3665 655 10
3663 3737 3665 3738 10
3738 3664 3666 3663 10
3738 3663 3666 3665 10
3664 3738 3666 1949 10
1949 1912 1913 3664 10
1949 3664 1913 3666 10
629 686 705 3765 10
3727 3613 3765 629 10
3727 629 3765 686 10
3613 3727 3765 3766 10
3728 3614 3766 3613 10
3728 3613 3766 3727 10
3614 3728 3766 1963 10
1944 1887 1963 3614 10
1944 3614 1963 3728 10
686 629 449 3727 10
3613 3727 3253 449 10
3613 629 3727 449 10
3727 3613 3253 3728 10
3614 3728 3254 3253 10
3614 3613 3728 3253 10
3728 3614 3254 1944 10
1887 1944 1707 3254 10
1887 3614 1944 3254 10
686 645 705 3765 10
3645 3727 3765 645 10
645 686 3727 3765 10
3727 3645 3765 3766 10
3646 3728 3766 3645 10
3645 3727 3728 3766 10
3728 3646 3766 1963 10
1903 1944 1963 3646 10
3646 3728 1944 1963 10
681 692 693 3741 10
3739 3717 3741 681 10
3739 681 3741 692 10
3717 3739 3741 3742 10
3740 3718 3742 3717 10
3740 3717 3742 3739 10
3718 3740 3742 1951 10
1950 1939 1951 3718 10
1950 3718 1951 3740 10
692 681 694 3743 10
3717 3739 3743 681 10
681 692 3739 3743 10
3739 3717 3743 3744 10
3718 3740 3744 3717 10
3717 3739 3740 3744 10
3740 3718 3744 1952 10
1939 1950 1952 3718 10
3718 3740 1950 1952 10
681 657 694 3743 10
3669 3717 3743 657 10
657 681 3717 3743 10
3717 3669 3743 3744 10
3670 3718 3744 3669 10
3669 3717 3718 3744 10
3718 3670 3744 1952 10
1915 1939 1952 3670 10
3670 3718 1939 1952 10
702 695 115 3759 10
3745 3759 2585 115 10
3745 695 3759 115 10
3759 3745 2585 3760 10
3746 3760 2586 2585 10
3746 3745 3760 2585 10
3760 3746 2586 1960 10
1953 1960 1373 2586 10
1953 3746 1960 2586 10
150 696 666 3747 10
3747 2655 3687 150 10
3747 150 3687 666 10
2655 3747 3687 3748 10
3748 2656 3688 2655 10
3748 2655 3688 3687 10
2656 3748 3688 1954 10
1954 1408 1924 2656 10
1954 2656 1924 3688 10
717 743 697 3841 10
3841 3789 3749 697 10
3841 717 3789 697 10
3789 3841 3749 3842 10
3842 3790 3750 3749 10
3842 3789 3790 3749 10
3790 3842 3750 2001 10
2001 1975 1955 3750 10
2001 3790 1975 3750 10
743 717 674 3841 10
3789 3841 3703 674 10
3789 717 3841 674 10
3841 3789 3703 3842 10
3790 3842 3704 3703 10
3790 3789 3842 3703 10
3842 3790 3704 2001 10
1975 2001 1932 3704 10
1975 3790 2001 3704 10
674 719 743 3841 10
3793 3703 3841 674 10
3793 674 3841 719 10
3703 3793 3841 3842 10
3794 3704 3842 3703 10
3794 3703 3842 3793 10
3704 3794 3842 2001 10
1977 1932 2001 3704 10
1977 3704 2001 3794 10
683 780 704 3915 10
3915 3721 3763 683 10
3915 683 3763 704 10
3721 3915 3763 3916 10
3916 3722 3764 3721 10
3916 3721 3764 3763 10
3722 3916 3764 2038 10
2038 1941 1962 3722 10
2038 3722 1962 3764 10
698 778 779 3913 10
3911 3751 3913 698 10
3911 698 3913 778 10
3751 3911 3913 3914 10
3912 3752 3914 3751 10
3912 3751 3914 3911 10
3752 3912 3914 2037 10
2036 1956 2037 3752 10
2036 3752 2037 3912 10
607 688 615 3731 10
3731 3569 3585 607 10
3731 607 3585 615 10
3569 3731 3585 3732 10
3732 3570 3586 3569 10
3732 3569 3586 3585 10
3570 3732 3586 1946 10
1946 1865 1873 3570 10
1946 3570 1873 3586 10
688 607 689 3733 10
3569 3731 3733 607 10
607 688 3731 3733 10
3731 3569 3733 3734 10
3570 3732 3734 3569 10
3569 3731 3732 3734 10
3732 3570 3734 1947 10
1865 1946 1947 3570 10
3570 3732 1946 1947 10
688 783 615 3921 10
3921 3731 3585 615 10
3921 688 3731 615 10
3731 3921 3585 3922 10
3922 3732 3586 3585 10
3922 3731 3732 3585 10
3732 3922 3586 2041 10
2041 1946 1873 3586 10
2041 3732 1946 3586 10
699 700 601 3755 10
3755 3753 3557 601 10
3755 699 3753 601 10
3753 3755 3557 3756 10
3756 3754 3558 3557 10
3756 3753 3754 3557 10
3754 3756 3558 1958 10
1958 1957 1859 3558 10
1958 3754 1957 3558 10
700 699 687 3755 10
3753 3755 3729 687 10
3753 699 3755 687 10
3755 3753 3729 3756 10
3754 3756 3730 3729 10
3754 3753 3756 3729 10
3756 3754 3730 1958 10
1957 1958 1945 3730 10
1957 3754 1958 3730 10
749 699 601 3853 10
3753 3853 3557 601 10
3753 699 3853 601 10
3853 3753 3557 3854 10
3754 3854 3558 3557 10
3754 3753 3854 3557 10
3854 3754 3558 2007 10
1957 2007 1859 3558 10
1957 3754 2007 3558 10
743 749 697 3853 10
3853 3841 3749 697 10
3853 743 3841 697 10
3841 3853 3749 3854 10
3854 3842 3750 3749 10
3854 3841 3842 3749 10
3842 3854 3750 2007 10
2007 2001 1955 3750 10
2007 3842 2001 3750 10
780 696 701 3915 10
3747 3915 3757 696 10
696 701 3915 3757 10
3915 3747 3757 3916 10
3748 3916 3758 3747 10
3747 3757 3916 3758 10
3916 3748 3758 2038 10
1954 2038 1959 3748 10
3748 3758 2038 1959 10
702 698 729 3813 10
3751 3759 3813 698 10
698 702 3759 3813 10
3759 3751 3813 3814 10
3752 3760 3814 3751 10
3751 3759 3760 3814 10
3760 3752 3814 1987 10
1956 1960 1987 3752 10
3752 3760 1960 1987 10
673 719 674 3793 10
3793 3701 3703 673 10
3793 673 3703 674 10
3701 3793 3703 3794 10
3794 3702 3704 3701 10
3794 3701 3704 3703 10
3702 3794 3704 1977 10
1977 1931 1932 3702 10
1977 3702 1932 3704 10
704 780 715 3915 10
3915 3763 3785 704 10
3915 704 3785 715 10
3763 3915 3785 3916 10
3916 3764 3786 3763 10
3916 3763 3786 3785 10
3764 3916 3786 2038 10
2038 1962 1973 3764 10
2038 3764 1973 3786 10
698 779 703 3913 10
3913 3751 3761 698 10
3913 698 3761 703 10
3751 3913 3761 3914 10
3914 3752 3762 3751 10
3914 3751 3762 3761 10
3752 3914 3762 2037 10
2037 1956 1961 3752 10
2037 3752 1961 3762 10
716 779 655 3913 10
3913 3787 3665 655 10
3913 716 3787 655 10
3787 3913 3665 3914 10
3914 3788 3666 3665 10
3914 3787 3788 3665 10
3788 3914 3666 2037 10
2037 1974 1913 3666 10
2037 3788 1974 3666 10
704 756 705 3867 10
3867 3763 3765 704 10
3867 704 3765 705 10
3763 3867 3765 3868 10
3868 3764 3766 3763 10
3868 3763 3766 3765 10
3764 3868 3766 2014 10
2014 1962 1963 3764 10
2014 3764 1963 3766 10
502 707 648 3769 10
3769 3359 3651 502 10
3769 502 3651 648 10
3359 3769 3651 3770 10
3770 3360 3652 3359 10
3770 3359 3652 3651 10
3360 3770 3652 1965 10
1965 1760 1906 3360 10
1965 3360 1906 3652 10
706 707 708 3771 10
3769 3767 3771 706 10
3769 706 3771 707 10
3767 3769 3771 3772 10
3770 3768 3772 3767 10
3770 3767 3772 3769 10
3768 3770 3772 1966 10
1965 1964 1966 3768 10
1965 3768 1966 3770 10
707 706 648 3769 10
3767 3769 3651 648 10
3767 706 3769 648 10
3769 3767 3651 3770 10
3768 3770 3652 3651 10
3768 3767 3770 3651 10
3770 3768 3652 1965 10
1964 1965 1906 3652 10
1964 3768 1965 3652 10
707 502 708 3771 10
3359 3769 3771 502 10
502 707 3769 3771 10
3769 3359 3771 3772 10
3360 3770 3772 3359 10
3359 3769 3770 3772 10
3770 3360 3772 1966 10
1760 1965 1966 3360 10
3360 3770 1965 1966 10
710 711 485 3777 10
3777 3775 3325 485 10
3777 710 3775 485 10
3775 3777 3325 3778 10
3778 3776 3326 3325 10
3778 3775 3776 3325 10
3776 3778 3326 1969 10
1969 1968 1743 3326 10
1969 3776 1968 3326 10
710 672 709 3775 10
3699 3775 3773 672 10
672 709 3775 3773 10
3775 3699 3773 3776 10
3700 3776 3774 3699 10
3699 3773 3776 3774 10
3776 3700 3774 1968 10
1930 1968 1967 3700 10
3700 3774 1968 1967 10
672 710 485 3775 10
3775 3699 3325 485 10
3775 672 3699 485 10
3699 3775 3325 3776 10
3776 3700 3326 3325 10
3776 3699 3700 3325 10
3700 3776 3326 1968 10
1968 1930 1743 3326 10
1968 3700 1930 3326 10
711 710 709 3777 10
3775 3777 3773 709 10
3775 710 3777 709 10
3777 3775 3773 3778 10
3776 3778 3774 3773 10
3776 3775 3778 3773 10
3778 3776 3774 1969 10
1968 1969 1967 3774 10
1968 3776 1969 3774 10
731 701 696 3817 10
3757 3817 3747 696 10
3757 701 3817 696 10
3817 3757 3747 3818 10
3758 3818 3748 3747 10
3758 3757 3818 3747 10
3818 3758 3748 1989 10
1959 1989 1954 3748 10
1959 3758 1989 3748 10
150 731 696 3817 10
3817 2655 3747 150 10
3817 150 3747 696 10
2655 3817 3747 3818 10
3818 2656 3748 2655 10
3818 2655 3748 3747 10
2656 3818 3748 1989 10
1989 1408 1954 2656 10
1989 2656 1954 3748 10
729 728 702 3813 10
3811 3813 3759 702 10
3811 728 3813 702 10
3813 3811 3759 3814 10
3812 3814 3760 3759 10
3812 3811 3814 3759 10
3814 3812 3760 1987 10
1986 1987 1960 3760 10
1986 3812 1987 3760 10
728 695 702 3811 10
3745 3811 3759 695 10
695 702 3811 3759 10
3811 3745 3759 3812 10
3746 3812 3760 3745 10
3745 3759 3812 3760 10
3812 3746 3760 1986 10
1953 1986 1960 3746 10
3746 3760 1986 1960 10
765 667 674 3885 10
3689 3885 3703 667 10
667 674 3885 3703 10
3885 3689 3703 3886 10
3690 3886 3704 3689 10
3689 3703 3886 3704 10
3886 3690 3704 2023 10
1925 2023 1932 3690 10
3690 3704 2023 1932 10
717 765 674 3885 10
3885 3789 3703 674 10
3885 717 3789 674 10
3789 3885 3703 3886 10
3886 3790 3704 3703 10
3886 3789 3790 3703 10
3790 3886 3704 2023 10
2023 1975 1932 3704 10
2023 3790 1975 3704 10
550 756 541 3867 10
3867 3455 3437 541 10
3867 550 3455 541 10
3455 3867 3437 3868 10
3868 3456 3438 3437 10
3868 3455 3456 3437 10
3456 3868 3438 2014 10
2014 1808 1799 3438 10
2014 3456 1808 3438 10
756 712 541 3867 10
3779 3867 3437 541 10
3779 712 3867 541 10
3867 3779 3437 3868 10
3780 3868 3438 3437 10
3780 3779 3868 3437 10
3868 3780 3438 2014 10
1970 2014 1799 3438 10
1970 3780 2014 3438 10
716 713 714 3787 10
3781 3787 3783 713 10
713 714 3787 3783 10
3787 3781 3783 3788 10
3782 3788 3784 3781 10
3781 3783 3788 3784 10
3788 3782 3784 1974 10
1971 1974 1972 3782 10
3782 3784 1974 1972 10
767 716 714 3889 10
3787 3889 3783 714 10
3787 716 3889 714 10
3889 3787 3783 3890 10
3788 3890 3784 3783 10
3788 3787 3890 3783 10
3890 3788 3784 2025 10
1974 2025 1972 3784 10
1974 3788 2025 3784 10
715 712 704 3785 10
3779 3785 3763 704 10
3779 712 3785 704 10
3785 3779 3763 3786 10
3780 3786 3764 3763 10
3780 3779 3786 3763 10
3786 3780 3764 1973 10
1970 1973 1962 3764 10
1970 3780 1973 3764 10
712 756 704 3867 10
3867 3779 3763 704 10
3867 712 3779 704 10
3779 3867 3763 3868 10
3868 3780 3764 3763 10
3868 3779 3780 3763 10
3780 3868 3764 2014 10
2014 1970 1962 3764 10
2014 3780 1970 3764 10
767 703 779 3913 10
3761 3889 3913 703 10
703 767 3889 3913 10
3889 3761 3913 3914 10
3762 3890 3914 3761 10
3761 3889 3890 3914 10
3890 3762 3914 2037 10
1961 2025 2037 3762 10
3762 3890 2025 2037 10
716 767 779 3913 10
3889 3787 3913 716 10
3889 716 3913 767 10
3787 3889 3913 3914 10
3890 3788 3914 3787 10
3890 3787 3914 3889 10
3788 3890 3914 2037 10
2025 1974 2037 3788 10
2025 3788 2037 3890 10
731 150 157 3817 10
2655 3817 2669 150 10
150 157 3817 2669 10
3817 2655 2669 3818 10
2656 3818 2670 2655 10
2655 2669 3818 2670 10
3818 2656 2670 1989 10
1408 1989 1415 2656 10
2656 2670 1989 1415 10
695 728 192 3811 10
3811 3745 2739 192 10
3811 695 3745 192 10
3745 3811 2739 3812 10
3812 3746 2740 2739 10
3812 3745 3746 2739 10
3746 3812 2740 1986 10
1986 1953 1450 2740 10
1986 3746 1953 2740 10
530 717 697 3789 10
3789 3415 3749 530 10
3789 530 3749 697 10
3415 3789 3749 3790 10
3790 3416 3750 3415 10
3790 3415 3750 3749 10
3416 3790 3750 1975 10
1975 1788 1955 3416 10
1975 3416 1955 3750 10
717 530 763 3881 10
3415 3789 3881 530 10
530 717 3789 3881 10
3789 3415 3881 3882 10
3416 3790 3882 3415 10
3415 3789 3790 3882 10
3790 3416 3882 2021 10
1788 1975 2021 3416 10
3416 3790 1975 2021 10
749 718 697 3853 10
3791 3853 3749 697 10
3791 718 3853 697 10
3853 3791 3749 3854 10
3792 3854 3750 3749 10
3792 3791 3854 3749 10
3854 3792 3750 2007 10
1976 2007 1955 3750 10
1976 3792 2007 3750 10
718 749 601 3853 10
3853 3791 3557 601 10
3853 718 3791 601 10
3791 3853 3557 3854 10
3854 3792 3558 3557 10
3854 3791 3792 3557 10
3792 3854 3558 2007 10
2007 1976 1859 3558 10
2007 3792 1976 3558 10
783 725 647 3921 10
3805 3921 3649 647 10
3805 725 3921 647 10
3921 3805 3649 3922 10
3806 3922 3650 3649 10
3806 3805 3922 3649 10
3922 3806 3650 2041 10
1983 2041 1905 3650 10
1983 3806 2041 3650 10
783 688 725 3921 10
3731 3921 3805 688 10
688 725 3921 3805 10
3921 3731 3805 3922 10
3732 3922 3806 3731 10
3731 3805 3922 3806 10
3922 3732 3806 2041 10
1946 2041 1983 3732 10
3732 3806 2041 1983 10
719 744 743 3843 10
3843 3793 3841 719 10
3843 719 3841 743 10
3793 3843 3841 3844 10
3844 3794 3842 3793 10
3844 3793 3842 3841 10
3794 3844 3842 2002 10
2002 1977 2001 3794 10
2002 3794 2001 3842 10
616 720 764 3883 10
3795 3587 3883 616 10
3795 616 3883 720 10
3587 3795 3883 3884 10
3796 3588 3884 3587 10
3796 3587 3884 3795 10
3588 3796 3884 2022 10
1978 1874 2022 3588 10
1978 3588 2022 3796 10
721 720 783 3921 10
3795 3797 3921 720 10
720 721 3797 3921 10
3797 3795 3921 3922 10
3796 3798 3922 3795 10
3795 3797 3798 3922 10
3798 3796 3922 2041 10
1978 1979 2041 3796 10
3796 3798 1979 2041 10
723 722 675 3801 10
3799 3801 3705 675 10
3799 722 3801 675 10
3801 3799 3705 3802 10
3800 3802 3706 3705 10
3800 3799 3802 3705 10
3802 3800 3706 1981 10
1980 1981 1933 3706 10
1980 3800 1981 3706 10
673 722 723 3801 10
3799 3701 3801 673 10
3799 673 3801 722 10
3701 3799 3801 3802 10
3800 3702 3802 3701 10
3800 3701 3802 3799 10
3702 3800 3802 1981 10
1980 1931 1981 3702 10
1980 3702 1981 3800 10
723 719 673 3801 10
3793 3801 3701 673 10
3793 719 3801 673 10
3801 3793 3701 3802 10
3794 3802 3702 3701 10
3794 3793 3802 3701 10
3802 3794 3702 1981 10
1977 1981 1931 3702 10
1977 3794 1981 3702 10
724 725 790 3935 10
3805 3803 3935 724 10
3805 724 3935 725 10
3803 3805 3935 3936 10
3806 3804 3936 3803 10
3806 3803 3936 3805 10
3804 3806 3936 2048 10
1983 1982 2048 3804 10
1983 3804 2048 3806 10
725 724 647 3805 10
3803 3805 3649 647 10
3803 724 3805 647 10
3805 3803 3649 3806 10
3804 3806 3650 3649 10
3804 3803 3806 3649 10
3806 3804 3650 1983 10
1982 1983 1905 3650 10
1982 3804 1983 3650 10
709 665 726 3807 10
3685 3773 3807 665 10
665 709 3773 3807 10
3773 3685 3807 3808 10
3686 3774 3808 3685 10
3685 3773 3774 3808 10
3774 3686 3808 1984 10
1923 1967 1984 3686 10
3686 3774 1967 1984 10
665 792 726 3939 10
3939 3685 3807 665 10
3939 665 3807 726 10
3685 3939 3807 3940 10
3940 3686 3808 3685 10
3940 3685 3808 3807 10
3686 3940 3808 2050 10
2050 1923 1984 3686 10
2050 3686 1984 3808 10
750 775 665 3905 10
3905 3855 3685 665 10
3905 750 3855 665 10
3855 3905 3685 3906 10
3906 3856 3686 3685 10
3906 3855 3856 3685 10
3856 3906 3686 2033 10
2033 2008 1923 3686 10
2033 3856 2008 3686 10
665 775 792 3939 10
3905 3685 3939 665 10
3905 665 3939 775 10
3685 3905 3939 3940 10
3906 3686 3940 3685 10
3906 3685 3940 3905 10
3686 3906 3940 2050 10
2033 1923 2050 3686 10
2033 3686 2050 3906 10
727 708 641 3809 10
3771 3809 3637 641 10
3771 708 3809 641 10
3809 3771 3637 3810 10
3772 3810 3638 3637 10
3772 3771 3810 3637 10
3810 3772 3638 1985 10
1966 1985 1899 3638 10
1966 3772 1985 3638 10
676 727 641 3809 10
3809 3707 3637 641 10
3809 676 3707 641 10
3707 3809 3637 3810 10
3810 3708 3638 3637 10
3810 3707 3708 3637 10
3708 3810 3638 1985 10
1985 1934 1899 3638 10
1985 3708 1934 3638 10
774 664 727 3903 10
3683 3903 3809 664 10
664 727 3903 3809 10
3903 3683 3809 3904 10
3684 3904 3810 3683 10
3683 3809 3904 3810 10
3904 3684 3810 2032 10
1922 2032 1985 3684 10
3684 3810 2032 1985 10
774 727 676 3903 10
3809 3903 3707 676 10
3809 727 3903 676 10
3903 3809 3707 3904 10
3810 3904 3708 3707 10
3810 3809 3904 3707 10
3904 3810 3708 2032 10
1985 2032 1934 3708 10
1985 3810 2032 3708 10
760 728 729 3875 10
3811 3875 3813 728 10
728 729 3875 3813 10
3875 3811 3813 3876 10
3812 3876 3814 3811 10
3811 3813 3876 3814 10
3876 3812 3814 2018 10
1986 2018 1987 3812 10
3812 3814 2018 1987 10
731 730 701 3817 10
3815 3817 3757 701 10
3815 730 3817 701 10
3817 3815 3757 3818 10
3816 3818 3758 3757 10
3816 3815 3818 3757 10
3818 3816 3758 1989 10
1988 1989 1959 3758 10
1988 3816 1989 3758 10
732 721 647 3819 10
3797 3819 3649 647 10
3797 721 3819 647 10
3819 3797 3649 3820 10
3798 3820 3650 3649 10
3798 3797 3820 3649 10
3820 3798 3650 1990 10
1979 1990 1905 3650 10
1979 3798 1990 3650 10
733 732 647 3821 10
3819 3821 3649 647 10
3819 732 3821 647 10
3821 3819 3649 3822 10
3820 3822 3650 3649 10
3820 3819 3822 3649 10
3822 3820 3650 1991 10
1990 1991 1905 3650 10
1990 3820 1991 3650 10
733 694 732 3821 10
3743 3821 3819 694 10
694 732 3821 3819 10
3821 3743 3819 3822 10
3744 3822 3820 3743 10
3743 3819 3822 3820 10
3822 3744 3820 1991 10
1952 1991 1990 3744 10
3744 3820 1991 1990 10
772 741 671 3899 10
3837 3899 3697 671 10
3837 741 3899 671 10
3899 3837 3697 3900 10
3838 3900 3698 3697 10
3838 3837 3900 3697 10
3900 3838 3698 2030 10
1999 2030 1929 3698 10
1999 3838 2030 3698 10
772 769 741 3899 10
3893 3899 3837 741 10
3893 769 3899 741 10
3899 3893 3837 3900 10
3894 3900 3838 3837 10
3894 3893 3900 3837 10
3900 3894 3838 2030 10
2027 2030 1999 3838 10
2027 3894 2030 3838 10
734 800 792 3955 10
3955 3823 3939 734 10
3955 734 3939 792 10
3823 3955 3939 3956 10
3956 3824 3940 3823 10
3956 3823 3940 3939 10
3824 3956 3940 2058 10
2058 1992 2050 3824 10
2058 3824 2050 3940 10
736 672 498 3827 10
3699 3827 3351 498 10
3699 672 3827 498 10
3827 3699 3351 3828 10
3700 3828 3352 3351 10
3700 3699 3828 3351 10
3828 3700 3352 1994 10
1930 1994 1756 3352 10
1930 3700 1994 3352 10
736 735 672 3827 10
3825 3827 3699 672 10
3825 735 3827 672 10
3827 3825 3699 3828 10
3826 3828 3700 3699 10
3826 3825 3828 3699 10
3828 3826 3700 1994 10
1993 1994 1930 3700 10
1993 3826 1994 3700 10
736 670 735 3827 10
3695 3827 3825 670 10
670 735 3827 3825 10
3827 3695 3825 3828 10
3696 3828 3826 3695 10
3695 3825 3828 3826 10
3828 3696 3826 1994 10
1928 1994 1993 3696 10
3696 3826 1994 1993 10
706 737 605 3829 10
3829 3767 3565 605 10
3829 706 3767 605 10
3767 3829 3565 3830 10
3830 3768 3566 3565 10
3830 3767 3768 3565 10
3768 3830 3566 1995 10
1995 1964 1863 3566 10
1995 3768 1964 3566 10
762 737 706 3879 10
3829 3879 3767 706 10
3829 737 3879 706 10
3879 3829 3767 3880 10
3830 3880 3768 3767 10
3830 3829 3880 3767 10
3880 3830 3768 2020 10
1995 2020 1964 3768 10
1995 3830 2020 3768 10
759 737 762 3879 10
3829 3873 3879 737 10
737 759 3873 3879 10
3873 3829 3879 3880 10
3830 3874 3880 3829 10
3829 3873 3874 3880 10
3874 3830 3880 2020 10
1995 2017 2020 3830 10
3830 3874 2017 2020 10
738 19 654 3831 10
1295 3831 3663 19 10
19 654 3831 3663 10
3831 1295 3663 3832 10
1296 3832 3664 1295 10
1295 3663 3832 3664 10
3832 1296 3664 1996 10
57 1996 1912 1296 10
1296 3664 1996 1912 10
19 738 20 3831 10
3831 1295 1297 19 10
3831 19 1297 20 10
1295 3831 1297 3832 10
3832 1296 1298 1295 10
3832 1295 1298 1297 10
1296 3832 1298 1996 10
1996 57 58 1298 10
1996 1296 57 1298 10
1151 739 645 4657 10
3833 4657 3645 645 10
3833 739 4657 645 10
4657 3833 3645 4658 10
3834 4658 3646 3645 10
3834 3833 4658 3645 10
4658 3834 3646 2409 10
1997 2409 1903 3646 10
1997 3834 2409 3646 10
739 1151 740 4657 10
4657 3833 3835 739 10
4657 739 3835 740 10
3833 4657 3835 4658 10
4658 3834 3836 3833 10
4658 3833 3836 3835 10
3834 4658 3836 2409 10
2409 1997 1998 3834 10
2409 3834 1998 3836 10
742 741 769 3893 10
3837 3839 3893 741 10
741 742 3839 3893 10
3839 3837 3893 3894 10
3838 3840 3894 3837 10
3837 3839 3840 3894 10
3840 3838 3894 2027 10
1999 2000 2027 3838 10
3838 3840 2000 2027 10
770 769 676 3895 10
3893 3895 3707 676 10
3893 769 3895 676 10
3895 3893 3707 3896 10
3894 3896 3708 3707 10
3894 3893 3896 3707 10
3896 3894 3708 2028 10
2027 2028 1934 3708 10
2027 3894 2028 3708 10
786 730 731 3927 10
3815 3927 3817 730 10
730 731 3927 3817 10
3927 3815 3817 3928 10
3816 3928 3818 3815 10
3815 3817 3928 3818 10
3928 3816 3818 2044 10
1988 2044 1989 3816 10
3816 3818 2044 1989 10
157 786 731 3927 10
3927 2669 3817 157 10
3927 157 3817 731 10
2669 3927 3817 3928 10
3928 2670 3818 2669 10
3928 2669 3818 3817 10
2670 3928 3818 2044 10
2044 1415 1989 2670 10
2044 2670 1989 3818 10
760 753 728 3875 10
3861 3875 3811 728 10
3861 753 3875 728 10
3875 3861 3811 3876 10
3862 3876 3812 3811 10
3862 3861 3876 3811 10
3876 3862 3812 2018 10
2011 2018 1986 3812 10
2011 3862 2018 3812 10
753 192 728 3861 10
2739 3861 3811 192 10
192 728 3861 3811 10
3861 2739 3811 3862 10
2740 3862 3812 2739 10
2739 3811 3862 3812 10
3862 2740 3812 2011 10
1450 2011 1986 2740 10
2740 3812 2011 1986 10
748 743 744 3851 10
3841 3851 3843 743 10
743 744 3851 3843 10
3851 3841 3843 3852 10
3842 3852 3844 3841 10
3841 3843 3852 3844 10
3852 3842 3844 2006 10
2001 2006 2002 3842 10
3842 3844 2006 2002 10
743 748 749 3853 10
3851 3841 3853 743 10
3851 743 3853 748 10
3841 3851 3853 3854 10
3852 3842 3854 3841 10
3852 3841 3854 3851 10
3842 3852 3854 2007 10
2006 2001 2007 3842 10
2006 3842 2007 3852 10
745 748 744 3851 10
3851 3845 3843 744 10
3851 745 3845 744 10
3845 3851 3843 3852 10
3852 3846 3844 3843 10
3852 3845 3846 3843 10
3846 3852 3844 2006 10
2006 2003 2002 3844 10
2006 3846 2003 3844 10
755 781 746 3917 10
3917 3865 3847 746 10
3917 755 3865 746 10
3865 3917 3847 3918 10
3918 3866 3848 3847 10
3918 3865 3866 3847 10
3866 3918 3848 2039 10
2039 2013 2004 3848 10
2039 3866 2013 3848 10
747 745 755 3865 10
3845 3849 3865 745 10
745 747 3849 3865 10
3849 3845 3865 3866 10
3846 3850 3866 3845 10
3845 3849 3850 3866 10
3850 3846 3866 2013 10
2003 2005 2013 3846 10
3846 3850 2005 2013 10
747 749 748 3853 10
3853 3849 3851 747 10
3853 747 3851 748 10
3849 3853 3851 3854 10
3854 3850 3852 3849 10
3854 3849 3852 3851 10
3850 3854 3852 2007 10
2007 2005 2006 3850 10
2007 3850 2006 3852 10
745 747 748 3851 10
3849 3845 3851 745 10
3849 745 3851 747 10
3845 3849 3851 3852 10
3850 3846 3852 3845 10
3850 3845 3852 3849 10
3846 3850 3852 2006 10
2005 2003 2006 3846 10
2005 3846 2006 3850 10
747 699 749 3853 10
3753 3849 3853 699 10
699 747 3849 3853 10
3849 3753 3853 3854 10
3754 3850 3854 3753 10
3753 3849 3850 3854 10
3850 3754 3854 2007 10
1957 2005 2007 3754 10
3754 3850 2005 2007 10
755 699 747 3865 10
3753 3865 3849 699 10
699 747 3865 3849 10
3865 3753 3849 3866 10
3754 3866 3850 3753 10
3753 3849 3866 3850 10
3866 3754 3850 2013 10
1957 2013 2005 3754 10
3754 3850 2013 2005 10
735 758 750 3871 10
3871 3825 3855 735 10
3871 735 3855 750 10
3825 3871 3855 3872 10
3872 3826 3856 3825 10
3872 3825 3856 3855 10
3826 3872 3856 2016 10
2016 1993 2008 3826 10
2016 3826 2008 3856 10
768 762 664 3891 10
3879 3891 3683 664 10
3879 762 3891 664 10
3891 3879 3683 3892 10
3880 3892 3684 3683 10
3880 3879 3892 3683 10
3892 3880 3684 2026 10
2020 2026 1922 3684 10
2020 3880 2026 3684 10
192 753 752 3861 10
3861 2739 3859 192 10
3861 192 3859 752 10
2739 3861 3859 3862 10
3862 2740 3860 2739 10
3862 2739 3860 3859 10
2740 3862 3860 2011 10
2011 1450 2010 2740 10
2011 2740 2010 3860 10
753 751 752 3861 10
3857 3861 3859 751 10
751 752 3861 3859 10
3861 3857 3859 3862 10
3858 3862 3860 3857 10
3857 3859 3862 3860 10
3862 3858 3860 2011 10
2009 2011 2010 3858 10
3858 3860 2011 2010 10
751 753 760 3875 10
3861 3857 3875 751 10
3861 751 3875 753 10
3857 3861 3875 3876 10
3862 3858 3876 3857 10
3862 3857 3876 3861 10
3858 3862 3876 2018 10
2011 2009 2018 3858 10
2011 3858 2018 3862 10
786 157 785 3927 10
2669 3927 3925 157 10
157 785 3927 3925 10
3927 2669 3925 3928 10
2670 3928 3926 2669 10
2669 3925 3928 3926 10
3928 2670 3926 2044 10
1415 2044 2043 2670 10
2670 3926 2044 2043 10
723 662 754 3863 10
3679 3801 3863 662 10
662 723 3801 3863 10
3801 3679 3863 3864 10
3680 3802 3864 3679 10
3679 3801 3802 3864 10
3802 3680 3864 2012 10
1920 1981 2012 3680 10
3680 3802 1981 2012 10
744 754 659 3863 10
3863 3843 3673 659 10
3863 744 3843 659 10
3843 3863 3673 3864 10
3864 3844 3674 3673 10
3864 3843 3844 3673 10
3844 3864 3674 2012 10
2012 2002 1917 3674 10
2012 3844 2002 3674 10
744 719 754 3863 10
3793 3843 3863 719 10
719 744 3843 3863 10
3843 3793 3863 3864 10
3794 3844 3864 3793 10
3793 3843 3844 3864 10
3844 3794 3864 2012 10
1977 2002 2012 3794 10
3794 3844 2002 2012 10
719 723 754 3863 10
3801 3793 3863 719 10
3801 719 3863 723 10
3793 3801 3863 3864 10
3802 3794 3864 3793 10
3802 3793 3864 3801 10
3794 3802 3864 2012 10
1981 1977 2012 3794 10
1981 3794 2012 3802 10
745 781 755 3917 10
3917 3845 3865 745 10
3917 745 3865 755 10
3845 3917 3865 3918 10
3918 3846 3866 3845 10
3918 3845 3866 3865 10
3846 3918 3866 2039 10
2039 2003 2013 3846 10
2039 3846 2013 3866 10
659 781 745 3917 10
3917 3673 3845 659 10
3917 659 3845 745 10
3673 3917 3845 3918 10
3918 3674 3846 3673 10
3918 3673 3846 3845 10
3674 3918 3846 2039 10
2039 1917 2003 3674 10
2039 3674 2003 3846 10
550 705 756 3867 10
3765 3455 3867 550 10
3765 550 3867 705 10
3455 3765 3867 3868 10
3766 3456 3868 3455 10
3766 3455 3868 3765 10
3456 3766 3868 2014 10
1963 1808 2014 3456 10
1963 3456 2014 3766 10
705 550 629 3765 10
3455 3765 3613 550 10
550 629 3765 3613 10
3765 3455 3613 3766 10
3456 3766 3614 3455 10
3455 3613 3766 3614 10
3766 3456 3614 1963 10
1808 1963 1887 3456 10
3456 3614 1963 1887 10
655 713 716 3787 10
3781 3665 3787 655 10
3781 655 3787 713 10
3665 3781 3787 3788 10
3782 3666 3788 3665 10
3782 3665 3788 3781 10
3666 3782 3788 1974 10
1971 1913 1974 3666 10
1971 3666 1974 3782 10
713 655 625 3781 10
3665 3781 3605 625 10
3665 655 3781 625 10
3781 3665 3605 3782 10
3666 3782 3606 3605 10
3666 3665 3782 3605 10
3782 3666 3606 1971 10
1913 1971 1883 3606 10
1913 3666 1971 3606 10
735 670 757 3869 10
3695 3825 3869 670 10
670 735 3825 3869 10
3825 3695 3869 3870 10
3696 3826 3870 3695 10
3695 3825 3826 3870 10
3826 3696 3870 2015 10
1928 1993 2015 3696 10
3696 3826 1993 2015 10
701 730 757 3869 10
3815 3757 3869 701 10
3815 701 3869 730 10
3757 3815 3869 3870 10
3816 3758 3870 3757 10
3816 3757 3870 3815 10
3758 3816 3870 2015 10
1988 1959 2015 3758 10
1988 3758 2015 3816 10
730 758 757 3871 10
3871 3815 3869 730 10
3871 730 3869 757 10
3815 3871 3869 3872 10
3872 3816 3870 3815 10
3872 3815 3870 3869 10
3816 3872 3870 2016 10
2016 1988 2015 3816 10
2016 3816 2015 3870 10
758 735 757 3871 10
3825 3871 3869 735 10
735 757 3871 3869 10
3871 3825 3869 3872 10
3826 3872 3870 3825 10
3825 3869 3872 3870 10
3872 3826 3870 2016 10
1993 2016 2015 3826 10
3826 3870 2016 2015 10
759 762 761 3879 10
3879 3873 3877 759 10
3879 759 3877 761 10
3873 3879 3877 3880 10
3880 3874 3878 3873 10
3880 3873 3878 3877 10
3874 3880 3878 2020 10
2020 2017 2019 3874 10
2020 3874 2019 3878 10
760 729 761 3877 10
3813 3875 3877 729 10
729 760 3875 3877 10
3875 3813 3877 3878 10
3814 3876 3878 3813 10
3813 3875 3876 3878 10
3876 3814 3878 2019 10
1987 2018 2019 3814 10
3814 3876 2018 2019 10
768 760 761 3891 10
3875 3891 3877 760 10
760 761 3891 3877 10
3891 3875 3877 3892 10
3876 3892 3878 3875 10
3875 3877 3892 3878 10
3892 3876 3878 2026 10
2018 2026 2019 3876 10
3876 3878 2026 2019 10
762 768 761 3891 10
3891 3879 3877 761 10
3891 762 3879 761 10
3879 3891 3877 3892 10
3892 3880 3878 3877 10
3892 3879 3880 3877 10
3880 3892 3878 2026 10
2026 2020 2019 3878 10
2026 3880 2020 3878 10
765 763 764 3885 10
3881 3885 3883 763 10
763 764 3885 3883 10
3885 3881 3883 3886 10
3882 3886 3884 3881 10
3881 3883 3886 3884 10
3886 3882 3884 2023 10
2021 2023 2022 3882 10
3882 3884 2023 2022 10
765 764 720 3885 10
3883 3885 3795 720 10
3883 764 3885 720 10
3885 3883 3795 3886 10
3884 3886 3796 3795 10
3884 3883 3886 3795 10
3886 3884 3796 2023 10
2022 2023 1978 3796 10
2022 3884 2023 3796 10
765 720 667 3885 10
3795 3885 3689 667 10
3795 720 3885 667 10
3885 3795 3689 3886 10
3796 3886 3690 3689 10
3796 3795 3886 3689 10
3886 3796 3690 2023 10
1978 2023 1925 3690 10
1978 3796 2023 3690 10
763 765 717 3885 10
3885 3881 3789 717 10
3885 763 3881 717 10
3881 3885 3789 3886 10
3886 3882 3790 3789 10
3886 3881 3882 3789 10
3882 3886 3790 2023 10
2023 2021 1975 3790 10
2023 3882 2021 3790 10
757 670 766 3887 10
3695 3869 3887 670 10
670 757 3869 3887 10
3869 3695 3887 3888 10
3696 3870 3888 3695 10
3695 3869 3870 3888 10
3870 3696 3888 2024 10
1928 2015 2024 3696 10
3696 3870 2015 2024 10
595 712 766 3887 10
3779 3545 3887 595 10
3779 595 3887 712 10
3545 3779 3887 3888 10
3780 3546 3888 3545 10
3780 3545 3888 3779 10
3546 3780 3888 2024 10
1970 1853 2024 3546 10
1970 3546 2024 3780 10
712 715 766 3887 10
3785 3779 3887 712 10
3785 712 3887 715 10
3779 3785 3887 3888 10
3786 3780 3888 3779 10
3786 3779 3888 3785 10
3780 3786 3888 2024 10
1973 1970 2024 3780 10
1973 3780 2024 3786 10
759 761 669 3877 10
3877 3873 3693 669 10
3877 759 3873 669 10
3873 3877 3693 3878 10
3878 3874 3694 3693 10
3878 3873 3874 3693 10
3874 3878 3694 2019 10
2019 2017 1927 3694 10
2019 3874 2017 3694 10
767 668 669 3889 10
3691 3889 3693 668 10
668 669 3889 3693 10
3889 3691 3693 3890 10
3692 3890 3694 3691 10
3691 3693 3890 3694 10
3890 3692 3694 2025 10
1926 2025 1927 3692 10
3692 3694 2025 1927 10
703 767 669 3889 10
3889 3761 3693 669 10
3889 703 3761 669 10
3761 3889 3693 3890 10
3890 3762 3694 3693 10
3890 3761 3762 3693 10
3762 3890 3694 2025 10
2025 1961 1927 3694 10
2025 3762 1961 3694 10
750 758 775 3905 10
3871 3855 3905 750 10
3871 750 3905 758 10
3855 3871 3905 3906 10
3872 3856 3906 3855 10
3872 3855 3906 3871 10
3856 3872 3906 2033 10
2016 2008 2033 3856 10
2016 3856 2033 3872 10
760 768 751 3891 10
3891 3875 3857 751 10
3891 760 3875 751 10
3875 3891 3857 3892 10
3892 3876 3858 3857 10
3892 3875 3876 3857 10
3876 3892 3858 2026 10
2026 2018 2009 3858 10
2026 3876 2018 3858 10
768 664 774 3903 10
3683 3891 3903 664 10
664 768 3891 3903 10
3891 3683 3903 3904 10
3684 3892 3904 3683 10
3683 3891 3892 3904 10
3892 3684 3904 2032 10
1922 2026 2032 3684 10
3684 3892 2026 2032 10
742 769 770 3895 10
3893 3839 3895 742 10
3893 742 3895 769 10
3839 3893 3895 3896 10
3894 3840 3896 3839 10
3894 3839 3896 3893 10
3840 3894 3896 2028 10
2027 2000 2028 3840 10
2027 3840 2028 3894 10
784 208 742 3923 10
2771 3923 3839 208 10
208 742 3923 3839 10
3923 2771 3839 3924 10
2772 3924 3840 2771 10
2771 3839 3924 3840 10
3924 2772 3840 2042 10
1466 2042 2000 2772 10
2772 3840 2042 2000 10
770 784 742 3923 10
3923 3895 3839 742 10
3923 770 3895 742 10
3895 3923 3839 3924 10
3924 3896 3840 3839 10
3924 3895 3896 3839 10
3896 3924 3840 2042 10
2042 2028 2000 3840 10
2042 3896 2028 3840 10
769 771 676 3897 10
3897 3893 3707 676 10
3897 769 3893 676 10
3893 3897 3707 3898 10
3898 3894 3708 3707 10
3898 3893 3894 3707 10
3894 3898 3708 2029 10
2029 2027 1934 3708 10
2029 3894 2027 3708 10
774 771 772 3903 10
3897 3903 3899 771 10
771 772 3903 3899 10
3903 3897 3899 3904 10
3898 3904 3900 3897 10
3897 3899 3904 3900 10
3904 3898 3900 2032 10
2029 2032 2030 3898 10
3898 3900 2032 2030 10
771 774 676 3903 10
3903 3897 3707 676 10
3903 771 3897 676 10
3897 3903 3707 3904 10
3904 3898 3708 3707 10
3904 3897 3898 3707 10
3898 3904 3708 2032 10
2032 2029 1934 3708 10
2032 3898 2029 3708 10
771 769 772 3899 10
3893 3897 3899 769 10
769 771 3897 3899 10
3897 3893 3899 3900 10
3894 3898 3900 3893 10
3893 3897 3898 3900 10
3898 3894 3900 2030 10
2027 2029 2030 3894 10
3894 3898 2029 2030 10
773 772 751 3901 10
3899 3901 3857 751 10
3899 772 3901 751 10
3901 3899 3857 3902 10
3900 3902 3858 3857 10
3900 3899 3902 3857 10
3902 3900 3858 2031 10
2030 2031 2009 3858 10
2030 3900 2031 3858 10
773 768 774 3903 10
3891 3901 3903 768 10
768 773 3901 3903 10
3901 3891 3903 3904 10
3892 3902 3904 3891 10
3891 3901 3902 3904 10
3902 3892 3904 2032 10
2026 2031 2032 3892 10
3892 3902 2031 2032 10
768 773 751 3901 10
3901 3891 3857 751 10
3901 768 3891 751 10
3891 3901 3857 3902 10
3902 3892 3858 3857 10
3902 3891 3892 3857 10
3892 3902 3858 2031 10
2031 2026 2009 3858 10
2031 3892 2026 3858 10
772 773 774 3903 10
3901 3899 3903 772 10
3901 772 3903 773 10
3899 3901 3903 3904 10
3902 3900 3904 3899 10
3902 3899 3904 3901 10
3900 3902 3904 2032 10
2031 2030 2032 3900 10
2031 3900 2032 3902 10
758 788 775 3931 10
3931 3871 3905 758 10
3931 758 3905 775 10
3871 3931 3905 3932 10
3932 3872 3906 3871 10
3932 3871 3906 3905 10
3872 3932 3906 2046 10
2046 2016 2033 3872 10
2046 3872 2033 3906 10
776 705 646 3907 10
3765 3907 3647 646 10
3765 705 3907 646 10
3907 3765 3647 3908 10
3766 3908 3648 3647 10
3766 3765 3908 3647 10
3908 3766 3648 2034 10
1963 2034 1904 3648 10
1963 3766 2034 3648 10
776 683 704 3907 10
3721 3907 3763 683 10
683 704 3907 3763 10
3907 3721 3763 3908 10
3722 3908 3764 3721 10
3721 3763 3908 3764 10
3908 3722 3764 2034 10
1941 2034 1962 3722 10
3722 3764 2034 1962 10
683 776 646 3907 10
3907 3721 3647 646 10
3907 683 3721 646 10
3721 3907 3647 3908 10
3908 3722 3648 3647 10
3908 3721 3722 3647 10
3722 3908 3648 2034 10
2034 1941 1904 3648 10
2034 3722 1941 3648 10
705 776 704 3907 10
3907 3765 3763 704 10
3907 705 3765 704 10
3765 3907 3763 3908 10
3908 3766 3764 3763 10
3908 3765 3766 3763 10
3766 3908 3764 2034 10
2034 1963 1962 3764 10
2034 3766 1963 3764 10
655 777 644 3909 10
3909 3665 3643 644 10
3909 655 3665 644 10
3665 3909 3643 3910 10
3910 3666 3644 3643 10
3910 3665 3666 3643 10
3666 3910 3644 2035 10
2035 1913 1902 3644 10
2035 3666 1913 3644 10
778 777 779 3913 10
3909 3911 3913 777 10
777 778 3911 3913 10
3911 3909 3913 3914 10
3910 3912 3914 3909 10
3909 3911 3912 3914 10
3912 3910 3914 2037 10
2035 2036 2037 3910 10
3910 3912 2036 2037 10
777 778 644 3911 10
3911 3909 3643 644 10
3911 777 3909 644 10
3909 3911 3643 3912 10
3912 3910 3644 3643 10
3912 3909 3910 3643 10
3910 3912 3644 2036 10
2036 2035 1902 3644 10
2036 3910 2035 3644 10
777 655 779 3913 10
3665 3909 3913 655 10
655 777 3909 3913 10
3909 3665 3913 3914 10
3666 3910 3914 3665 10
3665 3909 3910 3914 10
3910 3666 3914 2037 10
1913 2035 2037 3666 10
3666 3910 2035 2037 10
780 701 715 3915 10
3757 3915 3785 701 10
701 715 3915 3785 10
3915 3757 3785 3916 10
3758 3916 3786 3757 10
3757 3785 3916 3786 10
3916 3758 3786 2038 10
1959 2038 1973 3758 10
3758 3786 2038 1973 10
715 701 757 3869 10
3757 3785 3869 701 10
701 715 3785 3869 10
3785 3757 3869 3870 10
3758 3786 3870 3757 10
3757 3785 3786 3870 10
3786 3758 3870 2015 10
1959 1973 2015 3758 10
3758 3786 1973 2015 10
715 757 766 3887 10
3869 3785 3887 715 10
3869 715 3887 757 10
3785 3869 3887 3888 10
3870 3786 3888 3785 10
3870 3785 3888 3869 10
3786 3870 3888 2024 10
2015 1973 2024 3786 10
2015 3786 2024 3870 10
729 698 703 3813 10
3751 3813 3761 698 10
698 703 3813 3761 10
3813 3751 3761 3814 10
3752 3814 3762 3751 10
3751 3761 3814 3762 10
3814 3752 3762 1987 10
1956 1987 1961 3752 10
3752 3762 1987 1961 10
729 703 761 3877 10
3761 3813 3877 703 10
703 729 3813 3877 10
3813 3761 3877 3878 10
3762 3814 3878 3761 10
3761 3813 3814 3878 10
3814 3762 3878 2019 10
1961 1987 2019 3762 10
3762 3814 1987 2019 10
761 703 669 3877 10
3761 3877 3693 669 10
3761 703 3877 669 10
3877 3761 3693 3878 10
3762 3878 3694 3693 10
3762 3761 3878 3693 10
3878 3762 3694 2019 10
1961 2019 1927 3694 10
1961 3762 2019 3694 10
770 676 746 3895 10
3707 3895 3847 676 10
676 746 3895 3847 10
3895 3707 3847 3896 10
3708 3896 3848 3707 10
3707 3847 3896 3848 10
3896 3708 3848 2028 10
1934 2028 2004 3708 10
3708 3848 2028 2004 10
781 770 746 3917 10
3895 3917 3847 746 10
3895 770 3917 746 10
3917 3895 3847 3918 10
3896 3918 3848 3847 10
3896 3895 3918 3847 10
3918 3896 3848 2039 10
2028 2039 2004 3848 10
2028 3896 2039 3848 10
230 782 734 3919 10
3919 2815 3823 230 10
3919 230 3823 734 10
2815 3919 3823 3920 10
3920 2816 3824 2815 10
3920 2815 3824 3823 10
2816 3920 3824 2040 10
2040 1488 1992 2816 10
2040 2816 1992 3824 10
616 783 720 3921 10
3921 3587 3795 616 10
3921 616 3795 720 10
3587 3921 3795 3922 10
3922 3588 3796 3587 10
3922 3587 3796 3795 10
3588 3922 3796 2041 10
2041 1874 1978 3588 10
2041 3588 1978 3796 10
783 616 615 3921 10
3587 3921 3585 615 10
3587 616 3921 615 10
3921 3587 3585 3922 10
3588 3922 3586 3585 10
3588 3587 3922 3585 10
3922 3588 3586 2041 10
1874 2041 1873 3586 10
1874 3588 2041 3586 10
208 784 663 3923 10
3923 2771 3681 208 10
3923 208 3681 663 10
2771 3923 3681 3924 10
3924 2772 3682 2771 10
3924 2771 3682 3681 10
2772 3924 3682 2042 10
2042 1466 1921 2772 10
2042 2772 1921 3682 10
784 659 663 3923 10
3673 3923 3681 659 10
659 663 3923 3681 10
3923 3673 3681 3924 10
3674 3924 3682 3673 10
3673 3681 3924 3682 10
3924 3674 3682 2042 10
1917 2042 1921 3674 10
3674 3682 2042 1921 10
659 784 781 3923 10
3923 3673 3917 659 10
3923 659 3917 781 10
3673 3923 3917 3924 10
3924 3674 3918 3673 10
3924 3673 3918 3917 10
3674 3924 3918 2042 10
2042 1917 2039 3674 10
2042 3674 2039 3918 10
770 781 784 3923 10
3917 3895 3923 770 10
3917 770 3923 781 10
3895 3917 3923 3924 10
3918 3896 3924 3895 10
3918 3895 3924 3917 10
3896 3918 3924 2042 10
2039 2028 2042 3896 10
2039 3896 2042 3918 10
788 786 785 3931 10
3927 3931 3925 785 10
3927 786 3931 785 10
3931 3927 3925 3932 10
3928 3932 3926 3925 10
3928 3927 3932 3925 10
3932 3928 3926 2046 10
2044 2046 2043 3926 10
2044 3928 2046 3926 10
786 788 730 3931 10
3931 3927 3815 730 10
3931 786 3927 730 10
3927 3931 3815 3932 10
3932 3928 3816 3815 10
3932 3927 3928 3815 10
3928 3932 3816 2046 10
2046 2044 1988 3816 10
2046 3928 2044 3816 10
758 730 788 3931 10
3815 3871 3931 730 10
730 758 3871 3931 10
3871 3815 3931 3932 10
3816 3872 3932 3815 10
3815 3871 3872 3932 10
3872 3816 3932 2046 10
1988 2016 2046 3816 10
3816 3872 2016 2046 10
788 785 230 3931 10
3925 3931 2815 230 10
3925 785 3931 230 10
3931 3925 2815 3932 10
3926 3932 2816 2815 10
3926 3925 3932 2815 10
3932 3926 2816 2046 10
2043 2046 1488 2816 10
2043 3926 2046 2816 10
734 787 230 3929 10
3929 3823 2815 230 10
3929 734 3823 230 10
3823 3929 2815 3930 10
3930 3824 2816 2815 10
3930 3823 3824 2815 10
3824 3930 2816 2045 10
2045 1992 1488 2816 10
2045 3824 1992 2816 10
788 787 775 3931 10
3929 3931 3905 775 10
3929 787 3931 775 10
3931 3929 3905 3932 10
3930 3932 3906 3905 10
3930 3929 3932 3905 10
3932 3930 3906 2046 10
2045 2046 2033 3906 10
2045 3930 2046 3906 10
787 788 230 3931 10
3931 3929 2815 230 10
3931 787 3929 230 10
3929 3931 2815 3932 10
3932 3930 2816 2815 10
3932 3929 3930 2815 10
3930 3932 2816 2046 10
2046 2045 1488 2816 10
2046 3930 2045 2816 10
787 734 775 3929 10
3823 3929 3905 734 10
734 775 3929 3905 10
3929 3823 3905 3930 10
3824 3930 3906 3823 10
3823 3905 3930 3906 10
3930 3824 3906 2045 10
1992 2045 2033 3824 10
3824 3906 2045 2033 10
789 734 782 3933 10
3823 3933 3919 734 10
734 782 3933 3919 10
3933 3823 3919 3934 10
3824 3934 3920 3823 10
3823 3919 3934 3920 10
3934 3824 3920 2047 10
1992 2047 2040 3824 10
3824 3920 2047 2040 10
734 789 800 3955 10
3933 3823 3955 734 10
3933 734 3955 789 10
3823 3933 3955 3956 10
3934 3824 3956 3823 10
3934 3823 3956 3933 10
3824 3934 3956 2058 10
2047 1992 2058 3824 10
2047 3824 2058 3934 10
790 791 724 3937 10
3937 3935 3803 724 10
3937 790 3935 724 10
3935 3937 3803 3938 10
3938 3936 3804 3803 10
3938 3935 3936 3803 10
3936 3938 3804 2049 10
2049 2048 1982 3804 10
2049 3936 2048 3804 10
800 791 792 3955 10
3937 3955 3939 791 10
791 792 3955 3939 10
3955 3937 3939 3956 10
3938 3956 3940 3937 10
3937 3939 3956 3940 10
3956 3938 3940 2058 10
2049 2058 2050 3938 10
3938 3940 2058 2050 10
791 800 724 3955 10
3955 3937 3803 724 10
3955 791 3937 724 10
3937 3955 3803 3956 10
3956 3938 3804 3803 10
3956 3937 3938 3803 10
3938 3956 3804 2058 10
2058 2049 1982 3804 10
2058 3938 2049 3804 10
791 790 792 3939 10
3935 3937 3939 790 10
790 791 3937 3939 10
3937 3935 3939 3940 10
3936 3938 3940 3935 10
3935 3937 3938 3940 10
3938 3936 3940 2050 10
2048 2049 2050 3936 10
3936 3938 2049 2050 10
236 789 782 3933 10
3933 2827 3919 236 10
3933 236 3919 782 10
2827 3933 3919 3934 10
3934 2828 3920 2827 10
3934 2827 3920 3919 10
2828 3934 3920 2047 10
2047 1494 2040 2828 10
2047 2828 2040 3920 10
789 236 800 3955 10
2827 3933 3955 236 10
236 789 3933 3955 10
3933 2827 3955 3956 10
2828 3934 3956 2827 10
2827 3933 3934 3956 10
3934 2828 3956 2058 10
1494 2047 2058 2828 10
2828 3934 2047 2058 10
793 733 647 3941 10
3821 3941 3649 647 10
3821 733 3941 647 10
3941 3821 3649 3942 10
3822 3942 3650 3649 10
3822 3821 3942 3649 10
3942 3822 3650 2051 10
1991 2051 1905 3650 10
1991 3822 2051 3650 10
724 793 647 3941 10
3941 3803 3649 647 10
3941 724 3803 647 10
3803 3941 3649 3942 10
3942 3804 3650 3649 10
3942 3803 3804 3649 10
3804 3942 3650 2051 10
2051 1982 1905 3650 10
2051 3804 1982 3650 10
733 793 799 3953 10
3941 3821 3953 733 10
3941 733 3953 793 10
3821 3941 3953 3954 10
3942 3822 3954 3821 10
3942 3821 3954 3941 10
3822 3942 3954 2057 10
2051 1991 2057 3822 10
2051 3822 2057 3942 10
642 680 679 3715 10
3715 3639 3713 642 10
3715 642 3713 679 10
3639 3715 3713 3716 10
3716 3640 3714 3639 10
3716 3639 3714 3713 10
3640 3716 3714 1938 10
1938 1900 1937 3640 10
1938 3640 1937 3714 10
642 656 680 3715 10
3667 3639 3715 642 10
3667 642 3715 656 10
3639 3667 3715 3716 10
3668 3640 3716 3639 10
3668 3639 3716 3667 10
3640 3668 3716 1938 10
1914 1900 1938 3640 10
1914 3640 1938 3668 10
678 794 677 3943 10
3943 3711 3709 677 10
3943 678 3711 677 10
3711 3943 3709 3944 10
3944 3712 3710 3709 10
3944 3711 3712 3709 10
3712 3944 3710 2052 10
2052 1936 1935 3710 10
2052 3712 1936 3710 10
795 794 678 3945 10
3943 3945 3711 678 10
3943 794 3945 678 10
3945 3943 3711 3946 10
3944 3946 3712 3711 10
3944 3943 3946 3711 10
3946 3944 3712 2053 10
2052 2053 1936 3712 10
2052 3944 2053 3712 10
794 690 658 3943 10
3735 3943 3671 658 10
3735 690 3943 658 10
3943 3735 3671 3944 10
3736 3944 3672 3671 10
3736 3735 3944 3671 10
3944 3736 3672 2052 10
1948 2052 1916 3672 10
1948 3736 2052 3672 10
794 796 690 3947 10
3947 3943 3735 690 10
3947 794 3943 690 10
3943 3947 3735 3948 10
3948 3944 3736 3735 10
3948 3943 3944 3735 10
3944 3948 3736 2054 10
2054 2052 1948 3736 10
2054 3944 2052 3736 10
797 642 89 3949 10
3639 3949 2533 89 10
3639 642 3949 89 10
3949 3639 2533 3950 10
3640 3950 2534 2533 10
3640 3639 3950 2533 10
3950 3640 2534 2055 10
1900 2055 1347 2534 10
1900 3640 2055 2534 10
643 642 797 3949 10
3639 3641 3949 642 10
642 643 3641 3949 10
3641 3639 3949 3950 10
3640 3642 3950 3639 10
3639 3641 3642 3950 10
3642 3640 3950 2055 10
1900 1901 2055 3640 10
3640 3642 1901 2055 10
798 799 106 3953 10
3953 3951 2567 106 10
3953 798 3951 106 10
3951 3953 2567 3954 10
3954 3952 2568 2567 10
3954 3951 3952 2567 10
3952 3954 2568 2057 10
2057 2056 1364 2568 10
2057 3952 2056 2568 10
733 799 798 3953 10
3953 3821 3951 733 10
3953 733 3951 798 10
3821 3953 3951 3954 10
3954 3822 3952 3821 10
3954 3821 3952 3951 10
3822 3954 3952 2057 10
2057 1991 2056 3822 10
2057 3822 2056 3952 10
800 242 799 3955 10
2839 3955 3953 242 10
242 799 3955 3953 10
3955 2839 3953 3956 10
2840 3956 3954 2839 10
2839 3953 3956 3954 10
3956 2840 3954 2058 10
1500 2058 2057 2840 10
2840 3954 2058 2057 10
242 800 236 3955 10
3955 2839 2827 236 10
3955 242 2839 236 10
2839 3955 2827 3956 10
3956 2840 2828 2827 10
3956 2839 2840 2827 10
2840 3956 2828 2058 10
2058 1500 1494 2828 10
2058 2840 1500 2828 10
793 800 799 3955 10
3955 3941 3953 793 10
3955 793 3953 799 10
3941 3955 3953 3956 10
3956 3942 3954 3941 10
3956 3941 3954 3953 10
3942 3956 3954 2058 10
2058 2051 2057 3942 10
2058 3942 2057 3954 10
724 800 793 3955 10
3955 3803 3941 724 10
3955 724 3941 793 10
3803 3955 3941 3956 10
3956 3804 3942 3803 10
3956 3803 3942 3941 10
3804 3956 3942 2058 10
2058 1982 2051 3804 10
2058 3804 2051 3942 10
812 24 2 83 10
1305 3979 83 24 10
24 812 3979 83 10
3979 1305 83 3980 10
1306 3980 84 83 10
1306 1305 3980 83 10
3980 1306 84 2070 10
62 2070 4 84 10
62 1306 2070 84 10
902 803 811 4159 10
3961 4159 3977 803 10
803 811 4159 3977 10
4159 3961 3977 4160 10
3962 4160 3978 3961 10
3961 3977 4160 3978 10
4160 3962 3978 2160 10
2061 2160 2069 3962 10
3962 3978 2160 2069 10
802 801 1252 4859 10
3957 3959 4859 801 10
801 802 3959 4859 10
3959 3957 4859 4860 10
3958 3960 4860 3957 10
3957 3959 3960 4860 10
3960 3958 4860 2510 10
2059 2060 2510 3958 10
3958 3960 2060 2510 10
803 801 804 3963 10
3957 3961 3963 801 10
801 803 3961 3963 10
3961 3957 3963 3964 10
3958 3962 3964 3957 10
3957 3961 3962 3964 10
3962 3958 3964 2062 10
2059 2061 2062 3958 10
3958 3962 2061 2062 10
801 802 804 3963 10
3959 3957 3963 801 10
3959 801 3963 802 10
3957 3959 3963 3964 10
3960 3958 3964 3957 10
3960 3957 3964 3959 10
3958 3960 3964 2062 10
2060 2059 2062 3958 10
2060 3958 2062 3960 10
803 833 826 4021 10
4021 3961 4007 803 10
4021 803 4007 826 10
3961 4021 4007 4022 10
4022 3962 4008 3961 10
4022 3961 4008 4007 10
3962 4022 4008 2091 10
2091 2061 2084 3962 10
2091 3962 2084 4008 10
833 803 804 4021 10
3961 4021 3963 803 10
803 804 4021 3963 10
4021 3961 3963 4022 10
3962 4022 3964 3961 10
3961 3963 4022 3964 10
4022 3962 3964 2091 10
2061 2091 2062 3962 10
3962 3964 2091 2062 10
832 831 805 4019 10
4017 4019 3965 805 10
4017 831 4019 805 10
4019 4017 3965 4020 10
4018 4020 3966 3965 10
4018 4017 4020 3965 10
4020 4018 3966 2090 10
2089 2090 2063 3966 10
2089 4018 2090 3966 10
837 832 805 4029 10
4019 4029 3965 805 10
4019 832 4029 805 10
4029 4019 3965 4030 10
4020 4030 3966 3965 10
4020 4019 4030 3965 10
4030 4020 3966 2095 10
2090 2095 2063 3966 10
2090 4020 2095 3966 10
837 805 806 4029 10
3965 4029 3967 805 10
805 806 4029 3967 10
4029 3965 3967 4030 10
3966 4030 3968 3965 10
3965 3967 4030 3968 10
4030 3966 3968 2095 10
2063 2095 2064 3966 10
3966 3968 2095 2064 10
805 831 852 4059 10
4017 3965 4059 805 10
4017 805 4059 831 10
3965 4017 4059 4060 10
4018 3966 4060 3965 10
4018 3965 4060 4017 10
3966 4018 4060 2110 10
2089 2063 2110 3966 10
2089 3966 2110 4018 10
895 892 814 4145 10
4139 4145 3983 814 10
4139 892 4145 814 10
4145 4139 3983 4146 10
4140 4146 3984 3983 10
4140 4139 4146 3983 10
4146 4140 3984 2153 10
2150 2153 2072 3984 10
2150 4140 2153 3984 10
849 850 1255 4865 10
4055 4053 4865 849 10
4055 849 4865 850 10
4053 4055 4865 4866 10
4056 4054 4866 4053 10
4056 4053 4866 4055 10
4054 4056 4866 2513 10
2108 2107 2513 4054 10
2108 4054 2513 4056 10
807 819 1162 4679 10
3993 3969 4679 807 10
3993 807 4679 819 10
3969 3993 4679 4680 10
3994 3970 4680 3969 10
3994 3969 4680 3993 10
3970 3994 4680 2420 10
2077 2065 2420 3970 10
2077 3970 2420 3994 10
807 858 819 4071 10
4071 3969 3993 807 10
4071 807 3993 819 10
3969 4071 3993 4072 10
4072 3970 3994 3969 10
4072 3969 3994 3993 10
3970 4072 3994 2116 10
2116 2065 2077 3970 10
2116 3970 2077 3994 10
836 819 857 4069 10
3993 4027 4069 819 10
819 836 4027 4069 10
4027 3993 4069 4070 10
3994 4028 4070 3993 10
3993 4027 4028 4070 10
4028 3994 4070 2115 10
2077 2094 2115 3994 10
3994 4028 2094 2115 10
858 857 819 4071 10
4069 4071 3993 819 10
4069 857 4071 819 10
4071 4069 3993 4072 10
4070 4072 3994 3993 10
4070 4069 4072 3993 10
4072 4070 3994 2116 10
2115 2116 2077 3994 10
2115 4070 2116 3994 10
808 858 807 4071 10
4071 3971 3969 807 10
4071 808 3971 807 10
3971 4071 3969 4072 10
4072 3972 3970 3969 10
4072 3971 3972 3969 10
3972 4072 3970 2116 10
2116 2066 2065 3970 10
2116 3972 2066 3970 10
882 858 808 4119 10
4071 4119 3971 808 10
4071 858 4119 808 10
4119 4071 3971 4120 10
4072 4120 3972 3971 10
4072 4071 4120 3971 10
4120 4072 3972 2140 10
2116 2140 2066 3972 10
2116 4072 2140 3972 10
871 966 870 4287 10
4287 4097 4095 870 10
4287 871 4097 870 10
4097 4287 4095 4288 10
4288 4098 4096 4095 10
4288 4097 4098 4095 10
4098 4288 4096 2224 10
2224 2129 2128 4096 10
2224 4098 2129 4096 10
809 1011 863 4377 10
4377 3973 4081 809 10
4377 809 4081 863 10
3973 4377 4081 4378 10
4378 3974 4082 3973 10
4378 3973 4082 4081 10
3974 4378 4082 2269 10
2269 2067 2121 3974 10
2269 3974 2121 4082 10
835 863 810 4081 10
4081 4025 3975 810 10
4081 835 4025 810 10
4025 4081 3975 4082 10
4082 4026 3976 3975 10
4082 4025 4026 3975 10
4026 4082 3976 2121 10
2121 2093 2068 3976 10
2121 4026 2093 3976 10
804 831 832 4019 10
4017 3963 4019 804 10
4017 804 4019 831 10
3963 4017 4019 4020 10
4018 3964 4020 3963 10
4018 3963 4020 4017 10
3964 4018 4020 2090 10
2089 2062 2090 3964 10
2089 3964 2090 4018 10
182 811 826 4007 10
3977 2719 4007 182 10
3977 182 4007 811 10
2719 3977 4007 4008 10
3978 2720 4008 2719 10
3978 2719 4008 3977 10
2720 3978 4008 2084 10
2069 1440 2084 2720 10
2069 2720 2084 3978 10
811 803 826 4007 10
3961 3977 4007 803 10
803 811 3977 4007 10
3977 3961 4007 4008 10
3962 3978 4008 3961 10
3961 3977 3978 4008 10
3978 3962 4008 2084 10
2061 2069 2084 3962 10
3962 3978 2069 2084 10
837 834 832 4029 10
4023 4029 4019 832 10
4023 834 4029 832 10
4029 4023 4019 4030 10
4024 4030 4020 4019 10
4024 4023 4030 4019 10
4030 4024 4020 2095 10
2092 2095 2090 4020 10
2092 4024 2095 4020 10
853 882 812 4119 10
4119 4061 3979 812 10
4119 853 4061 812 10
4061 4119 3979 4120 10
4120 4062 3980 3979 10
4120 4061 4062 3979 10
4062 4120 3980 2140 10
2140 2111 2070 3980 10
2140 4062 2111 3980 10
908 813 820 4171 10
3981 4171 3995 813 10
813 820 4171 3995 10
4171 3981 3995 4172 10
3982 4172 3996 3981 10
3981 3995 4172 3996 10
4172 3982 3996 2166 10
2071 2166 2078 3982 10
3982 3996 2166 2078 10
908 814 892 4171 10
3983 4171 4139 814 10
814 892 4171 4139 10
4171 3983 4139 4172 10
3984 4172 4140 3983 10
3983 4139 4172 4140 10
4172 3984 4140 2166 10
2072 2166 2150 3984 10
3984 4140 2166 2150 10
814 908 820 4171 10
4171 3983 3995 814 10
4171 814 3995 820 10
3983 4171 3995 4172 10
4172 3984 3996 3983 10
4172 3983 3996 3995 10
3984 4172 3996 2166 10
2166 2072 2078 3984 10
2166 3984 2078 3996 10
815 873 872 4101 10
4101 3985 4099 815 10
4101 815 4099 872 10
3985 4101 4099 4102 10
4102 3986 4100 3985 10
4102 3985 4100 4099 10
3986 4102 4100 2131 10
2131 2073 2130 3986 10
2131 3986 2130 4100 10
816 1018 975 4391 10
4391 3987 4305 816 10
4391 816 4305 975 10
3987 4391 4305 4392 10
4392 3988 4306 3987 10
4392 3987 4306 4305 10
3988 4392 4306 2276 10
2276 2074 2233 3988 10
2276 3988 2233 4306 10
816 806 872 4099 10
3967 3987 4099 806 10
806 816 3987 4099 10
3987 3967 4099 4100 10
3968 3988 4100 3967 10
3967 3987 3988 4100 10
3988 3968 4100 2130 10
2064 2074 2130 3968 10
3968 3988 2074 2130 10
806 816 975 4305 10
3987 3967 4305 806 10
3987 806 4305 816 10
3967 3987 4305 4306 10
3988 3968 4306 3967 10
3988 3967 4306 3987 10
3968 3988 4306 2233 10
2074 2064 2233 3968 10
2074 3968 2233 3988 10
1230 910 1169 4815 10
4175 4815 4693 910 10
910 1169 4815 4693 10
4815 4175 4693 4816 10
4176 4816 4694 4175 10
4175 4693 4816 4694 10
4816 4176 4694 2488 10
2168 2488 2427 4176 10
4176 4694 2488 2427 10
852 910 905 4175 10
4175 4059 4165 852 10
4175 852 4165 905 10
4059 4175 4165 4176 10
4176 4060 4166 4059 10
4176 4059 4166 4165 10
4060 4176 4166 2168 10
2168 2110 2163 4060 10
2168 4060 2163 4166 10
817 818 1242 4839 10
3991 3989 4839 817 10
3991 817 4839 818 10
3989 3991 4839 4840 10
3992 3990 4840 3989 10
3992 3989 4840 3991 10
3990 3992 4840 2500 10
2076 2075 2500 3990 10
2076 3990 2500 3992 10
818 848 1242 4839 10
4051 3991 4839 818 10
4051 818 4839 848 10
3991 4051 4839 4840 10
4052 3992 4840 3991 10
4052 3991 4840 4051 10
3992 4052 4840 2500 10
2106 2076 2500 3992 10
2106 3992 2500 4052 10
916 915 1018 4391 10
4185 4187 4391 915 10
915 916 4187 4391 10
4187 4185 4391 4392 10
4186 4188 4392 4185 10
4185 4187 4188 4392 10
4188 4186 4392 2276 10
2173 2174 2276 4186 10
4186 4188 2174 2276 10
1229 906 1230 4815 10
4167 4813 4815 906 10
906 1229 4813 4815 10
4813 4167 4815 4816 10
4168 4814 4816 4167 10
4167 4813 4814 4816 10
4814 4168 4816 2488 10
2164 2487 2488 4168 10
4168 4814 2487 2488 10
1162 821 820 4679 10
3997 4679 3995 820 10
3997 821 4679 820 10
4679 3997 3995 4680 10
3998 4680 3996 3995 10
3998 3997 4680 3995 10
4680 3998 3996 2420 10
2079 2420 2078 3996 10
2079 3998 2420 3996 10
814 821 819 3997 10
3997 3983 3993 814 10
3997 814 3993 819 10
3983 3997 3993 3998 10
3998 3984 3994 3983 10
3998 3983 3994 3993 10
3984 3998 3994 2079 10
2079 2072 2077 3984 10
2079 3984 2077 3994 10
821 814 820 3997 10
3983 3997 3995 814 10
814 820 3997 3995 10
3997 3983 3995 3998 10
3984 3998 3996 3983 10
3983 3995 3998 3996 10
3998 3984 3996 2079 10
2072 2079 2078 3984 10
3984 3996 2079 2078 10
821 1162 819 4679 10
4679 3997 3993 819 10
4679 821 3997 819 10
3997 4679 3993 4680 10
4680 3998 3994 3993 10
4680 3997 3998 3993 10
3998 4680 3994 2420 10
2420 2079 2077 3994 10
2420 3998 2079 3994 10
822 861 995 4345 10
4077 3999 4345 822 10
4077 822 4345 861 10
3999 4077 4345 4346 10
4078 4000 4346 3999 10
4078 3999 4346 4077 10
4000 4078 4346 2253 10
2119 2080 2253 4000 10
2119 4000 2253 4078 10
823 843 824 4041 10
4041 4001 4003 823 10
4041 823 4003 824 10
4001 4041 4003 4042 10
4042 4002 4004 4001 10
4042 4001 4004 4003 10
4002 4042 4004 2101 10
2101 2081 2082 4002 10
2101 4002 2082 4004 10
851 872 806 4099 10
4099 4057 3967 806 10
4099 851 4057 806 10
4057 4099 3967 4100 10
4100 4058 3968 3967 10
4100 4057 4058 3967 10
4058 4100 3968 2130 10
2130 2109 2064 3968 10
2130 4058 2109 3968 10
872 851 815 4099 10
4057 4099 3985 815 10
4057 851 4099 815 10
4099 4057 3985 4100 10
4058 4100 3986 3985 10
4058 4057 4100 3985 10
4100 4058 3986 2130 10
2109 2130 2073 3986 10
2109 4058 2130 3986 10
905 907 852 4169 10
4169 4165 4059 852 10
4169 905 4165 852 10
4165 4169 4059 4170 10
4170 4166 4060 4059 10
4170 4165 4166 4059 10
4166 4170 4060 2165 10
2165 2163 2110 4060 10
2165 4166 2163 4060 10
826 825 838 4031 10
4005 4007 4031 825 10
825 826 4007 4031 10
4007 4005 4031 4032 10
4006 4008 4032 4005 10
4005 4007 4008 4032 10
4008 4006 4032 2096 10
2083 2084 2096 4006 10
4006 4008 2084 2096 10
825 834 838 4031 10
4023 4005 4031 825 10
4023 825 4031 834 10
4005 4023 4031 4032 10
4024 4006 4032 4005 10
4024 4005 4032 4023 10
4006 4024 4032 2096 10
2092 2083 2096 4006 10
2092 4006 2096 4024 10
918 920 1020 4395 10
4195 4191 4395 918 10
4195 918 4395 920 10
4191 4195 4395 4396 10
4196 4192 4396 4191 10
4196 4191 4396 4195 10
4192 4196 4396 2278 10
2178 2176 2278 4192 10
2178 4192 2278 4196 10
918 838 834 4191 10
4031 4191 4023 834 10
4031 838 4191 834 10
4191 4031 4023 4192 10
4032 4192 4024 4023 10
4032 4031 4192 4023 10
4192 4032 4024 2176 10
2096 2176 2092 4024 10
2096 4032 2176 4024 10
839 827 129 4033 10
4009 4033 2613 129 10
4009 827 4033 129 10
4033 4009 2613 4034 10
4010 4034 2614 2613 10
4010 4009 4034 2613 10
4034 4010 2614 2097 10
2085 2097 1387 2614 10
2085 4010 2097 2614 10
827 1020 129 4395 10
4395 4009 2613 129 10
4395 827 4009 129 10
4009 4395 2613 4396 10
4396 4010 2614 2613 10
4396 4009 4010 2613 10
4010 4396 2614 2278 10
2278 2085 1387 2614 10
2278 4010 2085 2614 10
827 839 838 4033 10
4033 4009 4031 827 10
4033 827 4031 838 10
4009 4033 4031 4034 10
4034 4010 4032 4009 10
4034 4009 4032 4031 10
4010 4034 4032 2097 10
2097 2085 2096 4010 10
2097 4010 2096 4032 10
828 814 819 4011 10
3983 4011 3993 814 10
814 819 4011 3993 10
4011 3983 3993 4012 10
3984 4012 3994 3983 10
3983 3993 4012 3994 10
4012 3984 3994 2086 10
2072 2086 2077 3984 10
3984 3994 2086 2077 10
836 828 819 4027 10
4011 4027 3993 819 10
4011 828 4027 819 10
4027 4011 3993 4028 10
4012 4028 3994 3993 10
4012 4011 4028 3993 10
4028 4012 3994 2094 10
2086 2094 2077 3994 10
2086 4012 2094 3994 10
829 864 857 4083 10
4083 4013 4069 829 10
4083 829 4069 857 10
4013 4083 4069 4084 10
4084 4014 4070 4013 10
4084 4013 4070 4069 10
4014 4084 4070 2122 10
2122 2087 2115 4014 10
2122 4014 2115 4070 10
1169 830 1262 4879 10
4015 4693 4879 830 10
830 1169 4693 4879 10
4693 4015 4879 4880 10
4016 4694 4880 4015 10
4015 4693 4694 4880 10
4694 4016 4880 2520 10
2088 2427 2520 4016 10
4016 4694 2427 2520 10
831 830 852 4059 10
4015 4017 4059 830 10
830 831 4017 4059 10
4017 4015 4059 4060 10
4016 4018 4060 4015 10
4015 4017 4018 4060 10
4018 4016 4060 2110 10
2088 2089 2110 4016 10
4016 4018 2089 2110 10
832 833 804 4021 10
4021 4019 3963 804 10
4021 832 4019 804 10
4019 4021 3963 4022 10
4022 4020 3964 3963 10
4022 4019 4020 3963 10
4020 4022 3964 2091 10
2091 2090 2062 3964 10
2091 4020 2090 3964 10
825 826 833 4021 10
4007 4005 4021 825 10
4007 825 4021 826 10
4005 4007 4021 4022 10
4008 4006 4022 4005 10
4008 4005 4022 4007 10
4006 4008 4022 2091 10
2084 2083 2091 4006 10
2084 4006 2091 4008 10
833 832 834 4023 10
4019 4021 4023 832 10
832 833 4021 4023 10
4021 4019 4023 4024 10
4020 4022 4024 4019 10
4019 4021 4022 4024 10
4022 4020 4024 2092 10
2090 2091 2092 4020 10
4020 4022 2091 2092 10
834 825 833 4023 10
4005 4023 4021 825 10
825 833 4023 4021 10
4023 4005 4021 4024 10
4006 4024 4022 4005 10
4005 4021 4024 4022 10
4024 4006 4022 2092 10
2083 2092 2091 4006 10
4006 4022 2092 2091 10
1262 830 802 4879 10
4015 4879 3959 802 10
4015 830 4879 802 10
4879 4015 3959 4880 10
4016 4880 3960 3959 10
4016 4015 4880 3959 10
4880 4016 3960 2520 10
2088 2520 2060 3960 10
2088 4016 2520 3960 10
804 830 831 4017 10
4015 3963 4017 804 10
4015 804 4017 830 10
3963 4015 4017 4018 10
4016 3964 4018 3963 10
4016 3963 4018 4015 10
3964 4016 4018 2089 10
2088 2062 2089 3964 10
2088 3964 2089 4016 10
830 804 802 4015 10
3963 4015 3959 802 10
3963 804 4015 802 10
4015 3963 3959 4016 10
3964 4016 3960 3959 10
3964 3963 4016 3959 10
4016 3964 3960 2088 10
2062 2088 2060 3960 10
2062 3964 2088 3960 10
857 864 836 4083 10
4083 4069 4027 836 10
4083 857 4069 836 10
4069 4083 4027 4084 10
4084 4070 4028 4027 10
4084 4069 4070 4027 10
4070 4084 4028 2122 10
2122 2115 2094 4028 10
2122 4070 2115 4028 10
864 835 836 4083 10
4025 4083 4027 835 10
835 836 4083 4027 10
4083 4025 4027 4084 10
4026 4084 4028 4025 10
4025 4027 4084 4028 10
4084 4026 4028 2122 10
2093 2122 2094 4026 10
4026 4028 2122 2094 10
973 921 975 4305 10
4197 4301 4305 921 10
921 973 4301 4305 10
4301 4197 4305 4306 10
4198 4302 4306 4197 10
4197 4301 4302 4306 10
4302 4198 4306 2233 10
2179 2231 2233 4198 10
4198 4302 2231 2233 10
806 921 837 4197 10
4197 3967 4029 806 10
4197 806 4029 837 10
3967 4197 4029 4198 10
4198 3968 4030 3967 10
4198 3967 4030 4029 10
3968 4198 4030 2179 10
2179 2064 2095 3968 10
2179 3968 2095 4030 10
921 806 975 4305 10
3967 4197 4305 806 10
806 921 4197 4305 10
4197 3967 4305 4306 10
3968 4198 4306 3967 10
3967 4197 4198 4306 10
4198 3968 4306 2233 10
2064 2179 2233 3968 10
3968 4198 2179 2233 10
838 182 826 4031 10
2719 4031 4007 182 10
182 826 4031 4007 10
4031 2719 4007 4032 10
2720 4032 4008 2719 10
2719 4007 4032 4008 10
4032 2720 4008 2096 10
1440 2096 2084 2720 10
2720 4008 2096 2084 10
182 838 839 4033 10
4031 2719 4033 182 10
4031 182 4033 838 10
2719 4031 4033 4034 10
4032 2720 4034 2719 10
4032 2719 4034 4031 10
2720 4032 4034 2097 10
2096 1440 2097 2720 10
2096 2720 2097 4032 10
895 814 828 4145 10
3983 4145 4011 814 10
814 828 4145 4011 10
4145 3983 4011 4146 10
3984 4146 4012 3983 10
3983 4011 4146 4012 10
4146 3984 4012 2153 10
2072 2153 2086 3984 10
3984 4012 2153 2086 10
853 840 847 4061 10
4035 4061 4049 840 10
840 847 4061 4049 10
4061 4035 4049 4062 10
4036 4062 4050 4035 10
4035 4049 4062 4050 10
4062 4036 4050 2111 10
2098 2111 2105 4036 10
4036 4050 2111 2105 10
840 42 847 4049 10
1341 4035 4049 42 10
42 840 4035 4049 10
4035 1341 4049 4050 10
1342 4036 4050 1341 10
1341 4035 4036 4050 10
4036 1342 4050 2105 10
80 2098 2105 1342 10
1342 4036 2098 2105 10
871 869 885 4125 10
4093 4097 4125 869 10
869 871 4097 4125 10
4097 4093 4125 4126 10
4094 4098 4126 4093 10
4093 4097 4098 4126 10
4098 4094 4126 2143 10
2127 2129 2143 4094 10
4094 4098 2129 2143 10
869 871 841 4097 10
4097 4093 4037 841 10
4097 869 4093 841 10
4093 4097 4037 4098 10
4098 4094 4038 4037 10
4098 4093 4094 4037 10
4094 4098 4038 2129 10
2129 2127 2099 4038 10
2129 4094 2127 4038 10
856 855 842 4067 10
4065 4067 4039 842 10
4065 855 4067 842 10
4067 4065 4039 4068 10
4066 4068 4040 4039 10
4066 4065 4068 4039 10
4068 4066 4040 2114 10
2113 2114 2100 4040 10
2113 4066 2114 4040 10
855 843 842 4065 10
4041 4065 4039 842 10
4041 843 4065 842 10
4065 4041 4039 4066 10
4042 4066 4040 4039 10
4042 4041 4066 4039 10
4066 4042 4040 2113 10
2101 2113 2100 4040 10
2101 4042 2113 4040 10
859 854 847 4073 10
4063 4073 4049 847 10
4063 854 4073 847 10
4073 4063 4049 4074 10
4064 4074 4050 4049 10
4064 4063 4074 4049 10
4074 4064 4050 2117 10
2112 2117 2105 4050 10
2112 4064 2117 4050 10
854 853 847 4063 10
4061 4063 4049 847 10
4061 853 4063 847 10
4063 4061 4049 4064 10
4062 4064 4050 4049 10
4062 4061 4064 4049 10
4064 4062 4050 2112 10
2111 2112 2105 4050 10
2111 4062 2112 4050 10
844 836 835 4043 10
4027 4043 4025 835 10
4027 836 4043 835 10
4043 4027 4025 4044 10
4028 4044 4026 4025 10
4028 4027 4044 4025 10
4044 4028 4026 2102 10
2094 2102 2093 4026 10
2094 4028 2102 4026 10
836 844 828 4043 10
4043 4027 4011 828 10
4043 836 4027 828 10
4027 4043 4011 4044 10
4044 4028 4012 4011 10
4044 4027 4028 4011 10
4028 4044 4012 2102 10
2102 2094 2086 4012 10
2102 4028 2094 4012 10
845 849 846 4053 10
4053 4045 4047 845 10
4053 845 4047 846 10
4045 4053 4047 4054 10
4054 4046 4048 4045 10
4054 4045 4048 4047 10
4046 4054 4048 2107 10
2107 2103 2104 4046 10
2107 4046 2104 4048 10
842 911 881 4177 10
4177 4039 4117 842 10
4177 842 4117 881 10
4039 4177 4117 4178 10
4178 4040 4118 4039 10
4178 4039 4118 4117 10
4040 4178 4118 2169 10
2169 2100 2139 4040 10
2169 4040 2139 4118 10
848 911 843 4177 10
4177 4051 4041 843 10
4177 848 4051 843 10
4051 4177 4041 4178 10
4178 4052 4042 4041 10
4178 4051 4052 4041 10
4052 4178 4042 2169 10
2169 2106 2101 4042 10
2169 4052 2106 4042 10
911 842 843 4177 10
4039 4177 4041 842 10
842 843 4177 4041 10
4177 4039 4041 4178 10
4040 4178 4042 4039 10
4039 4041 4178 4042 10
4178 4040 4042 2169 10
2100 2169 2101 4040 10
4040 4042 2169 2101 10
41 847 42 4049 10
4049 1339 1341 41 10
4049 41 1341 42 10
1339 4049 1341 4050 10
4050 1340 1342 1339 10
4050 1339 1342 1341 10
1340 4050 1342 2105 10
2105 79 80 1340 10
2105 1340 80 1342 10
2 840 812 83 10
4035 83 3979 812 10
4035 840 83 812 10
83 4035 3979 4036 10
4036 84 3980 83 10
4036 83 3980 3979 10
84 4036 3980 2098 10
2098 4 2070 84 10
2098 84 2070 3980 10
42 840 2 83 10
4035 1341 83 42 10
4035 42 83 840 10
1341 4035 83 4036 10
4036 1342 84 83 10
4036 1341 1342 83 10
1342 4036 84 2098 10
2098 80 4 84 10
2098 1342 80 84 10
840 853 812 4061 10
4061 4035 3979 812 10
4061 840 4035 812 10
4035 4061 3979 4062 10
4062 4036 3980 3979 10
4062 4035 4036 3979 10
4036 4062 3980 2111 10
2111 2098 2070 3980 10
2111 4036 2098 3980 10
848 823 1242 4839 10
4001 4051 4839 823 10
823 848 4051 4839 10
4051 4001 4839 4840 10
4002 4052 4840 4001 10
4001 4051 4052 4840 10
4052 4002 4840 2500 10
2081 2106 2500 4002 10
4002 4052 2106 2500 10
823 848 843 4051 10
4051 4001 4041 823 10
4051 823 4041 843 10
4001 4051 4041 4052 10
4052 4002 4042 4001 10
4052 4001 4042 4041 10
4002 4052 4042 2106 10
2106 2081 2101 4002 10
2106 4002 2101 4042 10
842 867 856 4089 10
4089 4039 4067 842 10
4089 842 4067 856 10
4039 4089 4067 4090 10
4090 4040 4068 4039 10
4090 4039 4068 4067 10
4040 4090 4068 2125 10
2125 2100 2114 4040 10
2125 4040 2114 4068 10
868 884 885 4125 10
4123 4091 4125 868 10
4123 868 4125 884 10
4091 4123 4125 4126 10
4124 4092 4126 4091 10
4124 4091 4126 4123 10
4092 4124 4126 2143 10
2142 2126 2143 4092 10
2142 4092 2143 4124 10
849 845 850 4055 10
4045 4053 4055 845 10
845 849 4053 4055 10
4053 4045 4055 4056 10
4046 4054 4056 4045 10
4045 4053 4054 4056 10
4054 4046 4056 2108 10
2103 2107 2108 4046 10
4046 4054 2107 2108 10
806 805 851 4057 10
3965 3967 4057 805 10
805 806 3967 4057 10
3967 3965 4057 4058 10
3966 3968 4058 3965 10
3965 3967 3968 4058 10
3968 3966 4058 2109 10
2063 2064 2109 3966 10
3966 3968 2064 2109 10
805 852 851 4059 10
4059 3965 4057 805 10
4059 805 4057 851 10
3965 4059 4057 4060 10
4060 3966 4058 3965 10
4060 3965 4058 4057 10
3966 4060 4058 2110 10
2110 2063 2109 3966 10
2110 3966 2109 4058 10
851 907 815 4169 10
4169 4057 3985 815 10
4169 851 4057 815 10
4057 4169 3985 4170 10
4170 4058 3986 3985 10
4170 4057 4058 3985 10
4058 4170 3986 2165 10
2165 2109 2073 3986 10
2165 4058 2109 3986 10
907 851 852 4169 10
4057 4169 4059 851 10
851 852 4169 4059 10
4169 4057 4059 4170 10
4058 4170 4060 4057 10
4057 4059 4170 4060 10
4170 4058 4060 2165 10
2109 2165 2110 4058 10
4058 4060 2165 2110 10
829 853 854 4063 10
4061 4013 4063 829 10
4061 829 4063 853 10
4013 4061 4063 4064 10
4062 4014 4064 4013 10
4062 4013 4064 4061 10
4014 4062 4064 2112 10
2111 2087 2112 4014 10
2111 4014 2112 4062 10
809 864 854 4083 10
4083 3973 4063 809 10
4083 809 4063 854 10
3973 4083 4063 4084 10
4084 3974 4064 3973 10
4084 3973 4064 4063 10
3974 4084 4064 2122 10
2122 2067 2112 3974 10
2122 3974 2112 4064 10
809 854 859 4073 10
4063 3973 4073 809 10
4063 809 4073 854 10
3973 4063 4073 4074 10
4064 3974 4074 3973 10
4064 3973 4074 4063 10
3974 4064 4074 2117 10
2112 2067 2117 3974 10
2112 3974 2117 4064 10
829 854 864 4083 10
4063 4013 4083 829 10
4063 829 4083 854 10
4013 4063 4083 4084 10
4064 4014 4084 4013 10
4064 4013 4084 4063 10
4014 4064 4084 2122 10
2112 2087 2122 4014 10
2112 4014 2122 4064 10
843 912 824 4179 10
4179 4041 4003 824 10
4179 843 4041 824 10
4041 4179 4003 4180 10
4180 4042 4004 4003 10
4180 4041 4042 4003 10
4042 4180 4004 2170 10
2170 2101 2082 4004 10
2170 4042 2101 4004 10
843 855 912 4179 10
4065 4041 4179 843 10
4065 843 4179 855 10
4041 4065 4179 4180 10
4066 4042 4180 4041 10
4066 4041 4180 4065 10
4042 4066 4180 2170 10
2113 2101 2170 4042 10
2113 4042 2170 4066 10
875 874 856 4105 10
4103 4105 4067 856 10
4103 874 4105 856 10
4105 4103 4067 4106 10
4104 4106 4068 4067 10
4104 4103 4106 4067 10
4106 4104 4068 2133 10
2132 2133 2114 4068 10
2132 4104 2133 4068 10
856 867 875 4105 10
4089 4067 4105 856 10
4089 856 4105 867 10
4067 4089 4105 4106 10
4090 4068 4106 4067 10
4090 4067 4106 4089 10
4068 4090 4106 2133 10
2125 2114 2133 4068 10
2125 4068 2133 4090 10
867 822 875 4105 10
3999 4089 4105 822 10
822 867 4089 4105 10
4089 3999 4105 4106 10
4000 4090 4106 3999 10
3999 4089 4090 4106 10
4090 4000 4106 2133 10
2080 2125 2133 4000 10
4000 4090 2125 2133 10
829 857 858 4071 10
4069 4013 4071 829 10
4069 829 4071 857 10
4013 4069 4071 4072 10
4070 4014 4072 4013 10
4070 4013 4072 4069 10
4014 4070 4072 2116 10
2115 2087 2116 4014 10
2115 4014 2116 4070 10
882 829 858 4119 10
4013 4119 4071 829 10
829 858 4119 4071 10
4119 4013 4071 4120 10
4014 4120 4072 4013 10
4013 4071 4120 4072 10
4120 4014 4072 2140 10
2087 2140 2116 4014 10
4014 4072 2140 2116 10
829 882 853 4119 10
4119 4013 4061 829 10
4119 829 4061 853 10
4013 4119 4061 4120 10
4120 4014 4062 4013 10
4120 4013 4062 4061 10
4014 4120 4062 2140 10
2140 2087 2111 4014 10
2140 4014 2111 4062 10
859 847 41 4073 10
4049 4073 1339 41 10
4049 847 4073 41 10
4073 4049 1339 4074 10
4050 4074 1340 1339 10
4050 4049 4074 1339 10
4074 4050 1340 2117 10
2105 2117 79 1340 10
2105 4050 2117 1340 10
861 883 860 4121 10
4121 4077 4075 860 10
4121 861 4077 860 10
4077 4121 4075 4122 10
4122 4078 4076 4075 10
4122 4077 4078 4075 10
4078 4122 4076 2141 10
2141 2119 2118 4076 10
2141 4078 2119 4076 10
883 861 822 4121 10
4077 4121 3999 822 10
4077 861 4121 822 10
4121 4077 3999 4122 10
4078 4122 4000 3999 10
4078 4077 4122 3999 10
4122 4078 4000 2141 10
2119 2141 2080 4000 10
2119 4078 2141 4000 10
862 809 863 4081 10
3973 4079 4081 809 10
809 862 4079 4081 10
4079 3973 4081 4082 10
3974 4080 4082 3973 10
3973 4079 4080 4082 10
4080 3974 4082 2121 10
2067 2120 2121 3974 10
3974 4080 2120 2121 10
862 835 864 4083 10
4025 4079 4083 835 10
835 862 4079 4083 10
4079 4025 4083 4084 10
4026 4080 4084 4025 10
4025 4079 4080 4084 10
4080 4026 4084 2122 10
2093 2120 2122 4026 10
4026 4080 2120 2122 10
835 862 863 4081 10
4079 4025 4081 835 10
4079 835 4081 862 10
4025 4079 4081 4082 10
4080 4026 4082 4025 10
4080 4025 4082 4079 10
4026 4080 4082 2121 10
2120 2093 2121 4026 10
2120 4026 2121 4080 10
809 862 864 4083 10
4079 3973 4083 809 10
4079 809 4083 862 10
3973 4079 4083 4084 10
4080 3974 4084 3973 10
4080 3973 4084 4079 10
3974 4080 4084 2122 10
2120 2067 2122 3974 10
2120 3974 2122 4080 10
915 914 995 4345 10
4183 4185 4345 914 10
914 915 4185 4345 10
4185 4183 4345 4346 10
4184 4186 4346 4183 10
4183 4185 4186 4346 10
4186 4184 4346 2253 10
2172 2173 2253 4184 10
4184 4186 2173 2253 10
866 41 40 4087 10
1339 4087 1337 41 10
41 40 4087 1337 10
4087 1339 1337 4088 10
1340 4088 1338 1337 10
1340 1339 4088 1337 10
4088 1340 1338 2124 10
79 2124 78 1338 10
79 1340 2124 1338 10
866 865 859 4087 10
4085 4087 4073 859 10
4085 865 4087 859 10
4087 4085 4073 4088 10
4086 4088 4074 4073 10
4086 4085 4088 4073 10
4088 4086 4074 2124 10
2123 2124 2117 4074 10
2123 4086 2124 4074 10
865 866 40 4087 10
4087 4085 1337 40 10
4087 865 4085 40 10
4085 4087 1337 4088 10
4088 4086 1338 1337 10
4088 4085 4086 1337 10
4086 4088 1338 2124 10
2124 2123 78 1338 10
2124 4086 2123 1338 10
41 866 859 4087 10
4087 1339 4073 41 10
4087 41 4073 859 10
1339 4087 4073 4088 10
4088 1340 4074 1339 10
4088 1339 4074 4073 10
1340 4088 4074 2124 10
2124 79 2117 1340 10
2124 1340 2117 4074 10
917 1229 824 4813 10
4813 4189 4003 824 10
4813 917 4189 824 10
4189 4813 4003 4814 10
4814 4190 4004 4003 10
4814 4189 4190 4003 10
4190 4814 4004 2487 10
2487 2175 2082 4004 10
2487 4190 2175 4004 10
912 917 824 4189 10
4189 4179 4003 824 10
4189 912 4179 824 10
4179 4189 4003 4190 10
4190 4180 4004 4003 10
4190 4179 4180 4003 10
4180 4190 4004 2175 10
2175 2170 2082 4004 10
2175 4180 2170 4004 10
822 867 883 4121 10
4089 3999 4121 822 10
4089 822 4121 867 10
3999 4089 4121 4122 10
4090 4000 4122 3999 10
4090 3999 4122 4089 10
4000 4090 4122 2141 10
2125 2080 2141 4000 10
2125 4000 2141 4090 10
868 869 841 4093 10
4093 4091 4037 841 10
4093 868 4091 841 10
4091 4093 4037 4094 10
4094 4092 4038 4037 10
4094 4091 4092 4037 10
4092 4094 4038 2127 10
2127 2126 2099 4038 10
2127 4092 2126 4038 10
869 868 885 4125 10
4091 4093 4125 868 10
868 869 4093 4125 10
4093 4091 4125 4126 10
4092 4094 4126 4091 10
4091 4093 4094 4126 10
4094 4092 4126 2143 10
2126 2127 2143 4092 10
4092 4094 2127 2143 10
890 842 881 4135 10
4039 4135 4117 842 10
842 881 4135 4117 10
4135 4039 4117 4136 10
4040 4136 4118 4039 10
4039 4117 4136 4118 10
4136 4040 4118 2148 10
2100 2148 2139 4040 10
4040 4118 2148 2139 10
842 890 867 4135 10
4135 4039 4089 842 10
4135 842 4089 867 10
4039 4135 4089 4136 10
4136 4040 4090 4039 10
4136 4039 4090 4089 10
4040 4136 4090 2148 10
2148 2100 2125 4040 10
2148 4040 2125 4090 10
888 870 860 4131 10
4095 4131 4075 860 10
4095 870 4131 860 10
4131 4095 4075 4132 10
4096 4132 4076 4075 10
4096 4095 4132 4075 10
4132 4096 4076 2146 10
2128 2146 2118 4076 10
2128 4096 2146 4076 10
870 888 871 4131 10
4131 4095 4097 870 10
4131 870 4097 871 10
4095 4131 4097 4132 10
4132 4096 4098 4095 10
4132 4095 4098 4097 10
4096 4132 4098 2146 10
2146 2128 2129 4096 10
2146 4096 2129 4098 10
887 884 913 4181 10
4123 4129 4181 884 10
884 887 4129 4181 10
4129 4123 4181 4182 10
4124 4130 4182 4123 10
4123 4129 4130 4182 10
4130 4124 4182 2171 10
2142 2145 2171 4124 10
4124 4130 2145 2171 10
888 841 871 4131 10
4037 4131 4097 841 10
841 871 4131 4097 10
4131 4037 4097 4132 10
4038 4132 4098 4037 10
4037 4097 4132 4098 10
4132 4038 4098 2146 10
2099 2146 2129 4038 10
4038 4098 2146 2129 10
874 876 856 4107 10
4107 4103 4067 856 10
4107 874 4103 856 10
4103 4107 4067 4108 10
4108 4104 4068 4067 10
4108 4103 4104 4067 10
4104 4108 4068 2134 10
2134 2132 2114 4068 10
2134 4104 2132 4068 10
873 815 874 4103 10
3985 4101 4103 815 10
815 873 4101 4103 10
4101 3985 4103 4104 10
3986 4102 4104 3985 10
3985 4101 4102 4104 10
4102 3986 4104 2132 10
2073 2131 2132 3986 10
3986 4102 2131 2132 10
815 877 874 4109 10
4109 3985 4103 815 10
4109 815 4103 874 10
3985 4109 4103 4110 10
4110 3986 4104 3985 10
4110 3985 4104 4103 10
3986 4110 4104 2135 10
2135 2073 2132 3986 10
2135 3986 2132 4104 10
916 872 873 4187 10
4099 4187 4101 872 10
872 873 4187 4101 10
4187 4099 4101 4188 10
4100 4188 4102 4099 10
4099 4101 4188 4102 10
4188 4100 4102 2174 10
2130 2174 2131 4100 10
4100 4102 2174 2131 10
874 875 873 4105 10
4105 4103 4101 873 10
4105 874 4103 873 10
4103 4105 4101 4106 10
4106 4104 4102 4101 10
4106 4103 4104 4101 10
4104 4106 4102 2133 10
2133 2132 2131 4102 10
2133 4104 2132 4102 10
875 914 873 4183 10
4183 4105 4101 873 10
4183 875 4105 873 10
4105 4183 4101 4184 10
4184 4106 4102 4101 10
4184 4105 4106 4101 10
4106 4184 4102 2172 10
2172 2133 2131 4102 10
2172 4106 2133 4102 10
905 906 877 4167 10
4167 4165 4109 877 10
4167 905 4165 877 10
4165 4167 4109 4168 10
4168 4166 4110 4109 10
4168 4165 4166 4109 10
4166 4168 4110 2164 10
2164 2163 2135 4110 10
2164 4166 2163 4110 10
912 876 877 4179 10
4107 4179 4109 876 10
876 877 4179 4109 10
4179 4107 4109 4180 10
4108 4180 4110 4107 10
4107 4109 4180 4110 10
4180 4108 4110 2170 10
2134 2170 2135 4108 10
4108 4110 2170 2135 10
917 912 877 4189 10
4179 4189 4109 877 10
4179 912 4189 877 10
4189 4179 4109 4190 10
4180 4190 4110 4109 10
4180 4179 4190 4109 10
4190 4180 4110 2175 10
2170 2175 2135 4110 10
2170 4180 2175 4110 10
876 874 877 4109 10
4103 4107 4109 874 10
874 876 4107 4109 10
4107 4103 4109 4110 10
4104 4108 4110 4103 10
4103 4107 4108 4110 10
4108 4104 4110 2135 10
2132 2134 2135 4104 10
4104 4108 2134 2135 10
878 880 879 4115 10
4115 4111 4113 878 10
4115 878 4113 879 10
4111 4115 4113 4116 10
4116 4112 4114 4111 10
4116 4111 4114 4113 10
4112 4116 4114 2138 10
2138 2136 2137 4112 10
2138 4112 2137 4114 10
886 884 887 4129 10
4123 4127 4129 884 10
884 886 4127 4129 10
4127 4123 4129 4130 10
4124 4128 4130 4123 10
4123 4127 4128 4130 10
4128 4124 4130 2145 10
2142 2144 2145 4124 10
4124 4128 2144 2145 10
880 886 887 4129 10
4127 4115 4129 880 10
4127 880 4129 886 10
4115 4127 4129 4130 10
4128 4116 4130 4115 10
4128 4115 4130 4127 10
4116 4128 4130 2145 10
2144 2138 2145 4116 10
2144 4116 2145 4128 10
909 846 813 4173 10
4047 4173 3981 813 10
4047 846 4173 813 10
4173 4047 3981 4174 10
4048 4174 3982 3981 10
4048 4047 4174 3981 10
4174 4048 3982 2167 10
2104 2167 2071 3982 10
2104 4048 2167 3982 10
909 892 913 4181 10
4139 4173 4181 892 10
892 909 4173 4181 10
4173 4139 4181 4182 10
4140 4174 4182 4139 10
4139 4173 4174 4182 10
4174 4140 4182 2171 10
2150 2167 2171 4140 10
4140 4174 2167 2171 10
898 841 881 4151 10
4037 4151 4117 841 10
841 881 4151 4117 10
4151 4037 4117 4152 10
4038 4152 4118 4037 10
4037 4117 4152 4118 10
4152 4038 4118 2156 10
2099 2156 2139 4038 10
4038 4118 2156 2139 10
898 868 841 4151 10
4091 4151 4037 841 10
4091 868 4151 841 10
4151 4091 4037 4152 10
4092 4152 4038 4037 10
4092 4091 4152 4037 10
4152 4092 4038 2156 10
2126 2156 2099 4038 10
2126 4092 2156 4038 10
868 898 850 4151 10
4151 4091 4055 850 10
4151 868 4091 850 10
4091 4151 4055 4152 10
4152 4092 4056 4055 10
4152 4091 4092 4055 10
4092 4152 4056 2156 10
2156 2126 2108 4056 10
2156 4092 2126 4056 10
882 808 1167 4689 10
3971 4119 4689 808 10
808 882 4119 4689 10
4119 3971 4689 4690 10
3972 4120 4690 3971 10
3971 4119 4120 4690 10
4120 3972 4690 2425 10
2066 2140 2425 3972 10
3972 4120 2140 2425 10
883 888 860 4131 10
4131 4121 4075 860 10
4131 883 4121 860 10
4121 4131 4075 4132 10
4132 4122 4076 4075 10
4132 4121 4122 4075 10
4122 4132 4076 2146 10
2146 2141 2118 4076 10
2146 4122 2141 4076 10
890 883 867 4135 10
4121 4135 4089 867 10
4121 883 4135 867 10
4135 4121 4089 4136 10
4122 4136 4090 4089 10
4122 4121 4136 4089 10
4136 4122 4090 2148 10
2141 2148 2125 4090 10
2141 4122 2148 4090 10
890 888 883 4135 10
4131 4135 4121 883 10
4131 888 4135 883 10
4135 4131 4121 4136 10
4132 4136 4122 4121 10
4132 4131 4136 4121 10
4136 4132 4122 2148 10
2146 2148 2141 4122 10
2146 4132 2148 4122 10
859 1011 809 4377 10
4377 4073 3973 809 10
4377 859 4073 809 10
4073 4377 3973 4378 10
4378 4074 3974 3973 10
4378 4073 4074 3973 10
4074 4378 3974 2269 10
2269 2117 2067 3974 10
2269 4074 2117 3974 10
1011 859 865 4377 10
4073 4377 4085 859 10
859 865 4377 4085 10
4377 4073 4085 4378 10
4074 4378 4086 4073 10
4073 4085 4378 4086 10
4378 4074 4086 2269 10
2117 2269 2123 4074 10
4074 4086 2269 2123 10
886 885 884 4127 10
4125 4127 4123 884 10
4125 885 4127 884 10
4127 4125 4123 4128 10
4126 4128 4124 4123 10
4126 4125 4128 4123 10
4128 4126 4124 2144 10
2143 2144 2142 4124 10
2143 4126 2144 4124 10
886 965 885 4285 10
4285 4127 4125 885 10
4285 886 4127 885 10
4127 4285 4125 4286 10
4286 4128 4126 4125 10
4286 4127 4128 4125 10
4128 4286 4126 2223 10
2223 2144 2143 4126 10
2223 4128 2144 4126 10
886 880 878 4127 10
4115 4127 4111 878 10
4115 880 4127 878 10
4127 4115 4111 4128 10
4116 4128 4112 4111 10
4116 4115 4128 4111 10
4128 4116 4112 2144 10
2138 2144 2136 4112 10
2138 4116 2144 4112 10
965 886 878 4285 10
4127 4285 4111 878 10
4127 886 4285 878 10
4285 4127 4111 4286 10
4128 4286 4112 4111 10
4128 4127 4286 4111 10
4286 4128 4112 2223 10
2144 2223 2136 4112 10
2144 4128 2223 4112 10
868 897 884 4149 10
4149 4091 4123 868 10
4149 868 4123 884 10
4091 4149 4123 4150 10
4150 4092 4124 4091 10
4150 4091 4124 4123 10
4092 4150 4124 2155 10
2155 2126 2142 4092 10
2155 4092 2142 4124 10
897 913 884 4181 10
4181 4149 4123 884 10
4181 897 4149 884 10
4149 4181 4123 4182 10
4182 4150 4124 4123 10
4182 4149 4150 4123 10
4150 4182 4124 2171 10
2171 2155 2142 4124 10
2171 4150 2155 4124 10
897 868 850 4149 10
4091 4149 4055 850 10
4091 868 4149 850 10
4149 4091 4055 4150 10
4092 4150 4056 4055 10
4092 4091 4150 4055 10
4150 4092 4056 2155 10
2126 2155 2108 4056 10
2126 4092 2155 4056 10
901 887 895 4157 10
4129 4157 4145 887 10
887 895 4157 4145 10
4157 4129 4145 4158 10
4130 4158 4146 4129 10
4129 4145 4158 4146 10
4158 4130 4146 2159 10
2145 2159 2153 4130 10
4130 4146 2159 2153 10
887 901 880 4157 10
4157 4129 4115 880 10
4157 887 4129 880 10
4129 4157 4115 4158 10
4158 4130 4116 4115 10
4158 4129 4130 4115 10
4130 4158 4116 2159 10
2159 2145 2138 4116 10
2159 4130 2145 4116 10
889 881 841 4133 10
4117 4133 4037 841 10
4117 881 4133 841 10
4133 4117 4037 4134 10
4118 4134 4038 4037 10
4118 4117 4134 4037 10
4134 4118 4038 2147 10
2139 2147 2099 4038 10
2139 4118 2147 4038 10
889 888 890 4135 10
4131 4133 4135 888 10
888 889 4133 4135 10
4133 4131 4135 4136 10
4132 4134 4136 4131 10
4131 4133 4134 4136 10
4134 4132 4136 2148 10
2146 2147 2148 4132 10
4132 4134 2147 2148 10
888 889 841 4133 10
4133 4131 4037 841 10
4133 888 4131 841 10
4131 4133 4037 4134 10
4134 4132 4038 4037 10
4134 4131 4132 4037 10
4132 4134 4038 2147 10
2147 2146 2099 4038 10
2147 4132 2146 4038 10
881 889 890 4135 10
4133 4117 4135 881 10
4133 881 4135 889 10
4117 4133 4135 4136 10
4134 4118 4136 4117 10
4134 4117 4136 4133 10
4118 4134 4136 2148 10
2147 2139 2148 4118 10
2147 4118 2148 4134 10
24 893 25 4141 10
4141 1305 1307 25 10
4141 24 1305 25 10
1305 4141 1307 4142 10
4142 1306 1308 1307 10
4142 1305 1306 1307 10
1306 4142 1308 2151 10
2151 62 63 1308 10
2151 1306 62 1308 10
893 1167 25 4689 10
4689 4141 1307 25 10
4689 893 4141 25 10
4141 4689 1307 4690 10
4690 4142 1308 1307 10
4690 4141 4142 1307 10
4142 4690 1308 2425 10
2425 2151 63 1308 10
2425 4142 2151 1308 10
891 892 895 4145 10
4139 4137 4145 891 10
4139 891 4145 892 10
4137 4139 4145 4146 10
4140 4138 4146 4137 10
4140 4137 4146 4139 10
4138 4140 4146 2153 10
2150 2149 2153 4138 10
2150 4138 2153 4140 10
891 887 913 4181 10
4129 4137 4181 887 10
887 891 4137 4181 10
4137 4129 4181 4182 10
4130 4138 4182 4129 10
4129 4137 4138 4182 10
4138 4130 4182 2171 10
2145 2149 2171 4130 10
4130 4138 2149 2171 10
887 891 895 4145 10
4137 4129 4145 887 10
4137 887 4145 891 10
4129 4137 4145 4146 10
4138 4130 4146 4129 10
4138 4129 4146 4137 10
4130 4138 4146 2153 10
2149 2145 2153 4130 10
2149 4130 2153 4138 10
892 891 913 4181 10
4137 4139 4181 891 10
891 892 4139 4181 10
4139 4137 4181 4182 10
4138 4140 4182 4137 10
4137 4139 4140 4182 10
4140 4138 4182 2171 10
2149 2150 2171 4138 10
4138 4140 2150 2171 10
1167 893 882 4689 10
4141 4689 4119 882 10
4141 893 4689 882 10
4689 4141 4119 4690 10
4142 4690 4120 4119 10
4142 4141 4690 4119 10
4690 4142 4120 2425 10
2151 2425 2140 4120 10
2151 4142 2425 4120 10
893 812 882 4141 10
3979 4141 4119 812 10
812 882 4141 4119 10
4141 3979 4119 4142 10
3980 4142 4120 3979 10
3979 4119 4142 4120 10
4142 3980 4120 2151 10
2070 2151 2140 3980 10
3980 4120 2151 2140 10
812 893 24 4141 10
4141 3979 1305 24 10
4141 812 3979 24 10
3979 4141 1305 4142 10
4142 3980 1306 1305 10
4142 3979 3980 1305 10
3980 4142 1306 2151 10
2151 2070 62 1306 10
2151 3980 2070 1306 10
896 810 894 4147 10
3975 4147 4143 810 10
810 894 4147 4143 10
4147 3975 4143 4148 10
3976 4148 4144 3975 10
3975 4143 4148 4144 10
4148 3976 4144 2154 10
2068 2154 2152 3976 10
3976 4144 2154 2152 10
810 896 835 4147 10
4147 3975 4025 810 10
4147 810 4025 835 10
3975 4147 4025 4148 10
4148 3976 4026 3975 10
4148 3975 4026 4025 10
3976 4148 4026 2154 10
2154 2068 2093 3976 10
2154 3976 2093 4026 10
844 895 828 4145 10
4145 4043 4011 828 10
4145 844 4043 828 10
4043 4145 4011 4146 10
4146 4044 4012 4011 10
4146 4043 4044 4011 10
4044 4146 4012 2153 10
2153 2102 2086 4012 10
2153 4044 2102 4012 10
896 844 835 4147 10
4043 4147 4025 835 10
4043 844 4147 835 10
4147 4043 4025 4148 10
4044 4148 4026 4025 10
4044 4043 4148 4025 10
4148 4044 4026 2154 10
2102 2154 2093 4026 10
2102 4044 2154 4026 10
818 898 881 4151 10
4151 3991 4117 818 10
4151 818 4117 881 10
3991 4151 4117 4152 10
4152 3992 4118 3991 10
4152 3991 4118 4117 10
3992 4152 4118 2156 10
2156 2076 2139 3992 10
2156 3992 2139 4118 10
845 897 850 4149 10
4149 4045 4055 845 10
4149 845 4055 850 10
4045 4149 4055 4150 10
4150 4046 4056 4045 10
4150 4045 4056 4055 10
4046 4150 4056 2155 10
2155 2103 2108 4046 10
2155 4046 2108 4056 10
845 913 897 4181 10
4181 4045 4149 845 10
4181 845 4149 897 10
4045 4181 4149 4182 10
4182 4046 4150 4045 10
4182 4045 4150 4149 10
4046 4182 4150 2171 10
2171 2103 2155 4046 10
2171 4046 2155 4150 10
850 899 1255 4865 10
4153 4055 4865 850 10
4153 850 4865 899 10
4055 4153 4865 4866 10
4154 4056 4866 4055 10
4154 4055 4866 4153 10
4056 4154 4866 2513 10
2157 2108 2513 4056 10
2157 4056 2513 4154 10
818 899 898 4153 10
4153 3991 4151 818 10
4153 818 4151 898 10
3991 4153 4151 4154 10
4154 3992 4152 3991 10
4154 3991 4152 4151 10
3992 4154 4152 2157 10
2157 2076 2156 3992 10
2157 3992 2156 4152 10
899 850 898 4153 10
4055 4153 4151 850 10
850 898 4153 4151 10
4153 4055 4151 4154 10
4056 4154 4152 4055 10
4055 4151 4154 4152 10
4154 4056 4152 2157 10
2108 2157 2156 4056 10
4056 4152 2157 2156 10
899 817 1255 4865 10
3989 4153 4865 817 10
817 899 4153 4865 10
4153 3989 4865 4866 10
3990 4154 4866 3989 10
3989 4153 4154 4866 10
4154 3990 4866 2513 10
2075 2157 2513 3990 10
3990 4154 2157 2513 10
818 817 899 4153 10
3989 3991 4153 817 10
817 818 3991 4153 10
3991 3989 4153 4154 10
3990 3992 4154 3989 10
3989 3991 3992 4154 10
3992 3990 4154 2157 10
2075 2076 2157 3990 10
3990 3992 2076 2157 10
844 896 901 4157 10
4147 4043 4157 844 10
4147 844 4157 896 10
4043 4147 4157 4158 10
4148 4044 4158 4043 10
4148 4043 4158 4147 10
4044 4148 4158 2159 10
2154 2102 2159 4044 10
2154 4044 2159 4148 10
901 895 844 4157 10
4145 4157 4043 844 10
4145 895 4157 844 10
4157 4145 4043 4158 10
4146 4158 4044 4043 10
4146 4145 4158 4043 10
4158 4146 4044 2159 10
2153 2159 2102 4044 10
2153 4146 2159 4044 10
966 885 965 4287 10
4125 4287 4285 885 10
885 965 4287 4285 10
4287 4125 4285 4288 10
4126 4288 4286 4125 10
4125 4285 4288 4286 10
4288 4126 4286 2224 10
2143 2224 2223 4126 10
4126 4286 2224 2223 10
885 966 871 4287 10
4287 4125 4097 871 10
4287 885 4125 871 10
4125 4287 4097 4288 10
4288 4126 4098 4097 10
4288 4125 4126 4097 10
4126 4288 4098 2224 10
2224 2143 2129 4098 10
2224 4126 2143 4098 10
900 879 880 4155 10
4113 4155 4115 879 10
879 880 4155 4115 10
4155 4113 4115 4156 10
4114 4156 4116 4113 10
4113 4115 4156 4116 10
4156 4114 4116 2158 10
2137 2158 2138 4114 10
4114 4116 2158 2138 10
900 901 896 4157 10
4157 4155 4147 896 10
4157 900 4155 896 10
4155 4157 4147 4158 10
4158 4156 4148 4147 10
4158 4155 4156 4147 10
4156 4158 4148 2159 10
2159 2158 2154 4148 10
2159 4156 2158 4148 10
901 900 880 4157 10
4155 4157 4115 880 10
4155 900 4157 880 10
4157 4155 4115 4158 10
4156 4158 4116 4115 10
4156 4155 4158 4115 10
4158 4156 4116 2159 10
2158 2159 2138 4116 10
2158 4156 2159 4116 10
900 894 879 4155 10
4143 4155 4113 879 10
4143 894 4155 879 10
4155 4143 4113 4156 10
4144 4156 4114 4113 10
4144 4143 4156 4113 10
4156 4144 4114 2158 10
2152 2158 2137 4114 10
2152 4144 2158 4114 10
896 894 900 4155 10
4143 4147 4155 894 10
894 896 4147 4155 10
4147 4143 4155 4156 10
4144 4148 4156 4143 10
4143 4147 4148 4156 10
4148 4144 4156 2158 10
2152 2154 2158 4144 10
4144 4148 2154 2158 10
904 902 903 4163 10
4159 4163 4161 902 10
902 903 4163 4161 10
4163 4159 4161 4164 10
4160 4164 4162 4159 10
4159 4161 4164 4162 10
4164 4160 4162 2162 10
2160 2162 2161 4160 10
4160 4162 2162 2161 10
1252 904 903 4859 10
4163 4859 4161 903 10
4163 904 4859 903 10
4859 4163 4161 4860 10
4164 4860 4162 4161 10
4164 4163 4860 4161 10
4860 4164 4162 2510 10
2162 2510 2161 4162 10
2162 4164 2510 4162 10
902 904 803 4163 10
4163 4159 3961 803 10
4163 902 4159 803 10
4159 4163 3961 4164 10
4164 4160 3962 3961 10
4164 4159 4160 3961 10
4160 4164 3962 2162 10
2162 2160 2061 3962 10
2162 4160 2160 3962 10
801 904 1252 4859 10
4163 3957 4859 801 10
4163 801 4859 904 10
3957 4163 4859 4860 10
4164 3958 4860 3957 10
4164 3957 4860 4163 10
3958 4164 4860 2510 10
2162 2059 2510 3958 10
2162 3958 2510 4164 10
801 803 904 4163 10
3961 3957 4163 801 10
3961 801 4163 803 10
3957 3961 4163 4164 10
3962 3958 4164 3957 10
3962 3957 4164 3961 10
3958 3962 4164 2162 10
2061 2059 2162 3958 10
2061 3958 2162 3962 10
827 918 1020 4395 10
4191 4009 4395 827 10
4191 827 4395 918 10
4009 4191 4395 4396 10
4192 4010 4396 4009 10
4192 4009 4396 4191 10
4010 4192 4396 2278 10
2176 2085 2278 4010 10
2176 4010 2278 4192 10
838 918 827 4191 10
4191 4031 4009 827 10
4191 838 4031 827 10
4031 4191 4009 4192 10
4192 4032 4010 4009 10
4192 4031 4032 4009 10
4032 4192 4010 2176 10
2176 2096 2085 4010 10
2176 4032 2096 4010 10
906 910 1230 4815 10
4175 4167 4815 906 10
4175 906 4815 910 10
4167 4175 4815 4816 10
4176 4168 4816 4167 10
4176 4167 4816 4175 10
4168 4176 4816 2488 10
2168 2164 2488 4168 10
2168 4168 2488 4176 10
905 910 906 4175 10
4175 4165 4167 905 10
4175 905 4167 906 10
4165 4175 4167 4176 10
4176 4166 4168 4165 10
4176 4165 4168 4167 10
4166 4176 4168 2168 10
2168 2163 2164 4166 10
2168 4166 2164 4168 10
907 877 815 4169 10
4109 4169 3985 815 10
4109 877 4169 815 10
4169 4109 3985 4170 10
4110 4170 3986 3985 10
4110 4109 4170 3985 10
4170 4110 3986 2165 10
2135 2165 2073 3986 10
2135 4110 2165 3986 10
905 877 907 4169 10
4109 4165 4169 877 10
877 905 4165 4169 10
4165 4109 4169 4170 10
4110 4166 4170 4109 10
4109 4165 4166 4170 10
4166 4110 4170 2165 10
2135 2163 2165 4110 10
4110 4166 2163 2165 10
816 916 1018 4391 10
4187 3987 4391 816 10
4187 816 4391 916 10
3987 4187 4391 4392 10
4188 3988 4392 3987 10
4188 3987 4392 4187 10
3988 4188 4392 2276 10
2174 2074 2276 3988 10
2174 3988 2276 4188 10
816 872 916 4187 10
4099 3987 4187 816 10
4099 816 4187 872 10
3987 4099 4187 4188 10
4100 3988 4188 3987 10
4100 3987 4188 4099 10
3988 4100 4188 2174 10
2130 2074 2174 3988 10
2130 3988 2174 4100 10
908 909 813 4173 10
4173 4171 3981 813 10
4173 908 4171 813 10
4171 4173 3981 4174 10
4174 4172 3982 3981 10
4174 4171 4172 3981 10
4172 4174 3982 2167 10
2167 2166 2071 3982 10
2167 4172 2166 3982 10
908 892 909 4173 10
4139 4171 4173 892 10
892 908 4171 4173 10
4171 4139 4173 4174 10
4140 4172 4174 4139 10
4139 4171 4172 4174 10
4172 4140 4174 2167 10
2150 2166 2167 4140 10
4140 4172 2166 2167 10
910 830 1169 4693 10
4015 4175 4693 830 10
830 910 4175 4693 10
4175 4015 4693 4694 10
4016 4176 4694 4015 10
4015 4175 4176 4694 10
4176 4016 4694 2427 10
2088 2168 2427 4016 10
4016 4176 2168 2427 10
910 852 830 4175 10
4059 4175 4015 830 10
4059 852 4175 830 10
4175 4059 4015 4176 10
4060 4176 4016 4015 10
4060 4059 4176 4015 10
4176 4060 4016 2168 10
2110 2168 2088 4016 10
2110 4060 2168 4016 10
914 822 995 4345 10
3999 4183 4345 822 10
822 914 4183 4345 10
4183 3999 4345 4346 10
4000 4184 4346 3999 10
3999 4183 4184 4346 10
4184 4000 4346 2253 10
2080 2172 2253 4000 10
4000 4184 2172 2253 10
875 822 914 4183 10
3999 4105 4183 822 10
822 875 4105 4183 10
4105 3999 4183 4184 10
4000 4106 4184 3999 10
3999 4105 4106 4184 10
4106 4000 4184 2172 10
2080 2133 2172 4000 10
4000 4106 2133 2172 10
818 911 848 4177 10
4177 3991 4051 818 10
4177 818 4051 848 10
3991 4177 4051 4178 10
4178 3992 4052 3991 10
4178 3991 4052 4051 10
3992 4178 4052 2169 10
2169 2076 2106 3992 10
2169 3992 2106 4052 10
881 911 818 4177 10
4177 4117 3991 818 10
4177 881 4117 818 10
4117 4177 3991 4178 10
4178 4118 3992 3991 10
4178 4117 4118 3991 10
4118 4178 3992 2169 10
2169 2139 2076 3992 10
2169 4118 2139 3992 10
876 855 856 4107 10
4065 4107 4067 855 10
855 856 4107 4067 10
4107 4065 4067 4108 10
4066 4108 4068 4065 10
4065 4067 4108 4068 10
4108 4066 4068 2134 10
2113 2134 2114 4066 10
4066 4068 2134 2114 10
876 912 855 4179 10
4179 4107 4065 855 10
4179 876 4107 855 10
4107 4179 4065 4180 10
4180 4108 4066 4065 10
4180 4107 4108 4065 10
4108 4180 4066 2170 10
2170 2134 2113 4066 10
2170 4108 2134 4066 10
909 845 846 4173 10
4045 4173 4047 845 10
845 846 4173 4047 10
4173 4045 4047 4174 10
4046 4174 4048 4045 10
4045 4047 4174 4048 10
4174 4046 4048 2167 10
2103 2167 2104 4046 10
4046 4048 2167 2104 10
913 845 909 4181 10
4045 4181 4173 845 10
845 909 4181 4173 10
4181 4045 4173 4182 10
4046 4182 4174 4045 10
4045 4173 4182 4174 10
4182 4046 4174 2171 10
2103 2171 2167 4046 10
4046 4174 2171 2167 10
916 914 915 4187 10
4183 4187 4185 914 10
914 915 4187 4185 10
4187 4183 4185 4188 10
4184 4188 4186 4183 10
4183 4185 4188 4186 10
4188 4184 4186 2174 10
2172 2174 2173 4184 10
4184 4186 2174 2173 10
916 873 914 4187 10
4101 4187 4183 873 10
873 914 4187 4183 10
4187 4101 4183 4188 10
4102 4188 4184 4101 10
4101 4183 4188 4184 10
4188 4102 4184 2174 10
2131 2174 2172 4102 10
4102 4184 2174 2172 10
917 906 1229 4813 10
4167 4189 4813 906 10
906 917 4189 4813 10
4189 4167 4813 4814 10
4168 4190 4814 4167 10
4167 4189 4190 4814 10
4190 4168 4814 2487 10
2164 2175 2487 4168 10
4168 4190 2175 2487 10
877 906 917 4189 10
4167 4109 4189 877 10
4167 877 4189 906 10
4109 4167 4189 4190 10
4168 4110 4190 4109 10
4168 4109 4190 4167 10
4110 4168 4190 2175 10
2164 2135 2175 4110 10
2164 4110 2175 4168 10
919 918 834 4193 10
4191 4193 4023 834 10
4191 918 4193 834 10
4193 4191 4023 4194 10
4192 4194 4024 4023 10
4192 4191 4194 4023 10
4194 4192 4024 2177 10
2176 2177 2092 4024 10
2176 4192 2177 4024 10
918 919 920 4195 10
4193 4191 4195 918 10
4193 918 4195 919 10
4191 4193 4195 4196 10
4194 4192 4196 4191 10
4194 4191 4196 4193 10
4192 4194 4196 2178 10
2177 2176 2178 4192 10
2177 4192 2178 4194 10
919 973 920 4301 10
4301 4193 4195 919 10
4301 919 4195 920 10
4193 4301 4195 4302 10
4302 4194 4196 4193 10
4302 4193 4196 4195 10
4194 4302 4196 2231 10
2231 2177 2178 4194 10
2231 4194 2178 4196 10
921 973 919 4301 10
4301 4197 4193 919 10
4301 921 4197 919 10
4197 4301 4193 4302 10
4302 4198 4194 4193 10
4302 4197 4198 4193 10
4198 4302 4194 2231 10
2231 2179 2177 4194 10
2231 4198 2179 4194 10
837 919 834 4193 10
4193 4029 4023 834 10
4193 837 4029 834 10
4029 4193 4023 4194 10
4194 4030 4024 4023 10
4194 4029 4030 4023 10
4030 4194 4024 2177 10
2177 2095 2092 4024 10
2177 4030 2095 4024 10
837 921 919 4197 10
4197 4029 4193 837 10
4197 837 4193 919 10
4029 4197 4193 4198 10
4198 4030 4194 4029 10
4198 4029 4194 4193 10
4030 4198 4194 2179 10
2179 2095 2177 4030 10
2179 4030 2177 4194 10
922 925 923 4205 10
4205 4199 4201 922 10
4205 922 4201 923 10
4199 4205 4201 4206 10
4206 4200 4202 4199 10
4206 4199 4202 4201 10
4200 4206 4202 2183 10
2183 2180 2181 4200 10
2183 4200 2181 4202 10
924 39 38 4203 10
1335 4203 1333 38 10
1335 39 4203 38 10
4203 1335 1333 4204 10
1336 4204 1334 1335 10
1335 1333 4204 1334 10
4204 1336 1334 2182 10
77 2182 76 1336 10
1336 1334 2182 76 10
920 1019 1020 4395 10
4393 4195 4395 920 10
4393 920 4395 1019 10
4195 4393 4395 4396 10
4394 4196 4396 4195 10
4394 4195 4396 4393 10
4196 4394 4396 2278 10
2277 2178 2278 4196 10
2277 4196 2278 4394 10
925 1019 927 4393 10
4393 4205 4209 925 10
4393 925 4209 927 10
4205 4393 4209 4394 10
4394 4206 4210 4205 10
4394 4205 4210 4209 10
4206 4394 4210 2277 10
2277 2183 2185 4206 10
2277 4206 2185 4210 10
1019 920 927 4393 10
4195 4393 4209 920 10
920 927 4393 4209 10
4393 4195 4209 4394 10
4196 4394 4210 4195 10
4195 4209 4394 4210 10
4394 4196 4210 2277 10
2178 2277 2185 4196 10
4196 4210 2277 2185 10
1021 1011 865 4397 10
4377 4397 4085 865 10
4377 1011 4397 865 10
4397 4377 4085 4398 10
4378 4398 4086 4085 10
4378 4377 4398 4085 10
4398 4378 4086 2279 10
2269 2279 2123 4086 10
2269 4378 2279 4086 10
1021 924 1012 4397 10
4203 4397 4379 924 10
924 1012 4397 4379 10
4397 4203 4379 4398 10
4204 4398 4380 4203 10
4203 4379 4398 4380 10
4398 4204 4380 2279 10
2182 2279 2270 4204 10
4204 4380 2279 2270 10
958 952 926 4271 10
4259 4271 4207 926 10
4259 952 4271 926 10
4271 4259 4207 4272 10
4260 4272 4208 4207 10
4260 4259 4272 4207 10
4272 4260 4208 2216 10
2210 2216 2184 4208 10
2210 4260 2216 4208 10
955 924 942 4265 10
4203 4265 4239 924 10
924 942 4265 4239 10
4265 4203 4239 4266 10
4204 4266 4240 4203 10
4203 4239 4266 4240 10
4266 4204 4240 2213 10
2182 2213 2200 4204 10
4204 4240 2213 2200 10
924 955 1012 4379 10
4265 4203 4379 924 10
4265 924 4379 955 10
4203 4265 4379 4380 10
4266 4204 4380 4203 10
4266 4203 4380 4265 10
4204 4266 4380 2270 10
2213 2182 2270 4204 10
2213 4204 2270 4266 10
925 962 926 4279 10
4279 4205 4207 925 10
4279 925 4207 926 10
4205 4279 4207 4280 10
4280 4206 4208 4205 10
4280 4205 4208 4207 10
4206 4280 4208 2220 10
2220 2183 2184 4206 10
2220 4206 2184 4208 10
962 925 927 4279 10
4205 4279 4209 925 10
925 927 4279 4209 10
4279 4205 4209 4280 10
4206 4280 4210 4205 10
4205 4209 4280 4210 10
4280 4206 4210 2220 10
2183 2220 2185 4206 10
4206 4210 2220 2185 10
950 928 929 4255 10
4211 4255 4213 928 10
928 929 4255 4213 10
4255 4211 4213 4256 10
4212 4256 4214 4211 10
4211 4213 4256 4214 10
4256 4212 4214 2208 10
2186 2208 2187 4212 10
4212 4214 2208 2187 10
928 930 929 4215 10
4215 4211 4213 928 10
4215 928 4213 929 10
4211 4215 4213 4216 10
4216 4212 4214 4211 10
4216 4211 4214 4213 10
4212 4216 4214 2188 10
2188 2186 2187 4212 10
2188 4212 2187 4214 10
950 929 951 4257 10
4213 4255 4257 929 10
929 950 4255 4257 10
4255 4213 4257 4258 10
4214 4256 4258 4213 10
4213 4255 4256 4258 10
4256 4214 4258 2209 10
2187 2208 2209 4214 10
4214 4256 2208 2209 10
929 930 949 4253 10
4215 4213 4253 929 10
4215 929 4253 930 10
4213 4215 4253 4254 10
4216 4214 4254 4213 10
4216 4213 4254 4215 10
4214 4216 4254 2207 10
2188 2187 2207 4214 10
2188 4214 2207 4216 10
939 930 928 4233 10
4215 4233 4211 928 10
4215 930 4233 928 10
4233 4215 4211 4234 10
4216 4234 4212 4211 10
4216 4215 4234 4211 10
4234 4216 4212 2197 10
2188 2197 2186 4212 10
2188 4216 2197 4212 10
950 960 928 4275 10
4275 4255 4211 928 10
4275 950 4255 928 10
4255 4275 4211 4276 10
4276 4256 4212 4211 10
4276 4255 4256 4211 10
4256 4276 4212 2218 10
2218 2208 2186 4212 10
2218 4256 2208 4212 10
931 1110 1051 4575 10
4575 4217 4457 931 10
4575 931 4457 1051 10
4217 4575 4457 4576 10
4576 4218 4458 4217 10
4576 4217 4458 4457 10
4218 4576 4458 2368 10
2368 2189 2309 4218 10
2368 4218 2309 4458 10
964 923 926 4283 10
4201 4283 4207 923 10
923 926 4283 4207 10
4283 4201 4207 4284 10
4202 4284 4208 4201 10
4201 4207 4284 4208 10
4284 4202 4208 2222 10
2181 2222 2184 4202 10
4202 4208 2222 2184 10
923 925 926 4207 10
4205 4201 4207 923 10
4205 923 4207 925 10
4201 4205 4207 4208 10
4206 4202 4208 4201 10
4206 4201 4208 4205 10
4202 4206 4208 2184 10
2183 2181 2184 4202 10
2183 4202 2184 4206 10
38 37 942 4239 10
1331 1333 4239 37 10
37 38 1333 4239 10
1333 1331 4239 4240 10
1332 1334 4240 1331 10
1331 1333 1334 4240 10
1334 1332 4240 2200 10
75 76 2200 1332 10
1332 1334 76 2200 10
924 38 942 4239 10
1333 4203 4239 38 10
38 924 4203 4239 10
4203 1333 4239 4240 10
1334 4204 4240 1333 10
1333 4203 4204 4240 10
4204 1334 4240 2200 10
76 2182 2200 1334 10
1334 4204 2182 2200 10
1010 1012 932 4379 10
4379 4375 4219 932 10
4379 1010 4375 932 10
4375 4379 4219 4380 10
4380 4376 4220 4219 10
4380 4375 4376 4219 10
4376 4380 4220 2270 10
2270 2268 2190 4220 10
2270 4376 2268 4220 10
943 953 932 4261 10
4261 4241 4219 932 10
4261 943 4241 932 10
4241 4261 4219 4262 10
4262 4242 4220 4219 10
4262 4241 4242 4219 10
4242 4262 4220 2211 10
2211 2201 2190 4220 10
2211 4242 2201 4220 10
933 991 1065 4485 10
4337 4221 4485 933 10
4337 933 4485 991 10
4221 4337 4485 4486 10
4338 4222 4486 4221 10
4338 4221 4486 4337 10
4222 4338 4486 2323 10
2249 2191 2323 4222 10
2249 4222 2323 4338 10
991 949 1065 4485 10
4253 4337 4485 949 10
949 991 4337 4485 10
4337 4253 4485 4486 10
4254 4338 4486 4253 10
4253 4337 4338 4486 10
4338 4254 4486 2323 10
2207 2249 2323 4254 10
4254 4338 2249 2323 10
991 933 990 4337 10
4221 4337 4335 933 10
933 990 4337 4335 10
4337 4221 4335 4338 10
4222 4338 4336 4221 10
4221 4335 4338 4336 10
4338 4222 4336 2249 10
2191 2249 2248 4222 10
4222 4336 2249 2248 10
947 934 1095 4545 10
4223 4249 4545 934 10
934 947 4249 4545 10
4249 4223 4545 4546 10
4224 4250 4546 4223 10
4223 4249 4250 4546 10
4250 4224 4546 2353 10
2192 2205 2353 4224 10
4224 4250 2205 2353 10
957 934 977 4309 10
4223 4269 4309 934 10
934 957 4269 4309 10
4269 4223 4309 4310 10
4224 4270 4310 4223 10
4223 4269 4270 4310 10
4270 4224 4310 2235 10
2192 2215 2235 4224 10
4224 4270 2215 2235 10
934 957 1095 4545 10
4269 4223 4545 934 10
4269 934 4545 957 10
4223 4269 4545 4546 10
4270 4224 4546 4223 10
4270 4223 4546 4269 10
4224 4270 4546 2353 10
2215 2192 2353 4224 10
2215 4224 2353 4270 10
1025 861 860 4405 10
4077 4405 4075 860 10
4077 861 4405 860 10
4405 4077 4075 4406 10
4078 4406 4076 4075 10
4078 4077 4406 4075 10
4406 4078 4076 2283 10
2119 2283 2118 4076 10
2119 4078 2283 4076 10
1121 1028 935 4597 10
4411 4597 4225 935 10
4411 1028 4597 935 10
4597 4411 4225 4598 10
4412 4598 4226 4225 10
4412 4411 4598 4225 10
4598 4412 4226 2379 10
2286 2379 2193 4226 10
2286 4412 2379 4226 10
994 1028 1030 4415 10
4411 4343 4415 994 10
4411 994 4415 1028 10
4343 4411 4415 4416 10
4412 4344 4416 4343 10
4412 4343 4416 4411 10
4344 4412 4416 2288 10
2286 2252 2288 4344 10
2286 4344 2288 4412 10
1008 894 810 4371 10
4143 4371 3975 810 10
4143 894 4371 810 10
4371 4143 3975 4372 10
4144 4372 3976 3975 10
4144 4143 4372 3975 10
4372 4144 3976 2266 10
2152 2266 2068 3976 10
2152 4144 2266 3976 10
894 1008 936 4371 10
4371 4143 4227 894 10
4371 894 4227 936 10
4143 4371 4227 4372 10
4372 4144 4228 4143 10
4372 4143 4228 4227 10
4144 4372 4228 2266 10
2266 2152 2194 4144 10
2266 4144 2194 4228 10
1001 937 938 4357 10
4229 4357 4231 937 10
937 938 4357 4231 10
4357 4229 4231 4358 10
4230 4358 4232 4229 10
4229 4231 4358 4232 10
4358 4230 4232 2259 10
2195 2259 2196 4230 10
4230 4232 2259 2196 10
939 1001 938 4357 10
4357 4233 4231 938 10
4357 939 4233 938 10
4233 4357 4231 4358 10
4358 4234 4232 4231 10
4358 4233 4234 4231 10
4234 4358 4232 2259 10
2259 2197 2196 4232 10
2259 4234 2197 4232 10
940 1051 935 4457 10
4457 4235 4225 935 10
4457 940 4235 935 10
4235 4457 4225 4458 10
4458 4236 4226 4225 10
4458 4235 4236 4225 10
4236 4458 4226 2309 10
2309 2198 2193 4226 10
2309 4236 2198 4226 10
940 994 931 4343 10
4343 4235 4217 931 10
4343 940 4235 931 10
4235 4343 4217 4344 10
4344 4236 4218 4217 10
4344 4235 4236 4217 10
4236 4344 4218 2252 10
2252 2198 2189 4218 10
2252 4236 2198 4218 10
1051 940 931 4457 10
4235 4457 4217 931 10
4235 940 4457 931 10
4457 4235 4217 4458 10
4236 4458 4218 4217 10
4236 4235 4458 4217 10
4458 4236 4218 2309 10
2198 2309 2189 4218 10
2198 4236 2309 4218 10
878 1024 965 4403 10
4403 4111 4285 878 10
4403 878 4285 965 10
4111 4403 4285 4404 10
4404 4112 4286 4111 10
4404 4111 4286 4285 10
4112 4404 4286 2282 10
2282 2136 2223 4112 10
2282 4112 2223 4286 10
1002 1024 979 4403 10
4403 4359 4313 979 10
4403 1002 4359 979 10
4359 4403 4313 4404 10
4404 4360 4314 4313 10
4404 4359 4360 4313 10
4360 4404 4314 2282 10
2282 2260 2237 4314 10
2282 4360 2260 4314 10
1024 878 979 4403 10
4111 4403 4313 878 10
878 979 4403 4313 10
4403 4111 4313 4404 10
4112 4404 4314 4111 10
4111 4313 4404 4314 10
4404 4112 4314 2282 10
2136 2282 2237 4112 10
4112 4314 2282 2237 10
1005 941 1057 4469 10
4237 4365 4469 941 10
941 1005 4365 4469 10
4365 4237 4469 4470 10
4238 4366 4470 4237 10
4237 4365 4366 4470 10
4366 4238 4470 2315 10
2199 2263 2315 4238 10
4238 4366 2263 2315 10
954 942 944 4263 10
4239 4263 4243 942 10
942 944 4263 4243 10
4263 4239 4243 4264 10
4240 4264 4244 4239 10
4239 4243 4264 4244 10
4264 4240 4244 2212 10
2200 2212 2202 4240 10
4240 4244 2212 2202 10
943 954 944 4263 10
4263 4241 4243 943 10
4263 943 4243 944 10
4241 4263 4243 4264 10
4264 4242 4244 4241 10
4264 4241 4244 4243 10
4242 4264 4244 2212 10
2212 2201 2202 4242 10
2212 4242 2202 4244 10
945 879 894 4245 10
4113 4245 4143 879 10
879 894 4245 4143 10
4245 4113 4143 4246 10
4114 4246 4144 4113 10
4113 4143 4246 4144 10
4246 4114 4144 2203 10
2137 2203 2152 4114 10
4114 4144 2203 2152 10
936 945 894 4245 10
4245 4227 4143 894 10
4245 936 4227 894 10
4227 4245 4143 4246 10
4246 4228 4144 4143 10
4246 4227 4228 4143 10
4228 4246 4144 2203 10
2203 2194 2152 4144 10
2203 4228 2194 4144 10
1053 946 947 4461 10
4247 4461 4249 946 10
946 947 4461 4249 10
4461 4247 4249 4462 10
4248 4462 4250 4247 10
4247 4249 4462 4250 10
4462 4248 4250 2311 10
2204 2311 2205 4248 10
4248 4250 2311 2205 10
983 36 35 4321 10
1329 4321 1327 35 10
1329 36 4321 35 10
4321 1329 1327 4322 10
1330 4322 1328 1327 10
1330 1329 4322 1327 10
4322 1330 1328 2241 10
74 2241 73 1328 10
74 1330 2241 1328 10
1039 983 35 4433 10
4321 4433 1327 35 10
4321 983 4433 35 10
4433 4321 1327 4434 10
4322 4434 1328 1327 10
4322 4321 4434 1327 10
4434 4322 1328 2297 10
2241 2297 73 1328 10
2241 4322 2297 1328 10
36 983 944 4321 10
4321 1329 4243 36 10
4321 36 4243 944 10
1329 4321 4243 4322 10
4322 1330 4244 1329 10
4322 1329 4244 4243 10
1330 4322 4244 2241 10
2241 74 2202 1330 10
2241 1330 2202 4244 10
948 1063 1065 4485 10
4481 4251 4485 948 10
4481 948 4485 1063 10
4251 4481 4485 4486 10
4482 4252 4486 4251 10
4482 4251 4486 4481 10
4252 4482 4486 2323 10
2321 2206 2323 4252 10
2321 4252 2323 4482 10
948 949 930 4253 10
4253 4251 4215 930 10
4253 948 4251 930 10
4251 4253 4215 4254 10
4254 4252 4216 4215 10
4254 4251 4252 4215 10
4252 4254 4216 2207 10
2207 2206 2188 4216 10
2207 4252 2206 4216 10
949 948 1065 4485 10
4251 4253 4485 948 10
948 949 4253 4485 10
4253 4251 4485 4486 10
4252 4254 4486 4251 10
4251 4253 4254 4486 10
4254 4252 4486 2323 10
2206 2207 2323 4252 10
4252 4254 2207 2323 10
1018 1017 975 4391 10
4389 4391 4305 975 10
4389 1017 4391 975 10
4391 4389 4305 4392 10
4390 4392 4306 4305 10
4390 4389 4392 4305 10
4392 4390 4306 2276 10
2275 2276 2233 4306 10
2275 4390 2276 4306 10
951 1017 950 4389 10
4389 4257 4255 950 10
4389 951 4257 950 10
4257 4389 4255 4390 10
4390 4258 4256 4255 10
4390 4257 4258 4255 10
4258 4390 4256 2275 10
2275 2209 2208 4256 10
2275 4258 2209 4256 10
1017 951 975 4389 10
4257 4389 4305 951 10
951 975 4389 4305 10
4389 4257 4305 4390 10
4258 4390 4306 4257 10
4257 4305 4390 4306 10
4390 4258 4306 2275 10
2209 2275 2233 4258 10
4258 4306 2275 2233 10
982 972 1014 4383 10
4299 4319 4383 972 10
972 982 4319 4383 10
4319 4299 4383 4384 10
4300 4320 4384 4299 10
4299 4319 4320 4384 10
4320 4300 4384 2272 10
2230 2240 2272 4300 10
4300 4320 2240 2272 10
982 952 958 4319 10
4259 4319 4271 952 10
952 958 4319 4271 10
4319 4259 4271 4320 10
4260 4320 4272 4259 10
4259 4271 4320 4272 10
4320 4260 4272 2240 10
2210 2240 2216 4260 10
4260 4272 2240 2216 10
959 970 1087 4529 10
4295 4273 4529 959 10
4295 959 4529 970 10
4273 4295 4529 4530 10
4296 4274 4530 4273 10
4296 4273 4530 4295 10
4274 4296 4530 2345 10
2228 2217 2345 4274 10
2228 4274 2345 4296 10
943 970 953 4295 10
4295 4241 4261 943 10
4295 943 4261 953 10
4241 4295 4261 4296 10
4296 4242 4262 4241 10
4296 4241 4262 4261 10
4242 4296 4262 2228 10
2228 2201 2211 4242 10
2228 4242 2211 4262 10
955 932 1012 4379 10
4219 4265 4379 932 10
932 955 4265 4379 10
4265 4219 4379 4380 10
4220 4266 4380 4219 10
4219 4265 4266 4380 10
4266 4220 4380 2270 10
2190 2213 2270 4220 10
4220 4266 2213 2270 10
942 954 955 4265 10
4263 4239 4265 942 10
4263 942 4265 954 10
4239 4263 4265 4266 10
4264 4240 4266 4239 10
4264 4239 4266 4263 10
4240 4264 4266 2213 10
2212 2200 2213 4240 10
2212 4240 2213 4264 10
932 955 943 4265 10
4265 4219 4241 932 10
4265 932 4241 943 10
4219 4265 4241 4266 10
4266 4220 4242 4219 10
4266 4219 4242 4241 10
4220 4266 4242 2213 10
2213 2190 2201 4220 10
2213 4220 2201 4242 10
954 943 955 4265 10
4241 4263 4265 943 10
943 954 4263 4265 10
4263 4241 4265 4266 10
4242 4264 4266 4241 10
4241 4263 4264 4266 10
4264 4242 4266 2213 10
2201 2212 2213 4242 10
4242 4264 2212 2213 10
956 953 957 4269 10
4261 4267 4269 953 10
953 956 4267 4269 10
4267 4261 4269 4270 10
4262 4268 4270 4261 10
4261 4267 4268 4270 10
4268 4262 4270 2215 10
2211 2214 2215 4262 10
4262 4268 2214 2215 10
977 956 957 4309 10
4267 4309 4269 956 10
956 957 4309 4269 10
4309 4267 4269 4310 10
4268 4310 4270 4267 10
4267 4269 4310 4270 10
4310 4268 4270 2235 10
2214 2235 2215 4268 10
4268 4270 2235 2215 10
990 982 958 4335 10
4319 4335 4271 958 10
4319 982 4335 958 10
4335 4319 4271 4336 10
4320 4336 4272 4271 10
4320 4319 4336 4271 10
4336 4320 4272 2248 10
2240 2248 2216 4272 10
2240 4320 2248 4272 10
970 959 1095 4545 10
4273 4295 4545 959 10
959 970 4295 4545 10
4295 4273 4545 4546 10
4274 4296 4546 4273 10
4273 4295 4296 4546 10
4296 4274 4546 2353 10
2217 2228 2353 4274 10
4274 4296 2228 2353 10
970 957 953 4295 10
4269 4295 4261 953 10
4269 957 4295 953 10
4295 4269 4261 4296 10
4270 4296 4262 4261 10
4270 4269 4296 4261 10
4296 4270 4262 2228 10
2215 2228 2211 4262 10
2215 4270 2228 4262 10
957 970 1095 4545 10
4295 4269 4545 957 10
4295 957 4545 970 10
4269 4295 4545 4546 10
4296 4270 4546 4269 10
4296 4269 4546 4295 10
4270 4296 4546 2353 10
2228 2215 2353 4270 10
2228 4270 2353 4296 10
1017 960 950 4389 10
4275 4389 4255 950 10
4275 960 4389 950 10
4389 4275 4255 4390 10
4276 4390 4256 4255 10
4276 4275 4390 4255 10
4390 4276 4256 2275 10
2218 2275 2208 4256 10
2218 4276 2275 4256 10
1063 948 938 4481 10
4251 4481 4231 938 10
4251 948 4481 938 10
4481 4251 4231 4482 10
4252 4482 4232 4231 10
4252 4251 4482 4231 10
4482 4252 4232 2321 10
2206 2321 2196 4232 10
2206 4252 2321 4232 10
939 948 930 4251 10
4251 4233 4215 930 10
4251 939 4233 930 10
4233 4251 4215 4252 10
4252 4234 4216 4215 10
4252 4233 4234 4215 10
4234 4252 4216 2206 10
2206 2197 2188 4216 10
2206 4234 2197 4216 10
948 939 938 4251 10
4233 4251 4231 938 10
4233 939 4251 938 10
4251 4233 4231 4252 10
4234 4252 4232 4231 10
4234 4233 4252 4231 10
4252 4234 4232 2206 10
2197 2206 2196 4232 10
2197 4234 2206 4232 10
37 944 942 4243 10
4243 1331 4239 37 10
4243 37 4239 942 10
1331 4243 4239 4244 10
4244 1332 4240 1331 10
4244 1331 4240 4239 10
1332 4244 4240 2202 10
2202 75 2200 1332 10
2202 1332 2200 4240 10
944 37 36 4243 10
1331 4243 1329 36 10
1331 37 4243 36 10
4243 1331 1329 4244 10
1332 4244 1330 1331 10
1331 1329 4244 1330 10
4244 1332 1330 2202 10
75 2202 74 1332 10
1332 1330 2202 74 10
974 961 963 4303 10
4277 4303 4281 961 10
961 963 4303 4281 10
4303 4277 4281 4304 10
4278 4304 4282 4277 10
4277 4281 4304 4282 10
4304 4278 4282 2232 10
2219 2232 2221 4278 10
4278 4282 2232 2221 10
963 962 927 4281 10
4279 4281 4209 927 10
4279 962 4281 927 10
4281 4279 4209 4282 10
4280 4282 4210 4209 10
4280 4279 4282 4209 10
4282 4280 4210 2221 10
2220 2221 2185 4210 10
2220 4280 2221 4210 10
963 927 974 4303 10
4209 4281 4303 927 10
927 963 4281 4303 10
4281 4209 4303 4304 10
4210 4282 4304 4209 10
4209 4281 4282 4304 10
4282 4210 4304 2232 10
2185 2221 2232 4210 10
4210 4282 2221 2232 10
963 958 926 4281 10
4271 4281 4207 926 10
4271 958 4281 926 10
4281 4271 4207 4282 10
4272 4282 4208 4207 10
4272 4271 4282 4207 10
4282 4272 4208 2221 10
2216 2221 2184 4208 10
2216 4272 2221 4208 10
962 963 926 4281 10
4281 4279 4207 926 10
4281 962 4279 926 10
4279 4281 4207 4282 10
4282 4280 4208 4207 10
4282 4279 4280 4207 10
4280 4282 4208 2221 10
2221 2220 2184 4208 10
2221 4280 2220 4208 10
952 964 926 4283 10
4283 4259 4207 926 10
4283 952 4259 926 10
4259 4283 4207 4284 10
4284 4260 4208 4207 10
4284 4259 4260 4207 10
4260 4284 4208 2222 10
2222 2210 2184 4208 10
2222 4260 2210 4208 10
964 952 366 4283 10
4259 4283 3087 366 10
4259 952 4283 366 10
4283 4259 3087 4284 10
4260 4284 3088 3087 10
4260 4259 4284 3087 10
4284 4260 3088 2222 10
2210 2222 1624 3088 10
2210 4260 2222 3088 10
956 978 936 4311 10
4311 4267 4227 936 10
4311 956 4267 936 10
4267 4311 4227 4312 10
4312 4268 4228 4227 10
4312 4267 4268 4227 10
4268 4312 4228 2236 10
2236 2214 2194 4228 10
2236 4268 2214 4228 10
978 956 977 4311 10
4267 4311 4309 956 10
956 977 4311 4309 10
4311 4267 4309 4312 10
4268 4312 4310 4267 10
4267 4309 4312 4310 10
4312 4268 4310 2236 10
2214 2236 2235 4268 10
4268 4310 2236 2235 10
965 992 966 4339 10
4339 4285 4287 965 10
4339 965 4287 966 10
4285 4339 4287 4340 10
4340 4286 4288 4285 10
4340 4285 4288 4287 10
4286 4340 4288 2250 10
2250 2223 2224 4286 10
2250 4286 2224 4288 10
968 967 996 4347 10
4289 4291 4347 967 10
967 968 4291 4347 10
4291 4289 4347 4348 10
4290 4292 4348 4289 10
4289 4291 4292 4348 10
4292 4290 4348 2254 10
2225 2226 2254 4290 10
4290 4292 2226 2254 10
969 932 953 4293 10
4219 4293 4261 932 10
932 953 4293 4261 10
4293 4219 4261 4294 10
4220 4294 4262 4219 10
4219 4261 4294 4262 10
4294 4220 4262 2227 10
2190 2227 2211 4220 10
4220 4262 2227 2211 10
932 969 1010 4375 10
4293 4219 4375 932 10
4293 932 4375 969 10
4219 4293 4375 4376 10
4294 4220 4376 4219 10
4294 4219 4376 4293 10
4220 4294 4376 2268 10
2227 2190 2268 4220 10
2227 4220 2268 4294 10
956 969 953 4293 10
4293 4267 4261 953 10
4293 956 4267 953 10
4267 4293 4261 4294 10
4294 4268 4262 4261 10
4294 4267 4268 4261 10
4268 4294 4262 2227 10
2227 2214 2211 4262 10
2227 4268 2214 4262 10
943 984 970 4323 10
4323 4241 4295 943 10
4323 943 4295 970 10
4241 4323 4295 4324 10
4324 4242 4296 4241 10
4324 4241 4296 4295 10
4242 4324 4296 2242 10
2242 2201 2228 4242 10
2242 4242 2228 4296 10
984 1087 970 4529 10
4529 4323 4295 970 10
4529 984 4323 970 10
4323 4529 4295 4530 10
4530 4324 4296 4295 10
4530 4323 4324 4295 10
4324 4530 4296 2345 10
2345 2242 2228 4296 10
2345 4324 2242 4296 10
945 971 979 4313 10
4297 4245 4313 945 10
4297 945 4313 971 10
4245 4297 4313 4314 10
4298 4246 4314 4245 10
4298 4245 4314 4297 10
4246 4298 4314 2237 10
2229 2203 2237 4246 10
2229 4246 2237 4298 10
933 972 990 4335 10
4299 4221 4335 933 10
4299 933 4335 972 10
4221 4299 4335 4336 10
4300 4222 4336 4221 10
4300 4221 4336 4299 10
4222 4300 4336 2248 10
2230 2191 2248 4222 10
2230 4222 2248 4300 10
972 982 990 4335 10
4319 4299 4335 972 10
4319 972 4335 982 10
4299 4319 4335 4336 10
4320 4300 4336 4299 10
4320 4299 4336 4319 10
4300 4320 4336 2248 10
2240 2230 2248 4300 10
2240 4300 2248 4320 10
976 920 973 4307 10
4195 4307 4301 920 10
920 973 4307 4301 10
4307 4195 4301 4308 10
4196 4308 4302 4195 10
4195 4301 4308 4302 10
4308 4196 4302 2234 10
2178 2234 2231 4196 10
4196 4302 2234 2231 10
920 976 927 4307 10
4307 4195 4209 920 10
4307 920 4209 927 10
4195 4307 4209 4308 10
4308 4196 4210 4195 10
4308 4195 4210 4209 10
4196 4308 4210 2234 10
2234 2178 2185 4196 10
2234 4196 2185 4210 10
976 974 927 4307 10
4303 4307 4209 927 10
4303 974 4307 927 10
4307 4303 4209 4308 10
4304 4308 4210 4209 10
4304 4303 4308 4209 10
4308 4304 4210 2234 10
2232 2234 2185 4210 10
2232 4304 2234 4210 10
975 976 973 4307 10
4307 4305 4301 973 10
4307 975 4305 973 10
4305 4307 4301 4308 10
4308 4306 4302 4301 10
4308 4305 4306 4301 10
4306 4308 4302 2234 10
2234 2233 2231 4302 10
2234 4306 2233 4302 10
976 975 951 4307 10
4305 4307 4257 951 10
4305 975 4307 951 10
4307 4305 4257 4308 10
4306 4308 4258 4257 10
4306 4305 4308 4257 10
4308 4306 4258 2234 10
2233 2234 2209 4258 10
2233 4306 2234 4258 10
974 976 951 4307 10
4307 4303 4257 951 10
4307 974 4303 951 10
4303 4307 4257 4308 10
4308 4304 4258 4257 10
4308 4303 4304 4257 10
4304 4308 4258 2234 10
2234 2232 2209 4258 10
2234 4304 2232 4258 10
971 936 978 4311 10
4227 4297 4311 936 10
936 971 4297 4311 10
4297 4227 4311 4312 10
4228 4298 4312 4227 10
4227 4297 4298 4312 10
4298 4228 4312 2236 10
2194 2229 2236 4228 10
4228 4298 2229 2236 10
936 971 945 4297 10
4297 4227 4245 936 10
4297 936 4245 945 10
4227 4297 4245 4298 10
4298 4228 4246 4227 10
4298 4227 4246 4245 10
4228 4298 4246 2229 10
2229 2194 2203 4228 10
2229 4228 2203 4246 10
977 988 978 4331 10
4331 4309 4311 977 10
4331 977 4311 978 10
4309 4331 4311 4332 10
4332 4310 4312 4309 10
4332 4309 4312 4311 10
4310 4332 4312 2246 10
2246 2235 2236 4310 10
2246 4310 2236 4312 10
988 977 946 4331 10
4309 4331 4247 946 10
4309 977 4331 946 10
4331 4309 4247 4332 10
4310 4332 4248 4247 10
4310 4309 4332 4247 10
4332 4310 4248 2246 10
2235 2246 2204 4248 10
2235 4310 2246 4248 10
879 979 878 4313 10
4313 4113 4111 878 10
4313 879 4113 878 10
4113 4313 4111 4314 10
4314 4114 4112 4111 10
4314 4113 4114 4111 10
4114 4314 4112 2237 10
2237 2137 2136 4112 10
2237 4114 2137 4112 10
979 879 945 4313 10
4113 4313 4245 879 10
879 945 4313 4245 10
4313 4113 4245 4314 10
4114 4314 4246 4113 10
4113 4245 4314 4246 10
4314 4114 4246 2237 10
2137 2237 2203 4114 10
4114 4246 2237 2203 10
980 928 960 4315 10
4211 4315 4275 928 10
928 960 4315 4275 10
4315 4211 4275 4316 10
4212 4316 4276 4211 10
4211 4275 4316 4276 10
4316 4212 4276 2238 10
2186 2238 2218 4212 10
4212 4276 2238 2218 10
928 980 939 4315 10
4315 4211 4233 928 10
4315 928 4233 939 10
4211 4315 4233 4316 10
4316 4212 4234 4211 10
4316 4211 4234 4233 10
4212 4316 4234 2238 10
2238 2186 2197 4212 10
2238 4212 2197 4234 10
997 981 999 4353 10
4317 4349 4353 981 10
981 997 4349 4353 10
4349 4317 4353 4354 10
4318 4350 4354 4317 10
4317 4349 4350 4354 10
4350 4318 4354 2257 10
2239 2255 2257 4318 10
4318 4350 2255 2257 10
951 929 961 4277 10
4213 4257 4277 929 10
929 951 4257 4277 10
4257 4213 4277 4278 10
4214 4258 4278 4213 10
4213 4257 4258 4278 10
4258 4214 4278 2219 10
2187 2209 2219 4214 10
4214 4258 2209 2219 10
929 949 961 4277 10
4253 4213 4277 929 10
4253 929 4277 949 10
4213 4253 4277 4278 10
4254 4214 4278 4213 10
4254 4213 4278 4253 10
4214 4254 4278 2219 10
2207 2187 2219 4214 10
2207 4214 2219 4254 10
951 961 974 4303 10
4277 4257 4303 951 10
4277 951 4303 961 10
4257 4277 4303 4304 10
4278 4258 4304 4257 10
4278 4257 4304 4277 10
4258 4278 4304 2232 10
2219 2209 2232 4258 10
2219 4258 2232 4278 10
952 982 1014 4383 10
4319 4259 4383 952 10
4319 952 4383 982 10
4259 4319 4383 4384 10
4320 4260 4384 4259 10
4320 4259 4384 4319 10
4260 4320 4384 2272 10
2240 2210 2272 4260 10
2240 4260 2272 4320 10
1087 983 1039 4529 10
4321 4529 4433 983 10
983 1039 4529 4433 10
4529 4321 4433 4530 10
4322 4530 4434 4321 10
4321 4433 4530 4434 10
4530 4322 4434 2345 10
2241 2345 2297 4322 10
4322 4434 2345 2297 10
1087 984 983 4529 10
4323 4529 4321 983 10
4323 984 4529 983 10
4529 4323 4321 4530 10
4324 4530 4322 4321 10
4324 4323 4530 4321 10
4530 4324 4322 2345 10
2242 2345 2241 4322 10
2242 4324 2345 4322 10
944 983 943 4321 10
4321 4243 4241 943 10
4321 944 4243 943 10
4243 4321 4241 4322 10
4322 4244 4242 4241 10
4322 4243 4244 4241 10
4244 4322 4242 2241 10
2241 2202 2201 4242 10
2241 4244 2202 4242 10
984 943 983 4323 10
4241 4323 4321 943 10
943 983 4323 4321 10
4323 4241 4321 4324 10
4242 4324 4322 4241 10
4241 4321 4324 4322 10
4324 4242 4322 2242 10
2201 2242 2241 4242 10
4242 4322 2242 2241 10
1007 981 1002 4369 10
4317 4369 4359 981 10
981 1002 4369 4359 10
4369 4317 4359 4370 10
4318 4370 4360 4317 10
4317 4359 4370 4360 10
4370 4318 4360 2265 10
2239 2265 2260 4318 10
4318 4360 2265 2260 10
985 1110 931 4575 10
4575 4325 4217 931 10
4575 985 4325 931 10
4325 4575 4217 4576 10
4576 4326 4218 4217 10
4576 4325 4326 4217 10
4326 4576 4218 2368 10
2368 2243 2189 4218 10
2368 4326 2243 4218 10
999 985 931 4353 10
4325 4353 4217 931 10
4325 985 4353 931 10
4353 4325 4217 4354 10
4326 4354 4218 4217 10
4326 4325 4354 4217 10
4354 4326 4218 2257 10
2243 2257 2189 4218 10
2243 4326 2257 4218 10
986 990 958 4335 10
4335 4327 4271 958 10
4335 986 4327 958 10
4327 4335 4271 4336 10
4336 4328 4272 4271 10
4336 4327 4328 4271 10
4328 4336 4272 2248 10
2248 2244 2216 4272 10
2248 4328 2244 4272 10
963 986 958 4327 10
4327 4281 4271 958 10
4327 963 4281 958 10
4281 4327 4271 4328 10
4328 4282 4272 4271 10
4328 4281 4282 4271 10
4282 4328 4272 2244 10
2244 2221 2216 4272 10
2244 4282 2221 4272 10
985 1057 1110 4575 10
4469 4325 4575 985 10
4469 985 4575 1057 10
4325 4469 4575 4576 10
4470 4326 4576 4325 10
4470 4325 4576 4469 10
4326 4470 4576 2368 10
2315 2243 2368 4326 10
2315 4326 2368 4470 10
1057 985 1005 4469 10
4325 4469 4365 985 10
985 1005 4469 4365 10
4469 4325 4365 4470 10
4326 4470 4366 4325 10
4325 4365 4470 4366 10
4470 4326 4366 2315 10
2243 2315 2263 4326 10
4326 4366 2315 2263 10
985 999 1005 4365 10
4353 4325 4365 985 10
4353 985 4365 999 10
4325 4353 4365 4366 10
4354 4326 4366 4325 10
4354 4325 4366 4353 10
4326 4354 4366 2263 10
2257 2243 2263 4326 10
2257 4326 2263 4354 10
987 971 978 4329 10
4297 4329 4311 971 10
971 978 4329 4311 10
4329 4297 4311 4330 10
4298 4330 4312 4297 10
4297 4311 4330 4312 10
4330 4298 4312 2245 10
2229 2245 2236 4298 10
4298 4312 2245 2236 10
988 987 978 4331 10
4329 4331 4311 978 10
4329 987 4331 978 10
4331 4329 4311 4332 10
4330 4332 4312 4311 10
4330 4329 4332 4311 10
4332 4330 4312 2246 10
2245 2246 2236 4312 10
2245 4330 2246 4312 10
996 980 960 4347 10
4315 4347 4275 960 10
4315 980 4347 960 10
4347 4315 4275 4348 10
4316 4348 4276 4275 10
4316 4315 4348 4275 10
4348 4316 4276 2254 10
2238 2254 2218 4276 10
2238 4316 2254 4276 10
967 980 996 4347 10
4315 4289 4347 967 10
4315 967 4347 980 10
4289 4315 4347 4348 10
4316 4290 4348 4289 10
4316 4289 4348 4315 10
4290 4316 4348 2254 10
2238 2225 2254 4290 10
2238 4290 2254 4316 10
1000 980 989 4355 10
4315 4355 4333 980 10
980 989 4355 4333 10
4355 4315 4333 4356 10
4316 4356 4334 4315 10
4315 4333 4356 4334 10
4356 4316 4334 2258 10
2238 2258 2247 4316 10
4316 4334 2258 2247 10
980 967 989 4333 10
4289 4315 4333 967 10
967 980 4315 4333 10
4315 4289 4333 4334 10
4290 4316 4334 4289 10
4289 4315 4316 4334 10
4316 4290 4334 2247 10
2225 2238 2247 4290 10
4290 4316 2238 2247 10
961 986 963 4327 10
4327 4277 4281 961 10
4327 961 4281 963 10
4277 4327 4281 4328 10
4328 4278 4282 4277 10
4328 4277 4282 4281 10
4278 4328 4282 2244 10
2244 2219 2221 4278 10
2244 4278 2221 4282 10
986 961 949 4327 10
4277 4327 4253 949 10
4277 961 4327 949 10
4327 4277 4253 4328 10
4278 4328 4254 4253 10
4278 4277 4328 4253 10
4328 4278 4254 2244 10
2219 2244 2207 4254 10
2219 4278 2244 4254 10
991 990 986 4337 10
4335 4337 4327 986 10
4335 990 4337 986 10
4337 4335 4327 4338 10
4336 4338 4328 4327 10
4336 4335 4338 4327 10
4338 4336 4328 2249 10
2248 2249 2244 4328 10
2248 4336 2249 4328 10
991 986 949 4337 10
4327 4337 4253 949 10
4327 986 4337 949 10
4337 4327 4253 4338 10
4328 4338 4254 4253 10
4328 4327 4338 4253 10
4338 4328 4254 2249 10
2244 2249 2207 4254 10
2244 4328 2249 4254 10
981 997 992 4349 10
4349 4317 4339 981 10
4349 981 4339 992 10
4317 4349 4339 4350 10
4350 4318 4340 4317 10
4350 4317 4340 4339 10
4318 4350 4340 2255 10
2255 2239 2250 4318 10
2255 4318 2250 4340 10
981 992 1002 4359 10
4339 4317 4359 981 10
4339 981 4359 992 10
4317 4339 4359 4360 10
4340 4318 4360 4317 10
4340 4317 4360 4339 10
4318 4340 4360 2260 10
2250 2239 2260 4318 10
2250 4318 2260 4340 10
1032 993 994 4419 10
4341 4419 4343 993 10
993 994 4419 4343 10
4419 4341 4343 4420 10
4342 4420 4344 4341 10
4341 4343 4420 4344 10
4420 4342 4344 2290 10
2251 2290 2252 4342 10
4342 4344 2290 2252 10
993 931 994 4343 10
4217 4341 4343 931 10
931 993 4341 4343 10
4341 4217 4343 4344 10
4218 4342 4344 4217 10
4217 4341 4342 4344 10
4342 4218 4344 2252 10
2189 2251 2252 4218 10
4218 4342 2251 2252 10
1026 995 861 4407 10
4345 4407 4077 861 10
4345 995 4407 861 10
4407 4345 4077 4408 10
4346 4408 4078 4077 10
4346 4345 4408 4077 10
4408 4346 4078 2284 10
2253 2284 2119 4078 10
2253 4346 2284 4078 10
1026 968 996 4407 10
4291 4407 4347 968 10
968 996 4407 4347 10
4407 4291 4347 4408 10
4292 4408 4348 4291 10
4291 4347 4408 4348 10
4408 4292 4348 2284 10
2226 2284 2254 4292 10
4292 4348 2284 2254 10
995 1026 996 4407 10
4407 4345 4347 995 10
4407 995 4347 996 10
4345 4407 4347 4408 10
4408 4346 4348 4345 10
4408 4345 4348 4347 10
4346 4408 4348 2284 10
2284 2253 2254 4346 10
2284 4346 2254 4348 10
937 1029 1121 4597 10
4413 4229 4597 937 10
4413 937 4597 1029 10
4229 4413 4597 4598 10
4414 4230 4598 4229 10
4414 4229 4598 4413 10
4230 4414 4598 2379 10
2287 2195 2379 4230 10
2287 4230 2379 4414 10
1027 998 1032 4419 10
4351 4409 4419 998 10
998 1027 4409 4419 10
4409 4351 4419 4420 10
4352 4410 4420 4351 10
4351 4409 4410 4420 10
4410 4352 4420 2290 10
2256 2285 2290 4352 10
4352 4410 2285 2290 10
993 997 999 4353 10
4349 4341 4353 993 10
4349 993 4353 997 10
4341 4349 4353 4354 10
4350 4342 4354 4341 10
4350 4341 4354 4349 10
4342 4350 4354 2257 10
2255 2251 2257 4342 10
2255 4342 2257 4350 10
997 993 998 4351 10
4341 4349 4351 993 10
993 997 4349 4351 10
4349 4341 4351 4352 10
4342 4350 4352 4341 10
4341 4349 4350 4352 10
4350 4342 4352 2256 10
2251 2255 2256 4342 10
4342 4350 2255 2256 10
931 993 999 4353 10
4341 4217 4353 931 10
4341 931 4353 993 10
4217 4341 4353 4354 10
4342 4218 4354 4217 10
4342 4217 4354 4341 10
4218 4342 4354 2257 10
2251 2189 2257 4218 10
2251 4218 2257 4342 10
998 993 1032 4419 10
4341 4351 4419 993 10
993 998 4351 4419 10
4351 4341 4419 4420 10
4342 4352 4420 4341 10
4341 4351 4352 4420 10
4352 4342 4420 2290 10
2251 2256 2290 4342 10
4342 4352 2256 2290 10
941 1005 1031 4417 10
4365 4237 4417 941 10
4365 941 4417 1005 10
4237 4365 4417 4418 10
4366 4238 4418 4237 10
4366 4237 4418 4365 10
4238 4366 4418 2289 10
2263 2199 2289 4238 10
2263 4238 2289 4366 10
1031 1053 941 4461 10
4461 4417 4237 941 10
4461 1031 4417 941 10
4417 4461 4237 4462 10
4462 4418 4238 4237 10
4462 4417 4418 4237 10
4418 4462 4238 2311 10
2311 2289 2199 4238 10
2311 4418 2289 4238 10
988 946 1031 4417 10
4247 4331 4417 946 10
946 988 4331 4417 10
4331 4247 4417 4418 10
4248 4332 4418 4247 10
4247 4331 4332 4418 10
4332 4248 4418 2289 10
2204 2246 2289 4248 10
4248 4332 2246 2289 10
1053 1031 946 4461 10
4417 4461 4247 946 10
4417 1031 4461 946 10
4461 4417 4247 4462 10
4418 4462 4248 4247 10
4418 4417 4462 4247 10
4462 4418 4248 2311 10
2289 2311 2204 4248 10
2289 4418 2311 4248 10
1029 937 1001 4413 10
4229 4413 4357 937 10
937 1001 4413 4357 10
4413 4229 4357 4414 10
4230 4414 4358 4229 10
4229 4357 4414 4358 10
4414 4230 4358 2287 10
2195 2287 2259 4230 10
4230 4358 2287 2259 10
1000 1030 1001 4415 10
4415 4355 4357 1000 10
4415 1000 4357 1001 10
4355 4415 4357 4416 10
4416 4356 4358 4355 10
4416 4355 4358 4357 10
4356 4416 4358 2288 10
2288 2258 2259 4356 10
2288 4356 2259 4358 10
1030 1029 1001 4415 10
4413 4415 4357 1001 10
4413 1029 4415 1001 10
4415 4413 4357 4416 10
4414 4416 4358 4357 10
4414 4413 4416 4357 10
4416 4414 4358 2288 10
2287 2288 2259 4358 10
2287 4414 2288 4358 10
980 1001 939 4357 10
4357 4315 4233 939 10
4357 980 4315 939 10
4315 4357 4233 4358 10
4358 4316 4234 4233 10
4358 4315 4316 4233 10
4316 4358 4234 2259 10
2259 2238 2197 4234 10
2259 4316 2238 4234 10
980 1000 1001 4357 10
4355 4315 4357 980 10
4355 980 4357 1000 10
4315 4355 4357 4358 10
4356 4316 4358 4315 10
4356 4315 4358 4355 10
4316 4356 4358 2259 10
2258 2238 2259 4316 10
2258 4316 2259 4356 10
979 1003 1002 4361 10
4361 4313 4359 979 10
4361 979 4359 1002 10
4313 4361 4359 4362 10
4362 4314 4360 4313 10
4362 4313 4360 4359 10
4314 4362 4360 2261 10
2261 2237 2260 4314 10
2261 4314 2260 4360 10
1007 1003 987 4369 10
4361 4369 4329 987 10
4361 1003 4369 987 10
4369 4361 4329 4370 10
4362 4370 4330 4329 10
4362 4361 4370 4329 10
4370 4362 4330 2265 10
2261 2265 2245 4330 10
2261 4362 2265 4330 10
1003 1007 1002 4369 10
4369 4361 4359 1002 10
4369 1003 4361 1002 10
4361 4369 4359 4370 10
4370 4362 4360 4359 10
4370 4361 4362 4359 10
4362 4370 4360 2265 10
2265 2261 2260 4360 10
2265 4362 2261 4360 10
1007 1004 1005 4369 10
4363 4369 4365 1004 10
1004 1005 4369 4365 10
4369 4363 4365 4370 10
4364 4370 4366 4363 10
4363 4365 4370 4366 10
4370 4364 4366 2265 10
2262 2265 2263 4364 10
4364 4366 2265 2263 10
1004 1007 987 4369 10
4369 4363 4329 987 10
4369 1004 4363 987 10
4363 4369 4329 4370 10
4370 4364 4330 4329 10
4370 4363 4364 4329 10
4364 4370 4330 2265 10
2265 2262 2245 4330 10
2265 4364 2262 4330 10
1004 1031 1005 4417 10
4417 4363 4365 1004 10
4417 1004 4365 1005 10
4363 4417 4365 4418 10
4418 4364 4366 4363 10
4418 4363 4366 4365 10
4364 4418 4366 2289 10
2289 2262 2263 4364 10
2289 4364 2263 4366 10
1006 999 981 4367 10
4353 4367 4317 981 10
4353 999 4367 981 10
4367 4353 4317 4368 10
4354 4368 4318 4317 10
4354 4353 4368 4317 10
4368 4354 4318 2264 10
2257 2264 2239 4318 10
2257 4354 2264 4318 10
1006 1007 1005 4369 10
4369 4367 4365 1005 10
4369 1006 4367 1005 10
4367 4369 4365 4370 10
4370 4368 4366 4365 10
4370 4367 4368 4365 10
4368 4370 4366 2265 10
2265 2264 2263 4366 10
2265 4368 2264 4366 10
1007 1006 981 4369 10
4367 4369 4317 981 10
4367 1006 4369 981 10
4369 4367 4317 4370 10
4368 4370 4318 4317 10
4368 4367 4370 4317 10
4370 4368 4318 2265 10
2264 2265 2239 4318 10
2264 4368 2265 4318 10
999 1006 1005 4367 10
4367 4353 4365 999 10
4367 999 4365 1005 10
4353 4367 4365 4368 10
4368 4354 4366 4353 10
4368 4353 4366 4365 10
4354 4368 4366 2264 10
2264 2257 2263 4354 10
2264 4354 2263 4366 10
1027 1033 989 4421 10
4421 4409 4333 989 10
4421 1027 4409 989 10
4409 4421 4333 4422 10
4422 4410 4334 4333 10
4422 4409 4410 4333 10
4410 4422 4334 2291 10
2291 2285 2247 4334 10
2291 4410 2285 4334 10
1030 1033 994 4421 10
4421 4415 4343 994 10
4421 1030 4415 994 10
4415 4421 4343 4422 10
4422 4416 4344 4343 10
4422 4415 4416 4343 10
4416 4422 4344 2291 10
2291 2288 2252 4344 10
2291 4416 2288 4344 10
1008 1009 936 4373 10
4373 4371 4227 936 10
4373 1008 4371 936 10
4371 4373 4227 4374 10
4374 4372 4228 4227 10
4374 4371 4372 4227 10
4372 4374 4228 2267 10
2267 2266 2194 4228 10
2267 4372 2266 4228 10
1009 1008 1010 4375 10
4371 4373 4375 1008 10
1008 1009 4373 4375 10
4373 4371 4375 4376 10
4372 4374 4376 4371 10
4371 4373 4374 4376 10
4374 4372 4376 2268 10
2266 2267 2268 4372 10
4372 4374 2267 2268 10
1009 956 936 4373 10
4267 4373 4227 936 10
4267 956 4373 936 10
4373 4267 4227 4374 10
4268 4374 4228 4227 10
4268 4267 4374 4227 10
4374 4268 4228 2267 10
2214 2267 2194 4228 10
2214 4268 2267 4228 10
1009 969 956 4373 10
4293 4373 4267 956 10
4293 969 4373 956 10
4373 4293 4267 4374 10
4294 4374 4268 4267 10
4294 4293 4374 4267 10
4374 4294 4268 2267 10
2227 2267 2214 4268 10
2227 4294 2267 4268 10
1010 969 1009 4375 10
4293 4375 4373 969 10
969 1009 4375 4373 10
4375 4293 4373 4376 10
4294 4376 4374 4293 10
4293 4373 4376 4374 10
4376 4294 4374 2268 10
2227 2268 2267 4294 10
4294 4374 2268 2267 10
998 1036 997 4427 10
4427 4351 4349 997 10
4427 998 4351 997 10
4351 4427 4349 4428 10
4428 4352 4350 4349 10
4428 4351 4352 4349 10
4352 4428 4350 2294 10
2294 2256 2255 4350 10
2294 4352 2256 4350 10
1008 810 863 4371 10
3975 4371 4081 810 10
810 863 4371 4081 10
4371 3975 4081 4372 10
3976 4372 4082 3975 10
3975 4081 4372 4082 10
4372 3976 4082 2266 10
2068 2266 2121 3976 10
3976 4082 2266 2121 10
863 1010 1008 4375 10
4375 4081 4371 863 10
4375 863 4371 1008 10
4081 4375 4371 4376 10
4376 4082 4372 4081 10
4376 4081 4372 4371 10
4082 4376 4372 2268 10
2268 2121 2266 4082 10
2268 4082 2266 4372 10
1025 1027 968 4409 10
4409 4405 4291 968 10
4409 1025 4405 968 10
4405 4409 4291 4410 10
4410 4406 4292 4291 10
4410 4405 4406 4291 10
4406 4410 4292 2285 10
2285 2283 2226 4292 10
2285 4406 2283 4292 10
1025 998 1027 4409 10
4351 4405 4409 998 10
998 1025 4405 4409 10
4405 4351 4409 4410 10
4352 4406 4410 4351 10
4351 4405 4406 4410 10
4406 4352 4410 2285 10
2256 2283 2285 4352 10
4352 4406 2283 2285 10
1023 863 1011 4401 10
4081 4401 4377 863 10
863 1011 4401 4377 10
4401 4081 4377 4402 10
4082 4402 4378 4081 10
4081 4377 4402 4378 10
4402 4082 4378 2281 10
2121 2281 2269 4082 10
4082 4378 2281 2269 10
1023 1012 1010 4401 10
4379 4401 4375 1010 10
4379 1012 4401 1010 10
4401 4379 4375 4402 10
4380 4402 4376 4375 10
4380 4379 4402 4375 10
4402 4380 4376 2281 10
2270 2281 2268 4376 10
2270 4380 2281 4376 10
863 1023 1010 4401 10
4401 4081 4375 863 10
4401 863 4375 1010 10
4081 4401 4375 4402 10
4402 4082 4376 4081 10
4402 4081 4376 4375 10
4082 4402 4376 2281 10
2281 2121 2268 4082 10
2281 4082 2268 4376 10
1013 922 129 4381 10
4199 4381 2613 129 10
4199 922 4381 129 10
4381 4199 2613 4382 10
4200 4382 2614 2613 10
4200 4199 4382 2613 10
4382 4200 2614 2271 10
2180 2271 1387 2614 10
2180 4200 2271 2614 10
1020 1013 129 4395 10
4381 4395 2613 129 10
4381 1013 4395 129 10
4395 4381 2613 4396 10
4382 4396 2614 2613 10
4382 4381 4396 2613 10
4396 4382 2614 2278 10
2271 2278 1387 2614 10
2271 4382 2278 2614 10
922 1013 925 4381 10
4381 4199 4205 922 10
4381 922 4205 925 10
4199 4381 4205 4382 10
4382 4200 4206 4199 10
4382 4199 4206 4205 10
4200 4382 4206 2271 10
2271 2180 2183 4200 10
2271 4200 2183 4206 10
1015 366 952 4385 10
3087 4385 4259 366 10
366 952 4385 4259 10
4385 3087 4259 4386 10
3088 4386 4260 3087 10
3087 4259 4386 4260 10
4386 3088 4260 2273 10
1624 2273 2210 3088 10
3088 4260 2273 2210 10
1015 1014 325 4385 10
4383 4385 3005 325 10
4383 1014 4385 325 10
4385 4383 3005 4386 10
4384 4386 3006 3005 10
4384 4383 4386 3005 10
4386 4384 3006 2273 10
2272 2273 1583 3006 10
2272 4384 2273 3006 10
1014 1015 952 4385 10
4385 4383 4259 952 10
4385 1014 4383 952 10
4383 4385 4259 4386 10
4386 4384 4260 4259 10
4386 4383 4384 4259 10
4384 4386 4260 2273 10
2273 2272 2210 4260 10
2273 4384 2272 4260 10
366 1015 325 4385 10
4385 3087 3005 325 10
4385 366 3087 325 10
3087 4385 3005 4386 10
4386 3088 3006 3005 10
4386 3087 3088 3005 10
3088 4386 3006 2273 10
2273 1624 1583 3006 10
2273 3088 1624 3006 10
1022 865 40 4399 10
4085 4399 1337 40 10
4085 865 4399 40 10
4399 4085 1337 4400 10
4086 4400 1338 1337 10
4086 4085 4400 1337 10
4400 4086 1338 2280 10
2123 2280 78 1338 10
2123 4086 2280 1338 10
1022 39 924 4399 10
1335 4399 4203 39 10
39 924 4399 4203 10
4399 1335 4203 4400 10
1336 4400 4204 1335 10
1335 4203 4400 4204 10
4400 1336 4204 2280 10
77 2280 2182 1336 10
1336 4204 2280 2182 10
39 1022 40 4399 10
4399 1335 1337 39 10
4399 39 1337 40 10
1335 4399 1337 4400 10
4400 1336 1338 1335 10
4400 1335 1338 1337 10
1336 4400 1338 2280 10
2280 77 78 1336 10
2280 1336 78 1338 10
960 1016 996 4387 10
4387 4275 4347 960 10
4387 960 4347 996 10
4275 4387 4347 4388 10
4388 4276 4348 4275 10
4388 4275 4348 4347 10
4276 4388 4348 2274 10
2274 2218 2254 4276 10
2274 4276 2254 4348 10
1016 960 1017 4389 10
4275 4387 4389 960 10
960 1016 4387 4389 10
4387 4275 4389 4390 10
4276 4388 4390 4275 10
4275 4387 4388 4390 10
4388 4276 4390 2275 10
2218 2274 2275 4276 10
4276 4388 2274 2275 10
1016 1018 915 4391 10
4391 4387 4185 915 10
4391 1016 4387 915 10
4387 4391 4185 4392 10
4392 4388 4186 4185 10
4392 4387 4388 4185 10
4388 4392 4186 2276 10
2276 2274 2173 4186 10
2276 4388 2274 4186 10
1017 1018 1016 4391 10
4391 4389 4387 1016 10
4391 1017 4389 1016 10
4389 4391 4387 4392 10
4392 4390 4388 4387 10
4392 4389 4390 4387 10
4390 4392 4388 2276 10
2276 2275 2274 4388 10
2276 4390 2275 4388 10
995 1016 915 4387 10
4387 4345 4185 915 10
4387 995 4345 915 10
4345 4387 4185 4388 10
4388 4346 4186 4185 10
4388 4345 4346 4185 10
4346 4388 4186 2274 10
2274 2253 2173 4186 10
2274 4346 2253 4186 10
995 996 1016 4387 10
4347 4345 4387 995 10
4347 995 4387 996 10
4345 4347 4387 4388 10
4348 4346 4388 4345 10
4348 4345 4388 4347 10
4346 4348 4388 2274 10
2254 2253 2274 4346 10
2254 4346 2274 4348 10
1019 1013 1020 4395 10
4381 4393 4395 1013 10
1013 1019 4393 4395 10
4393 4381 4395 4396 10
4382 4394 4396 4381 10
4381 4393 4394 4396 10
4394 4382 4396 2278 10
2271 2277 2278 4382 10
4382 4394 2277 2278 10
1019 925 1013 4393 10
4205 4393 4381 925 10
925 1013 4393 4381 10
4393 4205 4381 4394 10
4206 4394 4382 4205 10
4205 4381 4394 4382 10
4394 4206 4382 2277 10
2183 2277 2271 4206 10
4206 4382 2277 2271 10
1022 1021 865 4399 10
4397 4399 4085 865 10
4397 1021 4399 865 10
4399 4397 4085 4400 10
4398 4400 4086 4085 10
4398 4397 4400 4085 10
4400 4398 4086 2280 10
2279 2280 2123 4086 10
2279 4398 2280 4086 10
924 1021 1022 4399 10
4397 4203 4399 924 10
4397 924 4399 1021 10
4203 4397 4399 4400 10
4398 4204 4400 4203 10
4398 4203 4400 4397 10
4204 4398 4400 2280 10
2279 2182 2280 4204 10
2279 4204 2280 4398 10
1021 1023 1011 4401 10
4401 4397 4377 1011 10
4401 1021 4397 1011 10
4397 4401 4377 4402 10
4402 4398 4378 4377 10
4402 4397 4398 4377 10
4398 4402 4378 2281 10
2281 2279 2269 4378 10
2281 4398 2279 4378 10
1021 1012 1023 4401 10
4379 4397 4401 1012 10
1012 1021 4397 4401 10
4397 4379 4401 4402 10
4380 4398 4402 4379 10
4379 4397 4398 4402 10
4398 4380 4402 2281 10
2270 2279 2281 4380 10
4380 4398 2279 2281 10
1024 992 965 4403 10
4339 4403 4285 965 10
4339 992 4403 965 10
4403 4339 4285 4404 10
4340 4404 4286 4285 10
4340 4339 4404 4285 10
4404 4340 4286 2282 10
2250 2282 2223 4286 10
2250 4340 2282 4286 10
1024 1002 992 4403 10
4359 4403 4339 992 10
4359 1002 4403 992 10
4403 4359 4339 4404 10
4360 4404 4340 4339 10
4360 4359 4404 4339 10
4404 4360 4340 2282 10
2260 2282 2250 4340 10
2260 4360 2282 4340 10
946 934 947 4249 10
4223 4247 4249 934 10
934 946 4247 4249 10
4247 4223 4249 4250 10
4224 4248 4250 4223 10
4223 4247 4248 4250 10
4248 4224 4250 2205 10
2192 2204 2205 4224 10
4224 4248 2204 2205 10
977 934 946 4309 10
4223 4309 4247 934 10
934 946 4309 4247 10
4309 4223 4247 4310 10
4224 4310 4248 4223 10
4223 4247 4310 4248 10
4310 4224 4248 2235 10
2192 2235 2204 4224 10
4224 4248 2235 2204 10
1003 971 987 4361 10
4297 4361 4329 971 10
971 987 4361 4329 10
4361 4297 4329 4362 10
4298 4362 4330 4297 10
4297 4329 4362 4330 10
4362 4298 4330 2261 10
2229 2261 2245 4298 10
4298 4330 2261 2245 10
979 971 1003 4361 10
4297 4313 4361 971 10
971 979 4313 4361 10
4313 4297 4361 4362 10
4298 4314 4362 4297 10
4297 4313 4314 4362 10
4314 4298 4362 2261 10
2229 2237 2261 4298 10
4298 4314 2237 2261 10
1028 940 935 4411 10
4235 4411 4225 935 10
4235 940 4411 935 10
4411 4235 4225 4412 10
4236 4412 4226 4225 10
4236 4235 4412 4225 10
4412 4236 4226 2286 10
2198 2286 2193 4226 10
2198 4236 2286 4226 10
1028 994 940 4411 10
4343 4411 4235 940 10
4343 994 4411 940 10
4411 4343 4235 4412 10
4344 4412 4236 4235 10
4344 4343 4412 4235 10
4412 4344 4236 2286 10
2252 2286 2198 4236 10
2252 4344 2286 4236 10
1025 1026 861 4407 10
4407 4405 4077 861 10
4407 1025 4405 861 10
4405 4407 4077 4408 10
4408 4406 4078 4077 10
4408 4405 4406 4077 10
4406 4408 4078 2284 10
2284 2283 2119 4078 10
2284 4406 2283 4078 10
1025 968 1026 4407 10
4291 4405 4407 968 10
968 1025 4405 4407 10
4405 4291 4407 4408 10
4292 4406 4408 4291 10
4291 4405 4406 4408 10
4406 4292 4408 2284 10
2226 2283 2284 4292 10
4292 4406 2283 2284 10
967 1027 989 4409 10
4409 4289 4333 967 10
4409 967 4333 989 10
4289 4409 4333 4410 10
4410 4290 4334 4289 10
4410 4289 4334 4333 10
4290 4410 4334 2285 10
2285 2225 2247 4290 10
2285 4290 2247 4334 10
967 968 1027 4409 10
4291 4289 4409 967 10
4291 967 4409 968 10
4289 4291 4409 4410 10
4292 4290 4410 4289 10
4292 4289 4410 4291 10
4290 4292 4410 2285 10
2226 2225 2285 4290 10
2226 4290 2285 4292 10
1029 1028 1121 4597 10
4411 4413 4597 1028 10
1028 1029 4413 4597 10
4413 4411 4597 4598 10
4412 4414 4598 4411 10
4411 4413 4414 4598 10
4414 4412 4598 2379 10
2286 2287 2379 4412 10
4412 4414 2287 2379 10
1030 1028 1029 4415 10
4411 4415 4413 1028 10
1028 1029 4415 4413 10
4415 4411 4413 4416 10
4412 4416 4414 4411 10
4411 4413 4416 4414 10
4416 4412 4414 2288 10
2286 2288 2287 4412 10
4412 4414 2288 2287 10
1033 1000 989 4421 10
4355 4421 4333 989 10
4355 1000 4421 989 10
4421 4355 4333 4422 10
4356 4422 4334 4333 10
4356 4355 4422 4333 10
4422 4356 4334 2291 10
2258 2291 2247 4334 10
2258 4356 2291 4334 10
1030 1000 1033 4421 10
4355 4415 4421 1000 10
1000 1030 4415 4421 10
4415 4355 4421 4422 10
4356 4416 4422 4355 10
4355 4415 4416 4422 10
4416 4356 4422 2291 10
2258 2288 2291 4356 10
4356 4416 2288 2291 10
988 1004 987 4363 10
4363 4331 4329 987 10
4363 988 4331 987 10
4331 4363 4329 4364 10
4364 4332 4330 4329 10
4364 4331 4332 4329 10
4332 4364 4330 2262 10
2262 2246 2245 4330 10
2262 4332 2246 4330 10
988 1031 1004 4417 10
4417 4331 4363 988 10
4417 988 4363 1004 10
4331 4417 4363 4418 10
4418 4332 4364 4331 10
4418 4331 4364 4363 10
4332 4418 4364 2289 10
2289 2246 2262 4332 10
2289 4332 2262 4364 10
1033 1032 994 4421 10
4419 4421 4343 994 10
4419 1032 4421 994 10
4421 4419 4343 4422 10
4420 4422 4344 4343 10
4420 4419 4422 4343 10
4422 4420 4344 2291 10
2290 2291 2252 4344 10
2290 4420 2291 4344 10
1027 1032 1033 4421 10
4419 4409 4421 1027 10
4419 1027 4421 1032 10
4409 4419 4421 4422 10
4420 4410 4422 4409 10
4420 4409 4422 4419 10
4410 4420 4422 2291 10
2290 2285 2291 4410 10
2290 4410 2291 4420 10
1034 992 997 4423 10
4339 4423 4349 992 10
992 997 4423 4349 10
4423 4339 4349 4424 10
4340 4424 4350 4339 10
4339 4349 4424 4350 10
4424 4340 4350 2292 10
2250 2292 2255 4340 10
4340 4350 2292 2255 10
992 1034 966 4423 10
4423 4339 4287 966 10
4423 992 4339 966 10
4339 4423 4287 4424 10
4424 4340 4288 4287 10
4424 4339 4340 4287 10
4340 4424 4288 2292 10
2292 2250 2224 4288 10
2292 4340 2250 4288 10
1036 1034 997 4427 10
4423 4427 4349 997 10
4423 1034 4427 997 10
4427 4423 4349 4428 10
4424 4428 4350 4349 10
4424 4423 4428 4349 10
4428 4424 4350 2294 10
2292 2294 2255 4350 10
2292 4424 2294 4350 10
1035 1025 860 4425 10
4405 4425 4075 860 10
4405 1025 4425 860 10
4425 4405 4075 4426 10
4406 4426 4076 4075 10
4406 4405 4426 4075 10
4426 4406 4076 2293 10
2283 2293 2118 4076 10
2283 4406 2293 4076 10
1035 1036 998 4427 10
4427 4425 4351 998 10
4427 1035 4425 998 10
4425 4427 4351 4428 10
4428 4426 4352 4351 10
4428 4425 4426 4351 10
4426 4428 4352 2294 10
2294 2293 2256 4352 10
2294 4426 2293 4352 10
1025 1035 998 4425 10
4425 4405 4351 998 10
4425 1025 4405 998 10
4405 4425 4351 4426 10
4426 4406 4352 4351 10
4426 4405 4406 4351 10
4406 4426 4352 2293 10
2293 2283 2256 4352 10
2293 4406 2283 4352 10
870 1035 860 4425 10
4425 4095 4075 860 10
4425 870 4095 860 10
4095 4425 4075 4426 10
4426 4096 4076 4075 10
4426 4095 4096 4075 10
4096 4426 4076 2293 10
2293 2128 2118 4076 10
2293 4096 2128 4076 10
870 1036 1035 4427 10
4427 4095 4425 870 10
4427 870 4425 1035 10
4095 4427 4425 4428 10
4428 4096 4426 4095 10
4428 4095 4426 4425 10
4096 4428 4426 2294 10
2294 2128 2293 4096 10
2294 4096 2293 4426 10
1034 870 966 4423 10
4095 4423 4287 870 10
870 966 4423 4287 10
4423 4095 4287 4424 10
4096 4424 4288 4095 10
4095 4287 4424 4288 10
4424 4096 4288 2292 10
2128 2292 2224 4096 10
4096 4288 2292 2224 10
1036 870 1034 4427 10
4095 4427 4423 870 10
870 1034 4427 4423 10
4427 4095 4423 4428 10
4096 4428 4424 4095 10
4095 4423 4428 4424 10
4428 4096 4424 2294 10
2128 2294 2292 4096 10
4096 4424 2294 2292 10
507 1043 1049 4453 10
4441 3369 4453 507 10
4441 507 4453 1043 10
3369 4441 4453 4454 10
4442 3370 4454 3369 10
4442 3369 4454 4441 10
3370 4442 4454 2307 10
2301 1765 2307 3370 10
2301 3370 2307 4442 10
1037 34 33 4429 10
1325 4429 1323 33 10
1325 34 4429 33 10
4429 1325 1323 4430 10
1326 4430 1324 1323 10
1326 1325 4430 1323 10
4430 1326 1324 2295 10
72 2295 71 1326 10
1326 1324 2295 71 10
972 1038 1014 4431 10
4431 4299 4383 972 10
4431 972 4383 1014 10
4299 4431 4383 4432 10
4432 4300 4384 4299 10
4432 4299 4384 4383 10
4300 4432 4384 2296 10
2296 2230 2272 4300 10
2296 4300 2272 4384 10
1043 1038 1079 4513 10
4431 4441 4513 1038 10
1038 1043 4441 4513 10
4441 4431 4513 4514 10
4432 4442 4514 4431 10
4431 4441 4442 4514 10
4442 4432 4514 2337 10
2296 2301 2337 4432 10
4432 4442 2301 2337 10
1038 972 1079 4513 10
4299 4431 4513 972 10
972 1038 4431 4513 10
4431 4299 4513 4514 10
4300 4432 4514 4299 10
4299 4431 4432 4514 10
4432 4300 4514 2337 10
2230 2296 2337 4300 10
4300 4432 2296 2337 10
1040 1087 1039 4529 10
4529 4435 4433 1039 10
4529 1040 4435 1039 10
4435 4529 4433 4530 10
4530 4436 4434 4433 10
4530 4435 4436 4433 10
4436 4530 4434 2345 10
2345 2298 2297 4434 10
2345 4436 2298 4434 10
1040 1037 1085 4525 10
4429 4435 4525 1037 10
1037 1040 4435 4525 10
4435 4429 4525 4526 10
4430 4436 4526 4429 10
4429 4435 4436 4526 10
4436 4430 4526 2343 10
2295 2298 2343 4430 10
4430 4436 2298 2343 10
1089 1132 1074 4619 10
4619 4533 4503 1074 10
4619 1089 4533 1074 10
4533 4619 4503 4620 10
4620 4534 4504 4503 10
4620 4533 4534 4503 10
4534 4620 4504 2390 10
2390 2347 2332 4504 10
2390 4534 2347 4504 10
1041 1037 1050 4455 10
4429 4437 4455 1037 10
1037 1041 4437 4455 10
4437 4429 4455 4456 10
4430 4438 4456 4429 10
4429 4437 4438 4456 10
4438 4430 4456 2308 10
2295 2299 2308 4430 10
4430 4438 2299 2308 10
1037 1041 1085 4525 10
4437 4429 4525 1037 10
4437 1037 4525 1041 10
4429 4437 4525 4526 10
4438 4430 4526 4429 10
4438 4429 4526 4437 10
4430 4438 4526 2343 10
2299 2295 2343 4430 10
2299 4430 2343 4438 10
1043 1042 1074 4503 10
4439 4441 4503 1042 10
1042 1043 4441 4503 10
4441 4439 4503 4504 10
4440 4442 4504 4439 10
4439 4441 4442 4504 10
4442 4440 4504 2332 10
2300 2301 2332 4440 10
4440 4442 2301 2332 10
1042 1043 1079 4513 10
4441 4439 4513 1042 10
4441 1042 4513 1043 10
4439 4441 4513 4514 10
4442 4440 4514 4439 10
4442 4439 4514 4441 10
4440 4442 4514 2337 10
2301 2300 2337 4440 10
2301 4440 2337 4442 10
1069 1098 1099 4553 10
4551 4493 4553 1069 10
4551 1069 4553 1098 10
4493 4551 4553 4554 10
4552 4494 4554 4493 10
4552 4493 4554 4551 10
4494 4552 4554 2357 10
2356 2327 2357 4494 10
2356 4494 2357 4552 10
1080 1046 1045 4515 10
4447 4515 4445 1045 10
4447 1046 4515 1045 10
4515 4447 4445 4516 10
4448 4516 4446 4445 10
4448 4447 4516 4445 10
4516 4448 4446 2338 10
2304 2338 2303 4446 10
2304 4448 2338 4446 10
1044 1080 1045 4515 10
4515 4443 4445 1044 10
4515 1044 4445 1045 10
4443 4515 4445 4516 10
4516 4444 4446 4443 10
4516 4443 4446 4445 10
4444 4516 4446 2338 10
2338 2302 2303 4444 10
2338 4444 2303 4446 10
1045 1046 1082 4519 10
4447 4445 4519 1045 10
4447 1045 4519 1046 10
4445 4447 4519 4520 10
4448 4446 4520 4445 10
4448 4445 4520 4447 10
4446 4448 4520 2340 10
2304 2303 2340 4446 10
2304 4446 2340 4448 10
1044 1045 1064 4483 10
4445 4443 4483 1044 10
4445 1044 4483 1045 10
4443 4445 4483 4484 10
4446 4444 4484 4443 10
4446 4443 4484 4445 10
4444 4446 4484 2322 10
2303 2302 2322 4444 10
2303 4444 2322 4446 10
1137 1046 1080 4629 10
4447 4629 4515 1046 10
1046 1080 4629 4515 10
4629 4447 4515 4630 10
4448 4630 4516 4447 10
4447 4515 4630 4516 10
4630 4448 4516 2395 10
2304 2395 2338 4448 10
4448 4516 2395 2338 10
1044 1081 1080 4517 10
4517 4443 4515 1044 10
4517 1044 4515 1080 10
4443 4517 4515 4518 10
4518 4444 4516 4443 10
4518 4443 4516 4515 10
4444 4518 4516 2339 10
2339 2302 2338 4444 10
2339 4444 2338 4516 10
1047 1048 1118 4591 10
4451 4449 4591 1047 10
4451 1047 4591 1048 10
4449 4451 4591 4592 10
4452 4450 4592 4449 10
4452 4449 4592 4451 10
4450 4452 4592 2376 10
2306 2305 2376 4450 10
2306 4450 2376 4452 10
1052 1048 1111 4577 10
4451 4459 4577 1048 10
1048 1052 4459 4577 10
4459 4451 4577 4578 10
4452 4460 4578 4451 10
4451 4459 4460 4578 10
4460 4452 4578 2369 10
2306 2310 2369 4452 10
4452 4460 2310 2369 10
1048 1047 1111 4577 10
4449 4451 4577 1047 10
1047 1048 4451 4577 10
4451 4449 4577 4578 10
4450 4452 4578 4449 10
4449 4451 4452 4578 10
4452 4450 4578 2369 10
2305 2306 2369 4450 10
4450 4452 2306 2369 10
1048 1052 1114 4583 10
4459 4451 4583 1048 10
4459 1048 4583 1052 10
4451 4459 4583 4584 10
4460 4452 4584 4451 10
4460 4451 4584 4459 10
4452 4460 4584 2372 10
2310 2306 2372 4452 10
2310 4452 2372 4460 10
1075 1049 1074 4505 10
4453 4505 4503 1049 10
1049 1074 4505 4503 10
4505 4453 4503 4506 10
4454 4506 4504 4453 10
4453 4503 4506 4504 10
4506 4454 4504 2333 10
2307 2333 2332 4454 10
4454 4504 2333 2332 10
1049 1043 1074 4503 10
4441 4453 4503 1043 10
1043 1049 4453 4503 10
4453 4441 4503 4504 10
4442 4454 4504 4441 10
4441 4453 4454 4504 10
4454 4442 4504 2332 10
2301 2307 2332 4442 10
4442 4454 2307 2332 10
33 32 1050 4455 10
1321 1323 4455 32 10
32 33 1323 4455 10
1323 1321 4455 4456 10
1322 1324 4456 1323 10
1322 1323 4456 1321 10
1324 1322 4456 2308 10
70 71 2308 1322 10
1322 1324 71 2308 10
1037 33 1050 4455 10
1323 4429 4455 33 10
33 1037 4429 4455 10
4429 1323 4455 4456 10
1324 4430 4456 1323 10
1323 4429 4430 4456 10
4430 1324 4456 2308 10
71 2295 2308 1324 10
1324 4430 2295 2308 10
1086 1085 1069 4527 10
4525 4527 4493 1069 10
4525 1085 4527 1069 10
4527 4525 4493 4528 10
4526 4528 4494 4493 10
4526 4525 4528 4493 10
4528 4526 4494 2344 10
2343 2344 2327 4494 10
2343 4526 2344 4494 10
1055 1098 1069 4551 10
4551 4465 4493 1055 10
4551 1055 4493 1069 10
4465 4551 4493 4552 10
4552 4466 4494 4465 10
4552 4465 4494 4493 10
4466 4552 4494 2356 10
2356 2313 2327 4466 10
2356 4466 2327 4494 10
1153 1091 1156 4667 10
4537 4661 4667 1091 10
1091 1153 4661 4667 10
4661 4537 4667 4668 10
4538 4662 4668 4537 10
4537 4661 4662 4668 10
4662 4538 4668 2414 10
2349 2411 2414 4538 10
4538 4662 2411 2414 10
1091 1082 1156 4667 10
4519 4537 4667 1082 10
1082 1091 4537 4667 10
4537 4519 4667 4668 10
4520 4538 4668 4519 10
4519 4537 4538 4668 10
4538 4520 4668 2414 10
2340 2349 2414 4520 10
4520 4538 2349 2414 10
1091 1153 1076 4661 10
4661 4537 4507 1076 10
4661 1091 4537 1076 10
4537 4661 4507 4662 10
4662 4538 4508 4507 10
4662 4537 4538 4507 10
4538 4662 4508 2411 10
2411 2349 2334 4508 10
2411 4538 2349 4508 10
1117 941 1053 4589 10
4237 4589 4461 941 10
941 1053 4589 4461 10
4589 4237 4461 4590 10
4238 4590 4462 4237 10
4237 4461 4590 4462 10
4590 4238 4462 2375 10
2199 2375 2311 4238 10
4238 4462 2375 2311 10
1177 1109 1179 4713 10
4573 4709 4713 1109 10
1109 1177 4709 4713 10
4709 4573 4713 4714 10
4574 4710 4714 4573 10
4573 4709 4710 4714 10
4710 4574 4714 2437 10
2367 2435 2437 4574 10
4574 4710 2435 2437 10
1109 1122 1179 4713 10
4599 4573 4713 1109 10
4599 1109 4713 1122 10
4573 4599 4713 4714 10
4600 4574 4714 4573 10
4600 4573 4714 4599 10
4574 4600 4714 2437 10
2380 2367 2437 4574 10
2380 4574 2437 4600 10
1051 1142 935 4639 10
4639 4457 4225 935 10
4639 1051 4457 935 10
4457 4639 4225 4640 10
4640 4458 4226 4225 10
4640 4457 4458 4225 10
4458 4640 4226 2400 10
2400 2309 2193 4226 10
2400 4458 2309 4226 10
1118 1142 1047 4639 10
4639 4591 4449 1047 10
4639 1118 4591 1047 10
4591 4639 4449 4640 10
4640 4592 4450 4449 10
4640 4591 4592 4449 10
4592 4640 4450 2400 10
2400 2376 2305 4450 10
2400 4592 2376 4450 10
1142 1051 1047 4639 10
4457 4639 4449 1047 10
4457 1051 4639 1047 10
4639 4457 4449 4640 10
4458 4640 4450 4449 10
4458 4457 4640 4449 10
4640 4458 4450 2400 10
2309 2400 2305 4450 10
2309 4458 2400 4450 10
1141 1164 1127 4683 10
4683 4637 4609 1127 10
4683 1141 4637 1127 10
4637 4683 4609 4684 10
4684 4638 4610 4609 10
4684 4637 4638 4609 10
4638 4684 4610 2422 10
2422 2399 2385 4610 10
2422 4638 2399 4610 10
1141 1114 1052 4637 10
4583 4637 4459 1052 10
4583 1114 4637 1052 10
4637 4583 4459 4638 10
4584 4638 4460 4459 10
4584 4583 4638 4459 10
4638 4584 4460 2399 10
2372 2399 2310 4460 10
2372 4584 2399 4460 10
1071 1197 1194 4749 10
4749 4497 4743 1071 10
4749 1071 4743 1194 10
4497 4749 4743 4750 10
4750 4498 4744 4497 10
4750 4497 4744 4743 10
4498 4750 4744 2455 10
2455 2329 2452 4498 10
2455 4498 2452 4744 10
947 1115 1053 4585 10
4585 4249 4461 947 10
4585 947 4461 1053 10
4249 4585 4461 4586 10
4586 4250 4462 4249 10
4586 4249 4462 4461 10
4250 4586 4462 2373 10
2373 2205 2311 4250 10
2373 4250 2311 4462 10
1150 1061 1235 4825 10
4477 4655 4825 1061 10
1061 1150 4655 4825 10
4655 4477 4825 4826 10
4478 4656 4826 4477 10
4477 4655 4656 4826 10
4656 4478 4826 2493 10
2319 2408 2493 4478 10
4478 4656 2408 2493 10
1072 1061 1055 4499 10
4477 4499 4465 1055 10
4477 1061 4499 1055 10
4499 4477 4465 4500 10
4478 4500 4466 4465 10
4478 4477 4500 4465 10
4500 4478 4466 2330 10
2319 2330 2313 4466 10
2319 4478 2330 4466 10
1061 1150 1055 4655 10
4655 4477 4465 1055 10
4655 1061 4477 1055 10
4477 4655 4465 4656 10
4656 4478 4466 4465 10
4656 4477 4478 4465 10
4478 4656 4466 2408 10
2408 2319 2313 4466 10
2408 4478 2319 4466 10
1054 1050 1072 4499 10
4455 4463 4499 1050 10
1050 1054 4463 4499 10
4463 4455 4499 4500 10
4456 4464 4500 4455 10
4455 4463 4464 4500 10
4464 4456 4500 2330 10
2308 2312 2330 4456 10
4456 4464 2312 2330 10
1055 1054 1072 4499 10
4463 4465 4499 1054 10
1054 1055 4465 4499 10
4465 4463 4499 4500 10
4464 4466 4500 4463 10
4463 4465 4466 4500 10
4466 4464 4500 2330 10
2312 2313 2330 4464 10
4464 4466 2313 2330 10
1056 1108 1177 4709 10
4571 4467 4709 1056 10
4571 1056 4709 1108 10
4467 4571 4709 4710 10
4572 4468 4710 4467 10
4572 4467 4710 4571 10
4468 4572 4710 2435 10
2366 2314 2435 4468 10
2366 4468 2435 4572 10
1101 1057 941 4557 10
4469 4557 4237 941 10
4469 1057 4557 941 10
4557 4469 4237 4558 10
4470 4558 4238 4237 10
4470 4469 4558 4237 10
4558 4470 4238 2359 10
2315 2359 2199 4238 10
2315 4470 2359 4238 10
1058 1128 1194 4743 10
4611 4471 4743 1058 10
4611 1058 4743 1128 10
4471 4611 4743 4744 10
4612 4472 4744 4471 10
4612 4471 4744 4611 10
4472 4612 4744 2452 10
2386 2316 2452 4472 10
2386 4472 2452 4612 10
1062 31 30 4479 10
1319 4479 1317 30 10
1319 31 4479 30 10
4479 1319 1317 4480 10
1320 4480 1318 1319 10
1319 1317 4480 1318 10
4480 1320 1318 2320 10
69 2320 68 1320 10
1320 1318 2320 68 10
1235 1062 30 4825 10
4479 4825 1317 30 10
4479 1062 4825 30 10
4825 4479 1317 4826 10
4480 4826 1318 1317 10
4480 4479 4826 1317 10
4826 4480 1318 2493 10
2320 2493 68 1318 10
2320 4480 2493 1318 10
31 1062 1072 4499 10
4479 1319 4499 31 10
4479 31 4499 1062 10
1319 4479 4499 4500 10
4480 1320 4500 1319 10
4480 1319 4500 4479 10
1320 4480 4500 2330 10
2320 69 2330 1320 10
2320 1320 2330 4480 10
1110 1112 1051 4579 10
4579 4575 4457 1051 10
4579 1110 4575 1051 10
4575 4579 4457 4580 10
4580 4576 4458 4457 10
4580 4575 4576 4457 10
4576 4580 4458 2370 10
2370 2368 2309 4458 10
2370 4576 2368 4458 10
1112 1047 1051 4579 10
4449 4579 4457 1047 10
1047 1051 4579 4457 10
4579 4449 4457 4580 10
4450 4580 4458 4449 10
4449 4457 4580 4458 10
4580 4450 4458 2370 10
2305 2370 2309 4450 10
4450 4458 2370 2309 10
1059 1185 1164 4725 10
4725 4473 4683 1059 10
4725 1059 4683 1164 10
4473 4725 4683 4726 10
4726 4474 4684 4473 10
4726 4473 4684 4683 10
4474 4726 4684 2443 10
2443 2317 2422 4474 10
2443 4474 2422 4684 10
1059 1052 1060 4475 10
4459 4473 4475 1052 10
1052 1059 4473 4475 10
4473 4459 4475 4476 10
4460 4474 4476 4459 10
4459 4473 4474 4476 10
4474 4460 4476 2318 10
2310 2317 2318 4460 10
4460 4474 2317 2318 10
1185 1059 1060 4725 10
4473 4725 4475 1059 10
1059 1060 4725 4475 10
4725 4473 4475 4726 10
4474 4726 4476 4473 10
4473 4475 4726 4476 10
4726 4474 4476 2443 10
2317 2443 2318 4474 10
4474 4476 2443 2318 10
1061 1062 1235 4825 10
4479 4477 4825 1061 10
4479 1061 4825 1062 10
4477 4479 4825 4826 10
4480 4478 4826 4477 10
4480 4477 4826 4479 10
4478 4480 4826 2493 10
2320 2319 2493 4478 10
2320 4478 2493 4480 10
1061 1072 1062 4499 10
4499 4477 4479 1061 10
4499 1061 4479 1062 10
4477 4499 4479 4500 10
4500 4478 4480 4477 10
4500 4477 4480 4479 10
4478 4500 4480 2330 10
2330 2319 2320 4478 10
2330 4478 2320 4480 10
1063 1070 1065 4495 10
4495 4481 4485 1063 10
4495 1063 4485 1065 10
4481 4495 4485 4496 10
4496 4482 4486 4481 10
4496 4481 4486 4485 10
4482 4496 4486 2328 10
2328 2321 2323 4482 10
2328 4482 2323 4486 10
1064 1070 1044 4495 10
4495 4483 4443 1044 10
4495 1064 4483 1044 10
4483 4495 4443 4496 10
4496 4484 4444 4443 10
4496 4483 4484 4443 10
4484 4496 4444 2328 10
2328 2322 2302 4444 10
2328 4484 2322 4444 10
1070 1064 1065 4495 10
4483 4495 4485 1064 10
1064 1065 4495 4485 10
4495 4483 4485 4496 10
4484 4496 4486 4483 10
4483 4485 4496 4486 10
4496 4484 4486 2328 10
2322 2328 2323 4484 10
4484 4486 2328 2323 10
1067 1066 1156 4667 10
4487 4489 4667 1066 10
1066 1067 4489 4667 10
4489 4487 4667 4668 10
4488 4490 4668 4487 10
4487 4489 4490 4668 10
4490 4488 4668 2414 10
2324 2325 2414 4488 10
4488 4490 2325 2414 10
1067 1082 1046 4519 10
4519 4489 4447 1046 10
4519 1067 4489 1046 10
4489 4519 4447 4520 10
4520 4490 4448 4447 10
4520 4489 4490 4447 10
4490 4520 4448 2340 10
2340 2325 2304 4448 10
2340 4490 2325 4448 10
1082 1067 1156 4667 10
4489 4519 4667 1067 10
1067 1082 4519 4667 10
4519 4489 4667 4668 10
4490 4520 4668 4489 10
4489 4519 4520 4668 10
4520 4490 4668 2414 10
2325 2340 2414 4490 10
4490 4520 2340 2414 10
1068 1154 1253 4861 10
4663 4491 4861 1068 10
4663 1068 4861 1154 10
4491 4663 4861 4862 10
4664 4492 4862 4491 10
4664 4491 4862 4663 10
4492 4664 4862 2511 10
2412 2326 2511 4492 10
2412 4492 2511 4664 10
1068 1132 1089 4619 10
4619 4491 4533 1068 10
4619 1068 4533 1089 10
4491 4619 4533 4620 10
4620 4492 4534 4491 10
4620 4491 4534 4533 10
4492 4620 4534 2390 10
2390 2326 2347 4492 10
2390 4492 2347 4534 10
1041 1069 1085 4525 10
4493 4437 4525 1041 10
4493 1041 4525 1069 10
4437 4493 4525 4526 10
4494 4438 4526 4437 10
4494 4437 4526 4493 10
4438 4494 4526 2343 10
2327 2299 2343 4438 10
2327 4438 2343 4494 10
1050 1054 1041 4463 10
4463 4455 4437 1041 10
4463 1050 4455 1041 10
4455 4463 4437 4464 10
4464 4456 4438 4437 10
4464 4455 4456 4437 10
4456 4464 4438 2312 10
2312 2308 2299 4438 10
2312 4456 2308 4438 10
1069 1041 1055 4493 10
4437 4493 4465 1041 10
1041 1055 4493 4465 10
4493 4437 4465 4494 10
4438 4494 4466 4437 10
4437 4465 4494 4466 10
4494 4438 4466 2327 10
2299 2327 2313 4438 10
4438 4466 2327 2313 10
1054 1055 1041 4465 10
4465 4463 4437 1041 10
4465 1054 4463 1041 10
4463 4465 4437 4466 10
4466 4464 4438 4437 10
4466 4463 4464 4437 10
4464 4466 4438 2313 10
2313 2312 2299 4438 10
2313 4464 2312 4438 10
1076 1068 1089 4533 10
4491 4507 4533 1068 10
1068 1076 4507 4533 10
4507 4491 4533 4534 10
4492 4508 4534 4491 10
4491 4507 4508 4534 10
4508 4492 4534 2347 10
2326 2334 2347 4492 10
4492 4508 2334 2347 10
1137 1067 1046 4629 10
4489 4629 4447 1046 10
4489 1067 4629 1046 10
4629 4489 4447 4630 10
4490 4630 4448 4447 10
4490 4489 4630 4447 10
4630 4490 4448 2395 10
2325 2395 2304 4448 10
2325 4490 2395 4448 10
1070 1081 1044 4517 10
4517 4495 4443 1044 10
4517 1070 4495 1044 10
4495 4517 4443 4518 10
4518 4496 4444 4443 10
4518 4495 4496 4443 10
4496 4518 4444 2339 10
2339 2328 2302 4444 10
2339 4496 2328 4444 10
1197 1071 1150 4749 10
4497 4749 4655 1071 10
1071 1150 4749 4655 10
4749 4497 4655 4750 10
4498 4750 4656 4497 10
4497 4655 4750 4656 10
4750 4498 4656 2455 10
2329 2455 2408 4498 10
4498 4656 2455 2408 10
1055 1071 1098 4551 10
4497 4465 4551 1055 10
4497 1055 4551 1071 10
4465 4497 4551 4552 10
4498 4466 4552 4465 10
4498 4465 4552 4497 10
4466 4498 4552 2356 10
2329 2313 2356 4466 10
2329 4466 2356 4498 10
1071 1055 1150 4655 10
4465 4497 4655 1055 10
1055 1071 4497 4655 10
4497 4465 4655 4656 10
4466 4498 4656 4465 10
4465 4497 4498 4656 10
4498 4466 4656 2408 10
2313 2329 2408 4466 10
4466 4498 2329 2408 10
32 1072 1050 4499 10
4499 1321 4455 32 10
4499 32 4455 1050 10
1321 4499 4455 4500 10
4500 1322 4456 1321 10
4500 1321 4456 4455 10
1322 4500 4456 2330 10
2330 70 2308 1322 10
2330 1322 2308 4456 10
1072 32 31 4499 10
1321 4499 1319 31 10
1321 32 4499 31 10
4499 1321 1319 4500 10
1322 4500 1320 1319 10
1322 1321 4500 1319 10
4500 1322 1320 2330 10
70 2330 69 1322 10
1322 1320 2330 69 10
1077 1083 1073 4521 10
4521 4509 4501 1073 10
4521 1077 4509 1073 10
4509 4521 4501 4522 10
4522 4510 4502 4501 10
4522 4509 4510 4501 10
4510 4522 4502 2341 10
2341 2335 2331 4502 10
2341 4510 2335 4502 10
1073 1042 1079 4513 10
4439 4501 4513 1042 10
1042 1073 4501 4513 10
4501 4439 4513 4514 10
4440 4502 4514 4439 10
4439 4501 4502 4514 10
4502 4440 4514 2337 10
2300 2331 2337 4440 10
4440 4502 2331 2337 10
1073 1079 1077 4513 10
4513 4501 4509 1073 10
4513 1073 4509 1077 10
4501 4513 4509 4514 10
4514 4502 4510 4501 10
4514 4501 4510 4509 10
4502 4514 4510 2337 10
2337 2331 2335 4502 10
2337 4502 2335 4510 10
1073 1089 1074 4533 10
4533 4501 4503 1073 10
4533 1073 4503 1074 10
4501 4533 4503 4534 10
4534 4502 4504 4501 10
4534 4501 4504 4503 10
4502 4534 4504 2347 10
2347 2331 2332 4502 10
2347 4502 2332 4504 10
1042 1073 1074 4503 10
4501 4439 4503 1042 10
4501 1042 4503 1073 10
4439 4501 4503 4504 10
4502 4440 4504 4439 10
4502 4439 4504 4501 10
4440 4502 4504 2332 10
2331 2300 2332 4440 10
2331 4440 2332 4502 10
1132 1075 1074 4619 10
4505 4619 4503 1074 10
4505 1075 4619 1074 10
4619 4505 4503 4620 10
4506 4620 4504 4503 10
4506 4505 4620 4503 10
4620 4506 4504 2390 10
2333 2390 2332 4504 10
2333 4506 2390 4504 10
1075 1132 619 4619 10
4619 4505 3593 619 10
4619 1075 4505 619 10
4505 4619 3593 4620 10
4620 4506 3594 3593 10
4620 4505 4506 3593 10
4506 4620 3594 2390 10
2390 2333 1877 3594 10
2390 4506 2333 3594 10
1057 1113 1110 4581 10
4581 4469 4575 1057 10
4581 1057 4575 1110 10
4469 4581 4575 4582 10
4582 4470 4576 4469 10
4582 4469 4576 4575 10
4470 4582 4576 2371 10
2371 2315 2368 4470 10
2371 4470 2368 4576 10
1153 1154 1076 4663 10
4663 4661 4507 1076 10
4663 1153 4661 1076 10
4661 4663 4507 4664 10
4664 4662 4508 4507 10
4664 4661 4662 4507 10
4662 4664 4508 2412 10
2412 2411 2334 4508 10
2412 4662 2411 4508 10
1154 1068 1076 4663 10
4491 4663 4507 1068 10
1068 1076 4663 4507 10
4663 4491 4507 4664 10
4492 4664 4508 4491 10
4491 4507 4664 4508 10
4664 4492 4508 2412 10
2326 2412 2334 4492 10
4492 4508 2412 2334 10
1078 972 933 4511 10
4299 4511 4221 933 10
4299 972 4511 933 10
4511 4299 4221 4512 10
4300 4512 4222 4221 10
4300 4299 4512 4221 10
4512 4300 4222 2336 10
2230 2336 2191 4222 10
2230 4300 2336 4222 10
972 1078 1079 4513 10
4511 4299 4513 972 10
4511 972 4513 1078 10
4299 4511 4513 4514 10
4512 4300 4514 4299 10
4512 4299 4514 4511 10
4300 4512 4514 2337 10
2336 2230 2337 4300 10
2336 4300 2337 4512 10
1078 1077 1079 4513 10
4509 4511 4513 1077 10
1077 1078 4511 4513 10
4511 4509 4513 4514 10
4510 4512 4514 4509 10
4509 4511 4512 4514 10
4512 4510 4514 2337 10
2335 2336 2337 4510 10
4510 4512 2336 2337 10
1065 1078 933 4511 10
4511 4485 4221 933 10
4511 1065 4485 933 10
4485 4511 4221 4512 10
4512 4486 4222 4221 10
4512 4485 4486 4221 10
4486 4512 4222 2336 10
2336 2323 2191 4222 10
2336 4486 2323 4222 10
1078 1065 1064 4511 10
4485 4511 4483 1064 10
4485 1065 4511 1064 10
4511 4485 4483 4512 10
4486 4512 4484 4483 10
4486 4485 4512 4483 10
4512 4486 4484 2336 10
2323 2336 2322 4484 10
2323 4486 2336 4484 10
1077 1078 1064 4511 10
4511 4509 4483 1064 10
4511 1077 4509 1064 10
4509 4511 4483 4512 10
4512 4510 4484 4483 10
4512 4509 4510 4483 10
4510 4512 4484 2336 10
2336 2335 2322 4484 10
2336 4510 2335 4484 10
1080 1145 1137 4645 10
4645 4515 4629 1080 10
4645 1080 4629 1137 10
4515 4645 4629 4646 10
4646 4516 4630 4515 10
4646 4515 4630 4629 10
4516 4646 4630 2403 10
2403 2338 2395 4516 10
2403 4516 2395 4630 10
1145 1080 1081 4645 10
4515 4645 4517 1080 10
1080 1081 4645 4517 10
4645 4515 4517 4646 10
4516 4646 4518 4515 10
4515 4517 4646 4518 10
4646 4516 4518 2403 10
2338 2403 2339 4516 10
4516 4518 2403 2339 10
1045 1082 1083 4521 10
4519 4445 4521 1045 10
4519 1045 4521 1082 10
4445 4519 4521 4522 10
4520 4446 4522 4445 10
4520 4445 4522 4519 10
4446 4520 4522 2341 10
2340 2303 2341 4446 10
2340 4446 2341 4520 10
1064 1045 1083 4521 10
4445 4483 4521 1045 10
1045 1064 4483 4521 10
4483 4445 4521 4522 10
4446 4484 4522 4445 10
4445 4483 4484 4522 10
4484 4446 4522 2341 10
2303 2322 2341 4446 10
4446 4484 2322 2341 10
1064 1083 1077 4521 10
4521 4483 4509 1064 10
4521 1064 4509 1077 10
4483 4521 4509 4522 10
4522 4484 4510 4483 10
4522 4483 4510 4509 10
4484 4522 4510 2341 10
2341 2322 2335 4484 10
2341 4484 2335 4510 10
1132 1068 1253 4861 10
4491 4619 4861 1068 10
1068 1132 4619 4861 10
4619 4491 4861 4862 10
4492 4620 4862 4491 10
4491 4619 4620 4862 10
4620 4492 4862 2511 10
2326 2390 2511 4492 10
4492 4620 2390 2511 10
1093 1084 1100 4555 10
4523 4541 4555 1084 10
1084 1093 4541 4555 10
4541 4523 4555 4556 10
4524 4542 4556 4523 10
4523 4541 4542 4556 10
4542 4524 4556 2358 10
2342 2351 2358 4524 10
4524 4542 2351 2358 10
1140 1085 1086 4635 10
4525 4635 4527 1085 10
1085 1086 4635 4527 10
4635 4525 4527 4636 10
4526 4636 4528 4525 10
4525 4527 4636 4528 10
4636 4526 4528 2398 10
2343 2398 2344 4526 10
4526 4528 2398 2344 10
1140 959 1087 4635 10
4273 4635 4529 959 10
959 1087 4635 4529 10
4635 4273 4529 4636 10
4274 4636 4530 4273 10
4273 4529 4636 4530 10
4636 4274 4530 2398 10
2217 2398 2345 4274 10
4274 4530 2398 2345 10
1088 1076 1089 4533 10
4507 4531 4533 1076 10
1076 1088 4531 4533 10
4531 4507 4533 4534 10
4508 4532 4534 4507 10
4507 4531 4532 4534 10
4532 4508 4534 2347 10
2334 2346 2347 4508 10
4508 4532 2346 2347 10
1073 1088 1089 4533 10
4531 4501 4533 1073 10
4531 1073 4533 1088 10
4501 4531 4533 4534 10
4532 4502 4534 4501 10
4532 4501 4534 4531 10
4502 4532 4534 2347 10
2346 2331 2347 4502 10
2346 4502 2347 4532 10
1114 1090 1048 4583 10
4535 4583 4451 1048 10
4535 1090 4583 1048 10
4583 4535 4451 4584 10
4536 4584 4452 4451 10
4536 4535 4584 4451 10
4584 4536 4452 2372 10
2348 2372 2306 4452 10
2348 4536 2372 4452 10
1090 1118 1048 4591 10
4591 4535 4451 1048 10
4591 1090 4535 1048 10
4535 4591 4451 4592 10
4592 4536 4452 4451 10
4592 4535 4536 4451 10
4536 4592 4452 2376 10
2376 2348 2306 4452 10
2376 4536 2348 4452 10
1115 1117 1053 4589 10
4589 4585 4461 1053 10
4589 1115 4585 1053 10
4585 4589 4461 4590 10
4590 4586 4462 4461 10
4590 4585 4586 4461 10
4586 4590 4462 2375 10
2375 2373 2311 4462 10
2375 4586 2373 4462 10
1102 1117 1116 4589 10
4589 4559 4587 1102 10
4589 1102 4587 1116 10
4559 4589 4587 4590 10
4590 4560 4588 4559 10
4590 4559 4588 4587 10
4560 4590 4588 2375 10
2375 2360 2374 4560 10
2375 4560 2374 4588 10
1083 1088 1073 4531 10
4531 4521 4501 1073 10
4531 1083 4521 1073 10
4521 4531 4501 4532 10
4532 4522 4502 4501 10
4532 4521 4522 4501 10
4522 4532 4502 2346 10
2346 2341 2331 4502 10
2346 4522 2341 4502 10
1088 1083 1082 4531 10
4521 4531 4519 1082 10
4521 1083 4531 1082 10
4531 4521 4519 4532 10
4522 4532 4520 4519 10
4522 4521 4532 4519 10
4532 4522 4520 2346 10
2341 2346 2340 4520 10
2341 4522 2346 4520 10
1091 1076 1088 4537 10
4507 4537 4531 1076 10
1076 1088 4537 4531 10
4537 4507 4531 4538 10
4508 4538 4532 4507 10
4507 4531 4538 4532 10
4538 4508 4532 2349 10
2334 2349 2346 4508 10
4508 4532 2349 2346 10
1091 1088 1082 4537 10
4531 4537 4519 1082 10
4531 1088 4537 1082 10
4537 4531 4519 4538 10
4532 4538 4520 4519 10
4532 4531 4538 4519 10
4538 4532 4520 2349 10
2346 2349 2340 4520 10
2346 4532 2349 4520 10
1094 1123 1099 4601 10
4601 4543 4553 1094 10
4601 1094 4553 1099 10
4543 4601 4553 4602 10
4602 4544 4554 4543 10
4602 4543 4554 4553 10
4544 4602 4554 2381 10
2381 2352 2357 4544 10
2381 4544 2357 4554 10
1099 1092 1069 4553 10
4539 4553 4493 1069 10
4539 1092 4553 1069 10
4553 4539 4493 4554 10
4540 4554 4494 4493 10
4540 4539 4554 4493 10
4554 4540 4494 2357 10
2350 2357 2327 4494 10
2350 4540 2357 4494 10
1086 1092 1129 4613 10
4539 4527 4613 1086 10
4539 1086 4613 1092 10
4527 4539 4613 4614 10
4540 4528 4614 4527 10
4540 4527 4614 4539 10
4528 4540 4614 2387 10
2350 2344 2387 4528 10
2350 4528 2387 4540 10
1092 1086 1069 4539 10
4527 4539 4493 1069 10
4527 1086 4539 1069 10
4539 4527 4493 4540 10
4528 4540 4494 4493 10
4528 4527 4540 4493 10
4540 4528 4494 2350 10
2344 2350 2327 4494 10
2344 4528 2350 4494 10
1092 1099 1129 4613 10
4553 4539 4613 1092 10
4553 1092 4613 1099 10
4539 4553 4613 4614 10
4554 4540 4614 4539 10
4554 4539 4614 4553 10
4540 4554 4614 2387 10
2357 2350 2387 4540 10
2357 4540 2387 4554 10
941 1117 1101 4589 10
4589 4237 4557 941 10
4589 941 4557 1101 10
4237 4589 4557 4590 10
4590 4238 4558 4237 10
4590 4237 4558 4557 10
4238 4590 4558 2375 10
2375 2199 2359 4238 10
2375 4238 2359 4558 10
1102 1093 1101 4559 10
4541 4559 4557 1093 10
1093 1101 4559 4557 10
4559 4541 4557 4560 10
4542 4560 4558 4541 10
4541 4557 4560 4558 10
4560 4542 4558 2360 10
2351 2360 2359 4542 10
4542 4558 2360 2359 10
1102 1101 1117 4589 10
4557 4559 4589 1101 10
1101 1102 4559 4589 10
4559 4557 4589 4590 10
4558 4560 4590 4557 10
4557 4559 4560 4590 10
4560 4558 4590 2375 10
2359 2360 2375 4558 10
4558 4560 2360 2375 10
1123 1128 1122 4611 10
4611 4601 4599 1122 10
4611 1123 4601 1122 10
4601 4611 4599 4612 10
4612 4602 4600 4599 10
4612 4601 4602 4599 10
4602 4612 4600 2386 10
2386 2381 2380 4600 10
2386 4602 2381 4600 10
1123 1094 1128 4611 10
4543 4601 4611 1094 10
1094 1123 4601 4611 10
4601 4543 4611 4612 10
4544 4602 4612 4543 10
4543 4601 4602 4612 10
4602 4544 4612 2386 10
2352 2381 2386 4544 10
4544 4602 2381 2386 10
1144 1129 1095 4643 10
4613 4643 4545 1095 10
4613 1129 4643 1095 10
4643 4613 4545 4644 10
4614 4644 4546 4545 10
4614 4613 4644 4545 10
4644 4614 4546 2402 10
2387 2402 2353 4546 10
2387 4614 2402 4546 10
1129 1144 1086 4643 10
4643 4613 4527 1086 10
4643 1129 4613 1086 10
4613 4643 4527 4644 10
4644 4614 4528 4527 10
4644 4613 4614 4527 10
4614 4644 4528 2402 10
2402 2387 2344 4528 10
2402 4614 2387 4528 10
959 1144 1095 4643 10
4643 4273 4545 959 10
4643 959 4545 1095 10
4273 4643 4545 4644 10
4644 4274 4546 4273 10
4644 4273 4546 4545 10
4274 4644 4546 2402 10
2402 2217 2353 4274 10
2402 4274 2353 4546 10
1096 1123 1116 4601 10
4601 4547 4587 1096 10
4601 1096 4587 1116 10
4547 4601 4587 4602 10
4602 4548 4588 4547 10
4602 4547 4588 4587 10
4548 4602 4588 2381 10
2381 2354 2374 4548 10
2381 4548 2374 4588 10
1096 1129 1099 4613 10
4613 4547 4553 1096 10
4613 1096 4553 1099 10
4547 4613 4553 4614 10
4614 4548 4554 4547 10
4614 4547 4554 4553 10
4548 4614 4554 2387 10
2387 2354 2357 4548 10
2387 4548 2357 4554 10
1123 1096 1099 4601 10
4547 4601 4553 1096 10
1096 1099 4601 4553 10
4601 4547 4553 4602 10
4548 4602 4554 4547 10
4547 4553 4602 4554 10
4602 4548 4554 2381 10
2354 2381 2357 4548 10
4548 4554 2381 2357 10
1097 1093 1102 4559 10
4541 4549 4559 1093 10
1093 1097 4549 4559 10
4549 4541 4559 4560 10
4542 4550 4560 4541 10
4541 4549 4550 4560 10
4550 4542 4560 2360 10
2351 2355 2360 4542 10
4542 4550 2355 2360 10
1093 1097 1084 4549 10
4549 4541 4523 1084 10
4549 1093 4541 1084 10
4541 4549 4523 4550 10
4550 4542 4524 4523 10
4550 4541 4542 4523 10
4542 4550 4524 2355 10
2355 2351 2342 4524 10
2355 4542 2351 4524 10
1094 1071 1194 4743 10
4497 4543 4743 1071 10
1071 1094 4543 4743 10
4543 4497 4743 4744 10
4498 4544 4744 4497 10
4497 4543 4544 4744 10
4544 4498 4744 2452 10
2329 2352 2452 4498 10
4498 4544 2352 2452 10
1128 1094 1194 4743 10
4543 4611 4743 1094 10
1094 1128 4611 4743 10
4611 4543 4743 4744 10
4544 4612 4744 4543 10
4543 4611 4612 4744 10
4612 4544 4744 2452 10
2352 2386 2452 4544 10
4544 4612 2386 2452 10
1099 1098 1094 4553 10
4551 4553 4543 1094 10
4551 1098 4553 1094 10
4553 4551 4543 4554 10
4552 4554 4544 4543 10
4552 4551 4554 4543 10
4554 4552 4544 2357 10
2356 2357 2352 4544 10
2356 4552 2357 4544 10
1098 1071 1094 4551 10
4497 4551 4543 1071 10
1071 1094 4551 4543 10
4551 4497 4543 4552 10
4498 4552 4544 4497 10
4497 4543 4552 4544 10
4552 4498 4544 2356 10
2329 2356 2352 4498 10
4498 4544 2356 2352 10
1057 1101 1113 4581 10
4557 4469 4581 1057 10
4557 1057 4581 1101 10
4469 4557 4581 4582 10
4558 4470 4582 4469 10
4558 4469 4582 4557 10
4470 4558 4582 2371 10
2359 2315 2371 4470 10
2359 4470 2371 4558 10
1093 1100 1113 4581 10
4555 4541 4581 1093 10
4555 1093 4581 1100 10
4541 4555 4581 4582 10
4556 4542 4582 4541 10
4556 4541 4582 4555 10
4542 4556 4582 2371 10
2358 2351 2371 4542 10
2358 4542 2371 4556 10
1093 1113 1101 4581 10
4581 4541 4557 1093 10
4581 1093 4557 1101 10
4541 4581 4557 4582 10
4582 4542 4558 4541 10
4582 4541 4558 4557 10
4542 4582 4558 2371 10
2371 2351 2359 4542 10
2371 4542 2359 4558 10
1097 1102 1116 4587 10
4559 4549 4587 1097 10
4559 1097 4587 1102 10
4549 4559 4587 4588 10
4560 4550 4588 4549 10
4560 4549 4588 4559 10
4550 4560 4588 2374 10
2360 2355 2374 4550 10
2360 4550 2374 4560 10
1107 1103 937 4569 10
4561 4569 4229 937 10
4561 1103 4569 937 10
4569 4561 4229 4570 10
4562 4570 4230 4229 10
4562 4561 4570 4229 10
4570 4562 4230 2365 10
2361 2365 2195 4230 10
2361 4562 2365 4230 10
1145 1143 1104 4645 10
4641 4645 4563 1104 10
4641 1143 4645 1104 10
4645 4641 4563 4646 10
4642 4646 4564 4563 10
4642 4641 4646 4563 10
4646 4642 4564 2403 10
2401 2403 2362 4564 10
2401 4642 2403 4564 10
1105 1130 1104 4615 10
4615 4565 4563 1104 10
4615 1105 4565 1104 10
4565 4615 4563 4616 10
4616 4566 4564 4563 10
4616 4565 4566 4563 10
4566 4616 4564 2388 10
2388 2363 2362 4564 10
2388 4566 2363 4564 10
1090 1105 1104 4565 10
4565 4535 4563 1090 10
4565 1090 4563 1104 10
4535 4565 4563 4566 10
4566 4536 4564 4535 10
4566 4535 4564 4563 10
4536 4566 4564 2363 10
2363 2348 2362 4536 10
2363 4536 2362 4564 10
1106 1145 1104 4645 10
4645 4567 4563 1104 10
4645 1106 4567 1104 10
4567 4645 4563 4646 10
4646 4568 4564 4563 10
4646 4567 4568 4563 10
4568 4646 4564 2403 10
2403 2364 2362 4564 10
2403 4568 2364 4564 10
1130 1106 1104 4615 10
4567 4615 4563 1104 10
4567 1106 4615 1104 10
4615 4567 4563 4616 10
4568 4616 4564 4563 10
4568 4567 4616 4563 10
4616 4568 4564 2388 10
2364 2388 2362 4564 10
2364 4568 2388 4564 10
1107 1143 1103 4641 10
4641 4569 4561 1103 10
4641 1107 4569 1103 10
4569 4641 4561 4642 10
4642 4570 4562 4561 10
4642 4569 4570 4561 10
4570 4642 4562 2401 10
2401 2365 2361 4562 10
2401 4570 2365 4562 10
1108 1109 1177 4709 10
4573 4571 4709 1108 10
4573 1108 4709 1109 10
4571 4573 4709 4710 10
4574 4572 4710 4571 10
4574 4571 4710 4573 10
4572 4574 4710 2435 10
2367 2366 2435 4572 10
2367 4572 2435 4574 10
1097 1122 1109 4599 10
4599 4549 4573 1097 10
4599 1097 4573 1109 10
4549 4599 4573 4600 10
4600 4550 4574 4549 10
4600 4549 4574 4573 10
4550 4600 4574 2380 10
2380 2355 2367 4550 10
2380 4550 2367 4574 10
1060 1084 1108 4571 10
4523 4475 4571 1060 10
4523 1060 4571 1084 10
4475 4523 4571 4572 10
4524 4476 4572 4475 10
4524 4475 4572 4523 10
4476 4524 4572 2366 10
2342 2318 2366 4476 10
2342 4476 2366 4524 10
1108 1084 1097 4571 10
4523 4571 4549 1084 10
1084 1097 4571 4549 10
4571 4523 4549 4572 10
4524 4572 4550 4523 10
4523 4549 4572 4550 10
4572 4524 4550 2366 10
2342 2366 2355 4524 10
4524 4550 2366 2355 10
1108 1097 1109 4573 10
4549 4571 4573 1097 10
1097 1108 4571 4573 10
4571 4549 4573 4574 10
4550 4572 4574 4549 10
4549 4571 4572 4574 10
4572 4550 4574 2367 10
2355 2366 2367 4550 10
4550 4572 2366 2367 10
1106 1137 1145 4645 10
4629 4567 4645 1106 10
4629 1106 4645 1137 10
4567 4629 4645 4646 10
4630 4568 4646 4567 10
4630 4567 4646 4629 10
4568 4630 4646 2403 10
2395 2364 2403 4568 10
2395 4568 2403 4630 10
1135 1106 1130 4625 10
4567 4625 4615 1106 10
1106 1130 4625 4615 10
4625 4567 4615 4626 10
4568 4626 4616 4567 10
4567 4615 4626 4616 10
4626 4568 4616 2393 10
2364 2393 2388 4568 10
4568 4616 2393 2388 10
1103 938 937 4561 10
4231 4561 4229 937 10
4231 938 4561 937 10
4561 4231 4229 4562 10
4232 4562 4230 4229 10
4232 4231 4562 4229 10
4562 4232 4230 2361 10
2196 2361 2195 4230 10
2196 4232 2361 4230 10
1070 1063 938 4495 10
4481 4495 4231 938 10
4481 1063 4495 938 10
4495 4481 4231 4496 10
4482 4496 4232 4231 10
4482 4481 4496 4231 10
4496 4482 4232 2328 10
2321 2328 2196 4232 10
2321 4482 2328 4232 10
938 1081 1070 4517 10
4517 4231 4495 938 10
4517 938 4495 1070 10
4231 4517 4495 4518 10
4518 4232 4496 4231 10
4518 4231 4496 4495 10
4232 4518 4496 2339 10
2339 2196 2328 4232 10
2339 4232 2328 4496 10
1103 1081 938 4561 10
4517 4561 4231 938 10
4517 1081 4561 938 10
4561 4517 4231 4562 10
4518 4562 4232 4231 10
4518 4517 4562 4231 10
4562 4518 4232 2361 10
2339 2361 2196 4232 10
2339 4518 2361 4232 10
1135 1130 1160 4675 10
4615 4625 4675 1130 10
1130 1135 4625 4675 10
4625 4615 4675 4676 10
4616 4626 4676 4615 10
4615 4625 4626 4676 10
4626 4616 4676 2418 10
2388 2393 2418 4616 10
4616 4626 2393 2418 10
1113 1112 1110 4581 10
4579 4581 4575 1110 10
4579 1112 4581 1110 10
4581 4579 4575 4582 10
4580 4582 4576 4575 10
4580 4579 4582 4575 10
4582 4580 4576 2371 10
2370 2371 2368 4576 10
2370 4580 2371 4576 10
1112 1111 1047 4579 10
4577 4579 4449 1047 10
4577 1111 4579 1047 10
4579 4577 4449 4580 10
4578 4580 4450 4449 10
4578 4577 4580 4449 10
4580 4578 4450 2370 10
2369 2370 2305 4450 10
2369 4578 2370 4450 10
1100 1111 1112 4579 10
4577 4555 4579 1100 10
4577 1100 4579 1111 10
4555 4577 4579 4580 10
4578 4556 4580 4555 10
4578 4555 4580 4577 10
4556 4578 4580 2370 10
2369 2358 2370 4556 10
2369 4556 2370 4578 10
1100 1112 1113 4581 10
4579 4555 4581 1100 10
4579 1100 4581 1112 10
4555 4579 4581 4582 10
4580 4556 4582 4555 10
4580 4555 4582 4579 10
4556 4580 4582 2371 10
2370 2358 2371 4556 10
2370 4556 2371 4580 10
1114 1105 1090 4583 10
4565 4583 4535 1090 10
4565 1105 4583 1090 10
4583 4565 4535 4584 10
4566 4584 4536 4535 10
4566 4565 4584 4535 10
4584 4566 4536 2372 10
2363 2372 2348 4536 10
2363 4566 2372 4536 10
1107 937 1121 4597 10
4229 4569 4597 937 10
937 1107 4569 4597 10
4569 4229 4597 4598 10
4230 4570 4598 4229 10
4229 4569 4570 4598 10
4570 4230 4598 2379 10
2195 2365 2379 4230 10
4230 4570 2365 2379 10
1129 1096 1115 4613 10
4547 4613 4585 1096 10
1096 1115 4613 4585 10
4613 4547 4585 4614 10
4548 4614 4586 4547 10
4547 4585 4614 4586 10
4614 4548 4586 2387 10
2354 2387 2373 4548 10
4548 4586 2387 2373 10
1115 1116 1117 4589 10
4587 4585 4589 1115 10
4587 1115 4589 1116 10
4585 4587 4589 4590 10
4588 4586 4590 4585 10
4588 4585 4590 4587 10
4586 4588 4590 2375 10
2374 2373 2375 4586 10
2374 4586 2375 4588 10
1115 1096 1116 4587 10
4547 4585 4587 1096 10
1096 1115 4585 4587 10
4585 4547 4587 4588 10
4548 4586 4588 4547 10
4547 4585 4586 4588 10
4586 4548 4588 2374 10
2354 2373 2374 4548 10
4548 4586 2373 2374 10
1126 1118 1090 4607 10
4591 4607 4535 1090 10
4591 1118 4607 1090 10
4607 4591 4535 4608 10
4592 4608 4536 4535 10
4592 4591 4608 4535 10
4608 4592 4536 2384 10
2376 2384 2348 4536 10
2376 4592 2384 4536 10
1121 1126 1107 4607 10
4607 4597 4569 1107 10
4607 1121 4597 1107 10
4597 4607 4569 4608 10
4608 4598 4570 4569 10
4608 4597 4598 4569 10
4598 4608 4570 2384 10
2384 2379 2365 4570 10
2384 4598 2379 4570 10
1119 1052 1111 4593 10
4459 4593 4577 1052 10
1052 1111 4593 4577 10
4593 4459 4577 4594 10
4460 4594 4578 4459 10
4459 4577 4594 4578 10
4594 4460 4578 2377 10
2310 2377 2369 4460 10
4460 4578 2377 2369 10
1052 1119 1060 4593 10
4593 4459 4475 1052 10
4593 1052 4475 1060 10
4459 4593 4475 4594 10
4594 4460 4476 4459 10
4594 4459 4476 4475 10
4460 4594 4476 2377 10
2377 2310 2318 4460 10
2377 4460 2318 4476 10
1120 1126 1121 4607 10
4607 4595 4597 1120 10
4607 1120 4597 1121 10
4595 4607 4597 4608 10
4608 4596 4598 4595 10
4608 4595 4598 4597 10
4596 4608 4598 2384 10
2384 2378 2379 4596 10
2384 4596 2379 4598 10
1126 1120 1118 4607 10
4595 4607 4591 1118 10
4595 1120 4607 1118 10
4607 4595 4591 4608 10
4596 4608 4592 4591 10
4596 4595 4608 4591 10
4608 4596 4592 2384 10
2378 2384 2376 4592 10
2378 4596 2384 4592 10
935 1120 1121 4597 10
4595 4225 4597 935 10
4595 935 4597 1120 10
4225 4595 4597 4598 10
4596 4226 4598 4225 10
4596 4225 4598 4595 10
4226 4596 4598 2379 10
2378 2193 2379 4226 10
2378 4226 2379 4596 10
1122 1124 1123 4603 10
4603 4599 4601 1122 10
4603 1122 4601 1123 10
4599 4603 4601 4604 10
4604 4600 4602 4599 10
4604 4599 4602 4601 10
4600 4604 4602 2382 10
2382 2380 2381 4600 10
2382 4600 2381 4602 10
1116 1124 1097 4603 10
4603 4587 4549 1097 10
4603 1116 4587 1097 10
4587 4603 4549 4604 10
4604 4588 4550 4549 10
4604 4587 4588 4549 10
4588 4604 4550 2382 10
2382 2374 2355 4550 10
2382 4588 2374 4550 10
1124 1116 1123 4603 10
4587 4603 4601 1116 10
1116 1123 4603 4601 10
4603 4587 4601 4604 10
4588 4604 4602 4587 10
4587 4601 4604 4602 10
4604 4588 4602 2382 10
2374 2382 2381 4588 10
4588 4602 2382 2381 10
1124 1122 1097 4603 10
4599 4603 4549 1097 10
4599 1122 4603 1097 10
4603 4599 4549 4604 10
4600 4604 4550 4549 10
4600 4599 4604 4549 10
4604 4600 4550 2382 10
2380 2382 2355 4550 10
2380 4600 2382 4550 10
1125 1126 1090 4607 10
4607 4605 4535 1090 10
4607 1125 4605 1090 10
4605 4607 4535 4608 10
4608 4606 4536 4535 10
4608 4605 4606 4535 10
4606 4608 4536 2384 10
2384 2383 2348 4536 10
2384 4606 2383 4536 10
1126 1125 1107 4607 10
4605 4607 4569 1107 10
4605 1125 4607 1107 10
4607 4605 4569 4608 10
4606 4608 4570 4569 10
4606 4605 4608 4569 10
4608 4606 4570 2384 10
2383 2384 2365 4570 10
2383 4606 2384 4570 10
1104 1125 1090 4605 10
4605 4563 4535 1090 10
4605 1104 4563 1090 10
4563 4605 4535 4606 10
4606 4564 4536 4535 10
4606 4563 4564 4535 10
4564 4606 4536 2383 10
2383 2362 2348 4536 10
2383 4564 2362 4536 10
1131 1105 1114 4617 10
4565 4617 4583 1105 10
1105 1114 4617 4583 10
4617 4565 4583 4618 10
4566 4618 4584 4565 10
4565 4583 4618 4584 10
4618 4566 4584 2389 10
2363 2389 2372 4566 10
4566 4584 2389 2372 10
1131 1127 1160 4675 10
4609 4617 4675 1127 10
1127 1131 4617 4675 10
4617 4609 4675 4676 10
4610 4618 4676 4609 10
4609 4617 4618 4676 10
4618 4610 4676 2418 10
2385 2389 2418 4610 10
4610 4618 2389 2418 10
1060 1056 1185 4725 10
4467 4475 4725 1056 10
1056 1060 4475 4725 10
4475 4467 4725 4726 10
4468 4476 4726 4467 10
4467 4475 4476 4726 10
4476 4468 4726 2443 10
2314 2318 2443 4468 10
4468 4476 2318 2443 10
1056 1060 1108 4571 10
4475 4467 4571 1056 10
4475 1056 4571 1060 10
4467 4475 4571 4572 10
4476 4468 4572 4467 10
4476 4467 4572 4475 10
4468 4476 4572 2366 10
2318 2314 2366 4468 10
2318 4468 2366 4476 10
1058 1122 1128 4611 10
4599 4471 4611 1058 10
4599 1058 4611 1122 10
4471 4599 4611 4612 10
4600 4472 4612 4471 10
4600 4471 4612 4599 10
4472 4600 4612 2386 10
2380 2316 2386 4472 10
2380 4472 2386 4600 10
1122 1058 1179 4713 10
4471 4599 4713 1058 10
1058 1122 4599 4713 10
4599 4471 4713 4714 10
4472 4600 4714 4471 10
4471 4599 4600 4714 10
4600 4472 4714 2437 10
2316 2380 2437 4472 10
4472 4600 2380 2437 10
1129 947 1095 4613 10
4249 4613 4545 947 10
947 1095 4613 4545 10
4613 4249 4545 4614 10
4250 4614 4546 4249 10
4249 4545 4614 4546 10
4614 4250 4546 2387 10
2205 2387 2353 4250 10
4250 4546 2387 2353 10
947 1129 1115 4613 10
4613 4249 4585 947 10
4613 947 4585 1115 10
4249 4613 4585 4614 10
4614 4250 4586 4249 10
4614 4249 4586 4585 10
4250 4614 4586 2387 10
2387 2205 2373 4250 10
2387 4250 2373 4586 10
1130 1131 1160 4675 10
4617 4615 4675 1130 10
4617 1130 4675 1131 10
4615 4617 4675 4676 10
4618 4616 4676 4615 10
4618 4615 4676 4617 10
4616 4618 4676 2418 10
2389 2388 2418 4616 10
2389 4616 2418 4618 10
1130 1105 1131 4617 10
4565 4615 4617 1105 10
1105 1130 4615 4617 10
4615 4565 4617 4618 10
4566 4616 4618 4565 10
4565 4615 4616 4618 10
4616 4566 4618 2389 10
2363 2388 2389 4566 10
4566 4616 2388 2389 10
1060 1119 1084 4593 10
4593 4475 4523 1060 10
4593 1060 4523 1084 10
4475 4593 4523 4594 10
4594 4476 4524 4475 10
4594 4475 4524 4523 10
4476 4594 4524 2377 10
2377 2318 2342 4476 10
2377 4476 2342 4524 10
1119 1100 1084 4593 10
4555 4593 4523 1084 10
4555 1100 4593 1084 10
4593 4555 4523 4594 10
4556 4594 4524 4523 10
4556 4555 4594 4523 10
4594 4556 4524 2377 10
2358 2377 2342 4524 10
2358 4556 2377 4524 10
1100 1119 1111 4593 10
4593 4555 4577 1100 10
4593 1100 4577 1111 10
4555 4593 4577 4594 10
4594 4556 4578 4555 10
4594 4555 4578 4577 10
4556 4594 4578 2377 10
2377 2358 2369 4556 10
2377 4556 2369 4578 10
1133 619 1132 4621 10
3593 4621 4619 619 10
619 1132 4621 4619 10
4621 3593 4619 4622 10
3594 4622 4620 3593 10
3593 4619 4622 4620 10
4622 3594 4620 2391 10
1877 2391 2390 3594 10
3594 4620 2391 2390 10
1133 1253 1233 4861 10
4861 4621 4821 1133 10
4861 1133 4821 1233 10
4621 4861 4821 4862 10
4862 4622 4822 4621 10
4862 4621 4822 4821 10
4622 4862 4822 2511 10
2511 2391 2491 4622 10
2511 4622 2491 4822 10
1253 1133 1132 4861 10
4621 4861 4619 1132 10
4621 1133 4861 1132 10
4861 4621 4619 4862 10
4622 4862 4620 4619 10
4622 4621 4862 4619 10
4862 4622 4620 2511 10
2391 2511 2390 4620 10
2391 4622 2511 4620 10
619 1133 1233 4821 10
4621 3593 4821 619 10
4621 619 4821 1133 10
3593 4621 4821 4822 10
4622 3594 4822 3593 10
4622 3593 4822 4621 10
3594 4622 4822 2491 10
2391 1877 2491 3594 10
2391 3594 2491 4622 10
1139 507 325 4633 10
3369 4633 3005 325 10
3369 507 4633 325 10
4633 3369 3005 4634 10
3370 4634 3006 3005 10
3370 3369 4634 3005 10
4634 3370 3006 2397 10
1765 2397 1583 3006 10
1765 3370 2397 3006 10
1014 1139 325 4633 10
4633 4383 3005 325 10
4633 1014 4383 325 10
4383 4633 3005 4634 10
4634 4384 3006 3005 10
4634 4383 4384 3005 10
4384 4634 3006 2397 10
2397 2272 1583 3006 10
2397 4384 2272 3006 10
507 1139 1043 4633 10
4633 3369 4441 507 10
4633 507 4441 1043 10
3369 4633 4441 4634 10
4634 3370 4442 3369 10
4634 3369 4442 4441 10
3370 4634 4442 2397 10
2397 1765 2301 3370 10
2397 3370 2301 4442 10
1134 1039 35 4623 10
4433 4623 1327 35 10
4433 1039 4623 35 10
4623 4433 1327 4624 10
4434 4624 1328 1327 10
4434 4433 4624 1327 10
4624 4434 1328 2392 10
2297 2392 73 1328 10
2297 4434 2392 1328 10
1134 34 1037 4623 10
1325 4623 4429 34 10
34 1037 4623 4429 10
4623 1325 4429 4624 10
1326 4624 4430 1325 10
1325 4429 4624 4430 10
4624 1326 4430 2392 10
72 2392 2295 1326 10
1326 4430 2392 2295 10
34 1134 35 4623 10
4623 1325 1327 34 10
4623 34 1327 35 10
1325 4623 1327 4624 10
4624 1326 1328 1327 10
4624 1325 1326 1327 10
1326 4624 1328 2392 10
2392 72 73 1328 10
2392 1326 72 1328 10
1136 1138 1135 4631 10
4631 4627 4625 1135 10
4631 1136 4627 1135 10
4627 4631 4625 4632 10
4632 4628 4626 4625 10
4632 4627 4628 4625 10
4628 4632 4626 2396 10
2396 2394 2393 4626 10
2396 4628 2394 4626 10
1138 1106 1135 4631 10
4567 4631 4625 1106 10
1106 1135 4631 4625 10
4631 4567 4625 4632 10
4568 4632 4626 4567 10
4567 4625 4632 4626 10
4632 4568 4626 2396 10
2364 2396 2393 4568 10
4568 4626 2396 2393 10
1066 1138 1136 4631 10
4631 4487 4627 1066 10
4631 1066 4627 1136 10
4487 4631 4627 4632 10
4632 4488 4628 4487 10
4632 4487 4628 4627 10
4488 4632 4628 2396 10
2396 2324 2394 4488 10
2396 4488 2394 4628 10
1138 1137 1106 4631 10
4629 4631 4567 1106 10
4629 1137 4631 1106 10
4631 4629 4567 4632 10
4630 4632 4568 4567 10
4630 4629 4632 4567 10
4632 4630 4568 2396 10
2395 2396 2364 4568 10
2395 4630 2396 4568 10
1137 1138 1067 4631 10
4631 4629 4489 1067 10
4631 1137 4629 1067 10
4629 4631 4489 4632 10
4632 4630 4490 4489 10
4632 4629 4630 4489 10
4630 4632 4490 2396 10
2396 2395 2325 4490 10
2396 4630 2395 4490 10
1066 1067 1138 4631 10
4489 4487 4631 1066 10
4489 1066 4631 1067 10
4487 4489 4631 4632 10
4490 4488 4632 4487 10
4490 4487 4632 4489 10
4488 4490 4632 2396 10
2325 2324 2396 4488 10
2325 4488 2396 4490 10
1038 1139 1014 4633 10
4633 4431 4383 1014 10
4633 1038 4431 1014 10
4431 4633 4383 4634 10
4634 4432 4384 4383 10
4634 4431 4432 4383 10
4432 4634 4384 2397 10
2397 2296 2272 4384 10
2397 4432 2296 4384 10
1038 1043 1139 4633 10
4441 4431 4633 1038 10
4441 1038 4633 1043 10
4431 4441 4633 4634 10
4442 4432 4634 4431 10
4442 4431 4634 4441 10
4432 4442 4634 2397 10
2301 2296 2397 4432 10
2301 4432 2397 4442 10
1134 1040 1039 4623 10
4435 4623 4433 1039 10
4435 1040 4623 1039 10
4623 4435 4433 4624 10
4436 4624 4434 4433 10
4436 4435 4624 4433 10
4624 4436 4434 2392 10
2298 2392 2297 4434 10
2298 4436 2392 4434 10
1037 1040 1134 4623 10
4435 4429 4623 1037 10
4435 1037 4623 1040 10
4429 4435 4623 4624 10
4436 4430 4624 4429 10
4436 4429 4624 4435 10
4430 4436 4624 2392 10
2298 2295 2392 4430 10
2298 4430 2392 4436 10
1040 1140 1087 4635 10
4635 4435 4529 1040 10
4635 1040 4529 1087 10
4435 4635 4529 4636 10
4636 4436 4530 4435 10
4636 4435 4530 4529 10
4436 4636 4530 2398 10
2398 2298 2345 4436 10
2398 4436 2345 4530 10
1040 1085 1140 4635 10
4525 4435 4635 1040 10
4525 1040 4635 1085 10
4435 4525 4635 4636 10
4526 4436 4636 4435 10
4526 4435 4636 4525 10
4436 4526 4636 2398 10
2343 2298 2398 4436 10
2343 4436 2398 4526 10
1141 1059 1164 4683 10
4473 4637 4683 1059 10
1059 1141 4637 4683 10
4637 4473 4683 4684 10
4474 4638 4684 4473 10
4473 4637 4638 4684 10
4638 4474 4684 2422 10
2317 2399 2422 4474 10
4474 4638 2399 2422 10
1141 1052 1059 4637 10
4459 4637 4473 1052 10
1052 1059 4637 4473 10
4637 4459 4473 4638 10
4460 4638 4474 4459 10
4459 4473 4638 4474 10
4638 4460 4474 2399 10
2310 2399 2317 4460 10
4460 4474 2399 2317 10
1131 1141 1127 4637 10
4637 4617 4609 1127 10
4637 1131 4617 1127 10
4617 4637 4609 4638 10
4638 4618 4610 4609 10
4638 4617 4618 4609 10
4618 4638 4610 2399 10
2399 2389 2385 4610 10
2399 4618 2389 4610 10
1114 1141 1131 4637 10
4637 4583 4617 1114 10
4637 1114 4617 1131 10
4583 4637 4617 4638 10
4638 4584 4618 4583 10
4638 4583 4618 4617 10
4584 4638 4618 2399 10
2399 2372 2389 4584 10
2399 4584 2389 4618 10
1142 1120 935 4639 10
4595 4639 4225 935 10
4595 1120 4639 935 10
4639 4595 4225 4640 10
4596 4640 4226 4225 10
4596 4595 4640 4225 10
4640 4596 4226 2400 10
2378 2400 2193 4226 10
2378 4596 2400 4226 10
1142 1118 1120 4639 10
4591 4639 4595 1118 10
1118 1120 4639 4595 10
4639 4591 4595 4640 10
4592 4640 4596 4591 10
4591 4595 4640 4596 10
4640 4592 4596 2400 10
2376 2400 2378 4592 10
4592 4596 2400 2378 10
1143 1125 1104 4641 10
4605 4641 4563 1104 10
4605 1125 4641 1104 10
4641 4605 4563 4642 10
4606 4642 4564 4563 10
4606 4605 4642 4563 10
4642 4606 4564 2401 10
2383 2401 2362 4564 10
2383 4606 2401 4564 10
1143 1107 1125 4641 10
4569 4641 4605 1107 10
1107 1125 4641 4605 10
4641 4569 4605 4642 10
4570 4642 4606 4569 10
4569 4605 4642 4606 10
4642 4570 4606 2401 10
2365 2401 2383 4570 10
4570 4606 2401 2383 10
1140 1144 959 4643 10
4643 4635 4273 959 10
4643 1140 4635 959 10
4635 4643 4273 4644 10
4644 4636 4274 4273 10
4644 4635 4636 4273 10
4636 4644 4274 2402 10
2402 2398 2217 4274 10
2402 4636 2398 4274 10
1140 1086 1144 4643 10
4527 4635 4643 1086 10
1086 1140 4635 4643 10
4635 4527 4643 4644 10
4528 4636 4644 4527 10
4527 4635 4636 4644 10
4636 4528 4644 2402 10
2344 2398 2402 4528 10
4528 4636 2398 2402 10
1081 1143 1145 4645 10
4641 4517 4645 1081 10
4641 1081 4645 1143 10
4517 4641 4645 4646 10
4642 4518 4646 4517 10
4642 4517 4646 4641 10
4518 4642 4646 2403 10
2401 2339 2403 4518 10
2401 4518 2403 4642 10
1081 1103 1143 4641 10
4561 4517 4641 1081 10
4561 1081 4641 1103 10
4517 4561 4641 4642 10
4562 4518 4642 4517 10
4562 4517 4642 4561 10
4518 4562 4642 2401 10
2361 2339 2401 4518 10
2361 4518 2401 4562 10
685 1146 1151 4657 10
4647 3725 4657 685 10
4647 685 4657 1146 10
3725 4647 4657 4658 10
4648 3726 4658 3725 10
4648 3725 4658 4647 10
3726 4648 4658 2409 10
2404 1943 2409 3726 10
2404 3726 2409 4648 10
1247 29 28 4849 10
1315 4849 1313 28 10
1315 29 4849 28 10
4849 1315 1313 4850 10
1316 4850 1314 1315 10
1315 1313 4850 1314 10
4850 1316 1314 2505 10
67 2505 66 1314 10
67 1316 2505 1314 10
1154 1254 1253 4863 10
4863 4663 4861 1154 10
4863 1154 4861 1253 10
4663 4863 4861 4864 10
4864 4664 4862 4663 10
4864 4663 4862 4861 10
4664 4864 4862 2512 10
2512 2412 2511 4664 10
2512 4664 2511 4862 10
1146 1254 1173 4863 10
4863 4647 4701 1146 10
4863 1146 4701 1173 10
4647 4863 4701 4864 10
4864 4648 4702 4647 10
4864 4647 4702 4701 10
4648 4864 4702 2512 10
2512 2404 2431 4648 10
2512 4648 2431 4702 10
1146 1148 1147 4651 10
4651 4647 4649 1146 10
4651 1146 4649 1147 10
4647 4651 4649 4652 10
4652 4648 4650 4647 10
4652 4647 4650 4649 10
4648 4652 4650 2406 10
2406 2404 2405 4648 10
2406 4648 2405 4650 10
1148 1146 1173 4701 10
4647 4651 4701 1146 10
1146 1148 4651 4701 10
4651 4647 4701 4702 10
4648 4652 4702 4647 10
4647 4651 4652 4702 10
4652 4648 4702 2431 10
2404 2406 2431 4648 10
4648 4652 2406 2431 10
1171 1230 1169 4815 10
4815 4697 4693 1169 10
4815 1171 4697 1169 10
4697 4815 4693 4816 10
4816 4698 4694 4693 10
4816 4697 4698 4693 10
4698 4816 4694 2488 10
2488 2429 2427 4694 10
2488 4698 2429 4694 10
1175 1230 1171 4815 10
4815 4705 4697 1171 10
4815 1175 4705 1171 10
4705 4815 4697 4816 10
4816 4706 4698 4697 10
4816 4705 4706 4697 10
4706 4816 4698 2488 10
2488 2433 2429 4698 10
2488 4706 2433 4698 10
1257 1171 1190 4869 10
4697 4869 4735 1171 10
1171 1190 4869 4735 10
4869 4697 4735 4870 10
4698 4870 4736 4697 10
4697 4735 4870 4736 10
4870 4698 4736 2515 10
2429 2515 2448 4698 10
4698 4736 2515 2448 10
1066 1258 1156 4871 10
4871 4487 4667 1066 10
4871 1066 4667 1156 10
4487 4871 4667 4872 10
4872 4488 4668 4487 10
4872 4487 4668 4667 10
4488 4872 4668 2516 10
2516 2324 2414 4488 10
2516 4488 2414 4668 10
1066 1222 1258 4871 10
4799 4487 4871 1066 10
4799 1066 4871 1222 10
4487 4799 4871 4872 10
4800 4488 4872 4487 10
4800 4487 4872 4799 10
4488 4800 4872 2516 10
2480 2324 2516 4488 10
2480 4488 2516 4800 10
1136 1222 1066 4799 10
4799 4627 4487 1066 10
4799 1136 4627 1066 10
4627 4799 4487 4800 10
4800 4628 4488 4487 10
4800 4627 4628 4487 10
4628 4800 4488 2480 10
2480 2394 2324 4488 10
2480 4628 2394 4488 10
1150 1149 1197 4749 10
4653 4655 4749 1149 10
1149 1150 4655 4749 10
4655 4653 4749 4750 10
4654 4656 4750 4653 10
4653 4655 4656 4750 10
4656 4654 4750 2455 10
2407 2408 2455 4654 10
4654 4656 2408 2455 10
1246 1149 1150 4847 10
4653 4847 4655 1149 10
1149 1150 4847 4655 10
4847 4653 4655 4848 10
4654 4848 4656 4653 10
4653 4655 4848 4656 10
4848 4654 4656 2504 10
2407 2504 2408 4654 10
4654 4656 2504 2408 10
1173 1155 1172 4701 10
4665 4701 4699 1155 10
1155 1172 4701 4699 10
4701 4665 4699 4702 10
4666 4702 4700 4665 10
4665 4699 4702 4700 10
4702 4666 4700 2431 10
2413 2431 2430 4666 10
4666 4700 2431 2430 10
740 1151 1147 4657 10
4657 3835 4649 740 10
4657 740 4649 1147 10
3835 4657 4649 4658 10
4658 3836 4650 3835 10
4658 3835 4650 4649 10
3836 4658 4650 2409 10
2409 1998 2405 3836 10
2409 3836 2405 4650 10
1151 1146 1147 4657 10
4647 4657 4649 1146 10
1146 1147 4657 4649 10
4657 4647 4649 4658 10
4648 4658 4650 4647 10
4647 4649 4658 4650 10
4658 4648 4650 2409 10
2404 2409 2405 4648 10
4648 4650 2409 2405 10
1153 1152 1154 4663 10
4659 4661 4663 1152 10
1152 1153 4661 4663 10
4661 4659 4663 4664 10
4660 4662 4664 4659 10
4659 4661 4662 4664 10
4662 4660 4664 2412 10
2410 2411 2412 4660 10
4660 4662 2411 2412 10
1173 1152 1155 4701 10
4659 4701 4665 1152 10
1152 1155 4701 4665 10
4701 4659 4665 4702 10
4660 4702 4666 4659 10
4659 4665 4702 4666 10
4702 4660 4666 2431 10
2410 2431 2413 4660 10
4660 4666 2431 2413 10
1152 1153 1155 4665 10
4661 4659 4665 1152 10
4661 1152 4665 1153 10
4659 4661 4665 4666 10
4662 4660 4666 4659 10
4662 4659 4666 4661 10
4660 4662 4666 2413 10
2411 2410 2413 4660 10
2411 4660 2413 4662 10
1156 1157 1153 4669 10
4669 4667 4661 1153 10
4669 1156 4667 1153 10
4667 4669 4661 4670 10
4670 4668 4662 4661 10
4670 4667 4668 4661 10
4668 4670 4662 2415 10
2415 2414 2411 4662 10
2415 4668 2414 4662 10
1155 1157 1258 4871 10
4669 4665 4871 1155 10
4669 1155 4871 1157 10
4665 4669 4871 4872 10
4670 4666 4872 4665 10
4670 4665 4872 4669 10
4666 4670 4872 2516 10
2415 2413 2516 4666 10
2415 4666 2516 4670 10
1157 1155 1153 4669 10
4665 4669 4661 1153 10
4665 1155 4669 1153 10
4669 4665 4661 4670 10
4666 4670 4662 4661 10
4666 4665 4670 4661 10
4670 4666 4662 2415 10
2413 2415 2411 4662 10
2413 4666 2415 4662 10
1157 1156 1258 4871 10
4667 4669 4871 1156 10
1156 1157 4669 4871 10
4669 4667 4871 4872 10
4668 4670 4872 4667 10
4667 4669 4670 4872 10
4670 4668 4872 2516 10
2414 2415 2516 4668 10
4668 4670 2415 2516 10
1147 1158 1165 4685 10
4671 4649 4685 1147 10
4671 1147 4685 1158 10
4649 4671 4685 4686 10
4672 4650 4686 4649 10
4672 4649 4686 4671 10
4650 4672 4686 2423 10
2416 2405 2423 4650 10
2416 4650 2423 4672 10
1158 1260 1165 4875 10
4875 4671 4685 1158 10
4875 1158 4685 1165 10
4671 4875 4685 4876 10
4876 4672 4686 4671 10
4876 4671 4686 4685 10
4672 4876 4686 2518 10
2518 2416 2423 4672 10
2518 4672 2423 4686 10
1185 1187 1164 4729 10
4729 4725 4683 1164 10
4729 1185 4725 1164 10
4725 4729 4683 4730 10
4730 4726 4684 4683 10
4730 4725 4726 4683 10
4726 4730 4684 2445 10
2445 2443 2422 4684 10
2445 4726 2443 4684 10
1187 1185 1186 4729 10
4725 4729 4727 1185 10
1185 1186 4729 4727 10
4729 4725 4727 4730 10
4726 4730 4728 4725 10
4725 4727 4730 4728 10
4730 4726 4728 2445 10
2443 2445 2444 4726 10
4726 4728 2445 2444 10
1159 1255 817 4865 10
4865 4673 3989 817 10
4865 1159 4673 817 10
4673 4865 3989 4866 10
4866 4674 3990 3989 10
4866 4673 4674 3989 10
4674 4866 3990 2513 10
2513 2417 2075 3990 10
2513 4674 2417 3990 10
1160 1218 1135 4791 10
4791 4675 4625 1135 10
4791 1160 4675 1135 10
4675 4791 4625 4792 10
4792 4676 4626 4625 10
4792 4675 4676 4625 10
4676 4792 4626 2476 10
2476 2418 2393 4626 10
2476 4676 2418 4626 10
1218 1160 1216 4791 10
4675 4791 4787 1160 10
1160 1216 4791 4787 10
4791 4675 4787 4792 10
4676 4792 4788 4675 10
4675 4787 4792 4788 10
4792 4676 4788 2476 10
2418 2476 2474 4676 10
4676 4788 2476 2474 10
1207 820 813 4769 10
3995 4769 3981 813 10
3995 820 4769 813 10
4769 3995 3981 4770 10
3996 4770 3982 3981 10
3996 3995 4770 3981 10
4770 3996 3982 2465 10
2078 2465 2071 3982 10
2078 3996 2465 3982 10
820 1207 1161 4769 10
4769 3995 4677 820 10
4769 820 4677 1161 10
3995 4769 4677 4770 10
4770 3996 4678 3995 10
4770 3995 4678 4677 10
3996 4770 4678 2465 10
2465 2078 2419 3996 10
2465 3996 2419 4678 10
1194 1200 1058 4755 10
4755 4743 4471 1058 10
4755 1194 4743 1058 10
4743 4755 4471 4756 10
4756 4744 4472 4471 10
4756 4743 4744 4471 10
4744 4756 4472 2458 10
2458 2452 2316 4472 10
2458 4744 2452 4472 10
1163 1162 820 4681 10
4679 4681 3995 820 10
4679 1162 4681 820 10
4681 4679 3995 4682 10
4680 4682 3996 3995 10
4680 4679 4682 3995 10
4682 4680 3996 2421 10
2420 2421 2078 3996 10
2420 4680 2421 3996 10
1163 1161 1204 4763 10
4677 4681 4763 1161 10
1161 1163 4681 4763 10
4681 4677 4763 4764 10
4678 4682 4764 4677 10
4677 4681 4682 4764 10
4682 4678 4764 2462 10
2419 2421 2462 4678 10
4678 4682 2421 2462 10
1161 1163 820 4681 10
4681 4677 3995 820 10
4681 1161 4677 820 10
4677 4681 3995 4682 10
4682 4678 3996 3995 10
4682 4677 4678 3995 10
4678 4682 3996 2421 10
2421 2419 2078 3996 10
2421 4678 2419 3996 10
1164 1217 1127 4789 10
4789 4683 4609 1127 10
4789 1164 4683 1127 10
4683 4789 4609 4790 10
4790 4684 4610 4609 10
4790 4683 4684 4609 10
4684 4790 4610 2475 10
2475 2422 2385 4610 10
2475 4684 2422 4610 10
1166 802 1252 4859 10
3959 4687 4859 802 10
802 1166 4687 4859 10
4687 3959 4859 4860 10
3960 4688 4860 3959 10
3959 4687 4688 4860 10
4688 3960 4860 2510 10
2060 2424 2510 3960 10
3960 4688 2424 2510 10
1166 1165 1260 4875 10
4685 4687 4875 1165 10
1165 1166 4687 4875 10
4687 4685 4875 4876 10
4686 4688 4876 4685 10
4685 4687 4688 4876 10
4688 4686 4876 2518 10
2423 2424 2518 4686 10
4686 4688 2424 2518 10
1167 1228 25 4811 10
4811 4689 1307 25 10
4811 1167 4689 25 10
4689 4811 1307 4812 10
4812 4690 1308 1307 10
4812 4689 4690 1307 10
4690 4812 1308 2486 10
2486 2425 63 1308 10
2486 4690 2425 1308 10
1228 26 25 4811 10
1309 4811 1307 25 10
1309 26 4811 25 10
4811 1309 1307 4812 10
1310 4812 1308 1307 10
1310 1309 4812 1307 10
4812 1310 1308 2486 10
64 2486 63 1308 10
64 1310 2486 1308 10
1168 1251 903 4857 10
4857 4691 4161 903 10
4857 1168 4691 903 10
4691 4857 4161 4858 10
4858 4692 4162 4161 10
4858 4691 4692 4161 10
4692 4858 4162 2509 10
2509 2426 2161 4162 10
2509 4692 2426 4162 10
1251 1252 903 4859 10
4859 4857 4161 903 10
4859 1251 4857 903 10
4857 4859 4161 4860 10
4860 4858 4162 4161 10
4860 4857 4858 4161 10
4858 4860 4162 2510 10
2510 2509 2161 4162 10
2510 4858 2509 4162 10
1251 1168 1165 4857 10
4691 4857 4685 1165 10
4691 1168 4857 1165 10
4857 4691 4685 4858 10
4692 4858 4686 4685 10
4692 4691 4858 4685 10
4858 4692 4686 2509 10
2426 2509 2423 4686 10
2426 4692 2509 4686 10
1196 1231 1204 4817 10
4817 4747 4763 1196 10
4817 1196 4763 1204 10
4747 4817 4763 4818 10
4818 4748 4764 4747 10
4818 4747 4764 4763 10
4748 4818 4764 2489 10
2489 2454 2462 4748 10
2489 4748 2462 4764 10
1170 1169 1262 4879 10
4693 4695 4879 1169 10
1169 1170 4695 4879 10
4695 4693 4879 4880 10
4694 4696 4880 4693 10
4693 4695 4696 4880 10
4696 4694 4880 2520 10
2427 2428 2520 4694 10
4694 4696 2428 2520 10
1169 1170 1171 4697 10
4695 4693 4697 1169 10
4695 1169 4697 1170 10
4693 4695 4697 4698 10
4696 4694 4698 4693 10
4696 4693 4698 4695 10
4694 4696 4698 2429 10
2428 2427 2429 4694 10
2428 4694 2429 4696 10
1170 1190 1171 4735 10
4735 4695 4697 1170 10
4735 1170 4697 1171 10
4695 4735 4697 4736 10
4736 4696 4698 4695 10
4736 4695 4698 4697 10
4696 4736 4698 2448 10
2448 2428 2429 4696 10
2448 4696 2429 4698 10
1172 1148 1173 4701 10
4651 4699 4701 1148 10
1148 1172 4699 4701 10
4699 4651 4701 4702 10
4652 4700 4702 4651 10
4651 4699 4700 4702 10
4700 4652 4702 2431 10
2406 2430 2431 4652 10
4652 4700 2430 2431 10
1158 1147 1148 4671 10
4649 4671 4651 1147 10
1147 1148 4671 4651 10
4671 4649 4651 4672 10
4650 4672 4652 4649 10
4649 4651 4672 4652 10
4672 4650 4652 2416 10
2405 2416 2406 4650 10
4650 4652 2416 2406 10
1190 1172 1257 4869 10
4699 4735 4869 1172 10
1172 1190 4735 4869 10
4735 4699 4869 4870 10
4700 4736 4870 4699 10
4699 4735 4736 4870 10
4736 4700 4870 2515 10
2430 2448 2515 4700 10
4700 4736 2448 2515 10
1261 1193 1240 4877 10
4741 4877 4835 1193 10
1193 1240 4877 4835 10
4877 4741 4835 4878 10
4742 4878 4836 4741 10
4741 4835 4878 4836 10
4878 4742 4836 2519 10
2451 2519 2498 4742 10
4742 4836 2519 2498 10
1165 740 1147 4685 10
3835 4685 4649 740 10
740 1147 4685 4649 10
4685 3835 4649 4686 10
3836 4686 4650 3835 10
3835 4649 4686 4650 10
4686 3836 4650 2423 10
1998 2423 2405 3836 10
3836 4650 2423 2405 10
740 1165 1168 4691 10
4685 3835 4691 740 10
4685 740 4691 1165 10
3835 4685 4691 4692 10
4686 3836 4692 3835 10
4686 3835 4692 4685 10
3836 4686 4692 2426 10
2423 1998 2426 3836 10
2423 3836 2426 4686 10
1176 27 1227 4809 10
1311 4707 4809 27 10
27 1176 4707 4809 10
4707 1311 4809 4810 10
1312 4708 4810 1311 10
1311 4707 4708 4810 10
4708 1312 4810 2485 10
65 2434 2485 1312 10
1312 4708 2434 2485 10
1174 1240 1193 4835 10
4835 4703 4741 1174 10
4835 1174 4741 1193 10
4703 4835 4741 4836 10
4836 4704 4742 4703 10
4836 4703 4742 4741 10
4704 4836 4742 2498 10
2498 2432 2451 4704 10
2498 4704 2451 4742 10
1191 1174 1193 4741 10
4703 4737 4741 1174 10
1174 1191 4737 4741 10
4737 4703 4741 4742 10
4704 4738 4742 4703 10
4703 4737 4738 4742 10
4738 4704 4742 2451 10
2432 2449 2451 4704 10
4704 4738 2449 2451 10
1245 1175 1225 4845 10
4705 4845 4805 1175 10
1175 1225 4845 4805 10
4845 4705 4805 4846 10
4706 4846 4806 4705 10
4705 4805 4846 4806 10
4846 4706 4806 2503 10
2433 2503 2483 4706 10
4706 4806 2503 2483 10
26 1227 27 4809 10
4809 1309 1311 27 10
4809 26 1309 27 10
1309 4809 1311 4810 10
4810 1310 1312 1309 10
4810 1309 1312 1311 10
1310 4810 1312 2485 10
2485 64 65 1312 10
2485 1310 64 1312 10
26 1228 1227 4811 10
4811 1309 4809 26 10
4811 26 4809 1227 10
1309 4811 4809 4812 10
4812 1310 4810 1309 10
4812 1309 4810 4809 10
1310 4812 4810 2486 10
2486 64 2485 1310 10
2486 1310 2485 4810 10
28 1176 1247 4849 10
4707 1313 4849 28 10
4707 28 4849 1176 10
1313 4707 4849 4850 10
4708 1314 4850 1313 10
4708 1313 4850 4707 10
1314 4708 4850 2505 10
2434 66 2505 1314 10
2434 1314 2505 4708 10
27 1176 28 4707 10
4707 1311 1313 27 10
4707 27 1313 28 10
1311 4707 1313 4708 10
4708 1312 1314 1311 10
4708 1311 1314 1313 10
1312 4708 1314 2434 10
2434 65 66 1314 10
2434 1312 65 1314 10
1231 1196 1195 4817 10
4747 4817 4745 1195 10
4747 1196 4817 1195 10
4817 4747 4745 4818 10
4748 4818 4746 4745 10
4748 4747 4818 4745 10
4818 4748 4746 2489 10
2454 2489 2453 4746 10
2454 4748 2489 4746 10
1249 1231 1195 4853 10
4817 4853 4745 1195 10
4817 1231 4853 1195 10
4853 4817 4745 4854 10
4818 4854 4746 4745 10
4818 4817 4854 4745 10
4854 4818 4746 2507 10
2489 2507 2453 4746 10
2489 4818 2507 4746 10
1237 1159 817 4829 10
4673 4829 3989 817 10
4673 1159 4829 817 10
4829 4673 3989 4830 10
4674 4830 3990 3989 10
4674 4673 4830 3989 10
4830 4674 3990 2495 10
2417 2495 2075 3990 10
2417 4674 2495 3990 10
1159 1237 1191 4829 10
4829 4673 4737 1159 10
4829 1159 4737 1191 10
4673 4829 4737 4830 10
4830 4674 4738 4673 10
4830 4673 4738 4737 10
4674 4830 4738 2495 10
2495 2417 2449 4674 10
2495 4674 2449 4738 10
1174 1191 1237 4829 10
4737 4703 4829 1174 10
4737 1174 4829 1191 10
4703 4737 4829 4830 10
4738 4704 4830 4703 10
4738 4703 4830 4737 10
4704 4738 4830 2495 10
2449 2432 2495 4704 10
2449 4704 2495 4738 10
1176 1227 1248 4851 10
4809 4707 4851 1176 10
4809 1176 4851 1227 10
4707 4809 4851 4852 10
4810 4708 4852 4707 10
4810 4707 4852 4809 10
4708 4810 4852 2506 10
2485 2434 2506 4708 10
2485 4708 2506 4810 10
1178 1177 1179 4713 10
4709 4711 4713 1177 10
1177 1178 4711 4713 10
4711 4709 4713 4714 10
4710 4712 4714 4709 10
4709 4711 4712 4714 10
4712 4710 4714 2437 10
2435 2436 2437 4710 10
4710 4712 2436 2437 10
1178 1220 1182 4795 10
4795 4711 4719 1178 10
4795 1178 4719 1182 10
4711 4795 4719 4796 10
4796 4712 4720 4711 10
4796 4711 4720 4719 10
4712 4796 4720 2478 10
2478 2436 2440 4712 10
2478 4712 2440 4720 10
1220 1178 1179 4795 10
4711 4795 4713 1178 10
1178 1179 4795 4713 10
4795 4711 4713 4796 10
4712 4796 4714 4711 10
4711 4713 4796 4714 10
4796 4712 4714 2478 10
2436 2478 2437 4712 10
4712 4714 2478 2437 10
1177 1178 1182 4719 10
4711 4709 4719 1177 10
4711 1177 4719 1178 10
4709 4711 4719 4720 10
4712 4710 4720 4709 10
4712 4709 4720 4711 10
4710 4712 4720 2440 10
2436 2435 2440 4710 10
2436 4710 2440 4712 10
1225 1180 1257 4869 10
4715 4805 4869 1180 10
1180 1225 4805 4869 10
4805 4715 4869 4870 10
4716 4806 4870 4715 10
4715 4805 4806 4870 10
4806 4716 4870 2515 10
2438 2483 2515 4716 10
4716 4806 2483 2515 10
1171 1180 1175 4715 10
4715 4697 4705 1171 10
4715 1171 4705 1175 10
4697 4715 4705 4716 10
4716 4698 4706 4697 10
4716 4697 4706 4705 10
4698 4716 4706 2438 10
2438 2429 2433 4698 10
2438 4698 2433 4706 10
1180 1171 1257 4869 10
4697 4715 4869 1171 10
1171 1180 4715 4869 10
4715 4697 4869 4870 10
4698 4716 4870 4697 10
4697 4715 4716 4870 10
4716 4698 4870 2515 10
2429 2438 2515 4698 10
4698 4716 2438 2515 10
1180 1225 1175 4805 10
4805 4715 4705 1175 10
4805 1180 4715 1175 10
4715 4805 4705 4806 10
4806 4716 4706 4705 10
4806 4715 4716 4705 10
4716 4806 4706 2483 10
2483 2438 2433 4706 10
2483 4716 2438 4706 10
1250 1149 1246 4855 10
4653 4855 4847 1149 10
1149 1246 4855 4847 10
4855 4653 4847 4856 10
4654 4856 4848 4653 10
4653 4847 4856 4848 10
4856 4654 4848 2508 10
2407 2508 2504 4654 10
4654 4848 2508 2504 10
1250 1249 1195 4855 10
4853 4855 4745 1195 10
4853 1249 4855 1195 10
4855 4853 4745 4856 10
4854 4856 4746 4745 10
4854 4853 4856 4745 10
4856 4854 4746 2508 10
2507 2508 2453 4746 10
2507 4854 2508 4746 10
1149 1250 1195 4855 10
4855 4653 4745 1149 10
4855 1149 4745 1195 10
4653 4855 4745 4856 10
4856 4654 4746 4653 10
4856 4653 4746 4745 10
4654 4856 4746 2508 10
2508 2407 2453 4654 10
2508 4654 2453 4746 10
1181 1225 1257 4869 10
4805 4717 4869 1181 10
4805 1181 4869 1225 10
4717 4805 4869 4870 10
4806 4718 4870 4717 10
4806 4717 4870 4805 10
4718 4806 4870 2515 10
2483 2439 2515 4718 10
2483 4718 2515 4806 10
1181 1258 1222 4871 10
4871 4717 4799 1181 10
4871 1181 4799 1222 10
4717 4871 4799 4872 10
4872 4718 4800 4717 10
4872 4717 4800 4799 10
4718 4872 4800 2516 10
2516 2439 2480 4718 10
2516 4718 2480 4800 10
1225 1181 1222 4805 10
4717 4805 4799 1181 10
1181 1222 4805 4799 10
4805 4717 4799 4806 10
4718 4806 4800 4717 10
4717 4799 4806 4800 10
4806 4718 4800 2483 10
2439 2483 2480 4718 10
4718 4800 2483 2480 10
1183 1056 1177 4721 10
4467 4721 4709 1056 10
1056 1177 4721 4709 10
4721 4467 4709 4722 10
4468 4722 4710 4467 10
4467 4709 4722 4710 10
4722 4468 4710 2441 10
2314 2441 2435 4468 10
4468 4710 2441 2435 10
1182 1183 1177 4721 10
4721 4719 4709 1177 10
4721 1182 4719 1177 10
4719 4721 4709 4722 10
4722 4720 4710 4709 10
4722 4719 4720 4709 10
4720 4722 4710 2441 10
2441 2440 2435 4710 10
2441 4720 2440 4710 10
1259 1183 1182 4873 10
4721 4873 4719 1182 10
4721 1183 4873 1182 10
4873 4721 4719 4874 10
4722 4874 4720 4719 10
4722 4721 4874 4719 10
4874 4722 4720 2517 10
2441 2517 2440 4720 10
2441 4722 2517 4720 10
1183 1259 1186 4873 10
4873 4721 4727 1183 10
4873 1183 4727 1186 10
4721 4873 4727 4874 10
4874 4722 4728 4721 10
4874 4721 4728 4727 10
4722 4874 4728 2517 10
2517 2441 2444 4722 10
2517 4722 2444 4728 10
1155 1184 1172 4723 10
4723 4665 4699 1155 10
4723 1155 4699 1172 10
4665 4723 4699 4724 10
4724 4666 4700 4665 10
4724 4665 4700 4699 10
4666 4724 4700 2442 10
2442 2413 2430 4666 10
2442 4666 2430 4700 10
1184 1155 1258 4871 10
4665 4723 4871 1155 10
1155 1184 4723 4871 10
4723 4665 4871 4872 10
4666 4724 4872 4665 10
4665 4723 4724 4872 10
4724 4666 4872 2516 10
2413 2442 2516 4666 10
4666 4724 2442 2516 10
1184 1257 1172 4869 10
4869 4723 4699 1172 10
4869 1184 4723 1172 10
4723 4869 4699 4870 10
4870 4724 4700 4699 10
4870 4723 4724 4699 10
4724 4870 4700 2515 10
2515 2442 2430 4700 10
2515 4724 2442 4700 10
1056 1186 1185 4727 10
4727 4467 4725 1056 10
4727 1056 4725 1185 10
4467 4727 4725 4728 10
4728 4468 4726 4467 10
4728 4467 4726 4725 10
4468 4728 4726 2444 10
2444 2314 2443 4468 10
2444 4468 2443 4726 10
1186 1056 1183 4727 10
4467 4727 4721 1056 10
1056 1183 4727 4721 10
4727 4467 4721 4728 10
4468 4728 4722 4467 10
4467 4721 4728 4722 10
4728 4468 4722 2444 10
2314 2444 2441 4468 10
4468 4722 2444 2441 10
1246 1150 1235 4847 10
4655 4847 4825 1150 10
1150 1235 4847 4825 10
4847 4655 4825 4848 10
4656 4848 4826 4655 10
4655 4825 4848 4826 10
4848 4656 4826 2504 10
2408 2504 2493 4656 10
4656 4826 2504 2493 10
1217 1164 1187 4789 10
4683 4789 4729 1164 10
1164 1187 4789 4729 10
4789 4683 4729 4790 10
4684 4790 4730 4683 10
4683 4729 4790 4730 10
4790 4684 4730 2475 10
2422 2475 2445 4684 10
4684 4730 2475 2445 10
1261 1187 1186 4877 10
4729 4877 4727 1186 10
4729 1187 4877 1186 10
4877 4729 4727 4878 10
4730 4878 4728 4727 10
4730 4729 4878 4727 10
4878 4730 4728 2519 10
2445 2519 2444 4728 10
2445 4730 2519 4728 10
1200 1203 1220 4795 10
4761 4755 4795 1200 10
4761 1200 4795 1203 10
4755 4761 4795 4796 10
4762 4756 4796 4755 10
4762 4755 4796 4761 10
4756 4762 4796 2478 10
2461 2458 2478 4756 10
2461 4756 2478 4762 10
1182 1188 1259 4873 10
4731 4719 4873 1182 10
4731 1182 4873 1188 10
4719 4731 4873 4874 10
4732 4720 4874 4719 10
4732 4719 4874 4731 10
4720 4732 4874 2517 10
2446 2440 2517 4720 10
2446 4720 2517 4732 10
1205 1193 1259 4873 10
4741 4765 4873 1193 10
1193 1205 4765 4873 10
4765 4741 4873 4874 10
4742 4766 4874 4741 10
4741 4765 4766 4874 10
4766 4742 4874 2517 10
2451 2463 2517 4742 10
4742 4766 2463 2517 10
1260 1189 1190 4875 10
4733 4875 4735 1189 10
1189 1190 4875 4735 10
4875 4733 4735 4876 10
4734 4876 4736 4733 10
4733 4735 4876 4736 10
4876 4734 4736 2518 10
2447 2518 2448 4734 10
4734 4736 2518 2448 10
1172 1189 1148 4733 10
4733 4699 4651 1148 10
4733 1172 4699 1148 10
4699 4733 4651 4734 10
4734 4700 4652 4651 10
4734 4699 4700 4651 10
4700 4734 4652 2447 10
2447 2430 2406 4652 10
2447 4700 2430 4652 10
1189 1172 1190 4735 10
4699 4733 4735 1172 10
1172 1189 4733 4735 10
4733 4699 4735 4736 10
4700 4734 4736 4699 10
4699 4733 4734 4736 10
4734 4700 4736 2448 10
2430 2447 2448 4700 10
4700 4734 2447 2448 10
1198 1220 1203 4795 10
4795 4751 4761 1198 10
4795 1198 4761 1203 10
4751 4795 4761 4796 10
4796 4752 4762 4751 10
4796 4751 4762 4761 10
4752 4796 4762 2478 10
2478 2456 2461 4752 10
2478 4752 2461 4762 10
1188 1205 1259 4873 10
4765 4731 4873 1188 10
4765 1188 4873 1205 10
4731 4765 4873 4874 10
4766 4732 4874 4731 10
4766 4731 4874 4765 10
4732 4766 4874 2517 10
2463 2446 2517 4732 10
2463 4732 2517 4766 10
1192 1191 1193 4741 10
4737 4739 4741 1191 10
1191 1192 4739 4741 10
4739 4737 4741 4742 10
4738 4740 4742 4737 10
4737 4739 4740 4742 10
4740 4738 4742 2451 10
2449 2450 2451 4738 10
4738 4740 2450 2451 10
1193 1205 1192 4765 10
4765 4741 4739 1192 10
4765 1193 4741 1192 10
4741 4765 4739 4766 10
4766 4742 4740 4739 10
4766 4741 4742 4739 10
4742 4766 4740 2463 10
2463 2451 2450 4740 10
2463 4742 2451 4740 10
1197 1201 1194 4757 10
4757 4749 4743 1194 10
4757 1197 4749 1194 10
4749 4757 4743 4758 10
4758 4750 4744 4743 10
4758 4749 4750 4743 10
4750 4758 4744 2459 10
2459 2455 2452 4744 10
2459 4750 2455 4744 10
1200 1194 1201 4757 10
4743 4755 4757 1194 10
1194 1200 4755 4757 10
4755 4743 4757 4758 10
4744 4756 4758 4743 10
4743 4755 4756 4758 10
4756 4744 4758 2459 10
2452 2458 2459 4744 10
4744 4756 2458 2459 10
1201 1195 1196 4757 10
4745 4757 4747 1195 10
1195 1196 4757 4747 10
4757 4745 4747 4758 10
4746 4758 4748 4745 10
4745 4747 4758 4748 10
4758 4746 4748 2459 10
2453 2459 2454 4746 10
4746 4748 2459 2454 10
1197 1149 1201 4757 10
4653 4749 4757 1149 10
1149 1197 4749 4757 10
4749 4653 4757 4758 10
4654 4750 4758 4653 10
4653 4749 4750 4758 10
4750 4654 4758 2459 10
2407 2455 2459 4654 10
4654 4750 2455 2459 10
1195 1201 1149 4757 10
4757 4745 4653 1149 10
4757 1195 4745 1149 10
4745 4757 4653 4758 10
4758 4746 4654 4653 10
4758 4745 4746 4653 10
4746 4758 4654 2459 10
2459 2453 2407 4654 10
2459 4746 2453 4654 10
1220 1188 1182 4795 10
4731 4795 4719 1182 10
4731 1188 4795 1182 10
4795 4731 4719 4796 10
4732 4796 4720 4719 10
4732 4731 4796 4719 10
4796 4732 4720 2478 10
2446 2478 2440 4720 10
2446 4732 2478 4720 10
1220 1198 1188 4795 10
4751 4795 4731 1188 10
4751 1198 4795 1188 10
4795 4751 4731 4796 10
4752 4796 4732 4731 10
4752 4751 4796 4731 10
4796 4752 4732 2478 10
2456 2478 2446 4732 10
2456 4752 2478 4732 10
1198 1206 1188 4767 10
4767 4751 4731 1188 10
4767 1198 4751 1188 10
4751 4767 4731 4768 10
4768 4752 4732 4731 10
4768 4751 4752 4731 10
4752 4768 4732 2464 10
2464 2456 2446 4732 10
2464 4752 2456 4732 10
1211 1213 1238 4831 10
4781 4777 4831 1211 10
4781 1211 4831 1213 10
4777 4781 4831 4832 10
4782 4778 4832 4777 10
4782 4777 4832 4781 10
4778 4782 4832 2496 10
2471 2469 2496 4778 10
2471 4778 2496 4782 10
1199 1201 1196 4757 10
4757 4753 4747 1196 10
4757 1199 4753 1196 10
4753 4757 4747 4758 10
4758 4754 4748 4747 10
4758 4753 4754 4747 10
4754 4758 4748 2459 10
2459 2457 2454 4748 10
2459 4754 2457 4748 10
1199 1203 1200 4761 10
4761 4753 4755 1199 10
4761 1199 4755 1200 10
4753 4761 4755 4762 10
4762 4754 4756 4753 10
4762 4753 4756 4755 10
4754 4762 4756 2461 10
2461 2457 2458 4754 10
2461 4754 2458 4756 10
1203 1199 1196 4761 10
4753 4761 4747 1196 10
4753 1199 4761 1196 10
4761 4753 4747 4762 10
4754 4762 4748 4747 10
4754 4753 4762 4747 10
4762 4754 4748 2461 10
2457 2461 2454 4748 10
2457 4754 2461 4748 10
1201 1199 1200 4757 10
4753 4757 4755 1199 10
1199 1200 4757 4755 10
4757 4753 4755 4758 10
4754 4758 4756 4753 10
4753 4755 4758 4756 10
4758 4754 4756 2459 10
2457 2459 2458 4754 10
4754 4756 2459 2458 10
1202 1198 1203 4761 10
4751 4759 4761 1198 10
1198 1202 4759 4761 10
4759 4751 4761 4762 10
4752 4760 4762 4751 10
4751 4759 4760 4762 10
4760 4752 4762 2461 10
2456 2460 2461 4752 10
4752 4760 2460 2461 10
1206 1198 1202 4767 10
4751 4767 4759 1198 10
1198 1202 4767 4759 10
4767 4751 4759 4768 10
4752 4768 4760 4751 10
4751 4759 4768 4760 10
4768 4752 4760 2464 10
2456 2464 2460 4752 10
4752 4760 2464 2460 10
1202 1204 1161 4763 10
4763 4759 4677 1161 10
4763 1202 4759 1161 10
4759 4763 4677 4764 10
4764 4760 4678 4677 10
4764 4759 4760 4677 10
4760 4764 4678 2462 10
2462 2460 2419 4678 10
2462 4760 2460 4678 10
1204 1202 1196 4763 10
4759 4763 4747 1196 10
4759 1202 4763 1196 10
4763 4759 4747 4764 10
4760 4764 4748 4747 10
4760 4759 4764 4747 10
4764 4760 4748 2462 10
2460 2462 2454 4748 10
2460 4760 2462 4748 10
1202 1203 1196 4761 10
4761 4759 4747 1196 10
4761 1202 4759 1196 10
4759 4761 4747 4762 10
4762 4760 4748 4747 10
4762 4759 4760 4747 10
4760 4762 4748 2461 10
2461 2460 2454 4748 10
2461 4760 2460 4748 10
1211 1238 1214 4831 10
4831 4777 4783 1211 10
4831 1211 4783 1214 10
4777 4831 4783 4832 10
4832 4778 4784 4777 10
4832 4777 4784 4783 10
4778 4832 4784 2496 10
2496 2469 2472 4778 10
2496 4778 2472 4784 10
1208 1205 1206 4771 10
4765 4771 4767 1205 10
1205 1206 4771 4767 10
4771 4765 4767 4772 10
4766 4772 4768 4765 10
4765 4767 4772 4768 10
4772 4766 4768 2466 10
2463 2466 2464 4766 10
4766 4768 2466 2464 10
1205 1208 1192 4771 10
4771 4765 4739 1192 10
4771 1205 4765 1192 10
4765 4771 4739 4772 10
4772 4766 4740 4739 10
4772 4765 4766 4739 10
4766 4772 4740 2466 10
2466 2463 2450 4740 10
2466 4766 2463 4740 10
1205 1188 1206 4767 10
4731 4765 4767 1188 10
1188 1205 4765 4767 10
4765 4731 4767 4768 10
4732 4766 4768 4731 10
4731 4765 4766 4768 10
4766 4732 4768 2464 10
2446 2463 2464 4732 10
4732 4766 2463 2464 10
1217 1213 1216 4789 10
4781 4789 4787 1213 10
1213 1216 4789 4787 10
4789 4781 4787 4790 10
4782 4790 4788 4781 10
4781 4787 4790 4788 10
4790 4782 4788 2475 10
2471 2475 2474 4782 10
4782 4788 2475 2474 10
1208 846 849 4771 10
4047 4771 4053 846 10
846 849 4771 4053 10
4771 4047 4053 4772 10
4048 4772 4054 4047 10
4047 4053 4772 4054 10
4772 4048 4054 2466 10
2104 2466 2107 4048 10
4048 4054 2466 2107 10
849 1192 1208 4771 10
4739 4053 4771 849 10
4739 849 4771 1192 10
4053 4739 4771 4772 10
4740 4054 4772 4053 10
4740 4053 4772 4739 10
4054 4740 4772 2466 10
2450 2107 2466 4054 10
2450 4054 2466 4740 10
846 1207 813 4769 10
4769 4047 3981 813 10
4769 846 4047 813 10
4047 4769 3981 4770 10
4770 4048 3982 3981 10
4770 4047 4048 3981 10
4048 4770 3982 2465 10
2465 2104 2071 3982 10
2465 4048 2104 3982 10
1207 1208 1206 4771 10
4771 4769 4767 1206 10
4771 1207 4769 1206 10
4769 4771 4767 4772 10
4772 4770 4768 4767 10
4772 4769 4770 4767 10
4770 4772 4768 2466 10
2466 2465 2464 4768 10
2466 4770 2465 4768 10
1207 846 1208 4771 10
4047 4769 4771 846 10
846 1207 4769 4771 10
4769 4047 4771 4772 10
4048 4770 4772 4047 10
4047 4769 4770 4772 10
4770 4048 4772 2466 10
2104 2465 2466 4048 10
4048 4770 2465 2466 10
1161 1209 1202 4773 10
4773 4677 4759 1161 10
4773 1161 4759 1202 10
4677 4773 4759 4774 10
4774 4678 4760 4677 10
4774 4677 4760 4759 10
4678 4774 4760 2467 10
2467 2419 2460 4678 10
2467 4678 2460 4760 10
1206 1209 1207 4773 10
4773 4767 4769 1206 10
4773 1206 4769 1207 10
4767 4773 4769 4774 10
4774 4768 4770 4767 10
4774 4767 4770 4769 10
4768 4774 4770 2467 10
2467 2464 2465 4768 10
2467 4768 2465 4770 10
1209 1206 1202 4773 10
4767 4773 4759 1202 10
4767 1206 4773 1202 10
4773 4767 4759 4774 10
4768 4774 4760 4759 10
4768 4767 4774 4759 10
4774 4768 4760 2467 10
2464 2467 2460 4760 10
2464 4768 2467 4760 10
1209 1161 1207 4773 10
4677 4773 4769 1161 10
1161 1207 4773 4769 10
4773 4677 4769 4774 10
4678 4774 4770 4677 10
4677 4769 4774 4770 10
4774 4678 4770 2467 10
2419 2467 2465 4678 10
4678 4770 2467 2465 10
1211 1210 1213 4781 10
4775 4777 4781 1210 10
1210 1211 4777 4781 10
4777 4775 4781 4782 10
4776 4778 4782 4775 10
4775 4777 4778 4782 10
4778 4776 4782 2471 10
2468 2469 2471 4776 10
4776 4778 2469 2471 10
1210 1216 1213 4787 10
4787 4775 4781 1210 10
4787 1210 4781 1213 10
4775 4787 4781 4788 10
4788 4776 4782 4775 10
4788 4775 4782 4781 10
4776 4788 4782 2474 10
2474 2468 2471 4776 10
2474 4776 2471 4782 10
1212 807 1162 4779 10
3969 4779 4679 807 10
807 1162 4779 4679 10
4779 3969 4679 4780 10
3970 4780 4680 3969 10
3969 4679 4780 4680 10
4780 3970 4680 2470 10
2065 2470 2420 3970 10
3970 4680 2470 2420 10
1241 1217 1187 4837 10
4789 4837 4729 1187 10
4789 1217 4837 1187 10
4837 4789 4729 4838 10
4790 4838 4730 4729 10
4790 4789 4838 4729 10
4838 4790 4730 2499 10
2475 2499 2445 4730 10
2475 4790 2499 4730 10
1217 1241 1213 4837 10
4837 4789 4781 1213 10
4837 1217 4789 1213 10
4789 4837 4781 4838 10
4838 4790 4782 4781 10
4838 4789 4790 4781 10
4790 4838 4782 2499 10
2499 2475 2471 4782 10
2499 4790 2475 4782 10
1256 849 1255 4867 10
4053 4867 4865 849 10
849 1255 4867 4865 10
4867 4053 4865 4868 10
4054 4868 4866 4053 10
4053 4865 4868 4866 10
4868 4054 4866 2514 10
2107 2514 2513 4054 10
4054 4866 2514 2513 10
1256 1191 1192 4867 10
4737 4867 4739 1191 10
1191 1192 4867 4739 10
4867 4737 4739 4868 10
4738 4868 4740 4737 10
4737 4739 4868 4740 10
4868 4738 4740 2514 10
2449 2514 2450 4738 10
4738 4740 2514 2450 10
849 1256 1192 4867 10
4867 4053 4739 849 10
4867 849 4739 1192 10
4053 4867 4739 4868 10
4868 4054 4740 4053 10
4868 4053 4740 4739 10
4054 4868 4740 2514 10
2514 2107 2450 4054 10
2514 4054 2450 4740 10
824 1215 823 4785 10
4785 4003 4001 823 10
4785 824 4003 823 10
4003 4785 4001 4786 10
4786 4004 4002 4001 10
4786 4003 4004 4001 10
4004 4786 4002 2473 10
2473 2082 2081 4002 10
2473 4004 2082 4002 10
1215 1214 823 4785 10
4783 4785 4001 823 10
4783 1214 4785 823 10
4785 4783 4001 4786 10
4784 4786 4002 4001 10
4784 4783 4786 4001 10
4786 4784 4002 2473 10
2472 2473 2081 4002 10
2472 4784 2473 4002 10
1127 1216 1160 4787 10
4787 4609 4675 1127 10
4787 1127 4675 1160 10
4609 4787 4675 4788 10
4788 4610 4676 4609 10
4788 4609 4676 4675 10
4610 4788 4676 2474 10
2474 2385 2418 4610 10
2474 4610 2418 4676 10
1216 1127 1217 4789 10
4609 4787 4789 1127 10
1127 1216 4787 4789 10
4787 4609 4789 4790 10
4610 4788 4790 4609 10
4609 4787 4788 4790 10
4788 4610 4790 2475 10
2385 2474 2475 4610 10
4610 4788 2474 2475 10
1210 1218 1216 4791 10
4791 4775 4787 1210 10
4791 1210 4787 1216 10
4775 4791 4787 4792 10
4792 4776 4788 4775 10
4792 4775 4788 4787 10
4776 4792 4788 2476 10
2476 2468 2474 4776 10
2476 4776 2474 4788 10
1219 1218 1210 4793 10
4791 4793 4775 1210 10
4791 1218 4793 1210 10
4793 4791 4775 4794 10
4792 4794 4776 4775 10
4792 4791 4794 4775 10
4794 4792 4776 2477 10
2476 2477 2468 4776 10
2476 4792 2477 4776 10
1211 1214 1226 4807 10
4783 4777 4807 1211 10
4783 1211 4807 1214 10
4777 4783 4807 4808 10
4784 4778 4808 4777 10
4784 4777 4808 4783 10
4778 4784 4808 2484 10
2472 2469 2484 4778 10
2472 4778 2484 4784 10
1214 1215 1226 4807 10
4785 4783 4807 1214 10
4785 1214 4807 1215 10
4783 4785 4807 4808 10
4786 4784 4808 4783 10
4786 4783 4808 4785 10
4784 4786 4808 2484 10
2473 2472 2484 4784 10
2473 4784 2484 4786 10
1220 1058 1200 4795 10
4471 4795 4755 1058 10
1058 1200 4795 4755 10
4795 4471 4755 4796 10
4472 4796 4756 4471 10
4471 4755 4796 4756 10
4796 4472 4756 2478 10
2316 2478 2458 4472 10
4472 4756 2478 2458 10
1058 1220 1179 4795 10
4795 4471 4713 1058 10
4795 1058 4713 1179 10
4471 4795 4713 4796 10
4796 4472 4714 4471 10
4796 4471 4714 4713 10
4472 4796 4714 2478 10
2478 2316 2437 4472 10
2478 4472 2437 4714 10
1221 1135 1218 4797 10
4625 4797 4791 1135 10
1135 1218 4797 4791 10
4797 4625 4791 4798 10
4626 4798 4792 4625 10
4625 4791 4798 4792 10
4798 4626 4792 2479 10
2393 2479 2476 4626 10
4626 4792 2479 2476 10
1219 1221 1218 4797 10
4797 4793 4791 1218 10
4797 1219 4793 1218 10
4793 4797 4791 4798 10
4798 4794 4792 4791 10
4798 4793 4794 4791 10
4794 4798 4792 2479 10
2479 2477 2476 4792 10
2479 4794 2477 4792 10
1243 1242 823 4841 10
4839 4841 4001 823 10
4839 1242 4841 823 10
4841 4839 4001 4842 10
4840 4842 4002 4001 10
4840 4839 4842 4001 10
4842 4840 4002 2501 10
2500 2501 2081 4002 10
2500 4840 2501 4002 10
1214 1243 823 4841 10
4841 4783 4001 823 10
4841 1214 4783 823 10
4783 4841 4001 4842 10
4842 4784 4002 4001 10
4842 4783 4784 4001 10
4784 4842 4002 2501 10
2501 2472 2081 4002 10
2501 4784 2472 4002 10
1221 1136 1135 4797 10
4627 4797 4625 1135 10
4627 1136 4797 1135 10
4797 4627 4625 4798 10
4628 4798 4626 4625 10
4628 4627 4798 4625 10
4798 4628 4626 2479 10
2394 2479 2393 4626 10
2394 4628 2479 4626 10
1136 1221 1222 4799 10
4797 4627 4799 1136 10
4797 1136 4799 1221 10
4627 4797 4799 4800 10
4798 4628 4800 4627 10
4798 4627 4800 4797 10
4628 4798 4800 2480 10
2479 2394 2480 4628 10
2479 4628 2480 4798 10
1219 1224 1221 4803 10
4803 4793 4797 1219 10
4803 1219 4797 1221 10
4793 4803 4797 4804 10
4804 4794 4798 4793 10
4804 4793 4798 4797 10
4794 4804 4798 2482 10
2482 2477 2479 4794 10
2482 4794 2479 4798 10
1224 1222 1221 4803 10
4799 4803 4797 1221 10
4799 1222 4803 1221 10
4803 4799 4797 4804 10
4800 4804 4798 4797 10
4800 4799 4804 4797 10
4804 4800 4798 2482 10
2480 2482 2479 4798 10
2480 4800 2482 4798 10
1211 1223 1210 4801 10
4801 4777 4775 1210 10
4801 1211 4777 1210 10
4777 4801 4775 4802 10
4802 4778 4776 4775 10
4802 4777 4778 4775 10
4778 4802 4776 2481 10
2481 2469 2468 4776 10
2481 4778 2469 4776 10
1223 1211 1226 4807 10
4777 4801 4807 1211 10
1211 1223 4801 4807 10
4801 4777 4807 4808 10
4778 4802 4808 4777 10
4777 4801 4802 4808 10
4802 4778 4808 2484 10
2469 2481 2484 4778 10
4778 4802 2481 2484 10
1223 1219 1210 4801 10
4793 4801 4775 1210 10
4793 1219 4801 1210 10
4801 4793 4775 4802 10
4794 4802 4776 4775 10
4794 4793 4802 4775 10
4802 4794 4776 2481 10
2477 2481 2468 4776 10
2477 4794 2481 4776 10
1222 1224 1225 4805 10
4803 4799 4805 1222 10
4803 1222 4805 1224 10
4799 4803 4805 4806 10
4804 4800 4806 4799 10
4804 4799 4806 4803 10
4800 4804 4806 2483 10
2482 2480 2483 4800 10
2482 4800 2483 4804 10
1224 1219 1223 4803 10
4793 4803 4801 1219 10
1219 1223 4803 4801 10
4803 4793 4801 4804 10
4794 4804 4802 4793 10
4793 4801 4804 4802 10
4804 4794 4802 2482 10
2477 2482 2481 4794 10
4794 4802 2482 2481 10
1224 1245 1225 4845 10
4845 4803 4805 1224 10
4845 1224 4805 1225 10
4803 4845 4805 4846 10
4846 4804 4806 4803 10
4846 4803 4806 4805 10
4804 4846 4806 2503 10
2503 2482 2483 4804 10
2503 4804 2483 4806 10
1223 1226 1245 4845 10
4807 4801 4845 1223 10
4807 1223 4845 1226 10
4801 4807 4845 4846 10
4808 4802 4846 4801 10
4808 4801 4846 4807 10
4802 4808 4846 2503 10
2484 2481 2503 4802 10
2484 4802 2503 4808 10
1224 1223 1245 4845 10
4801 4803 4845 1223 10
1223 1224 4803 4845 10
4803 4801 4845 4846 10
4802 4804 4846 4801 10
4801 4803 4804 4846 10
4804 4802 4846 2503 10
2481 2482 2503 4802 10
4802 4804 2482 2503 10
1238 1243 1214 4841 10
4841 4831 4783 1214 10
4841 1238 4831 1214 10
4831 4841 4783 4842 10
4842 4832 4784 4783 10
4842 4831 4832 4783 10
4832 4842 4784 2501 10
2501 2496 2472 4784 10
2501 4832 2496 4784 10
1243 1238 1237 4841 10
4831 4841 4829 1237 10
4831 1238 4841 1237 10
4841 4831 4829 4842 10
4832 4842 4830 4829 10
4832 4831 4842 4829 10
4842 4832 4830 2501 10
2496 2501 2495 4830 10
2496 4832 2501 4830 10
1226 1215 1245 4845 10
4785 4807 4845 1215 10
1215 1226 4807 4845 10
4807 4785 4845 4846 10
4786 4808 4846 4785 10
4785 4807 4808 4846 10
4808 4786 4846 2503 10
2473 2484 2503 4786 10
4786 4808 2484 2503 10
1266 1227 1228 4887 10
4809 4887 4811 1227 10
1227 1228 4887 4811 10
4887 4809 4811 4888 10
4810 4888 4812 4809 10
4809 4811 4888 4812 10
4888 4810 4812 2524 10
2485 2524 2486 4810 10
4810 4812 2524 2486 10
1266 1248 1227 4887 10
4851 4887 4809 1227 10
4851 1248 4887 1227 10
4887 4851 4809 4888 10
4852 4888 4810 4809 10
4852 4851 4888 4809 10
4888 4852 4810 2524 10
2506 2524 2485 4810 10
2506 4852 2524 4810 10
1244 1229 1230 4843 10
4813 4843 4815 1229 10
1229 1230 4843 4815 10
4843 4813 4815 4844 10
4814 4844 4816 4813 10
4813 4815 4844 4816 10
4844 4814 4816 2502 10
2487 2502 2488 4814 10
4814 4816 2502 2488 10
1175 1244 1230 4843 10
4843 4705 4815 1175 10
4843 1175 4815 1230 10
4705 4843 4815 4844 10
4844 4706 4816 4705 10
4844 4705 4816 4815 10
4706 4844 4816 2502 10
2502 2433 2488 4706 10
2502 4706 2488 4816 10
1265 1167 808 4885 10
4689 4885 3971 808 10
4689 1167 4885 808 10
4885 4689 3971 4886 10
4690 4886 3972 3971 10
4690 4689 4886 3971 10
4886 4690 3972 2523 10
2425 2523 2066 3972 10
2425 4690 2523 3972 10
1265 1266 1228 4887 10
4887 4885 4811 1228 10
4887 1265 4885 1228 10
4885 4887 4811 4888 10
4888 4886 4812 4811 10
4888 4885 4886 4811 10
4886 4888 4812 2524 10
2524 2523 2486 4812 10
2524 4886 2523 4812 10
1167 1265 1228 4885 10
4885 4689 4811 1167 10
4885 1167 4811 1228 10
4689 4885 4811 4886 10
4886 4690 4812 4689 10
4886 4689 4812 4811 10
4690 4886 4812 2523 10
2523 2425 2486 4690 10
2523 4690 2486 4812 10
1232 1231 1249 4853 10
4817 4819 4853 1231 10
1231 1232 4819 4853 10
4819 4817 4853 4854 10
4818 4820 4854 4817 10
4817 4819 4820 4854 10
4820 4818 4854 2507 10
2489 2490 2507 4818 10
4818 4820 2490 2507 10
1234 685 1233 4823 10
3725 4823 4821 685 10
685 1233 4823 4821 10
4823 3725 4821 4824 10
3726 4824 4822 3725 10
3725 4821 4824 4822 10
4824 3726 4822 2492 10
1943 2492 2491 3726 10
3726 4822 2492 2491 10
1253 1234 1233 4861 10
4823 4861 4821 1233 10
4823 1234 4861 1233 10
4861 4823 4821 4862 10
4824 4862 4822 4821 10
4824 4823 4862 4821 10
4862 4824 4822 2511 10
2492 2511 2491 4822 10
2492 4824 2511 4822 10
685 1234 1146 4823 10
4823 3725 4647 685 10
4823 685 4647 1146 10
3725 4823 4647 4824 10
4824 3726 4648 3725 10
4824 3725 4648 4647 10
3726 4824 4648 2492 10
2492 1943 2404 3726 10
2492 3726 2404 4648 10
1236 1235 30 4827 10
4825 4827 1317 30 10
4825 1235 4827 30 10
4827 4825 1317 4828 10
4826 4828 1318 1317 10
4826 4825 4828 1317 10
4828 4826 1318 2494 10
2493 2494 68 1318 10
2493 4826 2494 1318 10
1236 29 1247 4849 10
1315 4827 4849 29 10
29 1236 4827 4849 10
4827 1315 4849 4850 10
1316 4828 4850 1315 10
1315 4827 4828 4850 10
4828 1316 4850 2505 10
67 2494 2505 1316 10
1316 4828 2494 2505 10
29 1236 30 4827 10
4827 1315 1317 29 10
4827 29 1317 30 10
1315 4827 1317 4828 10
4828 1316 1318 1315 10
4828 1315 1318 1317 10
1316 4828 1318 2494 10
2494 67 68 1316 10
2494 1316 68 1318 10
1238 1239 1237 4833 10
4833 4831 4829 1237 10
4833 1238 4831 1237 10
4831 4833 4829 4834 10
4834 4832 4830 4829 10
4834 4831 4832 4829 10
4832 4834 4830 2497 10
2497 2496 2495 4830 10
2497 4832 2496 4830 10
1239 1238 1213 4833 10
4831 4833 4781 1213 10
4831 1238 4833 1213 10
4833 4831 4781 4834 10
4832 4834 4782 4781 10
4832 4831 4834 4781 10
4834 4832 4782 2497 10
2496 2497 2471 4782 10
2496 4832 2497 4782 10
1239 1241 1240 4837 10
4837 4833 4835 1239 10
4837 1239 4835 1240 10
4833 4837 4835 4838 10
4838 4834 4836 4833 10
4838 4833 4836 4835 10
4834 4838 4836 2499 10
2499 2497 2498 4834 10
2499 4834 2498 4836 10
1213 1241 1239 4837 10
4837 4781 4833 1213 10
4837 1213 4833 1239 10
4781 4837 4833 4838 10
4838 4782 4834 4781 10
4838 4781 4834 4833 10
4782 4838 4834 2499 10
2499 2471 2497 4782 10
2499 4782 2497 4834 10
1248 1232 1249 4853 10
4819 4851 4853 1232 10
1232 1248 4851 4853 10
4851 4819 4853 4854 10
4820 4852 4854 4819 10
4819 4851 4852 4854 10
4852 4820 4854 2507 10
2490 2506 2507 4820 10
4820 4852 2506 2507 10
1248 1266 1232 4887 10
4887 4851 4819 1232 10
4887 1248 4851 1232 10
4851 4887 4819 4888 10
4888 4852 4820 4819 10
4888 4851 4852 4819 10
4852 4888 4820 2524 10
2524 2506 2490 4820 10
2524 4852 2506 4820 10
1242 1237 817 4839 10
4829 4839 3989 817 10
4829 1237 4839 817 10
4839 4829 3989 4840 10
4830 4840 3990 3989 10
4830 4829 4840 3989 10
4840 4830 3990 2500 10
2495 2500 2075 3990 10
2495 4830 2500 3990 10
1237 1242 1243 4841 10
4839 4829 4841 1237 10
4839 1237 4841 1242 10
4829 4839 4841 4842 10
4840 4830 4842 4829 10
4840 4829 4842 4839 10
4830 4840 4842 2501 10
2500 2495 2501 4830 10
2500 4830 2501 4840 10
1231 1212 1204 4817 10
4779 4817 4763 1204 10
4779 1212 4817 1204 10
4817 4779 4763 4818 10
4780 4818 4764 4763 10
4780 4779 4818 4763 10
4818 4780 4764 2489 10
2470 2489 2462 4764 10
2470 4780 2489 4764 10
1231 1232 1212 4819 10
4819 4817 4779 1212 10
4819 1231 4817 1212 10
4817 4819 4779 4820 10
4820 4818 4780 4779 10
4820 4817 4818 4779 10
4818 4820 4780 2490 10
2490 2489 2470 4780 10
2490 4818 2489 4780 10
1244 824 1229 4843 10
4003 4843 4813 824 10
824 1229 4843 4813 10
4843 4003 4813 4844 10
4004 4844 4814 4003 10
4003 4813 4844 4814 10
4844 4004 4814 2502 10
2082 2502 2487 4004 10
4004 4814 2502 2487 10
1244 1245 1215 4845 10
4845 4843 4785 1215 10
4845 1244 4843 1215 10
4843 4845 4785 4846 10
4846 4844 4786 4785 10
4846 4843 4844 4785 10
4844 4846 4786 2503 10
2503 2502 2473 4786 10
2503 4844 2502 4786 10
1245 1244 1175 4845 10
4843 4845 4705 1175 10
4843 1244 4845 1175 10
4845 4843 4705 4846 10
4844 4846 4706 4705 10
4844 4843 4846 4705 10
4846 4844 4706 2503 10
2502 2503 2433 4706 10
2502 4844 2503 4706 10
1215 824 1244 4843 10
4003 4785 4843 824 10
824 1215 4785 4843 10
4785 4003 4843 4844 10
4004 4786 4844 4003 10
4003 4785 4786 4844 10
4786 4004 4844 2502 10
2082 2473 2502 4004 10
4004 4786 2473 2502 10
1248 1246 1247 4851 10
4847 4851 4849 1246 10
1246 1247 4851 4849 10
4851 4847 4849 4852 10
4848 4852 4850 4847 10
4847 4849 4852 4850 10
4852 4848 4850 2506 10
2504 2506 2505 4848 10
4848 4850 2506 2505 10
1176 1248 1247 4851 10
4851 4707 4849 1176 10
4851 1176 4849 1247 10
4707 4851 4849 4852 10
4852 4708 4850 4707 10
4852 4707 4850 4849 10
4708 4852 4850 2506 10
2506 2434 2505 4708 10
2506 4708 2505 4850 10
1248 1250 1246 4855 10
4855 4851 4847 1246 10
4855 1248 4851 1246 10
4851 4855 4847 4856 10
4856 4852 4848 4847 10
4856 4851 4852 4847 10
4852 4856 4848 2508 10
2508 2506 2504 4848 10
2508 4852 2506 4848 10
1248 1249 1250 4855 10
4853 4851 4855 1248 10
4853 1248 4855 1249 10
4851 4853 4855 4856 10
4854 4852 4856 4851 10
4854 4851 4856 4853 10
4852 4854 4856 2508 10
2507 2506 2508 4852 10
2507 4852 2508 4854 10
1251 1166 1252 4859 10
4687 4857 4859 1166 10
1166 1251 4857 4859 10
4857 4687 4859 4860 10
4688 4858 4860 4687 10
4687 4857 4858 4860 10
4858 4688 4860 2510 10
2424 2509 2510 4688 10
4688 4858 2509 2510 10
1165 1166 1251 4857 10
4687 4685 4857 1165 10
4687 1165 4857 1166 10
4685 4687 4857 4858 10
4688 4686 4858 4685 10
4688 4685 4858 4687 10
4686 4688 4858 2509 10
2424 2423 2509 4686 10
2424 4686 2509 4688 10
1254 1234 1253 4863 10
4823 4863 4861 1234 10
1234 1253 4863 4861 10
4863 4823 4861 4864 10
4824 4864 4862 4823 10
4823 4861 4864 4862 10
4864 4824 4862 2512 10
2492 2512 2511 4824 10
4824 4862 2512 2511 10
1254 1146 1234 4863 10
4647 4863 4823 1146 10
1146 1234 4863 4823 10
4863 4647 4823 4864 10
4648 4864 4824 4647 10
4647 4823 4864 4824 10
4864 4648 4824 2512 10
2404 2512 2492 4648 10
4648 4824 2512 2492 10
1152 1254 1154 4863 10
4863 4659 4663 1152 10
4863 1152 4663 1154 10
4659 4863 4663 4864 10
4864 4660 4664 4659 10
4864 4659 4664 4663 10
4660 4864 4664 2512 10
2512 2410 2412 4660 10
2512 4660 2412 4664 10
1173 1254 1152 4863 10
4863 4701 4659 1152 10
4863 1173 4701 1152 10
4701 4863 4659 4864 10
4864 4702 4660 4659 10
4864 4701 4702 4659 10
4702 4864 4660 2512 10
2512 2431 2410 4660 10
2512 4702 2431 4660 10
1159 1256 1255 4867 10
4867 4673 4865 1159 10
4867 1159 4865 1255 10
4673 4867 4865 4868 10
4868 4674 4866 4673 10
4868 4673 4866 4865 10
4674 4868 4866 2514 10
2514 2417 2513 4674 10
2514 4674 2513 4866 10
1159 1191 1256 4867 10
4737 4673 4867 1159 10
4737 1159 4867 1191 10
4673 4737 4867 4868 10
4738 4674 4868 4673 10
4738 4673 4868 4737 10
4674 4738 4868 2514 10
2449 2417 2514 4674 10
2449 4674 2514 4738 10
1184 1181 1257 4869 10
4717 4723 4869 1181 10
1181 1184 4723 4869 10
4723 4717 4869 4870 10
4718 4724 4870 4717 10
4717 4723 4724 4870 10
4724 4718 4870 2515 10
2439 2442 2515 4718 10
4718 4724 2442 2515 10
1258 1181 1184 4871 10
4717 4871 4723 1181 10
1181 1184 4871 4723 10
4871 4717 4723 4872 10
4718 4872 4724 4717 10
4717 4723 4872 4724 10
4872 4718 4724 2516 10
2439 2516 2442 4718 10
4718 4724 2516 2442 10
1261 1259 1193 4877 10
4873 4877 4741 1193 10
4873 1259 4877 1193 10
4877 4873 4741 4878 10
4874 4878 4742 4741 10
4874 4873 4878 4741 10
4878 4874 4742 2519 10
2517 2519 2451 4742 10
2517 4874 2519 4742 10
1186 1259 1261 4877 10
4873 4727 4877 1186 10
4873 1186 4877 1259 10
4727 4873 4877 4878 10
4874 4728 4878 4727 10
4874 4727 4878 4873 10
4728 4874 4878 2519 10
2517 2444 2519 4728 10
2517 4728 2519 4874 10
1163 1212 1162 4779 10
4779 4681 4679 1162 10
4779 1163 4681 1162 10
4681 4779 4679 4780 10
4780 4682 4680 4679 10
4780 4681 4682 4679 10
4682 4780 4680 2470 10
2470 2421 2420 4680 10
2470 4682 2421 4680 10
1163 1204 1212 4779 10
4763 4681 4779 1163 10
4763 1163 4779 1204 10
4681 4763 4779 4780 10
4764 4682 4780 4681 10
4764 4681 4780 4763 10
4682 4764 4780 2470 10
2462 2421 2470 4682 10
2462 4682 2470 4764 10
1158 1189 1260 4875 10
4733 4671 4875 1158 10
4733 1158 4875 1189 10
4671 4733 4875 4876 10
4734 4672 4876 4671 10
4734 4671 4876 4733 10
4672 4734 4876 2518 10
2447 2416 2518 4672 10
2447 4672 2518 4734 10
1158 1148 1189 4733 10
4651 4671 4733 1148 10
1148 1158 4671 4733 10
4671 4651 4733 4734 10
4652 4672 4734 4651 10
4651 4671 4672 4734 10
4672 4652 4734 2447 10
2406 2416 2447 4652 10
4652 4672 2416 2447 10
1239 1174 1237 4833 10
4703 4833 4829 1174 10
1174 1237 4833 4829 10
4833 4703 4829 4834 10
4704 4834 4830 4703 10
4703 4829 4834 4830 10
4834 4704 4830 2497 10
2432 2497 2495 4704 10
4704 4830 2497 2495 10
1240 1174 1239 4835 10
4703 4835 4833 1174 10
1174 1239 4835 4833 10
4835 4703 4833 4836 10
4704 4836 4834 4703 10
4703 4833 4836 4834 10
4836 4704 4834 2498 10
2432 2498 2497 4704 10
4704 4834 2498 2497 10
1236 1246 1235 4847 10
4847 4827 4825 1235 10
4847 1236 4827 1235 10
4827 4847 4825 4848 10
4848 4828 4826 4825 10
4848 4827 4828 4825 10
4828 4848 4826 2504 10
2504 2494 2493 4826 10
2504 4828 2494 4826 10
1247 1246 1236 4849 10
4847 4849 4827 1236 10
4847 1246 4849 1236 10
4849 4847 4827 4850 10
4848 4850 4828 4827 10
4848 4847 4850 4827 10
4850 4848 4828 2505 10
2504 2505 2494 4828 10
2504 4848 2505 4828 10
1261 1241 1187 4877 10
4837 4877 4729 1187 10
4837 1241 4877 1187 10
4877 4837 4729 4878 10
4838 4878 4730 4729 10
4838 4837 4878 4729 10
4878 4838 4730 2519 10
2499 2519 2445 4730 10
2499 4838 2519 4730 10
1261 1240 1241 4877 10
4835 4877 4837 1240 10
1240 1241 4877 4837 10
4877 4835 4837 4878 10
4836 4878 4838 4835 10
4835 4837 4878 4838 10
4878 4836 4838 2519 10
2498 2519 2499 4836 10
4836 4838 2519 2499 10
1166 1263 802 4881 10
4881 4687 3959 802 10
4881 1166 4687 802 10
4687 4881 3959 4882 10
4882 4688 3960 3959 10
4882 4687 4688 3959 10
4688 4882 3960 2521 10
2521 2424 2060 3960 10
2521 4688 2424 3960 10
1263 1166 1260 4881 10
4687 4881 4875 1166 10
1166 1260 4881 4875 10
4881 4687 4875 4882 10
4688 4882 4876 4687 10
4687 4875 4882 4876 10
4882 4688 4876 2521 10
2424 2521 2518 4688 10
4688 4876 2521 2518 10
1266 1264 1232 4887 10
4883 4887 4819 1232 10
4883 1264 4887 1232 10
4887 4883 4819 4888 10
4884 4888 4820 4819 10
4884 4883 4888 4819 10
4888 4884 4820 2524 10
2522 2524 2490 4820 10
2522 4884 2524 4820 10
1264 1212 1232 4883 10
4779 4883 4819 1212 10
1212 1232 4883 4819 10
4883 4779 4819 4884 10
4780 4884 4820 4779 10
4779 4819 4884 4820 10
4884 4780 4820 2522 10
2470 2522 2490 4780 10
4780 4820 2522 2490 10
1263 1262 802 4881 10
4879 4881 3959 802 10
4879 1262 4881 802 10
4881 4879 3959 4882 10
4880 4882 3960 3959 10
4880 4879 4882 3959 10
4882 4880 3960 2521 10
2520 2521 2060 3960 10
2520 4880 2521 3960 10
1170 1262 1263 4881 10
4879 4695 4881 1170 10
4879 1170 4881 1262 10
4695 4879 4881 4882 10
4880 4696 4882 4695 10
4880 4695 4882 4879 10
4696 4880 4882 2521 10
2520 2428 2521 4696 10
2520 4696 2521 4880 10
1190 1263 1260 4881 10
4881 4735 4875 1190 10
4881 1190 4875 1260 10
4735 4881 4875 4882 10
4882 4736 4876 4735 10
4882 4735 4876 4875 10
4736 4882 4876 2521 10
2521 2448 2518 4736 10
2521 4736 2518 4876 10
1190 1170 1263 4881 10
4695 4735 4881 1170 10
1170 1190 4735 4881 10
4735 4695 4881 4882 10
4696 4736 4882 4695 10
4695 4735 4736 4882 10
4736 4696 4882 2521 10
2428 2448 2521 4696 10
4696 4736 2448 2521 10
807 1264 808 4883 10
4883 3969 3971 807 10
4883 807 3971 808 10
3969 4883 3971 4884 10
4884 3970 3972 3969 10
4884 3969 3972 3971 10
3970 4884 3972 2522 10
2522 2065 2066 3970 10
2522 3970 2066 3972 10
807 1212 1264 4883 10
4779 3969 4883 807 10
4779 807 4883 1212 10
3969 4779 4883 4884 10
4780 3970 4884 3969 10
4780 3969 4884 4779 10
3970 4780 4884 2522 10
2470 2065 2522 3970 10
2470 3970 2522 4780 10
1264 1265 808 4885 10
4885 4883 3971 808 10
4885 1264 4883 808 10
4883 4885 3971 4886 10
4886 4884 3972 3971 10
4886 4883 4884 3971 10
4884 4886 3972 2523 10
2523 2522 2066 3972 10
2523 4884 2522 3972 10
1266 1265 1264 4887 10
4885 4887 4883 1264 10
4885 1265 4887 1264 10
4887 4885 4883 4888 10
4886 4888 4884 4883 10
4886 4885 4888 4883 10
4888 4886 4884 2524 10
2523 2524 2522 4884 10
2523 4886 2524 4884 10
